trade_id,date,direction,qty,entry_time,exit_time,entry_px_raw,entry_px_net,exit_px_raw,exit_px_net,exit_reason,stop_px,r_early,r_od,notional_frac,pnl_ps,ret,bps,ret_on_equity,equity_after,risk_ps,r_mult,rules
LHM-2003-01-02,2003-01-02,1,1140,930,959,90.89,90.9,91.11,91.1,eod,88.06428571428572,0.006125226860254074,0.031079854809437535,1.0363056255247671,0.19999999999998863,0.0022004620970402533,22.00462097040253,0.0022803512499168406,100228.03512499167,2.825714285714284,0.07077856420626498,"FILT-01..03,SETUP-01..02,ENTRY-01,STOP-01,EXIT-01,SIZE-01"
LHM-2003-01-06,2003-01-06,1,1087,930,959,93.45,93.46000000000001,93.12,93.11,eod,90.46428571428571,0.0074635056525080845,0.025792997475578838,1.0137815927515477,-0.3500000000000085,-0.003745318352060016,-37.45318352060016,-0.003796934804313005,99847.47581005769,2.9857142857142946,-0.11722488038277762,"FILT-01..03,SETUP-01..02,ENTRY-01,STOP-01,EXIT-01,SIZE-01"
LHM-2003-01-07,2003-01-07,-1,1065,930,959,92.63,92.61999999999999,92.56,92.57000000000001,eod,95.77,-0.0027920962199313726,-0.005262027491409027,0.9885350318471324,0.04999999999998295,0.0005397819281008631,5.397819281008632,0.0005335933454856933,99900.75375871349,3.1400000000000006,0.01592356687897546,"FILT-01..03,SETUP-01..02,ENTRY-01,STOP-01,EXIT-01,SIZE-01"
LHM-2003-01-08,2003-01-08,-1,1124,930,959,91.29,91.28,91.22,91.23,eod,94.29142857142858,-0.008318928262748493,-0.013720829732065676,1.027954942091066,0.04999999999999716,0.0005477051155657482,5.477051155657482,0.0005630161803543693,99956.99949950923,3.001428571428576,0.016658733936219874,"FILT-01..03,SETUP-01..02,ENTRY-01,STOP-01,EXIT-01,SIZE-01"
LHM-2003-01-09,2003-01-09,1,1065,930,959,92.77,92.78,92.99,92.97999999999999,eod,89.71571428571428,0.01129138346853753,0.01721113790835349,0.9890644361833936,0.19999999999998863,0.002155869354317006,21.558693543170058,0.002132293707412606,100170.13718055388,3.0542857142857116,0.06548175865294302,"FILT-01..03,SETUP-01..02,ENTRY-01,STOP-01,EXIT-01,SIZE-01"
LHM-2003-01-15,2003-01-15,-1,1074,930,959,92.3,92.28999999999999,92.13,92.14,eod,95.44571428571429,-0.008134432195226471,-0.012094616290270865,0.9900242204056902,0.14999999999999147,0.001625135427952237,16.25135427952237,0.001608923435112081,100331.30326176206,3.1457142857142912,0.04768392370571928,"FILT-01..03,SETUP-01..02,ENTRY-01,STOP-01,EXIT-01,SIZE-01"
LHM-2003-01-17,2003-01-17,-1,1046,930,959,90.43,90.42,90.49,90.5,eod,93.65428571428572,-0.008168155086037854,-0.015356131561751196,0.9434023190958446,-0.0799999999999983,-0.0008846621696339521,-8.846621696339522,-0.0008345923424490319,100247.56752435186,3.2242857142857133,-0.024811696942843964,"FILT-01..03,SETUP-01..02,ENTRY-01,STOP-01,EXIT-01,SIZE-01"
LHM-2003-01-22,2003-01-22,-1,1014,930,959,88.29,88.28,88.06,88.07000000000001,eod,91.58142857142857,-0.0019086112046703407,-0.0090939710340181,0.8938924731182791,0.20999999999999375,0.0023785253143050597,23.785253143050596,0.002126145875578582,100460.70847658055,3.2914285714285683,0.0638020833333315,"FILT-01..03,SETUP-01..02,ENTRY-01,STOP-01,EXIT-01,SIZE-01"
LHM-2003-01-23,2003-01-23,1,995,930,959,89.21,89.22,89.08,89.07,eod,85.85000000000001,0.006359300476947549,0.012605042016806678,0.8841365461847391,-0.15000000000000568,-0.0016814258491201176,-16.814258491201176,-0.001486610042906803,100311.36257844172,3.359999999999985,-0.04464285714285903,"FILT-01..03,SETUP-01..02,ENTRY-01,STOP-01,EXIT-01,SIZE-01"
LHM-2003-01-24,2003-01-24,-1,1112,930,959,86.45,86.44,86.33,86.34,eod,89.56714285714285,-0.014144589133363361,-0.02929950606196674,0.9587330873308745,0.09999999999999432,0.0011567379988431962,11.567379988431963,0.001109002992863875,100422.60817975948,3.117142857142852,0.03208065994500281,"FILT-01..03,SETUP-01..02,ENTRY-01,STOP-01,EXIT-01,SIZE-01"
LHM-2003-01-28,2003-01-28,1,984,930,959,86.22,86.23,86.11,86.1,eod,82.83571428571429,0.0055274608961541905,0.013642243913912777,0.8449886428165824,-0.13000000000000966,-0.001507770818835649,-15.07770818835649,-0.0012740492178863823,100294.66483434994,3.38428571428571,-0.03841283241874499,"FILT-01..03,SETUP-01..02,ENTRY-01,STOP-01,EXIT-01,SIZE-01"
LHM-2003-01-30,2003-01-30,-1,972,930,959,84.94,84.92999999999999,84.77,84.78,eod,88.44,-0.005648414985590766,-0.0209798270893371,0.8238366571699912,0.14999999999999147,0.0017659524370142628,17.659524370142627,0.0014548563524310297,100440.57916459914,3.5,0.04285714285714042,"FILT-01..03,SETUP-01..02,ENTRY-01,STOP-01,EXIT-01,SIZE-01"
LHM-2003-01-31,2003-01-31,1,936,930,959,85.32,85.33,85.81,85.8,eod,81.75857142857143,0.004364751681019241,0.006370178129055271,0.7956422633413794,0.46999999999999886,0.005508673230192204,55.08673230192204,0.004382933236878193,100880.80351735096,3.5614285714285643,0.13196951464099474,"FILT-01..03,SETUP-01..02,ENTRY-01,STOP-01,EXIT-01,SIZE-01"
LHM-2003-02-03,2003-02-03,1,933,930,959,86.25,86.26,86.27,86.25999999999999,eod,82.61714285714287,0.0045449248339355375,0.0045449248339355375,0.7983386496544407,-1.4210854715202004e-14,-1.647635329298783e-16,-1.647635329298783e-12,-1.3153709639153402e-16,100880.80351735094,3.6328571428571337,-3.9117570981680804e-15,"FILT-01..03,SETUP-01..02,ENTRY-01,STOP-01,EXIT-01,SIZE-01"
LHM-2003-02-04,2003-02-04,-1,972,930,959,84.69,84.67999999999999,85.14,85.15,eod,88.24285714285713,-0.015532630114755919,-0.017966848267068514,0.8162881859962167,-0.4700000000000131,-0.00554965167079954,-55.496516707995404,-0.00453011509526783,100423.80186651424,3.5528571428571354,-0.1322878970647406,"FILT-01..03,SETUP-01..02,ENTRY-01,STOP-01,EXIT-01,SIZE-01"
LHM-2003-02-06,2003-02-06,-1,907,930,959,84.26,84.25,84.2,84.21000000000001,eod,87.91714285714285,-0.009097353497164451,-0.005080340264650318,0.7610533076429041,0.03999999999999204,0.00047472110135286067,4.747211013528607,0.00036128806439247695,100460.08378750952,3.657142857142844,0.010937499999997862,"FILT-01..03,SETUP-01..02,ENTRY-01,STOP-01,EXIT-01,SIZE-01"
LHM-2003-02-10,2003-02-10,1,897,930,959,83.49,83.5,83.94,83.92999999999999,eod,79.76714285714286,0.0022817341179295347,0.0026420079260238705,0.7455743156817611,0.4299999999999926,0.005150317403281742,51.50317403281742,0.00383994437349565,100845.84492101026,3.722857142857137,0.11550268610897747,"FILT-01..03,SETUP-01..02,ENTRY-01,STOP-01,EXIT-01,SIZE-01"
LHM-2003-02-14,2003-02-14,1,929,930,959,83.36,83.37,83.88,83.86999999999999,eod,79.78857142857143,0.0031672554513337836,0.01534900718723331,0.7683246423318633,0.4999999999999858,0.005998080614203285,59.98080614203285,0.004608473142585422,101310.59028887008,3.5714285714285694,0.1399999999999961,"FILT-01..03,SETUP-01..02,ENTRY-01,STOP-01,EXIT-01,SIZE-01"
LHM-2003-02-18,2003-02-18,1,936,930,959,85.14,85.15,85.5,85.49,eod,81.58857142857143,0.013710061993323919,0.015021459227467782,0.787288817377313,0.3399999999999892,0.003993422598073634,39.934225980736336,0.003143976954525228,101629.10844998763,3.5514285714285734,0.09573612228479175,"FILT-01..03,SETUP-01..02,ENTRY-01,STOP-01,EXIT-01,SIZE-01"
LHM-2003-02-19,2003-02-19,-1,942,930,959,84.79,84.78,84.93,84.94000000000001,eod,88.42285714285714,-0.0035087719298245723,-0.008187134502923965,0.7866719242902208,-0.1600000000000108,-0.0018870149781815165,-18.870149781815165,-0.0014844617040505226,101478.24393047683,3.6328571428571337,-0.04404246952418712,"FILT-01..03,SETUP-01..02,ENTRY-01,STOP-01,EXIT-01,SIZE-01"
LHM-2003-02-21,2003-02-21,1,1001,930,959,85.34,85.35000000000001,85.34,85.33,eod,82.03142857142858,0.0041622071589961784,0.015102865976929447,0.8421030042918457,-0.020000000000010232,-0.0002343566908836446,-2.343566908836446,-0.00019735247346901254,101458.21694803386,3.308571428571426,-0.0060449050086386754,"FILT-01..03,SETUP-01..02,ENTRY-01,STOP-01,EXIT-01,SIZE-01"
LHM-2003-02-24,2003-02-24,-1,1022,930,959,84.0,83.99,83.68,83.69000000000001,eod,87.31,-0.009257089289899323,-0.016287790016405013,0.8466269841269837,0.29999999999998295,0.0035714285714283684,35.71428571428368,0.003023667800453341,101764.99289171105,3.3100000000000023,0.09063444108760808,"FILT-01..03,SETUP-01..02,ENTRY-01,STOP-01,EXIT-01,SIZE-01"
LHM-2003-02-26,2003-02-26,-1,978,930,959,83.23,83.22,83.16,83.17,eod,86.74000000000001,-0.00415233123739478,-0.012575631747538285,0.800474833808167,0.04999999999999716,0.0006007449237053605,6.0074492370536055,0.0004808811929641484,101813.92976289481,3.510000000000005,0.014245014245013414,"FILT-01..03,SETUP-01..02,ENTRY-01,STOP-01,EXIT-01,SIZE-01"
LHM-2003-02-27,2003-02-27,1,981,930,959,83.97,83.98,84.17,84.16,eod,80.52714285714286,0.0030062530062529014,0.009499759499759675,0.8098497495826374,0.1799999999999926,0.0021436227224007694,21.436227224007695,0.0017360123249359146,101990.67999981335,3.442857142857136,0.05228215767634651,"FILT-01..03,SETUP-01..02,ENTRY-01,STOP-01,EXIT-01,SIZE-01"
LHM-2003-02-28,2003-02-28,1,975,930,959,84.47,84.48,84.61,84.6,eod,80.99714285714285,0.006890816205298744,0.0035642152786028447,0.8078842725901544,0.11999999999999034,0.0014206227062861412,14.206227062861412,0.0011476987416930357,102107.73457491354,3.4728571428571513,0.034553681612502274,"FILT-01..03,SETUP-01..02,ENTRY-01,STOP-01,EXIT-01,SIZE-01"
LHM-2003-03-04,2003-03-04,-1,1007,930,959,82.9,82.89,82.73,82.74000000000001,eod,86.32000000000001,-0.0055992375506314085,-0.01238980223969488,0.8181286549707589,0.14999999999999147,0.0018094089264172673,18.094089264172673,0.001480329291261844,102258.88764526916,3.4200000000000017,0.0438596491228045,"FILT-01..03,SETUP-01..02,ENTRY-01,STOP-01,EXIT-01,SIZE-01"
LHM-2003-03-05,2003-03-05,1,1011,930,959,83.28,83.29,83.5,83.49,eod,79.92285714285714,0.004230629759458315,0.006527257343164505,0.8238867548726692,0.19999999999998863,0.002401536983669412,24.01536983669412,0.0019785945121820903,102461.21651918595,3.357142857142861,0.05957446808510292,"FILT-01..03,SETUP-01..02,ENTRY-01,STOP-01,EXIT-01,SIZE-01"
LHM-2003-03-06,2003-03-06,-1,1041,930,959,82.67,82.66,82.7,82.71000000000001,eod,85.97285714285714,-0.01101796407185629,-0.01005988023952098,0.84016098893201,-0.05000000000001137,-0.0006048143220032825,-6.048143220032825,-0.000508141398894521,102409.15173329145,3.3028571428571354,-0.015138408304501746,"FILT-01..03,SETUP-01..02,ENTRY-01,STOP-01,EXIT-01,SIZE-01"
LHM-2003-03-10,2003-03-10,-1,1081,930,959,81.59,81.58,81.23,81.24000000000001,eod,84.81428571428572,-0.012354563991843648,-0.021350605733477246,0.86189632255206,0.3399999999999892,0.004167177350165329,41.67177350165329,0.0035916748335297352,102776.97210629506,3.2242857142857133,0.10544971200708574,"FILT-01..03,SETUP-01..02,ENTRY-01,STOP-01,EXIT-01,SIZE-01"
LHM-2003-03-12,2003-03-12,-1,1036,930,959,80.25,80.24,80.97,80.98,eod,83.55857142857143,-0.002359076235411095,-0.003724857213806998,0.8089826373941738,-0.7400000000000091,-0.009221183800623166,-92.21183800623166,-0.007459777590924559,102010.27875291344,3.308571428571426,-0.22366148531951932,"FILT-01..03,SETUP-01..02,ENTRY-01,STOP-01,EXIT-01,SIZE-01"
LHM-2003-03-13,2003-03-13,1,984,930,959,83.35,83.36,83.78,83.77,eod,79.99428571428571,0.011485735457577029,0.029393602568852595,0.8042997020008507,0.4099999999999966,0.004919016196760607,49.190161967606066,0.003956363261191914,102413.8684720354,3.355714285714285,0.12217965091528211,"FILT-01..03,SETUP-01..02,ENTRY-01,STOP-01,EXIT-01,SIZE-01"
LHM-2003-03-17,2003-03-17,1,976,930,959,86.53,86.54,86.83,86.82,eod,83.10857142857142,0.006674612634087973,0.030989272943980906,0.824627913507441,0.2799999999999869,0.003235871951924037,32.35871951924037,0.0026683903360923693,102687.14864894803,3.421428571428578,0.08183716075156179,"FILT-01..03,SETUP-01..02,ENTRY-01,STOP-01,EXIT-01,SIZE-01"
LHM-2003-03-24,2003-03-24,-1,962,930,959,86.81,86.8,86.58,86.59,eod,90.49714285714285,-0.022063739692444684,-0.03253844439491871,0.8134939134939135,0.20999999999999375,0.0024190761433013908,24.190761433013908,0.0019679037188540115,102889.2270706528,3.6871428571428453,0.05695466873304769,"FILT-01..03,SETUP-01..02,ENTRY-01,STOP-01,EXIT-01,SIZE-01"
LHM-2003-03-25,2003-03-25,1,856,930,959,87.37,87.38000000000001,87.67,87.66,eod,83.41285714285713,0.004158004158004047,0.009240009240009117,0.7274756931940944,0.2799999999999869,0.0032047613597343126,32.04761359734313,0.0023313859916943677,103129.1015733416,3.9571428571428697,0.07075812274367878,"FILT-01..03,SETUP-01..02,ENTRY-01,STOP-01,EXIT-01,SIZE-01"
LHM-2003-03-28,2003-03-28,-1,863,930,959,86.66,86.64999999999999,86.59,86.60000000000001,eod,90.66142857142857,-0.005510907003444254,-0.0050516647531572145,0.7255741996905866,0.04999999999998295,0.0005769674590351137,5.769674590351137,0.0004186327023369139,103172.27478782284,4.001428571428576,0.012495537308099972,"FILT-01..03,SETUP-01..02,ENTRY-01,STOP-01,EXIT-01,SIZE-01"
LHM-2003-03-31,2003-03-31,-1,909,930,959,85.65,85.64,84.98,84.99000000000001,eod,89.5142857142857,-0.020325672710474696,-0.010393809908765483,0.7547378906736398,0.6499999999999915,0.007589025102159854,75.89025102159853,0.005727724797873432,103763.21718457807,3.8642857142856997,0.1682070240295733,"FILT-01..03,SETUP-01..02,ENTRY-01,STOP-01,EXIT-01,SIZE-01"
LHM-2003-04-02,2003-04-02,1,861,930,959,88.5,88.51,88.39,88.38,eod,84.5957142857143,0.01904761904761898,0.027874564459930307,0.7350896450786686,-0.13000000000000966,-0.0014689265536724256,-14.689265536724255,-0.001079792698985695,103651.1744202389,3.904285714285706,-0.03329674350530807,"FILT-01..03,SETUP-01..02,ENTRY-01,STOP-01,EXIT-01,SIZE-01"
LHM-2003-04-07,2003-04-07,1,992,930,959,88.89,88.9,88.23,88.22,eod,85.41,0.026327734906945066,0.008397639582387484,0.8514009661835759,-0.6800000000000068,-0.007649904376195374,-76.49904376195374,-0.006513135977104707,102976.08022705329,3.480000000000004,-0.19540229885057644,"FILT-01..03,SETUP-01..02,ENTRY-01,STOP-01,EXIT-01,SIZE-01"
LHM-2003-04-14,2003-04-14,1,1036,930,959,88.42,88.43,88.84,88.83,eod,85.15428571428572,0.0026385224274407815,0.014339795801307842,0.8897491980169148,0.3999999999999915,0.004523863379325848,45.23863379325848,0.004025103813693263,103390.56964029439,3.2657142857142816,0.12248468941382082,"FILT-01..03,SETUP-01..02,ENTRY-01,STOP-01,EXIT-01,SIZE-01"
LHM-2003-04-23,2003-04-23,1,1010,930,959,92.15,92.16000000000001,92.2,92.19,eod,88.78285714285714,0.0027319418642770543,0.007212326521691681,0.9005623506256155,0.029999999999986926,0.00032555615843718856,3.2555615843718857,0.00029318361930283983,103420.8820617033,3.3671428571428663,0.0089096308867165,"FILT-01..03,SETUP-01..02,ENTRY-01,STOP-01,EXIT-01,SIZE-01"
LHM-2003-04-24,2003-04-24,-1,1096,930,959,91.71,91.69999999999999,91.42,91.43,eod,94.93142857142857,-0.008459869848156165,-0.004663774403470766,0.9721343575839738,0.2699999999999818,0.002944062806673011,29.44062806673011,0.0028620246052519383,103716.87517086076,3.221428571428575,0.08381374722837563,"FILT-01..03,SETUP-01..02,ENTRY-01,STOP-01,EXIT-01,SIZE-01"
LHM-2003-04-25,2003-04-25,-1,1106,930,959,90.16,90.14999999999999,90.15,90.16000000000001,eod,93.32857142857142,-0.005031721723911753,-0.013782542113323193,0.9617373008716559,-0.010000000000019327,-0.00011091393078992155,-1.1091393078992156,-0.0001066700644269648,103705.81168510411,3.1685714285714255,-0.003155996393153082,"FILT-01..03,SETUP-01..02,ENTRY-01,STOP-01,EXIT-01,SIZE-01"
LHM-2003-04-28,2003-04-28,1,1044,930,959,92.16,92.17,91.86,91.85,eod,88.92285714285714,0.008319467554076532,0.022296173044924927,0.9282877316857895,-0.3200000000000074,-0.0034722222222223027,-34.722222222223024,-0.003223221290575733,103371.54490492425,3.2371428571428567,-0.09885260370697493,"FILT-01..03,SETUP-01..02,ENTRY-01,STOP-01,EXIT-01,SIZE-01"
LHM-2003-04-29,2003-04-29,1,1091,930,959,92.39,92.4,92.1,92.08999999999999,eod,89.24142857142857,0.005007620291748172,0.00566078815588944,0.9756030951297218,-0.3100000000000165,-0.003355341487174115,-33.55341487174115,-0.00327348154010423,103033.16006090592,3.1485714285714295,-0.09845735027223751,"FILT-01..03,SETUP-01..02,ENTRY-01,STOP-01,EXIT-01,SIZE-01"
LHM-2003-05-02,2003-05-02,1,1067,930,959,93.38,93.39,93.34,93.33,eod,90.23285714285716,0.004025239338555364,0.016100957354221013,0.9674334686513314,-0.060000000000002274,-0.0006425358749197074,-6.425358749197074,-0.0006216107102064905,102969.11354510565,3.147142857142839,-0.01906491148434037,"FILT-01..03,SETUP-01..02,ENTRY-01,STOP-01,EXIT-01,SIZE-01"
LHM-2003-05-06,2003-05-06,1,1104,930,959,93.52,93.53,93.8,93.78999999999999,eod,90.43142857142857,0.004625645438898429,0.006024096385542244,1.0032685784767195,0.2599999999999909,0.002780153977758671,27.801539777586708,0.0027892411292123388,103256.31923164419,3.088571428571427,0.08418131359851698,"FILT-01..03,SETUP-01..02,ENTRY-01,STOP-01,EXIT-01,SIZE-01"
LHM-2003-05-07,2003-05-07,-1,1100,930,959,93.33,93.32,93.31,93.32000000000001,eod,96.47285714285714,-0.005970149253731405,-0.0050106609808102665,0.9948484848484849,-1.4210854715202004e-14,-1.5226459568415305e-16,-1.5226459568415305e-12,-1.514802023124468e-16,103256.31923164417,3.142857142857139,-4.521635591200643e-15,"FILT-01..03,SETUP-01..02,ENTRY-01,STOP-01,EXIT-01,SIZE-01"
LHM-2003-05-08,2003-05-08,-1,1149,930,959,92.48,92.47,92.34,92.35000000000001,eod,95.53999999999999,-0.008573571964419657,-0.008466402314864507,1.0299116997792495,0.11999999999999034,0.0012975778546711757,12.975778546711757,0.0013363906139003026,103394.31000749124,3.059999999999988,0.0392156862745068,"FILT-01..03,SETUP-01..02,ENTRY-01,STOP-01,EXIT-01,SIZE-01"
LHM-2003-05-09,2003-05-09,1,1152,930,959,93.57,93.58,93.71,93.69999999999999,eod,90.63857142857144,0.006822612085769952,0.013536928741607168,1.042884801548887,0.11999999999999034,0.0012824623276690215,12.824623276690215,0.0013374604700850312,103532.59580995797,2.9314285714285546,0.04093567251461682,"FILT-01..03,SETUP-01..02,ENTRY-01,STOP-01,EXIT-01,SIZE-01"
LHM-2003-05-13,2003-05-13,-1,1202,930,959,94.45,94.44,94.64,94.65,eod,97.31428571428572,-0.0036880927291886856,-0.004952581664910416,1.096747564801057,-0.21000000000000796,-0.00222339862361046,-22.2339862361046,-0.0024385070260267935,103280.1308476526,2.864285714285714,-0.07331670822942922,"FILT-01..03,SETUP-01..02,ENTRY-01,STOP-01,EXIT-01,SIZE-01"
LHM-2003-05-15,2003-05-15,1,1191,930,959,94.92,94.93,95.13,95.11999999999999,eod,92.02714285714286,0.008372191606613066,0.005722763883001303,1.0948450190618275,0.18999999999998352,0.0020016856300040403,20.016856300040402,0.00219153554173756,103506.47292516053,2.892857142857139,0.0656790123456734,"FILT-01..03,SETUP-01..02,ENTRY-01,STOP-01,EXIT-01,SIZE-01"
LHM-2003-05-16,2003-05-16,-1,1226,930,959,94.95,94.94,94.86,94.87,eod,97.78857142857143,-0.0016819089666771925,-0.0016819089666771925,1.1250380131779032,0.06999999999999318,0.0007372301211163052,7.372301211163052,0.000829411910715593,103592.3224266408,2.838571428571427,0.02466029189733027,"FILT-01..03,SETUP-01..02,ENTRY-01,STOP-01,EXIT-01,SIZE-01"
LHM-2003-05-19,2003-05-19,-1,1312,930,959,92.6,92.58999999999999,92.51,92.52000000000001,eod,95.30428571428571,-0.009382247522665033,-0.02371916508538896,1.1735949098621432,0.06999999999997897,0.0007559395248377859,7.559395248377859,0.0008871667785132327,103684.22609360676,2.7042857142857173,0.025884838880076717,"FILT-01..03,SETUP-01..02,ENTRY-01,STOP-01,EXIT-01,SIZE-01"
LHM-2003-05-22,2003-05-22,1,1238,930,959,93.97,93.98,93.68,93.67,eod,91.20571428571428,0.0028026301606123294,0.012827422658186816,1.1227351313969571,-0.3100000000000023,-0.0032989251888900957,-32.98925188890096,-0.003703819205417253,103300.19846570243,2.7642857142857196,-0.11214470284237787,"FILT-01..03,SETUP-01..02,ENTRY-01,STOP-01,EXIT-01,SIZE-01"
LHM-2003-05-28,2003-05-28,1,1215,930,959,96.1,96.11,95.82,95.80999999999999,eod,93.24142857142857,0.005438192846684675,0.004601547793348537,1.1308329109646906,-0.30000000000001137,-0.0031217481789803476,-31.217481789803475,-0.0035301755805350683,102935.53062761438,2.858571428571423,-0.10494752623688573,"FILT-01..03,SETUP-01..02,ENTRY-01,STOP-01,EXIT-01,SIZE-01"
LHM-2003-05-30,2003-05-30,1,1169,930,959,96.88,96.89,96.92,96.91,eod,94.00285714285715,0.008178672538534215,0.015937925972528078,1.1010885700148454,0.01999999999999602,0.00020644095788600352,2.064409578860035,0.00022730977911119453,102958.92888034404,2.877142857142843,0.00695134061568882,"FILT-01..03,SETUP-01..02,ENTRY-01,STOP-01,EXIT-01,SIZE-01"
LHM-2003-06-02,2003-06-02,1,1171,930,959,97.07,97.08,97.18,97.17,eod,94.15571428571428,0.005777961205117643,0.0016508460586051044,1.1047712099006686,0.09000000000000341,0.0009271659627073598,9.271659627073598,0.001024306262398928,103064.39035596607,2.914285714285711,0.030882352941177676,"FILT-01..03,SETUP-01..02,ENTRY-01,STOP-01,EXIT-01,SIZE-01"
LHM-2003-06-03,2003-06-03,1,1190,930,959,97.34,97.35000000000001,97.68,97.67,eod,94.46000000000001,0.0024696439596625375,0.0016464293064415436,1.1247685185185194,0.3199999999999932,0.0032874460653379203,32.8744606533792,0.0036976158406196685,103445.4828783501,2.8799999999999955,0.11111111111110891,"FILT-01..03,SETUP-01..02,ENTRY-01,STOP-01,EXIT-01,SIZE-01"
LHM-2003-06-04,2003-06-04,1,1174,930,959,99.19,99.2,99.13,99.11999999999999,eod,96.29,0.0019451269451269404,0.01535626535626533,1.1266435986159176,-0.0800000000000125,-0.0008065329166247858,-8.065329166247858,-0.0009086751475883405,103351.48453892827,2.8999999999999915,-0.027586206896556116,"FILT-01..03,SETUP-01..02,ENTRY-01,STOP-01,EXIT-01,SIZE-01"
LHM-2003-06-09,2003-06-09,-1,1110,930,959,97.83,97.82,98.11,98.12,eod,100.99571428571429,-0.0020157226365652425,-0.013807700060471717,1.051377535573721,-0.30000000000001137,-0.0030665440049065865,-30.665440049065865,-0.003224095478607055,103018.26948491899,3.1657142857142873,-0.09476534296029235,"FILT-01..03,SETUP-01..02,ENTRY-01,STOP-01,EXIT-01,SIZE-01"
LHM-2003-06-10,2003-06-10,1,1138,930,959,98.55,98.56,99.05,99.03999999999999,eod,95.60714285714286,0.0044847620018346745,0.005096320456630332,1.0890738978750398,0.47999999999998977,0.004870624048706137,48.706240487061365,0.005304469517808301,103564.72675517912,2.942857142857136,0.16310679611650175,"FILT-01..03,SETUP-01..02,ENTRY-01,STOP-01,EXIT-01,SIZE-01"
LHM-2003-06-13,2003-06-13,-1,1154,930,959,99.48,99.47,99.43,99.44000000000001,eod,102.51142857142857,-0.003582802547770658,-0.009852707006369532,1.1085263987391645,0.029999999999986926,0.00030156815440276363,3.015681544027636,0.00033429626017451186,103599.34805601936,3.031428571428563,0.009896324222427382,"FILT-01..03,SETUP-01..02,ENTRY-01,STOP-01,EXIT-01,SIZE-01"
LHM-2003-06-16,2003-06-16,1,1075,930,959,101.1,101.11,101.64,101.63,eod,97.96285714285715,0.006034396057527758,0.016996882228703658,1.0497888386123686,0.519999999999996,0.005143422354104808,51.43422354104808,0.005399507379608581,104158.73350037046,3.137142857142848,0.1657559198542797,"FILT-01..03,SETUP-01..02,ENTRY-01,STOP-01,EXIT-01,SIZE-01"
LHM-2003-06-23,2003-06-23,-1,1195,930,959,98.14,98.13,98.36,98.37,eod,101.10271428571428,-0.005413533834586537,-0.01604010025062652,1.12608253906817,-0.2400000000000091,-0.0024454860403506124,-24.454860403506125,-0.0027538191295737825,103871.89918754497,2.9627142857142843,-0.08100679878490112,"FILT-01..03,SETUP-01..02,ENTRY-01,STOP-01,EXIT-01,SIZE-01"
LHM-2003-06-24,2003-06-24,1,1119,930,959,98.98,98.99000000000001,98.65,98.64,eod,95.90728571428572,0.00457503050020347,0.006303375355835694,1.0670262060842757,-0.3500000000000085,-0.003536067892503622,-35.36067892503622,-0.0037730771077945603,103479.9825025773,3.0727142857142837,-0.11390580687154499,"FILT-01..03,SETUP-01..02,ENTRY-01,STOP-01,EXIT-01,SIZE-01"
LHM-2003-06-26,2003-06-26,1,1126,930,959,98.717,98.727,98.87,98.86,eod,95.69585714285715,0.0017371755569179914,0.008890251379521708,1.0750976976317157,0.13299999999999557,0.0013472856752129376,13.472856752129376,0.0014484637274736207,103629.86950375189,3.0211428571428485,0.04402307546812803,"FILT-01..03,SETUP-01..02,ENTRY-01,STOP-01,EXIT-01,SIZE-01"
LHM-2003-06-27,2003-06-27,-1,1199,930,959,97.847,97.83699999999999,97.86,97.87,eod,100.75971428571428,-0.004753717002124014,-0.010316577323758569,1.132642707515057,-0.03300000000001546,-0.00033726123437627587,-3.372612343762759,-0.0003819964776438153,103590.28325862277,2.912714285714287,-0.011329638530585518,"FILT-01..03,SETUP-01..02,ENTRY-01,STOP-01,EXIT-01,SIZE-01"
LHM-2003-07-02,2003-07-02,1,1134,930,959,99.36,99.37,99.6,99.58999999999999,eod,96.36042857142857,0.006392045454545414,0.008319805194805019,1.0880131207519215,0.21999999999998465,0.0022141706924314075,22.141706924314075,0.0024090467649497383,103839.83709538719,2.9995714285714286,0.07334381102061688,"FILT-01..03,SETUP-01..02,ENTRY-01,STOP-01,EXIT-01,SIZE-01"
LHM-2003-07-07,2003-07-07,1,1127,930,959,100.56,100.57000000000001,100.74,100.72999999999999,eod,97.54714285714286,0.017339282092881714,0.019661326302981008,1.0914638966623986,0.15999999999998238,0.0015910898965789814,15.910898965789814,0.0017366171784602678,104020.16714029555,3.0128571428571433,0.05310573731625778,"FILT-01..03,SETUP-01..02,ENTRY-01,STOP-01,EXIT-01,SIZE-01"
LHM-2003-07-10,2003-07-10,-1,1144,930,959,99.056,99.04599999999999,99.22,99.23,eod,102.12628571428571,-0.008252958138609934,-0.015113851049020521,1.089734063960868,-0.1840000000000117,-0.0018575351316428253,-18.575351316428254,-0.002024219307955222,103809.60750955343,3.070285714285717,-0.05992927600968178,"FILT-01..03,SETUP-01..02,ENTRY-01,STOP-01,EXIT-01,SIZE-01"
LHM-2003-07-11,2003-07-11,1,1113,930,959,99.99,100.0,100.14,100.13,eod,96.90657142857143,0.006248740173352196,0.0077605321507761005,1.0726155176674077,0.12999999999999545,0.0013001300130012546,13.001300130012547,0.0013945396269302742,103954.37412088159,3.08342857142857,0.04216085989621797,"FILT-01..03,SETUP-01..02,ENTRY-01,STOP-01,EXIT-01,SIZE-01"
LHM-2003-07-14,2003-07-14,1,1098,930,959,101.2,101.21000000000001,100.73,100.72,eod,98.14442857142858,0.012482524465748046,0.011234272019173153,1.0696758835378133,-0.4900000000000091,-0.004841897233201671,-48.41897233201671,-0.0051792607009242915,103415.96731630812,3.055571428571426,-0.1603628033101158,"FILT-01..03,SETUP-01..02,ENTRY-01,STOP-01,EXIT-01,SIZE-01"
LHM-2003-07-17,2003-07-17,-1,1095,930,959,98.47,98.46,98.491,98.501,eod,101.64699999999999,-0.002345629510826064,-0.013031275060144454,1.043405501516578,-0.04100000000001103,-0.00041637046816300424,-4.163704681630042,-0.00043444323715031177,103371.03894869419,3.1769999999999925,-0.012905256531322356,"FILT-01..03,SETUP-01..02,ENTRY-01,STOP-01,EXIT-01,SIZE-01"
LHM-2003-07-18,2003-07-18,1,1057,930,959,99.68,99.69000000000001,99.58,99.57,eod,96.44142857142857,0.0048633885329623094,0.011869104791300655,1.0200281106672586,-0.12000000000001876,-0.0012038523274480212,-12.038523274480212,-0.001227963215089187,103244.10311535963,3.238571428571433,-0.03705337450375519,"FILT-01..03,SETUP-01..02,ENTRY-01,STOP-01,EXIT-01,SIZE-01"
LHM-2003-07-21,2003-07-21,-1,1094,930,959,98.13,98.11999999999999,98.24,98.25,eod,101.32142857142857,-0.006025306286402854,-0.01456115685880699,1.0400775887794687,-0.13000000000000966,-0.0013247732599613745,-13.247732599613744,-0.0013778669779001425,103101.84647501406,3.191428571428574,-0.04073410922113102,"FILT-01..03,SETUP-01..02,ENTRY-01,STOP-01,EXIT-01,SIZE-01"
LHM-2003-07-22,2003-07-22,1,1037,930,959,99.1,99.11,99.12,99.11,eod,95.82557142857142,0.0020358306188925646,0.008855863192182456,0.9970278224812601,0.0,0.0,0.0,0.0,103101.84647501406,3.2744285714285724,0.0,"FILT-01..03,SETUP-01..02,ENTRY-01,STOP-01,EXIT-01,SIZE-01"
LHM-2003-07-25,2003-07-25,1,1061,930,959,100.05,100.06,100.23,100.22,eod,96.87357142857142,0.005583756345177715,0.01583756345177667,1.0304117163565707,0.1599999999999966,0.001599200399800066,15.992003998000659,0.0016478348287561,103271.74128854464,3.1764285714285734,0.05037103665392289,"FILT-01..03,SETUP-01..02,ENTRY-01,STOP-01,EXIT-01,SIZE-01"
LHM-2003-07-29,2003-07-29,-1,1103,930,959,99.37,99.36,99.319,99.32900000000001,eod,102.48928571428571,-0.0028988404638145004,-0.0068972411035587156,1.0622373909745921,0.0309999999999917,0.0003119653819059243,3.119653819059243,0.0003313812933501413,103305.96361173935,3.1192857142857093,0.009938172658573037,"FILT-01..03,SETUP-01..02,ENTRY-01,STOP-01,EXIT-01,SIZE-01"
LHM-2003-07-31,2003-07-31,1,1131,930,959,99.95,99.96000000000001,99.41,99.39999999999999,eod,96.91357142857143,0.007870043386136727,0.008273635354656417,1.0952245638961247,-0.5600000000000165,-0.005602801400700515,-56.02801400700515,-0.006136325720678818,102672.04457012913,3.036428571428573,-0.18442719360151089,"FILT-01..03,SETUP-01..02,ENTRY-01,STOP-01,EXIT-01,SIZE-01"
LHM-2003-08-01,2003-08-01,-1,1114,930,959,98.4,98.39,98.38,98.39,eod,101.48214285714285,-0.006437984106226757,-0.010361130670958674,1.0681863535190734,-0.0,-0.0,-0.0,-0.0,102672.04457012913,3.0821428571428413,-0.0,"FILT-01..03,SETUP-01..02,ENTRY-01,STOP-01,EXIT-01,SIZE-01"
LHM-2003-08-06,2003-08-06,1,1100,930,959,97.435,97.44500000000001,97.13,97.11999999999999,eod,94.3577142857143,0.0019617965926692627,0.006195147134744561,1.043995811389325,-0.32500000000001705,-0.0033355570380255253,-33.35557038025525,-0.003482307576348832,102314.50893144334,3.0772857142857077,-0.10561255280628216,"FILT-01..03,SETUP-01..02,ENTRY-01,STOP-01,EXIT-01,SIZE-01"
LHM-2003-08-07,2003-08-07,1,1093,930,959,97.81,97.82000000000001,97.89,97.88,eod,94.72242857142857,0.001956141253989463,0.007103881396067102,1.0452274439268865,0.05999999999998806,0.0006134342091809432,6.134342091809432,0.0006411782704795083,102380.11077132498,3.0875714285714366,0.01943274880858351,"FILT-01..03,SETUP-01..02,ENTRY-01,STOP-01,EXIT-01,SIZE-01"
LHM-2003-09-26,2003-09-26,-1,1334,930,959,100.33,100.32,99.98,99.99000000000001,eod,102.90314285714285,-0.002087682672233915,-0.0024853365145640627,1.3081596254598167,0.3299999999999841,0.003289145818797808,32.89145818797808,0.004302727762401263,102820.62451625848,2.573142857142855,0.12824783477680937,"FILT-01..03,SETUP-01..02,ENTRY-01,STOP-01,EXIT-01,SIZE-01"
LHM-2003-09-29,2003-09-29,1,1358,930,959,100.65,100.66000000000001,100.87,100.86,eod,98.134,0.002700540108021565,0.00660132026405269,1.3298749667464762,0.19999999999998863,0.001987083954296956,19.87083954296956,0.0026425732076431206,103092.33554379828,2.5160000000000053,0.07949125596183951,"FILT-01..03,SETUP-01..02,ENTRY-01,STOP-01,EXIT-01,SIZE-01"
LHM-2003-09-30,2003-09-30,-1,1376,930,959,100.02,100.00999999999999,99.86,99.87,eod,102.53742857142856,-0.010012887875483378,-0.008426687816000866,1.3356221389929266,0.13999999999998636,0.0013997200559886659,13.99720055988666,0.0018694970951708809,103285.0663656318,2.5174285714285674,0.055612302803308714,"FILT-01..03,SETUP-01..02,ENTRY-01,STOP-01,EXIT-01,SIZE-01"
LHM-2003-10-03,2003-10-03,1,1276,930,959,103.71,103.72,103.26,103.25,eod,101.03785714285715,0.014657025600937956,0.013289036544850585,1.2814238440211079,-0.46999999999999886,-0.004531867708032001,-45.318677080320015,-0.005807243339021495,102685.2648519596,2.6721428571428447,-0.17588879978615382,"FILT-01..03,SETUP-01..02,ENTRY-01,STOP-01,EXIT-01,SIZE-01"
LHM-2003-10-06,2003-10-06,1,1198,930,959,103.76,103.77000000000001,103.722,103.71199999999999,eod,100.93785714285714,0.0017431725740848503,0.0050358318806895674,1.2110580547876353,-0.058000000000021146,-0.0005589822667696718,-5.589822667696717,-0.0006769599766548617,102615.75103746261,2.8221428571428646,-0.02055175904834963,"FILT-01..03,SETUP-01..02,ENTRY-01,STOP-01,EXIT-01,SIZE-01"
LHM-2003-10-08,2003-10-08,-1,1215,930,959,103.74,103.72999999999999,103.71,103.72,eod,106.52714285714286,-0.001823591515500489,-0.00470294653997505,1.2284487114704392,0.009999999999990905,9.639483323685084e-05,0.9639483323685084,0.00011841610868221728,102627.90239538997,2.787142857142868,0.003587903639156128,"FILT-01..03,SETUP-01..02,ENTRY-01,STOP-01,EXIT-01,SIZE-01"
LHM-2003-10-09,2003-10-09,1,1237,930,959,104.14,104.15,104.169,104.15899999999999,eod,101.40714285714286,0.010027962587985773,0.004339022273647686,1.2557861961598331,0.00899999999998613,8.642212406362714e-05,0.8642212406362714,0.0001085277104419155,102639.04036666441,2.732857142857142,0.0032932566649191285,"FILT-01..03,SETUP-01..02,ENTRY-01,STOP-01,EXIT-01,SIZE-01"
LHM-2003-10-13,2003-10-13,1,1297,930,959,104.91,104.92,104.86,104.85,eod,102.29142857142857,0.005950095969289748,0.00681381957773497,1.3264229859974521,-0.07000000000000739,-0.0006672385854542693,-6.672385854542693,-0.000885040596890968,102548.20064911398,2.6185714285714283,-0.026732133115114663,"FILT-01..03,SETUP-01..02,ENTRY-01,STOP-01,EXIT-01,SIZE-01"
LHM-2004-03-29,2004-03-29,1,1102,930,959,112.52,112.53,112.48,112.47,eod,109.47714285714287,0.00791580462354946,0.012323468561662443,1.2098725124378111,-0.060000000000002274,-0.0005332385353715097,-5.332385353715098,-0.0006451506465185871,102482.04161116589,3.0428571428571303,-0.019718309859155757,"FILT-01..03,SETUP-01..02,ENTRY-01,STOP-01,EXIT-01,SIZE-01"
LHM-2004-03-30,2004-03-30,1,1083,930,959,112.95,112.96000000000001,112.97,112.96,eod,109.83,0.0016891891891892552,0.004356330014224641,1.1940552016985146,-1.4210854715202004e-14,-1.2581544679240375e-16,-1.2581544679240375e-12,-1.502305886964924e-16,102482.04161116587,3.1200000000000045,-4.554761126667302e-15,"FILT-01..03,SETUP-01..02,ENTRY-01,STOP-01,EXIT-01,SIZE-01"
LHM-2004-04-01,2004-04-01,1,1204,930,959,113.32,113.33,113.49,113.47999999999999,eod,110.49571428571427,0.0026579250465137427,0.003986887569770392,1.3321362333501934,0.14999999999999147,0.0013236851394280928,13.236851394280928,0.001763328935779365,102662.75116053659,2.824285714285722,0.053110773899845094,"FILT-01..03,SETUP-01..02,ENTRY-01,STOP-01,EXIT-01,SIZE-01"
LHM-2004-04-02,2004-04-02,1,1225,930,959,114.34,114.35000000000001,114.42,114.41,eod,111.55857142857143,0.009859899550621165,0.007401533174729025,1.3649999999999998,0.05999999999998806,0.0005247507433967821,5.247507433967821,0.0007162847647366075,102736.28692509883,2.7814285714285774,0.02157164869028842,"FILT-01..03,SETUP-01..02,ENTRY-01,STOP-01,EXIT-01,SIZE-01"
LHM-2004-04-05,2004-04-05,1,1256,930,959,115.1,115.11,115.34,115.33,eod,112.40142857142857,0.0013983569306064147,0.00603041426324058,1.4081223628691968,0.21999999999999886,0.0019113814074717538,19.11381407471754,0.002691458903833377,103012.79741929017,2.6985714285714266,0.08152461619904676,"FILT-01..03,SETUP-01..02,ENTRY-01,STOP-01,EXIT-01,SIZE-01"
LHM-2004-04-06,2004-04-06,-1,1290,930,959,114.91,114.89999999999999,115.08,115.09,eod,117.57000000000001,-0.0039015085833189467,-0.003814808392578417,1.4399500624219705,-0.19000000000001194,-0.0016534679314246972,-16.534679314246972,-0.002380911251067719,102767.53309091063,2.660000000000011,-0.07142857142857563,"FILT-01..03,SETUP-01..02,ENTRY-01,STOP-01,EXIT-01,SIZE-01"
LHM-2004-04-07,2004-04-07,-1,1344,930,959,114.73,114.72,114.5,114.51,eod,117.28571428571429,-0.003302050747306162,-0.0030413625304135383,1.5009502515371689,0.20999999999999375,0.0018303843807198966,18.303843807198966,0.002747315896651234,103049.86796823093,2.555714285714288,0.08216880939071856,"FILT-01..03,SETUP-01..02,ENTRY-01,STOP-01,EXIT-01,SIZE-01"
LHM-2005-05-02,2005-05-02,1,1063,930,959,116.13,116.14,116.36,116.35,eod,112.91142857142856,0.005271800190130405,0.003629764065335772,1.1983577452285818,0.20999999999999375,0.0018083182640144127,18.083182640144127,0.002167012197519975,103273.1782890709,3.218571428571437,0.06524633821571027,"FILT-01..03,SETUP-01..02,ENTRY-01,STOP-01,EXIT-01,SIZE-01"
LHM-2005-05-04,2005-05-04,1,1138,930,959,117.64,117.65,117.64,117.63,eod,114.65142857142857,0.002150722642807912,0.012044046799724706,1.2964945825366458,-0.020000000000010232,-0.0001700102006121237,-1.700102006121237,-0.00022041730406958674,103250.41509352972,2.988571428571433,-0.006692160611858099,"FILT-01..03,SETUP-01..02,ENTRY-01,STOP-01,EXIT-01,SIZE-01"
LHM-2005-05-10,2005-05-10,-1,1208,930,959,116.62,116.61,116.69,116.7,eod,119.51285714285714,-0.006778512116590418,-0.011777664802575805,1.3646184340931602,-0.09000000000000341,-0.0007717372663351347,-7.717372663351347,-0.0010531268999175876,103141.67930396707,2.892857142857139,-0.031111111111112335,"FILT-01..03,SETUP-01..02,ENTRY-01,STOP-01,EXIT-01,SIZE-01"
LHM-2005-05-12,2005-05-12,-1,1270,930,959,116.2,116.19,116.08,116.09,eod,118.94,-0.0011943354376385829,-0.008616277085821578,1.4312576312576304,0.09999999999999432,0.0008605851979345465,8.605851979345465,0.0012317191318911781,103268.72088366115,2.739999999999995,0.036496350364961495,"FILT-01..03,SETUP-01..02,ENTRY-01,STOP-01,EXIT-01,SIZE-01"
LHM-2005-05-13,2005-05-13,-1,1271,930,959,115.68,115.67,115.6,115.61,eod,118.39714285714287,-0.0018952446588559324,-0.003445899379738049,1.424044865054328,0.060000000000002274,0.0005186721991701441,5.186721991701441,0.0007386124818746794,103344.99644989306,2.7171428571428606,0.022082018927445605,"FILT-01..03,SETUP-01..02,ENTRY-01,STOP-01,EXIT-01,SIZE-01"
LHM-2005-10-31,2005-10-31,1,1101,930,959,121.14,121.15,120.71,120.69999999999999,eod,118.05428571428573,0.008006004503377628,0.010341089150196048,1.2911398246423627,-0.45000000000001705,-0.003714710252600438,-37.14710252600438,-0.004796210344139716,102849.33210890502,3.0857142857142748,-0.14583333333333937,"FILT-01..03,SETUP-01..02,ENTRY-01,STOP-01,EXIT-01,SIZE-01"
LHM-2005-11-01,2005-11-01,-1,1093,930,959,120.43,120.42,120.32,120.33,eod,123.57142857142858,-0.0026509816916576723,-0.0023196089802003383,1.2808397756556014,0.09000000000000341,0.0007473220958233281,7.473220958233282,0.0009571998655568255,102947.77947577227,3.141428571428577,0.02864938608458494,"FILT-01..03,SETUP-01..02,ENTRY-01,STOP-01,EXIT-01,SIZE-01"
LHM-2005-11-02,2005-11-02,1,1134,930,959,121.56,121.57000000000001,121.62,121.61,eod,118.55714285714285,0.0025764627659574657,0.01022273936170226,1.3400795544948287,0.03999999999999204,0.0003290556103980918,3.290556103980918,0.0004409606957862988,102993.17540023956,3.0028571428571524,0.013320647002851732,"FILT-01..03,SETUP-01..02,ENTRY-01,STOP-01,EXIT-01,SIZE-01"
LHM-2006-06-16,2006-06-16,-1,981,930,959,125.28,125.27,124.98,124.99000000000001,eod,128.80857142857144,-0.0046825396825397325,-0.005634920634920548,1.1936662606577346,0.2799999999999869,0.002234993614303855,22.34993614303855,0.0026678364701799976,103267.94434975197,3.528571428571439,0.07935222672064383,"FILT-01..03,SETUP-01..02,ENTRY-01,STOP-01,EXIT-01,SIZE-01"
LHM-2006-06-21,2006-06-21,1,944,930,959,125.37,125.38000000000001,125.13,125.11999999999999,eod,121.77999999999999,0.005650629641588578,0.012108492089118572,1.1470370370370362,-0.2600000000000193,-0.0020738613703439367,-20.738613703439366,-0.0023787958014648766,103022.29099730687,3.5900000000000176,-0.07242339832869583,"FILT-01..03,SETUP-01..02,ENTRY-01,STOP-01,EXIT-01,SIZE-01"
LHM-2006-07-06,2006-07-06,1,1161,930,959,127.24,127.25,127.37,127.36,eod,124.28714285714285,0.002597811540580919,0.0016531527985514938,1.4339783905821633,0.10999999999999943,0.0008645080163470562,8.645080163470562,0.0012396858139267302,103150.00626997447,2.952857142857141,0.037252056119980476,"FILT-01..03,SETUP-01..02,ENTRY-01,STOP-01,EXIT-01,SIZE-01"
LHM-2006-07-10,2006-07-10,1,1308,930,959,126.77,126.78,126.73,126.72,eod,124.13714285714286,0.003793566743064858,0.001817750731051948,1.608042846768337,-0.060000000000002274,-0.00047329809891932063,-4.732980989193206,-0.0007610836223562663,103071.50048955645,2.6328571428571337,-0.022788931090614074,"FILT-01..03,SETUP-01..02,ENTRY-01,STOP-01,EXIT-01,SIZE-01"
LHM-2006-07-14,2006-07-14,-1,1312,930,959,123.41,123.39999999999999,123.63,123.64,eod,126.02428571428571,-0.0023351316531120547,-0.0064417424913438825,1.5714569775849605,-0.2400000000000091,-0.0019447370553440492,-19.447370553440493,-0.0030560706151884355,102756.50670564694,2.614285714285714,-0.09180327868852808,"FILT-01..03,SETUP-01..02,ENTRY-01,STOP-01,EXIT-01,SIZE-01"
LHM-2006-07-28,2006-07-28,1,1089,930,959,127.87,127.88000000000001,127.85,127.83999999999999,eod,124.77285714285715,0.0068059512503957365,0.012029123140234299,1.3555862068965534,-0.040000000000020464,-0.0003128177054822903,-3.128177054822903,-0.0004240513668248211,102712.93266852827,3.097142857142856,-0.012915129151298124,"FILT-01..03,SETUP-01..02,ENTRY-01,STOP-01,EXIT-01,SIZE-01"
LHM-2007-03-08,2007-03-08,1,945,930,959,140.6,140.60999999999999,140.55,140.54000000000002,eod,137.00714285714284,0.008102100810210011,0.008102100810210011,1.293956262425447,-0.06999999999996476,-0.0004978662873397209,-4.97866287339721,-0.000644217200353739,102646.76323060443,3.592857142857156,-0.01948310139164022,"FILT-01..03,SETUP-01..02,ENTRY-01,STOP-01,EXIT-01,SIZE-01"
LHM-2007-03-13,2007-03-13,-1,905,930,959,138.73,138.72,138.15,138.16,eod,142.57285714285715,-0.004183507055236513,-0.016308586825498184,1.2233085501858734,0.5600000000000023,0.004036617890867168,40.366178908671685,0.004938029179731074,103153.63594264211,3.842857142857156,0.14572490706319713,"FILT-01..03,SETUP-01..02,ENTRY-01,STOP-01,EXIT-01,SIZE-01"
LHM-2007-03-14,2007-03-14,1,822,930,959,139.05,139.06,139.14,139.13,eod,134.88714285714286,0.0016648570394497408,0.006442272891784118,1.1088751289989685,0.06999999999999318,0.0005034160373965708,5.034160373965708,0.000558225523408272,103211.21893505765,4.162857142857149,0.016815374056278365,"FILT-01..03,SETUP-01..02,ENTRY-01,STOP-01,EXIT-01,SIZE-01"
LHM-2007-03-15,2007-03-15,1,791,930,959,139.49,139.5,139.57,139.56,eod,135.15571428571428,0.0030904125341382205,0.0025154520626708976,1.0700725115359262,0.060000000000002274,0.0004301383611728602,4.301383611728602,0.0004602792364481899,103258.72491610196,4.334285714285727,0.013843111404087498,"FILT-01..03,SETUP-01..02,ENTRY-01,STOP-01,EXIT-01,SIZE-01"
LHM-2007-03-19,2007-03-19,1,775,930,959,139.8,139.81,140.07,140.06,eod,135.4057142857143,0.0067157712305025985,0.00953206239168125,1.0504551365409625,0.25,0.0017882689556509297,17.8826895565093,0.0018784963099802616,103452.69604983012,4.394285714285701,0.05689206762028626,"FILT-01..03,SETUP-01..02,ENTRY-01,STOP-01,EXIT-01,SIZE-01"
LHM-2007-03-27,2007-03-27,-1,1090,930,959,142.88,142.87,142.71,142.72,eod,146.05714285714285,-0.005292847691343305,-0.004944634027439276,1.5064898081534768,0.15000000000000568,0.0010498320268757398,10.498320268757398,0.001581561248761409,103616.31282498241,3.1771428571428544,0.04721223021582917,"FILT-01..03,SETUP-01..02,ENTRY-01,STOP-01,EXIT-01,SIZE-01"
LHM-2007-07-27,2007-07-27,-1,696,930,959,147.51,147.5,146.02,146.03,eod,152.50571428571428,-0.00316391787277015,-0.007001009761023358,0.991182918692214,1.4699999999999989,0.009965426072808616,99.65426072808616,0.009877560100857932,104639.78918234046,4.9957142857142856,0.29425221618530145,"FILT-01..03,SETUP-01..02,ENTRY-01,STOP-01,EXIT-01,SIZE-01"
LHM-2007-08-02,2007-08-02,1,606,930,959,147.63,147.64,147.29,147.28,eod,141.91571428571427,0.0043650252353020225,0.006888555449461098,0.855283333333333,-0.3599999999999852,-0.002438528754318128,-24.38528754318128,-0.0020856330014223886,104421.5489847599,5.714285714285722,-0.06299999999999732,"FILT-01..03,SETUP-01..02,ENTRY-01,STOP-01,EXIT-01,SIZE-01"
LHM-2007-08-03,2007-08-03,-1,596,930,959,144.44,144.43,143.34,143.35,eod,150.39857142857142,-0.005227781926810948,-0.019281689184601825,0.8253522254242711,1.0800000000000125,0.007477153143173723,74.77153143173723,0.006171284986556516,105065.96412228252,5.9585714285714175,0.18125149844162314,"FILT-01..03,SETUP-01..02,ENTRY-01,STOP-01,EXIT-01,SIZE-01"
LHM-2007-08-06,2007-08-06,1,535,930,959,145.85,145.85999999999999,146.77,146.76000000000002,eod,139.40714285714284,0.00544160736709931,0.017441049253523078,0.7427492782589381,0.9000000000000341,0.00617072334590356,61.7072334590356,0.004583300311505448,105547.5129883728,6.44285714285715,0.13968957871397408,"FILT-01..03,SETUP-01..02,ENTRY-01,STOP-01,EXIT-01,SIZE-01"
LHM-2007-08-08,2007-08-08,1,467,930,959,148.08,148.09,149.64,149.63,eod,140.57285714285712,0.007923071713956897,0.0027087424663101434,0.6565612296747961,1.539999999999992,0.010399783900594218,103.99783900594218,0.0068280949061262875,106268.20142416301,7.507142857142895,0.20513796384395602,"FILT-01..03,SETUP-01..02,ENTRY-01,STOP-01,EXIT-01,SIZE-01"
LHM-2007-08-09,2007-08-09,-1,461,930,959,146.64,146.63,145.72,145.73,eod,154.46571428571428,-0.012429831595829888,-0.020048115477145134,0.6373859072654245,0.9000000000000057,0.0061374795417349,61.374795417349006,0.003911942966031682,106683.9165672371,7.825714285714298,0.11500547645126012,"FILT-01..03,SETUP-01..02,ENTRY-01,STOP-01,EXIT-01,SIZE-01"
LHM-2007-08-13,2007-08-13,1,426,930,959,146.15,146.16,145.5,145.49,eod,137.84714285714284,0.004740964683248583,0.004191287618524164,0.5842968570773106,-0.6699999999999875,-0.004584331166609562,-45.843311666095616,-0.0026786102924515275,106398.15193028106,8.302857142857164,-0.08069511355815383,"FILT-01..03,SETUP-01..02,ENTRY-01,STOP-01,EXIT-01,SIZE-01"
LHM-2007-08-16,2007-08-16,-1,498,930,959,139.68,139.67000000000002,141.73,141.73999999999998,eod,146.85142857142858,-0.008445706174591838,-0.008658623136976518,0.6549136786188574,-2.0699999999999648,-0.014819587628865726,-148.19587628865725,-0.009705550649634962,105365.49927769417,7.171428571428578,-0.28864541832668805,"FILT-01..03,SETUP-01..02,ENTRY-01,STOP-01,EXIT-01,SIZE-01"
LHM-2007-08-17,2007-08-17,1,468,930,959,144.49,144.5,144.74,144.73000000000002,eod,137.14285714285714,0.01721583292175266,0.019544203767727364,0.6421423948220057,0.2300000000000182,0.0015918056612915646,15.918056612915647,0.0010221658994329919,105473.20029803255,7.34714285714287,0.03130468598094739,"FILT-01..03,SETUP-01..02,ENTRY-01,STOP-01,EXIT-01,SIZE-01"
LHM-2007-08-22,2007-08-22,1,410,930,959,146.3,146.31,146.66,146.65,eod,137.83,0.009383840474711747,0.009521838128751847,0.5696933962264149,0.3400000000000034,0.002323991797676031,23.239917976760314,0.0013239627800203896,105612.84288951677,8.469999999999999,0.04014167650531328,"FILT-01..03,SETUP-01..02,ENTRY-01,STOP-01,EXIT-01,SIZE-01"
LHM-2007-08-27,2007-08-27,-1,472,930,959,147.26,147.25,146.92,146.92999999999998,eod,154.76,-0.002969762419006483,-0.0060745140388769325,0.6584888888888889,0.3200000000000216,0.002173027298655586,21.73027298655586,0.0014309143314169407,105763.96581998905,7.5,0.042666666666669545,"FILT-01..03,SETUP-01..02,ENTRY-01,STOP-01,EXIT-01,SIZE-01"
LHM-2007-08-28,2007-08-28,-1,500,930,959,144.23,144.22,143.66,143.67,eod,151.4085714285714,-0.007691260549959167,-0.018309283964062062,0.6822155887230514,0.5500000000000114,0.003813353671219659,38.13353671219659,0.002601529319820329,106039.11387805022,7.178571428571416,0.07661691542288729,"FILT-01..03,SETUP-01..02,ENTRY-01,STOP-01,EXIT-01,SIZE-01"
LHM-2007-08-29,2007-08-29,1,482,930,959,146.13,146.14,146.71,146.70000000000002,eod,138.92142857142858,0.004246136711680393,0.017193373242377907,0.6643017571673936,0.5600000000000307,0.0038322042017383887,38.322042017383886,0.0025457399850390807,106309.06189022768,7.2085714285714175,0.07768529528339717,"FILT-01..03,SETUP-01..02,ENTRY-01,STOP-01,EXIT-01,SIZE-01"
LHM-2007-08-30,2007-08-30,-1,505,930,959,146.19,146.18,146.14,146.14999999999998,eod,153.23285714285714,-0.004498670847249642,-0.0034762456546930665,0.6953551357573298,0.03000000000002956,0.00020521239482884984,2.0521239482884983,0.00014269549266530165,106324.23171418889,7.0428571428571445,0.00425963488844233,"FILT-01..03,SETUP-01..02,ENTRY-01,STOP-01,EXIT-01,SIZE-01"
LHM-2007-08-31,2007-08-31,1,513,930,959,148.06,148.07,147.47,147.46,eod,141.25142857142856,0.010606267962228078,0.013206514301354888,0.7144213981423286,-0.6099999999999852,-0.004119951371065684,-41.199513710656845,-0.00294338141879515,106011.27894619368,6.80857142857144,-0.08959295006294354,"FILT-01..03,SETUP-01..02,ENTRY-01,STOP-01,EXIT-01,SIZE-01"
LHM-2007-09-04,2007-09-04,1,502,930,959,149.88,149.89,149.23,149.22,eod,142.9542857142857,0.004882348952329307,0.016342306909880033,0.7097703520352033,-0.6699999999999875,-0.004470242860955348,-44.70242860955348,-0.0031728458491031316,105674.92149983114,6.925714285714292,-0.09674092409240734,"FILT-01..03,SETUP-01..02,ENTRY-01,STOP-01,EXIT-01,SIZE-01"
LHM-2007-09-05,2007-09-05,-1,522,930,959,147.54,147.53,147.56,147.57,eod,154.36142857142858,-0.008376331836762008,-0.011324800643302324,0.7292216404886562,-0.03999999999999204,-0.0002711129185305141,-2.7111291853051407,-0.00019770140720848888,105654.02941914396,6.821428571428584,-0.005863874345548561,"FILT-01..03,SETUP-01..02,ENTRY-01,STOP-01,EXIT-01,SIZE-01"
LHM-2007-09-07,2007-09-07,-1,588,930,959,145.44,145.43,145.84,145.85,eod,151.54,-0.011870236730289419,-0.01908680110609029,0.810218579234973,-0.4199999999999875,-0.0028877887788778017,-28.87788778877802,-0.00233974012155307,105406.82644750824,6.099999999999994,-0.06885245901639146,"FILT-01..03,SETUP-01..02,ENTRY-01,STOP-01,EXIT-01,SIZE-01"
LHM-2007-09-11,2007-09-11,1,721,930,959,147.53,147.54,147.64,147.63,eod,142.7242857142857,0.007628341694728924,0.013882207408425717,1.009284581847007,0.09000000000000341,0.0006100454144919909,6.100454144919909,0.0006157094310732332,105471.72642465147,4.805714285714288,0.018727705112961464,"FILT-01..03,SETUP-01..02,ENTRY-01,STOP-01,EXIT-01,SIZE-01"
LHM-2007-09-13,2007-09-13,1,726,930,959,148.95,148.95999999999998,148.81,148.8,eod,144.1614285714286,0.005689515036575443,0.008940666486047188,1.0255830108167112,-0.15999999999996817,-0.0010741859684455736,-10.741859684455736,-0.001101666879695476,105355.53171690513,4.788571428571402,-0.03341288782815583,"FILT-01..03,SETUP-01..02,ENTRY-01,STOP-01,EXIT-01,SIZE-01"
LHM-2007-09-17,2007-09-17,-1,775,930,959,148.26,148.25,148.13,148.14,eod,152.81142857142856,-0.003693258125167742,-0.004431909750201468,1.0906465787821713,0.11000000000001364,0.0007419398354243467,7.419398354243468,0.000809194143167771,105440.78479612077,4.551428571428573,0.0241682360326458,"FILT-01..03,SETUP-01..02,ENTRY-01,STOP-01,EXIT-01,SIZE-01"
LHM-2007-09-18,2007-09-18,1,757,930,959,152.04,152.04999999999998,152.4,152.39000000000001,eod,147.5314285714286,0.0033079052183893065,0.02646324174711423,1.0927494994203817,0.34000000000003183,0.0022362536174692967,22.362536174692966,0.002443665021066592,105698.44675372087,4.5085714285714005,0.07541191381496316,"FILT-01..03,SETUP-01..02,ENTRY-01,STOP-01,EXIT-01,SIZE-01"
LHM-2007-09-19,2007-09-19,1,752,930,959,153.53,153.54,153.37,153.36,eod,148.89142857142855,0.008727034120734833,0.00748031496062973,1.092808850645359,-0.1799999999999784,-0.001172409301113648,-11.72409301113648,-0.0012812192608359343,105563.02386789957,4.638571428571453,-0.03880505081613311,"FILT-01..03,SETUP-01..02,ENTRY-01,STOP-01,EXIT-01,SIZE-01"
LHM-2007-09-20,2007-09-20,-1,693,930,959,152.48,152.47,152.33,152.34,eod,157.58714285714285,-0.002347264784508196,-0.0058029601617005655,1.001016317016317,0.12999999999999545,0.0008525708289611455,8.525708289611455,0.0008534373112022343,105653.11529115176,5.107142857142861,0.025454545454544543,"FILT-01..03,SETUP-01..02,ENTRY-01,STOP-01,EXIT-01,SIZE-01"
LHM-2007-09-24,2007-09-24,-1,722,930,959,151.78,151.77,151.55,151.56,eod,156.66714285714286,-0.0016418204505155298,-0.0032179680830104473,1.0385754652635688,0.21000000000000796,0.0013835814995388587,13.835814995388587,0.0014369537996136363,105804.93393661041,4.887142857142862,0.0429698918444915,"FILT-01..03,SETUP-01..02,ENTRY-01,STOP-01,EXIT-01,SIZE-01"
LHM-2007-09-26,2007-09-26,1,765,930,959,152.71,152.72,152.37,152.36,eod,148.13285714285715,0.002835850425377595,0.007122601068390244,1.104255097794424,-0.3599999999999852,-0.002357409468927937,-23.574094689279367,-0.00260318142365252,105529.50449805585,4.57714285714286,-0.07865168539325515,"FILT-01..03,SETUP-01..02,ENTRY-01,STOP-01,EXIT-01,SIZE-01"
LHM-2007-09-27,2007-09-27,1,767,930,959,153.0,153.01,152.95,152.94,eod,148.42857142857144,0.0017720023626697223,0.004069042462427008,1.1134669589727528,-0.06999999999999318,-0.0004575163398692365,-4.575163398692364,-0.0005094293276345431,105475.7446735338,4.571428571428555,-0.015312499999998562,"FILT-01..03,SETUP-01..02,ENTRY-01,STOP-01,EXIT-01,SIZE-01"
LHM-2007-10-01,2007-10-01,1,880,930,959,154.54,154.54999999999998,154.52,154.51000000000002,eod,150.61,0.004525480422378214,0.013642027939922752,1.2899323181049063,-0.03999999999996362,-0.0002588326646820475,-2.588326646820475,-0.00033387661915458344,105440.52878849939,3.9299999999999784,-0.010178117048336856,"FILT-01..03,SETUP-01..02,ENTRY-01,STOP-01,EXIT-01,SIZE-01"
LHM-2007-10-03,2007-10-03,-1,913,930,959,153.7,153.69,153.8,153.81,eod,157.57428571428574,-0.006022145956096625,-0.004662306546655448,1.3321133703019095,-0.12000000000000455,-0.0007807417046194181,-7.807417046194181,-0.0010400364634758309,105330.86679383117,3.8742857142857474,-0.030973451327434537,"FILT-01..03,SETUP-01..02,ENTRY-01,STOP-01,EXIT-01,SIZE-01"
LHM-2007-11-02,2007-11-02,-1,669,930,959,150.24,150.23000000000002,151.12,151.13,eod,155.4942857142857,-0.004775169120572964,-0.0036476986337711237,0.9547354138398925,-0.8999999999999773,-0.005990415335463107,-59.90415335463107,-0.0057192616643762075,104728.45200530169,5.254285714285686,-0.17128874388254145,"FILT-01..03,SETUP-01..02,ENTRY-01,STOP-01,EXIT-01,SIZE-01"
LHM-2007-11-05,2007-11-05,-1,666,930,959,150.73,150.72,150.19,150.2,eod,155.9842857142857,-0.0061540497617788015,-0.0025807305452620888,0.9587094435381562,0.5200000000000102,0.0034498772639820225,34.498772639820224,0.003307429912027142,105074.83402010432,5.2542857142857144,0.09896682979880564,"FILT-01..03,SETUP-01..02,ENTRY-01,STOP-01,EXIT-01,SIZE-01"
LHM-2007-11-06,2007-11-06,1,658,930,959,151.51,151.51999999999998,152.09,152.08,eod,146.2242857142857,0.0051268393368399945,0.008722285105533079,0.948939434967056,0.5600000000000307,0.003696125668272924,36.96125668272924,0.003507399403218141,105443.37343023968,5.285714285714278,0.10594594594595191,"FILT-01..03,SETUP-01..02,ENTRY-01,STOP-01,EXIT-01,SIZE-01"
LHM-2007-11-07,2007-11-07,-1,682,930,959,148.6,148.59,147.58,147.59,eod,153.88285714285715,-0.009007824314550605,-0.02288118876980727,0.9614648243475137,1.0,0.006729475100942127,67.29475100942126,0.006470153595878289,106125.60825200088,5.282857142857154,0.1892915089237422,"FILT-01..03,SETUP-01..02,ENTRY-01,STOP-01,EXIT-01,SIZE-01"
LHM-2007-11-13,2007-11-13,1,611,930,959,147.57,147.57999999999998,148.2,148.19,eod,141.9242857142857,0.011111882769636816,0.0248628376970621,0.8501433873144398,0.6100000000000136,0.00413363149691681,41.3363149691681,0.0035141794826985154,106498.55268710895,5.645714285714291,0.10804655870445576,"FILT-01..03,SETUP-01..02,ENTRY-01,STOP-01,EXIT-01,SIZE-01"
LHM-2007-11-14,2007-11-14,1,620,930,959,148.7,148.70999999999998,147.1,147.09,eod,143.00142857142856,0.003103913630229549,0.003373819163292824,0.8668839308097264,-1.6199999999999761,-0.010894418291862652,-108.94418291862651,-0.00944419615273528,105492.75946554948,5.698571428571427,-0.28428177488091844,"FILT-01..03,SETUP-01..02,ENTRY-01,STOP-01,EXIT-01,SIZE-01"
LHM-2007-11-15,2007-11-15,-1,620,930,959,145.54,145.53,145.35,145.35999999999999,eod,151.26857142857142,-0.0019714479945615038,-0.010605030591434361,0.855943474646716,0.17000000000001592,0.0011680637625396174,11.680637625396173,0.0009997965555170768,105598.23076309513,5.728571428571428,0.029675810473818245,"FILT-01..03,SETUP-01..02,ENTRY-01,STOP-01,EXIT-01,SIZE-01"
LHM-2007-11-19,2007-11-19,-1,595,930,959,144.07,144.06,143.54,143.54999999999998,eod,150.06,-0.007943029307039162,-0.01348945494385101,0.8126878130217021,0.5100000000000193,0.003539945859651693,35.39945859651693,0.0028768708588955633,105902.0232359284,5.990000000000009,0.08514190317195636,"FILT-01..03,SETUP-01..02,ENTRY-01,STOP-01,EXIT-01,SIZE-01"
LHM-2007-11-21,2007-11-21,-1,528,930,959,142.67,142.66,141.81,141.82,eod,149.43714285714287,-0.007766990291261933,-0.010540915395284234,0.7113460183227622,0.8400000000000034,0.005887712903904139,58.877129039041385,0.004188201131219757,106345.56220944357,6.767142857142886,0.12412919569347686,"FILT-01..03,SETUP-01..02,ENTRY-01,STOP-01,EXIT-01,SIZE-01"
LHM-2007-11-27,2007-11-27,1,528,930,959,141.71,141.72,143.09,143.08,eod,135.04285714285714,0.008309659090909083,0.006463068181818077,0.7039497178772948,1.3600000000000136,0.00959706442735173,95.9706442735173,0.006755850796084472,107064.0169605563,6.6671428571428635,0.20398542961217242,"FILT-01..03,SETUP-01..02,ENTRY-01,STOP-01,EXIT-01,SIZE-01"
LHM-2007-11-28,2007-11-28,1,521,930,959,147.36,147.37,147.25,147.24,eod,140.70714285714286,0.014676077992871628,0.029771472499825258,0.7180143369175632,-0.12999999999999545,-0.0008821932681867226,-8.821932681867226,-0.0006334274144902276,106996.19967710803,6.652857142857158,-0.01954047670173859,"FILT-01..03,SETUP-01..02,ENTRY-01,STOP-01,EXIT-01,SIZE-01"
LHM-2007-11-30,2007-11-30,1,568,930,959,147.94,147.95,148.44,148.43,eod,141.68285714285716,0.011000203707475897,0.004481564473416189,0.7857992225017157,0.4800000000000182,0.0032445586048399228,32.44558604839923,0.002549571629044463,107268.99415222036,6.2571428571428385,0.07671232876712643,"FILT-01..03,SETUP-01..02,ENTRY-01,STOP-01,EXIT-01,SIZE-01"
LHM-2007-12-03,2007-12-03,-1,575,930,959,147.78,147.77,147.55,147.56,eod,154.01999999999998,-0.00410940447318775,-0.004446240905416343,0.7929487179487189,0.21000000000000796,0.001421031262687833,14.21031262687833,0.0011268049179133663,107389.8653823707,6.239999999999981,0.03365384615384753,"FILT-01..03,SETUP-01..02,ENTRY-01,STOP-01,EXIT-01,SIZE-01"
LHM-2007-12-04,2007-12-04,-1,597,930,959,146.88,146.87,146.56,146.57,eod,152.88285714285715,-0.00406641816333464,-0.004676380887834619,0.8166113219481355,0.30000000000001137,0.0020424836601307963,20.424836601307963,0.0016679152817568757,107568.98257994777,6.002857142857152,0.049976201808664356,"FILT-01..03,SETUP-01..02,ENTRY-01,STOP-01,EXIT-01,SIZE-01"
LHM-2007-12-05,2007-12-05,1,633,930,959,148.49,148.5,148.86,148.85000000000002,eod,142.89714285714285,0.010371179039301293,0.013100436681222627,0.8750597065847844,0.35000000000002274,0.0023570610815544664,23.570610815544665,0.0020625691784274657,107790.85104797197,5.592857142857156,0.06257982120051478,"FILT-01..03,SETUP-01..02,ENTRY-01,STOP-01,EXIT-01,SIZE-01"
LHM-2007-12-06,2007-12-06,1,634,930,959,150.8,150.81,151.11,151.10000000000002,eod,145.21428571428572,0.002015316404675449,0.01303237941690183,0.8883375959079299,0.29000000000002046,0.0019230769230770587,19.230769230770587,0.0017083415305922933,107974.99463543511,5.585714285714289,0.051918158567778566,"FILT-01..03,SETUP-01..02,ENTRY-01,STOP-01,EXIT-01,SIZE-01"
LHM-2007-12-10,2007-12-10,1,665,930,959,151.77,151.78,152.03,152.02,eod,146.40714285714287,0.004577418070850436,0.006899296802441279,0.9351945404590996,0.2400000000000091,0.0015813401858075316,15.813401858075316,0.0014788607083757817,108134.67461248854,5.362857142857138,0.04475226425146684,"FILT-01..03,SETUP-01..02,ENTRY-01,STOP-01,EXIT-01,SIZE-01"
LHM-2007-12-14,2007-12-14,-1,694,930,959,147.56,147.55,147.18,147.19,eod,152.81428571428572,-0.007903020561248475,-0.011720581340834535,0.9472267536704754,0.36000000000001364,0.0024396855516401034,24.396855516401033,0.002310935425056818,108384.56686272753,5.2542857142857144,0.06851549755302054,"FILT-01..03,SETUP-01..02,ENTRY-01,STOP-01,EXIT-01,SIZE-01"
LHM-2007-12-17,2007-12-17,-1,732,930,959,145.15,145.14000000000001,145.07,145.07999999999998,eod,150.1385714285714,-0.006590569370838462,-0.013860578883000518,0.981480422977996,0.060000000000030695,0.00041336548398229896,4.13365483982299,0.00040571013006345083,108428.53957944627,4.98857142857139,0.012027491408940954,"FILT-01..03,SETUP-01..02,ENTRY-01,STOP-01,EXIT-01,SIZE-01"
LHM-2007-12-18,2007-12-18,1,722,930,959,145.98,145.98999999999998,145.82,145.81,eod,141.01857142857145,0.006686427242021065,0.006341766043978847,0.9726915708812273,-0.1799999999999784,-0.0012330456226878916,-12.330456226878916,-0.0011993730837005063,108298.49330756972,4.9614285714285415,-0.03627987330837479,"FILT-01..03,SETUP-01..02,ENTRY-01,STOP-01,EXIT-01,SIZE-01"
LHM-2007-12-20,2007-12-20,1,738,930,959,146.07,146.07999999999998,146.53,146.52,eod,141.1942857142857,0.002746875429199269,0.0030902348578492056,0.9955464400820413,0.44000000000002615,0.0030122543985762044,30.122543985762043,0.0029988391431240106,108623.26306844181,4.875714285714281,0.09024318781131514,"FILT-01..03,SETUP-01..02,ENTRY-01,STOP-01,EXIT-01,SIZE-01"
LHM-2007-12-21,2007-12-21,1,754,930,959,148.19,148.2,148.19,148.18,eod,143.4457142857143,0.005186651197706782,0.011328738142359907,1.0295192211181388,-0.01999999999998181,-0.00013496187327067825,-1.3496187327067826,-0.00013894584265027363,108608.17031762334,4.744285714285695,-0.004215597711528854,"FILT-01..03,SETUP-01..02,ENTRY-01,STOP-01,EXIT-01,SIZE-01"
LHM-2007-12-27,2007-12-27,-1,792,930,959,147.93,147.92000000000002,147.52,147.53,eod,152.54714285714286,-0.005754047905794257,-0.010236852669610608,1.079022277227724,0.3900000000000148,0.002636382072602006,26.36382072602006,0.0028447149876213635,108917.12960750403,4.617142857142852,0.08446782178218151,"FILT-01..03,SETUP-01..02,ENTRY-01,STOP-01,EXIT-01,SIZE-01"
LHM-2007-12-31,2007-12-31,-1,780,930,959,147.15,147.14000000000001,146.42,146.42999999999998,eod,151.8242857142857,-0.0048119281599458,-0.002643171806167466,1.054466564573763,0.7100000000000364,0.004825008494733512,48.250084947335125,0.00508781013148087,109471.2792830129,4.674285714285702,0.15189486552568054,"FILT-01..03,SETUP-01..02,ENTRY-01,STOP-01,EXIT-01,SIZE-01"
LHM-2008-01-04,2008-01-04,-1,950,930,959,141.58,141.57000000000002,140.93,140.94,eod,145.50857142857143,-0.010383497161844057,-0.01986709123632846,1.2288491918823656,0.6300000000000239,0.004449781042520298,44.49781042520298,0.0054681098381545385,110069.88026225571,3.9285714285714164,0.16036363636364293,"FILT-01..03,SETUP-01..02,ENTRY-01,STOP-01,EXIT-01,SIZE-01"
LHM-2008-01-09,2008-01-09,1,830,930,959,139.72,139.73,140.78,140.77,eod,135.32999999999998,0.003746127800590804,0.006555723651033851,1.0539863325740295,1.0400000000000205,0.007443458345262099,74.434583452621,0.007845303362990354,110933.41186404113,4.390000000000015,0.2369020501138991,"FILT-01..03,SETUP-01..02,ENTRY-01,STOP-01,EXIT-01,SIZE-01"
LHM-2008-01-11,2008-01-11,-1,821,930,959,139.99,139.98000000000002,140.01,140.01999999999998,eod,144.57,-0.00782792665726384,-0.012623413258110117,1.0365497076023362,-0.03999999999996362,-0.0002857346953351212,-2.857346953351212,-0.0002961782149014625,110900.5558041423,4.579999999999984,-0.008733624454140559,"FILT-01..03,SETUP-01..02,ENTRY-01,STOP-01,EXIT-01,SIZE-01"
LHM-2008-01-14,2008-01-14,1,773,930,959,141.28,141.29,141.46,141.45000000000002,eod,136.54571428571427,0.004571102064138355,0.009070780658524402,0.9857875678937811,0.160000000000025,0.0011325028312572552,11.325028312572552,0.0011164072116579106,111024.36598441891,4.734285714285733,0.0337960168980136,"FILT-01..03,SETUP-01..02,ENTRY-01,STOP-01,EXIT-01,SIZE-01"
LHM-2008-01-15,2008-01-15,-1,793,930,959,138.7,138.69,137.95,137.95999999999998,eod,143.45857142857142,-0.011310617842499648,-0.01951081577831204,0.9909136395476807,0.7300000000000182,0.005263157894736974,52.63157894736974,0.005215334944987924,111603.39524008258,4.758571428571429,0.15340738516962255,"FILT-01..03,SETUP-01..02,ENTRY-01,STOP-01,EXIT-01,SIZE-01"
LHM-2008-01-22,2008-01-22,-1,440,930,959,131.07,131.06,131.02,131.03,eod,139.60857142857142,-0.029889048230055115,-0.010717790021888551,0.5172215715799447,0.030000000000001137,0.000228885328450455,2.28885328450455,0.00011838442929273618,111616.6073443352,8.53857142857143,0.0035134682951314692,"FILT-01..03,SETUP-01..02,ENTRY-01,STOP-01,EXIT-01,SIZE-01"
LHM-2008-01-24,2008-01-24,1,376,930,959,134.46,134.47,135.0,134.99,eod,124.61857142857143,0.005754427920185323,0.004857633958597951,0.45322010935307466,0.5200000000000102,0.0038673211363975174,38.67321136397517,0.0017527477083415397,111812.24309707084,9.84142857142858,0.05283785745391303,"FILT-01..03,SETUP-01..02,ENTRY-01,STOP-01,EXIT-01,SIZE-01"
LHM-2008-02-01,2008-02-01,1,349,930,959,139.25,139.26,139.45,139.44,eod,128.72,0.008883710769678865,0.013908104565644841,0.43513941698352354,0.18000000000000682,0.0012926391382406235,12.926391382406235,0.0005624782409841092,111875.13505088857,10.530000000000001,0.01709401709401774,"FILT-01..03,SETUP-01..02,ENTRY-01,STOP-01,EXIT-01,SIZE-01"
LHM-2008-02-04,2008-02-04,-1,360,930,959,138.41,138.4,138.0,138.01,eod,148.85142857142856,-0.0057368232341339365,-0.007386159913947643,0.4456085090842692,0.3900000000000148,0.0028177154829854404,28.177154829854405,0.0012555979953968036,112015.6052461932,10.44142857142856,0.037351210835957126,"FILT-01..03,SETUP-01..02,ENTRY-01,STOP-01,EXIT-01,SIZE-01"
LHM-2008-02-05,2008-02-05,-1,369,930,959,134.18,134.17000000000002,133.7,133.70999999999998,eod,144.55285714285714,-0.014130434782608559,-0.027753623188405907,0.44303797468354444,0.4600000000000364,0.0034282307348340764,34.282307348340765,0.0015188364015087685,112185.73862497816,10.372857142857129,0.04434650874535545,"FILT-01..03,SETUP-01..02,ENTRY-01,STOP-01,EXIT-01,SIZE-01"
LHM-2008-02-12,2008-02-12,1,541,930,959,134.74,134.75,134.94,134.93,eod,127.87285714285714,0.009110596669404725,0.006123515794190126,0.6509513888888893,0.18000000000000682,0.0013359061896987294,13.359061896987294,0.0008696099896096518,112283.29646397819,6.867142857142866,0.026211774495528313,"FILT-01..03,SETUP-01..02,ENTRY-01,STOP-01,EXIT-01,SIZE-01"
LHM-2008-02-13,2008-02-13,1,596,930,959,136.74,136.75,136.71,136.70000000000002,eod,130.5457142857143,0.00637320290499499,0.013339261894175225,0.7261531365313656,-0.04999999999998295,-0.00036565745209874903,-3.6565745209874905,-0.0002655233057375742,112253.48263192196,6.194285714285712,-0.008071955719554446,"FILT-01..03,SETUP-01..02,ENTRY-01,STOP-01,EXIT-01,SIZE-01"
LHM-2008-02-15,2008-02-15,-1,676,930,959,134.61,134.60000000000002,135.06,135.07,eod,140.1557142857143,-0.006518035701059133,-0.002962743500481313,0.8114975098746352,-0.46999999999997044,-0.003491568234157718,-34.91568234157718,-0.0028333989275763655,111935.42373461595,5.545714285714297,-0.08475012879958234,"FILT-01..03,SETUP-01..02,ENTRY-01,STOP-01,EXIT-01,SIZE-01"
LHM-2008-02-28,2008-02-28,-1,663,930,959,136.93,136.92000000000002,136.99,137.0,eod,142.59857142857143,-0.005212858384013863,-0.00861569649580074,0.8121975806451625,-0.07999999999998408,-0.0005842401226903095,-5.842401226903095,-0.00047451841416490224,111882.30831485652,5.6685714285714255,-0.014112903225803651,"FILT-01..03,SETUP-01..02,ENTRY-01,STOP-01,EXIT-01,SIZE-01"
LHM-2008-02-29,2008-02-29,-1,700,930,959,133.7,133.69,133.23,133.23999999999998,eod,139.16571428571427,-0.01343163734579167,-0.02394335352945476,0.8369817578772816,0.45000000000001705,0.003365744203440666,33.657442034406664,0.0028170664999610396,112197.4882175486,5.465714285714284,0.08233141662310821,"FILT-01..03,SETUP-01..02,ENTRY-01,STOP-01,EXIT-01,SIZE-01"
LHM-2008-03-03,2008-03-03,-1,651,930,959,132.92,132.91,133.41,133.42,eod,138.68428571428572,-0.004728664715154207,-0.0022517451024542945,0.7717725918570021,-0.5099999999999909,-0.0038368943725548524,-38.368943725548526,-0.002961209914588204,111865.2479030469,5.764285714285734,-0.08847583643122489,"FILT-01..03,SETUP-01..02,ENTRY-01,STOP-01,EXIT-01,SIZE-01"
LHM-2008-03-04,2008-03-04,-1,662,930,959,132.46,132.45000000000002,132.92,132.92999999999998,eod,138.12571428571428,-0.004722284686305311,-0.007120905479349293,0.7848966212808887,-0.47999999999996135,-0.003623735467310594,-36.23735467310594,-0.0028442577247078074,111547.0743075723,5.665714285714273,-0.08472012102873769,"FILT-01..03,SETUP-01..02,ENTRY-01,STOP-01,EXIT-01,SIZE-01"
LHM-2008-03-05,2008-03-05,1,601,930,959,133.28,133.29,133.7,133.69,eod,127.11285714285715,0.0057177249473368,0.002708396027685911,0.7184310091884808,0.4000000000000057,0.0030012004801921194,30.012004801921194,0.0021561554897613776,111787.58714420738,6.167142857142849,0.06485985638174759,"FILT-01..03,SETUP-01..02,ENTRY-01,STOP-01,EXIT-01,SIZE-01"
LHM-2008-03-06,2008-03-06,-1,609,930,959,131.76,131.75,130.82,130.82999999999998,eod,137.96571428571426,-0.008077786088257155,-0.01451009723261032,0.7181553100061396,0.9200000000000159,0.006982392228293989,69.82392228293989,0.00501444205529493,112348.13952244323,6.205714285714265,0.1482504604051596,"FILT-01..03,SETUP-01..02,ENTRY-01,STOP-01,EXIT-01,SIZE-01"
LHM-2008-03-11,2008-03-11,1,622,930,959,131.82,131.82999999999998,132.39,132.38,eod,125.97428571428573,0.01798842483966845,0.030893164398561046,0.7303304773561817,0.5500000000000114,0.004172356243362247,41.723562433622476,0.0030471989269147954,112690.48665263689,5.845714285714266,0.0940860215053786,"FILT-01..03,SETUP-01..02,ENTRY-01,STOP-01,EXIT-01,SIZE-01"
LHM-2008-03-14,2008-03-14,-1,627,930,959,129.95,129.94,129.25,129.26,eod,136.0157142857143,-0.018875075803517105,-0.015009096422073931,0.7237557802335608,0.6800000000000068,0.005232781839168964,52.32781839168964,0.0037872561027997406,113117.27438593957,6.065714285714307,0.11210551106924237,"FILT-01..03,SETUP-01..02,ENTRY-01,STOP-01,EXIT-01,SIZE-01"
LHM-2008-03-17,2008-03-17,-1,594,930,959,128.38,128.37,127.9,127.91000000000001,eod,134.75428571428571,-0.014545454545454528,-0.006808510638297793,0.6748340419184012,0.45999999999999375,0.0035831126343666754,35.83112634366675,0.002418006381698554,113390.79267728512,6.374285714285719,0.07216494845360721,"FILT-01..03,SETUP-01..02,ENTRY-01,STOP-01,EXIT-01,SIZE-01"
LHM-2008-03-18,2008-03-18,1,562,930,959,132.4,132.41,133.32,133.31,eod,125.91000000000001,0.022595777951524454,0.03518373729476143,0.6569080636877249,0.9000000000000057,0.006797583081571039,67.9758308157104,0.004465387139871269,113897.12646468607,6.489999999999995,0.1386748844375973,"FILT-01..03,SETUP-01..02,ENTRY-01,STOP-01,EXIT-01,SIZE-01"
LHM-2008-03-24,2008-03-24,1,508,930,959,134.8,134.81,134.77,134.76000000000002,eod,127.44857142857144,0.011527160400813585,0.01559556995404221,0.6018331390076435,-0.04999999999998295,-0.00037091988130551147,-3.7091988130551146,-0.0002232318764864385,113871.70099541894,7.3514285714285705,-0.006801399144964646,"FILT-01..03,SETUP-01..02,ENTRY-01,STOP-01,EXIT-01,SIZE-01"
LHM-2008-03-26,2008-03-26,-1,549,930,959,133.77,133.76000000000002,133.83,133.84,eod,140.75714285714287,-0.006738245094409678,-0.009403924472417668,0.6452020202020201,-0.07999999999998408,-0.000598041414367826,-5.98041414367826,-0.0003858575287145947,113827.76274228233,6.987142857142857,-0.011449601308523587,"FILT-01..03,SETUP-01..02,ENTRY-01,STOP-01,EXIT-01,SIZE-01"
LHM-2008-03-31,2008-03-31,1,572,930,959,132.0,132.01,131.94,131.93,eod,125.41142857142856,0.003729071537290629,0.0046423135464230825,0.6637800389694735,-0.07999999999998408,-0.0006060606060604855,-6.060606060604855,-0.0004022909327086918,113781.97086544058,6.588571428571441,-0.012142237640934247,"FILT-01..03,SETUP-01..02,ENTRY-01,STOP-01,EXIT-01,SIZE-01"
LHM-2008-04-01,2008-04-01,1,564,930,959,136.32,136.32999999999998,136.81,136.8,eod,129.82142857142856,0.015840533575867788,0.03319690768531136,0.6767641239832928,0.4700000000000273,0.0034477699530518434,34.477699530518436,0.0023333270119730493,114047.46141153644,6.498571428571438,0.07232358760167479,"FILT-01..03,SETUP-01..02,ENTRY-01,STOP-01,EXIT-01,SIZE-01"
LHM-2008-04-07,2008-04-07,1,674,930,959,137.26,137.26999999999998,137.05,137.04000000000002,eod,131.6457142857143,0.006716799299116394,0.0021902606410164616,0.8117771568876471,-0.22999999999996135,-0.0016756520472093936,-16.756520472093936,-0.001360256054816607,113892.32766161494,5.6142857142857,-0.040966921119586094,"FILT-01..03,SETUP-01..02,ENTRY-01,STOP-01,EXIT-01,SIZE-01"
LHM-2008-04-08,2008-04-08,-1,702,930,959,136.4,136.39000000000001,136.46,136.47,eod,141.83,-0.0038672017511857115,-0.004742794600510858,0.8413136893799881,-0.07999999999998408,-0.0005865102639295021,-5.865102639295021,-0.0004934391140057599,113836.12873236154,5.430000000000007,-0.014732965009205153,"FILT-01..03,SETUP-01..02,ENTRY-01,STOP-01,EXIT-01,SIZE-01"
LHM-2008-04-09,2008-04-09,-1,797,930,959,135.16,135.15,135.39,135.39999999999998,eod,139.96428571428572,-0.0020518833357761057,-0.009526601201817475,0.9467935375161062,-0.24999999999997158,-0.0018496596626218673,-18.496596626218672,-0.0017512458151746054,113636.7736883033,4.804285714285726,-0.05203687184061245,"FILT-01..03,SETUP-01..02,ENTRY-01,STOP-01,EXIT-01,SIZE-01"
LHM-2008-04-11,2008-04-11,-1,922,930,959,133.63,133.62,133.28,133.29,eod,137.79857142857145,-0.011328527291452062,-0.017066352802707074,1.0844216524216517,0.3300000000000125,0.00246950535059502,24.6950535059502,0.002677985072956362,113941.0912719795,4.168571428571454,0.07916381082933768,"FILT-01..03,SETUP-01..02,ENTRY-01,STOP-01,EXIT-01,SIZE-01"
LHM-2008-04-15,2008-04-15,1,936,930,959,133.18,133.19,133.5,133.49,eod,129.1357142857143,0.0027859347940666357,0.0027859347940666357,1.0946308724832214,0.30000000000001137,0.002252590479050994,22.525904790509937,0.002465755081430987,114222.0420967672,4.0442857142857065,0.07417873542917992,"FILT-01..03,SETUP-01..02,ENTRY-01,STOP-01,EXIT-01,SIZE-01"
LHM-2008-04-16,2008-04-16,1,931,930,959,136.08,136.09,136.22,136.21,eod,132.06,0.009138576779026186,0.019250936329587853,1.1097256857855375,0.12000000000000455,0.0008818342151675818,8.818342151675818,0.000978594079175996,114333.81911087448,4.02000000000001,0.02985074626865777,"FILT-01..03,SETUP-01..02,ENTRY-01,STOP-01,EXIT-01,SIZE-01"
LHM-2008-04-18,2008-04-18,1,943,930,959,138.58,138.59,138.93,138.92000000000002,eod,134.60142857142858,0.0148739742086752,0.01538686987104354,1.143459006582886,0.3300000000000125,0.0023812960023092255,23.812960023092256,0.0027229143611803047,114645.14030890007,3.9785714285714278,0.08294434470377336,"FILT-01..03,SETUP-01..02,ENTRY-01,STOP-01,EXIT-01,SIZE-01"
LHM-2008-04-21,2008-04-21,-1,914,930,959,138.71,138.70000000000002,138.79,138.79999999999998,eod,142.90428571428572,-0.0033829986324047656,-0.0015115525804362262,1.1067599863434623,-0.0999999999999659,-0.0007209285559798565,-7.209285559798564,-0.000797894878770878,114553.66553857163,4.194285714285712,-0.023841961852852915,"FILT-01..03,SETUP-01..02,ENTRY-01,STOP-01,EXIT-01,SIZE-01"
LHM-2008-04-22,2008-04-22,-1,1057,930,959,137.4,137.39000000000001,137.69,137.7,eod,141.03571428571428,-0.006628719648389514,-0.010087182073636458,1.2689785788923729,-0.30999999999997385,-0.002256186317321498,-22.56186317321498,-0.0028630521066710505,114225.69242512454,3.635714285714272,-0.0852652259331955,"FILT-01..03,SETUP-01..02,ENTRY-01,STOP-01,EXIT-01,SIZE-01"
LHM-2008-04-29,2008-04-29,-1,1011,930,959,139.18,139.17000000000002,139.07,139.07999999999998,eod,142.96571428571428,-0.002220312276178249,-0.0030797879959891805,1.2326144532727972,0.09000000000003183,0.000646644632849776,6.46644632849776,0.0007970635205819152,114316.73755766981,3.7857142857142776,0.023773584905668835,"FILT-01..03,SETUP-01..02,ENTRY-01,STOP-01,EXIT-01,SIZE-01"
LHM-2008-05-02,2008-05-02,1,1027,930,959,141.15,141.16,141.34,141.33,eod,137.4457142857143,0.007591883070810157,0.0014899957428693433,1.2682607018897056,0.17000000000001592,0.0012043924902587029,12.043924902587028,0.0015274836650461929,114491.35450693054,3.704285714285703,0.045892788276132475,"FILT-01..03,SETUP-01..02,ENTRY-01,STOP-01,EXIT-01,SIZE-01"
LHM-2008-05-08,2008-05-08,1,957,930,959,139.51,139.51999999999998,139.84,139.83,eod,135.53142857142856,0.0032309017805858264,0.0016513497989660841,1.1669180131657693,0.3100000000000307,0.0022220629345568827,22.220629345568828,0.0025929652647224163,114788.22661227804,3.9785714285714278,0.07791741472173125,"FILT-01..03,SETUP-01..02,ENTRY-01,STOP-01,EXIT-01,SIZE-01"
LHM-2008-05-09,2008-05-09,-1,1030,930,959,139.19,139.18,138.93,138.94,eod,142.91,-0.008867276887871922,-0.004719679633867213,1.249687220732798,0.2400000000000091,0.0017242618004167619,17.242618004167618,0.0021547879371785535,115035.5708983123,3.719999999999999,0.06451612903226053,"FILT-01..03,SETUP-01..02,ENTRY-01,STOP-01,EXIT-01,SIZE-01"
LHM-2008-05-14,2008-05-14,1,1033,930,959,141.5,141.51,140.96,140.95000000000002,eod,137.81714285714284,0.00776353276353281,0.007834757834757733,1.2707525213343664,-0.5599999999999739,-0.0039575971731446915,-39.57597173144691,-0.005029126586199378,114457.04245034898,3.6828571428571593,-0.15205585725367726,"FILT-01..03,SETUP-01..02,ENTRY-01,STOP-01,EXIT-01,SIZE-01"
LHM-2008-06-11,2008-06-11,-1,917,930,959,134.63,134.62,133.96,133.97,eod,138.8257142857143,-0.0044806816512412695,-0.011164977229322637,1.079008152173912,0.6500000000000057,0.0048280472405853505,48.2804724058535,0.005209502331672354,115053.30667987038,4.195714285714303,0.15491998638066126,"FILT-01..03,SETUP-01..02,ENTRY-01,STOP-01,EXIT-01,SIZE-01"
LHM-2008-06-13,2008-06-13,1,896,930,959,135.55,135.56,136.4,136.39000000000001,eod,131.3057142857143,0.006024992561737497,0.008256471288307088,1.0558510041512394,0.8300000000000125,0.0061232017705644595,61.232017705644594,0.006465188738071132,115797.14802249492,4.2442857142857235,0.19555705149781472,"FILT-01..03,SETUP-01..02,ENTRY-01,STOP-01,EXIT-01,SIZE-01"
LHM-2008-06-18,2008-06-18,-1,925,930,959,134.64,134.63,134.33,134.34,eod,138.83571428571426,-0.007084870848708569,-0.006346863468634778,1.076495289978436,0.28999999999999204,0.002153891859774154,21.53891859774154,0.0023186544421697707,116065.64159414788,4.195714285714274,0.06911814776983145,"FILT-01..03,SETUP-01..02,ENTRY-01,STOP-01,EXIT-01,SIZE-01"
LHM-2008-06-20,2008-06-20,-1,913,930,959,131.62,131.61,131.59,131.6,eod,135.94428571428574,-0.015290973871733948,-0.023084916864608007,1.036079982421446,0.010000000000019327,7.597629539598333e-05,0.7597629539598333,7.8717518798317e-05,116074.77799347191,4.324285714285736,0.002312520647510239,"FILT-01..03,SETUP-01..02,ENTRY-01,STOP-01,EXIT-01,SIZE-01"
LHM-2008-06-24,2008-06-24,-1,897,930,959,131.29,131.28,131.24,131.25,eod,135.61142857142855,-0.0077489933905643404,-0.002582997796854891,1.015327823691461,0.030000000000001137,0.00022850178993069647,2.2850178993069648,0.00023200422507993742,116101.7078323916,4.321428571428555,0.006942148760330867,"FILT-01..03,SETUP-01..02,ENTRY-01,STOP-01,EXIT-01,SIZE-01"
LHM-2008-06-25,2008-06-25,1,870,930,959,132.54,132.54999999999998,132.0,131.99,eod,128.13,0.007086254190795227,0.009829320329167945,0.9942424242424249,-0.5599999999999739,-0.004225139580503801,-42.251395805038015,-0.0042008130192827215,115613.98626656833,4.409999999999997,-0.12698412698412115,"FILT-01..03,SETUP-01..02,ENTRY-01,STOP-01,EXIT-01,SIZE-01"
LHM-2008-06-26,2008-06-26,-1,915,930,959,128.89,128.88,128.21,128.22,eod,133.2,-0.011363636363636354,-0.02356060606060617,1.0208816705336443,0.6599999999999966,0.005120645511676598,51.20645511676598,0.005227573144171013,116218.36683626601,4.310000000000002,0.15313225058004554,"FILT-01..03,SETUP-01..02,ENTRY-01,STOP-01,EXIT-01,SIZE-01"
LHM-2008-07-11,2008-07-11,-1,760,930,959,124.11,124.1,124.02,124.03,eod,129.25857142857143,-0.008454298931249049,-0.01012920721008137,0.8117462079171287,0.06999999999999318,0.0005640157924421335,5.6401579244213345,0.00045783768072027616,116271.57598379542,5.1485714285714295,0.013596004439510326,"FILT-01..03,SETUP-01..02,ENTRY-01,STOP-01,EXIT-01,SIZE-01"
LHM-2008-07-15,2008-07-15,-1,713,930,959,122.43,122.42,121.45,121.46000000000001,eod,127.87857142857143,-0.014085653802312192,-0.0031753786028333453,0.7513896171997897,0.9599999999999937,0.007841215388385149,78.41215388385149,0.005891807829059817,116956.62576547386,5.448571428571427,0.1761929732564226,"FILT-01..03,SETUP-01..02,ENTRY-01,STOP-01,EXIT-01,SIZE-01"
LHM-2008-07-16,2008-07-16,1,679,930,959,123.97,123.98,124.47,124.46,eod,118.34714285714286,0.007245780156442949,0.02074927953890482,0.7199779810298098,0.47999999999998977,0.003871904493022423,38.71904493022423,0.0027876859796265334,117282.6641113447,5.622857142857143,0.08536585365853477,"FILT-01..03,SETUP-01..02,ENTRY-01,STOP-01,EXIT-01,SIZE-01"
LHM-2008-07-17,2008-07-17,1,667,930,959,125.54,125.55000000000001,125.91,125.89999999999999,eod,119.74,0.005302482525909813,0.008676789587852562,0.7141135972461269,0.3499999999999801,0.0027879560299504547,27.879560299504547,0.00199091730951195,117516.16419742964,5.800000000000011,0.060344827586203346,"FILT-01..03,SETUP-01..02,ENTRY-01,STOP-01,EXIT-01,SIZE-01"
LHM-2008-07-24,2008-07-24,-1,748,930,959,125.68,125.67,125.43,125.44000000000001,eod,131.0157142857143,-0.003899547652472357,-0.019809702074559343,0.8010174029451134,0.22999999999998977,0.0018300445576065385,18.300445576065385,0.0014658975388078283,117688.43085329678,5.335714285714289,0.04310575635876646,"FILT-01..03,SETUP-01..02,ENTRY-01,STOP-01,EXIT-01,SIZE-01"
LHM-2008-07-29,2008-07-29,1,752,930,959,125.94,125.95,126.27,126.25999999999999,eod,120.81285714285715,0.007445172776563869,0.019098486687707528,0.8049413735343381,0.30999999999998806,0.0024614895982212805,24.614895982212804,0.0019813548181327237,117921.61339280644,5.127142857142843,0.06046252438004799,"FILT-01..03,SETUP-01..02,ENTRY-01,STOP-01,EXIT-01,SIZE-01"
LHM-2008-07-30,2008-07-30,1,771,930,959,127.91,127.92,128.45,128.44,eod,122.88142857142857,0.008157123623980356,0.012988041498376512,0.8370170454545449,0.519999999999996,0.004065358455163756,40.653584551637564,0.0034027743228548205,118322.87403096909,5.028571428571425,0.10340909090909019,"FILT-01..03,SETUP-01..02,ENTRY-01,STOP-01,EXIT-01,SIZE-01"
LHM-2008-07-31,2008-07-31,-1,789,930,959,127.68,127.67,126.84,126.85000000000001,eod,132.69714285714286,-0.003114052160373526,-0.006072401712728603,0.8517097660320164,0.8199999999999932,0.0064223057644109734,64.22305764410973,0.005469940539992541,118970.09311643952,5.017142857142858,0.16343963553530613,"FILT-01..03,SETUP-01..02,ENTRY-01,STOP-01,EXIT-01,SIZE-01"
LHM-2008-08-01,2008-08-01,-1,827,930,959,126.21,126.19999999999999,126.11,126.12,eod,131.02714285714285,-0.005124566382844531,-0.004966887417218624,0.8776986951364177,0.07999999999998408,0.0006338641945961817,6.338641945961816,0.000556341776490765,119036.28114939318,4.817142857142855,0.016607354685643203,"FILT-01..03,SETUP-01..02,ENTRY-01,STOP-01,EXIT-01,SIZE-01"
LHM-2008-08-04,2008-08-04,-1,862,930,959,125.22,125.21,124.91,124.92,eod,129.84428571428572,-0.004995638728094498,-0.007136626754420838,0.9070797369502669,0.28999999999999204,0.0023159239738060377,23.159239738060375,0.0021007277089567975,119286.3439635749,4.624285714285719,0.06271238801359105,"FILT-01..03,SETUP-01..02,ENTRY-01,STOP-01,EXIT-01,SIZE-01"
LHM-2008-08-05,2008-08-05,1,896,930,959,127.82,127.83,128.42,128.41,eod,123.49428571428571,0.012328876791289689,0.023376831318549396,0.9603185063152112,0.5799999999999983,0.004537631043655127,45.376310436551265,0.004357571066052424,119806.14268460574,4.325714285714284,0.1340819022457064,"FILT-01..03,SETUP-01..02,ENTRY-01,STOP-01,EXIT-01,SIZE-01"
LHM-2008-08-07,2008-08-07,-1,942,930,959,127.28,127.27,126.88,126.89,eod,131.57857142857142,-0.009063444108761365,-0.01402122550158802,1.0010302426055164,0.37999999999999545,0.002985543683218066,29.85543683218066,0.002988619517521148,120164.19766095188,4.298571428571421,0.08840146227982629,"FILT-01..03,SETUP-01..02,ENTRY-01,STOP-01,EXIT-01,SIZE-01"
LHM-2008-08-08,2008-08-08,1,875,930,959,129.6,129.60999999999999,129.62,129.61,eod,125.10857142857142,0.003783102143757988,0.021358764186633072,0.9437466794177022,2.842170943040401e-14,2.1930331350620377e-16,2.1930331350620376e-12,2.0696677390677913e-16,120164.1976609519,4.491428571428571,6.327988740866033e-15,"FILT-01..03,SETUP-01..02,ENTRY-01,STOP-01,EXIT-01,SIZE-01"
LHM-2008-08-12,2008-08-12,-1,868,930,959,129.17,129.16,129.25,129.26,eod,133.82285714285715,-0.0043628013777267105,-0.011404515882127875,0.9339767156862736,-0.09999999999999432,-0.000774173569714286,-7.74173569714286,-0.0007230600880128673,120077.31172561519,4.652857142857158,-0.02149217070924034,"FILT-01..03,SETUP-01..02,ENTRY-01,STOP-01,EXIT-01,SIZE-01"
LHM-2008-08-15,2008-08-15,1,846,930,959,130.07,130.07999999999998,130.05,130.04000000000002,eod,125.36285714285714,0.004708970202254248,0.004091400339663487,0.9173292867981782,-0.03999999999996362,-0.00030752671638320614,-3.0752671638320614,-0.0002821032634111921,120043.43752411575,4.7071428571428555,-0.008497723823967995,"FILT-01..03,SETUP-01..02,ENTRY-01,STOP-01,EXIT-01,SIZE-01"
LHM-2008-08-18,2008-08-18,-1,902,930,959,128.09,128.08,128.25,128.26,eod,132.59142857142857,-0.0031526336024607637,-0.015071126489811681,0.9630276102824494,-0.1799999999999784,-0.0014052619252086689,-14.05261925208669,-0.0013533060336546187,119880.98201581373,4.501428571428562,-0.03998730561725965,"FILT-01..03,SETUP-01..02,ENTRY-01,STOP-01,EXIT-01,SIZE-01"
LHM-2008-08-19,2008-08-19,-1,894,930,959,126.92,126.91,127.02,127.03,eod,131.43428571428572,-0.007563352826510661,-0.010370370370370363,0.9469936708860758,-0.12000000000000455,-0.0009454774661204267,-9.454774661204267,-0.0008953611763814482,119773.64523873029,4.51428571428572,-0.026582278481013636,"FILT-01..03,SETUP-01..02,ENTRY-01,STOP-01,EXIT-01,SIZE-01"
LHM-2008-08-22,2008-08-22,1,898,930,959,129.21,129.22,129.52,129.51000000000002,eod,124.80857142857144,0.009063208063130102,0.009531994687085099,0.9693065022178945,0.29000000000002046,0.0022444083275289873,22.444083275289874,0.0021755195855058373,120034.21514977457,4.401428571428568,0.06588769879909591,"FILT-01..03,SETUP-01..02,ENTRY-01,STOP-01,EXIT-01,SIZE-01"
LHM-2008-08-25,2008-08-25,-1,912,930,959,127.05,127.03999999999999,127.08,127.09,eod,131.51857142857142,-0.008029647930821615,-0.019070413835701183,0.9661551577152595,-0.05000000000001137,-0.0003935458480913921,-3.9354584809139213,-0.0003802263509309245,119988.57497816131,4.468571428571423,-0.011189258312023019,"FILT-01..03,SETUP-01..02,ENTRY-01,STOP-01,EXIT-01,SIZE-01"
LHM-2008-08-28,2008-08-28,1,950,930,959,130.1,130.10999999999999,130.3,130.29000000000002,eod,125.93714285714286,0.006850381441693809,0.012688774715864826,1.0310973512211892,0.18000000000003524,0.0013835511145275576,13.835511145275575,0.0014265758894684887,120159.74778623684,4.162857142857135,0.043239533287585764,"FILT-01..03,SETUP-01..02,ENTRY-01,STOP-01,EXIT-01,SIZE-01"
LHM-2008-08-29,2008-08-29,-1,1034,930,959,128.89,128.88,128.69,128.7,eod,132.8042857142857,-0.0029930928626248354,-0.010821181887951115,1.1096107055961064,0.18000000000000682,0.0013965396850027685,13.965396850027686,0.001549615385268886,120345.94918009643,3.914285714285711,0.045985401459855794,"FILT-01..03,SETUP-01..02,ENTRY-01,STOP-01,EXIT-01,SIZE-01"
LHM-2008-09-04,2008-09-04,-1,1043,930,959,124.67,124.66,124.08,124.09,eod,128.6257142857143,-0.008830884651453541,-0.025633010315723515,1.0810041033067819,0.5699999999999932,0.004572070265500868,45.72070265500868,0.004942426717613366,120940.7502146807,3.9557142857143077,0.14409534127843734,"FILT-01..03,SETUP-01..02,ENTRY-01,STOP-01,EXIT-01,SIZE-01"
LHM-2008-09-08,2008-09-08,1,901,930,959,126.63,126.64,127.25,127.24,eod,122.25,0.01797175866495504,0.01612644415917841,0.9442424242424233,0.5999999999999943,0.004738213693437529,47.382136934375296,0.004474022384470099,121481.8418383358,4.3799999999999955,0.13698630136986187,"FILT-01..03,SETUP-01..02,ENTRY-01,STOP-01,EXIT-01,SIZE-01"
LHM-2008-09-10,2008-09-10,1,811,930,959,124.38,124.39,123.6,123.58999999999999,eod,119.45857142857142,0.007808687164470474,0.0117943712380022,0.8309965237543444,-0.8000000000000114,-0.006431902235086119,-64.31902235086119,-0.005344888398484363,120832.53495126756,4.921428571428578,-0.1625544267053722,"FILT-01..03,SETUP-01..02,ENTRY-01,STOP-01,EXIT-01,SIZE-01"
LHM-2008-09-15,2008-09-15,-1,779,930,959,120.8,120.78999999999999,120.34,120.35000000000001,eod,126.19142857142857,-0.028230616302186817,-0.039284294234592454,0.778913370498185,0.4399999999999835,0.0036423841059601285,36.42384105960129,0.002837101680622422,121175.34913925166,5.391428571428577,0.08161102278749023,"FILT-01..03,SETUP-01..02,ENTRY-01,STOP-01,EXIT-01,SIZE-01"
LHM-2008-09-17,2008-09-17,-1,657,930,959,118.72,118.71,116.3,116.31,eod,125.03142857142858,-0.01485067279291108,-0.02592714145060715,0.6437000150897837,2.3999999999999915,0.020215633423180522,202.15633423180523,0.013012803539550838,122752.18015143723,6.3114285714285785,0.3802625622453581,"FILT-01..03,SETUP-01..02,ENTRY-01,STOP-01,EXIT-01,SIZE-01"
LHM-2008-09-18,2008-09-18,1,570,930,959,120.26,120.27000000000001,120.59,120.58,eod,113.32714285714286,0.01926053310404141,0.034049871023215994,0.5591730201250084,0.30999999999998806,0.0025777482122067855,25.777482122067855,0.0014414072529415091,122929.11603422191,6.932857142857145,0.04471460951988287,"FILT-01..03,SETUP-01..02,ENTRY-01,STOP-01,EXIT-01,SIZE-01"
LHM-2008-09-19,2008-09-19,1,509,930,934,124.32,124.33,116.5442857142857,116.52428571428571,stop,116.5442857142857,0.03433120490919639,0.031180031511733874,0.5149646168862858,-7.805714285714288,-0.06278727707299138,-627.8727707299138,-0.032333226083226085,118954.42113327628,7.775714285714287,-1.0038581664523243,"FILT-01..03,SETUP-01..02,ENTRY-01,STOP-01,EXIT-01,SIZE-01"
LHM-2008-09-22,2008-09-22,-1,444,930,959,121.12,121.11,120.6,120.61,eod,130.31428571428572,-0.011036468330134386,-0.031429942418426116,0.4528325314294581,0.5,0.004128137384412153,41.281373844121525,0.001869354901871937,119176.78916352111,9.194285714285712,0.05438160348042263,"FILT-01..03,SETUP-01..02,ENTRY-01,STOP-01,EXIT-01,SIZE-01"
LHM-2008-09-25,2008-09-25,1,409,930,959,121.52,121.53,121.01,121.0,eod,112.04285714285713,0.012706159542241524,0.022551329518680552,0.41798814189528666,-0.5300000000000011,-0.0043614219881501085,-43.614219881501086,-0.0018230226728481109,118959.52717479879,9.477142857142866,-0.05592402773590601,"FILT-01..03,SETUP-01..02,ENTRY-01,STOP-01,EXIT-01,SIZE-01"
LHM-2008-09-26,2008-09-26,-1,416,930,959,120.5,120.49,121.36,121.37,eod,130.0614285714286,-0.014957441533757554,-0.0041318899264524145,0.4223103001296239,-0.8800000000000097,-0.007302904564315433,-73.02904564315433,-0.0030840918183740506,118592.64507032133,9.561428571428593,-0.09203645599880553,"FILT-01..03,SETUP-01..02,ENTRY-01,STOP-01,EXIT-01,SIZE-01"
LHM-2008-09-29,2008-09-29,-1,456,930,959,111.33,111.32,112.83,112.84,eod,120.75285714285714,-0.03477257745550433,-0.08272907053394862,0.4288555707001867,-1.5200000000000102,-0.013653103386329024,-136.53103386329025,-0.005855209444572785,117898.26029484873,9.42285714285714,-0.16130988477865488,"FILT-01..03,SETUP-01..02,ENTRY-01,STOP-01,EXIT-01,SIZE-01"
LHM-2008-10-01,2008-10-01,-1,364,930,959,115.9,115.89,115.99,116.0,eod,126.73285714285714,-0.012253641816623917,-0.0069408740359897525,0.3587615283267457,-0.10999999999999943,-0.0009490940465918846,-9.490940465918845,-0.0003404984306811201,117858.11612223831,10.832857142857137,-0.01015429249637342,"FILT-01..03,SETUP-01..02,ENTRY-01,STOP-01,EXIT-01,SIZE-01"
LHM-2008-10-02,2008-10-02,-1,382,930,959,111.59,111.58,111.3,111.31,eod,122.26142857142858,-0.018536080696611723,-0.03793430468143799,0.36230700580098163,0.269999999999996,0.002419571646204821,24.19571646204821,0.0008766277584574208,117961.43381839055,10.671428571428578,0.02530120481927672,"FILT-01..03,SETUP-01..02,ENTRY-01,STOP-01,EXIT-01,SIZE-01"
LHM-2008-10-06,2008-10-06,-1,371,930,959,104.86,104.85,106.27,106.28,eod,115.85142857142857,-0.034736746385377715,-0.047376557242884365,0.33049544908122974,-1.4300000000000068,-0.013637230593171913,-136.37230593171913,-0.004507042649114636,117429.77660522035,10.991428571428571,-0.1301013776969073,"FILT-01..03,SETUP-01..02,ENTRY-01,STOP-01,EXIT-01,SIZE-01"
LHM-2008-10-08,2008-10-08,1,321,930,959,101.51,101.52000000000001,98.4,98.39,eod,89.55571428571429,0.013829040986070629,0.017236196011624294,0.278254461440408,-3.1300000000000097,-0.03083440055166988,-308.3440055166988,-0.008579809519342722,116422.2514900486,11.954285714285717,-0.26183078393881526,"FILT-01..03,SETUP-01..02,ENTRY-01,STOP-01,EXIT-01,SIZE-01"
LHM-2008-10-10,2008-10-10,-1,346,930,959,90.69,90.67999999999999,90.46,90.47,eod,102.03857142857142,-0.03564032697547681,-0.011335149863760274,0.26996637242538896,0.20999999999999375,0.0023155805491233187,23.15580549123319,0.0006251288809056125,116495.03040183509,11.348571428571418,0.01850453172205385,"FILT-01..03,SETUP-01..02,ENTRY-01,STOP-01,EXIT-01,SIZE-01"
LHM-2008-10-13,2008-10-13,1,296,930,959,97.74,97.75,100.86,100.85,eod,85.59,0.03692239663939878,0.0803670130444396,0.24838001098297646,3.0999999999999943,0.03171679967260072,317.16799672600723,0.007877819051025432,117412.75717168444,12.149999999999991,0.2551440329218104,"FILT-01..03,SETUP-01..02,ENTRY-01,STOP-01,EXIT-01,SIZE-01"
LHM-2008-10-15,2008-10-15,-1,297,930,959,93.37,93.36,90.71,90.72,eod,107.45285714285714,-0.02932052436705701,-0.06554588211748236,0.23669678205258354,2.6400000000000006,0.02827460640462676,282.7460640462676,0.006692508349778523,118198.54302942644,14.082857142857137,0.18746195982958017,"FILT-01..03,SETUP-01..02,ENTRY-01,STOP-01,EXIT-01,SIZE-01"
LHM-2008-10-16,2008-10-16,1,257,930,959,93.07,93.08,94.41,94.39999999999999,eod,78.13571428571429,0.011024142872891662,0.02590673575129543,0.20260042755495997,1.3199999999999932,0.01418287310626403,141.8287310626403,0.0028734561552868354,118538.18136044027,14.934285714285707,0.08838722020279277,"FILT-01..03,SETUP-01..02,ENTRY-01,STOP-01,EXIT-01,SIZE-01"
LHM-2008-10-20,2008-10-20,1,252,930,959,97.0,97.01,98.47,98.46,eod,81.82000000000001,0.023812054852769382,0.031147018177952734,0.20656565656565662,1.4499999999999886,0.014948453608247305,149.48453608247306,0.0030878371342288632,118904.207958669,15.179999999999993,0.09552042160737742,"FILT-01..03,SETUP-01..02,ENTRY-01,STOP-01,EXIT-01,SIZE-01"
LHM-2008-10-21,2008-10-21,-1,270,930,959,96.62,96.61,95.5,95.51,eod,111.55428571428571,-0.010764699908601627,-0.018685894180968887,0.21993235697648447,1.0999999999999943,0.01138480645829015,113.8480645829015,0.0025038873180928552,119201.93069704459,14.934285714285707,0.07365601683566064,"FILT-01..03,SETUP-01..02,ENTRY-01,STOP-01,EXIT-01,SIZE-01"
LHM-2008-10-22,2008-10-22,-1,281,930,959,89.76,89.75,89.88,89.89,eod,104.78,-0.0375916230366492,-0.06010471204188472,0.2119396360408345,-0.14000000000000057,-0.001559714795008919,-15.59714795008919,-0.00033056538598169507,119162.52666481397,15.019999999999996,-0.009320905459387524,"FILT-01..03,SETUP-01..02,ENTRY-01,STOP-01,EXIT-01,SIZE-01"
LHM-2008-10-24,2008-10-24,-1,259,930,959,89.2,89.19,87.63,87.64,eod,104.82,-0.043382756727073035,-0.020428336079077458,0.19417786308381318,1.5499999999999972,0.017376681614349743,173.76681614349744,0.003374166903362218,119564.6009184074,15.61999999999999,0.09923175416133151,"FILT-01..03,SETUP-01..02,ENTRY-01,STOP-01,EXIT-01,SIZE-01"
LHM-2008-10-28,2008-10-28,1,248,930,959,91.04,91.05000000000001,94.0,93.99,eod,76.11571428571429,0.03346688663681352,0.0728258307801084,0.18953447560703232,2.9399999999999835,0.03229349736379595,322.9349736379595,0.006120731088364146,120296.42368831656,14.924285714285716,0.19699435244567706,"FILT-01..03,SETUP-01..02,ENTRY-01,STOP-01,EXIT-01,SIZE-01"
LHM-2008-10-30,2008-10-30,1,262,930,959,94.94,94.95,95.47,95.46,eod,80.07571428571428,0.03498700173310221,0.02848786828422889,0.2068894864899475,0.5099999999999909,0.0053718137771222975,53.71813777122298,0.0011113717938684574,120430.117740507,14.864285714285714,0.03431042767899987,"FILT-01..03,SETUP-01..02,ENTRY-01,STOP-01,EXIT-01,SIZE-01"
LHM-2008-11-04,2008-11-04,1,324,930,959,99.45,99.46000000000001,100.4,100.39,eod,87.41714285714285,0.01643241008681251,0.027904092600247843,0.26782127323052596,0.9299999999999926,0.00935143288084457,93.51432880844571,0.002504512660677598,120731.736495115,12.032857142857154,0.07728837706280355,"FILT-01..03,SETUP-01..02,ENTRY-01,STOP-01,EXIT-01,SIZE-01"
LHM-2008-11-05,2008-11-05,-1,371,930,959,96.53,96.52,95.44,95.45,eod,107.81142857142856,-0.014243027888446336,-0.038545816733067784,0.29665273732641095,1.0699999999999932,0.011084636900445387,110.84636900445386,0.0032882878787864676,121128.73720081673,11.281428571428563,0.09484614410535593,"FILT-01..03,SETUP-01..02,ENTRY-01,STOP-01,EXIT-01,SIZE-01"
LHM-2008-11-06,2008-11-06,-1,389,930,959,90.67,90.66,90.65,90.66000000000001,eod,101.59142857142857,-0.01236378876781219,-0.04997904442581724,0.2912927839546545,-1.4210854715202004e-14,-1.567316059909783e-16,-1.567316059909783e-12,-4.565478584279608e-17,121128.73720081673,10.921428571428564,-1.3011900981872346e-15,"FILT-01..03,SETUP-01..02,ENTRY-01,STOP-01,EXIT-01,SIZE-01"
LHM-2008-11-07,2008-11-07,1,373,930,959,91.53,91.54,93.21,93.19999999999999,eod,80.83142857142857,0.007060121345835668,0.009707666850524044,0.2824364623670273,1.6599999999999824,0.018136130230525318,181.3613023052532,0.00512230446333727,121749.19547201888,10.698571428571427,0.15516090265722898,"FILT-01..03,SETUP-01..02,ENTRY-01,STOP-01,EXIT-01,SIZE-01"
LHM-2008-11-11,2008-11-11,-1,389,930,959,90.41,90.39999999999999,90.1,90.11,eod,101.05285714285715,-0.029274639488235943,-0.019516426325490555,0.2894073874843107,0.28999999999999204,0.0032076097776793724,32.07609777679372,0.0009283059658273179,121862.21597651024,10.642857142857153,0.027248322147650234,"FILT-01..03,SETUP-01..02,ENTRY-01,STOP-01,EXIT-01,SIZE-01"
LHM-2008-11-12,2008-11-12,-1,429,930,959,85.74,85.72999999999999,85.68,85.69000000000001,eod,95.67428571428572,-0.017758046614872347,-0.048501664816870016,0.3020159938706126,0.03999999999997783,0.00046652670865381194,4.66526708653812,0.00014089852758126674,121879.38618330912,9.934285714285721,0.004026459591599721,"FILT-01..03,SETUP-01..02,ENTRY-01,STOP-01,EXIT-01,SIZE-01"
LHM-2008-11-14,2008-11-14,-1,408,930,959,90.58,90.57,87.55,87.56,eod,100.63,-0.009071038251366126,-0.010054644808743185,0.30348258706467673,3.009999999999991,0.03323029366306018,332.3029366306018,0.010084815489784436,123108.51730497596,10.049999999999997,0.2995024875621882,"FILT-01..03,SETUP-01..02,ENTRY-01,STOP-01,EXIT-01,SIZE-01"
LHM-2008-11-19,2008-11-19,-1,474,930,959,82.74,82.72999999999999,81.13,81.14,eod,91.7542857142857,-0.0070765661252900625,-0.040139211136891007,0.3187533016376125,1.5899999999999892,0.019216823785351576,192.16823785351576,0.006125426028569018,123862.6094212144,9.014285714285705,0.17638668779714636,"FILT-01..03,SETUP-01..02,ENTRY-01,STOP-01,EXIT-01,SIZE-01"
LHM-2008-11-20,2008-11-20,-1,465,930,959,77.73,77.72,75.75,75.76,eod,87.00571428571428,-0.02650067792431887,-0.04178478984346112,0.29186452872854374,1.9599999999999937,0.025215489514987696,252.15489514987695,0.00735950696395142,124774.17715782301,9.275714285714272,0.21130448174957608,"FILT-01..03,SETUP-01..02,ENTRY-01,STOP-01,EXIT-01,SIZE-01"
LHM-2008-11-21,2008-11-21,1,415,930,959,77.88,77.89,80.36,80.35,eod,68.14714285714287,0.009372937293729233,0.028250825082508202,0.25916422287390045,2.4599999999999937,0.03158705701078575,315.8705701078575,0.008186235083073878,125795.60790433406,9.732857142857128,0.2527520915896078,"FILT-01..03,SETUP-01..02,ENTRY-01,STOP-01,EXIT-01,SIZE-01"
LHM-2008-11-24,2008-11-24,1,375,930,959,86.04,86.05000000000001,84.94,84.92999999999999,eod,75.59857142857143,0.020159283225485325,0.07055749128919864,0.25678809458595825,-1.1200000000000188,-0.013017201301720347,-130.17201301720348,-0.0033426623191106235,125375.11566588262,10.441428571428574,-0.10726501573402832,"FILT-01..03,SETUP-01..02,ENTRY-01,STOP-01,EXIT-01,SIZE-01"
LHM-2008-11-25,2008-11-25,1,383,930,959,85.76,85.77000000000001,86.05,86.03999999999999,eod,74.96714285714286,0.018954556157287472,0.009653873322345241,0.262333995146702,0.2699999999999818,0.003148320895522176,31.48320895522176,0.000825911598526175,125478.66442807762,10.792857142857144,0.02501654533421406,"FILT-01..03,SETUP-01..02,ENTRY-01,STOP-01,EXIT-01,SIZE-01"
LHM-2008-12-01,2008-12-01,-1,435,930,959,83.89,83.88,82.09,82.10000000000001,eod,94.16142857142857,-0.04527252502780876,-0.06696329254727484,0.2914640359409012,1.779999999999987,0.021218262009774547,212.18262009774548,0.006184360281020387,126254.6696964821,10.271428571428572,0.17329624478442152,"FILT-01..03,SETUP-01..02,ENTRY-01,STOP-01,EXIT-01,SIZE-01"
LHM-2008-12-08,2008-12-08,1,397,930,959,92.1,92.11,91.25,91.24,eod,81.97999999999999,0.026124488868696005,0.04611540208995901,0.2899868247694333,-0.8700000000000045,-0.009446254071661287,-94.46254071661288,-0.002739289224206388,125908.82164027679,10.120000000000005,-0.08596837944664072,"FILT-01..03,SETUP-01..02,ENTRY-01,STOP-01,EXIT-01,SIZE-01"
LHM-2008-12-09,2008-12-09,-1,418,930,959,89.25,89.24,89.4,89.41000000000001,eod,99.50428571428571,-0.012273972602739769,-0.021917808219178103,0.29662394353115995,-0.17000000000001592,-0.001904761904762083,-19.04761904762083,-0.0005649979876784528,125837.68340941906,10.254285714285714,-0.016578434104208853,"FILT-01..03,SETUP-01..02,ENTRY-01,STOP-01,EXIT-01,SIZE-01"
LHM-2008-12-15,2008-12-15,-1,495,930,959,86.58,86.57,87.5,87.51,eod,95.24571428571429,-0.00576596947427932,-0.021028829847371422,0.3406227650327337,-0.9400000000000119,-0.010857010857010995,-108.57010857010995,-0.003698145058105495,125372.31740239507,8.665714285714287,-0.10847345862182793,"FILT-01..03,SETUP-01..02,ENTRY-01,STOP-01,EXIT-01,SIZE-01"
LHM-2008-12-16,2008-12-16,1,492,930,959,91.45,91.46000000000001,91.84,91.83,eod,83.34285714285714,0.012342857142857211,0.045257142857142885,0.35932183503461224,0.36999999999999034,0.004045926735921163,40.45926735921162,0.001453789819166791,125554.58240104002,8.107142857142861,0.04563876651982257,"FILT-01..03,SETUP-01..02,ENTRY-01,STOP-01,EXIT-01,SIZE-01"
LHM-2008-12-17,2008-12-17,-1,510,930,959,91.37,91.36,91.01,91.02000000000001,eod,99.61571428571428,-0.007730836236933936,-0.0050087108013938675,0.37171436831454185,0.3399999999999892,0.0037211338513734177,37.21133851373418,0.0013831989189771283,125728.24936368977,8.245714285714271,0.04123354123354,"FILT-01..03,SETUP-01..02,ENTRY-01,STOP-01,EXIT-01,SIZE-01"
LHM-2008-12-22,2008-12-22,-1,590,930,959,85.63,85.61999999999999,86.95,86.96000000000001,eod,92.96285714285715,-0.0041859938907117256,-0.03111211675528902,0.4023475094290547,-1.3400000000000176,-0.015648721242555386,-156.48721242555385,-0.006296224017691702,124936.63614034378,7.332857142857151,-0.18273913890512591,"FILT-01..03,SETUP-01..02,ENTRY-01,STOP-01,EXIT-01,SIZE-01"
LHM-2008-12-26,2008-12-26,1,642,930,959,87.199,87.209,87.13,87.11999999999999,eod,80.75571428571428,0.004390018484288216,0.0072781885397412704,0.44843102427471876,-0.08900000000001285,-0.0010206539065816449,-10.206539065816449,-0.00045769287675840014,124879.45353193617,6.443285714285722,-0.013812828414963289,"FILT-01..03,SETUP-01..02,ENTRY-01,STOP-01,EXIT-01,SIZE-01"
LHM-2008-12-30,2008-12-30,1,775,930,959,88.15,88.16000000000001,88.9,88.89,eod,82.85714285714286,0.004488433651743673,0.014501093336402482,0.5472154745838955,0.7299999999999898,0.008281338627339645,82.81338627339645,0.004531676647149609,125445.36683521567,5.2928571428571445,0.13792172739540964,"FILT-01..03,SETUP-01..02,ENTRY-01,STOP-01,EXIT-01,SIZE-01"
LHM-2008-12-31,2008-12-31,1,796,930,959,90.58,90.59,90.24,90.22999999999999,eod,85.42857142857143,0.005736782902137083,0.018897637795275424,0.5752449621002033,-0.36000000000001364,-0.003974387281960848,-39.743872819608484,-0.002286246261383098,125158.56783428082,5.151428571428568,-0.06988352745424563,"FILT-01..03,SETUP-01..02,ENTRY-01,STOP-01,EXIT-01,SIZE-01"
LHM-2009-01-05,2009-01-05,-1,823,930,959,92.24,92.22999999999999,92.8,92.81,eod,97.34857142857143,-0.010003226847370095,-0.007851995267290524,0.6066275167785232,-0.5800000000000125,-0.006287944492628063,-62.87944492628063,-0.0038144401532041526,124681.15796761621,5.108571428571437,-0.11353467561521478,"FILT-01..03,SETUP-01..02,ENTRY-01,STOP-01,EXIT-01,SIZE-01"
LHM-2009-01-06,2009-01-06,1,855,930,959,93.28,93.29,93.44,93.42999999999999,eod,88.45714285714286,0.015193965517241281,0.005280172413793194,0.6400630604000392,0.13999999999998636,0.0015008576329329584,15.008576329329584,0.0009606435297598281,124800.93211530075,4.822857142857146,0.029028436018954502,"FILT-01..03,SETUP-01..02,ENTRY-01,STOP-01,EXIT-01,SIZE-01"
LHM-2009-01-07,2009-01-07,-1,916,930,959,90.64,90.63,90.7,90.71000000000001,eod,95.30714285714285,-0.014447773972602662,-0.030072773972602773,0.6659336184076561,-0.0800000000000125,-0.0008826125330981079,-8.82612533098108,-0.0005877613578179701,124727.5789499837,4.667142857142849,-0.017141108050201668,"FILT-01..03,SETUP-01..02,ENTRY-01,STOP-01,EXIT-01,SIZE-01"
LHM-2009-01-09,2009-01-09,-1,969,930,959,89.59,89.58,89.01,89.02000000000001,eod,93.94857142857143,-0.018225735617039884,-0.016359244620114177,0.6965585054080629,0.5599999999999881,0.006250697622502378,62.506976225023784,0.004353976593687988,125270.63990931929,4.358571428571423,0.12848246476564804,"FILT-01..03,SETUP-01..02,ENTRY-01,STOP-01,EXIT-01,SIZE-01"
LHM-2009-01-12,2009-01-12,-1,1013,930,959,86.83,86.82,87.0,87.01,eod,91.06285714285714,-0.006956521739130528,-0.024379283226603765,0.7026048714479028,-0.19000000000001194,-0.0021881838074399623,-21.881838074399624,-0.0015374286027307373,125078.04524444032,4.232857142857142,-0.04488693891326641,"FILT-01..03,SETUP-01..02,ENTRY-01,STOP-01,EXIT-01,SIZE-01"
LHM-2009-01-14,2009-01-14,-1,1065,930,959,84.1,84.08999999999999,84.35,84.36,eod,88.15285714285713,-0.024454649827784114,-0.03444316877152698,0.7163670544001882,-0.27000000000001023,-0.003210463733650538,-32.104637336505384,-0.0022998704481338663,124790.38194447229,4.052857142857135,-0.06661966866408442,"FILT-01..03,SETUP-01..02,ENTRY-01,STOP-01,EXIT-01,SIZE-01"
LHM-2009-01-16,2009-01-16,1,898,930,959,84.76,84.77000000000001,84.98,84.97,eod,80.14428571428573,0.008995147354716515,0.0031956444549652296,0.6101619725575163,0.19999999999998863,0.002359603586597317,23.59603586597317,0.0014397403788520091,124970.04769625011,4.615714285714276,0.04333023831630837,"FILT-01..03,SETUP-01..02,ENTRY-01,STOP-01,EXIT-01,SIZE-01"
LHM-2009-01-20,2009-01-20,-1,886,930,959,81.14,81.13,80.62,80.63000000000001,eod,86.07108571428572,-0.025064721110849675,-0.04506942810072956,0.5756182336843984,0.4999999999999858,0.006162188809464947,61.62188809464947,0.0035470682381339783,125413.32498315157,4.9310857142857145,0.10139754791758118,"FILT-01..03,SETUP-01..02,ENTRY-01,STOP-01,EXIT-01,SIZE-01"
LHM-2009-01-21,2009-01-21,1,763,930,959,83.05,83.06,84.04,84.03,eod,77.73177142857143,0.02021830811213099,0.030141404118084747,0.5053060990591214,0.9699999999999989,0.011679711017459349,116.79711017459348,0.0059018292123702255,126153.49300815762,5.318228571428563,0.182391558950886,"FILT-01..03,SETUP-01..02,ENTRY-01,STOP-01,EXIT-01,SIZE-01"
LHM-2009-01-22,2009-01-22,-1,771,930,959,82.61,82.6,82.78,82.79,eod,88.15822857142857,-0.019419324131366045,-0.017015706806282838,0.5049058987510389,-0.19000000000001194,-0.0022999636847840688,-22.999636847840687,-0.0011612652313606512,126006.99534291255,5.548228571428567,-0.03424516447978466,"FILT-01..03,SETUP-01..02,ENTRY-01,STOP-01,EXIT-01,SIZE-01"
LHM-2009-01-26,2009-01-26,1,736,930,959,84.17,84.18,83.7,83.69,eod,78.53605714285715,0.01467934063289622,0.012754181205631099,0.49172194386406215,-0.4900000000000091,-0.005821551621718059,-58.21551621718059,-0.0028625846797361875,125646.28964850433,5.633942857142856,-0.08697283810374021,"FILT-01..03,SETUP-01..02,ENTRY-01,STOP-01,EXIT-01,SIZE-01"
LHM-2009-01-27,2009-01-27,1,718,930,959,84.94,84.95,84.58,84.57,eod,79.19462857142857,0.008602150537634357,0.014814814814814836,0.4856082908975177,-0.38000000000000966,-0.004473746173769833,-44.73746173769833,-0.002172488233353678,125373.3245626784,5.745371428571431,-0.06614019732654526,"FILT-01..03,SETUP-01..02,ENTRY-01,STOP-01,EXIT-01,SIZE-01"
LHM-2009-01-28,2009-01-28,1,712,930,959,86.7,86.71000000000001,87.43,87.42,eod,80.98034285714286,0.018207614093166402,0.025065027193190037,0.49291998854410185,0.7099999999999937,0.008189158016147563,81.89158016147563,0.004036599675505297,125879.40648392515,5.7196571428571445,0.12413331468419572,"FILT-01..03,SETUP-01..02,ENTRY-01,STOP-01,EXIT-01,SIZE-01"
LHM-2009-01-29,2009-01-29,-1,751,930,959,85.03,85.02,84.57,84.58,eod,90.77822857142858,-0.018529109001486965,-0.027336154637996102,0.5078803148142615,0.4399999999999977,0.005174644243208253,51.74644243208253,0.002628099947292414,126210.23014547076,5.748228571428584,0.07654532079448023,"FILT-01..03,SETUP-01..02,ENTRY-01,STOP-01,EXIT-01,SIZE-01"
LHM-2009-01-30,2009-01-30,-1,723,930,959,82.53,82.52,82.69,82.7,eod,88.47822857142857,-0.004020338181388028,-0.024240274328958256,0.4731271998388782,-0.18000000000000682,-0.002181025081788523,-21.81025081788523,-0.0010319022897249642,126079.99351999693,5.948228571428572,-0.03026111015044209,"FILT-01..03,SETUP-01..02,ENTRY-01,STOP-01,EXIT-01,SIZE-01"
LHM-2009-02-06,2009-02-06,1,705,930,959,86.77,86.78,86.96,86.94999999999999,eod,80.97891428571428,0.01783605008268374,0.02515946137491154,0.48562353727850177,0.1699999999999875,0.0019592024893394897,19.592024893394896,0.0009514348431178891,126199.95041885193,5.791085714285714,0.029355462582883855,"FILT-01..03,SETUP-01..02,ENTRY-01,STOP-01,EXIT-01,SIZE-01"
LHM-2009-02-10,2009-02-10,-1,829,930,959,82.8588,82.8488,82.96,82.97,eod,88.18285714285715,-0.006184100322399355,-0.049438382725823016,0.5447923921778725,-0.12120000000000175,-0.0014627293661023542,-14.627293661023542,-0.0007968838304677245,126099.38371895732,5.324057142857143,-0.022764594133368007,"FILT-01..03,SETUP-01..02,ENTRY-01,STOP-01,EXIT-01,SIZE-01"
LHM-2009-02-11,2009-02-11,1,763,930,959,83.57,83.58,83.67,83.66,eod,78.11299999999999,0.008919961427193979,0.007473481195757081,0.50582281568197,0.0799999999999983,0.0009572813210482027,9.572813210482026,0.00048421473321235775,126160.44289840302,5.457000000000008,0.014660069635330434,"FILT-01..03,SETUP-01..02,ENTRY-01,STOP-01,EXIT-01,SIZE-01"
LHM-2009-02-12,2009-02-12,-1,802,930,959,82.79,82.78,83.69,83.7,eod,88.1026142857143,-0.024261981594358772,-0.010279670132664065,0.5269507948932489,-0.9200000000000017,-0.011112453194830313,-111.12453194830313,-0.005855716044229857,125421.68316877571,5.3126142857142895,-0.17317274519136414,"FILT-01..03,SETUP-01..02,ENTRY-01,STOP-01,EXIT-01,SIZE-01"
LHM-2009-02-17,2009-02-17,-1,862,930,959,79.45,79.44,79.22,79.23,eod,84.48842857142857,-0.037689055327373766,-0.040347910123218256,0.5465727194695187,0.20999999999999375,0.0026431718061673223,26.431718061673223,0.0014446856021220328,125602.87806864353,5.038428571428568,0.04167966202614072,"FILT-01..03,SETUP-01..02,ENTRY-01,STOP-01,EXIT-01,SIZE-01"
LHM-2009-02-20,2009-02-20,-1,854,930,959,77.08,77.07,77.41,77.42,eod,82.05414285714286,-0.01124169647419515,-0.015329586101175297,0.5245794920397865,-0.3500000000000085,-0.00454073689673078,-45.4073689673078,-0.002381977454773349,125303.69484482938,4.974142857142866,-0.0703638817886802,"FILT-01..03,SETUP-01..02,ENTRY-01,STOP-01,EXIT-01,SIZE-01"
LHM-2009-02-24,2009-02-24,1,781,930,959,77.67,77.68,77.57,77.55999999999999,eod,72.51585714285714,0.008023535704733797,0.03851297138272258,0.48456404417414173,-0.12000000000001876,-0.0015449980687526556,-15.449980687526557,-0.0007486505124360255,125209.88616947368,5.154142857142858,-0.023282241747280445,"FILT-01..03,SETUP-01..02,ENTRY-01,STOP-01,EXIT-01,SIZE-01"
LHM-2009-02-27,2009-02-27,-1,801,930,959,74.17,74.16,73.97,73.98,eod,79.48057142857144,-0.015990485000660914,-0.019822915290075294,0.47496458097953764,0.1799999999999926,0.0024268572199001295,24.268572199001294,0.0011526712225470306,125354.21200203964,5.310571428571436,0.03389465755635516,"FILT-01..03,SETUP-01..02,ENTRY-01,STOP-01,EXIT-01,SIZE-01"
LHM-2009-03-02,2009-03-02,-1,838,930,959,70.92,70.91,70.58,70.59,eod,76.10688571428571,-0.019196971745302216,-0.0413546032175206,0.4745421285705906,0.3199999999999932,0.004512126339537411,45.121263395374115,0.0021411940375435103,125622.61969335937,5.186885714285708,0.06169405258316179,"FILT-01..03,SETUP-01..02,ENTRY-01,STOP-01,EXIT-01,SIZE-01"
LHM-2009-03-04,2009-03-04,1,785,930,959,72.83,72.84,71.73,71.72,eod,67.71111428571429,0.012135922330096971,0.03997715591090811,0.45519958851175335,-1.1200000000000045,-0.015378278182067892,-153.78278182067893,-0.007000185900496579,124743.23800219847,5.11888571428571,-0.21879761778512172,"FILT-01..03,SETUP-01..02,ENTRY-01,STOP-01,EXIT-01,SIZE-01"
LHM-2009-03-05,2009-03-05,-1,817,930,959,68.85,68.83999999999999,68.77,68.78,eod,74.14745714285714,-0.01742646033737627,-0.04015056461731503,0.4513486254860823,0.05999999999998806,0.0008714596949889335,8.714596949889335,0.00039333213549977566,124792.30352639104,5.297457142857141,0.011326188845319765,"FILT-01..03,SETUP-01..02,ENTRY-01,STOP-01,EXIT-01,SIZE-01"
LHM-2009-03-10,2009-03-10,1,716,930,959,72.1,72.11,72.23,72.22,eod,66.6254,0.03437637725870424,0.05935066842955794,0.4137038252561716,0.10999999999999943,0.0015256588072121975,15.256588072121975,0.0006311708845794542,124871.06879499649,5.474599999999995,0.020092792167464204,"FILT-01..03,SETUP-01..02,ENTRY-01,STOP-01,EXIT-01,SIZE-01"
LHM-2009-03-11,2009-03-11,1,702,930,959,72.96,72.97,72.6,72.58999999999999,eod,67.09825714285714,0.0177211684895473,0.010106603904194822,0.4107424575495989,-0.38000000000000966,-0.005208333333333467,-52.083333333334664,-0.0021392836330708827,124603.93416127928,5.861742857142858,-0.06482713576167175,"FILT-01..03,SETUP-01..02,ENTRY-01,STOP-01,EXIT-01,SIZE-01"
LHM-2009-03-13,2009-03-13,1,685,930,959,76.22,76.23,76.1,76.08999999999999,eod,70.2054,0.0064892067275856835,0.009270295325122246,0.41917862971721664,-0.14000000000001478,-0.0018367882445554289,-18.36788244555429,-0.0007699423794334365,124507.99631172438,6.0146000000000015,-0.023276693379445806,"FILT-01..03,SETUP-01..02,ENTRY-01,STOP-01,EXIT-01,SIZE-01"
LHM-2009-03-16,2009-03-16,1,712,930,959,76.46,76.47,75.93,75.92,eod,70.64968571428571,0.011432325886990835,0.0045992115637321085,0.4373326240121633,-0.5499999999999972,-0.007193303688202945,-71.93303688202946,-0.003145866377278166,124116.31079242504,5.810314285714284,-0.09465925128220212,"FILT-01..03,SETUP-01..02,ENTRY-01,STOP-01,EXIT-01,SIZE-01"
LHM-2009-03-19,2009-03-19,-1,719,930,959,79.1,79.08999999999999,78.89,78.9,eod,84.89531428571429,-0.004130679684566263,-0.010013768932281897,0.4587176281830439,0.18999999999998352,0.0024020227560048488,24.020227560048486,0.0011018501814762426,124253.06837199585,5.795314285714298,0.032785107180182065,"FILT-01..03,SETUP-01..02,ENTRY-01,STOP-01,EXIT-01,SIZE-01"
LHM-2009-03-20,2009-03-20,-1,721,930,959,77.17,77.16,76.71,76.72,eod,83.04714285714287,-0.007098491570541321,-0.021675751045759806,0.4482022563103642,0.4399999999999977,0.005701697550861704,57.01697550861704,0.0025555137070954934,124570.59879136915,5.877142857142871,0.07486631016042723,"FILT-01..03,SETUP-01..02,ENTRY-01,STOP-01,EXIT-01,SIZE-01"
LHM-2009-03-23,2009-03-23,1,689,930,959,81.15,81.16000000000001,82.27,82.25999999999999,eod,75.46842857142856,0.027375831052014243,0.05801068961022038,0.44926081172661303,1.09999999999998,0.013555144793591867,135.55144793591867,0.006089795353040855,125329.20824501434,5.681571428571445,0.19360840813657787,"FILT-01..03,SETUP-01..02,ENTRY-01,STOP-01,EXIT-01,SIZE-01"
LHM-2009-03-24,2009-03-24,-1,682,930,959,81.34,81.33,80.61,80.62,eod,87.53157142857144,-0.01008873222316764,-0.011304242129573261,0.44291394599417006,0.7099999999999937,0.008728792721907963,87.28792721907963,0.003866104028225448,125813.7440018647,6.191571428571436,0.11467201956576799,"FILT-01..03,SETUP-01..02,ENTRY-01,STOP-01,EXIT-01,SIZE-01"
LHM-2009-03-26,2009-03-26,1,678,930,959,82.87,82.88000000000001,83.17,83.16,eod,76.807,0.006147037128104271,0.01880993361199912,0.44719335862334364,0.2799999999999869,0.0033787860504402908,33.78786050440291,0.0015109706819660957,126003.8448804399,6.063000000000002,0.04618175820550665,"FILT-01..03,SETUP-01..02,ENTRY-01,STOP-01,EXIT-01,SIZE-01"
LHM-2009-03-27,2009-03-27,-1,728,930,959,81.8,81.78999999999999,81.62,81.63000000000001,eod,87.66442857142857,-0.014308043765780876,-0.016472285679932752,0.4727371643402922,0.15999999999998238,0.0019559902200486845,19.559902200486846,0.0009246692701031593,126120.3567637157,5.864428571428576,0.027283135611796933,"FILT-01..03,SETUP-01..02,ENTRY-01,STOP-01,EXIT-01,SIZE-01"
LHM-2009-03-30,2009-03-30,-1,753,930,959,78.43,78.42,78.8,78.81,eod,84.23565714285715,-0.0284244057828964,-0.03908600833129139,0.4686072357143443,-0.39000000000000057,-0.004972587020272861,-49.725870202728615,-0.002330190257919094,125826.4723370596,5.805657142857143,-0.06717585803009882,"FILT-01..03,SETUP-01..02,ENTRY-01,STOP-01,EXIT-01,SIZE-01"
LHM-2009-03-31,2009-03-31,1,715,930,959,80.82,80.83,79.5,79.49,eod,75.10557142857142,0.005583756345177715,0.02563451776649739,0.4596551752872845,-1.3400000000000034,-0.016580054441969853,-165.80054441969853,-0.007621107830796373,124867.53522341016,5.71442857142857,-0.2344941376465595,"FILT-01..03,SETUP-01..02,ENTRY-01,STOP-01,EXIT-01,SIZE-01"
LHM-2009-04-02,2009-04-02,1,709,930,959,83.9,83.91000000000001,83.41,83.39999999999999,eod,78.24271428571429,0.028878193261755003,0.0355423917067752,0.476594993824204,-0.5100000000000193,-0.006078665077473413,-60.78665077473413,-0.002897061345057846,124505.78631386177,5.65728571428572,-0.09014923865559282,"FILT-01..03,SETUP-01..02,ENTRY-01,STOP-01,EXIT-01,SIZE-01"
LHM-2009-04-06,2009-04-06,-1,728,930,959,83.1,83.08999999999999,83.51,83.52000000000001,eod,88.87871428571428,-0.012818991097922838,-0.013649851632047572,0.4859789209990688,-0.43000000000002103,-0.005174488567990626,-51.74488567990626,-0.002514692370994101,124192.69256287368,5.778714285714287,-0.07441101579689369,"FILT-01..03,SETUP-01..02,ENTRY-01,STOP-01,EXIT-01,SIZE-01"
LHM-2009-04-07,2009-04-07,-1,747,930,959,81.87,81.86,81.56,81.57000000000001,eod,87.53157142857143,-0.018440905280804776,-0.01951862052448816,0.4925473740973854,0.28999999999999204,0.0035422010504457314,35.42201050445731,0.0017447018259220451,124409.3717803543,5.6615714285714205,0.051222527819130156,"FILT-01..03,SETUP-01..02,ENTRY-01,STOP-01,EXIT-01,SIZE-01"
LHM-2009-04-08,2009-04-08,1,765,930,959,81.95,81.96000000000001,82.54,82.53,eod,76.55985714285714,0.008337420304070475,0.004781755762628848,0.5043774791727405,0.5699999999999932,0.006955460646735731,69.55460646735732,0.003508177707485767,124845.82196503643,5.3901428571428625,0.10574858869364577,"FILT-01..03,SETUP-01..02,ENTRY-01,STOP-01,EXIT-01,SIZE-01"
LHM-2009-04-09,2009-04-09,1,765,930,959,85.34,85.35000000000001,85.82,85.80999999999999,eod,80.08985714285714,0.030409498425005843,0.03404409983038503,0.5230529679621233,0.45999999999997954,0.005390203890320829,53.902038903208286,0.002819362142753293,125197.80754916556,5.250142857142862,0.08761666349214589,"FILT-01..03,SETUP-01..02,ENTRY-01,STOP-01,EXIT-01,SIZE-01"
LHM-2009-04-14,2009-04-14,-1,868,930,959,84.62,84.61,84.31,84.32000000000001,eod,89.49571428571429,-0.009551543389633044,-0.01432731508444951,0.5869225510303743,0.28999999999999204,0.003427085795320161,34.27085795320161,0.002011433937589268,125449.63466818171,4.875714285714281,0.05947846469381618,"FILT-01..03,SETUP-01..02,ENTRY-01,STOP-01,EXIT-01,SIZE-01"
LHM-2009-04-20,2009-04-20,-1,945,930,959,83.53,83.52,83.41,83.42,eod,88.13285714285713,-0.024790542866980347,-0.041432342476758866,0.6296170124909672,0.09999999999999432,0.0011971746677839617,11.971746677839617,0.0007537615377600041,125544.19377772062,4.6028571428571325,0.02172563625077473,"FILT-01..03,SETUP-01..02,ENTRY-01,STOP-01,EXIT-01,SIZE-01"
LHM-2009-04-24,2009-04-24,1,960,930,959,87.02,87.03,86.65,86.64,eod,82.74714285714285,0.010660731021555625,0.019447047797563233,0.6659088376239832,-0.39000000000000057,-0.004481728338313038,-44.81728338313038,-0.002984422508312501,125169.51686002244,4.2728571428571485,-0.0912738214643932,"FILT-01..03,SETUP-01..02,ENTRY-01,STOP-01,EXIT-01,SIZE-01"
LHM-2009-04-27,2009-04-27,-1,975,930,959,85.79,85.78,85.85,85.86,eod,90.12142857142857,-0.005431044431621568,-0.009809578765147209,0.6683746556473831,-0.0799999999999983,-0.0009325096165054003,-9.325096165054003,-0.0006232657938196702,125091.50298173465,4.33142857142856,-0.018469656992084086,"FILT-01..03,SETUP-01..02,ENTRY-01,STOP-01,EXIT-01,SIZE-01"
LHM-2009-04-29,2009-04-29,1,967,930,959,87.26,87.27000000000001,87.44,87.42999999999999,eod,83.04285714285714,0.015422362425516978,0.01962846126883977,0.6749239607975667,0.15999999999998238,0.0018336007334400913,18.336007334400914,0.0012375410695347098,125246.30885412436,4.217142857142861,0.03794037940378983,"FILT-01..03,SETUP-01..02,ENTRY-01,STOP-01,EXIT-01,SIZE-01"
LHM-2009-05-04,2009-05-04,1,971,930,959,90.2,90.21000000000001,90.93,90.92,eod,86.00285714285714,0.01456863191440938,0.026519462781698033,0.699442738542022,0.7099999999999937,0.00787139689578707,78.7139689578707,0.005505591400940479,125935.86385515117,4.197142857142865,0.1691626957113665,"FILT-01..03,SETUP-01..02,ENTRY-01,STOP-01,EXIT-01,SIZE-01"
LHM-2009-05-05,2009-05-05,-1,967,930,959,90.27,90.25999999999999,90.51,90.52000000000001,eod,94.64285714285714,-0.0028593423512592864,-0.007258330583965855,0.693139496896439,-0.2600000000000193,-0.0028802481444557366,-28.802481444557365,-0.001996413749784951,125684.4437649597,4.372857142857143,-0.05945769356419913,"FILT-01..03,SETUP-01..02,ENTRY-01,STOP-01,EXIT-01,SIZE-01"
LHM-2009-05-06,2009-05-06,1,970,930,959,91.54,91.55000000000001,92.14,92.13,eod,87.26,0.01149044304496738,0.011269472986410234,0.7065573770491801,0.5799999999999841,0.006336027965916365,63.36027965916365,0.004476767300508119,126247.10377298923,4.280000000000001,0.13551401869158503,"FILT-01..03,SETUP-01..02,ENTRY-01,STOP-01,EXIT-01,SIZE-01"
LHM-2009-05-08,2009-05-08,1,944,930,959,92.75,92.76,93.03,93.02,eod,88.38428571428571,0.017503302509907614,0.02102597974460596,0.693586387434555,0.2599999999999909,0.002803234501347611,28.03234501347611,0.0019442852909215956,126492.56415987649,4.36571428571429,0.059554973821987385,"FILT-01..03,SETUP-01..02,ENTRY-01,STOP-01,EXIT-01,SIZE-01"
LHM-2009-05-11,2009-05-11,-1,1029,930,959,91.46,91.44999999999999,91.19,91.2,eod,95.62528571428571,-0.018166182951736,-0.01686552724927448,0.7446655231560889,0.2499999999999858,0.002733435381587424,27.33435381587424,0.002035495088443163,126750.0391529485,4.165285714285716,0.060019892307161225,"FILT-01..03,SETUP-01..02,ENTRY-01,STOP-01,EXIT-01,SIZE-01"
LHM-2009-05-13,2009-05-13,-1,1065,930,959,88.7399,88.7299,88.7,88.71000000000001,eod,92.79714285714286,-0.015919578114700017,-0.02515930564711044,0.7459782226905516,0.0198999999999927,0.00022425087249357617,2.2425087249357616,0.00016728626729956345,126771.24269387849,4.057242857142853,0.0049048086842911984,"FILT-01..03,SETUP-01..02,ENTRY-01,STOP-01,EXIT-01,SIZE-01"
LHM-2009-05-18,2009-05-18,1,989,930,959,90.65,90.66000000000001,91.25,91.24,eod,86.47142857142858,0.010372040586245745,0.0219842164599775,0.7075783475783481,0.5799999999999841,0.006398234969663365,63.982349696633655,0.0045272525272524065,127345.16812274727,4.178571428571431,0.13880341880341493,"FILT-01..03,SETUP-01..02,ENTRY-01,STOP-01,EXIT-01,SIZE-01"
LHM-2009-05-21,2009-05-21,-1,1053,930,959,88.52,88.50999999999999,89.2,89.21000000000001,eod,92.65425714285715,-0.013359832174008934,-0.02252401457436226,0.7320106131667002,-0.700000000000017,-0.007907817442386094,-79.07817442386094,-0.005788606294811372,126608.01708093812,4.134257142857152,-0.16931699597095035,"FILT-01..03,SETUP-01..02,ENTRY-01,STOP-01,EXIT-01,SIZE-01"
LHM-2009-05-26,2009-05-26,1,1033,930,959,91.07,91.08,91.32,91.30999999999999,eod,87.0786,0.0038180797304885328,0.022683885457608133,0.743682250171202,0.22999999999998977,0.0025255298122322366,25.255298122322365,0.0018781916936353232,126845.81120696716,3.9913999999999987,0.057623891366435295,"FILT-01..03,SETUP-01..02,ENTRY-01,STOP-01,EXIT-01,SIZE-01"
LHM-2009-05-28,2009-05-28,1,953,930,959,90.9,90.91000000000001,90.95,90.94,eod,86.51574285714285,0.006077163247100614,0.013492417484388897,0.6833922276870962,0.029999999999986926,0.00033003300330018616,3.3003300330018615,0.00022554198933557698,126874.42026356567,4.384257142857152,0.0068426643379855216,"FILT-01..03,SETUP-01..02,ENTRY-01,STOP-01,EXIT-01,SIZE-01"
LHM-2009-06-01,2009-06-01,1,976,930,959,94.83,94.84,94.77,94.75999999999999,eod,90.59870000000001,0.014570966001079322,0.023530491095520745,0.7298608813473874,-0.0800000000000125,-0.0008436148898029369,-8.43614889802937,-0.0006157215069893505,126796.30095432259,4.23129999999999,-0.01890671897525883,"FILT-01..03,SETUP-01..02,ENTRY-01,STOP-01,EXIT-01,SIZE-01"
LHM-2009-06-03,2009-06-03,-1,839,930,959,92.86,92.85,93.65,93.66000000000001,eod,98.00425714285714,-0.012333965844402273,-0.021083702298123508,0.6146660075868239,-0.8100000000000165,-0.008722808528968517,-87.22808528968517,-0.005361613893445374,126116.46814548841,5.144257142857143,-0.1574571366683546,"FILT-01..03,SETUP-01..02,ENTRY-01,STOP-01,EXIT-01,SIZE-01"
LHM-2009-06-11,2009-06-11,1,842,930,959,95.49,95.5,94.88,94.86999999999999,eod,90.55785714285715,0.00874357479730814,0.012029039266599373,0.6376876659425541,-0.6300000000000097,-0.006597549481621214,-65.97549481621213,-0.00420717592987554,125585.8739763458,4.93214285714285,-0.12773352643012525,"FILT-01..03,SETUP-01..02,ENTRY-01,STOP-01,EXIT-01,SIZE-01"
LHM-2009-06-15,2009-06-15,-1,889,930,959,92.74,92.72999999999999,92.86,92.87,eod,97.56571428571428,-0.01598149511092417,-0.024918515403217323,0.6569666469311233,-0.14000000000001478,-0.0015095967220187059,-15.09596722018706,-0.0009917546966828443,125461.32359599274,4.825714285714284,-0.029011249259920185,"FILT-01..03,SETUP-01..02,ENTRY-01,STOP-01,EXIT-01,SIZE-01"
LHM-2009-06-18,2009-06-18,1,907,930,959,92.41,92.42,92.18,92.17,eod,87.83242857142857,0.006989188598886198,0.00907502457136622,0.6681154888471966,-0.25,-0.0027053349204631534,-27.053349204631534,-0.0018074761628806314,125234.55524422953,4.5775714285714315,-0.05461411228661483,"FILT-01..03,SETUP-01..02,ENTRY-01,STOP-01,EXIT-01,SIZE-01"
LHM-2009-06-22,2009-06-22,-1,996,930,959,89.77,89.75999999999999,89.26,89.27000000000001,eod,94.06285714285714,-0.016309666195498562,-0.02392084375339787,0.7141320022185247,0.4899999999999807,0.005458393672718956,54.58393672718956,0.0038980136023957146,125722.7212440615,4.2928571428571445,0.11414309484192557,"FILT-01..03,SETUP-01..02,ENTRY-01,STOP-01,EXIT-01,SIZE-01"
LHM-2009-06-23,2009-06-23,1,1172,930,959,89.62,89.63000000000001,89.43,89.42,eod,86.06,0.005489580999327837,0.004033161550526465,0.8357677902621727,-0.21000000000000796,-0.002343226958268332,-23.432269582683322,-0.0019583936169946764,125476.50666926593,3.5600000000000023,-0.05898876404494602,"FILT-01..03,SETUP-01..02,ENTRY-01,STOP-01,EXIT-01,SIZE-01"
LHM-2009-06-24,2009-06-24,1,1220,930,959,89.95,89.96000000000001,90.11,90.1,eod,86.53285714285714,0.011293749301129363,0.005702784300570141,0.8749266247379459,0.13999999999998636,0.0015564202334628833,15.564202334628833,0.0013617535015375264,125647.37474158351,3.4171428571428635,0.040969899665547774,"FILT-01..03,SETUP-01..02,ENTRY-01,STOP-01,EXIT-01,SIZE-01"
LHM-2009-06-25,2009-06-25,1,1191,930,959,91.87,91.88000000000001,92.03,92.02,eod,88.41785714285714,0.0033292642326046007,0.01947619576073678,0.8713496339273387,0.13999999999998636,0.0015238924567321907,15.238924567321908,0.001327843134318227,125814.21474547923,3.45214285714286,0.04055452100144439,"FILT-01..03,SETUP-01..02,ENTRY-01,STOP-01,EXIT-01,SIZE-01"
LHM-2009-07-01,2009-07-01,1,1250,930,959,92.5,92.51,92.34,92.33,eod,89.16357142857143,0.009127458437466096,0.0051070303162013,0.9194462285021049,-0.18000000000000682,-0.0019459459459460198,-19.4594594594602,-0.0017891926608690288,125589.10887582361,3.33642857142857,-0.053949903660888386,"FILT-01..03,SETUP-01..02,ENTRY-01,STOP-01,EXIT-01,SIZE-01"
LHM-2009-07-02,2009-07-02,-1,1320,930,959,89.88,89.86999999999999,89.82,89.83,eod,93.13714285714285,-0.020142949967511314,-0.026640675763482835,0.9449999999999996,0.03999999999999204,0.00044503782821530977,4.450378282153098,0.00042056074766346754,125641.92672535083,3.2571428571428527,0.012280701754383538,"FILT-01..03,SETUP-01..02,ENTRY-01,STOP-01,EXIT-01,SIZE-01"
LHM-2009-07-06,2009-07-06,-1,1213,930,959,89.47,89.46,89.9,89.91000000000001,eod,92.93428571428572,-0.0041193498107324755,-0.003896682253395567,0.8642474226804119,-0.45000000000001705,-0.005029618866659406,-50.29618866659406,-0.004346835142575166,125095.78198288022,3.4642857142857224,-0.12989690721649946,"FILT-01..03,SETUP-01..02,ENTRY-01,STOP-01,EXIT-01,SIZE-01"
LHM-2009-07-07,2009-07-07,-1,1298,930,959,88.53,88.52,88.1,88.11,eod,91.80142857142859,-0.003780867630700735,-0.015127919911012255,0.9188202657322226,0.4099999999999966,0.004631198463797544,46.31198463797544,0.004255239003165121,125628.09443350522,3.2714285714285865,0.12532751091702896,"FILT-01..03,SETUP-01..02,ENTRY-01,STOP-01,EXIT-01,SIZE-01"
LHM-2009-07-09,2009-07-09,1,1251,930,959,88.38,88.39,88.23,88.22,eod,85.04857142857142,0.0028405862970117823,0.004204067719577154,0.8806032018296163,-0.1700000000000017,-0.0019235121068115152,-19.235121068115152,-0.0016938509200162511,125415.29917016914,3.3314285714285745,-0.051029159519726024,"FILT-01..03,SETUP-01..02,ENTRY-01,STOP-01,EXIT-01,SIZE-01"
LHM-2009-07-10,2009-07-10,-1,1284,930,959,87.78,87.77,87.94,87.95,eod,91.06000000000002,-0.0026068230760513122,-0.004986965884619665,0.899388379204892,-0.18000000000000682,-0.0020505809979494967,-20.505809979494966,-0.0018442687201741478,125183.99965687831,3.2800000000000153,-0.05487804878048963,"FILT-01..03,SETUP-01..02,ENTRY-01,STOP-01,EXIT-01,SIZE-01"
LHM-2009-07-15,2009-07-15,1,1255,930,959,93.15,93.16000000000001,93.33,93.32,eod,89.9242857142857,0.01554918394353777,0.02734891927657679,0.9341574687270044,0.15999999999998238,0.0017176596886739923,17.176596886739922,0.0016045646269061112,125384.86547458236,3.2257142857143037,0.04960141718334236,"FILT-01..03,SETUP-01..02,ENTRY-01,STOP-01,EXIT-01,SIZE-01"
LHM-2009-07-17,2009-07-17,-1,1279,930,959,93.94,93.92999999999999,94.13,94.14,eod,97.21428571428572,-0.003504672897196248,-0.002336448598130869,0.9585805700988935,-0.21000000000000796,-0.0022354694485842872,-22.354694485842874,-0.002142877578462585,125116.18105767833,3.2742857142857247,-0.0641361256544525,"FILT-01..03,SETUP-01..02,ENTRY-01,STOP-01,EXIT-01,SIZE-01"
LHM-2009-07-20,2009-07-20,1,1271,930,959,95.09,95.10000000000001,95.13,95.11999999999999,eod,91.84285714285714,0.006586635504090221,0.010198661425687927,0.9662853790878421,0.01999999999998181,0.00021032705857589452,2.103270585758945,0.000203235961528439,125141.60916503836,3.2471428571428618,0.006159260888687746,"FILT-01..03,SETUP-01..02,ENTRY-01,STOP-01,EXIT-01,SIZE-01"
LHM-2009-07-23,2009-07-23,1,1271,930,959,97.96,97.97,97.68,97.67,eod,94.77,0.008478124345823623,0.025434373037471092,0.9952083333333327,-0.29999999999999716,-0.0030624744793793096,-30.624744793793095,-0.0030478001224989483,124760.20255329544,3.1899999999999977,-0.0940438871473346,"FILT-01..03,SETUP-01..02,ENTRY-01,STOP-01,EXIT-01,SIZE-01"
LHM-2009-07-29,2009-07-29,-1,1382,930,959,97.3399,97.3299,97.6583,97.6683,eod,100.37142857142858,-0.004996940648582582,-0.007342443401998744,1.0782595036129432,-0.33840000000000714,-0.0034764777855741287,-34.764777855741286,-0.003748545211394584,124292.53329344167,3.0315285714285807,-0.11162685491053748,"FILT-01..03,SETUP-01..02,ENTRY-01,STOP-01,EXIT-01,SIZE-01"
LHM-2009-07-30,2009-07-30,1,1335,930,959,99.51,99.52000000000001,98.71,98.69999999999999,eod,96.46571428571428,0.017937031465835362,0.018961009970478893,1.0693072110120443,-0.8200000000000216,-0.008240377851472431,-82.40377851472431,-0.008811495458043406,123197.3302008578,3.0442857142857207,-0.26935710933834534,"FILT-01..03,SETUP-01..02,ENTRY-01,STOP-01,EXIT-01,SIZE-01"
LHM-2009-07-31,2009-07-31,1,1278,930,959,99.33,99.34,98.83,98.82,eod,96.12842857142857,0.002127444027960834,0.0061807314355182275,1.030912300018948,-0.5200000000000102,-0.005235075002516966,-52.35075002516966,-0.0053969032116164654,122532.44613383422,3.2015714285714267,-0.16242024006068778,"FILT-01..03,SETUP-01..02,ENTRY-01,STOP-01,EXIT-01,SIZE-01"
LHM-2009-08-03,2009-08-03,1,1350,930,959,100.35,100.36,100.39,100.38,eod,97.3711857142857,0.00819589193564707,0.015379945360720404,1.1059210200287422,0.01999999999999602,0.00019930244145486818,1.9930244145486817,0.0002204127593479865,122559.45384839622,2.978814285714293,0.006714080866306911,"FILT-01..03,SETUP-01..02,ENTRY-01,STOP-01,EXIT-01,SIZE-01"
LHM-2009-08-06,2009-08-06,-1,1480,930,959,99.96,99.94999999999999,99.88,99.89,eod,102.73238571428571,-0.001892241808584827,-0.004481625336121953,1.2072634708631549,0.05999999999998806,0.000600240096038296,6.00240096038296,0.0007246479416944266,122648.26630436267,2.7723857142857184,0.021642010233574788,"FILT-01..03,SETUP-01..02,ENTRY-01,STOP-01,EXIT-01,SIZE-01"
LHM-2009-08-07,2009-08-07,1,1392,930,959,101.5,101.51,101.19,101.17999999999999,eod,98.61057142857143,0.007509010812975614,0.01622046455746906,1.1522064070428348,-0.3300000000000125,-0.003251231527093719,-32.512315270937194,-0.0037460897962970433,122188.81488542637,2.8894285714285672,-0.11420943340255567,"FILT-01..03,SETUP-01..02,ENTRY-01,STOP-01,EXIT-01,SIZE-01"
LHM-2009-08-10,2009-08-10,-1,1350,930,959,100.7,100.69,100.96,100.97,eod,103.72095714285715,-0.0025694238561121407,-0.004941199723292766,1.1128497834253197,-0.28000000000000114,-0.0027805362462760786,-27.805362462760787,-0.0030943191594745853,121810.7236944529,3.0209571428571422,-0.0926858564220426,"FILT-01..03,SETUP-01..02,ENTRY-01,STOP-01,EXIT-01,SIZE-01"
LHM-2009-08-12,2009-08-12,1,1333,930,959,101.41,101.42,100.78,100.77,eod,98.41761428571428,0.00913104555488653,0.017559702990166626,1.1101510023058514,-0.6500000000000057,-0.006409624297406624,-64.09624297406624,-0.007115650838169902,120943.96111629838,2.9923857142857173,-0.21721798660409683,"FILT-01..03,SETUP-01..02,ENTRY-01,STOP-01,EXIT-01,SIZE-01"
LHM-2009-08-18,2009-08-18,1,1242,930,959,99.26,99.27000000000001,99.19,99.17999999999999,eod,96.04975714285715,0.003104957752214199,0.010485595032067696,1.0199643700001926,-0.09000000000001762,-0.0009067096514206893,-9.067096514206893,-0.0009248115383843976,120832.11074556012,3.210242857142859,-0.028035262129706386,"FILT-01..03,SETUP-01..02,ENTRY-01,STOP-01,EXIT-01,SIZE-01"
LHM-2009-08-20,2009-08-20,1,1241,930,959,101.03,101.04,101.02,101.00999999999999,eod,97.82077142857143,0.007000000000000117,0.010321999999999942,1.0379596678529062,-0.030000000000015348,-0.00029694150252415467,-2.9694150252415468,-0.00030821330333171445,120794.86868155868,3.209228571428568,-0.009348040917715324,"FILT-01..03,SETUP-01..02,ENTRY-01,STOP-01,EXIT-01,SIZE-01"
LHM-2009-08-21,2009-08-21,1,1215,930,959,103.03,103.04,102.92,102.91,eod,99.79142857142858,0.0096020589982182,0.019996040388042147,1.0365581940779833,-0.13000000000000966,-0.001261768416966026,-12.617684169660262,-0.0013078963916349398,120636.88150868205,3.2385714285714187,-0.04014115571239834,"FILT-01..03,SETUP-01..02,ENTRY-01,STOP-01,EXIT-01,SIZE-01"
LHM-2009-08-25,2009-08-25,1,1195,930,959,103.35,103.36,103.16,103.14999999999999,eod,100.0,0.007188653584612403,0.003982902661744614,1.0242786069651746,-0.21000000000000796,-0.0020319303338172034,-20.319303338172034,-0.0020812627717725673,120385.8044582953,3.3499999999999943,-0.06268656716418158,"FILT-01..03,SETUP-01..02,ENTRY-01,STOP-01,EXIT-01,SIZE-01"
LHM-2009-08-31,2009-08-31,-1,1213,930,959,102.16,102.14999999999999,102.48,102.49000000000001,eod,105.49357142857143,-0.01209813219781286,-0.011419723216877897,1.0301360108238986,-0.3400000000000176,-0.00332811276429148,-33.281127642914804,-0.0034284088065793233,119973.07270610334,3.3335714285714317,-0.10199271480609047,"FILT-01..03,SETUP-01..02,ENTRY-01,STOP-01,EXIT-01,SIZE-01"
LHM-2009-09-03,2009-09-03,1,1153,930,959,100.2,100.21000000000001,100.66,100.64999999999999,eod,96.745,0.005108173076922906,0.0036057692307691624,0.9632416787264839,0.4399999999999835,0.0043912175648700945,43.912175648700945,0.004229803778838692,120480.5352623945,3.4549999999999983,0.12735166425469863,"FILT-01..03,SETUP-01..02,ENTRY-01,STOP-01,EXIT-01,SIZE-01"
LHM-2009-09-08,2009-09-08,1,1245,930,959,102.91,102.92,102.9,102.89,eod,99.70142857142858,0.005486430880768056,0.008131674341138595,1.0637040345392297,-0.030000000000001137,-0.00029151685939171254,-2.9151685939171252,-0.00031008765947116996,120443.17573520314,3.2085714285714175,-0.009349955476402879,"FILT-01..03,SETUP-01..02,ENTRY-01,STOP-01,EXIT-01,SIZE-01"
LHM-2009-09-09,2009-09-09,1,1260,930,959,103.57,103.58,103.76,103.75,eod,100.39428571428572,0.00320699708454808,0.00641399416909616,1.0834837545126357,0.1700000000000017,0.001641401950371746,16.41401950371746,0.0017784323478531423,120657.37577500878,3.175714285714278,0.05353126405758051,"FILT-01..03,SETUP-01..02,ENTRY-01,STOP-01,EXIT-01,SIZE-01"
LHM-2009-09-30,2009-09-30,-1,1336,930,959,105.3,105.28999999999999,105.59,105.60000000000001,eod,108.33,-0.011412940954536821,-0.006791171477079749,1.166336633663367,-0.3100000000000165,-0.002943969610636434,-29.43969610636434,-0.0034336596052769518,120243.07941773141,3.030000000000001,-0.10231023102310771,"FILT-01..03,SETUP-01..02,ENTRY-01,STOP-01,EXIT-01,SIZE-01"
LHM-2009-10-02,2009-10-02,-1,1222,930,959,102.62,102.61,102.55,102.56,eod,105.91,-0.006505485969511615,-0.0035925818040585256,1.0434650455927057,0.04999999999999716,0.00048723445722078697,4.8723445722078695,0.0005084121251182256,120304.21245726894,3.289999999999992,0.015197568389056924,"FILT-01..03,SETUP-01..02,ENTRY-01,STOP-01,EXIT-01,SIZE-01"
LHM-2009-10-05,2009-10-05,1,1266,930,959,104.16,104.17,104.03,104.02,eod,101.04142857142857,0.007703559239395474,0.015699658703071773,1.0961215452740878,-0.15000000000000568,-0.0014400921658986722,-14.400921658986721,-0.0015785160502219606,120114.31032699582,3.1185714285714283,-0.04809894640403298,"FILT-01..03,SETUP-01..02,ENTRY-01,STOP-01,EXIT-01,SIZE-01"
LHM-2009-10-06,2009-10-06,1,1241,930,959,105.58,105.59,105.52,105.50999999999999,eod,102.40142857142857,0.01374603479765435,0.014899548207247815,1.0909513108614233,-0.0800000000000125,-0.0007577192650124314,-7.577192650124314,-0.0008266348254302662,120015.019655047,3.1785714285714306,-0.025168539325846614,"FILT-01..03,SETUP-01..02,ENTRY-01,STOP-01,EXIT-01,SIZE-01"
LHM-2009-10-08,2009-10-08,1,1258,930,959,106.75,106.76,106.61,106.6,eod,103.60857142857144,0.00633270321361068,0.009073724007561568,1.1190692051979456,-0.1600000000000108,-0.0014988290398127476,-14.988290398127477,-0.0016772934223108515,119813.71925200109,3.1414285714285626,-0.05093224192815274,"FILT-01..03,SETUP-01..02,ENTRY-01,STOP-01,EXIT-01,SIZE-01"
LHM-2009-10-09,2009-10-09,1,1229,930,959,107.11,107.12,107.24,107.22999999999999,eod,103.87714285714286,0.002627333270800225,0.004689991558015194,1.099234055089115,0.10999999999998522,0.001026981607692888,10.26981607692888,0.001128893157126192,119948.97613979453,3.232857142857142,0.034025629695090445,"FILT-01..03,SETUP-01..02,ENTRY-01,STOP-01,EXIT-01,SIZE-01"
LHM-2009-10-12,2009-10-12,1,1256,930,959,107.64,107.65,107.74,107.72999999999999,eod,104.47,0.007646400596792224,0.0037299515106303804,1.1276550998948478,0.07999999999998408,0.0007432181345223345,7.432181345223345,0.0008380937197284455,120049.50462338516,3.1700000000000017,0.025236593059931874,"FILT-01..03,SETUP-01..02,ENTRY-01,STOP-01,EXIT-01,SIZE-01"
LHM-2009-10-13,2009-10-13,-1,1268,930,959,107.56,107.55,107.5,107.51,eod,110.72,-0.006574160014850561,-0.001670688695006417,1.1364978902953584,0.03999999999999204,0.0003718854592784682,3.718854592784682,0.00042264703990149954,120100.24319115588,3.1599999999999966,0.01265822784809876,"FILT-01..03,SETUP-01..02,ENTRY-01,STOP-01,EXIT-01,SIZE-01"
LHM-2009-10-14,2009-10-14,1,1308,930,959,109.35,109.36,109.3207,109.3107,eod,106.34142857142857,0.009860465116279027,0.017209302325581266,1.1910414688192472,-0.04930000000000234,-0.00045084590763605254,-4.508459076360525,-0.0005369761720419907,120035.75222230579,3.008571428571429,-0.01638651471984883,"FILT-01..03,SETUP-01..02,ENTRY-01,STOP-01,EXIT-01,SIZE-01"
LHM-2009-10-16,2009-10-16,-1,1367,930,959,109.02,109.00999999999999,108.89,108.9,eod,111.97142857142858,-0.00903037489738201,-0.005472954483261794,1.2423668447466414,0.10999999999998522,0.0010089891762977915,10.089891762977915,0.0012535346993406,120186.22120287789,2.951428571428579,0.03727008712487389,"FILT-01..03,SETUP-01..02,ENTRY-01,STOP-01,EXIT-01,SIZE-01"
LHM-2009-10-20,2009-10-20,-1,1407,930,959,109.08,109.07,109.22,109.23,eod,111.95714285714286,-0.0018208302986162384,-0.006828113619810616,1.2769971765487473,-0.1600000000000108,-0.001466813348001566,-14.668133480015658,-0.0018731165039220148,119961.09840839876,2.8771428571428572,-0.0556107249255251,"FILT-01..03,SETUP-01..02,ENTRY-01,STOP-01,EXIT-01,SIZE-01"
LHM-2009-10-28,2009-10-28,-1,1323,930,959,104.71,104.69999999999999,104.42,104.43,eod,107.78071428571428,-0.00404059387333211,-0.016068408193948613,1.1552143909436303,0.2699999999999818,0.0025785502817303203,25.785502817303204,0.0029787783932266184,120318.43593636544,3.0707142857142884,0.08792742498254809,"FILT-01..03,SETUP-01..02,ENTRY-01,STOP-01,EXIT-01,SIZE-01"
LHM-2009-10-29,2009-10-29,1,1235,930,959,106.65,106.66000000000001,106.64,106.63,eod,103.48095714285714,0.008331737215092838,0.021451829151503565,1.0948788119814437,-0.030000000000015348,-0.000281293952180172,-2.81293952180172,-0.00030798278818059175,120281.37992899623,3.1690428571428697,-0.009466580716129097,"FILT-01..03,SETUP-01..02,ENTRY-01,STOP-01,EXIT-01,SIZE-01"
LHM-2009-10-30,2009-10-30,-1,1211,930,959,103.82,103.80999999999999,103.63,103.64,eod,107.21904285714285,-0.006845461365341365,-0.02644411102775701,1.0457845976248217,0.1699999999999875,0.0016374494317086064,16.374494317086064,0.0017124193950703779,120487.35209685248,3.3990428571428595,0.05001407959383153,"FILT-01..03,SETUP-01..02,ENTRY-01,STOP-01,EXIT-01,SIZE-01"
LHM-2009-11-02,2009-11-02,1,1072,930,959,103.86,103.87,104.36,104.35,eod,100.12524285714285,0.007816269420052091,0.0022194345266814963,0.9249151152812896,0.47999999999998977,0.004621606008087712,46.21606008087712,0.004274593253755146,121002.38651928851,3.7347571428571484,0.1285224130083013,"FILT-01..03,SETUP-01..02,ENTRY-01,STOP-01,EXIT-01,SIZE-01"
LHM-2009-11-04,2009-11-04,1,1041,930,959,105.78,105.79,104.84,104.83,eod,101.95667142857144,0.008598452278589797,0.010700296168911771,0.9101750436957067,-0.960000000000008,-0.009075439591605294,-90.75439591605294,-0.008260238626847095,120002.8779322212,3.8233285714285614,-0.2510901122058966,"FILT-01..03,SETUP-01..02,ENTRY-01,STOP-01,EXIT-01,SIZE-01"
LHM-2009-11-05,2009-11-05,1,999,930,959,106.68,106.69000000000001,106.86,106.85,eod,102.74524285714287,0.01192293017932089,0.017550553223960375,0.8881530777599881,0.15999999999998238,0.0014998125234344053,14.998125234344053,0.0013320631087512414,120162.7293388587,3.934757142857137,0.040663246597171666,"FILT-01..03,SETUP-01..02,ENTRY-01,STOP-01,EXIT-01,SIZE-01"
LHM-2009-11-09,2009-11-09,1,976,930,959,109.33,109.34,109.58,109.57,eod,105.31095714285713,0.010359309379374793,0.02034531031264586,0.8886858870685865,0.22999999999998977,0.002103722674471689,21.037226744716893,0.0018695486511091724,120387.37940740775,4.019042857142864,0.05722755595681721,"FILT-01..03,SETUP-01..02,ENTRY-01,STOP-01,EXIT-01,SIZE-01"
LHM-2009-11-11,2009-11-11,1,995,930,959,110.02,110.03,110.13,110.11999999999999,eod,106.01595714285715,0.007574374885928048,0.004106588793575394,0.909972014914306,0.0899999999999892,0.0008180330848935576,8.180330848935576,0.0007443872145271561,120476.99423342905,4.004042857142849,0.022477281890087006,"FILT-01..03,SETUP-01..02,ENTRY-01,STOP-01,EXIT-01,SIZE-01"
LHM-2009-11-16,2009-11-16,1,1090,930,959,110.89,110.9,111.21,111.19999999999999,eod,107.24881428571429,0.013317522575937213,0.011493204414849911,1.0036108070500322,0.29999999999998295,0.0027053837135898903,27.053837135898902,0.002715152332175963,120804.10762529551,3.6411857142857116,0.08239074398841359,"FILT-01..03,SETUP-01..02,ENTRY-01,STOP-01,EXIT-01,SIZE-01"
LHM-2009-11-18,2009-11-18,-1,1126,930,959,111.1,111.08999999999999,111.28,111.29,eod,114.68285714285713,-0.004850444624090455,-0.002065930117668202,1.035765550239235,-0.20000000000001705,-0.0018001800180019538,-18.00180018001954,-0.00186456444687547,120578.86058118087,3.5828571428571365,-0.05582137161085016,"FILT-01..03,SETUP-01..02,ENTRY-01,STOP-01,EXIT-01,SIZE-01"
LHM-2009-11-19,2009-11-19,-1,1215,930,959,109.65,109.64,109.8,109.81,eod,113.00714285714287,-0.01599568655643424,-0.01464773544212794,1.1049078014184397,-0.1700000000000017,-0.0015503875968992402,-15.503875968992402,-0.0017130353510363577,120372.30473041761,3.357142857142861,-0.05063829787234087,"FILT-01..03,SETUP-01..02,ENTRY-01,STOP-01,EXIT-01,SIZE-01"
LHM-2009-11-20,2009-11-20,-1,1252,930,959,109.53,109.52,109.52,109.53,eod,112.75084285714286,-0.003369763205828713,-0.0023679417122038915,1.13988761295432,-0.010000000000005116,-9.129918743727852e-05,-0.9129918743727852,-0.00010407081283254846,120359.77748682178,3.2208428571428556,-0.0031047773652875177,"FILT-01..03,SETUP-01..02,ENTRY-01,STOP-01,EXIT-01,SIZE-01"
LHM-2009-11-23,2009-11-23,1,1325,930,959,110.86,110.87,110.91,110.89999999999999,eod,107.86915714285715,0.018352812271731134,0.01223520818115409,1.220614669857359,0.029999999999986926,0.0002706115821755992,2.706115821755992,0.0003303124670368466,120399.53382185547,2.9908428571428516,0.010030617265076203,"FILT-01..03,SETUP-01..02,ENTRY-01,STOP-01,EXIT-01,SIZE-01"
LHM-2009-12-01,2009-12-01,1,1351,930,959,111.365,111.375,111.25,111.24,eod,108.42998571428572,0.010548331363098962,0.012660725652450688,1.250093376595115,-0.13500000000000512,-0.0012122300543259113,-12.122300543259113,-0.001515400761822358,120217.08027657878,2.9350142857142743,-0.04599636896389112,"FILT-01..03,SETUP-01..02,ENTRY-01,STOP-01,EXIT-01,SIZE-01"
LHM-2009-12-04,2009-12-04,1,1317,930,959,111.02,111.03,111.029,111.01899999999999,eod,107.99482857142857,0.015756587883727136,0.005342751064022266,1.2167905478792218,-0.01100000000000989,-9.908124662231932e-05,-0.9908124662231932,-0.00012056112436212822,120202.5867702131,3.0251714285714257,-0.0036361575731278183,"FILT-01..03,SETUP-01..02,ENTRY-01,STOP-01,EXIT-01,SIZE-01"
LHM-2009-12-08,2009-12-08,-1,1338,930,959,109.71,109.69999999999999,109.64,109.65,eod,112.74231428571429,-0.009704793716710292,-0.009479100839577481,1.2216907258077214,0.04999999999998295,0.00045574696928249887,4.557469692824989,0.0005567818456874053,120269.51338833141,3.0323142857142926,0.016489055977983804,"FILT-01..03,SETUP-01..02,ENTRY-01,STOP-01,EXIT-01,SIZE-01"
LHM-2010-01-25,2010-01-25,1,1339,930,959,110.09,110.10000000000001,109.75,109.74,eod,107.13071428571428,0.008698040651895278,0.008057132393334498,1.2261085718867784,-0.36000000000001364,-0.003270051775819908,-32.70051775819908,-0.004009438512846371,119787.30016943094,2.959285714285727,-0.12165097755250227,"FILT-01..03,SETUP-01..02,ENTRY-01,STOP-01,EXIT-01,SIZE-01"
LHM-2010-02-01,2010-02-01,1,1120,930,959,108.81,108.82000000000001,109.0,108.99,eod,105.30071428571428,0.008471420592068402,0.013032954757028481,1.0174413097895958,0.1699999999999875,0.0015623564010659636,15.623564010659637,0.0015896059430587132,119977.71477368321,3.509285714285724,0.048442906574390765,"FILT-01..03,SETUP-01..02,ENTRY-01,STOP-01,EXIT-01,SIZE-01"
LHM-2010-02-04,2010-02-04,-1,1154,930,959,106.83,106.82,106.47,106.48,eod,110.40142857142857,-0.017385763699253598,-0.02748953213180405,1.028239069394305,0.3399999999999892,0.0031826266030140337,31.82626603014034,0.0032725010165127084,120370.34196723896,3.5714285714285694,0.09519999999999702,"FILT-01..03,SETUP-01..02,ENTRY-01,STOP-01,EXIT-01,SIZE-01"
LHM-2010-02-05,2010-02-05,-1,1017,930,959,106.265,106.255,106.75,106.76,eod,110.21000000000001,-0.004320465858927314,-0.001972386587771102,0.8984810126582287,-0.5050000000000097,-0.004752270267727,-47.52270267727,-0.004269824602572946,119856.38171968712,3.9450000000000074,-0.12801013941698575,"FILT-01..03,SETUP-01..02,ENTRY-01,STOP-01,EXIT-01,SIZE-01"
LHM-2010-02-08,2010-02-08,-1,994,930,959,106.33,106.32,105.89,105.9,eod,110.36275714285713,-0.0026229508196721207,-0.003935362997658176,0.8823355768095416,0.4199999999999875,0.003949967083607519,39.49967083607519,0.003485196485093543,120274.1047599726,4.032757142857136,0.10414710956346482,"FILT-01..03,SETUP-01..02,ENTRY-01,STOP-01,EXIT-01,SIZE-01"
LHM-2010-02-09,2010-02-09,1,979,930,959,107.59,107.60000000000001,107.24,107.22999999999999,eod,103.57141428571428,0.010057606950609088,0.016148833695344145,0.8761552855013524,-0.37000000000001876,-0.003438981317966528,-34.38981317966528,-0.0030130816584767804,119911.7090609306,4.01858571428572,-0.09207219313120563,"FILT-01..03,SETUP-01..02,ENTRY-01,STOP-01,EXIT-01,SIZE-01"
LHM-2010-02-12,2010-02-12,-1,1059,930,959,107.45,107.44,108.02,108.03,eod,111.24572857142857,-0.011009344065130877,-0.00592099176612082,0.9492248805988692,-0.5900000000000034,-0.0054909260120986824,-54.90926012098682,-0.005212123588211597,119286.71441363137,3.795728571428569,-0.15543787942085377,"FILT-01..03,SETUP-01..02,ENTRY-01,STOP-01,EXIT-01,SIZE-01"
LHM-2010-02-16,2010-02-16,1,1018,930,959,109.5,109.51,109.73,109.72,eod,105.64685714285714,0.005549898167006129,0.013685428624328866,0.9348877291503624,0.20999999999999375,0.0019178082191780251,19.178082191780252,0.0017929353709732446,119500.58778319074,3.8531428571428563,0.0545009639626263,"FILT-01..03,SETUP-01..02,ENTRY-01,STOP-01,EXIT-01,SIZE-01"
LHM-2010-02-17,2010-02-17,1,1014,930,959,110.18,110.19000000000001,110.26,110.25,eod,106.2714142857143,0.0035541784379842234,0.004100975120751027,0.9358031098814215,0.05999999999998806,0.0005445634416408428,5.445634416408428,0.0005096041622152306,119561.48578011223,3.9085857142857066,0.015350821086177217,"FILT-01..03,SETUP-01..02,ENTRY-01,STOP-01,EXIT-01,SIZE-01"
LHM-2010-02-24,2010-02-24,1,1216,930,959,110.625,110.635,110.82,110.80999999999999,eod,107.37427142857143,0.006557974314600701,0.007605428545404802,1.1257989051538637,0.17499999999998295,0.001581920903954648,15.81920903954648,0.001780924821712153,119774.41579785882,3.250728571428567,0.05383408554565272,"FILT-01..03,SETUP-01..02,ENTRY-01,STOP-01,EXIT-01,SIZE-01"
LHM-2010-02-25,2010-02-25,-1,1216,930,959,110.46,110.44999999999999,110.71,110.72,eod,113.7535857142857,-0.014061541238043596,-0.003248511099079532,1.121573968449498,-0.27000000000001023,-0.002444323737099495,-24.44323737099495,-0.0027414898739939885,119446.05544978543,3.2935857142857117,-0.08197752341130914,"FILT-01..03,SETUP-01..02,ENTRY-01,STOP-01,EXIT-01,SIZE-01"
LHM-2010-03-01,2010-03-01,1,1366,930,959,111.83,111.84,111.895,111.88499999999999,eod,108.93355714285714,0.005417607223476173,0.009661399548532623,1.278967521401363,0.044999999999987494,0.0004023964946793123,4.023964946793122,0.0005146520474205967,119507.52860677899,2.8964428571428584,0.01553629821800693,"FILT-01..03,SETUP-01..02,ENTRY-01,STOP-01,EXIT-01,SIZE-01"
LHM-2010-03-02,2010-03-02,1,1396,930,959,112.09,112.10000000000001,112.17,112.16,eod,109.24214285714287,0.004334420662228,0.0017427052147103161,1.3096981857704215,0.05999999999998806,0.0005352841466677497,5.352841466677497,0.00070106067576242,119591.31063554276,2.847857142857137,0.021068472535737008,"FILT-01..03,SETUP-01..02,ENTRY-01,STOP-01,EXIT-01,SIZE-01"
LHM-2010-03-04,2010-03-04,1,1548,930,959,112.54,112.55000000000001,112.65,112.64,eod,109.97142857142858,0.003384396152475988,0.002315639472746822,1.4571004820170568,0.0899999999999892,0.0007997156566553154,7.997156566553154,0.0011652660687890472,119730.66633194838,2.568571428571431,0.03503893214682557,"FILT-01..03,SETUP-01..02,ENTRY-01,STOP-01,EXIT-01,SIZE-01"
LHM-2010-03-05,2010-03-05,1,1646,930,959,114.12,114.13000000000001,114.26,114.25,eod,111.72714285714287,0.0074567243675098815,0.013049267643142404,1.569253731343285,0.11999999999999034,0.0010515247108306197,10.515247108306196,0.0016501090760706189,119928.2349911467,2.392857142857139,0.05014925373133933,"FILT-01..03,SETUP-01..02,ENTRY-01,STOP-01,EXIT-01,SIZE-01"
LHM-2010-05-03,2010-05-03,1,1254,930,959,120.28,120.29,120.39,120.38,eod,117.14065714285714,0.00697046200454432,0.012286459648237047,1.257722699520079,0.0899999999999892,0.0007482540738276454,7.482540738276454,0.0009410961336614027,120041.0989894137,3.1393428571428643,0.028668420142519496,"FILT-01..03,SETUP-01..02,ENTRY-01,STOP-01,EXIT-01,SIZE-01"
LHM-2010-05-04,2010-05-04,-1,1255,930,959,117.51,117.5,117.55,117.56,eod,120.77505714285715,-0.014951407924246207,-0.023922252678793887,1.2290749669662289,-0.060000000000002274,-0.0005105948429921051,-5.105948429921051,-0.0006275593397836485,119965.766076585,3.2650571428571453,-0.018376401200592227,"FILT-01..03,SETUP-01..02,ENTRY-01,STOP-01,EXIT-01,SIZE-01"
LHM-2010-05-05,2010-05-05,-1,1127,930,959,116.68,116.67,116.83,116.84,eod,120.25040000000001,-0.00629519353466601,-0.007416418545299841,1.0968964037101296,-0.1700000000000017,-0.0014569763455605218,-14.569763455605218,-0.0015981521137360636,119774.04253395375,3.5704000000000065,-0.04761371274927218,"FILT-01..03,SETUP-01..02,ENTRY-01,STOP-01,EXIT-01,SIZE-01"
LHM-2010-05-07,2010-05-07,-1,796,930,959,111.13,111.11999999999999,111.3,111.31,eod,116.22428571428571,-0.003189227498228253,-0.01550318922749827,0.7386053467937921,-0.19000000000001194,-0.0017097093494107076,-17.097093494107078,-0.0012628004669380845,119622.7918171148,5.094285714285718,-0.03729669097027714,"FILT-01..03,SETUP-01..02,ENTRY-01,STOP-01,EXIT-01,SIZE-01"
LHM-2010-05-10,2010-05-10,1,697,930,959,115.51,115.52000000000001,116.16,116.14999999999999,eod,110.00142857142858,0.042048517520215656,0.037825696316262425,0.6734958506224059,0.6299999999999812,0.005454073240411923,54.54073240411923,0.00367329569640813,120062.20170348893,5.508571428571429,0.11436721991700903,"FILT-01..03,SETUP-01..02,ENTRY-01,STOP-01,EXIT-01,SIZE-01"
LHM-2010-05-12,2010-05-12,1,628,930,959,117.35,117.36,117.45,117.44,eod,111.06571428571428,0.008547008547008517,0.013122679789346448,0.6143896340077285,0.0799999999999983,0.0006817213463996447,6.817213463996447,0.0004188425285097336,120112.48885962885,6.284285714285716,0.012730165946805818,"FILT-01..03,SETUP-01..02,ENTRY-01,STOP-01,EXIT-01,SIZE-01"
LHM-2010-05-13,2010-05-13,-1,647,930,959,116.31,116.3,116.0,116.01,eod,122.55714285714286,-0.0031502767134951037,-0.009706257982120103,0.6266864852503995,0.28999999999999204,0.0024933367724184682,24.93336772418468,0.001562540458452505,120300.16948303745,6.247142857142862,0.046421221129657964,"FILT-01..03,SETUP-01..02,ENTRY-01,STOP-01,EXIT-01,SIZE-01"
LHM-2010-05-14,2010-05-14,-1,649,930,959,113.18,113.17,113.9,113.91000000000001,eod,119.50714285714287,-0.015172413793103523,-0.024310344827586094,0.6111236547000821,-0.7400000000000091,-0.006538257642693135,-65.38257642693135,-0.003995683905973373,119819.4880319482,6.32714285714286,-0.11695642357191378,"FILT-01..03,SETUP-01..02,ENTRY-01,STOP-01,EXIT-01,SIZE-01"
LHM-2010-05-20,2010-05-20,-1,589,930,959,109.09,109.08,107.538,107.548,eod,116.02285714285715,-0.020127023884068396,-0.02424188210036682,0.5367146776406034,1.5319999999999965,0.014043450362086318,140.43450362086318,0.007537325934048974,120722.60656649587,6.932857142857145,0.22097671543375175,"FILT-01..03,SETUP-01..02,ENTRY-01,STOP-01,EXIT-01,SIZE-01"
LHM-2010-05-24,2010-05-24,-1,539,930,959,108.3801,108.3701,107.7201,107.73010000000001,eod,115.9,-0.0065994500458295136,-0.006507791017415165,0.4842432312472259,0.6399999999999864,0.005905143102838864,59.05143102838864,0.002859525577095961,121067.81594770646,7.519900000000007,0.08510751472758757,"FILT-01..03,SETUP-01..02,ENTRY-01,STOP-01,EXIT-01,SIZE-01"
LHM-2010-05-25,2010-05-25,-1,557,930,959,107.3,107.28999999999999,107.8075,107.81750000000001,eod,114.55857142857144,-0.023302057833217815,-0.003992755298221962,0.49399941037735856,-0.5275000000000176,-0.00491612301957146,-49.161230195714595,-0.0024285618730108607,120773.79526584716,7.258571428571443,-0.07267270222397394,"FILT-01..03,SETUP-01..02,ENTRY-01,STOP-01,EXIT-01,SIZE-01"
LHM-2010-05-27,2010-05-27,1,636,930,959,109.975,109.985,110.78,110.77,eod,103.79928571428572,0.018478768082127672,0.026271581894540263,0.5792786530738335,0.7849999999999966,0.007137985905887671,71.3798590588767,0.004134882861222617,121273.18076197672,6.175714285714278,0.12711080268332137,"FILT-01..03,SETUP-01..02,ENTRY-01,STOP-01,EXIT-01,SIZE-01"
LHM-2010-05-28,2010-05-28,-1,669,930,959,110.27,110.25999999999999,109.35,109.36,eod,116.33238571428572,-0.003430222061743926,-0.004620870193175586,0.6089202983902628,0.8999999999999915,0.008161784710256565,81.61784710256565,0.004969876381166513,121875.89347871461,6.062385714285725,0.1484564068365337,"FILT-01..03,SETUP-01..02,ENTRY-01,STOP-01,EXIT-01,SIZE-01"
LHM-2010-06-01,2010-06-01,-1,734,930,959,108.53,108.52,107.52,107.53,eod,114.10571428571428,-0.007315957933241912,-0.007498856881572924,0.6537279016141426,0.9899999999999949,0.009121901778310097,91.21901778310097,0.0059632417082649755,122602.66888993894,5.575714285714284,0.17755572636433428,"FILT-01..03,SETUP-01..02,ENTRY-01,STOP-01,EXIT-01,SIZE-01"
LHM-2010-06-02,2010-06-02,1,714,930,959,109.87,109.88000000000001,110.31,110.3,eod,104.27571428571429,0.00390625,0.021856398809523947,0.6406537282941775,0.4199999999999875,0.0038226995540182715,38.22699554018271,0.0024490267214302953,122902.92610216908,5.594285714285718,0.07507660878447167,"FILT-01..03,SETUP-01..02,ENTRY-01,STOP-01,EXIT-01,SIZE-01"
LHM-2010-06-03,2010-06-03,1,710,930,959,110.8,110.81,110.71,110.69999999999999,eod,105.06847142857143,0.006345752878252231,0.004531774091197427,0.640432943518288,-0.11000000000001364,-0.000992779783393625,-9.92779783393625,-0.0006358088789442276,122824.78333050509,5.731528571428569,-0.019192087874840065,"FILT-01..03,SETUP-01..02,ENTRY-01,STOP-01,EXIT-01,SIZE-01"
LHM-2010-06-04,2010-06-04,-1,744,930,959,106.91,106.89999999999999,107.01,107.02000000000001,eod,112.60714285714286,-0.015626411344955238,-0.03432390931261853,0.6477515880976261,-0.12000000000001876,-0.0011224394350389931,-11.22439435038993,-0.00072706192658991,122735.48210690383,5.697142857142865,-0.021063189568709385,"FILT-01..03,SETUP-01..02,ENTRY-01,STOP-01,EXIT-01,SIZE-01"
LHM-2010-06-10,2010-06-10,1,701,930,959,108.98,108.99000000000001,109.19,109.17999999999999,eod,103.31715714285714,0.024242995943778878,0.02810395245731523,0.6229861898165636,0.18999999999998352,0.0017434391631490503,17.434391631490502,0.0010861385214272052,122868.78984196606,5.662842857142863,0.033552052351289566,"FILT-01..03,SETUP-01..02,ENTRY-01,STOP-01,EXIT-01,SIZE-01"
LHM-2010-06-14,2010-06-14,1,781,930,959,110.02,110.03,109.52,109.50999999999999,eod,104.79785714285714,0.005562648185299945,0.003282874338865538,0.6999680846213469,-0.5200000000000102,-0.00472641337938566,-47.264133793856594,-0.0033083385202972875,122462.29829158957,5.222142857142856,-0.09957598139789556,"FILT-01..03,SETUP-01..02,ENTRY-01,STOP-01,EXIT-01,SIZE-01"
LHM-2010-06-15,2010-06-15,1,766,930,959,111.82,111.83,111.98,111.97,eod,106.61542857142857,0.009039444850255762,0.021082907231555925,0.7002237749463397,0.14000000000000057,0.0012520121624038686,12.520121624038687,0.0008766886826371666,122569.65960255155,5.204571428571427,0.026899429073342234,"FILT-01..03,SETUP-01..02,ENTRY-01,STOP-01,EXIT-01,SIZE-01"
LHM-2010-06-18,2010-06-18,-1,902,930,959,111.65,111.64,111.71,111.72,eod,116.19500000000001,-0.006510881198715679,-0.004191937210132002,0.8222955628896224,-0.0799999999999983,-0.0007165248544558736,-7.165248544558736,-0.0005891952085191974,122497.44214640389,4.545000000000002,-0.01760176017601722,"FILT-01..03,SETUP-01..02,ENTRY-01,STOP-01,EXIT-01,SIZE-01"
LHM-2010-06-24,2010-06-24,-1,960,930,959,107.55,107.53999999999999,107.44,107.45,eod,111.86642857142857,-0.010896438055123192,-0.015200073253365032,0.8433669810800382,0.0899999999999892,0.0008368200836819079,8.36820083681908,0.0007057464276819555,122583.8942785989,4.316428571428574,0.020850570908486646,"FILT-01..03,SETUP-01..02,ENTRY-01,STOP-01,EXIT-01,SIZE-01"
LHM-2010-06-28,2010-06-28,-1,1042,930,959,107.65,107.64,107.48,107.49000000000001,eod,111.57884285714286,-0.005005097784780865,-0.0022087311150245093,0.915763307869529,0.14999999999999147,0.0013934045517881232,13.934045517881232,0.00127602876154595,122740.31485340069,3.928842857142854,0.038179180347537485,"FILT-01..03,SETUP-01..02,ENTRY-01,STOP-01,EXIT-01,SIZE-01"
LHM-2010-06-29,2010-06-29,-1,1117,930,959,103.95,103.94,104.22,104.23,eod,107.73428571428572,-0.01981764049125423,-0.03284331968738374,0.9467220334717511,-0.29000000000000625,-0.00278980278980285,-27.8980278980285,-0.002641167770147318,122416.13708971215,3.7842857142857156,-0.07663269158173058,"FILT-01..03,SETUP-01..02,ENTRY-01,STOP-01,EXIT-01,SIZE-01"
LHM-2010-07-01,2010-07-01,-1,1083,930,959,102.71,102.69999999999999,102.79,102.80000000000001,eod,106.50142857142856,-0.002909514111143374,-0.003782368344486531,0.9089157536834158,-0.10000000000002274,-0.0009736150326163251,-9.736150326163251,-0.0008849340411679706,122307.80688281318,3.7914285714285683,-0.02637528259231951,"FILT-01..03,SETUP-01..02,ENTRY-01,STOP-01,EXIT-01,SIZE-01"
LHM-2010-07-07,2010-07-07,1,1022,930,959,105.64,105.65,106.13,106.11999999999999,eod,101.75571428571429,0.007096335180324598,0.02692718965684837,0.8827877896285401,0.46999999999998465,0.004449072321090351,44.490723210903504,0.003927586720232869,122788.18140090692,3.88428571428571,0.12100036778226908,"FILT-01..03,SETUP-01..02,ENTRY-01,STOP-01,EXIT-01,SIZE-01"
LHM-2010-07-08,2010-07-08,1,970,930,959,106.76,106.77000000000001,107.15,107.14,eod,102.56857142857143,0.006030340148873936,0.005936116084047871,0.8440240854351287,0.36999999999999034,0.003465717497189868,34.65717497189868,0.0029251490409422016,123147.3551319708,4.191428571428574,0.0882753919563712,"FILT-01..03,SETUP-01..02,ENTRY-01,STOP-01,EXIT-01,SIZE-01"
LHM-2010-07-13,2010-07-13,1,994,930,959,109.94,109.95,109.66,109.64999999999999,eod,105.88438571428571,0.010831327531938495,0.017775411960748055,0.8878008688505348,-0.30000000000001137,-0.002728761142441435,-27.28761142441435,-0.002422596513145084,122849.01877882505,4.0556142857142845,-0.0739715315277263,"FILT-01..03,SETUP-01..02,ENTRY-01,STOP-01,EXIT-01,SIZE-01"
LHM-2010-07-15,2010-07-15,-1,1042,930,959,109.05,109.03999999999999,109.72,109.73,eod,112.97857142857143,-0.0023709648002917527,-0.005745030093014747,0.9257356488181383,-0.6900000000000119,-0.006327372764786904,-63.273727647869045,-0.0058574745317242225,122129.43378008077,3.9285714285714306,-0.1756363636363666,"FILT-01..03,SETUP-01..02,ENTRY-01,STOP-01,EXIT-01,SIZE-01"
LHM-2010-07-16,2010-07-16,-1,1068,930,959,106.6,106.58999999999999,106.66,106.67,eod,110.52285714285713,-0.015220561429092228,-0.028436018957346043,0.9323136683661084,-0.0800000000000125,-0.0007504690431520873,-7.504690431520873,-0.0006996725466163258,122043.98316813106,3.92285714285714,-0.020393299344504297,"FILT-01..03,SETUP-01..02,ENTRY-01,STOP-01,EXIT-01,SIZE-01"
LHM-2010-07-19,2010-07-19,1,974,930,959,107.14,107.15,107.32,107.30999999999999,eod,102.99371428571429,0.005625351584474192,0.004575285955372266,0.8558230169646955,0.15999999999998238,0.0014933731566173453,14.933731566173453,0.0012780631203503472,122199.96308207892,4.14628571428571,0.03858875413450516,"FILT-01..03,SETUP-01..02,ENTRY-01,STOP-01,EXIT-01,SIZE-01"
LHM-2010-07-22,2010-07-22,1,974,930,959,109.75,109.76,109.46,109.44999999999999,eod,105.6605,0.018394024276377152,0.024654528478057935,0.8750000000000003,-0.3100000000000165,-0.002824601366742747,-28.246013667427473,-0.0024715261958999047,121897.94267218356,4.089500000000001,-0.0758038880058727,"FILT-01..03,SETUP-01..02,ENTRY-01,STOP-01,EXIT-01,SIZE-01"
LHM-2010-07-26,2010-07-26,1,975,930,959,111.42,111.43,111.58,111.57,eod,107.28428571428572,0.001992573136491149,0.0090571506204149,0.8920475530932601,0.13999999999998636,0.0012565069107878868,12.565069107878868,0.0011208639152131058,122034.57367746353,4.135714285714286,0.03385146804835594,"FILT-01..03,SETUP-01..02,ENTRY-01,STOP-01,EXIT-01,SIZE-01"
LHM-2010-08-02,2010-08-02,1,1009,930,959,112.85,112.86,112.74,112.72999999999999,eod,108.91142857142857,0.013134517766497655,0.022933284989122615,0.9336718655543467,-0.13000000000000966,-0.0011519716437750082,-11.519716437750082,-0.0010755635137091192,121903.31774260501,3.9385714285714215,-0.03300689154878742,"FILT-01..03,SETUP-01..02,ENTRY-01,STOP-01,EXIT-01,SIZE-01"
LHM-2010-08-03,2010-08-03,-1,1016,930,959,112.23,112.22,112.2,112.21000000000001,eod,116.25704285714286,-0.0050558807876529555,-0.004435870143693399,0.9354907539118068,0.009999999999990905,8.91027354538974e-05,0.891027354538974,8.335478516537075e-05,121913.47896746638,4.02704285714286,0.0024832117150811227,"FILT-01..03,SETUP-01..02,ENTRY-01,STOP-01,EXIT-01,SIZE-01"
LHM-2010-08-04,2010-08-04,1,1015,930,959,113.03,113.04,112.97,112.96,eod,109.05581428571429,0.00436720142602498,0.007398395721925244,0.9410496046010067,-0.0800000000000125,-0.00070777669645238,-7.077766964523799,-0.0006660529803423189,121832.2781314562,3.97418571428571,-0.020129909810817963,"FILT-01..03,SETUP-01..02,ENTRY-01,STOP-01,EXIT-01,SIZE-01"
LHM-2010-08-05,2010-08-05,-1,1059,930,959,112.76,112.75,112.84,112.85000000000001,eod,116.60000000000001,-0.004160396565459856,-0.0018589005930778058,0.9806423611111114,-0.10000000000000853,-0.0008868393047180606,-8.868393047180605,-0.0008696721897048553,121726.32398735688,3.8400000000000034,-0.026041666666668864,"FILT-01..03,SETUP-01..02,ENTRY-01,STOP-01,EXIT-01,SIZE-01"
LHM-2010-08-06,2010-08-06,-1,1166,930,959,112.11,112.1,112.39,112.4,eod,115.6,-0.003013115916341791,-0.0065579581708614665,1.0746666666666667,-0.30000000000001137,-0.002675943270002777,-26.759432700027773,-0.0028757470341629846,121376.26987217068,3.489999999999995,-0.08595988538682287,"FILT-01..03,SETUP-01..02,ENTRY-01,STOP-01,EXIT-01,SIZE-01"
LHM-2010-08-10,2010-08-10,-1,1229,930,959,112.51,112.5,112.42,112.43,eod,115.81428571428572,-0.011595847410296067,-0.004160909753133435,1.139732958639573,0.06999999999999318,0.000622166918496073,6.22166918496073,0.0007091041427851953,121462.33828797285,3.3042857142857116,0.02118460873324482,"FILT-01..03,SETUP-01..02,ENTRY-01,STOP-01,EXIT-01,SIZE-01"
LHM-2010-08-11,2010-08-11,-1,1307,930,959,109.315,109.30499999999999,109.2901,109.3001,eod,112.50561428571429,-0.020103184486746195,-0.027576054082903423,1.1762929745889383,0.004899999999992133,4.482458948901919e-05,0.44824589489019195,5.2726849704766444e-05,121468.74261442856,3.1906142857142896,0.0015357544225673017,"FILT-01..03,SETUP-01..02,ENTRY-01,STOP-01,EXIT-01,SIZE-01"
LHM-2010-08-12,2010-08-12,-1,1251,930,959,108.785,108.77499999999999,108.64,108.65,eod,112.04142857142858,-0.008601877022712978,-0.0045758947974243736,1.120431605155243,0.12499999999998579,0.00114905547639827,11.490554763982699,0.001287438071833336,121625.12609820809,3.256428571428586,0.038385610879574324,"FILT-01..03,SETUP-01..02,ENTRY-01,STOP-01,EXIT-01,SIZE-01"
LHM-2010-08-16,2010-08-16,-1,1280,930,959,108.03,108.02,108.28,108.29,eod,111.21287142857143,-0.004616805170821747,-0.0024007386888272864,1.1377706538916974,-0.27000000000001023,-0.002499305748403316,-24.993057484033162,-0.0028436367356361194,121279.26842165884,3.1828714285714312,-0.0848290627061849,"FILT-01..03,SETUP-01..02,ENTRY-01,STOP-01,EXIT-01,SIZE-01"
LHM-2010-08-17,2010-08-17,1,1239,930,959,110.09,110.10000000000001,109.6,109.58999999999999,eod,106.88141428571429,0.0074344292574806126,0.01671592168452163,1.1248985237524918,-0.5100000000000193,-0.004632573349078202,-46.32573349078202,-0.005211174921553206,120647.26093955558,3.208585714285718,-0.15894853540278678,"FILT-01..03,SETUP-01..02,ENTRY-01,STOP-01,EXIT-01,SIZE-01"
LHM-2010-08-19,2010-08-19,-1,1274,930,959,108.1,108.08999999999999,107.92,107.93,eod,111.3043,-0.00728730187648019,-0.015303333940608566,1.1420070946332535,0.15999999999998238,0.0014801110083254615,14.801110083254615,0.0016902972723524556,120851.1906756385,3.2043000000000035,0.04993290266204232,"FILT-01..03,SETUP-01..02,ENTRY-01,STOP-01,EXIT-01,SIZE-01"
LHM-2010-08-20,2010-08-20,-1,1235,930,959,107.549,107.539,107.54,107.55000000000001,eod,110.81144285714286,-0.005930318754633013,-0.0035211267605633756,1.0996167411204905,-0.01100000000000989,-0.00010227896121776948,-1.0227896121776947,-0.00011246765801947271,120837.59882525435,3.262442857142858,-0.0033717065651973853,"FILT-01..03,SETUP-01..02,ENTRY-01,STOP-01,EXIT-01,SIZE-01"
LHM-2010-08-24,2010-08-24,-1,1290,930,959,106.12,106.11,105.58,105.59,eod,109.25968571428571,-0.013349514563106846,-0.009428678117998524,1.1336580822878781,0.519999999999996,0.0049001130795325665,49.001130795325665,0.005555052796736638,121508.85806655952,3.1396857142857044,0.1656216727788943,"FILT-01..03,SETUP-01..02,ENTRY-01,STOP-01,EXIT-01,SIZE-01"
LHM-2010-08-31,2010-08-31,-1,1093,930,959,105.07,105.05999999999999,105.4,105.41000000000001,eod,108.77254285714285,-0.002183613405487561,-0.0025633722586156926,0.945712988402251,-0.35000000000002274,-0.0033311125916058127,-33.311125916058124,-0.0031502764437119006,121126.0715732901,3.702542857142859,-0.09452962828635755,"FILT-01..03,SETUP-01..02,ENTRY-01,STOP-01,EXIT-01,SIZE-01"
LHM-2010-09-01,2010-09-01,1,1138,930,959,108.2,108.21000000000001,108.47,108.46,eod,104.74602857142858,0.016508538899430603,0.026565464895635715,1.0171865650858782,0.2499999999999858,0.002310536044362161,23.10536044362161,0.002350246222471859,121410.74766544807,3.453971428571421,0.07238044817973117,"FILT-01..03,SETUP-01..02,ENTRY-01,STOP-01,EXIT-01,SIZE-01"
LHM-2010-09-02,2010-09-02,1,1094,930,959,109.22,109.23,109.46,109.44999999999999,eod,105.54690000000001,0.003964229740942349,0.006895915921453,0.9849000753634249,0.21999999999998465,0.002014283098333498,20.14283098333498,0.001983867575351935,121651.61051104078,3.673099999999991,0.05989491165500128,"FILT-01..03,SETUP-01..02,ENTRY-01,STOP-01,EXIT-01,SIZE-01"
LHM-2010-09-03,2010-09-03,1,1082,930,959,110.71,110.72,110.91,110.89999999999999,eod,107.00461428571428,0.013246848163712688,0.011419696692855918,0.9846928087944062,0.1799999999999926,0.001625869388492391,16.25869388492391,0.0016009818948874164,121846.37253695285,3.705385714285711,0.04857793867613355,"FILT-01..03,SETUP-01..02,ENTRY-01,STOP-01,EXIT-01,SIZE-01"
LHM-2010-09-07,2010-09-07,-1,1103,930,959,109.79,109.78,109.67,109.68,eod,113.50467142857143,-0.00937697231989898,-0.01014335948066003,0.9939049916083219,0.09999999999999432,0.0009108297659166984,9.108297659166984,0.000905278250850046,121956.67740795553,3.714671428571421,0.026920281355396234,"FILT-01..03,SETUP-01..02,ENTRY-01,STOP-01,EXIT-01,SIZE-01"
LHM-2010-09-08,2010-09-08,1,1118,930,959,110.37,110.38000000000001,110.39,110.38,eod,106.75747142857144,0.005653323607185179,0.006382784717789747,1.0119412467985092,-1.4210854715202004e-14,-1.2875649828034795e-16,-1.2875649828034794e-12,-1.302940114032254e-16,121956.67740795552,3.6125285714285695,-3.933769500840886e-15,"FILT-01..03,SETUP-01..02,ENTRY-01,STOP-01,EXIT-01,SIZE-01"
LHM-2010-09-09,2010-09-09,1,1130,930,959,111.13,111.14,110.93,110.92,eod,107.5589,0.009783494881782762,0.006703505752332584,1.0304014636013183,-0.21999999999999886,-0.0019796634572122637,-19.796634572122638,-0.002039848123749562,121707.90430836617,3.5711000000000013,-0.06160566772143003,"FILT-01..03,SETUP-01..02,ENTRY-01,STOP-01,EXIT-01,SIZE-01"
LHM-2010-09-10,2010-09-10,1,1179,930,959,111.565,111.575,111.52,111.50999999999999,eod,108.14032857142857,0.0028847020643647525,0.005679257189218356,1.0812929674390883,-0.06500000000001194,-0.0005826199973110916,-5.826199973110916,-0.0006299829057818639,121631.23040915336,3.424671428571429,-0.018979922995744473,"FILT-01..03,SETUP-01..02,ENTRY-01,STOP-01,EXIT-01,SIZE-01"
LHM-2010-09-13,2010-09-13,1,1196,930,959,112.61,112.62,112.74,112.72999999999999,eod,109.24818571428571,0.008787661406025826,0.009719332855093299,1.107762168298567,0.10999999999998522,0.0009768226622856337,9.768226622856337,0.0010820871904167124,121762.84600553372,3.3618142857142885,0.032720427320277565,"FILT-01..03,SETUP-01..02,ENTRY-01,STOP-01,EXIT-01,SIZE-01"
LHM-2010-09-17,2010-09-17,-1,1379,930,959,112.35,112.33999999999999,112.49,112.5,eod,115.31642857142857,-0.005837092066861227,-0.006323516405766227,1.2726965750120594,-0.1600000000000108,-0.0014241210502893707,-14.241210502893708,-0.0018124739831058589,121542.15401503976,2.9664285714285796,-0.05393691307488912,"FILT-01..03,SETUP-01..02,ENTRY-01,STOP-01,EXIT-01,SIZE-01"
LHM-2010-09-20,2010-09-20,1,1467,930,959,114.2,114.21000000000001,114.22,114.21,eod,111.48,0.0040003555871632734,0.015201351231220572,1.3785539215686269,-1.4210854715202004e-14,-1.24438307488634e-16,-1.2443830748863402e-12,-1.7154491678181904e-16,121542.15401503973,2.719999999999999,-5.224578939412503e-15,"FILT-01..03,SETUP-01..02,ENTRY-01,STOP-01,EXIT-01,SIZE-01"
LHM-2010-09-23,2010-09-23,-1,1647,930,959,112.43,112.42,112.49,112.5,eod,114.92142857142856,-0.007846248787798604,-0.00872784977519181,1.523719055843408,-0.0799999999999983,-0.0007115538557324405,-7.115538557324405,-0.0010842081692383708,121410.3770187498,2.491428571428557,-0.03211009174311877,"FILT-01..03,SETUP-01..02,ENTRY-01,STOP-01,EXIT-01,SIZE-01"
LHM-2010-09-24,2010-09-24,1,1558,930,959,114.65,114.66000000000001,114.8,114.78999999999999,eod,112.11142857142856,0.01562361098764331,0.019290603609209755,1.4712817638266067,0.12999999999998124,0.0011338857392061163,11.338857392061163,0.0016682654103570105,121612.9217511886,2.5385714285714442,0.051209904333138045,"FILT-01..03,SETUP-01..02,ENTRY-01,STOP-01,EXIT-01,SIZE-01"
LHM-2010-09-29,2010-09-29,-1,1509,930,959,114.32,114.30999999999999,114.43,114.44000000000001,eod,117.02571428571429,-0.0033995815899581228,-0.0033995815899581228,1.418547959724429,-0.13000000000002387,-0.0011371588523445056,-11.371588523445055,-0.0016131143698758716,121416.74619954916,2.7057142857142935,-0.048046462513208266,"FILT-01..03,SETUP-01..02,ENTRY-01,STOP-01,EXIT-01,SIZE-01"
LHM-2010-11-30,2010-11-30,-1,1230,930,959,118.95,118.94,118.45,118.46000000000001,eod,122.2493,-0.0062935302509020685,-0.001804145338591967,1.2058201540033795,0.47999999999998977,0.004035308953341654,40.353089533416544,0.00486585686356965,122007.54270739653,3.2993000000000023,0.1454854059952079,"FILT-01..03,SETUP-01..02,ENTRY-01,STOP-01,EXIT-01,SIZE-01"
LHM-2010-12-01,2010-12-01,1,1233,930,959,121.05,121.06,121.01,121.0,eod,117.82334285714286,0.018573237653018104,0.021954411143942476,1.223471048527157,-0.060000000000002274,-0.0004956629491945665,-4.956629491945665,-0.0006064292681671392,121933.55376256161,3.2266571428571353,-0.018595096207486603,"FILT-01..03,SETUP-01..02,ENTRY-01,STOP-01,EXIT-01,SIZE-01"
LHM-2010-12-02,2010-12-02,1,1176,930,959,122.53,122.54,122.57,122.55999999999999,eod,119.11855714285714,0.005784645897033203,0.012560945376415056,1.1823931502241058,0.01999999999998181,0.00016322533257146667,1.6322533257146667,0.00019299651517555382,121957.08651352074,3.411442857142859,0.0058626220158153695,"FILT-01..03,SETUP-01..02,ENTRY-01,STOP-01,EXIT-01,SIZE-01"
LHM-2010-12-07,2010-12-07,1,1260,930,959,123.06,123.07000000000001,122.83,122.82,eod,119.84285714285714,0.0072516907031696665,0.002688829137130311,1.2716252220248654,-0.2500000000000142,-0.002031529335283717,-20.31529335283717,-0.0025833439420301836,121642.02941288838,3.2171428571428606,-0.0777087033747823,"FILT-01..03,SETUP-01..02,ENTRY-01,STOP-01,EXIT-01,SIZE-01"
LHM-2010-12-08,2010-12-08,1,1326,930,959,123.045,123.055,123.25,123.24,eod,119.99857142857142,0.0023609867296263687,0.001791093381095843,1.3417759051185998,0.18499999999998806,0.0015035149741963352,15.035149741963352,0.002017380165361656,121887.42763030027,3.046428571428578,0.060726846424380476,"FILT-01..03,SETUP-01..02,ENTRY-01,STOP-01,EXIT-01,SIZE-01"
LHM-2010-12-09,2010-12-09,1,1320,930,959,123.6,123.61,123.79,123.78,eod,120.53642857142857,0.005030425963488794,0.002880324543610646,1.3388423339540638,0.1700000000000017,0.0013754045307443504,13.754045307443503,0.00184144981207276,122111.8772110041,3.0635714285714215,0.05549079039403193,"FILT-01..03,SETUP-01..02,ENTRY-01,STOP-01,EXIT-01,SIZE-01"
LHM-2010-12-10,2010-12-10,1,1404,930,959,124.48,124.49000000000001,124.51,124.5,eod,121.59714285714286,0.0017772033282170696,0.0055739558930445465,1.431334654773702,0.009999999999990905,8.03341902312894e-05,0.803341902312894,0.00011498511044122752,122125.91825869138,2.882857142857148,0.003468780971255511,"FILT-01..03,SETUP-01..02,ENTRY-01,STOP-01,EXIT-01,SIZE-01"
LHM-2010-12-13,2010-12-13,1,1423,930,959,124.91,124.92,124.55,124.53999999999999,eod,122.04857142857144,0.0018472411854468795,0.0031322785318448343,1.4555277221108878,-0.38000000000000966,-0.003042190377071569,-30.42190377071569,-0.004427992429766644,121585.1456171636,2.8614285714285614,-0.13280079880180115,"FILT-01..03,SETUP-01..02,ENTRY-01,STOP-01,EXIT-01,SIZE-01"
LHM-2011-03-14,2011-03-14,-1,1030,930,959,129.79,129.78,130.07,130.07999999999998,eod,133.75634285714284,-0.004280036686028721,-0.008025068786303935,1.0995855604058917,-0.29999999999998295,-0.0023114261499343784,-23.114261499343783,-0.002541610818412426,121276.12349570476,3.9663428571428483,-0.07563642650299972,"FILT-01..03,SETUP-01..02,ENTRY-01,STOP-01,EXIT-01,SIZE-01"
LHM-2011-03-15,2011-03-15,-1,1076,930,959,129.055,129.04500000000002,128.63,128.64,eod,132.83634285714288,-0.024909664027062295,-0.007841931267778768,1.1450803137089185,0.40500000000002956,0.003138196892797873,31.381968927978733,0.003593487482485342,121711.92772741093,3.7813428571428744,0.10710480781582483,"FILT-01..03,SETUP-01..02,ENTRY-01,STOP-01,EXIT-01,SIZE-01"
LHM-2011-03-16,2011-03-16,-1,1022,930,959,126.59,126.58,126.21,126.22,eod,130.62062857142857,-0.004198087537899298,-0.015859441809842112,1.0637712184794523,0.35999999999999943,0.002843826526581874,28.43826526581874,0.0030251808093261887,122080.12831543799,4.030628571428565,0.08931609390949302,"FILT-01..03,SETUP-01..02,ENTRY-01,STOP-01,EXIT-01,SIZE-01"
LHM-2011-03-17,2011-03-17,1,944,930,959,127.57,127.58,127.8,127.78999999999999,eod,123.30937142857142,0.010854924332461824,0.010775691308137159,0.9874129907055968,0.20999999999999375,0.0016461550521281944,16.461550521281943,0.001625434883187028,122278.56161454585,4.260628571428569,0.04928850203189191,"FILT-01..03,SETUP-01..02,ENTRY-01,STOP-01,EXIT-01,SIZE-01"
LHM-2011-03-21,2011-03-21,1,911,930,959,129.52,129.53,129.725,129.715,eod,125.10151428571427,0.015259409969481164,0.013498708819156269,0.9651479448271103,0.18500000000000227,0.0014283508338480719,14.283508338480718,0.0013785698717805558,122447.13115555231,4.418485714285737,0.04186954806753475,"FILT-01..03,SETUP-01..02,ENTRY-01,STOP-01,EXIT-01,SIZE-01"
LHM-2011-03-22,2011-03-22,-1,943,930,959,129.4095,129.39950000000002,129.3,129.31,eod,133.7349142857143,-0.001965696666024197,-0.002505299672383776,0.9975206847611652,0.08950000000001523,0.0006916030121437393,6.916030121437393,0.0006898883102565073,122531.60599996096,4.325414285714288,0.020691659593304233,"FILT-01..03,SETUP-01..02,ENTRY-01,STOP-01,EXIT-01,SIZE-01"
LHM-2011-03-24,2011-03-24,1,980,930,959,131.01,131.01999999999998,130.9,130.89000000000001,eod,126.88794285714286,0.0018509949097640366,0.01041184636742254,1.0485056005323297,-0.12999999999996703,-0.000992290664834494,-9.92290664834494,-0.0010404223194349156,122404.12138224239,4.12205714285713,-0.03153765110346332,"FILT-01..03,SETUP-01..02,ENTRY-01,STOP-01,EXIT-01,SIZE-01"
LHM-2011-03-25,2011-03-25,1,1006,930,959,131.41,131.42,131.28,131.27,eod,127.37365714285714,0.0017486631016041532,0.003896103896103842,1.0810115710591406,-0.14999999999997726,-0.0011414656418840064,-11.414656418840064,-0.0012339375668430602,122253.08233853242,4.036342857142856,-0.03716235347414354,"FILT-01..03,SETUP-01..02,ENTRY-01,STOP-01,EXIT-01,SIZE-01"
LHM-2011-03-30,2011-03-30,1,1083,930,959,132.89,132.89999999999998,132.76,132.75,eod,129.15887142857142,0.006523058252427161,0.007964199029126151,1.1778384428559237,-0.14999999999997726,-0.0011287531040708651,-11.287531040708652,-0.0013294887984676182,122090.5482349852,3.7311285714285702,-0.040202313355968175,"FILT-01..03,SETUP-01..02,ENTRY-01,STOP-01,EXIT-01,SIZE-01"
LHM-2011-04-01,2011-04-01,1,1205,930,959,133.01,133.01999999999998,133.16,133.15,eod,129.6560142857143,0.003997887908274933,0.0033944331296675845,1.3136203228313363,0.13000000000002387,0.0009773701225473566,9.773701225473566,0.0012838932559063613,122247.299466474,3.353985714285699,0.0387598550125936,"FILT-01..03,SETUP-01..02,ENTRY-01,STOP-01,EXIT-01,SIZE-01"
LHM-2011-06-23,2011-06-23,-1,1278,930,959,127.74,127.72999999999999,128.31,128.32,eod,130.95,-0.015465920572005798,-0.007227792026113233,1.3361370716510914,-0.5900000000000034,-0.004618756849851287,-46.187568498512874,-0.006171292252028719,121492.87565444512,3.2099999999999937,-0.1838006230529609,"FILT-01..03,SETUP-01..02,ENTRY-01,STOP-01,EXIT-01,SIZE-01"
LHM-2011-06-24,2011-06-24,-1,1229,930,959,126.79,126.78,126.8,126.81,eod,130.12285714285716,-0.003351258670407642,-0.011846309718650083,1.2832833261894556,-0.030000000000001137,-0.00023661172016721456,-2.3661172016721457,-0.0003036398752715918,121455.98557283501,3.3328571428571507,-0.009001285897985746,"FILT-01..03,SETUP-01..02,ENTRY-01,STOP-01,EXIT-01,SIZE-01"
LHM-2011-06-27,2011-06-27,1,1191,930,959,128.26,128.26999999999998,127.95,127.94,eod,124.91000000000001,0.0029968454258675337,0.011593059936908512,1.2579365079365081,-0.3299999999999841,-0.00257289879931377,-25.728987993137697,-0.0032365433308827983,121062.88801273346,3.34999999999998,-0.098507462686563,"FILT-01..03,SETUP-01..02,ENTRY-01,STOP-01,EXIT-01,SIZE-01"
LHM-2011-06-28,2011-06-28,1,1158,930,959,129.4,129.41,129.6,129.59,eod,125.9557142857143,0.005939820242282234,0.011332551778038269,1.2382828701783486,0.18000000000000682,0.0013910355486862968,13.910355486862969,0.0017224954917473816,121271.41829155332,3.444285714285712,0.05226047283285145,"FILT-01..03,SETUP-01..02,ENTRY-01,STOP-01,EXIT-01,SIZE-01"
LHM-2011-06-29,2011-06-29,1,1132,930,959,130.66,130.67,130.74,130.73000000000002,eod,127.11,0.0038580246913579863,0.00810185185185186,1.2203389830508466,0.060000000000030695,0.00045920710240341875,4.592071024034188,0.000560388328356714,121339.37737892717,3.549999999999997,0.016901408450712887,"FILT-01..03,SETUP-01..02,ENTRY-01,STOP-01,EXIT-01,SIZE-01"
LHM-2011-07-07,2011-07-07,1,1268,930,959,135.5101,135.52009999999999,135.4,135.39000000000001,eod,132.36714285714288,0.008136757240967407,0.011645267243953539,1.416281528470021,-0.13009999999997035,-0.0009600760386124013,-9.600760386124012,-0.0013597379594134146,121174.38762153345,3.1429571428571137,-0.04139413745925361,"FILT-01..03,SETUP-01..02,ENTRY-01,STOP-01,EXIT-01,SIZE-01"
LHM-2011-07-08,2011-07-08,-1,1289,930,959,134.01,134.0,134.41,134.42,eod,137.18571428571428,-0.009601181683899673,-0.010192023633677993,1.4256919374247925,-0.4199999999999875,-0.0031340944705618053,-31.340944705618053,-0.00446825321780759,120632.94977412766,3.1757142857142924,-0.1322537112010754,"FILT-01..03,SETUP-01..02,ENTRY-01,STOP-01,EXIT-01,SIZE-01"
LHM-2011-07-11,2011-07-11,-1,1254,930,959,131.97,131.96,131.99,132.0,eod,135.2342857142857,-0.010936686258462891,-0.018153411204523406,1.3725309992706065,-0.03999999999999204,-0.00030309918920960857,-3.0309918920960857,-0.0004160130330439747,120582.76489480709,3.2642857142857054,-0.012253829321660616,"FILT-01..03,SETUP-01..02,ENTRY-01,STOP-01,EXIT-01,SIZE-01"
LHM-2011-07-13,2011-07-13,1,1184,930,959,131.96,131.97,131.84,131.83,eod,128.57142857142856,0.004018203680309362,0.0041704083651694646,1.2964256518675135,-0.13999999999998636,-0.0010609275538040796,-10.609275538040796,-0.0013754136955246602,120416.91370852654,3.3885714285714528,-0.04131534569982705,"FILT-01..03,SETUP-01..02,ENTRY-01,STOP-01,EXIT-01,SIZE-01"
LHM-2011-07-21,2011-07-21,1,1177,930,959,134.64,134.64999999999998,134.49,134.48000000000002,eod,131.2802857142857,0.008895589898228362,0.01500188465887664,1.3160841341383904,-0.16999999999995907,-0.0012626262626259587,-12.626262626259587,-0.001661722391588477,120216.8142266911,3.35971428571429,-0.05059954077726474,"FILT-01..03,SETUP-01..02,ENTRY-01,STOP-01,EXIT-01,SIZE-01"
LHM-2011-07-25,2011-07-25,-1,1231,930,959,133.93,133.92000000000002,133.84,133.85,eod,137.1997142857143,-0.006687472135532779,-0.004829840986773748,1.3719853198182452,0.0700000000000216,0.000522661091615184,5.22661091615184,0.0007170833449362114,120303.01970195434,3.2697142857142865,0.02140859839217717,"FILT-01..03,SETUP-01..02,ENTRY-01,STOP-01,EXIT-01,SIZE-01"
LHM-2011-07-29,2011-07-29,-1,1154,930,959,129.65,129.64000000000001,129.32,129.32999999999998,eod,133.14971428571428,-0.008524036246352229,-0.004300414682844478,1.2438458599421403,0.3100000000000307,0.0023910528345548066,23.910528345548066,0.0029741011691639153,120660.81305350388,3.4997142857142762,0.08857865948241574,"FILT-01..03,SETUP-01..02,ENTRY-01,STOP-01,EXIT-01,SIZE-01"
LHM-2011-08-04,2011-08-04,-1,1031,930,959,121.151,121.14099999999999,120.2,120.21000000000001,eod,125.18190000000001,-0.016164817749603877,-0.04025356576862127,1.035640135568738,0.9309999999999832,0.007684624972142064,76.84624972142063,0.007958506047944116,121621.09286394005,4.030900000000017,0.23096578927782363,"FILT-01..03,SETUP-01..02,ENTRY-01,STOP-01,EXIT-01,SIZE-01"
LHM-2011-08-05,2011-08-05,-1,855,930,959,119.17,119.16,120.03,120.04,eod,123.95190000000001,-0.009317803660565782,-0.008569051580698872,0.8378817345964276,-0.8800000000000097,-0.0073844088277251795,-73.8440882772518,-0.006187261277543546,120868.59138553047,4.781900000000007,-0.1840272694953906,"FILT-01..03,SETUP-01..02,ENTRY-01,STOP-01,EXIT-01,SIZE-01"
LHM-2011-08-08,2011-08-08,-1,810,930,959,114.05,114.03999999999999,112.28,112.29,eod,119.27904285714287,-0.0208281263017579,-0.04982087811380487,0.765149590337482,1.7499999999999858,0.015344147303813992,153.44147303813992,0.011740568023591254,122287.65730460796,5.229042857142872,0.334669278453032,"FILT-01..03,SETUP-01..02,ENTRY-01,STOP-01,EXIT-01,SIZE-01"
LHM-2011-08-09,2011-08-09,1,661,930,959,114.48,114.49000000000001,117.47,117.46,eod,108.44371428571428,0.016565728535803403,0.01968204488778058,0.619012852652478,2.9699999999999847,0.02594339622641496,259.4339622641496,0.016059295705606658,124251.51095440856,6.036285714285725,0.4920244237231944,"FILT-01..03,SETUP-01..02,ENTRY-01,STOP-01,EXIT-01,SIZE-01"
LHM-2011-08-10,2011-08-10,-1,612,930,959,113.84,113.83,112.25,112.26,eod,120.81475714285716,-0.027836894526262035,-0.030901506767685327,0.5614054491741982,1.5699999999999932,0.013791286015460235,137.91286015460236,0.007742503120199292,125213.52866566252,6.9747571428571575,0.22509744322894867,"FILT-01..03,SETUP-01..02,ENTRY-01,STOP-01,EXIT-01,SIZE-01"
LHM-2011-08-11,2011-08-11,1,531,930,959,118.2,118.21000000000001,117.33,117.32,eod,110.74667142857142,0.011848552338530105,0.05300668151447674,0.5020128430953502,-0.8900000000000148,-0.00752961082910334,-75.29610829103339,-0.0037799613397197047,124740.22636809644,7.453328571428585,-0.11940973639773776,"FILT-01..03,SETUP-01..02,ENTRY-01,STOP-01,EXIT-01,SIZE-01"
LHM-2011-08-12,2011-08-12,1,499,930,959,118.04,118.05000000000001,118.16,118.14999999999999,eod,109.77095714285714,0.005838234040739909,0.006051308275803358,0.47296888739930115,0.0999999999999801,0.0008471704506945112,8.471704506945112,0.0004006852655025475,124790.20793881758,8.269042857142864,0.012093298066970268,"FILT-01..03,SETUP-01..02,ENTRY-01,STOP-01,EXIT-01,SIZE-01"
LHM-2011-08-15,2011-08-15,1,490,930,959,120.21,120.22,120.67,120.66,eod,111.8673857142857,0.01235612728503721,0.017349356804333027,0.47211419967133705,0.4399999999999977,0.0036602612095499357,36.60261209549936,0.001728061291534708,125005.85306671921,8.34261428571429,0.05274126130383902,"FILT-01..03,SETUP-01..02,ENTRY-01,STOP-01,EXIT-01,SIZE-01"
LHM-2011-08-16,2011-08-16,-1,488,930,959,120.07,120.05999999999999,119.57,119.58,eod,128.6683285714286,-0.011933372006298182,-0.004806497058092329,0.4688947619388612,0.47999999999998977,0.003997668026984174,39.97668026984174,0.0018744855978233411,125240.17473793641,8.598328571428596,0.05582480315941668,"FILT-01..03,SETUP-01..02,ENTRY-01,STOP-01,EXIT-01,SIZE-01"
LHM-2011-08-18,2011-08-18,-1,508,930,959,114.13,114.11999999999999,114.405,114.415,eod,122.73689999999999,-0.033009053214584694,-0.04629556898877074,0.4634661337608972,-0.2950000000000159,-0.002584771751511574,-25.84771751511574,-0.0011979541703274516,125090.14274831656,8.606899999999996,-0.034274826011690164,"FILT-01..03,SETUP-01..02,ENTRY-01,STOP-01,EXIT-01,SIZE-01"
LHM-2011-08-22,2011-08-22,1,454,930,959,113.18,113.19000000000001,112.77,112.75999999999999,eod,104.0521142857143,0.012953597728684318,0.004169993789371107,0.4115958632260327,-0.43000000000002103,-0.003799257819402907,-37.99257819402907,-0.0015637588017953941,124894.53193657604,9.12788571428571,-0.04710838998860867,"FILT-01..03,SETUP-01..02,ENTRY-01,STOP-01,EXIT-01,SIZE-01"
LHM-2011-08-24,2011-08-24,1,446,930,959,117.72,117.73,118.09,118.08,eod,108.48711428571428,0.007898351648351731,0.010602678571428603,0.42075365765051687,0.3499999999999943,0.002973156642881365,29.73156642881365,0.0012509665322602659,125050.770816091,9.232885714285715,0.037907974909561784,"FILT-01..03,SETUP-01..02,ENTRY-01,STOP-01,EXIT-01,SIZE-01"
LHM-2011-08-29,2011-08-29,1,509,930,959,121.18,121.19000000000001,121.35,121.33999999999999,eod,113.2264,0.017801135882003827,0.02729507501907258,0.4937884039044318,0.14999999999997726,0.0012378280244262853,12.378280244262852,0.0006112251244896315,125127.20498905059,7.953600000000009,0.018859384429689336,"FILT-01..03,SETUP-01..02,ENTRY-01,STOP-01,EXIT-01,SIZE-01"
LHM-2011-09-02,2011-09-02,-1,654,930,959,117.74,117.72999999999999,117.82,117.83,eod,124.28852857142857,-0.019680807078475193,-0.026391300752501512,0.6154171628477081,-0.10000000000000853,-0.0008493290300663201,-8.493290300663201,-0.0005226916620076104,125061.8020423125,6.548528571428577,-0.015270606046724982,"FILT-01..03,SETUP-01..02,ENTRY-01,STOP-01,EXIT-01,SIZE-01"
LHM-2011-09-06,2011-09-06,-1,633,930,959,115.98,115.97,117.02,117.03,eod,122.66145714285715,-0.021473434051943574,-0.015617042946868054,0.5877959327377971,-1.0600000000000023,-0.009139506811519246,-91.39506811519246,-0.005372164931040405,124389.94941516807,6.681457142857141,-0.1586480280178408,"FILT-01..03,SETUP-01..02,ENTRY-01,STOP-01,EXIT-01,SIZE-01"
LHM-2011-09-07,2011-09-07,1,591,930,959,120.07,120.08,120.2899,120.2799,eod,113.23711428571427,0.01692018458383182,0.026063920697316778,0.5708666630427356,0.19989999999999952,0.0016648621637378156,16.648621637378156,0.0009504143078391153,124508.17140284364,6.832885714285723,0.029255574929646852,"FILT-01..03,SETUP-01..02,ENTRY-01,STOP-01,EXIT-01,SIZE-01"
LHM-2011-09-08,2011-09-08,-1,601,930,959,119.37,119.36,119.03,119.04,eod,126.32288571428572,-0.004322058626701097,-0.007647358589540798,0.5766905279479705,0.3199999999999932,0.002680740554578145,26.807405545781453,0.0015459576857112056,124700.65576735773,6.9528857142857134,0.0460240557877295,"FILT-01..03,SETUP-01..02,ENTRY-01,STOP-01,EXIT-01,SIZE-01"
LHM-2011-09-09,2011-09-09,-1,673,930,959,115.39,115.38,115.89,115.9,eod,121.74971428571429,-0.014030076451314821,-0.030630933378139935,0.623286953919808,-0.5200000000000102,-0.004506456365369705,-45.06456365369705,-0.0028088154609438127,124350.39463744855,6.35971428571429,-0.0817646794555027,"FILT-01..03,SETUP-01..02,ENTRY-01,STOP-01,EXIT-01,SIZE-01"
LHM-2011-09-13,2011-09-13,1,642,930,959,117.6,117.61,117.74,117.72999999999999,eod,111.18714285714286,0.006512425021422352,0.007626392459297415,0.6075412762159743,0.11999999999999034,0.001020408163265224,10.20408163265224,0.0006199400777713525,124427.48443077099,6.412857142857135,0.018712408108708698,"FILT-01..03,SETUP-01..02,ENTRY-01,STOP-01,EXIT-01,SIZE-01"
LHM-2011-09-15,2011-09-15,1,642,930,959,120.955,120.965,121.44,121.42999999999999,eod,114.58642857142856,0.00812599480606524,0.013278043059395062,0.6247868999551361,0.4649999999999892,0.003844404943987344,38.44404943987344,0.0024019338471260514,124726.35101713799,6.3685714285714425,0.07301480484522022,"FILT-01..03,SETUP-01..02,ENTRY-01,STOP-01,EXIT-01,SIZE-01"
LHM-2011-09-19,2011-09-19,-1,731,930,959,120.55,120.53999999999999,120.32,120.33,eod,126.28285714285714,-0.021807109940750413,-0.007982225148123745,0.706570313148932,0.20999999999999375,0.0017420157610949295,17.420157610949296,0.0012308566218272195,124879.87127220379,5.732857142857142,0.036630949414402106,"FILT-01..03,SETUP-01..02,ENTRY-01,STOP-01,EXIT-01,SIZE-01"
LHM-2011-09-22,2011-09-22,-1,756,930,959,111.79,111.78,112.9,112.91000000000001,eod,117.52857142857144,-0.03244356707578755,-0.04051154407347013,0.6767654136586176,-1.1300000000000097,-0.010108238661776632,-101.08238661776632,-0.006840906319297294,124025.57977166474,5.738571428571433,-0.19691311924321786,"FILT-01..03,SETUP-01..02,ENTRY-01,STOP-01,EXIT-01,SIZE-01"
LHM-2011-09-27,2011-09-27,1,688,930,959,117.975,117.985,117.55,117.53999999999999,eod,112.06857142857143,0.022631443077187896,0.015231047242061813,0.6552843563718381,-0.4450000000000074,-0.003771985590167471,-37.71985590167471,-0.0024717231496967393,123719.02287498854,5.906428571428563,-0.07534163744104622,"FILT-01..03,SETUP-01..02,ENTRY-01,STOP-01,EXIT-01,SIZE-01"
LHM-2011-09-30,2011-09-30,-1,688,930,959,113.93,113.92,113.15,113.16000000000001,eod,120.02142857142857,-0.01629029477676258,-0.018100327529736226,0.6338406306095373,0.7599999999999909,0.006670762749056358,66.70762749056358,0.0042282004675084925,124242.13170534826,6.091428571428565,0.12476547842401364,"FILT-01..03,SETUP-01..02,ENTRY-01,STOP-01,EXIT-01,SIZE-01"
LHM-2011-10-03,2011-10-03,-1,692,930,959,110.36,110.35,109.92,109.93,eod,116.48571428571428,-0.008484312859036724,-0.024745912505523715,0.6147070236709354,0.4199999999999875,0.0038057267125769074,38.05726712576907,0.002339406940393124,124532.78461054897,6.125714285714281,0.06856343283581891,"FILT-01..03,SETUP-01..02,ENTRY-01,STOP-01,EXIT-01,SIZE-01"
LHM-2011-10-04,2011-10-04,-1,648,930,959,109.18,109.17,112.32,112.33,eod,115.63714285714285,-0.018740902474526977,-0.006641193595342099,0.5683137602481722,-3.1599999999999966,-0.02894302985894849,-289.4302985894849,-0.01644872213211414,122484.37944015164,6.457142857142841,-0.489380530973452,"FILT-01..03,SETUP-01..02,ENTRY-01,STOP-01,EXIT-01,SIZE-01"
LHM-2011-10-07,2011-10-07,1,584,930,959,116.92,116.93,115.68,115.67,eod,109.9557142857143,0.003029600830780188,0.003458722761485511,0.5576882051282055,-1.2600000000000051,-0.010776599384194365,-107.76599384194365,-0.00600998236795708,121748.25047936615,6.964285714285708,-0.18092307692307782,"FILT-01..03,SETUP-01..02,ENTRY-01,STOP-01,EXIT-01,SIZE-01"
LHM-2011-10-10,2011-10-10,1,576,930,959,118.39,118.4,119.59,119.58,eod,111.52357142857144,0.022994467496542104,0.023513139695712226,0.5607562065025453,1.1799999999999926,0.009967058028549646,99.67058028549646,0.005589089650080237,122428.71236603576,6.866428571428557,0.17185061895349976,"FILT-01..03,SETUP-01..02,ENTRY-01,STOP-01,EXIT-01,SIZE-01"
LHM-2011-10-12,2011-10-12,1,595,930,959,121.38,121.39,120.71,120.69999999999999,eod,114.62928571428571,0.009611366485582806,0.014458838278311736,0.5908016788346914,-0.6900000000000119,-0.005684626791893327,-56.84626791893327,-0.003358487052199243,122017.537120737,6.750714285714281,-0.10221140620040392,"FILT-01..03,SETUP-01..02,ENTRY-01,STOP-01,EXIT-01,SIZE-01"
LHM-2011-10-13,2011-10-13,-1,641,930,959,120.22,120.21,120.48,120.49000000000001,eod,126.58214285714286,-0.009775494987987687,-0.004059315715350786,0.6324389057295763,-0.28000000000001535,-0.002329063383796501,-23.290633837965007,-0.001472990297823083,121837.80647239389,6.362142857142857,-0.0440103289547571,"FILT-01..03,SETUP-01..02,ENTRY-01,STOP-01,EXIT-01,SIZE-01"
LHM-2011-10-14,2011-10-14,1,634,930,959,122.205,122.215,122.58,122.57,eod,115.90857142857143,0.012533200531208433,0.014400730411686657,0.6368105108166274,0.35499999999998977,0.0029049547890838325,29.049547890838326,0.0018499057431356836,122063.19493031822,6.296428571428564,0.05638116846284586,"FILT-01..03,SETUP-01..02,ENTRY-01,STOP-01,EXIT-01,SIZE-01"
LHM-2011-10-17,2011-10-17,-1,676,930,959,120.5,120.49,120.21,120.22,eod,126.62071428571429,-0.00823951705008974,-0.01696851036058078,0.6675691445909679,0.269999999999996,0.002240663900414905,22.40663900414905,0.00149579808331584,122245.7768233384,6.1207142857142856,0.04411249854125271,"FILT-01..03,SETUP-01..02,ENTRY-01,STOP-01,EXIT-01,SIZE-01"
LHM-2011-10-21,2011-10-21,1,686,930,959,123.47,123.48,123.95,123.94,eod,117.62357142857144,0.014387897722601295,0.015127846748335116,0.6934717980044803,0.45999999999999375,0.0037256013606543595,37.2560136065436,0.002583599474220917,122561.6109480649,5.846428571428561,0.07868051313378038,"FILT-01..03,SETUP-01..02,ENTRY-01,STOP-01,EXIT-01,SIZE-01"
LHM-2011-10-24,2011-10-24,1,720,930,959,125.18,125.19000000000001,125.5114,125.50139999999999,eod,119.56428571428572,0.005486083098023231,0.009883017345703848,0.7363887120729902,0.3113999999999777,0.0024876178303241546,24.876178303241545,0.0018318536902022103,122786.12588735725,5.61571428571429,0.05545153904858413,"FILT-01..03,SETUP-01..02,ENTRY-01,STOP-01,EXIT-01,SIZE-01"
LHM-2011-10-25,2011-10-25,-1,809,930,959,123.53,123.52,123.06,123.07000000000001,eod,128.6692857142857,-0.011962260001880276,-0.015786613805598537,0.8140651378271953,0.44999999999998863,0.0036428397960008795,36.428397960008795,0.002965508880613848,123150.24923409236,5.139285714285705,0.08756080611535583,"FILT-01..03,SETUP-01..02,ENTRY-01,STOP-01,EXIT-01,SIZE-01"
LHM-2011-10-26,2011-10-26,1,799,930,959,124.4,124.41000000000001,124.31,124.3,eod,119.31908571428572,0.008044856167723102,0.010888997237120224,0.8073350128210903,-0.11000000000001364,-0.0008842443729904633,-8.842443729904634,-0.0007138814422052327,123062.3345565612,5.080914285714286,-0.021649646857711084,"FILT-01..03,SETUP-01..02,ENTRY-01,STOP-01,EXIT-01,SIZE-01"
LHM-2011-10-27,2011-10-27,1,790,930,959,129.1,129.10999999999999,128.6,128.59,eod,124.10337142857142,0.0227737108840802,0.03853270050679747,0.8292925134281025,-0.5199999999999818,-0.004027885360185762,-40.27885360185761,-0.003340295174148708,122651.27003432244,4.996628571428573,-0.10407017303095434,"FILT-01..03,SETUP-01..02,ENTRY-01,STOP-01,EXIT-01,SIZE-01"
LHM-2011-10-31,2011-10-31,-1,833,930,959,126.05,126.03999999999999,125.37,125.38000000000001,eod,131.04591428571428,-0.013529274550968085,-0.019982894020682762,0.8563870165004832,0.6599999999999824,0.005236017453391371,52.360174533913714,0.004484057365254294,123201.24536507763,4.995914285714278,0.13210795106858414,"FILT-01..03,SETUP-01..02,ENTRY-01,STOP-01,EXIT-01,SIZE-01"
LHM-2011-11-01,2011-11-01,-1,795,930,959,122.5,122.49,122.01,122.02000000000001,eod,127.78591428571428,-0.021695780489750294,-0.022892238972641032,0.7905917073408039,0.46999999999998465,0.0038367346938774256,38.367346938774254,0.0030332906322462503,123574.9505485246,5.285914285714284,0.08891555454658184,"FILT-01..03,SETUP-01..02,ENTRY-01,STOP-01,EXIT-01,SIZE-01"
LHM-2011-11-02,2011-11-02,1,739,930,959,123.96,123.97,123.99,123.97999999999999,eod,118.4748,0.01245799524629132,0.0159413162855504,0.7421261997737312,0.009999999999990905,8.067118425291147e-05,0.8067118425291148,5.986819940085966e-05,123582.34875830499,5.485199999999992,0.001823087581125742,"FILT-01..03,SETUP-01..02,ENTRY-01,STOP-01,EXIT-01,SIZE-01"
LHM-2011-11-03,2011-11-03,1,726,930,959,126.22,126.23,126.26,126.25,eod,120.64337142857143,0.003145414952818726,0.017944995564158406,0.7417938843221015,0.01999999999999602,0.00015845349389950896,1.5845349389950896,0.00011753983272412516,123596.87460690571,5.5766285714285715,0.003586396286542103,"FILT-01..03,SETUP-01..02,ENTRY-01,STOP-01,EXIT-01,SIZE-01"
LHM-2011-11-04,2011-11-04,-1,731,930,959,125.15,125.14,125.47,125.48,eod,130.83477142857143,-0.010771424045620148,-0.008783462696024147,0.7404707806352591,-0.3400000000000034,-0.0027167399121055006,-27.167399121055006,-0.002011666523499725,123348.23891184981,5.684771428571423,-0.05980891303583072,"FILT-01..03,SETUP-01..02,ENTRY-01,STOP-01,EXIT-01,SIZE-01"
LHM-2011-11-08,2011-11-08,1,763,930,959,127.69,127.7,127.87,127.86,eod,122.35480000000001,0.008473905123940861,0.011166547873604271,0.7903928490948695,0.1599999999999966,0.0012530346933980468,12.530346933980468,0.0009903896613295984,123470.40173241134,5.335199999999986,0.029989503673713638,"FILT-01..03,SETUP-01..02,ENTRY-01,STOP-01,EXIT-01,SIZE-01"
LHM-2011-11-09,2011-11-09,-1,800,930,959,123.61,123.6,123.17,123.18,eod,128.92662857142858,-0.02627668726049892,-0.033315085633846886,0.801698534337908,0.4199999999999875,0.0033977833508614798,33.9778335086148,0.002723997932383394,123806.73485144098,5.316628571428581,0.07899743123998848,"FILT-01..03,SETUP-01..02,ENTRY-01,STOP-01,EXIT-01,SIZE-01"
LHM-2011-11-10,2011-11-10,1,716,930,959,124.35,124.36,124.25,124.24,eod,118.63337142857142,0.006413899488511676,0.009499066331087214,0.7194557373547216,-0.12000000000000455,-0.0009650180940893008,-9.650180940893009,-0.000694287804443666,123720.77734532564,5.716628571428572,-0.020991393528654045,"FILT-01..03,SETUP-01..02,ENTRY-01,STOP-01,EXIT-01,SIZE-01"
LHM-2011-11-11,2011-11-11,1,719,930,959,126.64,126.65,126.69,126.67999999999999,eod,121.0148,0.014889336016096433,0.019235412474849056,0.7362701178032187,0.029999999999986926,0.00023689197725826694,2.3689197725826694,0.0001744164840025816,123742.35628830826,5.625200000000007,0.00533314371044352,"FILT-01..03,SETUP-01..02,ENTRY-01,STOP-01,EXIT-01,SIZE-01"
LHM-2011-11-14,2011-11-14,-1,724,930,959,125.32,125.30999999999999,125.48,125.49000000000001,eod,131.06344285714286,-0.006393559081221856,-0.010884047675428277,0.7341356565275263,-0.18000000000002103,-0.0014363230130866665,-14.363230130866665,-0.0010544559381979748,123611.87542591344,5.743442857142867,-0.03134008720503991,"FILT-01..03,SETUP-01..02,ENTRY-01,STOP-01,EXIT-01,SIZE-01"
LHM-2011-11-16,2011-11-16,-1,751,930,959,124.805,124.795,124.09,124.10000000000001,eod,130.34878571428573,-0.007215350459879533,-0.010390897557881473,0.7589426176660216,0.6949999999999932,0.005568687151956998,55.68687151956998,0.004226314004069386,124134.29802609528,5.543785714285718,0.125365595969746,"FILT-01..03,SETUP-01..02,ENTRY-01,STOP-01,EXIT-01,SIZE-01"
LHM-2011-11-17,2011-11-17,-1,818,930,959,121.65,121.64,122.09,122.10000000000001,eod,126.80785714285716,-0.004915786928841981,-0.019663147715367812,0.8019480219729487,-0.46000000000000796,-0.0037813399095767194,-37.813399095767195,-0.003032438060892419,123757.86845609879,5.157857142857154,-0.08918432350090151,"FILT-01..03,SETUP-01..02,ENTRY-01,STOP-01,EXIT-01,SIZE-01"
LHM-2011-11-21,2011-11-21,-1,814,930,959,120.05,120.03999999999999,119.66,119.67,eod,125.185,-0.0191014920478767,-0.015904246597802874,0.7902818270165206,0.36999999999999034,0.0030820491461890074,30.820491461890075,0.002435687430204956,124059.30394068627,5.135000000000005,0.07205452775072833,"FILT-01..03,SETUP-01..02,ENTRY-01,STOP-01,EXIT-01,SIZE-01"
LHM-2011-11-23,2011-11-23,-1,849,930,959,117.07,117.05999999999999,116.63,116.64,eod,122.02499999999999,-0.01460099018209271,-0.017621884702525903,0.801681802892701,0.4199999999999875,0.003587597164089754,35.87597164089754,0.002876111362560215,124416.11231438137,4.954999999999998,0.08476286579212666,"FILT-01..03,SETUP-01..02,ENTRY-01,STOP-01,EXIT-01,SIZE-01"
LHM-2011-11-28,2011-11-28,1,823,930,959,119.03,119.04,119.71,119.69999999999999,eod,114.12814285714286,0.034592822636301035,0.02683747412008275,0.788111888111888,0.6599999999999824,0.005544820633453603,55.448206334536025,0.004369939058672874,124959.80314311222,4.901857142857139,0.13464284673447033,"FILT-01..03,SETUP-01..02,ENTRY-01,STOP-01,EXIT-01,SIZE-01"
LHM-2011-11-29,2011-11-29,1,797,930,959,120.34,120.35000000000001,120.03,120.02,eod,115.14142857142858,0.0041767605045526235,0.005262718235736541,0.7675826692314734,-0.3300000000000125,-0.0027422303473492813,-27.422303473492814,-0.002104888489665912,124696.77669180537,5.198571428571427,-0.0634789777411401,"FILT-01..03,SETUP-01..02,ENTRY-01,STOP-01,EXIT-01,SIZE-01"
LHM-2011-11-30,2011-11-30,1,791,930,959,124.34,124.35000000000001,125.0897,125.07969999999999,eod,119.27785714285714,0.03290843955677758,0.03594934599683408,0.7895968424020301,0.7296999999999798,0.005868586134791538,58.68586134791538,0.004633817081395732,125274.59874563485,5.0621428571428595,0.14414844080710756,"FILT-01..03,SETUP-01..02,ENTRY-01,STOP-01,EXIT-01,SIZE-01"
LHM-2011-12-05,2011-12-05,1,856,930,959,125.55,125.56,126.21,126.19999999999999,eod,120.70428571428572,0.016262116478410693,0.005767844268204758,0.8586969339622644,0.6399999999999864,0.00509757068896843,50.975706889684304,0.0043772683212730985,125822.95927818431,4.84571428571428,0.13207547169811054,"FILT-01..03,SETUP-01..02,ENTRY-01,STOP-01,EXIT-01,SIZE-01"
LHM-2011-12-08,2011-12-08,-1,885,930,959,124.77,124.75999999999999,123.97,123.98,eod,129.59,-0.0067903671535728405,-0.014765100671141007,0.8776853776853777,0.7799999999999869,0.006251502765087657,62.515027650876576,0.005486852565477144,126513.33130509575,4.820000000000007,0.16182572614107588,"FILT-01..03,SETUP-01..02,ENTRY-01,STOP-01,EXIT-01,SIZE-01"
LHM-2011-12-09,2011-12-09,1,859,930,959,126.21,126.22,126.03,126.02,eod,121.38,0.009115108493990443,0.017988222957167066,0.8573305670816043,-0.20000000000000284,-0.001584660486490792,-15.84660486490792,-0.0013585778735149617,126341.45309247998,4.829999999999998,-0.04140786749482462,"FILT-01..03,SETUP-01..02,ENTRY-01,STOP-01,EXIT-01,SIZE-01"
LHM-2011-12-12,2011-12-12,-1,860,930,959,123.84,123.83,124.19,124.2,eod,128.81,-0.014282313734825025,-0.017456161231452882,0.8435742971887547,-0.37000000000000455,-0.002987726098191251,-29.87726098191251,-0.002520368943474185,126023.0260178323,4.969999999999999,-0.07444668008048383,"FILT-01..03,SETUP-01..02,ENTRY-01,STOP-01,EXIT-01,SIZE-01"
LHM-2011-12-14,2011-12-14,-1,825,930,959,121.96,121.94999999999999,121.74,121.75,eod,127.10428571428571,-0.00536193029490617,-0.009099033227719544,0.7991374513077348,0.19999999999998863,0.0016398819285010548,16.39881928501055,0.001310491064787946,126188.1780673862,5.144285714285715,0.03887808941960345,"FILT-01..03,SETUP-01..02,ENTRY-01,STOP-01,EXIT-01,SIZE-01"
LHM-2011-12-15,2011-12-15,1,838,930,959,122.38,122.39,122.189,122.17899999999999,eod,117.38714285714285,0.010021356990307151,0.005257105306390564,0.8127610872675246,-0.21100000000001273,-0.0017241379310345868,-17.241379310345867,-0.001401312219426851,126011.34903151315,4.992857142857147,-0.04226037195994529,"FILT-01..03,SETUP-01..02,ENTRY-01,STOP-01,EXIT-01,SIZE-01"
LHM-2011-12-20,2011-12-20,1,877,930,959,123.98,123.99000000000001,123.93,123.92,eod,119.32528571428571,0.022022770713870266,0.030258455912906213,0.8633763837638376,-0.07000000000000739,-0.0005646071947088836,-5.646071947088836,-0.0004874685180148009,125949.9224659477,4.654714285714292,-0.01503851701807848,"FILT-01..03,SETUP-01..02,ENTRY-01,STOP-01,EXIT-01,SIZE-01"
LHM-2011-12-22,2011-12-22,1,923,930,959,125.34,125.35000000000001,125.31,125.3,eod,120.8442857142857,0.006119162640901621,0.0092592592592593,0.9188332276474312,-0.05000000000001137,-0.00039891495133246663,-3.989149513324666,-0.0003665363122896283,125903.75724583387,4.4957142857143,-0.011121703209408277,"FILT-01..03,SETUP-01..02,ENTRY-01,STOP-01,EXIT-01,SIZE-01"
LHM-2011-12-23,2011-12-23,1,942,930,959,126.0,126.01,126.38,126.36999999999999,eod,121.58,0.0027930731785172913,0.005586146357034583,0.9428893905191867,0.3599999999999852,0.00285714285714274,28.5714285714274,0.002693969687197566,126242.93815135842,4.420000000000002,0.08144796380090161,"FILT-01..03,SETUP-01..02,ENTRY-01,STOP-01,EXIT-01,SIZE-01"
LHM-2011-12-27,2011-12-27,1,987,930,959,126.65,126.66000000000001,126.46,126.44999999999999,eod,122.40571428571428,0.0026902990979584818,0.002215540433612828,0.9902171479740314,-0.21000000000002217,-0.0016581129095935424,-16.581129095935424,-0.0016418918363566406,126035.66090181003,4.2442857142857235,-0.04947829013800579,"FILT-01..03,SETUP-01..02,ENTRY-01,STOP-01,EXIT-01,SIZE-01"
LHM-2011-12-28,2011-12-28,-1,1021,930,959,124.78,124.77,124.96,124.97,eod,128.95260000000002,-0.005693499920923606,-0.013264273287996176,1.0108713029576335,-0.20000000000000284,-0.0016028209648982436,-16.028209648982436,-0.0016202457171944989,125831.45216202008,4.172600000000017,-0.04793174519484303,"FILT-01..03,SETUP-01..02,ENTRY-01,STOP-01,EXIT-01,SIZE-01"
LHM-2011-12-29,2011-12-29,1,1014,930,959,126.005,126.015,126.16,126.14999999999999,eod,121.91000000000001,0.003841229193341844,0.008402688860435381,1.0159349593495934,0.1349999999999909,0.0010713860561088124,10.713860561088124,0.0010884585493606276,125968.4144819043,4.094999999999985,0.03296703296703087,"FILT-01..03,SETUP-01..02,ENTRY-01,STOP-01,EXIT-01,SIZE-01"
LHM-2012-01-03,2012-01-03,1,1140,930,959,127.772,127.78200000000001,127.59,127.58,eod,124.16142857142857,0.018632056692411858,0.017437694083923816,1.1569022239768392,-0.2020000000000124,-0.0015809410512476316,-15.809410512476315,-0.0018289942181646671,125738.01898014553,3.6105714285714328,-0.055946822821875644,"FILT-01..03,SETUP-01..02,ENTRY-01,STOP-01,EXIT-01,SIZE-01"
LHM-2012-01-06,2012-01-06,-1,1255,930,959,127.83,127.82,127.79,127.80000000000001,eod,131.15928571428572,-0.00484148055598943,-0.0019131657035764693,1.2764060942617126,0.01999999999998181,0.00015645779550951897,1.5645779550951897,0.00019970368368310283,125763.12932571488,3.3292857142857173,0.006007294571974793,"FILT-01..03,SETUP-01..02,ENTRY-01,STOP-01,EXIT-01,SIZE-01"
LHM-2012-01-10,2012-01-10,1,1321,930,959,129.16,129.17,129.16,129.15,eod,126.01714285714286,0.010468750000000027,0.009062499999999973,1.3575757575757594,-0.01999999999998181,-0.00015484670176511159,-1.548467017651116,-0.00021021612845687905,125736.69188756541,3.142857142857139,-0.006363636363630584,"FILT-01..03,SETUP-01..02,ENTRY-01,STOP-01,EXIT-01,SIZE-01"
LHM-2012-01-13,2012-01-13,-1,1643,930,959,128.79,128.78,128.95,128.95999999999998,eod,131.3542857142857,-0.007797421446768982,-0.005712962248127895,1.6837697307335215,-0.1799999999999784,-0.0013976240391333054,-13.976240391333054,-0.0023532770520381823,125440.7986159472,2.5642857142857167,-0.07019498607241491,"FILT-01..03,SETUP-01..02,ENTRY-01,STOP-01,EXIT-01,SIZE-01"
LHM-2012-05-08,2012-05-08,-1,1445,930,959,136.56,136.55,136.52,136.53,eod,139.475,-0.006490665110851945,-0.004011085180863572,1.5733792312105603,0.020000000000010232,0.000146455770357427,1.46455770357427,0.00023043046737131887,125469.7039977997,2.914999999999992,0.006861063464840579,"FILT-01..03,SETUP-01..02,ENTRY-01,STOP-01,EXIT-01,SIZE-01"
LHM-2012-06-07,2012-06-07,1,1011,930,959,132.42,132.42999999999998,132.02,132.01000000000002,eod,128.30632857142857,0.009771986970684265,0.003180819634876153,1.0671170390900169,-0.4199999999999591,-0.0031717263253281916,-31.717263253281917,-0.0033846032050880792,125045.03883550731,4.113671428571422,-0.10209857721811653,"FILT-01..03,SETUP-01..02,ENTRY-01,STOP-01,EXIT-01,SIZE-01"
LHM-2012-06-12,2012-06-12,1,998,930,959,132.63,132.64,132.95,132.94,eod,128.49285714285713,0.0024340153647219864,0.0088233056971172,1.0592656537753227,0.30000000000001137,0.002261931689663058,22.61931689663058,0.0023959865500460596,125344.64506670716,4.137142857142862,0.07251381215469879,"FILT-01..03,SETUP-01..02,ENTRY-01,STOP-01,EXIT-01,SIZE-01"
LHM-2012-06-13,2012-06-13,-1,1021,930,959,131.74,131.73000000000002,132.09,132.1,eod,135.87857142857143,-0.005265137269650166,-0.009025949605114603,1.0734140715109566,-0.3699999999999761,-0.0028085623197204807,-28.085623197204807,-0.0030147503147034183,124966.76225854592,4.138571428571424,-0.08940283051431949,"FILT-01..03,SETUP-01..02,ENTRY-01,STOP-01,EXIT-01,SIZE-01"
LHM-2012-06-14,2012-06-14,1,1028,930,959,132.99,133.0,133.49,133.48000000000002,eod,128.95571428571427,0.004769475357710551,0.00673783026724184,1.0941072062477804,0.4800000000000182,0.0036092939318747136,36.092939318747135,0.003948954500330509,125460.25031675855,4.034285714285744,0.11898016997167501,"FILT-01..03,SETUP-01..02,ENTRY-01,STOP-01,EXIT-01,SIZE-01"
LHM-2012-06-19,2012-06-19,1,1015,930,959,135.85,135.85999999999999,135.7,135.69,eod,131.7757142857143,0.007439369141496899,0.010638297872340496,1.099742870500234,-0.1699999999999875,-0.001251380198748528,-12.513801987485278,-0.0013761964518588592,125287.5923654233,4.074285714285708,-0.041725105189337815,"FILT-01..03,SETUP-01..02,ENTRY-01,STOP-01,EXIT-01,SIZE-01"
LHM-2012-06-22,2012-06-22,1,1038,930,959,133.36,133.37,133.46,133.45000000000002,eod,129.3605714285714,0.004227691378529297,0.006756756756756577,1.1053729599561295,0.0800000000000125,0.0005998800239952947,5.9988002399529465,0.0006630911577422329,125370.66946009564,3.9994285714286093,0.020002857551081662,"FILT-01..03,SETUP-01..02,ENTRY-01,STOP-01,EXIT-01,SIZE-01"
LHM-2012-06-25,2012-06-25,-1,1075,930,959,131.5,131.49,131.28,131.29,eod,135.4437142857143,-0.013487187172186554,-0.014686048254158646,1.128039798111522,0.20000000000001705,0.0015209125475286467,15.209125475286466,0.0017156498830594952,125585.76163449395,3.943714285714293,0.05071361298268915,"FILT-01..03,SETUP-01..02,ENTRY-01,STOP-01,EXIT-01,SIZE-01"
LHM-2012-06-26,2012-06-26,1,1012,930,959,132.19,132.2,131.97,131.96,eod,128.07485714285716,0.002970749542961615,0.006855575868373043,1.0659799554565696,-0.23999999999998067,-0.0018155684998863808,-18.15568499886381,-0.0019353596286372351,125342.7080214949,4.115142857142843,-0.05832118308685241,"FILT-01..03,SETUP-01..02,ENTRY-01,STOP-01,EXIT-01,SIZE-01"
LHM-2012-06-27,2012-06-27,1,1065,930,959,133.27,133.28,133.18,133.17000000000002,eod,129.36785714285713,0.0050011366219595565,0.009699174054709436,1.1331370745170188,-0.10999999999998522,-0.0008253920612289728,-8.253920612289729,-0.0009352823455905703,125225.47719953387,3.902142857142877,-0.028189639392271374,"FILT-01..03,SETUP-01..02,ENTRY-01,STOP-01,EXIT-01,SIZE-01"
LHM-2012-06-28,2012-06-28,-1,1096,930,959,131.95,131.94,132.79,132.79999999999998,eod,135.79071428571427,-0.006457426039946035,-0.009235620964108904,1.1558613849110402,-0.8599999999999852,-0.006517620310723647,-65.17620310723647,-0.007533465638677359,124282.0953699642,3.8407142857142844,-0.22391668216477212,"FILT-01..03,SETUP-01..02,ENTRY-01,STOP-01,EXIT-01,SIZE-01"
LHM-2012-06-29,2012-06-29,1,1053,930,959,135.67,135.67999999999998,136.22,136.21,eod,131.82,0.01709466074252597,0.021688380149107678,1.149696969696969,0.5300000000000296,0.003906537922901376,39.06537922901376,0.004491334811966004,124840.28787140339,3.8499999999999943,0.13766233766234554,"FILT-01..03,SETUP-01..02,ENTRY-01,STOP-01,EXIT-01,SIZE-01"
LHM-2012-07-05,2012-07-05,-1,1112,930,959,137.03,137.02,136.805,136.815,eod,140.78,-0.005532100742466128,-0.002547677973504081,1.2211555555555555,0.2050000000000125,0.0014960227687368642,14.960227687368642,0.0018268765152806257,125068.35566147654,3.75,0.05466666666667,"FILT-01..03,SETUP-01..02,ENTRY-01,STOP-01,EXIT-01,SIZE-01"
LHM-2012-07-06,2012-07-06,-1,1162,930,959,135.48,135.47,135.52,135.53,eod,139.09900000000002,-0.008881254340119216,-0.009692628193413988,1.2597145488029466,-0.060000000000002274,-0.00044286979627991053,-4.428697962799105,-0.0005578895255992004,124998.58133586908,3.619000000000028,-0.01657916551533623,"FILT-01..03,SETUP-01..02,ENTRY-01,STOP-01,EXIT-01,SIZE-01"
LHM-2012-07-09,2012-07-09,-1,1118,930,959,135.175,135.16500000000002,135.31,135.32,eod,138.91357142857143,-0.003615702479338956,-0.002508854781582026,1.2099228365537906,-0.15499999999997272,-0.0011466617347880355,-11.466617347880355,-0.0013873722187224304,124825.16177674397,3.7385714285714187,-0.04145968666411203,"FILT-01..03,SETUP-01..02,ENTRY-01,STOP-01,EXIT-01,SIZE-01"
LHM-2012-07-12,2012-07-12,-1,1137,930,959,133.9005,133.8905,133.59,133.6,eod,137.57642857142858,-0.009241317633030377,-0.0020122223878372703,1.2198973959348003,0.29050000000000864,0.0021695213983518257,21.695213983518258,0.0026465935042742188,125155.5232390723,3.675928571428585,0.07902765093368257,"FILT-01..03,SETUP-01..02,ENTRY-01,STOP-01,EXIT-01,SIZE-01"
LHM-2012-07-13,2012-07-13,1,1208,930,959,135.69,135.7,135.7,135.69,eod,132.29071428571427,0.009282131896100054,0.015719739501459662,1.3099810884639607,-0.009999999999990905,-7.369739848176657e-05,-0.7369739848176656,-9.654219828010681e-05,125143.44044973189,3.3992857142857247,-0.002941794494639047,"FILT-01..03,SETUP-01..02,ENTRY-01,STOP-01,EXIT-01,SIZE-01"
LHM-2012-07-17,2012-07-17,1,1252,930,959,136.27,136.28,136.39,136.38,eod,132.9607142857143,0.0025107074287402664,0.006276768571850777,1.3640405784588807,0.09999999999999432,0.0007338372349012571,7.3383723490125705,0.0010009837663893762,125268.70700209218,3.3092857142857213,0.030218001295055415,"FILT-01..03,SETUP-01..02,ENTRY-01,STOP-01,EXIT-01,SIZE-01"
LHM-2012-07-18,2012-07-18,1,1219,930,959,137.32,137.32999999999998,137.35,137.34,eod,133.90928571428572,0.0029327663318425845,0.006745362563237878,1.3368760064412233,0.010000000000019327,7.282260413646467e-05,0.7282260413646466,9.7354792196607e-05,125280.9025110311,3.4107142857142776,0.0029319371727805424,"FILT-01..03,SETUP-01..02,ENTRY-01,STOP-01,EXIT-01,SIZE-01"
LHM-2012-07-19,2012-07-19,1,1213,930,959,137.69,137.7,137.71,137.70000000000002,eod,134.25285714285715,0.004149981798325486,0.0024390243902439046,1.3339576829691309,2.842170943040401e-14,2.064181090159344e-16,2.064181090159344e-12,2.753530224257653e-16,125280.90251103113,3.4371428571428453,8.268992768612999e-15,"FILT-01..03,SETUP-01..02,ENTRY-01,STOP-01,EXIT-01,SIZE-01"
LHM-2012-07-20,2012-07-20,-1,1276,930,959,136.499,136.489,136.46,136.47,eod,139.7967857142857,-0.005664076682884378,-0.00880473458717601,1.3913112506314518,0.019000000000005457,0.0001391951589389333,1.391951589389333,0.000193663790665171,125305.16488550938,3.297785714285709,0.005761441659989968,"FILT-01..03,SETUP-01..02,ENTRY-01,STOP-01,EXIT-01,SIZE-01"
LHM-2012-07-23,2012-07-23,-1,1400,930,959,135.409,135.399,135.13,135.14,eod,138.405,-0.017367726806390205,-0.00776784405686648,1.5136993899057152,0.25900000000001455,0.0019127236742019701,19.1272367420197,0.0028952886586977402,125667.95950827864,2.9960000000000093,0.08644859813084571,"FILT-01..03,SETUP-01..02,ENTRY-01,STOP-01,EXIT-01,SIZE-01"
LHM-2012-07-24,2012-07-24,-1,1315,930,959,133.68,133.67000000000002,133.99,134.0,eod,136.88785714285711,-0.0034781321690223743,-0.010804410567601619,1.399792822789495,-0.3299999999999841,-0.002468581687612089,-24.68581687612089,-0.003455502928788981,125233.71350614286,3.207857142857108,-0.10287241148964212,"FILT-01..03,SETUP-01..02,ENTRY-01,STOP-01,EXIT-01,SIZE-01"
LHM-2012-07-27,2012-07-27,1,1181,930,959,138.96,138.97,138.7,138.69,eod,135.48857142857142,0.0075748113644209525,0.020872976805354382,1.310720869445593,-0.28000000000000114,-0.0020149683362118676,-20.149683362118676,-0.002641061049544959,124902.96362331191,3.4714285714285893,-0.08065843621399169,"FILT-01..03,SETUP-01..02,ENTRY-01,STOP-01,EXIT-01,SIZE-01"
LHM-2012-08-06,2012-08-06,1,1111,930,959,140.04,140.04999999999998,139.63,139.62,eod,136.32428571428574,0.004449228561177021,0.005023322569070787,1.2467407975460156,-0.4299999999999784,-0.0030705512710652557,-30.705512710652556,-0.0038281815405938288,124424.81240360369,3.715714285714256,-0.11572472126104855,"FILT-01..03,SETUP-01..02,ENTRY-01,STOP-01,EXIT-01,SIZE-01"
LHM-2012-08-07,2012-08-07,1,1162,930,959,140.51,140.51999999999998,140.29,140.28,eod,136.9577142857143,0.005657809926233659,0.0062450762730072995,1.313193604729279,-0.23999999999998067,-0.0017080634830259817,-17.080634830259818,-0.0022430180423813366,124145.7253044625,3.552285714285688,-0.06756213303305225,"FILT-01..03,SETUP-01..02,ENTRY-01,STOP-01,EXIT-01,SIZE-01"
LHM-2012-11-26,2012-11-26,-1,1102,930,959,140.85,140.84,141.09,141.1,eod,144.61287142857142,-0.002762822329271608,-0.002196089543780144,1.2504634884959978,-0.2599999999999909,-0.0018459353922612063,-18.459353922612063,-0.002308274810145176,123859.162853955,3.7628714285714295,-0.06909616895911314,"FILT-01..03,SETUP-01..02,ENTRY-01,STOP-01,EXIT-01,SIZE-01"
LHM-2012-11-29,2012-11-29,1,1177,930,959,141.99,142.0,142.14,142.13,eod,138.50765714285714,0.00636222253640617,0.0038173335218436577,1.3501919846412331,0.12999999999999545,0.000915557433622054,9.155574336220539,0.001236178308355195,124012.27486436609,3.482342857142868,0.03733118918297884,"FILT-01..03,SETUP-01..02,ENTRY-01,STOP-01,EXIT-01,SIZE-01"
LHM-2013-01-03,2013-01-03,-1,1146,930,959,145.55,145.54000000000002,145.77,145.78,eod,149.17784285714288,-0.0020535286467247005,-0.0036279006092134747,1.3460138704068554,-0.23999999999998067,-0.0016489178976295477,-16.489178976295477,-0.0022194663613714825,123737.03379190747,3.6278428571428663,-0.06615501537709778,"FILT-01..03,SETUP-01..02,ENTRY-01,STOP-01,EXIT-01,SIZE-01"
LHM-2013-01-04,2013-01-04,1,1143,930,959,146.575,146.58499999999998,146.38,146.37,eod,142.98215714285712,0.0024696439596623154,0.005488097688138627,1.354295657159691,-0.214999999999975,-0.001466825857069589,-14.66825857069589,-0.001986515888038886,123491.22820834104,3.5928428571428697,-0.05984119221149268,"FILT-01..03,SETUP-01..02,ENTRY-01,STOP-01,EXIT-01,SIZE-01"
LHM-2013-01-07,2013-01-07,-1,1178,930,959,146.04,146.03,145.965,145.975,eod,149.5349857142857,-0.004303866648449173,-0.002356879355103203,1.3941009283031043,0.05500000000000682,0.0003766091481786279,3.766091481786279,0.0005250311630832665,123556.06495151785,3.4949857142857184,0.01573683113358515,"FILT-01..03,SETUP-01..02,ENTRY-01,STOP-01,EXIT-01,SIZE-01"
LHM-2013-01-08,2013-01-08,-1,1173,930,959,145.58,145.57000000000002,145.54,145.54999999999998,eod,149.10998571428573,-0.002911656904052373,-0.002569109032987349,1.3822499279623663,0.020000000000038654,0.00013738150844922828,1.3738150844922827,0.00018989558015730703,123579.52770215378,3.529985714285715,0.005665745308571486,"FILT-01..03,SETUP-01..02,ENTRY-01,STOP-01,EXIT-01,SIZE-01"
LHM-2013-01-09,2013-01-09,1,1204,930,959,145.84,145.85,145.95,145.94,eod,142.42787142857142,0.004259997251614633,0.0020612889927169586,1.421790894386545,0.09000000000000341,0.0006171146461876262,6.171146461876262,0.0008774079847421412,123687.95736651032,3.412128571428582,0.026376497284896397,"FILT-01..03,SETUP-01..02,ENTRY-01,STOP-01,EXIT-01,SIZE-01"
LHM-2013-01-10,2013-01-10,1,1249,930,959,146.96,146.97,147.07,147.06,eod,143.6835857142857,0.004796163069544557,0.006920178143199784,1.4848549590362212,0.09000000000000341,0.0006124115405552763,6.124115405552763,0.000909342312964514,123800.43205974784,3.27641428571431,0.027469053712901266,"FILT-01..03,SETUP-01..02,ENTRY-01,STOP-01,EXIT-01,SIZE-01"
LHM-2013-01-14,2013-01-14,-1,1307,930,959,146.925,146.91500000000002,146.96,146.97,eod,150.07927142857145,-0.0030521378560262047,-0.0012915505404120786,1.5521511138041089,-0.0549999999999784,-0.0003743406499913452,-3.743406499913452,-0.0005810332568262206,123728.49989151166,3.154271428571434,-0.01743667317333177,"FILT-01..03,SETUP-01..02,ENTRY-01,STOP-01,EXIT-01,SIZE-01"
LHM-2013-06-24,2013-06-24,-1,878,930,959,157.57,157.56,157.03,157.04,eod,162.30514285714284,-0.01600779947793829,-0.008900210711702439,1.1191848186809876,0.5200000000000102,0.003300120581328998,33.00120581328998,0.00369344485444009,124185.48428278355,4.735142857142847,0.1098171725095058,"FILT-01..03,SETUP-01..02,ENTRY-01,STOP-01,EXIT-01,SIZE-01"
LHM-2013-06-25,2013-06-25,1,841,930,959,158.895,158.905,158.59,158.58,eod,154.03842857142857,0.006113481500350293,0.011908552505890624,1.0766751883086987,-0.32499999999998863,-0.0020453758771515063,-20.453758771515062,-0.0022022054576941678,123912.00233152961,4.856571428571442,-0.06691963760442152,"FILT-01..03,SETUP-01..02,ENTRY-01,STOP-01,EXIT-01,SIZE-01"
LHM-2013-06-26,2013-06-26,1,823,930,959,160.36,160.37,160.14,160.13,eod,155.39914285714286,0.008638627908443164,0.011160855034995976,1.065608861755841,-0.2400000000000091,-0.001496632576702476,-14.966325767024761,-0.001594824936526637,123714.38438027634,4.960857142857151,-0.04837873639348215,"FILT-01..03,SETUP-01..02,ENTRY-01,STOP-01,EXIT-01,SIZE-01"
LHM-2013-06-27,2013-06-27,1,838,930,959,161.38,161.39,161.13,161.12,eod,156.512,0.008305232921194117,0.007805670038716128,1.0943009430094306,-0.2699999999999818,-0.0016730697732059848,-16.73069773205985,-0.0018308418305398833,123487.88291031345,4.867999999999995,-0.055464256368114646,"FILT-01..03,SETUP-01..02,ENTRY-01,STOP-01,EXIT-01,SIZE-01"
LHM-2013-07-01,2013-07-01,1,838,930,959,161.51,161.51999999999998,161.35,161.34,eod,156.65057142857145,0.010299625468164875,0.008239700374532033,1.0966379158598842,-0.1799999999999784,-0.0011144820754131533,-11.144820754131533,-0.0012221833004442788,123336.95808201324,4.859428571428538,-0.03704139228597888,"FILT-01..03,SETUP-01..02,ENTRY-01,STOP-01,EXIT-01,SIZE-01"
LHM-2013-07-05,2013-07-05,1,902,930,959,162.37,162.38,163.0,162.99,eod,157.84071428571428,0.004025515575648786,0.005573790797052114,1.188340430005781,0.6100000000000136,0.0037568516351543613,37.568516351543614,0.004464418687587255,123887.58590254474,4.52928571428572,0.13467907270146948,"FILT-01..03,SETUP-01..02,ENTRY-01,STOP-01,EXIT-01,SIZE-01"
LHM-2013-07-08,2013-07-08,1,906,930,959,163.79,163.79999999999998,163.91,163.9,eod,159.26785714285714,0.0066257668711657836,0.004907975460122671,1.1988442343052252,0.10000000000002274,0.0006105378838758334,6.105378838758334,0.000731939821909456,123978.26416010704,4.522142857142853,0.02211341020376433,"FILT-01..03,SETUP-01..02,ENTRY-01,STOP-01,EXIT-01,SIZE-01"
LHM-2013-07-09,2013-07-09,1,923,930,959,165.24,165.25,165.09,165.08,eod,160.8007142857143,0.005246781770483988,0.008114209017143548,1.2307535532314273,-0.1699999999999875,-0.0010288065843620641,-10.288065843620641,-0.0012662073592914986,123821.28196963533,4.439285714285717,-0.038294448913915105,"FILT-01..03,SETUP-01..02,ENTRY-01,STOP-01,EXIT-01,SIZE-01"
LHM-2013-07-11,2013-07-11,1,964,930,959,167.42,167.42999999999998,167.43,167.42000000000002,eod,163.18642857142856,0.009899491402276528,0.01362315330588526,1.3034782118495944,-0.009999999999962483,-5.973002030798282e-05,-0.5973002030798282,-7.785678006478941e-05,123811.64164331768,4.233571428571423,-0.002362071874463893,"FILT-01..03,SETUP-01..02,ENTRY-01,STOP-01,EXIT-01,SIZE-01"
LHM-2013-07-16,2013-07-16,-1,1239,930,959,167.44,167.43,167.52,167.53,eod,170.78571428571428,-0.0017242404423568614,-0.004459242523336737,1.6756760603472804,-0.09999999999999432,-0.0005972288580983893,-5.972288580983893,-0.001000762100064014,123687.73564481434,3.34571428571428,-0.02988898377455002,"FILT-01..03,SETUP-01..02,ENTRY-01,STOP-01,EXIT-01,SIZE-01"
LHM-2013-07-17,2013-07-17,1,1330,930,959,167.95,167.95999999999998,167.96,167.95000000000002,eod,164.82857142857142,0.002745940783190015,0.002387774594078129,1.8062846580406622,-0.009999999999962483,-5.954153021710321e-05,-0.5954153021710321,-0.00010754895254741803,123674.43315840278,3.1214285714285666,-0.0032036613272191073,"FILT-01..03,SETUP-01..02,ENTRY-01,STOP-01,EXIT-01,SIZE-01"
LHM-2014-02-07,2014-02-07,1,916,930,959,179.55,179.56,179.69,179.68,eod,175.1142857142857,0.005974523729004533,0.012061774320820673,1.3302699228791761,0.12000000000000455,0.0006683375104427989,6.683375104427989,0.0008890692884740026,123784.38829869335,4.435714285714312,0.027053140096619223,"FILT-01..03,SETUP-01..02,ENTRY-01,STOP-01,EXIT-01,SIZE-01"
LHM-2014-02-11,2014-02-11,1,903,930,959,182.2,182.20999999999998,181.95,181.94,eod,177.6885714285714,0.002666666666666595,0.012222222222222134,1.3299556681443938,-0.2699999999999818,-0.001481888035126135,-14.81888035126135,-0.001970845391871362,123540.42840742925,4.511428571428581,-0.05984800506649362,"FILT-01..03,SETUP-01..02,ENTRY-01,STOP-01,EXIT-01,SIZE-01"
LHM-2014-02-24,2014-02-24,1,1049,930,959,185.255,185.265,184.99,184.98000000000002,eod,181.36014285714285,0.007884291229405704,0.0073133597955521434,1.5739558881064173,-0.28499999999996817,-0.0015384200156539267,-15.384200156539267,-0.0024214052420192646,123241.28696648219,3.8948571428571483,-0.07317341549294946,"FILT-01..03,SETUP-01..02,ENTRY-01,STOP-01,EXIT-01,SIZE-01"
LHM-2014-10-13,2014-10-13,-1,771,930,959,189.13,189.12,187.38,187.39,eod,194.49042857142857,-0.002361956749947547,-0.007295821960949023,1.184731142676938,1.7300000000000182,0.009147147464706911,91.47147464706912,0.010836910468096676,124576.84175931098,5.360428571428571,0.32273538896144044,"FILT-01..03,SETUP-01..02,ENTRY-01,STOP-01,EXIT-01,SIZE-01"
LHM-2014-10-15,2014-10-15,-1,722,930,959,185.83,185.82000000000002,186.29,186.29999999999998,eod,191.64042857142857,-0.010013315579227688,-0.010226364846870784,1.077086355403668,-0.47999999999996135,-0.002583005973201105,-25.83005973201105,-0.002782120489661083,124230.25397531514,5.8104285714285595,-0.08261008531457567,"FILT-01..03,SETUP-01..02,ENTRY-01,STOP-01,EXIT-01,SIZE-01"
LHM-2014-10-17,2014-10-17,1,623,930,959,188.72,188.73,188.54,188.53,eod,182.16671428571428,0.010524054982817832,0.013316151202749094,0.9473110544328911,-0.19999999999998863,-0.0010597710894446196,-10.597710894446196,-0.0010039328681992763,124105.53514012457,6.553285714285721,-0.030519041702088787,"FILT-01..03,SETUP-01..02,ENTRY-01,STOP-01,EXIT-01,SIZE-01"
LHM-2014-10-20,2014-10-20,1,605,930,959,190.0,190.01,190.32,190.31,eod,183.22671428571428,0.002333191895618869,0.007796754004455231,0.9264929904737834,0.30000000000001137,0.0015789473684211124,15.789473684211124,0.0014628836691691872,124287.08710073457,6.77328571428572,0.04429164996941931,"FILT-01..03,SETUP-01..02,ENTRY-01,STOP-01,EXIT-01,SIZE-01"
LHM-2014-10-21,2014-10-21,1,590,930,959,194.155,194.165,194.05,194.04000000000002,eod,187.27814285714285,0.009652164775115768,0.020176544766708826,0.9218441865775434,-0.12499999999997158,-0.0006438155082278158,-6.438155082278158,-0.0005934975834882785,124213.32301488149,6.876857142857148,-0.018176908056001504,"FILT-01..03,SETUP-01..02,ENTRY-01,STOP-01,EXIT-01,SIZE-01"
LHM-2014-10-23,2014-10-23,1,590,930,959,194.94,194.95,194.95,194.94,eod,188.00314285714285,0.009013543666649415,0.011571791811530119,0.9260197427131823,-0.009999999999990905,-5.129783523130658e-05,-0.5129783523130659,-4.750280818263774e-05,124207.42253322458,6.93685714285715,-0.0014415750236817057,"FILT-01..03,SETUP-01..02,ENTRY-01,STOP-01,EXIT-01,SIZE-01"
LHM-2014-10-27,2014-10-27,-1,587,930,959,195.885,195.875,196.11,196.12,eod,202.95357142857142,-0.005041246562786483,-0.0025206232813932417,0.9260711398544881,-0.24500000000000455,-0.0012507338489420046,-12.507338489420045,-0.0011582685211443133,124063.55698561188,7.068571428571431,-0.03466046887631429,"FILT-01..03,SETUP-01..02,ENTRY-01,STOP-01,EXIT-01,SIZE-01"
LHM-2014-10-28,2014-10-28,1,598,930,959,198.12,198.13,198.37,198.36,eod,191.28357142857143,0.0047932282902451995,0.010274845749834283,0.955502192524537,0.2300000000000182,0.0011609125782355047,11.609125782355047,0.001109254513833338,124201.1750462004,6.83642857142857,0.033643297461083015,"FILT-01..03,SETUP-01..02,ENTRY-01,STOP-01,EXIT-01,SIZE-01"
LHM-2014-10-31,2014-10-31,1,663,930,959,201.285,201.295,201.66,201.65,eod,195.09785714285715,0.007721233391827731,0.009200300827274965,1.0745401369968466,0.3550000000000182,0.0017636684303351873,17.636684303351874,0.0018951325167493856,124436.55273164893,6.187142857142845,0.057377049180330916,"FILT-01..03,SETUP-01..02,ENTRY-01,STOP-01,EXIT-01,SIZE-01"
LHM-2014-11-04,2014-11-04,-1,724,930,959,201.04,201.03,201.11,201.12,eod,206.78214285714284,-0.0019826517967782564,-0.0035192069392813163,1.1711655678567015,-0.09000000000000341,-0.00044767210505373766,-4.4767210505373765,-0.0005242981551288656,124371.31087662112,5.742142857142852,-0.015673591242692485,"FILT-01..03,SETUP-01..02,ENTRY-01,STOP-01,EXIT-01,SIZE-01"
LHM-2014-11-05,2014-11-05,1,800,930,959,202.1,202.10999999999999,202.37,202.36,eod,196.95928571428576,0.004027646561583165,0.004972403162448513,1.3015023343965277,0.2500000000000284,0.0012370113805048413,12.370113805048414,0.0016099731994021224,124571.545353907,5.140714285714239,0.04863137418369362,"FILT-01..03,SETUP-01..02,ENTRY-01,STOP-01,EXIT-01,SIZE-01"
LHM-2014-12-23,2014-12-23,1,647,930,959,207.92,207.92999999999998,207.75,207.74,eod,201.51999999999998,0.002169197396963307,0.0022656061701615826,1.0804687500000003,-0.1899999999999693,-0.0009138130050017762,-9.138130050017763,-0.0009873463952480132,124448.55008765135,6.400000000000006,-0.029687499999995176,"FILT-01..03,SETUP-01..02,ENTRY-01,STOP-01,EXIT-01,SIZE-01"
LHM-2014-12-26,2014-12-26,1,663,930,959,208.731,208.74099999999999,208.42,208.41,eod,202.505,0.0036556036556036897,0.003992303992303992,1.113253012048193,-0.33099999999998886,-0.0015857730763518061,-15.857730763518061,-0.0017653666536735773,124228.85276722859,6.225999999999999,-0.05316415033729343,"FILT-01..03,SETUP-01..02,ENTRY-01,STOP-01,EXIT-01,SIZE-01"
LHM-2014-12-29,2014-12-29,1,663,930,959,208.81,208.82,208.73,208.72,eod,202.58721428571428,0.0015833413300068155,0.0019024085980232641,1.1152696556205328,-0.09999999999999432,-0.00047890426703699207,-4.789042670369921,-0.0005341073969735499,124162.50121804807,6.22278571428572,-0.016069973254972152,"FILT-01..03,SETUP-01..02,ENTRY-01,STOP-01,EXIT-01,SIZE-01"
LHM-2014-12-30,2014-12-30,-1,688,930,959,207.84,207.83,207.61,207.62,eod,213.875,-0.0029224356824605335,-0.004263881569491645,1.152885943109638,0.21000000000000796,0.0010103926096998073,10.103926096998073,0.0011648674367447708,124307.13407258176,6.034999999999997,0.03479701739851004,"FILT-01..03,SETUP-01..02,ENTRY-01,STOP-01,EXIT-01,SIZE-01"
