date,direction,entry_time,exit_time,entry_px,exit_px,entry_px_raw,exit_px_raw,exit_reason,pnl_ps,ret,bps,risk_ps,r_mult
2003-01-02,1,930,959,90.9,91.1,90.89,91.11,eod,0.19999999999998863,0.0022004620970402533,22.00462097040253,,
2003-01-06,1,930,959,93.46000000000001,93.11,93.45,93.12,eod,-0.3500000000000085,-0.003745318352060016,-37.45318352060016,,
2003-01-08,-1,930,959,91.28,91.23,91.29,91.22,eod,0.04999999999999716,0.0005477051155657482,5.477051155657482,,
2003-01-09,1,930,959,92.78,92.97999999999999,92.77,92.99,eod,0.19999999999998863,0.002155869354317006,21.558693543170058,,
2003-01-15,-1,930,959,92.28999999999999,92.14,92.3,92.13,eod,0.14999999999999147,0.001625135427952237,16.25135427952237,,
2003-01-17,-1,930,959,90.42,90.5,90.43,90.49,eod,-0.0799999999999983,-0.0008846621696339521,-8.846621696339522,,
2003-01-23,1,930,959,89.22,89.07,89.21,89.08,eod,-0.15000000000000568,-0.0016814258491201176,-16.814258491201176,,
2003-01-24,-1,930,959,86.44,86.34,86.45,86.33,eod,0.09999999999999432,0.0011567379988431962,11.567379988431963,,
2003-01-28,1,930,959,86.23,86.1,86.22,86.11,eod,-0.13000000000000966,-0.001507770818835649,-15.07770818835649,,
2003-01-30,-1,930,959,84.92999999999999,84.78,84.94,84.77,eod,0.14999999999999147,0.0017659524370142628,17.659524370142627,,
2003-02-04,-1,930,959,84.67999999999999,85.15,84.69,85.14,eod,-0.4700000000000131,-0.00554965167079954,-55.496516707995404,,
2003-02-18,1,930,959,85.15,85.49,85.14,85.5,eod,0.3399999999999892,0.003993422598073634,39.934225980736336,,
2003-02-24,-1,930,959,83.99,83.69000000000001,84.0,83.68,eod,0.29999999999998295,0.0035714285714283684,35.71428571428368,,
2003-03-04,-1,930,959,82.89,82.74000000000001,82.9,82.73,eod,0.14999999999999147,0.0018094089264172673,18.094089264172673,,
2003-03-06,-1,930,959,82.66,82.71000000000001,82.67,82.7,eod,-0.05000000000001137,-0.0006048143220032825,-6.048143220032825,,
2003-03-10,-1,930,959,81.58,81.24000000000001,81.59,81.23,eod,0.3399999999999892,0.004167177350165329,41.67177350165329,,
2003-03-13,1,930,959,83.36,83.77,83.35,83.78,eod,0.4099999999999966,0.004919016196760607,49.190161967606066,,
2003-03-17,1,930,959,86.54,86.82,86.53,86.83,eod,0.2799999999999869,0.003235871951924037,32.35871951924037,,
2003-03-24,-1,930,959,86.8,86.59,86.81,86.58,eod,0.20999999999999375,0.0024190761433013908,24.190761433013908,,
2003-03-31,-1,930,959,85.64,84.99000000000001,85.65,84.98,eod,0.6499999999999915,0.007589025102159854,75.89025102159853,,
2003-04-02,1,930,959,88.51,88.38,88.5,88.39,eod,-0.13000000000000966,-0.0014689265536724256,-14.689265536724255,,
2003-04-07,1,930,959,88.9,88.22,88.89,88.23,eod,-0.6800000000000068,-0.007649904376195374,-76.49904376195374,,
2003-04-24,-1,930,959,91.69999999999999,91.43,91.71,91.42,eod,0.2699999999999818,0.002944062806673011,29.44062806673011,,
2003-04-25,-1,930,959,90.14999999999999,90.16000000000001,90.16,90.15,eod,-0.010000000000019327,-0.00011091393078992155,-1.1091393078992156,,
2003-04-28,1,930,959,92.17,91.85,92.16,91.86,eod,-0.3200000000000074,-0.0034722222222223027,-34.722222222223024,,
2003-04-29,1,930,959,92.4,92.08999999999999,92.39,92.1,eod,-0.3100000000000165,-0.003355341487174115,-33.55341487174115,,
2003-05-06,1,930,959,93.53,93.78999999999999,93.52,93.8,eod,0.2599999999999909,0.002780153977758671,27.801539777586708,,
2003-05-07,-1,930,959,93.32,93.32000000000001,93.33,93.31,eod,-1.4210854715202004e-14,-1.5226459568415305e-16,-1.5226459568415305e-12,,
2003-05-08,-1,930,959,92.47,92.35000000000001,92.48,92.34,eod,0.11999999999999034,0.0012975778546711757,12.975778546711757,,
2003-05-09,1,930,959,93.58,93.69999999999999,93.57,93.71,eod,0.11999999999999034,0.0012824623276690215,12.824623276690215,,
2003-05-15,1,930,959,94.93,95.11999999999999,94.92,95.13,eod,0.18999999999998352,0.0020016856300040403,20.016856300040402,,
2003-05-19,-1,930,959,92.58999999999999,92.52000000000001,92.6,92.51,eod,0.06999999999997897,0.0007559395248377859,7.559395248377859,,
2003-05-28,1,930,959,96.11,95.80999999999999,96.1,95.82,eod,-0.30000000000001137,-0.0031217481789803476,-31.217481789803475,,
2003-05-30,1,930,959,96.89,96.91,96.88,96.92,eod,0.01999999999999602,0.00020644095788600352,2.064409578860035,,
2003-06-10,1,930,959,98.56,99.03999999999999,98.55,99.05,eod,0.47999999999998977,0.004870624048706137,48.706240487061365,,
2003-06-16,1,930,959,101.11,101.63,101.1,101.64,eod,0.519999999999996,0.005143422354104808,51.43422354104808,,
2003-06-18,-1,930,959,101.27,101.56,101.28,101.55,eod,-0.29000000000000625,-0.0028633491311217045,-28.633491311217046,,
2003-06-23,-1,930,959,98.13,98.37,98.14,98.36,eod,-0.2400000000000091,-0.0024454860403506124,-24.454860403506125,,
2003-06-24,1,930,959,98.99000000000001,98.64,98.98,98.65,eod,-0.3500000000000085,-0.003536067892503622,-35.36067892503622,,
2003-06-27,-1,930,959,97.83699999999999,97.87,97.847,97.86,eod,-0.03300000000001546,-0.00033726123437627587,-3.372612343762759,,
2003-07-02,1,930,959,99.37,99.58999999999999,99.36,99.6,eod,0.21999999999998465,0.0022141706924314075,22.141706924314075,,
2003-07-07,1,930,959,100.57000000000001,100.72999999999999,100.56,100.74,eod,0.15999999999998238,0.0015910898965789814,15.910898965789814,,
2003-07-10,-1,930,959,99.04599999999999,99.23,99.056,99.22,eod,-0.1840000000000117,-0.0018575351316428253,-18.575351316428254,,
2003-07-11,1,930,959,100.0,100.13,99.99,100.14,eod,0.12999999999999545,0.0013001300130012546,13.001300130012547,,
2003-07-14,1,930,959,101.21000000000001,100.72,101.2,100.73,eod,-0.4900000000000091,-0.004841897233201671,-48.41897233201671,,
2003-07-18,1,930,959,99.69000000000001,99.57,99.68,99.58,eod,-0.12000000000001876,-0.0012038523274480212,-12.038523274480212,,
2003-07-21,-1,930,959,98.11999999999999,98.25,98.13,98.24,eod,-0.13000000000000966,-0.0013247732599613745,-13.247732599613744,,
2003-07-25,1,930,959,100.06,100.22,100.05,100.23,eod,0.1599999999999966,0.001599200399800066,15.992003998000659,,
2003-07-31,1,930,959,99.96000000000001,99.39999999999999,99.95,99.41,eod,-0.5600000000000165,-0.005602801400700515,-56.02801400700515,,
2003-08-01,-1,930,959,98.39,98.39,98.4,98.38,eod,-0.0,-0.0,-0.0,,
2003-08-18,1,930,959,100.59,100.49,100.58,100.5,eod,-0.10000000000000853,-0.0009942334460132088,-9.942334460132088,,
2003-08-21,1,930,959,100.83,100.86,100.82,100.87,eod,0.030000000000001137,0.00029756000793494485,2.9756000793494484,,
2003-09-02,1,930,959,102.86,102.75999999999999,102.85,102.77,eod,-0.10000000000000853,-0.0009722897423433012,-9.722897423433011,,
2003-09-05,-1,930,959,102.69999999999999,102.68,102.71,102.67,eod,0.01999999999998181,0.00019472300652304363,1.9472300652304364,,
2003-09-08,1,930,959,103.67,103.78999999999999,103.66,103.8,eod,0.11999999999999034,0.001157630715801566,11.576307158015661,,
2003-09-09,-1,930,959,102.8,102.93700000000001,102.81,102.927,eod,-0.13700000000001467,-0.0013325551989107544,-13.325551989107545,,
2003-09-11,1,930,959,102.56,102.25699999999999,102.55,102.267,eod,-0.3030000000000115,-0.002954656265236582,-29.54656265236582,,
2003-09-16,1,930,959,103.45,103.53999999999999,103.44,103.55,eod,0.0899999999999892,0.000870069605568341,8.70069605568341,,
2003-09-18,1,930,959,104.65,104.58,104.64,104.59,eod,-0.07000000000000739,-0.0006689602446483887,-6.689602446483887,,
2003-09-19,-1,930,959,103.83999999999999,103.87,103.85,103.86,eod,-0.030000000000015348,-0.0002888781896968257,-2.888781896968257,,
2003-09-22,-1,930,959,102.33999999999999,102.5,102.35,102.49,eod,-0.1600000000000108,-0.0015632633121642483,-15.632633121642483,,
2003-09-23,1,930,959,103.22,103.08,103.21,103.09,eod,-0.14000000000000057,-0.0013564577075864798,-13.564577075864799,,
2003-09-30,-1,930,959,100.00999999999999,99.87,100.02,99.86,eod,0.13999999999998636,0.0013997200559886659,13.99720055988666,,
2003-10-01,1,930,959,101.93,101.99,101.92,102.0,eod,0.05999999999998806,0.0005886970172683287,5.886970172683287,,
2003-10-03,1,930,959,103.72,103.25,103.71,103.26,eod,-0.46999999999999886,-0.004531867708032001,-45.318677080320015,,
2003-10-09,1,930,959,104.15,104.15899999999999,104.14,104.169,eod,0.00899999999998613,8.642212406362714e-05,0.8642212406362714,,
2003-10-13,1,930,959,104.92,104.85,104.91,104.86,eod,-0.07000000000000739,-0.0006672385854542693,-6.672385854542693,,
2003-10-22,-1,930,959,103.32,103.41000000000001,103.33,103.4,eod,-0.09000000000001762,-0.0008709958385756084,-8.709958385756083,,
2003-10-24,-1,930,959,102.82,103.29,102.83,103.28,eod,-0.4700000000000131,-0.0045706505883498305,-45.7065058834983,,
2003-10-28,1,930,959,104.65,105.00999999999999,104.64,105.02,eod,0.3599999999999852,0.003440366972476923,34.40366972476923,,
2003-10-31,1,930,959,105.66000000000001,105.41,105.65,105.42,eod,-0.2500000000000142,-0.0023663038334123445,-23.663038334123446,,
2003-11-03,1,930,959,106.49000000000001,106.30999999999999,106.48,106.32,eod,-0.18000000000002103,-0.0016904583020287474,-16.904583020287475,,
2003-11-04,-1,930,959,105.78999999999999,105.79,105.8,105.78,eod,-1.4210854715202004e-14,-1.343180974971834e-16,-1.343180974971834e-12,,
2003-11-12,1,930,959,106.36,106.36999999999999,106.35,106.38,eod,0.009999999999990905,9.402914903611571e-05,0.9402914903611571,,
2003-11-17,-1,930,959,104.66,104.87,104.67,104.86,eod,-0.21000000000000796,-0.0020063055316710417,-20.063055316710418,,
2003-11-20,-1,930,959,104.02,103.91000000000001,104.03,103.9,eod,0.10999999999998522,0.0010573872921271288,10.573872921271288,,
2003-11-24,1,930,959,105.62,105.72,105.61,105.73,eod,0.09999999999999432,0.0009468800303001071,9.468800303001071,,
2003-12-01,1,930,959,107.51,107.55999999999999,107.5,107.57,eod,0.04999999999998295,0.0004651162790696088,4.6511627906960875,,
2003-12-05,-1,930,959,106.91,106.82000000000001,106.92,106.81,eod,0.0899999999999892,0.0008417508417507408,8.417508417507408,,
2003-12-11,1,930,959,108.05000000000001,107.83,108.04,107.84,eod,-0.22000000000001307,-0.0020362828582007873,-20.36282858200787,,
2003-12-18,1,930,959,109.66000000000001,109.58999999999999,109.65,109.6,eod,-0.0700000000000216,-0.0006383948928410543,-6.383948928410542,,
2003-12-19,-1,930,959,109.03999999999999,109.04,109.05,109.03,eod,-1.4210854715202004e-14,-1.3031503636132052e-16,-1.3031503636132051e-12,,
2003-12-29,1,930,959,110.91000000000001,111.14,110.9,111.15,eod,0.22999999999998977,0.0020739404869250656,20.739404869250656,,
2004-01-05,1,930,959,112.37,112.36,112.36,112.37,eod,-0.010000000000005116,-8.899964400146952e-05,-0.8899964400146952,,
2004-01-09,-1,930,959,112.50999999999999,112.54,112.52,112.53,eod,-0.030000000000015348,-0.00026661926768588117,-2.666192676858812,,
2004-01-14,1,930,959,113.34,113.3,113.33,113.31,eod,-0.04000000000000625,-0.0003529515573988022,-3.529515573988022,,
2004-01-16,1,930,959,114.15,114.24,114.14,114.25,eod,0.0899999999999892,0.0007885053443139057,7.885053443139057,,
2004-01-26,1,930,959,115.65,115.78999999999999,115.64,115.8,eod,0.13999999999998636,0.0012106537530265165,12.106537530265165,,
2004-01-30,-1,930,959,113.36999999999999,113.45,113.38,113.44,eod,-0.0800000000000125,-0.0007055918151350547,-7.055918151350547,,
2004-02-02,1,930,959,114.27000000000001,113.82,114.26,113.83,eod,-0.45000000000001705,-0.003938386136880947,-39.38386136880947,,
2004-02-04,-1,930,959,113.19,113.04,113.2,113.03,eod,0.14999999999999147,0.0013250883392225395,13.250883392225395,,
2004-02-17,1,930,959,116.22,116.13,116.21,116.14,eod,-0.09000000000000341,-0.0007744600292574083,-7.7446002925740824,,
2004-02-25,1,930,959,115.03,114.89999999999999,115.02,114.91,eod,-0.13000000000000966,-0.0011302382194401815,-11.302382194401815,,
2004-02-27,1,930,959,115.45,115.07,115.44,115.08,eod,-0.38000000000000966,-0.0032917532917533755,-32.917532917533755,,
2004-03-01,1,930,959,116.17,116.1,116.16,116.11,eod,-0.07000000000000739,-0.0006026170798898708,-6.0261707988987085,,
2004-03-11,-1,930,959,111.83999999999999,111.34,111.85,111.33,eod,0.4999999999999858,0.004470272686633758,44.70272686633758,,
2004-03-12,1,930,959,112.52000000000001,112.67999999999999,112.51,112.69,eod,0.15999999999998238,0.0014220958137052917,14.220958137052916,,
2004-03-15,-1,930,959,111.25999999999999,111.04,111.27,111.03,eod,0.21999999999998465,0.0019771726431202,19.771726431202,,
2004-03-16,1,930,959,111.46000000000001,111.72,111.45,111.73,eod,0.2599999999999909,0.0023328847016598556,23.328847016598555,,
2004-03-17,1,930,959,113.18,112.99,113.17,113.0,eod,-0.19000000000001194,-0.0016788901652382427,-16.788901652382428,,
2004-03-19,-1,930,959,111.66,111.29,111.67,111.28,eod,0.36999999999999034,0.0033133339303303513,33.133339303303515,,
2004-03-22,-1,930,959,109.57,109.76,109.58,109.75,eod,-0.19000000000001194,-0.0017338930461764186,-17.338930461764186,,
2004-03-23,1,930,959,110.26,109.67999999999999,110.25,109.69,eod,-0.5800000000000125,-0.005260770975056802,-52.60770975056802,,
2004-03-25,1,930,959,111.24000000000001,111.1,111.23,111.11,eod,-0.14000000000001478,-0.0012586532410322284,-12.586532410322285,,
2004-03-29,1,930,959,112.53,112.47,112.52,112.48,eod,-0.060000000000002274,-0.0005332385353715097,-5.332385353715098,,
2004-04-02,1,930,959,114.35000000000001,114.41,114.34,114.42,eod,0.05999999999998806,0.0005247507433967821,5.247507433967821,,
2004-04-06,-1,930,959,114.89999999999999,115.09,114.91,115.08,eod,-0.19000000000001194,-0.0016534679314246972,-16.534679314246972,,
2004-04-07,-1,930,959,114.72,114.51,114.73,114.5,eod,0.20999999999999375,0.0018303843807198966,18.303843807198966,,
2004-04-12,1,930,959,114.84,114.83999999999999,114.83,114.85,eod,-1.4210854715202004e-14,-1.237555927475573e-16,-1.237555927475573e-12,,
2004-04-27,1,930,959,114.29,114.21,114.28,114.22,eod,-0.0800000000000125,-0.0007000350017501969,-7.000350017501969,,
2004-04-28,-1,930,959,112.57,112.59,112.58,112.58,eod,-0.020000000000010232,-0.00017765144785939093,-1.7765144785939093,,
2004-05-03,1,930,959,111.76,112.13,111.75,112.14,eod,0.36999999999999034,0.003310961968680003,33.10961968680003,,
2004-05-06,-1,930,959,111.83,111.86,111.84,111.85,eod,-0.030000000000001137,-0.0002682403433476496,-2.6824034334764963,,
2004-05-10,-1,930,959,108.74,109.14,108.75,109.13,eod,-0.4000000000000057,-0.0036781609195402822,-36.78160919540282,,
2004-05-11,1,930,959,109.71000000000001,110.0,109.7,110.01,eod,0.28999999999999204,0.002643573381950702,26.43573381950702,,
2004-05-17,-1,930,959,109.05999999999999,108.87100000000001,109.07,108.861,eod,0.18899999999997874,0.0017328321261573187,17.328321261573187,,
2004-05-18,1,930,959,109.76,109.67999999999999,109.75,109.69,eod,-0.0800000000000125,-0.0007289293849659454,-7.289293849659455,,
2004-05-27,1,930,959,112.54,112.71,112.53,112.72,eod,0.1699999999999875,0.0015107082555761797,15.107082555761798,,
2004-06-03,-1,930,959,112.53999999999999,112.24000000000001,112.55,112.23,eod,0.29999999999998295,0.0026654820079962944,26.654820079962946,,
2004-06-04,1,930,959,113.16000000000001,112.89999999999999,113.15,112.91,eod,-0.2600000000000193,-0.0022978347326559376,-22.978347326559376,,
2004-06-07,1,930,959,114.56,114.64,114.55,114.65,eod,0.0799999999999983,0.0006983849847228136,6.983849847228136,,
2004-06-09,-1,930,959,113.92,113.78,113.93,113.77,eod,0.14000000000000057,0.001228824716931454,12.28824716931454,,
2004-06-10,1,930,959,114.13000000000001,114.28999999999999,114.12,114.3,eod,0.15999999999998238,0.0014020329477741182,14.020329477741182,,
2004-06-14,-1,930,959,113.05,113.2,113.06,113.19,eod,-0.15000000000000568,-0.0013267291703520758,-13.267291703520758,,
2004-06-15,1,930,959,113.76,113.94,113.75,113.95,eod,0.1799999999999926,0.0015824175824175175,15.824175824175175,,
2004-07-01,-1,930,959,113.02,113.21000000000001,113.03,113.2,eod,-0.19000000000001194,-0.0016809696540742451,-16.80969654074245,,
2004-07-02,-1,930,959,112.83999999999999,112.81,112.85,112.8,eod,0.029999999999986926,0.0002658396101017893,2.6583961010178934,,
2004-07-06,-1,930,959,112.1,111.97,112.11,111.96,eod,0.12999999999999545,0.0011595754170011191,11.59575417001119,,
2004-07-08,-1,930,959,111.69,111.23,111.7,111.22,eod,0.45999999999999375,0.004118173679498601,41.18173679498601,,
2004-07-09,1,930,959,111.65,111.63,111.64,111.64,eod,-0.020000000000010232,-0.00017914725904702824,-1.7914725904702824,,
2004-07-14,-1,930,959,111.17999999999999,111.51,111.19,111.5,eod,-0.3300000000000125,-0.0029678927961148713,-29.678927961148712,,
2004-07-23,-1,930,959,109.19999999999999,108.93,109.21,108.92,eod,0.2699999999999818,0.0024723010713302977,24.723010713302976,,
2004-07-27,1,930,959,109.94000000000001,109.86999999999999,109.93,109.88,eod,-0.0700000000000216,-0.0006367688529065914,-6.367688529065914,,
2004-07-29,1,930,959,110.49000000000001,110.53999999999999,110.48,110.55,eod,0.04999999999998295,0.00045257060101360375,4.525706010136037,,
2004-08-06,-1,930,959,106.72999999999999,106.84,106.74,106.83,eod,-0.11000000000001364,-0.00103054150271701,-10.3054150271701,,
2004-08-10,1,930,959,108.08,108.36,108.07,108.37,eod,0.28000000000000114,0.0025909132969371813,25.90913296937181,,
2004-08-16,1,930,959,108.38000000000001,108.52,108.37,108.53,eod,0.13999999999998636,0.0012918704438496479,12.918704438496478,,
2004-09-07,1,930,959,112.45,112.8,112.44,112.81,eod,0.3499999999999943,0.0031127712557808104,31.127712557808106,,
2004-09-15,-1,930,959,112.92999999999999,112.75,112.94,112.74,eod,0.1799999999999926,0.0015937666017353694,15.937666017353694,,
2004-09-16,1,930,959,113.03,113.08999999999999,113.02,113.1,eod,0.05999999999998806,0.0005308794903555837,5.308794903555837,,
2004-09-20,-1,930,959,112.58999999999999,112.53,112.6,112.52,eod,0.05999999999998806,0.0005328596802840858,5.328596802840858,,
2004-09-22,-1,930,959,111.63,111.64,111.64,111.63,eod,-0.010000000000005116,-8.957362952351412e-05,-0.8957362952351412,,
2004-09-24,1,930,959,111.5,111.33,111.49,111.34,eod,-0.1700000000000017,-0.0015248004305319016,-15.248004305319016,,
2004-09-27,-1,930,959,110.86999999999999,110.68,110.88,110.67,eod,0.18999999999998352,0.001713564213564065,17.13564213564065,,
2004-10-01,1,930,959,113.34,113.47,113.33,113.48,eod,0.12999999999999545,0.0011470925615458876,11.470925615458876,,
2004-10-04,1,930,959,114.12,113.83999999999999,114.11,113.85,eod,-0.28000000000001535,-0.0024537726754886983,-24.537726754886982,,
2004-10-07,-1,930,959,113.5,113.39,113.51,113.38,eod,0.10999999999999943,0.0009690776143071045,9.690776143071044,,
2004-11-03,1,930,959,114.47,114.75999999999999,114.46,114.77,eod,0.28999999999999204,0.0025336362047876293,25.336362047876293,,
2004-11-05,1,930,959,117.04,117.08999999999999,117.03,117.1,eod,0.04999999999998295,0.00042724087840710027,4.272408784071002,,
2004-11-11,1,930,959,118.05000000000001,117.97999999999999,118.04,117.99,eod,-0.0700000000000216,-0.0005930193154864588,-5.930193154864588,,
2004-11-15,-1,930,959,118.5,118.68,118.51,118.67,eod,-0.18000000000000682,-0.0015188591680027578,-15.188591680027578,,
2004-11-16,-1,930,959,117.99,117.77000000000001,118.0,117.76,eod,0.21999999999998465,0.001864406779660887,18.64406779660887,,
2004-11-17,1,930,959,118.16000000000001,118.39,118.15,118.4,eod,0.22999999999998977,0.0019466779517561554,19.466779517561555,,
2004-11-19,-1,930,959,117.19,117.33,117.2,117.32,eod,-0.14000000000000057,-0.0011945392491467626,-11.945392491467626,,
2004-12-01,1,930,959,119.34,119.46,119.33,119.47,eod,0.11999999999999034,0.0010056146819742758,10.056146819742759,,
2004-12-13,1,930,959,120.11,120.28,120.1,120.29,eod,0.1700000000000017,0.001415487094088274,14.154870940882741,,
2004-12-17,-1,930,959,119.47,119.43,119.48,119.42,eod,0.03999999999999204,0.00033478406427847374,3.3478406427847376,,
2004-12-21,1,930,959,120.27000000000001,120.39,120.26,120.4,eod,0.11999999999999034,0.0009978380176283912,9.978380176283911,,
2004-12-28,1,930,959,121.11,121.22999999999999,121.1,121.24,eod,0.11999999999999034,0.0009909165978529344,9.909165978529344,,
2005-01-11,-1,930,959,118.42999999999999,118.30000000000001,118.44,118.29,eod,0.12999999999998124,0.0010976021614317903,10.976021614317903,,
2005-01-14,1,930,959,118.36,118.41,118.35,118.42,eod,0.04999999999999716,0.00042247570764678634,4.2247570764678635,,
2005-01-20,-1,930,959,117.58999999999999,117.58,117.6,117.57,eod,0.009999999999990905,8.503401360536484e-05,0.8503401360536484,,
2005-01-25,1,930,959,116.91000000000001,116.86,116.9,116.87,eod,-0.05000000000001137,-0.00042771599657836926,-4.277159965783692,,
2005-01-26,1,930,959,117.46000000000001,117.39999999999999,117.45,117.41,eod,-0.060000000000016485,-0.0005108556832696167,-5.108556832696167,,
2005-01-31,1,930,959,117.84,118.05999999999999,117.83,118.07,eod,0.21999999999998465,0.0018670966646862823,18.670966646862823,,
2005-02-04,1,930,959,120.07000000000001,120.32,120.06,120.33,eod,0.2499999999999858,0.0020822921872395953,20.822921872395952,,
2005-02-10,1,930,959,119.99000000000001,119.82,119.98,119.83,eod,-0.17000000000001592,-0.001416902817136322,-14.16902817136322,,
2005-02-22,-1,930,959,118.72,118.68,118.73,118.67,eod,0.03999999999999204,0.000336898846121385,3.36898846121385,,
2005-02-23,1,930,959,119.5,119.33,119.49,119.34,eod,-0.1700000000000017,-0.001422713197757149,-14.227131977571489,,
2005-03-01,1,930,959,121.48,121.28999999999999,121.47,121.3,eod,-0.19000000000001194,-0.0015641722235944014,-15.641722235944014,,
2005-03-04,1,930,959,122.74000000000001,122.55,122.73,122.56,eod,-0.19000000000001194,-0.001548113745620565,-15.48113745620565,,
2005-03-07,1,930,959,123.02000000000001,122.77,123.01,122.78,eod,-0.2500000000000142,-0.0020323550930819788,-20.32355093081979,,
2005-03-09,-1,930,959,121.39999999999999,121.01,121.41,121.0,eod,0.38999999999998636,0.003212255992092796,32.12255992092796,,
2005-03-16,-1,930,959,118.97999999999999,119.19000000000001,118.99,119.18,eod,-0.21000000000002217,-0.0017648541894278694,-17.648541894278694,,
2005-03-18,-1,930,959,118.49,118.82000000000001,118.5,118.81,eod,-0.3300000000000125,-0.002784810126582384,-27.84810126582384,,
2005-03-24,1,930,959,117.43,117.14,117.42,117.15,eod,-0.29000000000000625,-0.0024697666496338463,-24.697666496338464,,
2005-03-28,1,930,959,117.67,117.35,117.66,117.36,eod,-0.3200000000000074,-0.002719700832908443,-27.19700832908443,,
2005-03-30,1,930,959,117.81,118.11,117.8,118.12,eod,0.29999999999999716,0.0025466893039048995,25.466893039048994,,
2005-04-05,1,930,959,118.08,118.08,118.07,118.09,eod,0.0,0.0,0.0,,
2005-04-19,1,930,959,115.28,115.28,115.27,115.29,eod,0.0,0.0,0.0,,
2005-04-20,-1,930,959,113.96,113.83,113.97,113.82,eod,0.12999999999999545,0.001140651048521501,11.40651048521501,,
2005-04-21,1,930,959,115.85000000000001,115.99,115.84,116.0,eod,0.13999999999998636,0.0012085635359114844,12.085635359114844,,
2005-04-25,1,930,959,115.94000000000001,116.27,115.93,116.28,eod,0.3299999999999841,0.0028465453290777544,28.465453290777543,,
2005-04-26,-1,930,959,115.75999999999999,115.23,115.77,115.22,eod,0.5299999999999869,0.004578042670812706,45.78042670812706,,
2005-04-28,-1,930,959,114.69999999999999,114.4,114.71,114.39,eod,0.29999999999998295,0.00261529073315302,26.1529073315302,,
2005-04-29,1,930,959,115.5,115.69999999999999,115.49,115.71,eod,0.19999999999998863,0.001731751666810881,17.31751666810881,,
2005-05-02,1,930,959,116.14,116.35,116.13,116.36,eod,0.20999999999999375,0.0018083182640144127,18.083182640144127,,
2005-05-10,-1,930,959,116.61,116.7,116.62,116.69,eod,-0.09000000000000341,-0.0007717372663351347,-7.717372663351347,,
2005-05-18,1,930,959,118.80000000000001,118.78999999999999,118.79,118.8,eod,-0.010000000000019327,-8.418217021651086e-05,-0.8418217021651087,,
2005-05-23,1,930,959,119.81,119.64,119.8,119.65,eod,-0.1700000000000017,-0.0014190317195325686,-14.190317195325687,,
2005-05-25,-1,930,959,119.25999999999999,119.34,119.27,119.33,eod,-0.0800000000000125,-0.00067074704452094,-6.7074704452094,,
2005-05-26,1,930,959,120.02000000000001,120.03,120.01,120.04,eod,0.009999999999990905,8.332638946746858e-05,0.8332638946746858,,
2005-05-31,-1,930,959,119.83,119.45,119.84,119.44,eod,0.37999999999999545,0.003170894526034675,31.708945260346752,,
2005-06-07,1,930,959,120.37,120.05,120.36,120.06,eod,-0.3200000000000074,-0.002658690594882082,-26.58690594882082,,
2005-06-14,1,930,959,120.75,120.82,120.74,120.83,eod,0.06999999999999318,0.0005797581580254528,5.797581580254528,,
2005-06-21,-1,930,959,121.22,121.31,121.23,121.3,eod,-0.09000000000000341,-0.0007423904974016614,-7.423904974016614,,
2005-06-28,1,930,959,120.14,120.14,120.13,120.15,eod,0.0,0.0,0.0,,
2005-07-11,1,930,959,121.74000000000001,122.00999999999999,121.73,122.02,eod,0.2699999999999818,0.00221802349461909,22.1802349461909,,
2005-07-14,1,930,959,122.83,122.72999999999999,122.82,122.74,eod,-0.10000000000000853,-0.0008141996417522271,-8.141996417522272,,
2005-07-18,-1,930,959,122.30999999999999,122.21000000000001,122.32,122.2,eod,0.0999999999999801,0.0008175277959448995,8.175277959448994,,
2005-07-19,1,930,959,122.92,122.99,122.91,123.0,eod,0.06999999999999318,0.0005695224147749832,5.6952241477498315,,
2005-07-22,1,930,959,123.4,123.42,123.39,123.43,eod,0.01999999999999602,0.00016208768943995477,1.6208768943995477,,
2005-07-26,1,930,959,123.402,123.22,123.392,123.23,eod,-0.18200000000000216,-0.001474974066390059,-14.74974066390059,,
2005-07-28,1,930,959,124.53,124.49,124.52,124.5,eod,-0.04000000000000625,-0.0003212335367812902,-3.212335367812902,,
2005-08-01,1,930,959,123.88000000000001,123.55,123.87,123.56,eod,-0.3300000000000125,-0.002664083313150985,-26.64083313150985,,
2005-08-02,1,930,959,124.41000000000001,124.44999999999999,124.4,124.46,eod,0.03999999999997783,0.0003215434083599504,3.215434083599504,,
2005-08-04,-1,930,959,123.91,123.67,123.92,123.66,eod,0.23999999999999488,0.0019367333763718115,19.367333763718115,,
2005-08-05,-1,930,959,122.86,122.79,122.87,122.78,eod,0.06999999999999318,0.0005697078212744622,5.697078212744622,,
2005-08-09,1,930,959,122.98,123.33,122.97,123.34,eod,0.3499999999999943,0.002846222655932295,28.46222655932295,,
2005-08-11,1,930,959,123.79,123.96,123.78,123.97,eod,0.1699999999999875,0.0013734044272094644,13.734044272094645,,
2005-08-12,-1,930,959,123.55999999999999,123.25,123.57,123.24,eod,0.30999999999998806,0.0025086995225377363,25.08699522537736,,
2005-08-16,-1,930,959,122.3,122.12,122.31,122.11,eod,0.1799999999999926,0.0014716703458424708,14.716703458424707,,
2005-08-19,1,930,959,122.48,122.25999999999999,122.47,122.27,eod,-0.22000000000001307,-0.0017963582918266766,-17.963582918266766,,
2005-08-26,-1,930,959,121.08,120.83,121.09,120.82,eod,0.25,0.0020645800644148978,20.645800644148977,,
2005-08-30,-1,930,959,120.66,121.19000000000001,120.67,121.18,eod,-0.5300000000000153,-0.004392143863429314,-43.921438634293146,,
2005-09-06,1,930,959,123.60000000000001,123.74,123.59,123.75,eod,0.13999999999998636,0.00113277773282617,11.3277773282617,,
2005-09-08,-1,930,959,123.44,123.59,123.45,123.58,eod,-0.15000000000000568,-0.0012150668286756232,-12.150668286756233,,
2005-09-09,1,930,959,124.64,124.47,124.63,124.48,eod,-0.1700000000000017,-0.0013640375511514218,-13.640375511514218,,
2005-09-13,-1,930,959,123.78,123.56,123.79,123.55,eod,0.21999999999999886,0.0017772033282171327,17.77203328217133,,
2005-09-19,-1,930,959,122.72,122.97,122.73,122.96,eod,-0.25,-0.002036991770553247,-20.36991770553247,,
2005-09-21,-1,930,959,121.05,120.89150000000001,121.06,120.8815,eod,0.15849999999998943,0.0013092681315049514,13.092681315049514,,
2005-09-28,1,930,959,121.77000000000001,121.67,121.76,121.68,eod,-0.10000000000000853,-0.0008212877792379149,-8.21287779237915,,
2005-10-07,1,930,959,119.52000000000001,119.64999999999999,119.51,119.66,eod,0.12999999999998124,0.0010877750815829741,10.87775081582974,,
2005-10-10,-1,930,959,118.83,118.78,118.84,118.77,eod,0.04999999999999716,0.0004207337596768525,4.207337596768525,,
2005-10-18,-1,930,959,118.3,117.91000000000001,118.31,117.9,eod,0.38999999999998636,0.0032964246471134,32.964246471134,,
2005-10-21,1,930,959,118.24000000000001,118.00999999999999,118.23,118.02,eod,-0.2300000000000182,-0.001945360737545616,-19.453607375456162,,
2005-10-24,1,930,959,119.49000000000001,120.03,119.48,120.04,eod,0.539999999999992,0.0045195848677602275,45.19584867760228,,
2005-10-28,1,930,959,119.64,119.89999999999999,119.63,119.91,eod,0.2599999999999909,0.00217336788430988,21.7336788430988,,
2005-10-31,1,930,959,121.15,120.69999999999999,121.14,120.71,eod,-0.45000000000001705,-0.003714710252600438,-37.14710252600438,,
2005-11-03,1,930,959,122.04,122.14,122.03,122.15,eod,0.09999999999999432,0.0008194706219781555,8.194706219781555,,
2005-11-15,-1,930,959,123.05,123.16000000000001,123.06,123.15,eod,-0.11000000000001364,-0.0008938729075248955,-8.938729075248954,,
2005-11-17,1,930,959,124.4,124.52,124.39,124.53,eod,0.11999999999999034,0.0009647077739367339,9.647077739367338,,
2005-11-18,1,930,959,124.79,125.08,124.78,125.09,eod,0.28999999999999204,0.0023240903991023566,23.240903991023565,,
2005-11-28,-1,930,959,126.11999999999999,126.16000000000001,126.13,126.15,eod,-0.040000000000020464,-0.0003171331166258659,-3.171331166258659,,
2005-11-29,1,930,959,126.38000000000001,126.1,126.37,126.11,eod,-0.28000000000001535,-0.0022157157553217956,-22.157157553217957,,
2005-12-01,1,930,959,126.86,126.89,126.85,126.9,eod,0.030000000000001137,0.00023649980291683988,2.3649980291683987,,
2005-12-06,1,930,959,126.99000000000001,126.72,126.98,126.73,eod,-0.27000000000001023,-0.002126319105371005,-21.263191053710052,,
2005-12-16,-1,930,959,126.69999999999999,126.61,126.71,126.6,eod,0.0899999999999892,0.0007102833241258717,7.1028332412587165,,
2005-12-30,-1,930,959,124.835,124.57000000000001,124.845,124.56,eod,0.26499999999998636,0.002122632063758952,21.22632063758952,,
2006-01-03,1,930,959,126.65,126.75,126.64,126.76,eod,0.09999999999999432,0.0007896399241945224,7.8963992419452245,,
2006-01-06,1,930,959,128.48999999999998,128.4,128.48,128.41,eod,-0.08999999999997499,-0.0007004981320047867,-7.004981320047867,,
2006-01-17,-1,930,959,128.24,128.26999999999998,128.25,128.26,eod,-0.029999999999972715,-0.00023391812865475802,-2.3391812865475803,,
2006-01-18,-1,930,959,127.72,127.80000000000001,127.73,127.79,eod,-0.0800000000000125,-0.0006263211461677954,-6.263211461677955,,
2006-01-19,1,930,959,128.48999999999998,128.36,128.48,128.37,eod,-0.12999999999996703,-0.0010118306351180498,-10.118306351180497,,
2006-01-20,-1,930,959,126.3,126.14,126.31,126.13,eod,0.1599999999999966,0.0012667247248831968,12.667247248831968,,
2006-01-24,1,930,959,126.74000000000001,126.58999999999999,126.73,126.6,eod,-0.1500000000000199,-0.0011836187169574678,-11.836187169574679,,
2006-01-26,1,930,959,127.48,127.39999999999999,127.47,127.41,eod,-0.0800000000000125,-0.0006275986506629992,-6.275986506629992,,
2006-01-27,1,930,959,128.39,128.29000000000002,128.38,128.3,eod,-0.0999999999999659,-0.0007789375292098917,-7.789375292098916,,
2006-02-03,-1,930,959,126.52,126.41000000000001,126.53,126.4,eod,0.10999999999998522,0.0008693590452855861,8.693590452855862,,
2006-02-27,1,930,959,129.95999999999998,129.67000000000002,129.95,129.68,eod,-0.2899999999999636,-0.00223162754905705,-22.3162754905705,,
2006-02-28,-1,930,959,128.37,128.26,128.38,128.25,eod,0.11000000000001364,0.0008568312821312793,8.568312821312793,,
2006-03-01,1,930,959,129.39,129.39000000000001,129.38,129.4,eod,2.842170943040401e-14,2.1967622067092294e-16,2.1967622067092293e-12,,
2006-03-07,-1,930,959,127.72,127.87,127.73,127.86,eod,-0.15000000000000568,-0.0011743521490644772,-11.743521490644772,,
2006-03-14,1,930,959,130.1,130.11,130.09,130.12,eod,0.010000000000019327,7.6869859328306e-05,0.7686985932830599,,
2006-03-17,-1,930,959,130.47,130.57999999999998,130.48,130.57,eod,-0.10999999999998522,-0.000843041079092468,-8.43041079092468,,
2006-04-03,1,930,959,130.25,129.68,130.24,129.69,eod,-0.5699999999999932,-0.004376535626535574,-43.76535626535574,,
2006-04-05,1,930,959,131.14999999999998,131.03,131.14,131.04,eod,-0.11999999999997613,-0.0009150526155252107,-9.150526155252107,,
2006-04-18,1,930,959,130.76999999999998,130.72,130.76,130.73,eod,-0.04999999999998295,-0.00038237993270100147,-3.823799327010015,,
2006-05-02,1,930,959,131.31,131.36,131.3,131.37,eod,0.05000000000001137,0.00038080731150046734,3.808073115004673,,
2006-05-04,1,930,959,131.39,131.27,131.38,131.28,eod,-0.11999999999997613,-0.0009133810321203846,-9.133810321203846,,
2006-05-05,1,930,959,132.59,132.70000000000002,132.58,132.71,eod,0.11000000000001364,0.0008296877357068459,8.296877357068459,,
2006-05-11,-1,930,959,130.61,130.79,130.62,130.78,eod,-0.1799999999999784,-0.0013780431786861,-13.780431786861,,
2006-05-17,-1,930,959,127.58999999999999,127.21000000000001,127.6,127.2,eod,0.37999999999998124,0.0029780564263321417,29.780564263321416,,
2006-05-19,1,930,959,126.75,126.94999999999999,126.74,126.96,eod,0.19999999999998863,0.0015780337699225868,15.780337699225868,,
2006-05-23,1,930,959,126.79,125.86,126.78,125.87,eod,-0.9300000000000068,-0.007335541883577905,-73.35541883577905,,
2006-05-25,1,930,959,127.33,127.61999999999999,127.32,127.63,eod,0.28999999999999204,0.002277725416273893,22.77725416273893,,
2006-05-30,-1,930,959,126.55999999999999,126.30000000000001,126.57,126.29,eod,0.2599999999999767,0.0020541992573277768,20.541992573277767,,
2006-05-31,1,930,959,126.88000000000001,127.28999999999999,126.87,127.3,eod,0.4099999999999824,0.003231654449436292,32.31654449436292,,
2006-06-05,-1,930,959,127.17999999999999,126.91000000000001,127.19,126.9,eod,0.2699999999999818,0.0021228083968864047,21.22808396886405,,
2006-06-15,1,930,959,125.75,125.99,125.74,126.0,eod,0.23999999999999488,0.00190870049308092,19.0870049308092,,
2006-06-16,-1,930,959,125.27,124.99000000000001,125.28,124.98,eod,0.2799999999999869,0.002234993614303855,22.34993614303855,,
2006-06-21,1,930,959,125.38000000000001,125.11999999999999,125.37,125.13,eod,-0.2600000000000193,-0.0020738613703439367,-20.738613703439366,,
2006-06-29,1,930,959,127.08,127.21,127.07,127.22,eod,0.12999999999999545,0.0010230581569213462,10.230581569213463,,
2006-07-05,-1,930,959,127.0,127.04,127.01,127.03,eod,-0.04000000000000625,-0.000314935831824315,-3.14935831824315,,
2006-07-13,-1,930,959,124.33,124.2,124.34,124.19,eod,0.12999999999999545,0.0010455203474344173,10.455203474344172,,
2006-07-19,1,930,959,126.14,125.96,126.13,125.97,eod,-0.18000000000000682,-0.0014270990248157205,-14.270990248157204,,
2006-07-21,-1,930,959,124.11,124.12,124.12,124.11,eod,-0.010000000000005116,-8.056719303903574e-05,-0.8056719303903574,,
2006-07-24,1,930,959,126.27000000000001,126.11999999999999,126.26,126.13,eod,-0.1500000000000199,-0.0011880247109141446,-11.880247109141447,,
2006-07-28,1,930,959,127.88000000000001,127.83999999999999,127.87,127.85,eod,-0.040000000000020464,-0.0003128177054822903,-3.128177054822903,,
2006-08-01,-1,930,959,126.88,127.18,126.89,127.17,eod,-0.30000000000001137,-0.002364252502167321,-23.64252502167321,,
2006-08-02,1,930,959,127.81,127.91,127.8,127.92,eod,0.09999999999999432,0.0007824726134584845,7.824726134584846,,
2006-08-11,-1,930,959,126.77,126.85000000000001,126.78,126.84,eod,-0.0800000000000125,-0.000631014355576688,-6.310143555766881,,
2006-08-15,1,930,959,128.76,128.70000000000002,128.75,128.71,eod,-0.05999999999997385,-0.00046601941747552504,-4.66019417475525,,
2006-08-16,1,930,959,129.76999999999998,129.73000000000002,129.76,129.74,eod,-0.03999999999996362,-0.00030826140567172955,-3.0826140567172953,,
2006-08-21,-1,930,959,130.08,130.10999999999999,130.09,130.1,eod,-0.029999999999972715,-0.00023060957798426256,-2.3060957798426256,,
2006-09-01,1,930,959,131.45,131.46,131.44,131.47,eod,0.010000000000019327,7.608034084007401e-05,0.7608034084007401,,
2006-09-06,-1,930,959,130.42000000000002,130.42999999999998,130.43,130.42,eod,-0.009999999999962483,-7.666947788056798e-05,-0.7666947788056798,,
2006-09-07,-1,930,959,130.0,129.82999999999998,130.01,129.82,eod,0.17000000000001592,0.001307591723713683,13.07591723713683,,
2006-09-08,1,930,959,130.39999999999998,130.29000000000002,130.39,130.3,eod,-0.1099999999999568,-0.0008436229772218484,-8.436229772218484,,
2006-09-12,1,930,959,131.76,131.63,131.75,131.64,eod,-0.12999999999999545,-0.0009867172675521476,-9.867172675521475,,
2006-09-14,-1,930,959,131.98000000000002,132.06,131.99,132.05,eod,-0.07999999999998408,-0.0006061065232213355,-6.061065232213355,,
2006-09-20,1,930,959,132.51,132.4,132.5,132.41,eod,-0.10999999999998522,-0.0008301886792451714,-8.301886792451715,,
2006-09-22,-1,930,959,131.38,131.41,131.39,131.4,eod,-0.030000000000001137,-0.0002283278788340143,-2.283278788340143,,
2006-10-06,-1,930,959,134.81,135.04,134.82,135.03,eod,-0.22999999999998977,-0.0017059783414922845,-17.059783414922844,,
2006-10-11,-1,930,959,134.9,135.0,134.91,134.99,eod,-0.09999999999999432,-0.0007412348973389246,-7.412348973389246,,
2006-10-12,1,930,959,136.31,136.25,136.3,136.26,eod,-0.060000000000002274,-0.0004402054292003101,-4.402054292003101,,
2006-10-17,-1,930,959,136.58,136.47,136.59,136.46,eod,0.11000000000001364,0.0008053298191669496,8.053298191669496,,
2006-10-26,1,930,959,138.87,138.85000000000002,138.86,138.86,eod,-0.01999999999998181,-0.00014402995823118112,-1.4402995823118112,,
2006-10-27,-1,930,959,137.82000000000002,137.92,137.83,137.91,eod,-0.0999999999999659,-0.0007255314517881876,-7.255314517881875,,
2006-11-06,1,930,959,138.22,138.08,138.21,138.09,eod,-0.13999999999998636,-0.0010129513059835493,-10.129513059835492,,
2006-11-07,1,930,959,138.51,138.43,138.5,138.44,eod,-0.07999999999998408,-0.0005776173285197407,-5.776173285197407,,
2006-11-13,1,930,959,138.70999999999998,138.67000000000002,138.7,138.68,eod,-0.03999999999996362,-0.00028839221340997567,-2.8839221340997567,,
2006-11-15,1,930,959,140.14,139.96,140.13,139.97,eod,-0.1799999999999784,-0.0012845215157352345,-12.845215157352346,,
2006-11-16,1,930,959,140.47,140.22,140.46,140.23,eod,-0.25,-0.001779866154065214,-17.79866154065214,,
2006-11-27,-1,930,959,138.56,138.51,138.57,138.5,eod,0.05000000000001137,0.0003608284621491764,3.608284621491764,,
2006-11-29,1,930,959,140.23999999999998,140.35000000000002,140.23,140.36,eod,0.11000000000004206,0.0007844255865367045,7.844255865367044,,
2006-12-04,1,930,959,141.25,141.32000000000002,141.24,141.33,eod,0.0700000000000216,0.0004956103086945738,4.956103086945737,,
2006-12-14,1,930,959,143.13,142.97,143.12,142.98,eod,-0.1599999999999966,-0.0011179429849077459,-11.179429849077458,,
2006-12-15,-1,930,959,142.42000000000002,142.39,142.43,142.38,eod,0.03000000000002956,0.00021062978305153097,2.1062978305153095,,
2006-12-22,-1,930,959,141.10000000000002,140.85999999999999,141.11,140.85,eod,0.24000000000003752,0.0017008007937073027,17.008007937073028,,
2006-12-26,1,930,959,141.38,141.53,141.37,141.54,eod,0.15000000000000568,0.0010610454834830989,10.610454834830989,,
2006-12-27,1,930,959,142.51,142.58,142.5,142.59,eod,0.0700000000000216,0.0004912280701755902,4.912280701755902,,
2006-12-28,-1,930,959,142.34,142.2,142.35,142.19,eod,0.14000000000001478,0.0009834913944504024,9.834913944504024,,
2007-01-05,-1,930,959,140.82000000000002,140.76999999999998,140.83,140.76,eod,0.05000000000003979,0.00035503798906511247,3.550379890651125,,
2007-01-11,1,930,959,142.26999999999998,142.26000000000002,142.26,142.27,eod,-0.009999999999962483,-7.029382820162016e-05,-0.7029382820162016,,
2007-01-12,1,930,959,142.97,142.95000000000002,142.96,142.96,eod,-0.01999999999998181,-0.00013989927252365563,-1.3989927252365564,,
2007-01-24,1,930,959,143.81,143.9,143.8,143.91,eod,0.09000000000000341,0.000625869262865114,6.258692628651141,,
2007-02-01,1,930,959,144.5,144.56,144.49,144.57,eod,0.060000000000002274,0.0004152536507716954,4.152536507716954,,
2007-02-12,-1,930,959,143.41,143.42999999999998,143.42,143.42,eod,-0.01999999999998181,-0.00013945056477466053,-1.3945056477466053,,
2007-02-13,1,930,959,144.35999999999999,144.51000000000002,144.35,144.52,eod,0.1500000000000341,0.0010391409767927546,10.391409767927545,,
2007-02-14,1,930,959,145.79,145.63,145.78,145.64,eod,-0.1599999999999966,-0.0010975442447523432,-10.975442447523431,,
2007-02-23,-1,930,959,145.43,145.37,145.44,145.36,eod,0.060000000000002274,0.00041254125412542816,4.125412541254281,,
2007-02-27,-1,930,959,140.67000000000002,140.01,140.68,140.0,eod,0.660000000000025,0.004691498436167366,46.91498436167366,,
2007-02-28,1,930,959,141.35999999999999,140.92000000000002,141.35,140.93,eod,-0.4399999999999693,-0.003112840466925853,-31.12840466925853,,
2007-03-01,-1,930,959,140.55,140.6,140.56,140.59,eod,-0.04999999999998295,-0.0003557199772338001,-3.5571997723380013,,
2007-03-02,-1,930,959,139.57000000000002,138.97,139.58,138.96,eod,0.6000000000000227,0.004298610116062636,42.986101160626355,,
2007-03-06,1,930,959,140.0,139.8,139.99,139.81,eod,-0.19999999999998863,-0.0014286734766768242,-14.286734766768243,,
2007-03-08,1,930,959,140.60999999999999,140.54000000000002,140.6,140.55,eod,-0.06999999999996476,-0.0004978662873397209,-4.97866287339721,,
2007-03-13,-1,930,959,138.72,138.16,138.73,138.15,eod,0.5600000000000023,0.004036617890867168,40.366178908671685,,
2007-03-19,1,930,959,139.81,140.06,139.8,140.07,eod,0.25,0.0017882689556509297,17.8826895565093,,
2007-03-27,-1,930,959,142.87,142.72,142.88,142.71,eod,0.15000000000000568,0.0010498320268757398,10.498320268757398,,
2007-03-28,-1,930,959,141.93,141.54999999999998,141.94,141.54,eod,0.3800000000000239,0.002677187544032858,26.77187544032858,,
2007-04-03,1,930,959,143.67,143.65,143.66,143.66,eod,-0.01999999999998181,-0.00013921759710414737,-1.3921759710414736,,
2007-04-16,1,930,959,146.73,146.77,146.72,146.78,eod,0.040000000000020464,0.00027262813522369457,2.7262813522369456,,
2007-04-20,1,930,959,148.1,148.46,148.09,148.47,eod,0.36000000000001364,0.002430954149503772,24.30954149503772,,
2007-04-25,1,930,959,149.57,149.45000000000002,149.56,149.46,eod,-0.11999999999997613,-0.000802353570473229,-8.02353570473229,,
2007-05-02,1,930,959,149.72,149.62,149.71,149.63,eod,-0.09999999999999432,-0.0006679580522342816,-6.679580522342817,,
2007-05-03,1,930,959,150.34,150.25,150.33,150.26,eod,-0.09000000000000341,-0.0005986828976252471,-5.986828976252472,,
2007-05-04,1,930,959,150.67,150.64000000000001,150.66,150.65,eod,-0.029999999999972715,-0.00019912385503765244,-1.9912385503765244,,
2007-05-07,1,930,959,150.98999999999998,150.95000000000002,150.98,150.96,eod,-0.03999999999996362,-0.00026493575307963717,-2.6493575307963715,,
2007-05-10,-1,930,959,149.63,149.34,149.64,149.33,eod,0.28999999999999204,0.001937984496123978,19.37984496123978,,
2007-05-11,1,930,959,150.5,150.8,150.49,150.81,eod,0.30000000000001137,0.001993487939398042,19.93487939398042,,
2007-05-16,1,930,959,151.31,151.60000000000002,151.3,151.61,eod,0.29000000000002046,0.0019167217448778616,19.167217448778615,,
2007-05-18,1,930,959,152.25,152.49,152.24,152.5,eod,0.2400000000000091,0.0015764582238571275,15.764582238571275,,
2007-05-25,1,930,959,151.73,151.85000000000002,151.72,151.86,eod,0.12000000000003297,0.0007909306617455376,7.9093066174553766,,
2007-06-05,-1,930,959,153.4,153.45,153.41,153.44,eod,-0.04999999999998295,-0.00032592399452436574,-3.2592399452436576,,
2007-06-06,-1,930,959,152.23000000000002,152.10999999999999,152.24,152.1,eod,0.12000000000003297,0.0007882291119287504,7.882291119287505,,
2007-06-08,1,930,959,150.67,151.04000000000002,150.66,151.05,eod,0.37000000000003297,0.0024558608788001657,24.558608788001656,,
2007-06-12,-1,930,959,150.13,149.67999999999998,150.14,149.67,eod,0.45000000000001705,0.0029972026108966107,29.972026108966105,,
2007-06-13,1,930,959,151.39,151.94,151.38,151.95,eod,0.5500000000000114,0.0036332408508390236,36.33240850839024,,
2007-06-14,1,930,959,152.85,152.70000000000002,152.84,152.71,eod,-0.14999999999997726,-0.0009814184768383752,-9.814184768383752,,
2007-06-15,1,930,959,153.17,153.04000000000002,153.16,153.05,eod,-0.12999999999996703,-0.0008487855837031016,-8.487855837031017,,
2007-06-22,-1,930,959,150.25,150.25,150.26,150.24,eod,-0.0,-0.0,-0.0,,
2007-07-02,1,930,959,151.59,151.79000000000002,151.58,151.8,eod,0.20000000000001705,0.001319435281699545,13.194352816995451,,
2007-07-10,-1,930,959,151.43,150.91,151.44,150.9,eod,0.5200000000000102,0.0034337031167459738,34.337031167459735,,
2007-07-12,1,930,959,154.14999999999998,154.72,154.14,154.73,eod,0.5700000000000216,0.003697936940443893,36.979369404438934,,
2007-07-19,1,930,959,155.23999999999998,155.20000000000002,155.23,155.21,eod,-0.03999999999996362,-0.00025768214906888887,-2.576821490688889,,
2007-07-20,-1,930,959,153.73000000000002,153.34,153.74,153.33,eod,0.3900000000000148,0.0025367503577469414,25.367503577469414,,
2007-07-23,1,930,959,154.42,154.05,154.41,154.06,eod,-0.3699999999999761,-0.0023962178615373106,-23.962178615373105,,
2007-07-24,-1,930,959,151.32000000000002,151.13,151.33,151.12,eod,0.19000000000002615,0.001255534262869399,12.55534262869399,,
2007-07-25,1,930,959,151.82,151.73000000000002,151.81,151.74,eod,-0.08999999999997499,-0.000592846321059054,-5.9284632105905395,,
2007-07-26,-1,930,959,147.9,148.56,147.91,148.55,eod,-0.6599999999999966,-0.004462172943005859,-44.621729430058586,,
2007-08-03,-1,930,959,144.43,143.35,144.44,143.34,eod,1.0800000000000125,0.007477153143173723,74.77153143173723,,
2007-08-09,-1,930,959,146.63,145.73,146.64,145.72,eod,0.9000000000000057,0.0061374795417349,61.374795417349006,,
2007-08-16,-1,930,959,139.67000000000002,141.73999999999998,139.68,141.73,eod,-2.0699999999999648,-0.014819587628865726,-148.19587628865725,,
2007-08-17,1,930,959,144.5,144.73000000000002,144.49,144.74,eod,0.2300000000000182,0.0015918056612915646,15.918056612915647,,
2007-08-22,1,930,959,146.31,146.65,146.3,146.66,eod,0.3400000000000034,0.002323991797676031,23.239917976760314,,
2007-08-28,-1,930,959,144.22,143.67,144.23,143.66,eod,0.5500000000000114,0.003813353671219659,38.13353671219659,,
2007-08-31,1,930,959,148.07,147.46,148.06,147.47,eod,-0.6099999999999852,-0.004119951371065684,-41.199513710656845,,
2007-09-05,-1,930,959,147.53,147.57,147.54,147.56,eod,-0.03999999999999204,-0.0002711129185305141,-2.7111291853051407,,
2007-09-07,-1,930,959,145.43,145.85,145.44,145.84,eod,-0.4199999999999875,-0.0028877887788778017,-28.87788778877802,,
2007-09-11,1,930,959,147.54,147.63,147.53,147.64,eod,0.09000000000000341,0.0006100454144919909,6.100454144919909,,
2007-09-13,1,930,959,148.95999999999998,148.8,148.95,148.81,eod,-0.15999999999996817,-0.0010741859684455736,-10.741859684455736,,
2007-09-19,1,930,959,153.54,153.36,153.53,153.37,eod,-0.1799999999999784,-0.001172409301113648,-11.72409301113648,,
2007-10-01,1,930,959,154.54999999999998,154.51000000000002,154.54,154.52,eod,-0.03999999999996362,-0.0002588326646820475,-2.588326646820475,,
2007-10-03,-1,930,959,153.69,153.81,153.7,153.8,eod,-0.12000000000000455,-0.0007807417046194181,-7.807417046194181,,
2007-10-05,1,930,959,155.79999999999998,155.59,155.79,155.6,eod,-0.20999999999997954,-0.00134796841902548,-13.479684190254801,,
2007-10-16,-1,930,959,153.68,153.76999999999998,153.69,153.76,eod,-0.08999999999997499,-0.0005855943782938056,-5.8559437829380565,,
2007-10-19,-1,930,959,150.43,149.98,150.44,149.97,eod,0.45000000000001705,0.002991225737835795,29.912257378357953,,
2007-10-23,1,930,959,151.26,151.94,151.25,151.95,eod,0.6800000000000068,0.004495867768595087,44.95867768595087,,
2007-10-26,1,930,959,152.98,153.44,152.97,153.45,eod,0.46000000000000796,0.0030071255801791723,30.07125580179172,,
2007-10-29,1,930,959,154.29999999999998,153.99,154.29,154.0,eod,-0.30999999999997385,-0.0020092034480521997,-20.092034480521995,,
2007-10-31,1,930,959,154.22,154.79000000000002,154.21,154.8,eod,0.5700000000000216,0.003696258349004744,36.96258349004744,,
2007-11-01,-1,930,959,151.16,150.79,151.17,150.78,eod,0.37000000000000455,0.0024475755771648116,24.475755771648117,,
2007-11-06,1,930,959,151.51999999999998,152.08,151.51,152.09,eod,0.5600000000000307,0.003696125668272924,36.96125668272924,,
2007-11-07,-1,930,959,148.59,147.59,148.6,147.58,eod,1.0,0.006729475100942127,67.29475100942126,,
2007-11-13,1,930,959,147.57999999999998,148.19,147.57,148.2,eod,0.6100000000000136,0.00413363149691681,41.3363149691681,,
2007-11-19,-1,930,959,144.06,143.54999999999998,144.07,143.54,eod,0.5100000000000193,0.003539945859651693,35.39945859651693,,
2007-11-21,-1,930,959,142.66,141.82,142.67,141.81,eod,0.8400000000000034,0.005887712903904139,58.877129039041385,,
2007-11-27,1,930,959,141.72,143.08,141.71,143.09,eod,1.3600000000000136,0.00959706442735173,95.9706442735173,,
2007-11-28,1,930,959,147.37,147.24,147.36,147.25,eod,-0.12999999999999545,-0.0008821932681867226,-8.821932681867226,,
2007-12-05,1,930,959,148.5,148.85000000000002,148.49,148.86,eod,0.35000000000002274,0.0023570610815544664,23.570610815544665,,
2007-12-10,1,930,959,151.78,152.02,151.77,152.03,eod,0.2400000000000091,0.0015813401858075316,15.813401858075316,,
2007-12-14,-1,930,959,147.55,147.19,147.56,147.18,eod,0.36000000000001364,0.0024396855516401034,24.396855516401033,,
2007-12-17,-1,930,959,145.14000000000001,145.07999999999998,145.15,145.07,eod,0.060000000000030695,0.00041336548398229896,4.13365483982299,,
2007-12-18,1,930,959,145.98999999999998,145.81,145.98,145.82,eod,-0.1799999999999784,-0.0012330456226878916,-12.330456226878916,,
2007-12-21,1,930,959,148.2,148.18,148.19,148.19,eod,-0.01999999999998181,-0.00013496187327067825,-1.3496187327067826,,
2007-12-27,-1,930,959,147.92000000000002,147.53,147.93,147.52,eod,0.3900000000000148,0.002636382072602006,26.36382072602006,,
2008-01-04,-1,930,959,141.57000000000002,140.94,141.58,140.93,eod,0.6300000000000239,0.004449781042520298,44.49781042520298,,
2008-01-11,-1,930,959,139.98000000000002,140.01999999999998,139.99,140.01,eod,-0.03999999999996362,-0.0002857346953351212,-2.857346953351212,,
2008-01-14,1,930,959,141.29,141.45000000000002,141.28,141.46,eod,0.160000000000025,0.0011325028312572552,11.325028312572552,,
2008-01-15,-1,930,959,138.69,137.95999999999998,138.7,137.95,eod,0.7300000000000182,0.005263157894736974,52.63157894736974,,
2008-01-22,-1,930,959,131.06,131.03,131.07,131.02,eod,0.030000000000001137,0.000228885328450455,2.28885328450455,,
2008-02-05,-1,930,959,134.17000000000002,133.70999999999998,134.18,133.7,eod,0.4600000000000364,0.0034282307348340764,34.282307348340765,,
2008-02-13,1,930,959,136.75,136.70000000000002,136.74,136.71,eod,-0.04999999999998295,-0.00036565745209874903,-3.6565745209874905,,
2008-02-28,-1,930,959,136.92000000000002,137.0,136.93,136.99,eod,-0.07999999999998408,-0.0005842401226903095,-5.842401226903095,,
2008-02-29,-1,930,959,133.69,133.23999999999998,133.7,133.23,eod,0.45000000000001705,0.003365744203440666,33.657442034406664,,
2008-03-06,-1,930,959,131.75,130.82999999999998,131.76,130.82,eod,0.9200000000000159,0.006982392228293989,69.82392228293989,,
2008-03-11,1,930,959,131.82999999999998,132.38,131.82,132.39,eod,0.5500000000000114,0.004172356243362247,41.723562433622476,,
2008-03-14,-1,930,959,129.94,129.26,129.95,129.25,eod,0.6800000000000068,0.005232781839168964,52.32781839168964,,
2008-03-17,-1,930,959,128.37,127.91000000000001,128.38,127.9,eod,0.45999999999999375,0.0035831126343666754,35.83112634366675,,
2008-03-18,1,930,959,132.41,133.31,132.4,133.32,eod,0.9000000000000057,0.006797583081571039,67.9758308157104,,
2008-03-24,1,930,959,134.81,134.76000000000002,134.8,134.77,eod,-0.04999999999998295,-0.00037091988130551147,-3.7091988130551146,,
2008-03-26,-1,930,959,133.76000000000002,133.84,133.77,133.83,eod,-0.07999999999998408,-0.000598041414367826,-5.98041414367826,,
2008-04-01,1,930,959,136.32999999999998,136.8,136.32,136.81,eod,0.4700000000000273,0.0034477699530518434,34.477699530518436,,
2008-04-11,-1,930,959,133.62,133.29,133.63,133.28,eod,0.3300000000000125,0.00246950535059502,24.6950535059502,,
2008-04-16,1,930,959,136.09,136.21,136.08,136.22,eod,0.12000000000000455,0.0008818342151675818,8.818342151675818,,
2008-04-18,1,930,959,138.59,138.92000000000002,138.58,138.93,eod,0.3300000000000125,0.0023812960023092255,23.812960023092256,,
2008-04-22,-1,930,959,137.39000000000001,137.7,137.4,137.69,eod,-0.30999999999997385,-0.002256186317321498,-22.56186317321498,,
2008-05-09,-1,930,959,139.18,138.94,139.19,138.93,eod,0.2400000000000091,0.0017242618004167619,17.242618004167618,,
2008-05-14,1,930,959,141.51,140.95000000000002,141.5,140.96,eod,-0.5599999999999739,-0.0039575971731446915,-39.57597173144691,,
2008-05-20,-1,930,959,141.51000000000002,141.64999999999998,141.52,141.64,eod,-0.13999999999995794,-0.0009892594686260452,-9.892594686260452,,
2008-05-23,-1,930,959,138.13,137.88,138.14,137.87,eod,0.25,0.001809758216302302,18.09758216302302,,
2008-06-02,-1,930,959,138.65,138.84,138.66,138.83,eod,-0.18999999999999773,-0.0013702581854896706,-13.702581854896705,,
2008-06-05,1,930,959,140.41,140.63,140.4,140.64,eod,0.21999999999999886,0.0015669515669515589,15.669515669515588,,
2008-06-06,-1,930,959,137.09,136.39,137.1,136.38,eod,0.700000000000017,0.005105762217359716,51.05762217359716,,
2008-06-11,-1,930,959,134.62,133.97,134.63,133.96,eod,0.6500000000000057,0.0048280472405853505,48.2804724058535,,
2008-06-13,1,930,959,135.56,136.39000000000001,135.55,136.4,eod,0.8300000000000125,0.0061232017705644595,61.232017705644594,,
2008-06-18,-1,930,959,134.63,134.34,134.64,134.33,eod,0.28999999999999204,0.002153891859774154,21.53891859774154,,
2008-06-20,-1,930,959,131.61,131.6,131.62,131.59,eod,0.010000000000019327,7.597629539598333e-05,0.7597629539598333,,
2008-06-25,1,930,959,132.54999999999998,131.99,132.54,132.0,eod,-0.5599999999999739,-0.004225139580503801,-42.251395805038015,,
2008-06-26,-1,930,959,128.88,128.22,128.89,128.21,eod,0.6599999999999966,0.005120645511676598,51.20645511676598,,
2008-07-11,-1,930,959,124.1,124.03,124.11,124.02,eod,0.06999999999999318,0.0005640157924421335,5.6401579244213345,,
2008-07-16,1,930,959,123.98,124.46,123.97,124.47,eod,0.47999999999998977,0.003871904493022423,38.71904493022423,,
2008-07-29,1,930,959,125.95,126.25999999999999,125.94,126.27,eod,0.30999999999998806,0.0024614895982212805,24.614895982212804,,
2008-07-30,1,930,959,127.92,128.44,127.91,128.45,eod,0.519999999999996,0.004065358455163756,40.653584551637564,,
2008-08-01,-1,930,959,126.19999999999999,126.12,126.21,126.11,eod,0.07999999999998408,0.0006338641945961817,6.338641945961816,,
2008-08-04,-1,930,959,125.21,124.92,125.22,124.91,eod,0.28999999999999204,0.0023159239738060377,23.159239738060375,,
2008-08-05,1,930,959,127.83,128.41,127.82,128.42,eod,0.5799999999999983,0.004537631043655127,45.376310436551265,,
2008-08-07,-1,930,959,127.27,126.89,127.28,126.88,eod,0.37999999999999545,0.002985543683218066,29.85543683218066,,
2008-08-19,-1,930,959,126.91,127.03,126.92,127.02,eod,-0.12000000000000455,-0.0009454774661204267,-9.454774661204267,,
2008-08-22,1,930,959,129.22,129.51000000000002,129.21,129.52,eod,0.29000000000002046,0.0022444083275289873,22.444083275289874,,
2008-08-25,-1,930,959,127.03999999999999,127.09,127.05,127.08,eod,-0.05000000000001137,-0.0003935458480913921,-3.9354584809139213,,
2008-08-28,1,930,959,130.10999999999999,130.29000000000002,130.1,130.3,eod,0.18000000000003524,0.0013835511145275576,13.835511145275575,,
2008-09-04,-1,930,959,124.66,124.09,124.67,124.08,eod,0.5699999999999932,0.004572070265500868,45.72070265500868,,
2008-09-08,1,930,959,126.64,127.24,126.63,127.25,eod,0.5999999999999943,0.004738213693437529,47.382136934375296,,
2008-09-10,1,930,959,124.39,123.58999999999999,124.38,123.6,eod,-0.8000000000000114,-0.006431902235086119,-64.31902235086119,,
2008-09-15,-1,930,959,120.78999999999999,120.35000000000001,120.8,120.34,eod,0.4399999999999835,0.0036423841059601285,36.42384105960129,,
2008-09-17,-1,930,959,118.71,116.31,118.72,116.3,eod,2.3999999999999915,0.020215633423180522,202.15633423180523,,
2008-09-18,1,930,959,120.27000000000001,120.58,120.26,120.59,eod,0.30999999999998806,0.0025777482122067855,25.777482122067855,,
2008-09-19,1,930,959,124.33,125.03,124.32,125.04,eod,0.7000000000000028,0.005630630630630654,56.30630630630654,,
2008-09-22,-1,930,959,121.11,120.61,121.12,120.6,eod,0.5,0.004128137384412153,41.281373844121525,,
2008-09-25,1,930,959,121.53,121.0,121.52,121.01,eod,-0.5300000000000011,-0.0043614219881501085,-43.614219881501086,,
2008-09-29,-1,930,959,111.32,112.84,111.33,112.83,eod,-1.5200000000000102,-0.013653103386329024,-136.53103386329025,,
2008-10-02,-1,930,959,111.58,111.31,111.59,111.3,eod,0.269999999999996,0.002419571646204821,24.19571646204821,,
2008-10-06,-1,930,959,104.85,106.28,104.86,106.27,eod,-1.4300000000000068,-0.013637230593171913,-136.37230593171913,,
2008-10-13,1,930,959,97.75,100.85,97.74,100.86,eod,3.0999999999999943,0.03171679967260072,317.16799672600723,,
2008-10-15,-1,930,959,93.36,90.72,93.37,90.71,eod,2.6400000000000006,0.02827460640462676,282.7460640462676,,
2008-10-20,1,930,959,97.01,98.46,97.0,98.47,eod,1.4499999999999886,0.014948453608247305,149.48453608247306,,
2008-10-22,-1,930,959,89.75,89.89,89.76,89.88,eod,-0.14000000000000057,-0.001559714795008919,-15.59714795008919,,
2008-10-28,1,930,959,91.05000000000001,93.99,91.04,94.0,eod,2.9399999999999835,0.03229349736379595,322.9349736379595,,
2008-10-30,1,930,959,94.95,95.46,94.94,95.47,eod,0.5099999999999909,0.0053718137771222975,53.71813777122298,,
2008-11-04,1,930,959,99.46000000000001,100.39,99.45,100.4,eod,0.9299999999999926,0.00935143288084457,93.51432880844571,,
2008-11-05,-1,930,959,96.52,95.45,96.53,95.44,eod,1.0699999999999932,0.011084636900445387,110.84636900445386,,
2008-11-11,-1,930,959,90.39999999999999,90.11,90.41,90.1,eod,0.28999999999999204,0.0032076097776793724,32.07609777679372,,
2008-11-12,-1,930,959,85.72999999999999,85.69000000000001,85.74,85.68,eod,0.03999999999997783,0.00046652670865381194,4.66526708653812,,
2008-11-20,-1,930,959,77.72,75.76,77.73,75.75,eod,1.9599999999999937,0.025215489514987696,252.15489514987695,,
2008-11-24,1,930,959,86.05000000000001,84.92999999999999,86.04,84.94,eod,-1.1200000000000188,-0.013017201301720347,-130.17201301720348,,
2008-12-01,-1,930,959,83.88,82.10000000000001,83.89,82.09,eod,1.779999999999987,0.021218262009774547,212.18262009774548,,
2008-12-08,1,930,959,92.11,91.24,92.1,91.25,eod,-0.8700000000000045,-0.009446254071661287,-94.46254071661288,,
2008-12-16,1,930,959,91.46000000000001,91.83,91.45,91.84,eod,0.36999999999999034,0.004045926735921163,40.45926735921162,,
2009-01-05,-1,930,959,92.22999999999999,92.81,92.24,92.8,eod,-0.5800000000000125,-0.006287944492628063,-62.87944492628063,,
2009-01-07,-1,930,959,90.63,90.71000000000001,90.64,90.7,eod,-0.0800000000000125,-0.0008826125330981079,-8.82612533098108,,
2009-01-09,-1,930,959,89.58,89.02000000000001,89.59,89.01,eod,0.5599999999999881,0.006250697622502378,62.506976225023784,,
2009-01-12,-1,930,959,86.82,87.01,86.83,87.0,eod,-0.19000000000001194,-0.0021881838074399623,-21.881838074399624,,
2009-01-14,-1,930,959,84.08999999999999,84.36,84.1,84.35,eod,-0.27000000000001023,-0.003210463733650538,-32.104637336505384,,
2009-01-20,-1,930,959,81.13,80.63000000000001,81.14,80.62,eod,0.4999999999999858,0.006162188809464947,61.62188809464947,,
2009-01-21,1,930,959,83.06,84.03,83.05,84.04,eod,0.9699999999999989,0.011679711017459349,116.79711017459348,,
2009-01-22,-1,930,959,82.6,82.79,82.61,82.78,eod,-0.19000000000001194,-0.0022999636847840688,-22.999636847840687,,
2009-01-26,1,930,959,84.18,83.69,84.17,83.7,eod,-0.4900000000000091,-0.005821551621718059,-58.21551621718059,,
2009-01-27,1,930,959,84.95,84.57,84.94,84.58,eod,-0.38000000000000966,-0.004473746173769833,-44.73746173769833,,
2009-01-28,1,930,959,86.71000000000001,87.42,86.7,87.43,eod,0.7099999999999937,0.008189158016147563,81.89158016147563,,
2009-01-29,-1,930,959,85.02,84.58,85.03,84.57,eod,0.4399999999999977,0.005174644243208253,51.74644243208253,,
2009-02-06,1,930,959,86.78,86.94999999999999,86.77,86.96,eod,0.1699999999999875,0.0019592024893394897,19.592024893394896,,
2009-02-12,-1,930,959,82.78,83.7,82.79,83.69,eod,-0.9200000000000017,-0.011112453194830313,-111.12453194830313,,
2009-02-17,-1,930,959,79.44,79.23,79.45,79.22,eod,0.20999999999999375,0.0026431718061673223,26.431718061673223,,
2009-02-20,-1,930,959,77.07,77.42,77.08,77.41,eod,-0.3500000000000085,-0.00454073689673078,-45.4073689673078,,
2009-02-27,-1,930,959,74.16,73.98,74.17,73.97,eod,0.1799999999999926,0.0024268572199001295,24.268572199001294,,
2009-03-02,-1,930,959,70.91,70.59,70.92,70.58,eod,0.3199999999999932,0.004512126339537411,45.121263395374115,,
2009-03-04,1,930,959,72.84,71.72,72.83,71.73,eod,-1.1200000000000045,-0.015378278182067892,-153.78278182067893,,
2009-03-05,-1,930,959,68.83999999999999,68.78,68.85,68.77,eod,0.05999999999998806,0.0008714596949889335,8.714596949889335,,
2009-03-10,1,930,959,72.11,72.22,72.1,72.23,eod,0.10999999999999943,0.0015256588072121975,15.256588072121975,,
2009-03-23,1,930,959,81.16000000000001,82.25999999999999,81.15,82.27,eod,1.09999999999998,0.013555144793591867,135.55144793591867,,
2009-03-24,-1,930,959,81.33,80.62,81.34,80.61,eod,0.7099999999999937,0.008728792721907963,87.28792721907963,,
2009-03-27,-1,930,959,81.78999999999999,81.63000000000001,81.8,81.62,eod,0.15999999999998238,0.0019559902200486845,19.559902200486846,,
2009-03-30,-1,930,959,78.42,78.81,78.43,78.8,eod,-0.39000000000000057,-0.004972587020272861,-49.725870202728615,,
2009-04-02,1,930,959,83.91000000000001,83.39999999999999,83.9,83.41,eod,-0.5100000000000193,-0.006078665077473413,-60.78665077473413,,
2009-04-06,-1,930,959,83.08999999999999,83.52000000000001,83.1,83.51,eod,-0.43000000000002103,-0.005174488567990626,-51.74488567990626,,
2009-04-07,-1,930,959,81.86,81.57000000000001,81.87,81.56,eod,0.28999999999999204,0.0035422010504457314,35.42201050445731,,
2009-04-09,1,930,959,85.35000000000001,85.80999999999999,85.34,85.82,eod,0.45999999999997954,0.005390203890320829,53.902038903208286,,
2009-04-14,-1,930,959,84.61,84.32000000000001,84.62,84.31,eod,0.28999999999999204,0.003427085795320161,34.27085795320161,,
2009-04-20,-1,930,959,83.52,83.42,83.53,83.41,eod,0.09999999999999432,0.0011971746677839617,11.971746677839617,,
2009-04-24,1,930,959,87.03,86.64,87.02,86.65,eod,-0.39000000000000057,-0.004481728338313038,-44.81728338313038,,
2009-04-29,1,930,959,87.27000000000001,87.42999999999999,87.26,87.44,eod,0.15999999999998238,0.0018336007334400913,18.336007334400914,,
2009-05-04,1,930,959,90.21000000000001,90.92,90.2,90.93,eod,0.7099999999999937,0.00787139689578707,78.7139689578707,,
2009-05-06,1,930,959,91.55000000000001,92.13,91.54,92.14,eod,0.5799999999999841,0.006336027965916365,63.36027965916365,,
2009-05-08,1,930,959,92.76,93.02,92.75,93.03,eod,0.2599999999999909,0.002803234501347611,28.03234501347611,,
2009-05-11,-1,930,959,91.44999999999999,91.2,91.46,91.19,eod,0.2499999999999858,0.002733435381587424,27.33435381587424,,
2009-05-13,-1,930,959,88.7299,88.71000000000001,88.7399,88.7,eod,0.0198999999999927,0.00022425087249357617,2.2425087249357616,,
2009-05-18,1,930,959,90.66000000000001,91.24,90.65,91.25,eod,0.5799999999999841,0.006398234969663365,63.982349696633655,,
2009-05-21,-1,930,959,88.50999999999999,89.21000000000001,88.52,89.2,eod,-0.700000000000017,-0.007907817442386094,-79.07817442386094,,
2009-06-01,1,930,959,94.84,94.75999999999999,94.83,94.77,eod,-0.0800000000000125,-0.0008436148898029369,-8.43614889802937,,
2009-06-03,-1,930,959,92.85,93.66000000000001,92.86,93.65,eod,-0.8100000000000165,-0.008722808528968517,-87.22808528968517,,
2009-06-11,1,930,959,95.5,94.86999999999999,95.49,94.88,eod,-0.6300000000000097,-0.006597549481621214,-65.97549481621213,,
2009-06-15,-1,930,959,92.72999999999999,92.87,92.74,92.86,eod,-0.14000000000001478,-0.0015095967220187059,-15.09596722018706,,
2009-06-18,1,930,959,92.42,92.17,92.41,92.18,eod,-0.25,-0.0027053349204631534,-27.053349204631534,,
2009-06-22,-1,930,959,89.75999999999999,89.27000000000001,89.77,89.26,eod,0.4899999999999807,0.005458393672718956,54.58393672718956,,
2009-06-24,1,930,959,89.96000000000001,90.1,89.95,90.11,eod,0.13999999999998636,0.0015564202334628833,15.564202334628833,,
2009-07-01,1,930,959,92.51,92.33,92.5,92.34,eod,-0.18000000000000682,-0.0019459459459460198,-19.4594594594602,,
2009-07-02,-1,930,959,89.86999999999999,89.83,89.88,89.82,eod,0.03999999999999204,0.00044503782821530977,4.450378282153098,,
2009-07-15,1,930,959,93.16000000000001,93.32,93.15,93.33,eod,0.15999999999998238,0.0017176596886739923,17.176596886739922,,
2009-07-20,1,930,959,95.10000000000001,95.11999999999999,95.09,95.13,eod,0.01999999999998181,0.00021032705857589452,2.103270585758945,,
2009-07-23,1,930,959,97.97,97.67,97.96,97.68,eod,-0.29999999999999716,-0.0030624744793793096,-30.624744793793095,,
2009-07-29,-1,930,959,97.3299,97.6683,97.3399,97.6583,eod,-0.33840000000000714,-0.0034764777855741287,-34.764777855741286,,
2009-07-30,1,930,959,99.52000000000001,98.69999999999999,99.51,98.71,eod,-0.8200000000000216,-0.008240377851472431,-82.40377851472431,,
2009-08-03,1,930,959,100.36,100.38,100.35,100.39,eod,0.01999999999999602,0.00019930244145486818,1.9930244145486817,,
2009-08-07,1,930,959,101.51,101.17999999999999,101.5,101.19,eod,-0.3300000000000125,-0.003251231527093719,-32.512315270937194,,
2009-08-11,-1,930,959,99.97999999999999,99.67,99.99,99.66,eod,0.30999999999998806,0.0031003100310029812,31.00310031002981,,
2009-08-12,1,930,959,101.42,100.77,101.41,100.78,eod,-0.6500000000000057,-0.006409624297406624,-64.09624297406624,,
2009-08-14,-1,930,959,99.99,100.74000000000001,100.0,100.73,eod,-0.7500000000000142,-0.007500000000000142,-75.00000000000142,,
2009-08-17,-1,930,959,98.35,98.24000000000001,98.36,98.23,eod,0.10999999999998522,0.0011183407889384426,11.183407889384426,,
2009-08-20,1,930,959,101.04,101.00999999999999,101.03,101.02,eod,-0.030000000000015348,-0.00029694150252415467,-2.9694150252415468,,
2009-08-21,1,930,959,103.04,102.91,103.03,102.92,eod,-0.13000000000000966,-0.001261768416966026,-12.617684169660262,,
2009-08-31,-1,930,959,102.14999999999999,102.49000000000001,102.16,102.48,eod,-0.3400000000000176,-0.00332811276429148,-33.281127642914804,,
2009-09-08,1,930,959,102.92,102.89,102.91,102.9,eod,-0.030000000000001137,-0.00029151685939171254,-2.9151685939171252,,
2009-09-22,1,930,959,107.21000000000001,107.08999999999999,107.2,107.1,eod,-0.12000000000001876,-0.001119402985074802,-11.19402985074802,,
2009-09-28,1,930,959,106.28,106.3,106.27,106.31,eod,0.01999999999999602,0.0001881998682600548,1.881998682600548,,
2009-09-30,-1,930,959,105.28999999999999,105.60000000000001,105.3,105.59,eod,-0.3100000000000165,-0.002943969610636434,-29.43969610636434,,
2009-10-01,-1,930,959,103.47,103.0,103.48,102.99,eod,0.46999999999999886,0.004541940471588702,45.41940471588702,,
2009-10-05,1,930,959,104.17,104.02,104.16,104.03,eod,-0.15000000000000568,-0.0014400921658986722,-14.400921658986721,,
2009-10-06,1,930,959,105.59,105.50999999999999,105.58,105.52,eod,-0.0800000000000125,-0.0007577192650124314,-7.577192650124314,,
2009-10-08,1,930,959,106.76,106.6,106.75,106.61,eod,-0.1600000000000108,-0.0014988290398127476,-14.988290398127477,,
2009-10-12,1,930,959,107.65,107.72999999999999,107.64,107.74,eod,0.07999999999998408,0.0007432181345223345,7.432181345223345,,
2009-10-14,1,930,959,109.36,109.3107,109.35,109.3207,eod,-0.04930000000000234,-0.00045084590763605254,-4.508459076360525,,
2009-10-16,-1,930,959,109.00999999999999,108.9,109.02,108.89,eod,0.10999999999998522,0.0010089891762977915,10.089891762977915,,
2009-10-28,-1,930,959,104.69999999999999,104.43,104.71,104.42,eod,0.2699999999999818,0.0025785502817303203,25.785502817303204,,
2009-10-29,1,930,959,106.66000000000001,106.63,106.65,106.64,eod,-0.030000000000015348,-0.000281293952180172,-2.81293952180172,,
2009-10-30,-1,930,959,103.80999999999999,103.64,103.82,103.63,eod,0.1699999999999875,0.0016374494317086064,16.374494317086064,,
2009-11-04,1,930,959,105.79,104.83,105.78,104.84,eod,-0.960000000000008,-0.009075439591605294,-90.75439591605294,,
2009-11-05,1,930,959,106.69000000000001,106.85,106.68,106.86,eod,0.15999999999998238,0.0014998125234344053,14.998125234344053,,
2009-11-09,1,930,959,109.34,109.57,109.33,109.58,eod,0.22999999999998977,0.002103722674471689,21.037226744716893,,
2009-11-16,1,930,959,110.9,111.19999999999999,110.89,111.21,eod,0.29999999999998295,0.0027053837135898903,27.053837135898902,,
2009-11-19,-1,930,959,109.64,109.81,109.65,109.8,eod,-0.1700000000000017,-0.0015503875968992402,-15.503875968992402,,
2009-11-23,1,930,959,110.87,110.89999999999999,110.86,110.91,eod,0.029999999999986926,0.0002706115821755992,2.706115821755992,,
2009-12-01,1,930,959,111.375,111.24,111.365,111.25,eod,-0.13500000000000512,-0.0012122300543259113,-12.122300543259113,,
2009-12-04,1,930,959,111.03,111.01899999999999,111.02,111.029,eod,-0.01100000000000989,-9.908124662231932e-05,-0.9908124662231932,,
2009-12-08,-1,930,959,109.69999999999999,109.65,109.71,109.64,eod,0.04999999999998295,0.00045574696928249887,4.557469692824989,,
2009-12-10,1,930,959,110.54830000000001,110.64,110.5383,110.65,eod,0.09169999999998879,0.0008295767168482669,8.29576716848267,,
2009-12-11,1,930,959,111.23,111.19,111.22,111.2,eod,-0.04000000000000625,-0.0003596475454055588,-3.596475454055588,,
2009-12-14,1,930,959,111.81,111.86999999999999,111.8,111.88,eod,0.05999999999998806,0.0005366726296957788,5.366726296957788,,
2009-12-15,-1,930,959,111.28999999999999,111.32000000000001,111.3,111.31,eod,-0.030000000000015348,-0.0002695417789758791,-2.695417789758791,,
2009-12-17,-1,930,959,110.27,110.17,110.28,110.16,eod,0.09999999999999432,0.0009067827348566768,9.067827348566768,,
2009-12-21,1,930,959,111.24000000000001,111.33,111.23,111.34,eod,0.0899999999999892,0.0008091342263776786,8.091342263776786,,
2010-01-04,1,930,959,113.26,113.30999999999999,113.25,113.32,eod,0.04999999999998295,0.0004415011037526088,4.415011037526088,,
2010-01-12,-1,930,959,113.55,113.67,113.56,113.66,eod,-0.12000000000000455,-0.001056710109193418,-10.56710109193418,,
2010-01-15,-1,930,959,113.64999999999999,113.67,113.66,113.66,eod,-0.020000000000010232,-0.00017596339961297054,-1.7596339961297054,,
2010-01-19,1,930,959,115.07000000000001,115.05,115.06,115.06,eod,-0.020000000000010232,-0.00017382235355475605,-1.7382235355475604,,
2010-01-20,-1,930,959,113.78,113.9,113.79,113.89,eod,-0.12000000000000455,-0.001054574215660467,-10.545742156604671,,
2010-01-22,-1,930,959,109.69,109.23,109.7,109.22,eod,0.45999999999999375,0.004193254329990827,41.93254329990827,,
2010-01-25,1,930,959,110.10000000000001,109.74,110.09,109.75,eod,-0.36000000000001364,-0.003270051775819908,-32.70051775819908,,
2010-02-01,1,930,959,108.82000000000001,108.99,108.81,109.0,eod,0.1699999999999875,0.0015623564010659636,15.623564010659637,,
2010-02-04,-1,930,959,106.82,106.48,106.83,106.47,eod,0.3399999999999892,0.0031826266030140337,31.82626603014034,,
2010-02-09,1,930,959,107.60000000000001,107.22999999999999,107.59,107.24,eod,-0.37000000000001876,-0.003438981317966528,-34.38981317966528,,
2010-02-12,-1,930,959,107.44,108.03,107.45,108.02,eod,-0.5900000000000034,-0.0054909260120986824,-54.90926012098682,,
2010-02-16,1,930,959,109.51,109.72,109.5,109.73,eod,0.20999999999999375,0.0019178082191780251,19.178082191780252,,
2010-02-24,1,930,959,110.635,110.80999999999999,110.625,110.82,eod,0.17499999999998295,0.001581920903954648,15.81920903954648,,
2010-03-01,1,930,959,111.84,111.88499999999999,111.83,111.895,eod,0.044999999999987494,0.0004023964946793123,4.023964946793122,,
2010-03-05,1,930,959,114.13000000000001,114.25,114.12,114.26,eod,0.11999999999999034,0.0010515247108306197,10.515247108306196,,
2010-03-10,1,930,959,114.80000000000001,114.97,114.79,114.98,eod,0.1699999999999875,0.0014809652408745316,14.809652408745317,,
2010-03-17,1,930,959,116.87,117.08999999999999,116.86,117.1,eod,0.21999999999998465,0.0018825945575901477,18.82594557590148,,
2010-03-19,-1,930,959,115.83999999999999,115.97,115.85,115.96,eod,-0.13000000000000966,-0.0011221406991800576,-11.221406991800576,,
2010-03-24,-1,930,959,116.86,116.83,116.87,116.82,eod,0.030000000000001137,0.0002566954736031585,2.566954736031585,,
2010-03-25,1,930,959,117.27000000000001,116.63,117.26,116.64,eod,-0.6400000000000148,-0.005457956677468998,-54.57956677468999,,
2010-03-29,1,930,959,117.39,117.33,117.38,117.34,eod,-0.060000000000002274,-0.0005111603339581042,-5.111603339581042,,
2010-03-31,-1,930,959,117.07,117.0,117.08,116.99,eod,0.06999999999999318,0.000597881790228845,5.9788179022884504,,
2010-04-01,1,930,959,117.44000000000001,117.8,117.43,117.81,eod,0.3599999999999852,0.003065656135570001,30.65656135570001,,
2010-04-05,1,930,959,118.72,118.77,118.71,118.78,eod,0.04999999999999716,0.00042119450762359665,4.211945076235966,,
2010-04-09,1,930,959,119.345,119.53,119.335,119.54,eod,0.18500000000000227,0.0015502576779654106,15.502576779654106,,
2010-04-14,1,930,959,120.96000000000001,121.16,120.95,121.17,eod,0.19999999999998863,0.0016535758577923823,16.535758577923822,,
2010-04-16,-1,930,959,119.44,119.37,119.45,119.36,eod,0.06999999999999318,0.0005860192549183188,5.860192549183187,,
2010-04-20,1,930,959,120.80000000000001,120.86,120.79,120.87,eod,0.05999999999998806,0.0004967298617434229,4.9672986174342295,,
2010-04-27,-1,930,959,119.28,118.5,119.29,118.49,eod,0.7800000000000011,0.006538687232794041,65.38687232794041,,
2010-04-28,1,930,959,119.43,119.32,119.42,119.33,eod,-0.11000000000001364,-0.0009211187405795817,-9.211187405795817,,
2010-04-29,1,930,959,120.87,120.83,120.86,120.84,eod,-0.04000000000000625,-0.0003309614429919432,-3.309614429919432,,
2010-05-03,1,930,959,120.29,120.38,120.28,120.39,eod,0.0899999999999892,0.0007482540738276454,7.482540738276454,,
2010-05-04,-1,930,959,117.5,117.56,117.51,117.55,eod,-0.060000000000002274,-0.0005105948429921051,-5.105948429921051,,
2010-05-05,-1,930,959,116.67,116.84,116.68,116.83,eod,-0.1700000000000017,-0.0014569763455605218,-14.569763455605218,,
2010-05-10,1,930,959,115.52000000000001,116.14999999999999,115.51,116.16,eod,0.6299999999999812,0.005454073240411923,54.54073240411923,,
2010-05-12,1,930,959,117.36,117.44,117.35,117.45,eod,0.0799999999999983,0.0006817213463996447,6.817213463996447,,
2010-05-14,-1,930,959,113.17,113.91000000000001,113.18,113.9,eod,-0.7400000000000091,-0.006538257642693135,-65.38257642693135,,
2010-05-20,-1,930,959,109.08,107.548,109.09,107.538,eod,1.5319999999999965,0.014043450362086318,140.43450362086318,,
2010-05-27,1,930,959,109.985,110.77,109.975,110.78,eod,0.7849999999999966,0.007137985905887671,71.3798590588767,,
2010-06-01,-1,930,959,108.52,107.53,108.53,107.52,eod,0.9899999999999949,0.009121901778310097,91.21901778310097,,
2010-06-04,-1,930,959,106.89999999999999,107.02000000000001,106.91,107.01,eod,-0.12000000000001876,-0.0011224394350389931,-11.22439435038993,,
2010-06-10,1,930,959,108.99000000000001,109.17999999999999,108.98,109.19,eod,0.18999999999998352,0.0017434391631490503,17.434391631490502,,
2010-06-15,1,930,959,111.83,111.97,111.82,111.98,eod,0.14000000000000057,0.0012520121624038686,12.520121624038687,,
2010-06-24,-1,930,959,107.53999999999999,107.45,107.55,107.44,eod,0.0899999999999892,0.0008368200836819079,8.36820083681908,,
2010-06-29,-1,930,959,103.94,104.23,103.95,104.22,eod,-0.29000000000000625,-0.00278980278980285,-27.8980278980285,,
2010-07-07,1,930,959,105.65,106.11999999999999,105.64,106.13,eod,0.46999999999998465,0.004449072321090351,44.490723210903504,,
2010-07-08,1,930,959,106.77000000000001,107.14,106.76,107.15,eod,0.36999999999999034,0.003465717497189868,34.65717497189868,,
2010-07-13,1,930,959,109.95,109.64999999999999,109.94,109.66,eod,-0.30000000000001137,-0.002728761142441435,-27.28761142441435,,
2010-07-16,-1,930,959,106.58999999999999,106.67,106.6,106.66,eod,-0.0800000000000125,-0.0007504690431520873,-7.504690431520873,,
2010-07-22,1,930,959,109.76,109.44999999999999,109.75,109.46,eod,-0.3100000000000165,-0.002824601366742747,-28.246013667427473,,
2010-08-02,1,930,959,112.86,112.72999999999999,112.85,112.74,eod,-0.13000000000000966,-0.0011519716437750082,-11.519716437750082,,
2010-08-10,-1,930,959,112.5,112.43,112.51,112.42,eod,0.06999999999999318,0.000622166918496073,6.22166918496073,,
2010-08-11,-1,930,959,109.30499999999999,109.3001,109.315,109.2901,eod,0.004899999999992133,4.482458948901919e-05,0.44824589489019195,,
2010-08-12,-1,930,959,108.77499999999999,108.65,108.785,108.64,eod,0.12499999999998579,0.00114905547639827,11.490554763982699,,
2010-08-17,1,930,959,110.10000000000001,109.58999999999999,110.09,109.6,eod,-0.5100000000000193,-0.004632573349078202,-46.32573349078202,,
2010-08-19,-1,930,959,108.08999999999999,107.93,108.1,107.92,eod,0.15999999999998238,0.0014801110083254615,14.801110083254615,,
2010-08-24,-1,930,959,106.11,105.59,106.12,105.58,eod,0.519999999999996,0.0049001130795325665,49.001130795325665,,
2010-09-01,1,930,959,108.21000000000001,108.46,108.2,108.47,eod,0.2499999999999858,0.002310536044362161,23.10536044362161,,
2010-09-03,1,930,959,110.72,110.89999999999999,110.71,110.91,eod,0.1799999999999926,0.001625869388492391,16.25869388492391,,
2010-09-07,-1,930,959,109.78,109.68,109.79,109.67,eod,0.09999999999999432,0.0009108297659166984,9.108297659166984,,
2010-09-08,1,930,959,110.38000000000001,110.38,110.37,110.39,eod,-1.4210854715202004e-14,-1.2875649828034795e-16,-1.2875649828034794e-12,,
2010-09-09,1,930,959,111.14,110.92,111.13,110.93,eod,-0.21999999999999886,-0.0019796634572122637,-19.796634572122638,,
2010-09-13,1,930,959,112.62,112.72999999999999,112.61,112.74,eod,0.10999999999998522,0.0009768226622856337,9.768226622856337,,
2010-09-17,-1,930,959,112.33999999999999,112.5,112.35,112.49,eod,-0.1600000000000108,-0.0014241210502893707,-14.241210502893708,,
2010-09-20,1,930,959,114.21000000000001,114.21,114.2,114.22,eod,-1.4210854715202004e-14,-1.24438307488634e-16,-1.2443830748863402e-12,,
2010-09-23,-1,930,959,112.42,112.5,112.43,112.49,eod,-0.0799999999999983,-0.0007115538557324405,-7.115538557324405,,
2010-09-24,1,930,959,114.66000000000001,114.78999999999999,114.65,114.8,eod,0.12999999999998124,0.0011338857392061163,11.338857392061163,,
2010-09-29,-1,930,959,114.30999999999999,114.44000000000001,114.32,114.43,eod,-0.13000000000002387,-0.0011371588523445056,-11.371588523445055,,
2010-10-01,1,930,959,114.60000000000001,114.6199,114.59,114.6299,eod,0.0198999999999927,0.00017366262326549175,1.7366262326549176,,
2010-10-05,1,930,959,116.30000000000001,116.02,116.29,116.03,eod,-0.28000000000001535,-0.00240777366927522,-24.0777366927522,,
2010-10-13,1,930,959,118.01,117.88,118.0,117.89,eod,-0.13000000000000966,-0.0011016949152543192,-11.016949152543193,,
2010-10-14,-1,930,959,117.07,117.53,117.08,117.52,eod,-0.46000000000000796,-0.003928937478647147,-39.28937478647147,,
2010-10-19,-1,930,959,116.10249999999999,116.71650000000001,116.1125,116.7065,eod,-0.6140000000000185,-0.005287975024222358,-52.87975024222358,,
2010-10-20,1,930,959,118.32000000000001,117.86,118.31,117.87,eod,-0.46000000000000796,-0.0038880906094160084,-38.88090609416008,,
2010-10-25,1,930,959,119.235,118.67,119.225,118.68,eod,-0.5649999999999977,-0.004738938980918412,-47.389389809184124,,
2010-10-27,-1,930,959,118.00999999999999,118.39,118.02,118.38,eod,-0.38000000000000966,-0.003219793255380526,-32.19793255380526,,
2010-11-02,1,930,959,119.53,119.46,119.52,119.47,eod,-0.07000000000000739,-0.0005856760374833282,-5.856760374833282,,
2010-11-04,1,930,959,122.19500000000001,122.22999999999999,122.185,122.24,eod,0.03499999999998238,0.0002864508736750205,2.864508736750205,,
2010-11-11,-1,930,959,121.57,121.66000000000001,121.58,121.65,eod,-0.09000000000001762,-0.0007402533311401351,-7.402533311401351,,
2010-11-12,-1,930,959,120.11,120.21000000000001,120.12,120.2,eod,-0.10000000000000853,-0.0008325008325009034,-8.325008325009033,,
2010-11-16,-1,930,959,117.80999999999999,118.16000000000001,117.82,118.15,eod,-0.35000000000002274,-0.0029706331692414085,-29.706331692414086,,
2010-11-18,1,930,959,120.14,119.96,120.13,119.97,eod,-0.18000000000000682,-0.0014983767585116693,-14.983767585116693,,
2010-11-23,-1,930,959,118.3899,118.43,118.3999,118.42,eod,-0.04010000000000957,-0.0003386827184821066,-3.386827184821066,,
2010-11-24,1,930,959,120.13000000000001,120.17,120.12,120.18,eod,0.03999999999999204,0.00033300033300026676,3.3300033300026675,,
2010-11-26,-1,931,959,118.78999999999999,118.75,118.8,118.74,eod,0.03999999999999204,0.0003367003367002697,3.367003367002697,,
2010-12-01,1,930,959,121.06,121.0,121.05,121.01,eod,-0.060000000000002274,-0.0004956629491945665,-4.956629491945665,,
2010-12-02,1,930,959,122.54,122.55999999999999,122.53,122.57,eod,0.01999999999998181,0.00016322533257146667,1.6322533257146667,,
2010-12-17,-1,930,959,124.2601,124.35000000000001,124.2701,124.34,eod,-0.0899000000000143,-0.0007234242186979354,-7.234242186979354,,
2010-12-21,1,930,959,125.33,125.35,125.32,125.36,eod,0.01999999999999602,0.0001595914458984681,1.595914458984681,,
2010-12-29,1,930,959,126.16000000000001,125.92,126.15,125.93,eod,-0.2400000000000091,-0.0019024970273484668,-19.02497027348467,,
2011-01-03,1,930,959,127.08,127.03999999999999,127.07,127.05,eod,-0.04000000000000625,-0.0003147871252066283,-3.147871252066283,,
2011-01-11,1,930,959,127.32000000000001,127.42,127.31,127.43,eod,0.09999999999999432,0.000785484251040722,7.85484251040722,,
2011-01-12,1,930,959,128.35,128.59,128.34,128.6,eod,0.2400000000000091,0.0018700327255727683,18.700327255727682,,
2011-01-19,-1,930,959,128.125,128.26999999999998,128.135,128.26,eod,-0.1449999999999818,-0.0011316189955904463,-11.316189955904463,,
2011-01-21,1,930,959,128.51,128.39000000000001,128.5,128.4,eod,-0.11999999999997613,-0.0009338521400776352,-9.338521400776353,,
2011-01-27,1,930,959,130.04999999999998,130.01000000000002,130.04,130.02,eod,-0.03999999999996362,-0.0003075976622574871,-3.0759766225748706,,
2011-02-01,1,930,959,130.84,130.74,130.83,130.75,eod,-0.09999999999999432,-0.0007643506840938187,-7.643506840938187,,
2011-02-07,1,930,959,131.89,131.97,131.88,131.98,eod,0.0800000000000125,0.0006066120715803193,6.066120715803193,,
2011-02-16,1,930,959,133.79999999999998,133.82000000000002,133.79,133.83,eod,0.020000000000038654,0.00014948800358800102,1.4948800358800103,,
2011-02-22,-1,930,959,131.54000000000002,131.84,131.55,131.83,eod,-0.29999999999998295,-0.0022805017103761527,-22.80501710376153,,
2011-02-25,1,930,959,132.26999999999998,132.31,132.26,132.32,eod,0.040000000000020464,0.0003024345985182252,3.024345985182252,,
2011-02-28,1,930,959,132.91,133.13,132.9,133.14,eod,0.21999999999999886,0.0016553799849510825,16.553799849510824,,
2011-03-03,1,930,959,133.48,133.46,133.47,133.47,eod,-0.01999999999998181,-0.00014984640743224552,-1.4984640743224553,,
2011-03-10,-1,930,959,129.94,129.92999999999998,129.95,129.92,eod,0.010000000000019327,7.69526741055739e-05,0.7695267410557389,,
2011-03-14,-1,930,959,129.78,130.07999999999998,129.79,130.07,eod,-0.29999999999998295,-0.0023114261499343784,-23.114261499343783,,
2011-03-15,-1,930,959,129.04500000000002,128.64,129.055,128.63,eod,0.40500000000002956,0.003138196892797873,31.381968927978733,,
2011-03-16,-1,930,959,126.58,126.22,126.59,126.21,eod,0.35999999999999943,0.002843826526581874,28.43826526581874,,
2011-03-17,1,930,959,127.58,127.78999999999999,127.57,127.8,eod,0.20999999999999375,0.0016461550521281944,16.461550521281943,,
2011-03-21,1,930,959,129.53,129.715,129.52,129.725,eod,0.18500000000000227,0.0014283508338480719,14.283508338480718,,
2011-03-30,1,930,959,132.89999999999998,132.75,132.89,132.76,eod,-0.14999999999997726,-0.0011287531040708651,-11.287531040708652,,
2011-04-01,1,930,959,133.01999999999998,133.15,133.01,133.16,eod,0.13000000000002387,0.0009773701225473566,9.773701225473566,,
2011-04-06,1,930,959,133.56,133.61,133.55,133.62,eod,0.05000000000001137,0.0003743916136279398,3.743916136279398,,
2011-04-12,-1,930,959,131.27,131.48,131.28,131.47,eod,-0.20999999999997954,-0.0015996343692868643,-15.996343692868642,,
2011-04-18,-1,930,959,130.63,130.56,130.64,130.55,eod,0.06999999999999318,0.000535823637476984,5.35823637476984,,
2011-04-20,1,930,959,133.13,133.12,133.12,133.13,eod,-0.009999999999990905,-7.512019230762398e-05,-0.7512019230762398,,
2011-04-21,1,930,959,133.6,133.74,133.59,133.75,eod,0.14000000000001478,0.0010479826334307567,10.479826334307567,,
2011-04-26,1,930,959,134.79,134.77,134.78,134.78,eod,-0.01999999999998181,-0.0001483899688379716,-1.483899688379716,,
2011-05-04,-1,930,959,135.01000000000002,134.85,135.02,134.84,eod,0.160000000000025,0.0011850096282034143,11.850096282034142,,
2011-05-05,-1,930,959,133.03,133.64999999999998,133.04,133.64,eod,-0.6199999999999761,-0.00466025255562219,-46.6025255562219,,
2011-05-06,1,930,959,134.04999999999998,134.16,134.04,134.17,eod,0.11000000000001364,0.0008206505520741095,8.206505520741095,,
2011-05-10,1,930,959,136.04,135.88,136.03,135.89,eod,-0.1599999999999966,-0.0011762111298977917,-11.762111298977917,,
2011-05-11,-1,930,959,134.335,134.45999999999998,134.345,134.45,eod,-0.12499999999997158,-0.0009304402843423393,-9.304402843423393,,
2011-05-20,-1,930,959,133.92000000000002,133.63,133.93,133.62,eod,0.29000000000002046,0.0021653102366909613,21.65310236690961,,
2011-05-23,-1,930,959,132.1705,132.04999999999998,132.1805,132.04,eod,0.12050000000002115,0.0009116321999086185,9.116321999086185,,
2011-05-27,1,930,959,133.47,133.51000000000002,133.46,133.52,eod,0.040000000000020464,0.0002997152704931849,2.997152704931849,,
2011-05-31,1,930,959,134.42999999999998,134.88,134.42,134.89,eod,0.45000000000001705,0.003347716113673688,33.477161136736875,,
2011-06-01,-1,930,959,132.24,131.87,132.25,131.86,eod,0.37000000000000455,0.002797731568998144,27.97731568998144,,
2011-06-03,-1,930,959,130.42000000000002,130.44,130.43,130.43,eod,-0.01999999999998181,-0.0001533389557615718,-1.533389557615718,,
2011-06-06,-1,930,959,129.03,129.06,129.04,129.05,eod,-0.030000000000001137,-0.0002324860508369586,-2.324860508369586,,
2011-06-07,1,930,959,129.58499999999998,128.93,129.575,128.94,eod,-0.6549999999999727,-0.0050549874590003685,-50.54987459000368,,
2011-06-08,-1,930,959,128.29000000000002,128.42999999999998,128.3,128.42,eod,-0.13999999999995794,-0.0010911925175366946,-10.911925175366946,,
2011-06-09,1,930,959,129.70999999999998,129.36,129.7,129.37,eod,-0.3499999999999659,-0.0026985350809557896,-26.985350809557897,,
2011-06-10,-1,930,959,128.06,127.54,128.07,127.53,eod,0.519999999999996,0.004060279534629468,40.602795346294684,,
2011-06-13,1,930,959,127.96000000000001,127.67999999999999,127.95,127.69,eod,-0.28000000000001535,-0.0021883548261040667,-21.883548261040666,,
2011-06-14,1,930,959,129.54999999999998,129.3,129.54,129.31,eod,-0.24999999999997158,-0.0019299058205957357,-19.29905820595736,,
2011-06-15,-1,930,959,127.08999999999999,127.04,127.1,127.03,eod,0.04999999999998295,0.0003933910306843662,3.933910306843662,,
2011-06-21,1,930,959,129.41,129.44,129.4,129.45,eod,0.030000000000001137,0.0002318392581143828,2.318392581143828,,
2011-06-23,-1,930,959,127.72999999999999,128.32,127.74,128.31,eod,-0.5900000000000034,-0.004618756849851287,-46.187568498512874,,
2011-06-24,-1,930,959,126.78,126.81,126.79,126.8,eod,-0.030000000000001137,-0.00023661172016721456,-2.3661172016721457,,
2011-06-28,1,930,959,129.41,129.59,129.4,129.6,eod,0.18000000000000682,0.0013910355486862968,13.910355486862969,,
2011-06-29,1,930,959,130.67,130.73000000000002,130.66,130.74,eod,0.060000000000030695,0.00045920710240341875,4.592071024034188,,
2011-06-30,1,930,959,131.89,131.96,131.88,131.97,eod,0.0700000000000216,0.0005307855626328602,5.307855626328602,,
2011-07-07,1,930,959,135.52009999999999,135.39000000000001,135.5101,135.4,eod,-0.13009999999997035,-0.0009600760386124013,-9.600760386124012,,
2011-07-08,-1,930,959,134.0,134.42,134.01,134.41,eod,-0.4199999999999875,-0.0031340944705618053,-31.340944705618053,,
2011-07-11,-1,930,959,131.96,132.0,131.97,131.99,eod,-0.03999999999999204,-0.00030309918920960857,-3.0309918920960857,,
2011-07-13,1,930,959,131.97,131.83,131.96,131.84,eod,-0.13999999999998636,-0.0010609275538040796,-10.609275538040796,,
2011-07-18,-1,930,959,130.33,130.60999999999999,130.34,130.6,eod,-0.2799999999999727,-0.002148227712137277,-21.48227712137277,,
2011-07-19,1,930,959,132.67999999999998,132.71,132.67,132.72,eod,0.03000000000002956,0.00022612497173460136,2.2612497173460135,,
2011-07-21,1,930,959,134.64999999999998,134.48000000000002,134.64,134.49,eod,-0.16999999999995907,-0.0012626262626259587,-12.626262626259587,,
2011-07-25,-1,930,959,133.92000000000002,133.85,133.93,133.84,eod,0.0700000000000216,0.000522661091615184,5.22661091615184,,
2011-07-27,-1,930,959,130.75,130.62,130.76,130.61,eod,0.12999999999999545,0.0009941878250229082,9.941878250229081,,
2011-07-29,-1,930,959,129.64000000000001,129.32999999999998,129.65,129.32,eod,0.3100000000000307,0.0023910528345548066,23.910528345548066,,
2011-08-04,-1,930,959,121.14099999999999,120.21000000000001,121.151,120.2,eod,0.9309999999999832,0.007684624972142064,76.84624972142063,,
2011-08-05,-1,930,959,119.16,120.04,119.17,120.03,eod,-0.8800000000000097,-0.0073844088277251795,-73.8440882772518,,
2011-08-08,-1,930,959,114.03999999999999,112.29,114.05,112.28,eod,1.7499999999999858,0.015344147303813992,153.44147303813992,,
2011-08-09,1,930,959,114.49000000000001,117.46,114.48,117.47,eod,2.9699999999999847,0.02594339622641496,259.4339622641496,,
2011-08-10,-1,930,959,113.83,112.26,113.84,112.25,eod,1.5699999999999932,0.013791286015460235,137.91286015460236,,
2011-08-11,1,930,959,118.21000000000001,117.32,118.2,117.33,eod,-0.8900000000000148,-0.00752961082910334,-75.29610829103339,,
2011-08-15,1,930,959,120.22,120.66,120.21,120.67,eod,0.4399999999999977,0.0036602612095499357,36.60261209549936,,
2011-08-18,-1,930,959,114.11999999999999,114.415,114.13,114.405,eod,-0.2950000000000159,-0.002584771751511574,-25.84771751511574,,
2011-08-29,1,930,959,121.19000000000001,121.33999999999999,121.18,121.35,eod,0.14999999999997726,0.0012378280244262853,12.378280244262852,,
2011-09-02,-1,930,959,117.72999999999999,117.83,117.74,117.82,eod,-0.10000000000000853,-0.0008493290300663201,-8.493290300663201,,
2011-09-06,-1,930,959,115.97,117.03,115.98,117.02,eod,-1.0600000000000023,-0.009139506811519246,-91.39506811519246,,
2011-09-07,1,930,959,120.08,120.2799,120.07,120.2899,eod,0.19989999999999952,0.0016648621637378156,16.648621637378156,,
2011-09-09,-1,930,959,115.38,115.9,115.39,115.89,eod,-0.5200000000000102,-0.004506456365369705,-45.06456365369705,,
2011-09-15,1,930,959,120.965,121.42999999999999,120.955,121.44,eod,0.4649999999999892,0.003844404943987344,38.44404943987344,,
2011-09-19,-1,930,959,120.53999999999999,120.33,120.55,120.32,eod,0.20999999999999375,0.0017420157610949295,17.420157610949296,,
2011-09-22,-1,930,959,111.78,112.91000000000001,111.79,112.9,eod,-1.1300000000000097,-0.010108238661776632,-101.08238661776632,,
2011-09-27,1,930,959,117.985,117.53999999999999,117.975,117.55,eod,-0.4450000000000074,-0.003771985590167471,-37.71985590167471,,
2011-09-30,-1,930,959,113.92,113.16000000000001,113.93,113.15,eod,0.7599999999999909,0.006670762749056358,66.70762749056358,,
2011-10-03,-1,930,959,110.35,109.93,110.36,109.92,eod,0.4199999999999875,0.0038057267125769074,38.05726712576907,,
2011-10-10,1,930,959,118.4,119.58,118.39,119.59,eod,1.1799999999999926,0.009967058028549646,99.67058028549646,,
2011-10-12,1,930,959,121.39,120.69999999999999,121.38,120.71,eod,-0.6900000000000119,-0.005684626791893327,-56.84626791893327,,
2011-10-14,1,930,959,122.215,122.57,122.205,122.58,eod,0.35499999999998977,0.0029049547890838325,29.049547890838326,,
2011-10-17,-1,930,959,120.49,120.22,120.5,120.21,eod,0.269999999999996,0.002240663900414905,22.40663900414905,,
2011-10-21,1,930,959,123.48,123.94,123.47,123.95,eod,0.45999999999999375,0.0037256013606543595,37.2560136065436,,
2011-10-25,-1,930,959,123.52,123.07000000000001,123.53,123.06,eod,0.44999999999998863,0.0036428397960008795,36.428397960008795,,
2011-10-26,1,930,959,124.41000000000001,124.3,124.4,124.31,eod,-0.11000000000001364,-0.0008842443729904633,-8.842443729904634,,
2011-10-27,1,930,959,129.10999999999999,128.59,129.1,128.6,eod,-0.5199999999999818,-0.004027885360185762,-40.27885360185761,,
2011-10-31,-1,930,959,126.03999999999999,125.38000000000001,126.05,125.37,eod,0.6599999999999824,0.005236017453391371,52.360174533913714,,
2011-11-01,-1,930,959,122.49,122.02000000000001,122.5,122.01,eod,0.46999999999998465,0.0038367346938774256,38.367346938774254,,
2011-11-02,1,930,959,123.97,123.97999999999999,123.96,123.99,eod,0.009999999999990905,8.067118425291147e-05,0.8067118425291148,,
2011-11-04,-1,930,959,125.14,125.48,125.15,125.47,eod,-0.3400000000000034,-0.0027167399121055006,-27.167399121055006,,
2011-11-08,1,930,959,127.7,127.86,127.69,127.87,eod,0.1599999999999966,0.0012530346933980468,12.530346933980468,,
2011-11-09,-1,930,959,123.6,123.18,123.61,123.17,eod,0.4199999999999875,0.0033977833508614798,33.9778335086148,,
2011-11-10,1,930,959,124.36,124.24,124.35,124.25,eod,-0.12000000000000455,-0.0009650180940893008,-9.650180940893009,,
2011-11-11,1,930,959,126.65,126.67999999999999,126.64,126.69,eod,0.029999999999986926,0.00023689197725826694,2.3689197725826694,,
2011-11-14,-1,930,959,125.30999999999999,125.49000000000001,125.32,125.48,eod,-0.18000000000002103,-0.0014363230130866665,-14.363230130866665,,
2011-11-16,-1,930,959,124.795,124.10000000000001,124.805,124.09,eod,0.6949999999999932,0.005568687151956998,55.68687151956998,,
2011-11-21,-1,930,959,120.03999999999999,119.67,120.05,119.66,eod,0.36999999999999034,0.0030820491461890074,30.820491461890075,,
2011-11-23,-1,930,959,117.05999999999999,116.64,117.07,116.63,eod,0.4199999999999875,0.003587597164089754,35.87597164089754,,
2011-11-28,1,930,959,119.04,119.69999999999999,119.03,119.71,eod,0.6599999999999824,0.005544820633453603,55.448206334536025,,
2011-11-30,1,930,959,124.35000000000001,125.07969999999999,124.34,125.0897,eod,0.7296999999999798,0.005868586134791538,58.68586134791538,,
2011-12-05,1,930,959,125.56,126.19999999999999,125.55,126.21,eod,0.6399999999999864,0.00509757068896843,50.975706889684304,,
2011-12-08,-1,930,959,124.75999999999999,123.98,124.77,123.97,eod,0.7799999999999869,0.006251502765087657,62.515027650876576,,
2011-12-09,1,930,959,126.22,126.02,126.21,126.03,eod,-0.20000000000000284,-0.001584660486490792,-15.84660486490792,,
2011-12-12,-1,930,959,123.83,124.2,123.84,124.19,eod,-0.37000000000000455,-0.002987726098191251,-29.87726098191251,,
2011-12-14,-1,930,959,121.94999999999999,121.75,121.96,121.74,eod,0.19999999999998863,0.0016398819285010548,16.39881928501055,,
2011-12-15,1,930,959,122.39,122.17899999999999,122.38,122.189,eod,-0.21100000000001273,-0.0017241379310345868,-17.241379310345867,,
2011-12-20,1,930,959,123.99000000000001,123.92,123.98,123.93,eod,-0.07000000000000739,-0.0005646071947088836,-5.646071947088836,,
2011-12-22,1,930,959,125.35000000000001,125.3,125.34,125.31,eod,-0.05000000000001137,-0.00039891495133246663,-3.989149513324666,,
2011-12-28,-1,930,959,124.77,124.97,124.78,124.96,eod,-0.20000000000000284,-0.0016028209648982436,-16.028209648982436,,
2012-01-03,1,930,959,127.78200000000001,127.58,127.772,127.59,eod,-0.2020000000000124,-0.0015809410512476316,-15.809410512476315,,
2012-01-10,1,930,959,129.17,129.15,129.16,129.16,eod,-0.01999999999998181,-0.00015484670176511159,-1.548467017651116,,
2012-01-13,-1,930,959,128.78,128.95999999999998,128.79,128.95,eod,-0.1799999999999784,-0.0013976240391333054,-13.976240391333054,,
2012-01-18,1,930,959,130.73999999999998,130.77,130.73,130.78,eod,0.03000000000002956,0.00022948060888877504,2.2948060888877504,,
2012-01-19,1,930,959,131.42999999999998,131.47,131.42,131.48,eod,0.040000000000020464,0.0003043676761529483,3.043676761529483,,
2012-01-30,-1,930,959,131.3,131.37,131.31,131.36,eod,-0.06999999999999318,-0.0005330896352143263,-5.330896352143263,,
2012-02-01,1,930,959,132.68099999999998,132.44,132.671,132.45,eod,-0.24099999999998545,-0.001816523580887952,-18.16523580887952,,
2012-02-03,1,930,959,134.41,134.54000000000002,134.4,134.55,eod,0.13000000000002387,0.0009672619047620824,9.672619047620824,,
2012-02-10,-1,930,959,134.11,134.38,134.12,134.37,eod,-0.2699999999999818,-0.0020131225767967627,-20.131225767967628,,
2012-02-13,1,930,959,135.39999999999998,135.32000000000002,135.39,135.33,eod,-0.07999999999995566,-0.0005908855897773518,-5.908855897773519,,
2012-02-14,-1,930,959,134.31,135.23999999999998,134.32,135.23,eod,-0.9299999999999784,-0.006923764145324437,-69.23764145324436,,
2012-02-17,1,930,959,136.53,136.39000000000001,136.52,136.4,eod,-0.13999999999998636,-0.0010254907705829648,-10.254907705829648,,
2012-02-28,1,930,959,137.51999999999998,137.55,137.51,137.56,eod,0.03000000000002956,0.00021816595156737373,2.1816595156737373,,
2012-03-01,1,930,959,137.59,137.72,137.58,137.73,eod,0.12999999999999545,0.0009449047826718669,9.449047826718669,,
2012-03-05,-1,930,959,136.91500000000002,136.79999999999998,136.925,136.79,eod,0.11500000000003752,0.000839875844440661,8.39875844440661,,
2012-03-06,-1,930,959,134.57500000000002,134.70999999999998,134.585,134.7,eod,-0.13499999999996248,-0.0010030835531445739,-10.030835531445739,,
2012-03-07,1,930,959,135.78,135.71,135.77,135.72,eod,-0.06999999999999318,-0.0005155778154230918,-5.1557781542309185,,
2012-03-08,1,930,959,137.22,137.01000000000002,137.21,137.02,eod,-0.20999999999997954,-0.0015305006923692116,-15.305006923692115,,
2012-03-13,1,930,959,139.60999999999999,140.05,139.6,140.06,eod,0.44000000000002615,0.0031518624641835684,31.518624641835682,,
2012-03-16,-1,930,959,140.26000000000002,140.31,140.27,140.3,eod,-0.04999999999998295,-0.0003564554074284091,-3.5645540742840907,,
2012-03-20,-1,930,959,140.52,140.42999999999998,140.53,140.42,eod,0.09000000000003183,0.0006404326478334294,6.404326478334294,,
2012-03-22,-1,930,959,138.99,139.17999999999998,139.0,139.17,eod,-0.1899999999999693,-0.0013669064748199232,-13.669064748199231,,
2012-03-26,1,930,959,141.39,141.55,141.38,141.56,eod,0.160000000000025,0.001131701796576779,11.317017965767791,,
2012-03-29,-1,930,959,140.0,140.23,140.01,140.22,eod,-0.22999999999998977,-0.00164273980429962,-16.4273980429962,,
2012-03-30,1,930,959,140.84,140.71,140.83,140.72,eod,-0.12999999999999545,-0.0009230987715685255,-9.230987715685254,,
2012-04-04,-1,930,959,139.96,139.89,139.97,139.88,eod,0.0700000000000216,0.0005001071658214017,5.001071658214017,,
2012-04-09,-1,930,959,138.47,138.26,138.48,138.25,eod,0.21000000000000796,0.0015164644714038705,15.164644714038705,,
2012-04-11,1,930,959,136.89999999999998,136.93,136.89,136.94,eod,0.03000000000002956,0.00021915406530812742,2.191540653081274,,
2012-04-12,1,930,959,138.67,138.82000000000002,138.66,138.83,eod,0.1500000000000341,0.00108178277801842,10.8178277801842,,
2012-04-13,-1,930,959,137.64000000000001,137.14,137.65,137.13,eod,0.5000000000000284,0.003632401017072491,36.32401017072491,,
2012-04-17,1,930,959,139.35,139.08,139.34,139.09,eod,-0.2699999999999818,-0.001937706329840547,-19.37706329840547,,
2012-04-23,-1,930,959,136.76000000000002,136.78,136.77,136.77,eod,-0.01999999999998181,-0.00014623089858873883,-1.4623089858873883,,
2012-04-25,1,930,959,138.9715,139.18,138.9615,139.19,eod,0.208500000000015,0.001500415582733455,15.00415582733455,,
2012-04-30,-1,930,959,139.67000000000002,139.82999999999998,139.68,139.82,eod,-0.15999999999996817,-0.0011454753722792681,-11.454753722792681,,
2012-05-02,-1,930,959,140.18,140.35,140.19,140.34,eod,-0.1699999999999875,-0.0012126399885868287,-12.126399885868286,,
2012-05-04,-1,930,959,137.12,137.01,137.13,137.0,eod,0.11000000000001364,0.0008021585356961544,8.021585356961545,,
2012-05-08,-1,930,959,136.55,136.53,136.56,136.52,eod,0.020000000000010232,0.000146455770357427,1.46455770357427,,
2012-05-09,-1,930,959,135.79000000000002,135.73999999999998,135.8,135.73,eod,0.05000000000003979,0.0003681885125187024,3.681885125187024,,
2012-05-10,1,930,959,136.26999999999998,136.02,136.26,136.03,eod,-0.24999999999997158,-0.001834727726405193,-18.34727726405193,,
2012-05-14,-1,930,959,134.282,134.14999999999998,134.292,134.14,eod,0.13200000000003342,0.000982932713788114,9.82932713788114,,
2012-05-21,1,930,959,131.87,131.94,131.86,131.95,eod,0.06999999999999318,0.0005308660700742695,5.308660700742695,,
2012-05-23,-1,930,959,131.58,132.26999999999998,131.59,132.26,eod,-0.6899999999999693,-0.005243559540998323,-52.43559540998323,,
2012-05-29,1,930,959,133.38,133.679,133.37,133.689,eod,0.2990000000000066,0.0022418834820424876,22.418834820424877,,
2012-05-30,-1,930,959,132.02,131.79999999999998,132.03,131.79,eod,0.22000000000002728,0.0016662879648566787,16.662879648566786,,
2012-06-01,-1,930,959,128.305,128.23,128.315,128.22,eod,0.07500000000001705,0.0005844990842849008,5.8449908428490085,,
2012-06-06,1,930,959,131.35,132.0,131.34,132.01,eod,0.6500000000000057,0.004948987361047706,49.489873610477055,,
2012-06-13,-1,930,959,131.73000000000002,132.1,131.74,132.09,eod,-0.3699999999999761,-0.0028085623197204807,-28.085623197204807,,
2012-06-14,1,930,959,133.0,133.48000000000002,132.99,133.49,eod,0.4800000000000182,0.0036092939318747136,36.092939318747135,,
2012-06-19,1,930,959,135.85999999999999,135.69,135.85,135.7,eod,-0.1699999999999875,-0.001251380198748528,-12.513801987485278,,
2012-06-22,1,930,959,133.37,133.45000000000002,133.36,133.46,eod,0.0800000000000125,0.0005998800239952947,5.9988002399529465,,
2012-06-25,-1,930,959,131.49,131.29,131.5,131.28,eod,0.20000000000001705,0.0015209125475286467,15.209125475286466,,
2012-06-27,1,930,959,133.28,133.17000000000002,133.27,133.18,eod,-0.10999999999998522,-0.0008253920612289728,-8.253920612289729,,
2012-06-28,-1,930,959,131.94,132.79999999999998,131.95,132.79,eod,-0.8599999999999852,-0.006517620310723647,-65.17620310723647,,
2012-06-29,1,930,959,135.67999999999998,136.21,135.67,136.22,eod,0.5300000000000296,0.003906537922901376,39.06537922901376,,
2012-07-06,-1,930,959,135.47,135.53,135.48,135.52,eod,-0.060000000000002274,-0.00044286979627991053,-4.428697962799105,,
2012-07-13,1,930,959,135.7,135.69,135.69,135.7,eod,-0.009999999999990905,-7.369739848176657e-05,-0.7369739848176656,,
2012-07-20,-1,930,959,136.489,136.47,136.499,136.46,eod,0.019000000000005457,0.0001391951589389333,1.391951589389333,,
2012-07-23,-1,930,959,135.399,135.14,135.409,135.13,eod,0.25900000000001455,0.0019127236742019701,19.1272367420197,,
2012-07-24,-1,930,959,133.67000000000002,134.0,133.68,133.99,eod,-0.3299999999999841,-0.002468581687612089,-24.68581687612089,,
2012-07-26,1,930,959,136.14999999999998,136.09900000000002,136.14,136.109,eod,-0.0509999999999593,-0.0003746143675625041,-3.746143675625041,,
2012-07-27,1,930,959,138.97,138.69,138.96,138.7,eod,-0.28000000000000114,-0.0020149683362118676,-20.149683362118676,,
2012-08-02,-1,930,959,136.29000000000002,136.67,136.3,136.66,eod,-0.37999999999996703,-0.002787967718268283,-27.87967718268283,,
2012-08-03,1,930,959,139.34,139.34,139.33,139.35,eod,0.0,0.0,0.0,,
2012-08-06,1,930,959,140.04999999999998,139.62,140.04,139.63,eod,-0.4299999999999784,-0.0030705512710652557,-30.705512710652556,,
2012-08-07,1,930,959,140.51999999999998,140.28,140.51,140.29,eod,-0.23999999999998067,-0.0017080634830259817,-17.080634830259818,,
2012-08-23,-1,930,959,140.749,140.7,140.759,140.69,eod,0.049000000000006594,0.00034811273169038285,3.4811273169038284,,
2012-08-30,-1,930,959,140.73000000000002,140.48,140.74,140.47,eod,0.2500000000000284,0.0017763251385535625,17.763251385535625,,
2012-08-31,1,930,959,141.06,141.15,141.05,141.16,eod,0.09000000000000341,0.0006380716058135655,6.380716058135655,,
2012-09-06,1,930,959,143.48999999999998,143.73000000000002,143.48,143.74,eod,0.24000000000003752,0.0016727069974912011,16.727069974912013,,
2012-09-07,1,930,959,144.16,144.32000000000002,144.15,144.33,eod,0.160000000000025,0.0011099549080820325,11.099549080820326,,
2012-09-11,1,930,959,143.85999999999999,143.87,143.85,143.88,eod,0.010000000000019327,6.951685783816007e-05,0.6951685783816007,,
2012-09-26,-1,930,959,143.35000000000002,143.34,143.36,143.33,eod,0.010000000000019327,6.975446428584909e-05,0.6975446428584909,,
2012-09-27,1,930,959,144.7,144.68,144.69,144.69,eod,-0.01999999999998181,-0.00013822655332076722,-1.382265533207672,,
2012-09-28,-1,930,959,143.93,143.91,143.94,143.9,eod,0.020000000000010232,0.0001389467833820358,1.3894678338203579,,
2012-10-01,1,930,959,144.255,144.32000000000002,144.245,144.33,eod,0.06500000000002615,0.0004506222052759274,4.5062220527592745,,
2012-10-04,1,930,959,146.095,146.19,146.085,146.2,eod,0.09499999999999886,0.000650306328507368,6.50306328507368,,
2012-10-08,-1,930,959,145.72,145.64999999999998,145.73,145.64,eod,0.0700000000000216,0.0004803403554520113,4.803403554520113,,
2012-10-09,-1,930,959,144.3,144.22,144.31,144.21,eod,0.0800000000000125,0.000554362137066125,5.54362137066125,,
2012-10-11,1,930,959,143.74699999999999,143.39000000000001,143.737,143.4,eod,-0.3569999999999709,-0.0024837028739988377,-24.837028739988376,,
2012-10-16,1,930,959,145.35999999999999,145.56,145.35,145.57,eod,0.20000000000001705,0.0013759889920881806,13.759889920881806,,
2012-10-19,-1,930,959,143.45000000000002,143.35999999999999,143.46,143.35,eod,0.09000000000003183,0.0006273525721457677,6.273525721457677,,
2012-10-23,-1,930,959,141.63,141.41,141.64,141.4,eod,0.21999999999999886,0.0015532335498446687,15.532335498446686,,
2012-11-01,1,930,959,142.755,142.87,142.745,142.88,eod,0.1150000000000091,0.0008056324214509026,8.056324214509026,,
2012-11-06,1,930,959,142.95999999999998,142.91,142.95,142.92,eod,-0.04999999999998295,-0.00034977264777882443,-3.497726477788244,,
2012-11-07,-1,930,959,140.53,139.73,140.54,139.72,eod,0.8000000000000114,0.005692329585883104,56.92329585883104,,
2012-11-19,1,930,959,138.79999999999998,139.10000000000002,138.79,139.11,eod,0.3000000000000398,0.0021615390157795214,21.615390157795215,,
2012-11-29,1,930,959,142.0,142.13,141.99,142.14,eod,0.12999999999999545,0.000915557433622054,9.155574336220539,,
2012-12-11,1,930,959,143.32,143.42000000000002,143.31,143.43,eod,0.10000000000002274,0.0006977880120021125,6.9778801200211245,,
2012-12-14,-1,930,959,142.01000000000002,142.12,142.02,142.11,eod,-0.10999999999998522,-0.0007745387973523815,-7.7453879735238145,,
2012-12-17,1,930,959,143.25,143.76000000000002,143.24,143.77,eod,0.5100000000000193,0.003560457972633477,35.60457972633477,,
2012-12-21,-1,930,959,142.75,142.81,142.76,142.8,eod,-0.060000000000002274,-0.00042028579434016727,-4.202857943401673,,
2012-12-28,-1,930,959,140.705,139.95999999999998,140.715,139.95,eod,0.745000000000033,0.00529438936858212,52.943893685821195,,
2012-12-31,1,930,959,141.6,142.45000000000002,141.59,142.46,eod,0.8500000000000227,0.006003248817007012,60.03248817007012,,
2013-01-02,1,930,959,145.30499999999998,146.08,145.295,146.09,eod,0.7750000000000341,0.00533397570460122,53.339757046012195,,
2013-01-10,1,930,959,146.97,147.06,146.96,147.07,eod,0.09000000000000341,0.0006124115405552763,6.124115405552763,,
2013-01-17,1,930,959,148.2,147.91,148.19,147.92,eod,-0.28999999999999204,-0.0019569471624265606,-19.569471624265606,,
2013-01-25,1,930,959,150.105,150.19,150.095,150.2,eod,0.08500000000000796,0.0005663080049302638,5.663080049302638,,
2013-02-01,1,930,959,151.09,151.21,151.08,151.22,eod,0.12000000000000455,0.0007942811755361698,7.9428117553616975,,
2013-02-04,-1,930,959,149.93,149.54999999999998,149.94,149.54,eod,0.3800000000000239,0.0025343470721623574,25.343470721623575,,
2013-02-05,1,930,959,151.31,151.05,151.3,151.06,eod,-0.2599999999999909,-0.001718440185062729,-17.18440185062729,,
2013-02-08,1,930,959,151.67,151.77,151.66,151.78,eod,0.10000000000002274,0.0006593696426218037,6.593696426218036,,
2013-02-19,1,930,959,153.09,153.21,153.08,153.22,eod,0.12000000000000455,0.0007839038411288512,7.839038411288512,,
2013-02-20,-1,930,959,151.59,151.32,151.6,151.31,eod,0.27000000000001023,0.001781002638522495,17.810026385224948,,
2013-02-21,-1,930,959,150.83,150.42,150.84,150.41,eod,0.410000000000025,0.002718111906656225,27.18111906656225,,
2013-02-22,1,930,959,151.54999999999998,151.83,151.54,151.84,eod,0.28000000000002956,0.0018476969776958531,18.47696977695853,,
2013-02-26,1,930,959,149.95,150.0,149.94,150.01,eod,0.05000000000001137,0.0003334667200214177,3.334667200214177,,
2013-02-27,1,930,959,152.141,151.9,152.131,151.91,eod,-0.24099999999998545,-0.0015841610191215823,-15.841610191215823,,
2013-03-05,1,930,959,154.2301,154.3,154.2201,154.31,eod,0.06990000000001828,0.00045324831199057894,4.532483119905789,,
2013-03-14,1,930,959,156.565,156.72,156.555,156.73,eod,0.15500000000000114,0.0009900673884577376,9.900673884577376,,
2013-03-15,-1,930,959,155.64000000000001,155.85,155.65,155.84,eod,-0.20999999999997954,-0.0013491808544810763,-13.491808544810764,,
2013-03-18,-1,930,959,154.985,154.95999999999998,154.995,154.95,eod,0.025000000000034106,0.00016129552566233817,1.6129552566233816,,
2013-03-20,1,930,959,155.66,155.64000000000001,155.65,155.65,eod,-0.01999999999998181,-0.0001284934147123791,-1.2849341471237912,,
2013-03-21,-1,930,959,154.73000000000002,154.37,154.74,154.36,eod,0.36000000000001364,0.002326483132997374,23.264831329973738,,
2013-03-22,1,930,959,155.13,155.5,155.12,155.51,eod,0.37000000000000455,0.0023852501289324687,23.852501289324685,,
2013-03-26,1,930,959,156.07,156.13,156.06,156.14,eod,0.060000000000002274,0.0003844675124952087,3.844675124952087,,
2013-04-02,1,930,959,156.67999999999998,156.79000000000002,156.67,156.8,eod,0.11000000000004206,0.0007021127210062046,7.021127210062046,,
2013-04-05,-1,930,959,154.685,155.2,154.695,155.19,eod,-0.5149999999999864,-0.00332913151685566,-33.2913151685566,,
2013-04-10,1,930,959,158.66,158.69,158.65,158.7,eod,0.030000000000001137,0.00018909549322408532,1.8909549322408532,,
2013-04-12,-1,930,959,158.62,158.808,158.63,158.798,eod,-0.18799999999998818,-0.00118514782827957,-11.8514782827957,,
2013-04-15,-1,930,959,155.83,155.10999999999999,155.84,155.1,eod,0.7200000000000273,0.004620123203285596,46.20123203285596,,
2013-04-16,1,930,959,157.1,157.38,157.09,157.39,eod,0.28000000000000114,0.001782417722324789,17.82417722324789,,
2013-04-17,-1,930,959,155.247,155.07,155.257,155.06,eod,0.17700000000002092,0.0011400452153527436,11.400452153527436,,
2013-04-23,1,930,959,157.76999999999998,157.81,157.76,157.82,eod,0.040000000000020464,0.00025354969574049483,2.5354969574049484,,
2013-04-25,1,930,959,158.42999999999998,158.54000000000002,158.42,158.55,eod,0.11000000000004206,0.0006943567731349708,6.943567731349708,,
2013-04-29,1,930,959,159.38,159.32000000000002,159.37,159.33,eod,-0.05999999999997385,-0.0003764823994476617,-3.7648239944766173,,
2013-05-01,-1,930,959,158.25,158.2825,158.26,158.2725,eod,-0.03249999999999886,-0.00020535827119928514,-2.0535827119928514,,
2013-05-02,1,930,959,159.79,159.71,159.78,159.72,eod,-0.07999999999998408,-0.0005006884466139948,-5.006884466139948,,
2013-05-03,1,930,959,161.45999999999998,161.37,161.45,161.38,eod,-0.08999999999997499,-0.0005574481263547538,-5.574481263547538,,
2013-05-07,1,930,959,162.6,162.58,162.59,162.59,eod,-0.01999999999998181,-0.00012300879512873984,-1.2300879512873983,,
2013-05-14,1,930,959,164.98,165.26000000000002,164.97,165.27,eod,0.28000000000002956,0.001697278293023153,16.97278293023153,,
2013-05-17,1,930,959,166.91,166.96,166.9,166.97,eod,0.05000000000001137,0.00029958058717801896,2.9958058717801896,,
2013-05-21,1,930,959,167.35,167.18,167.34,167.19,eod,-0.1699999999999875,-0.001015895781044505,-10.15895781044505,,
2013-05-28,1,930,959,166.29,166.29000000000002,166.28,166.3,eod,2.842170943040401e-14,1.7092680677414005e-16,1.7092680677414004e-12,,
2013-05-29,-1,930,959,165.58,165.23,165.59,165.22,eod,0.35000000000002274,0.0021136542061720074,21.136542061720075,,
2013-05-30,1,930,959,166.19,165.81,166.18,165.82,eod,-0.37999999999999545,-0.0022866770971235735,-22.866770971235734,,
2013-06-05,-1,930,959,161.78,161.26999999999998,161.79,161.26,eod,0.5100000000000193,0.003152234377897394,31.522343778973937,,
2013-06-07,1,930,959,164.38,164.8,164.37,164.81,eod,0.4200000000000159,0.0025552108048915003,25.552108048915002,,
2013-06-11,-1,930,959,163.53,163.13,163.54,163.12,eod,0.4000000000000057,0.0024458847988260103,24.458847988260104,,
2013-06-17,1,930,959,164.03,164.44,164.02,164.45,eod,0.4099999999999966,0.002499695159126915,24.99695159126915,,
2013-06-20,-1,930,959,159.46,159.39,159.47,159.38,eod,0.0700000000000216,0.00043895403524187374,4.389540352418737,,
2013-06-24,-1,930,959,157.56,157.04,157.57,157.03,eod,0.5200000000000102,0.003300120581328998,33.00120581328998,,
2013-06-25,1,930,959,158.905,158.58,158.895,158.59,eod,-0.32499999999998863,-0.0020453758771515063,-20.453758771515062,,
2013-06-26,1,930,959,160.37,160.13,160.36,160.14,eod,-0.2400000000000091,-0.001496632576702476,-14.966325767024761,,
2013-06-27,1,930,959,161.39,161.12,161.38,161.13,eod,-0.2699999999999818,-0.0016730697732059848,-16.73069773205985,,
2013-07-01,1,930,959,161.51999999999998,161.34,161.51,161.35,eod,-0.1799999999999784,-0.0011144820754131533,-11.144820754131533,,
2013-07-05,1,930,959,162.38,162.99,162.37,163.0,eod,0.6100000000000136,0.0037568516351543613,37.568516351543614,,
2013-07-08,1,930,959,163.79999999999998,163.9,163.79,163.91,eod,0.10000000000002274,0.0006105378838758334,6.105378838758334,,
2013-07-09,1,930,959,165.25,165.08,165.24,165.09,eod,-0.1699999999999875,-0.0010288065843620641,-10.288065843620641,,
2013-07-11,1,930,959,167.42999999999998,167.42000000000002,167.42,167.43,eod,-0.009999999999962483,-5.973002030798282e-05,-0.5973002030798282,,
2013-07-17,1,930,959,167.95999999999998,167.95000000000002,167.95,167.96,eod,-0.009999999999962483,-5.954153021710321e-05,-0.5954153021710321,,
2013-07-18,1,930,959,168.89,168.88,168.88,168.89,eod,-0.009999999999990905,-5.921364282325264e-05,-0.5921364282325264,,
2013-07-31,1,930,959,169.45999999999998,168.60000000000002,169.45,168.61,eod,-0.8599999999999568,-0.005075243434641233,-50.75243434641233,,
2013-08-01,1,930,959,170.5,170.65,170.49,170.66,eod,0.15000000000000568,0.0008798169980644358,8.798169980644358,,
2013-08-06,-1,930,959,169.8,169.76,169.81,169.75,eod,0.040000000000020464,0.00023555738766869126,2.3555738766869125,,
2013-08-07,-1,930,959,169.33,169.20999999999998,169.34,169.2,eod,0.12000000000003297,0.0007086335183656133,7.086335183656133,,
2013-08-08,1,930,959,169.98,169.78,169.97,169.79,eod,-0.19999999999998863,-0.0011766782373359337,-11.766782373359337,,
2013-08-15,-1,930,959,166.31,166.35999999999999,166.32,166.35,eod,-0.04999999999998295,-0.00030062530062519813,-3.006253006251981,,
2013-08-22,1,930,959,166.08499999999998,165.98000000000002,166.075,165.99,eod,-0.10499999999996135,-0.0006322444678606735,-6.322444678606735,,
2013-08-27,-1,930,959,163.44500000000002,163.32999999999998,163.455,163.32,eod,0.11500000000003752,0.000703557554067098,7.035575540670981,,
2013-09-03,1,930,959,164.29999999999998,164.37,164.29,164.38,eod,0.0700000000000216,0.00042607584149991846,4.260758414999184,,
2013-09-04,1,930,959,165.75,165.75,165.74,165.76,eod,0.0,0.0,0.0,,
2013-09-09,1,930,959,167.57,167.63,167.56,167.64,eod,0.060000000000002274,0.0003580806875149336,3.580806875149336,,
2013-09-10,1,930,959,168.785,168.88,168.775,168.89,eod,0.09499999999999886,0.000562879573396527,5.62879573396527,,
2013-09-16,1,930,959,170.26,170.3,170.25,170.31,eod,0.040000000000020464,0.00023494860499277806,2.3494860499277808,,
2013-09-17,1,930,959,171.03,171.03,171.02,171.04,eod,0.0,0.0,0.0,,
2013-09-20,-1,930,959,170.69,170.72,170.7,170.71,eod,-0.030000000000001137,-0.00017574692442882917,-1.7574692442882918,,
2013-09-23,-1,930,959,169.81,169.94,169.82,169.93,eod,-0.12999999999999545,-0.0007655164291602607,-7.655164291602606,,
2013-09-27,-1,930,959,168.83,168.95,168.84,168.94,eod,-0.11999999999997613,-0.0007107320540154947,-7.107320540154947,,
2013-09-30,-1,930,959,167.85000000000002,168.01999999999998,167.86,168.01,eod,-0.16999999999995907,-0.0010127487191704937,-10.127487191704937,,
2013-10-02,-1,930,959,168.81,169.16,168.82,169.15,eod,-0.3499999999999943,-0.0020732140741617955,-20.732140741617954,,
2013-10-03,-1,930,959,168.0,167.67999999999998,168.01,167.67,eod,0.3200000000000216,0.0019046485328255557,19.046485328255557,,
2013-10-04,1,930,959,168.85,168.85000000000002,168.84,168.86,eod,2.842170943040401e-14,1.6833516601755513e-16,1.6833516601755512e-12,,
2013-10-07,-1,930,959,167.93,167.45999999999998,167.94,167.45,eod,0.4700000000000273,0.0027986185542457262,27.986185542457264,,
2013-10-10,1,930,959,169.04999999999998,169.15,169.04,169.16,eod,0.10000000000002274,0.0005915759583531871,5.91575958353187,,
2013-10-16,1,930,959,171.69,172.06,171.68,172.07,eod,0.37000000000000455,0.00215517241379313,21.5517241379313,,
2013-10-18,1,930,959,174.26,174.36,174.25,174.37,eod,0.10000000000002274,0.0005738880918222252,5.738880918222252,,
2013-10-22,1,930,959,175.67999999999998,175.42000000000002,175.67,175.43,eod,-0.2599999999999625,-0.0014800478169292566,-14.800478169292566,,
2013-10-23,-1,930,959,174.44,174.63,174.45,174.62,eod,-0.18999999999999773,-0.0010891372886213686,-10.891372886213686,,
2013-11-05,-1,930,959,176.44500000000002,176.32999999999998,176.455,176.32,eod,0.11500000000003752,0.0006517242356410275,6.517242356410275,,
2013-11-06,1,930,959,177.04,177.14000000000001,177.03,177.15,eod,0.10000000000002274,0.0005648760097159958,5.648760097159958,,
2013-11-21,1,930,959,179.98,179.87,179.97,179.88,eod,-0.10999999999998522,-0.0006112129799410191,-6.112129799410192,,
2013-11-27,1,930,959,181.14999999999998,181.13,181.14,181.14,eod,-0.01999999999998181,-0.00011041183614873475,-1.1041183614873475,,
2013-12-05,-1,930,959,178.98000000000002,179.0,178.99,178.99,eod,-0.01999999999998181,-0.00011173808592648645,-1.1173808592648644,,
2013-12-06,1,930,959,180.76,180.92000000000002,180.75,180.93,eod,0.160000000000025,0.0008852005532504841,8.85200553250484,,
2013-12-11,-1,930,959,178.9,178.69,178.91,178.68,eod,0.21000000000000796,0.001173774523503482,11.737745235034819,,
2013-12-16,1,930,959,179.315,179.19,179.305,179.2,eod,-0.125,-0.0006971361646356766,-6.971361646356766,,
2013-12-23,1,930,959,182.44,182.45000000000002,182.43,182.46,eod,0.010000000000019327,5.4815545688863273e-05,0.5481554568886328,,
2014-01-02,-1,930,959,182.98000000000002,182.95999999999998,182.99,182.95,eod,0.020000000000038654,0.00010929558992315784,1.0929558992315784,,
2014-01-03,1,930,959,183.37,182.79000000000002,183.36,182.8,eod,-0.5799999999999841,-0.003163176265270419,-31.63176265270419,,
2014-01-07,1,930,959,183.60999999999999,183.43,183.6,183.44,eod,-0.1799999999999784,-0.0009803921568626276,-9.803921568626276,,
2014-01-13,-1,930,959,181.73000000000002,181.73,181.74,181.72,eod,2.842170943040401e-14,1.563866481259162e-16,1.5638664812591619e-12,,
2014-01-14,1,930,959,183.745,183.67000000000002,183.735,183.68,eod,-0.07499999999998863,-0.00040819658747646677,-4.081965874764668,,
2014-01-15,1,930,959,184.63,184.66,184.62,184.67,eod,0.030000000000001137,0.00016249593760156612,1.6249593760156613,,
2014-01-16,-1,930,959,184.27,184.41,184.28,184.4,eod,-0.13999999999998636,-0.000759713479487662,-7.59713479487662,,
2014-01-17,-1,930,959,183.58,183.62,183.59,183.61,eod,-0.03999999999999204,-0.00021787679067483,-2.1787679067483,,
2014-01-21,1,930,959,183.95,184.18,183.94,184.19,eod,0.2300000000000182,0.0012504077416549864,12.504077416549864,,
2014-01-23,-1,930,959,182.38,182.79,182.39,182.78,eod,-0.4099999999999966,-0.0022479302593343747,-22.479302593343746,,
2014-01-24,-1,930,959,179.35000000000002,178.89999999999998,179.36,178.89,eod,0.4500000000000455,0.002508920606601502,25.08920606601502,,
2014-01-28,1,930,959,179.1001,179.06,179.0901,179.07,eod,-0.04009999999999536,-0.00022390964101307308,-2.2390964101307307,,
2014-01-29,-1,930,959,177.17000000000002,177.32999999999998,177.18,177.32,eod,-0.15999999999996817,-0.0009030364600968967,-9.030364600968968,,
2014-01-30,1,930,959,179.59,179.31,179.58,179.32,eod,-0.28000000000000114,-0.0015591936741285283,-15.591936741285284,,
2014-01-31,-1,930,959,178.46,178.10999999999999,178.47,178.1,eod,0.35000000000002274,0.0019611139127025425,19.611139127025425,,
2014-02-04,1,930,959,174.958,175.38,174.948,175.39,eod,0.42199999999999704,0.0024121453231817284,24.121453231817284,,
2014-02-06,1,930,959,177.291,177.41,177.281,177.42,eod,0.11899999999999977,0.0006712507262481584,6.712507262481584,,
2014-02-07,1,930,959,179.56,179.68,179.55,179.69,eod,0.12000000000000455,0.0006683375104427989,6.683375104427989,,
2014-02-24,1,930,959,185.265,184.98000000000002,185.255,184.99,eod,-0.28499999999996817,-0.0015384200156539267,-15.384200156539267,,
2014-02-25,-1,930,959,184.52,184.81,184.53,184.8,eod,-0.28999999999999204,-0.0015715601799165017,-15.715601799165016,,
2014-03-03,-1,930,959,184.59,184.94,184.6,184.93,eod,-0.3499999999999943,-0.0018959913326110202,-18.9599133261102,,
2014-03-04,1,930,959,187.85,187.68,187.84,187.69,eod,-0.1699999999999875,-0.000905025553662625,-9.050255536626251,,
2014-03-06,1,930,959,188.30499999999998,188.17000000000002,188.295,188.18,eod,-0.13499999999996248,-0.0007169600892215008,-7.1696008922150085,,
2014-03-17,1,930,959,186.45999999999998,186.33,186.45,186.34,eod,-0.12999999999996703,-0.0006972378653792815,-6.972378653792815,,
2014-03-18,1,930,959,187.70999999999998,187.68,187.7,187.69,eod,-0.029999999999972715,-0.0001598295151836586,-1.598295151836586,,
2014-03-25,1,930,959,186.37,186.33,186.36,186.34,eod,-0.03999999999999204,-0.00021463833440648228,-2.146383344064823,,
2014-03-28,1,930,959,185.33499999999998,185.47,185.325,185.48,eod,0.13500000000001933,0.0007284500202348271,7.284500202348271,,
2014-03-31,1,930,959,187.09,187.01000000000002,187.08,187.02,eod,-0.07999999999998408,-0.0004276245456488351,-4.276245456488351,,
2014-04-01,1,930,959,188.14999999999998,188.24,188.14,188.25,eod,0.09000000000003183,0.0004783671733816936,4.783671733816936,,
2014-04-14,1,930,959,182.0,182.94,181.99,182.95,eod,0.9399999999999977,0.0051651189625803486,51.65118962580348,,
2014-04-15,1,930,959,184.22,184.22,184.21,184.23,eod,0.0,0.0,0.0,,
2014-04-16,1,930,959,185.85,186.12,185.84,186.13,eod,0.27000000000001023,0.0014528626775721601,14.528626775721602,,
2014-04-22,1,930,959,188.0299,187.85000000000002,188.0199,187.86,eod,-0.17989999999997508,-0.0009568136138779729,-9.56813613877973,,
2014-04-25,-1,930,959,186.37,186.32,186.38,186.31,eod,0.05000000000001137,0.00026826912758885806,2.6826912758885806,,
2014-04-28,1,930,959,187.04,186.89000000000001,187.03,186.9,eod,-0.14999999999997726,-0.0008020103726673649,-8.020103726673648,,
2014-04-29,1,930,959,187.92,187.72,187.91,187.73,eod,-0.19999999999998863,-0.0010643393113724052,-10.643393113724052,,
2014-05-06,-1,930,959,187.04500000000002,186.82999999999998,187.055,186.82,eod,0.21500000000003183,0.0011493945630965856,11.493945630965856,,
2014-05-12,1,930,959,189.671,189.77,189.661,189.78,eod,0.09900000000001796,0.0005219839608565703,5.219839608565702,,
2014-05-15,-1,930,959,187.15,187.39,187.16,187.38,eod,-0.23999999999998067,-0.0012823252831800636,-12.823252831800636,,
2014-05-20,-1,930,959,187.5,187.54,187.51,187.53,eod,-0.03999999999999204,-0.00021332195616229557,-2.1332195616229557,,
2014-05-21,1,930,959,189.10999999999999,189.11,189.1,189.12,eod,2.842170943040401e-14,1.5029989122371236e-16,1.5029989122371235e-12,,
2014-05-27,1,930,959,191.45,191.53,191.44,191.54,eod,0.0800000000000125,0.0004178854993732371,4.178854993732371,,
2014-05-29,1,930,959,192.32999999999998,192.37,192.32,192.38,eod,0.040000000000020464,0.0002079866888520199,2.079866888520199,,
2014-06-06,1,930,959,195.345,195.37,195.335,195.38,eod,0.025000000000005684,0.00012798525609852656,1.2798525609852656,,
2014-06-11,-1,930,959,194.93,194.95,194.94,194.94,eod,-0.01999999999998181,-0.00010259567046261317,-1.0259567046261318,,
2014-06-12,-1,930,959,193.37,193.54,193.38,193.53,eod,-0.1699999999999875,-0.0008790981487226575,-8.790981487226574,,
2014-06-20,-1,930,959,195.835,195.95999999999998,195.845,195.95,eod,-0.12499999999997158,-0.0006382598483493149,-6.382598483493149,,
2014-07-01,1,930,959,197.30499999999998,197.05,197.295,197.06,eod,-0.25499999999996703,-0.0012924808028584964,-12.924808028584964,,
2014-07-07,-1,930,959,197.405,197.54999999999998,197.415,197.54,eod,-0.1449999999999818,-0.0007344933262415815,-7.3449332624158155,,
2014-07-08,-1,930,959,196.215,196.28,196.225,196.27,eod,-0.06499999999999773,-0.000331252388839331,-3.31252388839331,,
2014-07-10,-1,930,959,196.36,196.345,196.37,196.335,eod,0.01500000000001478,7.63864134033446e-05,0.7638641340334459,,
2014-07-14,1,930,959,197.54999999999998,197.58,197.54,197.59,eod,0.03000000000002956,0.00015186797610625474,1.5186797610625475,,
2014-07-16,1,930,959,198.07,197.96,198.06,197.97,eod,-0.10999999999998522,-0.0005553872563868788,-5.553872563868788,,
2014-07-18,1,930,959,197.70999999999998,197.71,197.7,197.72,eod,2.842170943040401e-14,1.4376180794336878e-16,1.4376180794336879e-12,,
2014-07-22,1,930,959,198.29999999999998,198.18,198.29,198.19,eod,-0.11999999999997613,-0.000605174239749741,-6.05174239749741,,
2014-07-25,-1,930,959,197.585,197.72,197.595,197.71,eod,-0.1349999999999909,-0.0006832156684126162,-6.832156684126162,,
2014-07-31,-1,930,959,193.18,193.06,193.19,193.05,eod,0.12000000000000455,0.0006211501630519413,6.211501630519413,,
2014-08-04,1,930,959,194.01299999999998,193.87,194.003,193.88,eod,-0.14299999999997226,-0.0007371020035771214,-7.371020035771213,,
2014-08-05,-1,930,959,191.68,191.98999999999998,191.69,191.98,eod,-0.30999999999997385,-0.0016171944285042197,-16.171944285042198,,
2014-08-11,1,930,959,193.885,193.78,193.875,193.79,eod,-0.10499999999998977,-0.0005415860735009144,-5.415860735009144,,
2014-08-13,1,930,959,194.77499999999998,194.9,194.765,194.91,eod,0.12500000000002842,0.0006417990912126328,6.417990912126328,,
2014-08-18,1,930,959,197.17499999999998,197.35000000000002,197.165,197.36,eod,0.1750000000000398,0.0008875814672991647,8.875814672991647,,
2014-08-19,1,930,959,198.47,198.38,198.46,198.39,eod,-0.09000000000000341,-0.00045349188753402906,-4.53491887534029,,
2014-08-25,1,930,959,200.07999999999998,200.16,200.07,200.17,eod,0.0800000000000125,0.0003998600489829185,3.998600489829185,,
2014-09-09,-1,930,959,199.27,199.34,199.28,199.33,eod,-0.06999999999999318,-0.00035126455238856474,-3.5126455238856473,,
2014-09-12,-1,930,959,199.065,199.13989999999998,199.075,199.1299,eod,-0.07489999999998531,-0.0003762401105110401,-3.762401105110401,,
2014-09-17,1,930,959,201.279,200.71,201.269,200.72,eod,-0.5689999999999884,-0.0028270622897713427,-28.270622897713427,,
2014-09-18,1,930,959,201.73,201.76000000000002,201.72,201.77,eod,0.03000000000002956,0.00014872099940526254,1.4872099940526253,,
2014-09-22,-1,930,959,199.04000000000002,199.14999999999998,199.05,199.14,eod,-0.1099999999999568,-0.000552624968600637,-5.52624968600637,,
2014-09-25,-1,930,959,196.49,196.32999999999998,196.5,196.32,eod,0.160000000000025,0.0008142493638678117,8.142493638678117,,
2014-10-01,-1,930,959,194.34,194.35,194.35,194.34,eod,-0.009999999999990905,-5.145356315920198e-05,-0.5145356315920198,,
2014-10-03,1,930,959,196.69,196.52,196.68,196.53,eod,-0.1699999999999875,-0.0008643481797843578,-8.643481797843577,,
2014-10-07,-1,930,959,193.92000000000002,193.26999999999998,193.93,193.26,eod,0.6500000000000341,0.0033517248491725577,33.517248491725574,,
2014-10-09,-1,930,959,193.21200000000002,192.69,193.222,192.68,eod,0.5220000000000198,0.0027015557234684445,27.015557234684444,,
2014-10-15,-1,930,959,185.82000000000002,186.29999999999998,185.83,186.29,eod,-0.47999999999996135,-0.002583005973201105,-25.83005973201105,,
2014-10-17,1,930,959,188.73,188.53,188.72,188.54,eod,-0.19999999999998863,-0.0010597710894446196,-10.597710894446196,,
2014-10-21,1,930,959,194.165,194.04000000000002,194.155,194.05,eod,-0.12499999999997158,-0.0006438155082278158,-6.438155082278158,,
2014-10-23,1,930,959,194.95,194.94,194.94,194.95,eod,-0.009999999999990905,-5.129783523130658e-05,-0.5129783523130659,,
2014-10-28,1,930,959,198.13,198.36,198.12,198.37,eod,0.2300000000000182,0.0011609125782355047,11.609125782355047,,
2014-10-31,1,930,959,201.295,201.65,201.285,201.66,eod,0.3550000000000182,0.0017636684303351873,17.636684303351874,,
2014-11-05,1,930,959,202.10999999999999,202.36,202.1,202.37,eod,0.2500000000000284,0.0012370113805048413,12.370113805048414,,
2014-11-18,1,930,959,205.82,205.54000000000002,205.81,205.55,eod,-0.2799999999999727,-0.0013604781108788335,-13.604781108788336,,
2014-11-19,-1,930,959,205.10000000000002,205.2,205.11,205.19,eod,-0.0999999999999659,-0.0004875432694649987,-4.875432694649987,,
2014-11-21,1,930,959,206.66,206.67000000000002,206.65,206.68,eod,0.010000000000019327,4.839099927422853e-05,0.4839099927422853,,
2014-11-24,1,930,959,207.13,207.27,207.12,207.28,eod,0.14000000000001478,0.0006759366550792525,6.7593665507925245,,
2014-12-01,-1,930,959,206.13,205.81,206.14,205.8,eod,0.3199999999999932,0.001552343067817955,15.52343067817955,,
2014-12-02,1,930,959,207.07999999999998,207.08,207.07,207.09,eod,2.842170943040401e-14,1.3725652885692765e-16,1.3725652885692765e-12,,
2014-12-03,1,930,959,208.03,207.9,208.02,207.91,eod,-0.12999999999999545,-0.0006249399096240528,-6.249399096240528,,
2014-12-04,-1,930,959,207.21,207.67,207.22,207.66,eod,-0.45999999999997954,-0.0022198629475918327,-22.198629475918327,,
2014-12-05,1,930,959,208.01999999999998,207.99,208.01,208.0,eod,-0.029999999999972715,-0.00014422383539239804,-1.4422383539239805,,
2014-12-09,-1,930,959,206.10000000000002,206.47,206.11,206.46,eod,-0.3699999999999761,-0.0017951579253795357,-17.95157925379536,,
2014-12-10,-1,930,959,203.85500000000002,203.17999999999998,203.865,203.17,eod,0.6750000000000398,0.0033110146420427234,33.110146420427235,,
2014-12-11,1,930,959,205.029,204.16,205.019,204.17,eod,-0.8689999999999998,-0.0042386315414668875,-42.38631541466887,,
2014-12-12,-1,930,959,202.23000000000002,200.88,202.24,200.87,eod,1.3500000000000227,0.006675237341772264,66.75237341772264,,
2014-12-17,1,930,959,201.685,201.89000000000001,201.675,201.9,eod,0.2050000000000125,0.0010164869220280774,10.164869220280774,,
2014-12-18,1,930,959,205.725,206.79000000000002,205.715,206.8,eod,1.0650000000000261,0.005177065357412081,51.77065357412081,,
