date,direction,entry_time,exit_time,entry_px,exit_px,entry_px_raw,exit_px_raw,exit_reason,pnl_ps,ret,bps,risk_ps,r_mult
2003-01-02,1,930,959,90.9,91.1,90.89,91.11,eod,0.19999999999998863,0.0022004620970402533,22.00462097040253,,
2003-01-03,-1,930,959,90.97,91.12,90.98,91.11,eod,-0.15000000000000568,-0.001648714003077662,-16.48714003077662,,
2003-01-06,1,930,959,93.46000000000001,93.11,93.45,93.12,eod,-0.3500000000000085,-0.003745318352060016,-37.45318352060016,,
2003-01-07,-1,930,959,92.61999999999999,92.57000000000001,92.63,92.56,eod,0.04999999999998295,0.0005397819281008631,5.397819281008632,,
2003-01-08,-1,930,959,91.28,91.23,91.29,91.22,eod,0.04999999999999716,0.0005477051155657482,5.477051155657482,,
2003-01-09,1,930,959,92.78,92.97999999999999,92.77,92.99,eod,0.19999999999998863,0.002155869354317006,21.558693543170058,,
2003-01-10,-1,930,959,92.83999999999999,93.04,92.85,93.03,eod,-0.20000000000001705,-0.0021540118470653427,-21.54011847065343,,
2003-01-15,-1,930,959,92.28999999999999,92.14,92.3,92.13,eod,0.14999999999999147,0.001625135427952237,16.25135427952237,,
2003-01-17,-1,930,959,90.42,90.5,90.43,90.49,eod,-0.0799999999999983,-0.0008846621696339521,-8.846621696339522,,
2003-01-22,-1,930,959,88.28,88.07000000000001,88.29,88.06,eod,0.20999999999999375,0.0023785253143050597,23.785253143050596,,
2003-01-23,1,930,959,89.22,89.07,89.21,89.08,eod,-0.15000000000000568,-0.0016814258491201176,-16.814258491201176,,
2003-01-24,-1,930,959,86.44,86.34,86.45,86.33,eod,0.09999999999999432,0.0011567379988431962,11.567379988431963,,
2003-01-28,1,930,959,86.23,86.1,86.22,86.11,eod,-0.13000000000000966,-0.001507770818835649,-15.07770818835649,,
2003-01-30,-1,930,959,84.92999999999999,84.78,84.94,84.77,eod,0.14999999999999147,0.0017659524370142628,17.659524370142627,,
2003-01-31,1,930,959,85.33,85.8,85.32,85.81,eod,0.46999999999999886,0.005508673230192204,55.08673230192204,,
2003-02-03,1,930,959,86.26,86.25999999999999,86.25,86.27,eod,-1.4210854715202004e-14,-1.647635329298783e-16,-1.647635329298783e-12,,
2003-02-04,-1,930,959,84.67999999999999,85.15,84.69,85.14,eod,-0.4700000000000131,-0.00554965167079954,-55.496516707995404,,
2003-02-06,-1,930,959,84.25,84.21000000000001,84.26,84.2,eod,0.03999999999999204,0.00047472110135286067,4.747211013528607,,
2003-02-10,1,930,959,83.5,83.92999999999999,83.49,83.94,eod,0.4299999999999926,0.005150317403281742,51.50317403281742,,
2003-02-14,1,930,959,83.37,83.86999999999999,83.36,83.88,eod,0.4999999999999858,0.005998080614203285,59.98080614203285,,
2003-02-18,1,930,959,85.15,85.49,85.14,85.5,eod,0.3399999999999892,0.003993422598073634,39.934225980736336,,
2003-02-19,-1,930,959,84.78,84.94000000000001,84.79,84.93,eod,-0.1600000000000108,-0.0018870149781815165,-18.870149781815165,,
2003-02-21,1,930,959,85.35000000000001,85.33,85.34,85.34,eod,-0.020000000000010232,-0.0002343566908836446,-2.343566908836446,,
2003-02-24,-1,930,959,83.99,83.69000000000001,84.0,83.68,eod,0.29999999999998295,0.0035714285714283684,35.71428571428368,,
2003-02-26,-1,930,959,83.22,83.17,83.23,83.16,eod,0.04999999999999716,0.0006007449237053605,6.0074492370536055,,
2003-02-27,1,930,959,83.98,84.16,83.97,84.17,eod,0.1799999999999926,0.0021436227224007694,21.436227224007695,,
2003-02-28,1,930,959,84.48,84.6,84.47,84.61,eod,0.11999999999999034,0.0014206227062861412,14.206227062861412,,
2003-03-04,-1,930,959,82.89,82.74000000000001,82.9,82.73,eod,0.14999999999999147,0.0018094089264172673,18.094089264172673,,
2003-03-05,1,930,959,83.29,83.49,83.28,83.5,eod,0.19999999999998863,0.002401536983669412,24.01536983669412,,
2003-03-06,-1,930,959,82.66,82.71000000000001,82.67,82.7,eod,-0.05000000000001137,-0.0006048143220032825,-6.048143220032825,,
2003-03-10,-1,930,959,81.58,81.24000000000001,81.59,81.23,eod,0.3399999999999892,0.004167177350165329,41.67177350165329,,
2003-03-12,-1,930,959,80.24,80.98,80.25,80.97,eod,-0.7400000000000091,-0.009221183800623166,-92.21183800623166,,
2003-03-13,1,930,959,83.36,83.77,83.35,83.78,eod,0.4099999999999966,0.004919016196760607,49.190161967606066,,
2003-03-17,1,930,959,86.54,86.82,86.53,86.83,eod,0.2799999999999869,0.003235871951924037,32.35871951924037,,
2003-03-18,-1,930,959,86.74,87.2,86.75,87.19,eod,-0.46000000000000796,-0.005302593659942455,-53.025936599424554,,
2003-03-19,1,930,959,87.83,87.94,87.82,87.95,eod,0.10999999999999943,0.0012525620587565411,12.525620587565411,,
2003-03-21,1,930,959,89.61,89.72999999999999,89.6,89.74,eod,0.11999999999999034,0.0013392857142856065,13.392857142856066,,
2003-03-24,-1,930,959,86.8,86.59,86.81,86.58,eod,0.20999999999999375,0.0024190761433013908,24.190761433013908,,
2003-03-25,1,930,959,87.38000000000001,87.66,87.37,87.67,eod,0.2799999999999869,0.0032047613597343126,32.04761359734313,,
2003-03-26,-1,930,959,87.49,87.21000000000001,87.5,87.2,eod,0.2799999999999869,0.0031999999999998505,31.999999999998504,,
2003-03-28,-1,930,959,86.64999999999999,86.60000000000001,86.66,86.59,eod,0.04999999999998295,0.0005769674590351137,5.769674590351137,,
2003-03-31,-1,930,959,85.64,84.99000000000001,85.65,84.98,eod,0.6499999999999915,0.007589025102159854,75.89025102159853,,
2003-04-01,1,930,959,85.89,86.08999999999999,85.88,86.1,eod,0.19999999999998863,0.0023288309268745767,23.288309268745767,,
2003-04-02,1,930,959,88.51,88.38,88.5,88.39,eod,-0.13000000000000966,-0.0014689265536724256,-14.689265536724255,,
2003-04-03,-1,930,959,88.21,87.85000000000001,88.22,87.84,eod,0.3599999999999852,0.004080707322602417,40.80707322602417,,
2003-04-07,1,930,959,88.9,88.22,88.89,88.23,eod,-0.6800000000000068,-0.007649904376195374,-76.49904376195374,,
2003-04-08,-1,930,959,88.14999999999999,88.14,88.16,88.13,eod,0.009999999999990905,0.00011343012704163912,1.1343012704163913,,
2003-04-14,1,930,959,88.43,88.83,88.42,88.84,eod,0.3999999999999915,0.004523863379325848,45.23863379325848,,
2003-04-17,1,930,959,89.47,89.64,89.46,89.65,eod,0.1700000000000017,0.001900290632685018,19.00290632685018,,
2003-04-23,1,930,959,92.16000000000001,92.19,92.15,92.2,eod,0.029999999999986926,0.00032555615843718856,3.2555615843718857,,
2003-04-24,-1,930,959,91.69999999999999,91.43,91.71,91.42,eod,0.2699999999999818,0.002944062806673011,29.44062806673011,,
2003-04-25,-1,930,959,90.14999999999999,90.16000000000001,90.16,90.15,eod,-0.010000000000019327,-0.00011091393078992155,-1.1091393078992156,,
2003-04-28,1,930,959,92.17,91.85,92.16,91.86,eod,-0.3200000000000074,-0.0034722222222223027,-34.722222222223024,,
2003-04-29,1,930,959,92.4,92.08999999999999,92.39,92.1,eod,-0.3100000000000165,-0.003355341487174115,-33.55341487174115,,
2003-05-02,1,930,959,93.39,93.33,93.38,93.34,eod,-0.060000000000002274,-0.0006425358749197074,-6.425358749197074,,
2003-05-06,1,930,959,93.53,93.78999999999999,93.52,93.8,eod,0.2599999999999909,0.002780153977758671,27.801539777586708,,
2003-05-07,-1,930,959,93.32,93.32000000000001,93.33,93.31,eod,-1.4210854715202004e-14,-1.5226459568415305e-16,-1.5226459568415305e-12,,
2003-05-08,-1,930,959,92.47,92.35000000000001,92.48,92.34,eod,0.11999999999999034,0.0012975778546711757,12.975778546711757,,
2003-05-09,1,930,959,93.58,93.69999999999999,93.57,93.71,eod,0.11999999999999034,0.0012824623276690215,12.824623276690215,,
2003-05-13,-1,930,959,94.44,94.65,94.45,94.64,eod,-0.21000000000000796,-0.00222339862361046,-22.2339862361046,,
2003-05-14,-1,930,959,94.28999999999999,94.37,94.3,94.36,eod,-0.0800000000000125,-0.0008483563096501857,-8.483563096501857,,
2003-05-15,1,930,959,94.93,95.11999999999999,94.92,95.13,eod,0.18999999999998352,0.0020016856300040403,20.016856300040402,,
2003-05-16,-1,930,959,94.94,94.87,94.95,94.86,eod,0.06999999999999318,0.0007372301211163052,7.372301211163052,,
2003-05-19,-1,930,959,92.58999999999999,92.52000000000001,92.6,92.51,eod,0.06999999999997897,0.0007559395248377859,7.559395248377859,,
2003-05-22,1,930,959,93.98,93.67,93.97,93.68,eod,-0.3100000000000023,-0.0032989251888900957,-32.98925188890096,,
2003-05-28,1,930,959,96.11,95.80999999999999,96.1,95.82,eod,-0.30000000000001137,-0.0031217481789803476,-31.217481789803475,,
2003-05-30,1,930,959,96.89,96.91,96.88,96.92,eod,0.01999999999999602,0.00020644095788600352,2.064409578860035,,
2003-06-02,1,930,959,97.08,97.17,97.07,97.18,eod,0.09000000000000341,0.0009271659627073598,9.271659627073598,,
2003-06-03,1,930,959,97.35000000000001,97.67,97.34,97.68,eod,0.3199999999999932,0.0032874460653379203,32.8744606533792,,
2003-06-04,1,930,959,99.2,99.11999999999999,99.19,99.13,eod,-0.0800000000000125,-0.0008065329166247858,-8.065329166247858,,
2003-06-09,-1,930,959,97.82,98.12,97.83,98.11,eod,-0.30000000000001137,-0.0030665440049065865,-30.665440049065865,,
2003-06-10,1,930,959,98.56,99.03999999999999,98.55,99.05,eod,0.47999999999998977,0.004870624048706137,48.706240487061365,,
2003-06-13,-1,930,959,99.47,99.44000000000001,99.48,99.43,eod,0.029999999999986926,0.00030156815440276363,3.015681544027636,,
2003-06-16,1,930,959,101.11,101.63,101.1,101.64,eod,0.519999999999996,0.005143422354104808,51.43422354104808,,
2003-06-18,-1,930,959,101.27,101.56,101.28,101.55,eod,-0.29000000000000625,-0.0028633491311217045,-28.633491311217046,,
2003-06-19,-1,930,959,100.11,100.01,100.12,100.0,eod,0.09999999999999432,0.0009988014382740142,9.988014382740142,,
2003-06-23,-1,930,959,98.13,98.37,98.14,98.36,eod,-0.2400000000000091,-0.0024454860403506124,-24.454860403506125,,
2003-06-24,1,930,959,98.99000000000001,98.64,98.98,98.65,eod,-0.3500000000000085,-0.003536067892503622,-35.36067892503622,,
2003-06-26,1,930,959,98.727,98.86,98.717,98.87,eod,0.13299999999999557,0.0013472856752129376,13.472856752129376,,
2003-06-27,-1,930,959,97.83699999999999,97.87,97.847,97.86,eod,-0.03300000000001546,-0.00033726123437627587,-3.372612343762759,,
2003-07-02,1,930,959,99.37,99.58999999999999,99.36,99.6,eod,0.21999999999998465,0.0022141706924314075,22.141706924314075,,
2003-07-07,1,930,959,100.57000000000001,100.72999999999999,100.56,100.74,eod,0.15999999999998238,0.0015910898965789814,15.910898965789814,,
2003-07-10,-1,930,959,99.04599999999999,99.23,99.056,99.22,eod,-0.1840000000000117,-0.0018575351316428253,-18.575351316428254,,
2003-07-11,1,930,959,100.0,100.13,99.99,100.14,eod,0.12999999999999545,0.0013001300130012546,13.001300130012547,,
2003-07-14,1,930,959,101.21000000000001,100.72,101.2,100.73,eod,-0.4900000000000091,-0.004841897233201671,-48.41897233201671,,
2003-07-17,-1,930,959,98.46,98.501,98.47,98.491,eod,-0.04100000000001103,-0.00041637046816300424,-4.163704681630042,,
2003-07-18,1,930,959,99.69000000000001,99.57,99.68,99.58,eod,-0.12000000000001876,-0.0012038523274480212,-12.038523274480212,,
2003-07-21,-1,930,959,98.11999999999999,98.25,98.13,98.24,eod,-0.13000000000000966,-0.0013247732599613745,-13.247732599613744,,
2003-07-22,1,930,959,99.11,99.11,99.1,99.12,eod,0.0,0.0,0.0,,
2003-07-25,1,930,959,100.06,100.22,100.05,100.23,eod,0.1599999999999966,0.001599200399800066,15.992003998000659,,
2003-07-29,-1,930,959,99.36,99.32900000000001,99.37,99.319,eod,0.0309999999999917,0.0003119653819059243,3.119653819059243,,
2003-07-30,-1,930,959,99.16,99.12,99.17,99.11,eod,0.03999999999999204,0.0004033477866289406,4.033477866289406,,
2003-07-31,1,930,959,99.96000000000001,99.39999999999999,99.95,99.41,eod,-0.5600000000000165,-0.005602801400700515,-56.02801400700515,,
2003-08-01,-1,930,959,98.39,98.39,98.4,98.38,eod,-0.0,-0.0,-0.0,,
2003-08-05,-1,930,959,97.38,96.86,97.39,96.85,eod,0.519999999999996,0.005339357223534203,53.39357223534203,,
2003-08-06,1,930,959,97.44500000000001,97.11999999999999,97.435,97.13,eod,-0.32500000000001705,-0.0033355570380255253,-33.35557038025525,,
2003-08-07,1,930,959,97.82000000000001,97.88,97.81,97.89,eod,0.05999999999998806,0.0006134342091809432,6.134342091809432,,
2003-08-08,1,930,959,98.02000000000001,98.21,98.01,98.22,eod,0.18999999999998352,0.0019385776961532853,19.385776961532855,,
2003-08-11,1,930,959,98.32000000000001,98.499,98.31,98.509,eod,0.17899999999998784,0.0018207710304138727,18.207710304138725,,
2003-08-12,1,930,959,99.07000000000001,99.53,99.06,99.54,eod,0.45999999999999375,0.0046436503129415885,46.43650312941588,,
2003-08-13,-1,930,959,98.78,98.9,98.79,98.89,eod,-0.12000000000000455,-0.0012146978439113731,-12.146978439113731,,
2003-08-15,-1,930,959,99.42999999999999,99.53,99.44,99.52,eod,-0.10000000000000853,-0.0010056315366050736,-10.056315366050736,,
2003-08-18,1,930,959,100.59,100.49,100.58,100.5,eod,-0.10000000000000853,-0.0009942334460132088,-9.942334460132088,,
2003-08-20,-1,930,959,100.53,100.51,100.54,100.5,eod,0.01999999999999602,0.00019892580067630813,1.9892580067630814,,
2003-08-21,1,930,959,100.83,100.86,100.82,100.87,eod,0.030000000000001137,0.00029756000793494485,2.9756000793494484,,
2003-08-25,-1,930,959,99.66,99.83,99.67,99.82,eod,-0.1700000000000017,-0.001705628574295191,-17.05628574295191,,
2003-08-28,1,930,959,100.77000000000001,100.83,100.76,100.84,eod,0.05999999999998806,0.0005954743946009136,5.954743946009136,,
2003-08-29,1,930,959,101.30000000000001,101.36,101.29,101.37,eod,0.05999999999998806,0.0005923585743902464,5.923585743902464,,
2003-09-02,1,930,959,102.86,102.75999999999999,102.85,102.77,eod,-0.10000000000000853,-0.0009722897423433012,-9.722897423433011,,
2003-09-03,1,930,959,103.02000000000001,103.17999999999999,103.01,103.19,eod,0.15999999999998238,0.0015532472575476397,15.532472575476397,,
2003-09-05,-1,930,959,102.69999999999999,102.68,102.71,102.67,eod,0.01999999999998181,0.00019472300652304363,1.9472300652304364,,
2003-09-08,1,930,959,103.67,103.78999999999999,103.66,103.8,eod,0.11999999999999034,0.001157630715801566,11.576307158015661,,
2003-09-09,-1,930,959,102.8,102.93700000000001,102.81,102.927,eod,-0.13700000000001467,-0.0013325551989107544,-13.325551989107545,,
2003-09-10,-1,930,959,101.55999999999999,101.69000000000001,101.57,101.68,eod,-0.13000000000002387,-0.0012799054839029624,-12.799054839029624,,
2003-09-11,1,930,959,102.56,102.25699999999999,102.55,102.267,eod,-0.3030000000000115,-0.002954656265236582,-29.54656265236582,,
2003-09-15,-1,930,959,102.28399999999999,102.13000000000001,102.294,102.12,eod,0.15399999999998215,0.0015054646411322477,15.054646411322478,,
2003-09-16,1,930,959,103.45,103.53999999999999,103.44,103.55,eod,0.0899999999999892,0.000870069605568341,8.70069605568341,,
2003-09-18,1,930,959,104.65,104.58,104.64,104.59,eod,-0.07000000000000739,-0.0006689602446483887,-6.689602446483887,,
2003-09-19,-1,930,959,103.83999999999999,103.87,103.85,103.86,eod,-0.030000000000015348,-0.0002888781896968257,-2.888781896968257,,
2003-09-22,-1,930,959,102.33999999999999,102.5,102.35,102.49,eod,-0.1600000000000108,-0.0015632633121642483,-15.632633121642483,,
2003-09-23,1,930,959,103.22,103.08,103.21,103.09,eod,-0.14000000000000057,-0.0013564577075864798,-13.564577075864799,,
2003-09-24,-1,930,959,101.3,101.21000000000001,101.31,101.2,eod,0.0899999999999892,0.0008883624518802606,8.883624518802606,,
2003-09-25,1,930,959,101.32000000000001,100.58,101.31,100.59,eod,-0.7400000000000091,-0.007304313493238664,-73.04313493238664,,
2003-09-26,-1,930,959,100.32,99.99000000000001,100.33,99.98,eod,0.3299999999999841,0.003289145818797808,32.89145818797808,,
2003-09-29,1,930,959,100.66000000000001,100.86,100.65,100.87,eod,0.19999999999998863,0.001987083954296956,19.87083954296956,,
2003-09-30,-1,930,959,100.00999999999999,99.87,100.02,99.86,eod,0.13999999999998636,0.0013997200559886659,13.99720055988666,,
2003-10-01,1,930,959,101.93,101.99,101.92,102.0,eod,0.05999999999998806,0.0005886970172683287,5.886970172683287,,
2003-10-02,1,930,959,102.39,102.33,102.38,102.34,eod,-0.060000000000002274,-0.0005860519632740992,-5.860519632740992,,
2003-10-03,1,930,959,103.72,103.25,103.71,103.26,eod,-0.46999999999999886,-0.004531867708032001,-45.318677080320015,,
2003-10-06,1,930,959,103.77000000000001,103.71199999999999,103.76,103.722,eod,-0.058000000000021146,-0.0005589822667696718,-5.589822667696717,,
2003-10-08,-1,930,959,103.72999999999999,103.72,103.74,103.71,eod,0.009999999999990905,9.639483323685084e-05,0.9639483323685084,,
2003-10-09,1,930,959,104.15,104.15899999999999,104.14,104.169,eod,0.00899999999998613,8.642212406362714e-05,0.8642212406362714,,
2003-10-13,1,930,959,104.92,104.85,104.91,104.86,eod,-0.07000000000000739,-0.0006672385854542693,-6.672385854542693,,
2003-10-17,-1,930,959,104.19,104.24000000000001,104.2,104.23,eod,-0.05000000000001137,-0.0004798464491363855,-4.798464491363855,,
2003-10-20,1,930,959,104.55000000000001,104.78999999999999,104.54,104.8,eod,0.23999999999998067,0.002295771953319119,22.957719533191188,,
2003-10-21,1,930,959,105.01,104.94999999999999,105.0,104.96,eod,-0.060000000000016485,-0.0005714285714287285,-5.714285714287285,,
2003-10-22,-1,930,959,103.32,103.41000000000001,103.33,103.4,eod,-0.09000000000001762,-0.0008709958385756084,-8.709958385756083,,
2003-10-23,1,930,959,103.64200000000001,103.72999999999999,103.632,103.74,eod,0.08799999999997965,0.0008491585610620238,8.491585610620238,,
2003-10-24,-1,930,959,102.82,103.29,102.83,103.28,eod,-0.4700000000000131,-0.0045706505883498305,-45.7065058834983,,
2003-10-27,1,930,959,103.47,103.42999999999999,103.46,103.44,eod,-0.04000000000000625,-0.00038662284941046063,-3.866228494104606,,
2003-10-28,1,930,959,104.65,105.00999999999999,104.64,105.02,eod,0.3599999999999852,0.003440366972476923,34.40366972476923,,
2003-10-31,1,930,959,105.66000000000001,105.41,105.65,105.42,eod,-0.2500000000000142,-0.0023663038334123445,-23.663038334123446,,
2003-11-03,1,930,959,106.49000000000001,106.30999999999999,106.48,106.32,eod,-0.18000000000002103,-0.0016904583020287474,-16.904583020287475,,
2003-11-04,-1,930,959,105.78999999999999,105.79,105.8,105.78,eod,-1.4210854715202004e-14,-1.343180974971834e-16,-1.343180974971834e-12,,
2003-11-11,-1,930,959,104.97999999999999,105.09,104.99,105.08,eod,-0.11000000000001364,-0.0010477188303649266,-10.477188303649266,,
2003-11-12,1,930,959,106.36,106.36999999999999,106.35,106.38,eod,0.009999999999990905,9.402914903611571e-05,0.9402914903611571,,
2003-11-13,-1,930,959,106.17,106.36,106.18,106.35,eod,-0.18999999999999773,-0.0017894142022979631,-17.894142022979633,,
2003-11-17,-1,930,959,104.66,104.87,104.67,104.86,eod,-0.21000000000000796,-0.0020063055316710417,-20.063055316710418,,
2003-11-19,1,930,959,104.92,104.83999999999999,104.91,104.85,eod,-0.0800000000000125,-0.0007625583833763465,-7.625583833763465,,
2003-11-20,-1,930,959,104.02,103.91000000000001,104.03,103.9,eod,0.10999999999998522,0.0010573872921271288,10.573872921271288,,
2003-11-21,1,930,959,104.11,104.03,104.1,104.04,eod,-0.0799999999999983,-0.0007684918347742392,-7.684918347742392,,
2003-11-24,1,930,959,105.62,105.72,105.61,105.73,eod,0.09999999999999432,0.0009468800303001071,9.468800303001071,,
2003-11-25,1,930,959,106.36,106.0,106.35,106.01,eod,-0.35999999999999943,-0.003385049365303239,-33.85049365303239,,
2003-11-26,1,930,959,106.34,106.36999999999999,106.33,106.38,eod,0.029999999999986926,0.00028214050597185107,2.8214050597185105,,
2003-12-01,1,930,959,107.51,107.55999999999999,107.5,107.57,eod,0.04999999999998295,0.0004651162790696088,4.6511627906960875,,
2003-12-02,-1,930,959,107.28,107.28,107.29,107.27,eod,-0.0,-0.0,-0.0,,
2003-12-04,1,930,959,107.43,107.67,107.42,107.68,eod,0.23999999999999488,0.00223422081549055,22.3422081549055,,
2003-12-05,-1,930,959,106.91,106.82000000000001,106.92,106.81,eod,0.0899999999999892,0.0008417508417507408,8.417508417507408,,
2003-12-08,1,930,959,107.45,107.50999999999999,107.44,107.52,eod,0.05999999999998806,0.0005584512285925919,5.584512285925919,,
2003-12-11,1,930,959,108.05000000000001,107.83,108.04,107.84,eod,-0.22000000000001307,-0.0020362828582007873,-20.36282858200787,,
2003-12-16,1,930,959,108.28,108.16,108.27,108.17,eod,-0.12000000000000455,-0.0011083402604600032,-11.083402604600032,,
2003-12-18,1,930,959,109.66000000000001,109.58999999999999,109.65,109.6,eod,-0.0700000000000216,-0.0006383948928410543,-6.383948928410542,,
2003-12-19,-1,930,959,109.03999999999999,109.04,109.05,109.03,eod,-1.4210854715202004e-14,-1.3031503636132052e-16,-1.3031503636132051e-12,,
2003-12-22,1,930,959,109.32000000000001,109.44999999999999,109.31,109.46,eod,0.12999999999998124,0.0011892781996156,11.892781996156002,,
2003-12-23,1,930,959,109.60000000000001,109.78,109.59,109.79,eod,0.1799999999999926,0.0016424856282506854,16.424856282506855,,
2003-12-29,1,930,959,110.91000000000001,111.14,110.9,111.15,eod,0.22999999999998977,0.0020739404869250656,20.739404869250656,,
2003-12-30,-1,930,959,111.00999999999999,111.13000000000001,111.02,111.12,eod,-0.12000000000001876,-0.001080886326788135,-10.80886326788135,,
2003-12-31,1,930,959,111.37,111.14,111.36,111.15,eod,-0.23000000000000398,-0.0020653735632184264,-20.653735632184265,,
2004-01-05,1,930,959,112.37,112.36,112.36,112.37,eod,-0.010000000000005116,-8.899964400146952e-05,-0.8899964400146952,,
2004-01-07,-1,930,959,112.52,112.91000000000001,112.53,112.9,eod,-0.3900000000000148,-0.003465742468675151,-34.65742468675151,,
2004-01-08,1,930,959,113.41000000000001,113.30999999999999,113.4,113.32,eod,-0.10000000000002274,-0.0008818342151677489,-8.81834215167749,,
2004-01-09,-1,930,959,112.50999999999999,112.54,112.52,112.53,eod,-0.030000000000015348,-0.00026661926768588117,-2.666192676858812,,
2004-01-14,1,930,959,113.34,113.3,113.33,113.31,eod,-0.04000000000000625,-0.0003529515573988022,-3.529515573988022,,
2004-01-16,1,930,959,114.15,114.24,114.14,114.25,eod,0.0899999999999892,0.0007885053443139057,7.885053443139057,,
2004-01-26,1,930,959,115.65,115.78999999999999,115.64,115.8,eod,0.13999999999998636,0.0012106537530265165,12.106537530265165,,
2004-01-27,-1,930,959,114.89,114.71000000000001,114.9,114.7,eod,0.1799999999999926,0.0015665796344646876,15.665796344646877,,
2004-01-29,1,930,959,113.58,113.74,113.57,113.75,eod,0.1599999999999966,0.0014088227524874227,14.088227524874227,,
2004-01-30,-1,930,959,113.36999999999999,113.45,113.38,113.44,eod,-0.0800000000000125,-0.0007055918151350547,-7.055918151350547,,
2004-02-02,1,930,959,114.27000000000001,113.82,114.26,113.83,eod,-0.45000000000001705,-0.003938386136880947,-39.38386136880947,,
2004-02-04,-1,930,959,113.19,113.04,113.2,113.03,eod,0.14999999999999147,0.0013250883392225395,13.250883392225395,,
2004-02-06,1,930,959,114.51,114.64999999999999,114.5,114.66,eod,0.13999999999998636,0.0012227074235806668,12.227074235806668,,
2004-02-09,-1,930,959,114.32,114.35000000000001,114.33,114.34,eod,-0.030000000000015348,-0.0002623983206508821,-2.623983206508821,,
2004-02-10,1,930,959,114.75,114.89,114.74,114.9,eod,0.14000000000000057,0.001220149904131084,12.201499041310841,,
2004-02-12,-1,930,959,115.71,115.68,115.72,115.67,eod,0.029999999999986926,0.00025924645696497517,2.5924645696497515,,
2004-02-17,1,930,959,116.22,116.13,116.21,116.14,eod,-0.09000000000000341,-0.0007744600292574083,-7.7446002925740824,,
2004-02-18,-1,930,959,115.66,115.67,115.67,115.66,eod,-0.010000000000005116,-8.645283997583743e-05,-0.8645283997583743,,
2004-02-20,-1,930,959,115.08,115.01,115.09,115.0,eod,0.06999999999999318,0.0006082196541836231,6.082196541836231,,
2004-02-24,-1,930,959,114.19,114.46000000000001,114.2,114.45,eod,-0.27000000000001023,-0.002364273204903767,-23.642732049037672,,
2004-02-25,1,930,959,115.03,114.89999999999999,115.02,114.91,eod,-0.13000000000000966,-0.0011302382194401815,-11.302382194401815,,
2004-02-27,1,930,959,115.45,115.07,115.44,115.08,eod,-0.38000000000000966,-0.0032917532917533755,-32.917532917533755,,
2004-03-01,1,930,959,116.17,116.1,116.16,116.11,eod,-0.07000000000000739,-0.0006026170798898708,-6.0261707988987085,,
2004-03-04,1,930,959,115.98,116.03,115.97,116.04,eod,0.04999999999999716,0.00043114598603084554,4.311459860308456,,
2004-03-09,-1,930,959,114.42,114.67,114.43,114.66,eod,-0.25,-0.0021847417635235513,-21.847417635235512,,
2004-03-10,-1,930,959,112.99,113.01,113.0,113.0,eod,-0.020000000000010232,-0.0001769911504425684,-1.7699115044256841,,
2004-03-11,-1,930,959,111.83999999999999,111.34,111.85,111.33,eod,0.4999999999999858,0.004470272686633758,44.70272686633758,,
2004-03-12,1,930,959,112.52000000000001,112.67999999999999,112.51,112.69,eod,0.15999999999998238,0.0014220958137052917,14.220958137052916,,
2004-03-15,-1,930,959,111.25999999999999,111.04,111.27,111.03,eod,0.21999999999998465,0.0019771726431202,19.771726431202,,
2004-03-16,1,930,959,111.46000000000001,111.72,111.45,111.73,eod,0.2599999999999909,0.0023328847016598556,23.328847016598555,,
2004-03-17,1,930,959,113.18,112.99,113.17,113.0,eod,-0.19000000000001194,-0.0016788901652382427,-16.788901652382428,,
2004-03-19,-1,930,959,111.66,111.29,111.67,111.28,eod,0.36999999999999034,0.0033133339303303513,33.133339303303515,,
2004-03-22,-1,930,959,109.57,109.76,109.58,109.75,eod,-0.19000000000001194,-0.0017338930461764186,-17.338930461764186,,
2004-03-23,1,930,959,110.26,109.67999999999999,110.25,109.69,eod,-0.5800000000000125,-0.005260770975056802,-52.60770975056802,,
2004-03-25,1,930,959,111.24000000000001,111.1,111.23,111.11,eod,-0.14000000000001478,-0.0012586532410322284,-12.586532410322285,,
2004-03-29,1,930,959,112.53,112.47,112.52,112.48,eod,-0.060000000000002274,-0.0005332385353715097,-5.332385353715098,,
2004-03-30,1,930,959,112.96000000000001,112.96,112.95,112.97,eod,-1.4210854715202004e-14,-1.2581544679240375e-16,-1.2581544679240375e-12,,
2004-04-01,1,930,959,113.33,113.47999999999999,113.32,113.49,eod,0.14999999999999147,0.0013236851394280928,13.236851394280928,,
2004-04-02,1,930,959,114.35000000000001,114.41,114.34,114.42,eod,0.05999999999998806,0.0005247507433967821,5.247507433967821,,
2004-04-05,1,930,959,115.11,115.33,115.1,115.34,eod,0.21999999999999886,0.0019113814074717538,19.11381407471754,,
2004-04-06,-1,930,959,114.89999999999999,115.09,114.91,115.08,eod,-0.19000000000001194,-0.0016534679314246972,-16.534679314246972,,
2004-04-07,-1,930,959,114.72,114.51,114.73,114.5,eod,0.20999999999999375,0.0018303843807198966,18.303843807198966,,
2004-04-12,1,930,959,114.84,114.83999999999999,114.83,114.85,eod,-1.4210854715202004e-14,-1.237555927475573e-16,-1.237555927475573e-12,,
2004-04-13,-1,935,959,113.44,113.30000000000001,113.45,113.29,eod,0.13999999999998636,0.0012340237990302895,12.340237990302896,,
2004-04-14,-1,930,959,112.83999999999999,113.16000000000001,112.85,113.15,eod,-0.3200000000000216,-0.0028356225077538467,-28.35622507753847,,
2004-04-21,1,930,959,112.69000000000001,112.8,112.68,112.81,eod,0.10999999999998522,0.0009762158324457332,9.762158324457332,,
2004-04-27,1,930,959,114.29,114.21,114.28,114.22,eod,-0.0800000000000125,-0.0007000350017501969,-7.000350017501969,,
2004-04-28,-1,930,959,112.57,112.59,112.58,112.58,eod,-0.020000000000010232,-0.00017765144785939093,-1.7765144785939093,,
2004-05-03,1,930,959,111.76,112.13,111.75,112.14,eod,0.36999999999999034,0.003310961968680003,33.10961968680003,,
2004-05-05,1,930,959,112.77000000000001,112.57,112.76,112.58,eod,-0.20000000000001705,-0.0017736786094361212,-17.73678609436121,,
2004-05-06,-1,930,959,111.83,111.86,111.84,111.85,eod,-0.030000000000001137,-0.0002682403433476496,-2.6824034334764963,,
2004-05-07,-1,930,959,110.44999999999999,110.31,110.46,110.3,eod,0.13999999999998636,0.0012674271229403075,12.674271229403075,,
2004-05-10,-1,930,959,108.74,109.14,108.75,109.13,eod,-0.4000000000000057,-0.0036781609195402822,-36.78160919540282,,
2004-05-11,1,930,959,109.71000000000001,110.0,109.7,110.01,eod,0.28999999999999204,0.002643573381950702,26.43573381950702,,
2004-05-12,-1,930,959,109.72,110.31,109.73,110.3,eod,-0.5900000000000034,-0.005376834047206811,-53.76834047206811,,
2004-05-13,-1,930,959,110.19999999999999,110.16000000000001,110.21,110.15,eod,0.03999999999997783,0.00036294347155410426,3.6294347155410427,,
2004-05-17,-1,930,959,109.05999999999999,108.87100000000001,109.07,108.861,eod,0.18899999999997874,0.0017328321261573187,17.328321261573187,,
2004-05-18,1,930,959,109.76,109.67999999999999,109.75,109.69,eod,-0.0800000000000125,-0.0007289293849659454,-7.289293849659455,,
2004-05-19,1,930,959,109.82000000000001,109.39999999999999,109.81,109.41,eod,-0.4200000000000159,-0.003824788270649448,-38.24788270649448,,
2004-05-20,1,930,959,109.74000000000001,109.50999999999999,109.73,109.52,eod,-0.2300000000000182,-0.002096053950606199,-20.960539506061988,,
2004-05-21,1,930,959,109.76,109.92,109.75,109.93,eod,0.1599999999999966,0.0014578587699316317,14.578587699316317,,
2004-05-24,1,930,959,110.13000000000001,110.08,110.12,110.09,eod,-0.05000000000001137,-0.00045405012713413883,-4.540501271341388,,
2004-05-26,-1,930,959,111.78999999999999,112.10000000000001,111.8,112.09,eod,-0.3100000000000165,-0.0027728085867622224,-27.728085867622223,,
2004-05-27,1,930,959,112.54,112.71,112.53,112.72,eod,0.1699999999999875,0.0015107082555761797,15.107082555761798,,
2004-06-02,1,930,959,113.26,113.11,113.25,113.12,eod,-0.15000000000000568,-0.0013245033112583282,-13.245033112583283,,
2004-06-03,-1,930,959,112.53999999999999,112.24000000000001,112.55,112.23,eod,0.29999999999998295,0.0026654820079962944,26.654820079962946,,
2004-06-04,1,930,959,113.16000000000001,112.89999999999999,113.15,112.91,eod,-0.2600000000000193,-0.0022978347326559376,-22.978347326559376,,
2004-06-07,1,930,959,114.56,114.64,114.55,114.65,eod,0.0799999999999983,0.0006983849847228136,6.983849847228136,,
2004-06-08,-1,930,959,114.42999999999999,114.86,114.44,114.85,eod,-0.4300000000000068,-0.003757427472911629,-37.57427472911629,,
2004-06-09,-1,930,959,113.92,113.78,113.93,113.77,eod,0.14000000000000057,0.001228824716931454,12.28824716931454,,
2004-06-10,1,930,959,114.13000000000001,114.28999999999999,114.12,114.3,eod,0.15999999999998238,0.0014020329477741182,14.020329477741182,,
2004-06-14,-1,930,959,113.05,113.2,113.06,113.19,eod,-0.15000000000000568,-0.0013267291703520758,-13.267291703520758,,
2004-06-15,1,930,959,113.76,113.94,113.75,113.95,eod,0.1799999999999926,0.0015824175824175175,15.824175824175175,,
2004-06-17,-1,930,959,113.85,113.86,113.86,113.85,eod,-0.010000000000005116,-8.782715615672858e-05,-0.8782715615672858,,
2004-06-18,-1,930,959,113.72999999999999,113.72,113.74,113.71,eod,0.009999999999990905,8.791981712670042e-05,0.8791981712670042,,
2004-06-29,1,930,959,114.10000000000001,113.97,114.09,113.98,eod,-0.13000000000000966,-0.0011394513103690916,-11.394513103690917,,
2004-06-30,1,930,959,114.52000000000001,114.44,114.51,114.45,eod,-0.0800000000000125,-0.0006986289407039778,-6.986289407039778,,
2004-07-01,-1,930,959,113.02,113.21000000000001,113.03,113.2,eod,-0.19000000000001194,-0.0016809696540742451,-16.80969654074245,,
2004-07-02,-1,930,959,112.83999999999999,112.81,112.85,112.8,eod,0.029999999999986926,0.0002658396101017893,2.6583961010178934,,
2004-07-06,-1,930,959,112.1,111.97,112.11,111.96,eod,0.12999999999999545,0.0011595754170011191,11.59575417001119,,
2004-07-07,1,930,959,112.18,112.13,112.17,112.14,eod,-0.05000000000001137,-0.00044575198359642835,-4.457519835964283,,
2004-07-08,-1,930,959,111.69,111.23,111.7,111.22,eod,0.45999999999999375,0.004118173679498601,41.18173679498601,,
2004-07-09,1,930,959,111.65,111.63,111.64,111.64,eod,-0.020000000000010232,-0.00017914725904702824,-1.7914725904702824,,
2004-07-13,1,930,959,111.87,111.88,111.86,111.89,eod,0.009999999999990905,8.939746111202312e-05,0.8939746111202311,,
2004-07-14,-1,930,959,111.17999999999999,111.51,111.19,111.5,eod,-0.3300000000000125,-0.0029678927961148713,-29.678927961148712,,
2004-07-19,1,930,959,110.63000000000001,110.44,110.62,110.45,eod,-0.19000000000001194,-0.001717591755559681,-17.17591755559681,,
2004-07-20,1,930,959,111.07000000000001,111.22999999999999,111.06,111.24,eod,0.15999999999998238,0.0014406627048440697,14.406627048440697,,
2004-07-23,-1,930,959,109.19999999999999,108.93,109.21,108.92,eod,0.2699999999999818,0.0024723010713302977,24.723010713302976,,
2004-07-27,1,930,959,109.94000000000001,109.86999999999999,109.93,109.88,eod,-0.0700000000000216,-0.0006367688529065914,-6.367688529065914,,
2004-07-29,1,930,959,110.49000000000001,110.53999999999999,110.48,110.55,eod,0.04999999999998295,0.00045257060101360375,4.525706010136037,,
2004-07-30,-1,930,959,110.17999999999999,110.68,110.19,110.67,eod,-0.5000000000000142,-0.004537616843633852,-45.376168436338524,,
2004-08-03,-1,930,959,110.39999999999999,110.36,110.41,110.35,eod,0.03999999999999204,0.00036228602481652066,3.622860248165207,,
2004-08-06,-1,930,959,106.72999999999999,106.84,106.74,106.83,eod,-0.11000000000001364,-0.00103054150271701,-10.3054150271701,,
2004-08-09,1,930,959,107.29,107.0,107.28,107.01,eod,-0.29000000000000625,-0.0027032065622670234,-27.032065622670235,,
2004-08-10,1,930,959,108.08,108.36,108.07,108.37,eod,0.28000000000000114,0.0025909132969371813,25.90913296937181,,
2004-08-11,-1,930,959,108.14,108.10000000000001,108.15,108.09,eod,0.03999999999999204,0.0003698566805362186,3.698566805362186,,
2004-08-12,-1,930,959,107.05,106.86,107.06,106.85,eod,0.18999999999999773,0.0017747057724640176,17.747057724640175,,
2004-08-16,1,930,959,108.38000000000001,108.52,108.37,108.53,eod,0.13999999999998636,0.0012918704438496479,12.918704438496478,,
2004-08-19,-1,930,959,109.57,109.62,109.58,109.61,eod,-0.05000000000001137,-0.0004562876437307115,-4.562876437307115,,
2004-08-20,1,930,959,110.49000000000001,110.42999999999999,110.48,110.44,eod,-0.060000000000016485,-0.000543084721216659,-5.43084721216659,,
2004-08-23,-1,930,959,110.16,110.21000000000001,110.17,110.2,eod,-0.05000000000001137,-0.0004538440591813685,-4.538440591813685,,
2004-08-27,1,930,959,111.5,111.44999999999999,111.49,111.46,eod,-0.05000000000001137,-0.0004484707148624215,-4.484707148624215,,
2004-08-30,-1,930,959,110.75999999999999,110.59,110.77,110.58,eod,0.1699999999999875,0.0015347115645029114,15.347115645029115,,
2004-08-31,1,930,959,110.7,111.05999999999999,110.69,111.07,eod,0.3599999999999852,0.0032523263167403126,32.52326316740313,,
2004-09-02,1,930,959,112.45,112.53999999999999,112.44,112.55,eod,0.0899999999999892,0.0008004268943435539,8.00426894343554,,
2004-09-07,1,930,959,112.45,112.8,112.44,112.81,eod,0.3499999999999943,0.0031127712557808104,31.127712557808106,,
2004-09-08,-1,930,959,112.44,112.36,112.45,112.35,eod,0.0799999999999983,0.0007114273010226616,7.114273010226616,,
2004-09-09,1,930,959,112.61,112.49,112.6,112.5,eod,-0.12000000000000455,-0.0010657193605684242,-10.657193605684242,,
2004-09-13,1,930,959,113.27000000000001,113.3,113.26,113.31,eod,0.029999999999986926,0.00026487727352981566,2.6487727352981567,,
2004-09-15,-1,930,959,112.92999999999999,112.75,112.94,112.74,eod,0.1799999999999926,0.0015937666017353694,15.937666017353694,,
2004-09-16,1,930,959,113.03,113.08999999999999,113.02,113.1,eod,0.05999999999998806,0.0005308794903555837,5.308794903555837,,
2004-09-20,-1,930,959,112.58999999999999,112.53,112.6,112.52,eod,0.05999999999998806,0.0005328596802840858,5.328596802840858,,
2004-09-21,1,930,959,113.27000000000001,113.22999999999999,113.26,113.24,eod,-0.040000000000020464,-0.00035316969804008886,-3.5316969804008886,,
2004-09-22,-1,930,959,111.63,111.64,111.64,111.63,eod,-0.010000000000005116,-8.957362952351412e-05,-0.8957362952351412,,
2004-09-23,-1,930,959,111.42,111.15,111.43,111.14,eod,0.269999999999996,0.002423045858386395,24.23045858386395,,
2004-09-24,1,930,959,111.5,111.33,111.49,111.34,eod,-0.1700000000000017,-0.0015248004305319016,-15.248004305319016,,
2004-09-27,-1,930,959,110.86999999999999,110.68,110.88,110.67,eod,0.18999999999998352,0.001713564213564065,17.13564213564065,,
2004-09-28,1,930,959,111.45,111.33999999999999,111.44,111.35,eod,-0.11000000000001364,-0.0009870782483849035,-9.870782483849036,,
2004-09-30,-1,930,959,111.53999999999999,111.75,111.55,111.74,eod,-0.21000000000000796,-0.0018825638727028953,-18.825638727028952,,
2004-10-01,1,930,959,113.34,113.47,113.33,113.48,eod,0.12999999999999545,0.0011470925615458876,11.470925615458876,,
2004-10-04,1,930,959,114.12,113.83999999999999,114.11,113.85,eod,-0.28000000000001535,-0.0024537726754886983,-24.537726754886982,,
2004-10-07,-1,930,959,113.5,113.39,113.51,113.38,eod,0.10999999999999943,0.0009690776143071045,9.690776143071044,,
2004-10-11,1,930,959,112.81,112.86,112.8,112.87,eod,0.04999999999999716,0.00044326241134749257,4.432624113474926,,
2004-10-12,-1,930,959,112.74,112.54,112.75,112.53,eod,0.19999999999998863,0.0017738359201772828,17.738359201772827,,
2004-10-14,-1,930,959,110.61999999999999,110.71000000000001,110.63,110.7,eod,-0.09000000000001762,-0.0008135225526531468,-8.135225526531467,,
2004-10-20,-1,930,959,110.52,110.73,110.53,110.72,eod,-0.21000000000000796,-0.0018999366687777793,-18.999366687777794,,
2004-10-21,1,930,959,111.15,111.03,111.14,111.04,eod,-0.12000000000000455,-0.0010797192729890637,-10.797192729890638,,
2004-10-25,-1,930,959,109.86999999999999,109.88000000000001,109.88,109.87,eod,-0.010000000000019327,-9.100837277047076e-05,-0.9100837277047076,,
2004-10-26,1,930,959,111.11,111.39,111.1,111.4,eod,0.28000000000000114,0.0025202520252025308,25.20252025202531,,
2004-11-01,1,930,959,113.47,113.47999999999999,113.46,113.49,eod,0.009999999999990905,8.813678829535436e-05,0.8813678829535436,,
2004-11-03,1,930,959,114.47,114.75999999999999,114.46,114.77,eod,0.28999999999999204,0.0025336362047876293,25.336362047876293,,
2004-11-04,1,930,959,116.38000000000001,116.55999999999999,116.37,116.57,eod,0.1799999999999784,0.0015467904098992729,15.46790409899273,,
2004-11-05,1,930,959,117.04,117.08999999999999,117.03,117.1,eod,0.04999999999998295,0.00042724087840710027,4.272408784071002,,
2004-11-09,1,930,959,117.09,116.99,117.08,117.0,eod,-0.10000000000000853,-0.0008541168431842204,-8.541168431842204,,
2004-11-10,-1,930,959,116.91,116.93,116.92,116.92,eod,-0.020000000000010232,-0.00017105713308253705,-1.7105713308253705,,
2004-11-11,1,930,959,118.05000000000001,117.97999999999999,118.04,117.99,eod,-0.0700000000000216,-0.0005930193154864588,-5.930193154864588,,
2004-11-15,-1,930,959,118.5,118.68,118.51,118.67,eod,-0.18000000000000682,-0.0015188591680027578,-15.188591680027578,,
2004-11-16,-1,930,959,117.99,117.77000000000001,118.0,117.76,eod,0.21999999999998465,0.001864406779660887,18.64406779660887,,
2004-11-17,1,930,959,118.16000000000001,118.39,118.15,118.4,eod,0.22999999999998977,0.0019466779517561554,19.466779517561555,,
2004-11-19,-1,930,959,117.19,117.33,117.2,117.32,eod,-0.14000000000000057,-0.0011945392491467626,-11.945392491467626,,
2004-11-24,1,930,959,118.49000000000001,118.53,118.48,118.54,eod,0.03999999999999204,0.0003376097231599598,3.3760972315995983,,
2004-11-30,-1,930,959,117.94,117.74000000000001,117.95,117.73,eod,0.19999999999998863,0.0016956337431113914,16.956337431113916,,
2004-12-01,1,930,959,119.34,119.46,119.33,119.47,eod,0.11999999999999034,0.0010056146819742758,10.056146819742759,,
2004-12-02,-1,930,959,119.42,119.4,119.43,119.39,eod,0.01999999999999602,0.00016746211169719517,1.6746211169719518,,
2004-12-03,1,930,959,119.51,119.42,119.5,119.43,eod,-0.09000000000000341,-0.0007531380753138361,-7.531380753138361,,
2004-12-06,-1,930,959,119.35,119.35000000000001,119.36,119.34,eod,-1.4210854715202004e-14,-1.1905876939679963e-16,-1.1905876939679964e-12,,
2004-12-08,1,930,959,118.48,118.61,118.47,118.62,eod,0.12999999999999545,0.0010973242171013376,10.973242171013375,,
2004-12-13,1,930,959,120.11,120.28,120.1,120.29,eod,0.1700000000000017,0.001415487094088274,14.154870940882741,,
2004-12-14,1,930,959,120.77000000000001,120.78,120.76,120.79,eod,0.009999999999990905,8.280887711155104e-05,0.8280887711155105,,
2004-12-16,-1,930,959,120.75999999999999,120.71000000000001,120.77,120.7,eod,0.04999999999998295,0.0004140101018463439,4.140101018463439,,
2004-12-17,-1,930,959,119.47,119.43,119.48,119.42,eod,0.03999999999999204,0.00033478406427847374,3.3478406427847376,,
2004-12-21,1,930,959,120.27000000000001,120.39,120.26,120.4,eod,0.11999999999999034,0.0009978380176283912,9.978380176283911,,
2004-12-28,1,930,959,121.11,121.22999999999999,121.1,121.24,eod,0.11999999999999034,0.0009909165978529344,9.909165978529344,,
2004-12-30,1,930,959,121.46000000000001,121.22,121.45,121.23,eod,-0.2400000000000091,-0.0019761218608481605,-19.761218608481606,,
2004-12-31,1,930,959,121.48,121.03,121.47,121.04,eod,-0.45000000000000284,-0.0037046184243023205,-37.046184243023205,,
2005-01-06,1,930,959,118.72,118.69,118.71,118.7,eod,-0.030000000000001137,-0.00025271670457418193,-2.527167045741819,,
2005-01-07,1,930,959,118.77000000000001,118.55,118.76,118.56,eod,-0.22000000000001307,-0.001852475581003815,-18.52475581003815,,
2005-01-10,1,930,959,118.82000000000001,118.92999999999999,118.81,118.94,eod,0.10999999999998522,0.0009258479925930916,9.258479925930917,,
2005-01-11,-1,930,959,118.42999999999999,118.30000000000001,118.44,118.29,eod,0.12999999999998124,0.0010976021614317903,10.976021614317903,,
2005-01-13,-1,930,959,117.85,117.69000000000001,117.86,117.68,eod,0.15999999999998238,0.001357542847445973,13.57542847445973,,
2005-01-14,1,930,959,118.36,118.41,118.35,118.42,eod,0.04999999999999716,0.00042247570764678634,4.2247570764678635,,
2005-01-19,-1,930,959,118.53,118.42,118.54,118.41,eod,0.10999999999999943,0.0009279568078285762,9.279568078285763,,
2005-01-20,-1,930,959,117.58999999999999,117.58,117.6,117.57,eod,0.009999999999990905,8.503401360536484e-05,0.8503401360536484,,
2005-01-25,1,930,959,116.91000000000001,116.86,116.9,116.87,eod,-0.05000000000001137,-0.00042771599657836926,-4.277159965783692,,
2005-01-26,1,930,959,117.46000000000001,117.39999999999999,117.45,117.41,eod,-0.060000000000016485,-0.0005108556832696167,-5.108556832696167,,
2005-01-31,1,930,959,117.84,118.05999999999999,117.83,118.07,eod,0.21999999999998465,0.0018670966646862823,18.670966646862823,,
2005-02-01,1,930,959,118.79,118.89999999999999,118.78,118.91,eod,0.10999999999998522,0.0009260818319581177,9.260818319581176,,
2005-02-03,-1,930,959,118.89,119.06,118.9,119.05,eod,-0.1700000000000017,-0.0014297729184188537,-14.297729184188537,,
2005-02-04,1,930,959,120.07000000000001,120.32,120.06,120.33,eod,0.2499999999999858,0.0020822921872395953,20.822921872395952,,
2005-02-08,1,930,959,120.37,120.33,120.36,120.34,eod,-0.04000000000000625,-0.00033233632436030454,-3.3233632436030454,,
2005-02-09,-1,930,959,119.55999999999999,119.31,119.57,119.3,eod,0.2499999999999858,0.0020908254578906565,20.908254578906565,,
2005-02-10,1,930,959,119.99000000000001,119.82,119.98,119.83,eod,-0.17000000000001592,-0.001416902817136322,-14.16902817136322,,
2005-02-22,-1,930,959,118.72,118.68,118.73,118.67,eod,0.03999999999999204,0.000336898846121385,3.36898846121385,,
2005-02-23,1,930,959,119.5,119.33,119.49,119.34,eod,-0.1700000000000017,-0.001422713197757149,-14.227131977571489,,
2005-03-01,1,930,959,121.48,121.28999999999999,121.47,121.3,eod,-0.19000000000001194,-0.0015641722235944014,-15.641722235944014,,
2005-03-03,1,930,959,121.53,121.35,121.52,121.36,eod,-0.18000000000000682,-0.00148123765635292,-14.8123765635292,,
2005-03-04,1,930,959,122.74000000000001,122.55,122.73,122.56,eod,-0.19000000000001194,-0.001548113745620565,-15.48113745620565,,
2005-03-07,1,930,959,123.02000000000001,122.77,123.01,122.78,eod,-0.2500000000000142,-0.0020323550930819788,-20.32355093081979,,
2005-03-08,-1,930,959,122.42999999999999,122.22,122.44,122.21,eod,0.20999999999999375,0.001715125775890181,17.15125775890181,,
2005-03-09,-1,930,959,121.39999999999999,121.01,121.41,121.0,eod,0.38999999999998636,0.003212255992092796,32.12255992092796,,
2005-03-10,1,930,959,121.15,121.19,121.14,121.2,eod,0.03999999999999204,0.0003301964668977385,3.301964668977385,,
2005-03-14,1,930,959,120.91000000000001,121.03,120.9,121.04,eod,0.11999999999999034,0.0009925558312654287,9.925558312654287,,
2005-03-16,-1,930,959,118.97999999999999,119.19000000000001,118.99,119.18,eod,-0.21000000000002217,-0.0017648541894278694,-17.648541894278694,,
2005-03-18,-1,930,959,118.49,118.82000000000001,118.5,118.81,eod,-0.3300000000000125,-0.002784810126582384,-27.84810126582384,,
2005-03-21,-1,930,959,118.58,118.27000000000001,118.59,118.26,eod,0.30999999999998806,0.0026140484020574085,26.140484020574085,,
2005-03-24,1,930,959,117.43,117.14,117.42,117.15,eod,-0.29000000000000625,-0.0024697666496338463,-24.697666496338464,,
2005-03-28,1,930,959,117.67,117.35,117.66,117.36,eod,-0.3200000000000074,-0.002719700832908443,-27.19700832908443,,
2005-03-29,-1,930,959,116.64,116.42,116.65,116.41,eod,0.21999999999999886,0.0018859837119588414,18.859837119588413,,
2005-03-30,1,930,959,117.81,118.11,117.8,118.12,eod,0.29999999999999716,0.0025466893039048995,25.466893039048994,,
2005-03-31,1,930,959,118.2,117.94999999999999,118.19,117.96,eod,-0.2500000000000142,-0.0021152381758187174,-21.152381758187175,,
2005-04-05,1,930,959,118.08,118.08,118.07,118.09,eod,0.0,0.0,0.0,,
2005-04-06,1,930,959,118.34,118.36999999999999,118.33,118.38,eod,0.029999999999986926,0.00025352826840181633,2.5352826840181635,,
2005-04-07,1,930,959,119.08,119.13,119.07,119.14,eod,0.04999999999999716,0.0004199210548416659,4.199210548416659,,
2005-04-13,-1,930,959,117.25999999999999,117.44000000000001,117.27,117.43,eod,-0.18000000000002103,-0.001534919416730801,-15.34919416730801,,
2005-04-15,-1,930,959,114.75999999999999,114.29,114.77,114.28,eod,0.46999999999998465,0.004095146815369736,40.95146815369736,,
2005-04-18,1,930,959,114.88000000000001,114.58999999999999,114.87,114.6,eod,-0.29000000000002046,-0.0025245930181946588,-25.245930181946587,,
2005-04-19,1,930,959,115.28,115.28,115.27,115.29,eod,0.0,0.0,0.0,,
2005-04-20,-1,930,959,113.96,113.83,113.97,113.82,eod,0.12999999999999545,0.001140651048521501,11.40651048521501,,
2005-04-21,1,930,959,115.85000000000001,115.99,115.84,116.0,eod,0.13999999999998636,0.0012085635359114844,12.085635359114844,,
2005-04-22,-1,930,959,114.36999999999999,115.30000000000001,114.38,115.29,eod,-0.930000000000021,-0.008130792096520555,-81.30792096520555,,
2005-04-25,1,930,959,115.94000000000001,116.27,115.93,116.28,eod,0.3299999999999841,0.0028465453290777544,28.465453290777543,,
2005-04-26,-1,930,959,115.75999999999999,115.23,115.77,115.22,eod,0.5299999999999869,0.004578042670812706,45.78042670812706,,
2005-04-28,-1,930,959,114.69999999999999,114.4,114.71,114.39,eod,0.29999999999998295,0.00261529073315302,26.1529073315302,,
2005-04-29,1,930,959,115.5,115.69999999999999,115.49,115.71,eod,0.19999999999998863,0.001731751666810881,17.31751666810881,,
2005-05-02,1,930,959,116.14,116.35,116.13,116.36,eod,0.20999999999999375,0.0018083182640144127,18.083182640144127,,
2005-05-04,1,930,959,117.65,117.63,117.64,117.64,eod,-0.020000000000010232,-0.0001700102006121237,-1.700102006121237,,
2005-05-06,1,930,959,117.49000000000001,117.19999999999999,117.48,117.21,eod,-0.29000000000002046,-0.0024685052774942157,-24.685052774942157,,
2005-05-09,1,930,959,117.64,118.00999999999999,117.63,118.02,eod,0.36999999999999034,0.0031454560911331323,31.454560911331324,,
2005-05-10,-1,930,959,116.61,116.7,116.62,116.69,eod,-0.09000000000000341,-0.0007717372663351347,-7.717372663351347,,
2005-05-12,-1,930,959,116.19,116.09,116.2,116.08,eod,0.09999999999999432,0.0008605851979345465,8.605851979345465,,
2005-05-13,-1,930,959,115.67,115.61,115.68,115.6,eod,0.060000000000002274,0.0005186721991701441,5.186721991701441,,
2005-05-16,1,930,959,116.79,116.77,116.78,116.78,eod,-0.020000000000010232,-0.0001712622024320109,-1.712622024320109,,
2005-05-18,1,930,959,118.80000000000001,118.78999999999999,118.79,118.8,eod,-0.010000000000019327,-8.418217021651086e-05,-0.8418217021651087,,
2005-05-19,1,930,959,119.26,119.36,119.25,119.37,eod,0.09999999999999432,0.0008385744234800362,8.385744234800363,,
2005-05-20,-1,930,959,119.19999999999999,119.16000000000001,119.21,119.15,eod,0.03999999999997783,0.00033554232027495877,3.355423202749588,,
2005-05-23,1,930,959,119.81,119.64,119.8,119.65,eod,-0.1700000000000017,-0.0014190317195325686,-14.190317195325687,,
2005-05-25,-1,930,959,119.25999999999999,119.34,119.27,119.33,eod,-0.0800000000000125,-0.00067074704452094,-6.7074704452094,,
2005-05-26,1,930,959,120.02000000000001,120.03,120.01,120.04,eod,0.009999999999990905,8.332638946746858e-05,0.8332638946746858,,
2005-05-31,-1,930,959,119.83,119.45,119.84,119.44,eod,0.37999999999999545,0.003170894526034675,31.708945260346752,,
2005-06-01,1,930,948,120.17,120.53,120.16,120.54,eod,0.35999999999999943,0.0029960053262316866,29.960053262316865,,
2005-06-07,1,930,959,120.37,120.05,120.36,120.06,eod,-0.3200000000000074,-0.002658690594882082,-26.58690594882082,,
2005-06-10,-1,930,959,120.05999999999999,120.22,120.07,120.21,eod,-0.1600000000000108,-0.001332556008994843,-13.32556008994843,,
2005-06-14,1,930,959,120.75,120.82,120.74,120.83,eod,0.06999999999999318,0.0005797581580254528,5.797581580254528,,
2005-06-15,1,930,959,120.88000000000001,121.05,120.87,121.06,eod,0.1699999999999875,0.001406469760900037,14.06469760900037,,
2005-06-17,1,930,959,121.65,121.58,121.64,121.59,eod,-0.07000000000000739,-0.0005754685958566869,-5.754685958566869,,
2005-06-21,-1,930,959,121.22,121.31,121.23,121.3,eod,-0.09000000000000341,-0.0007423904974016614,-7.423904974016614,,
2005-06-22,1,930,959,121.36,121.35,121.35,121.36,eod,-0.010000000000005116,-8.240626287602074e-05,-0.8240626287602074,,
2005-06-23,-1,930,959,120.17,120.02000000000001,120.18,120.01,eod,0.14999999999999147,0.0012481278082874976,12.481278082874976,,
2005-06-24,-1,930,959,119.38,119.10000000000001,119.39,119.09,eod,0.2799999999999869,0.002345255046486196,23.45255046486196,,
2005-06-28,1,930,959,120.14,120.14,120.13,120.15,eod,0.0,0.0,0.0,,
2005-07-01,1,930,959,119.25,119.49,119.24,119.5,eod,0.23999999999999488,0.002012747400201232,20.12747400201232,,
2005-07-08,1,930,959,121.29,121.21,121.28,121.22,eod,-0.0800000000000125,-0.0006596306068602614,-6.596306068602614,,
2005-07-11,1,930,959,121.74000000000001,122.00999999999999,121.73,122.02,eod,0.2699999999999818,0.00221802349461909,22.1802349461909,,
2005-07-13,1,930,959,122.43,122.33999999999999,122.42,122.35,eod,-0.09000000000001762,-0.0007351739911780561,-7.351739911780561,,
2005-07-14,1,930,959,122.83,122.72999999999999,122.82,122.74,eod,-0.10000000000000853,-0.0008141996417522271,-8.141996417522272,,
2005-07-18,-1,930,959,122.30999999999999,122.21000000000001,122.32,122.2,eod,0.0999999999999801,0.0008175277959448995,8.175277959448994,,
2005-07-19,1,930,959,122.92,122.99,122.91,123.0,eod,0.06999999999999318,0.0005695224147749832,5.6952241477498315,,
2005-07-21,-1,930,959,122.94,122.71000000000001,122.95,122.7,eod,0.22999999999998977,0.001870679137860836,18.706791378608358,,
2005-07-22,1,930,959,123.4,123.42,123.39,123.43,eod,0.01999999999999602,0.00016208768943995477,1.6208768943995477,,
2005-07-26,1,930,959,123.402,123.22,123.392,123.23,eod,-0.18200000000000216,-0.001474974066390059,-14.74974066390059,,
2005-07-27,1,930,959,123.82000000000001,123.78,123.81,123.79,eod,-0.04000000000000625,-0.0003230756804782025,-3.230756804782025,,
2005-07-28,1,930,959,124.53,124.49,124.52,124.5,eod,-0.04000000000000625,-0.0003212335367812902,-3.212335367812902,,
2005-08-01,1,930,959,123.88000000000001,123.55,123.87,123.56,eod,-0.3300000000000125,-0.002664083313150985,-26.64083313150985,,
2005-08-02,1,930,959,124.41000000000001,124.44999999999999,124.4,124.46,eod,0.03999999999997783,0.0003215434083599504,3.215434083599504,,
2005-08-04,-1,930,959,123.91,123.67,123.92,123.66,eod,0.23999999999999488,0.0019367333763718115,19.367333763718115,,
2005-08-05,-1,930,959,122.86,122.79,122.87,122.78,eod,0.06999999999999318,0.0005697078212744622,5.697078212744622,,
2005-08-09,1,930,959,122.98,123.33,122.97,123.34,eod,0.3499999999999943,0.002846222655932295,28.46222655932295,,
2005-08-11,1,930,959,123.79,123.96,123.78,123.97,eod,0.1699999999999875,0.0013734044272094644,13.734044272094645,,
2005-08-12,-1,930,959,123.55999999999999,123.25,123.57,123.24,eod,0.30999999999998806,0.0025086995225377363,25.08699522537736,,
2005-08-16,-1,930,959,122.3,122.12,122.31,122.11,eod,0.1799999999999926,0.0014716703458424708,14.716703458424707,,
2005-08-17,1,930,959,122.43,122.28999999999999,122.42,122.3,eod,-0.14000000000001478,-0.0011436039862768729,-11.436039862768729,,
2005-08-18,-1,930,959,122.13,122.12,122.14,122.11,eod,0.009999999999990905,8.187326019314643e-05,0.8187326019314642,,
2005-08-19,1,930,959,122.48,122.25999999999999,122.47,122.27,eod,-0.22000000000001307,-0.0017963582918266766,-17.963582918266766,,
2005-08-23,-1,930,959,122.17999999999999,122.08,122.19,122.07,eod,0.09999999999999432,0.000818397577543124,8.18397577543124,,
2005-08-24,-1,930,959,121.36,121.25,121.37,121.24,eod,0.10999999999999943,0.0009063195188267235,9.063195188267235,,
2005-08-26,-1,930,959,121.08,120.83,121.09,120.82,eod,0.25,0.0020645800644148978,20.645800644148977,,
2005-08-30,-1,930,959,120.66,121.19000000000001,120.67,121.18,eod,-0.5300000000000153,-0.004392143863429314,-43.921438634293146,,
2005-09-01,1,930,959,122.56,122.52,122.55,122.53,eod,-0.04000000000000625,-0.0003263973888209405,-3.2639738882094047,,
2005-09-06,1,930,959,123.60000000000001,123.74,123.59,123.75,eod,0.13999999999998636,0.00113277773282617,11.3277773282617,,
2005-09-08,-1,930,959,123.44,123.59,123.45,123.58,eod,-0.15000000000000568,-0.0012150668286756232,-12.150668286756233,,
2005-09-09,1,930,959,124.64,124.47,124.63,124.48,eod,-0.1700000000000017,-0.0013640375511514218,-13.640375511514218,,
2005-09-12,1,930,959,124.64,124.41,124.63,124.42,eod,-0.23000000000000398,-0.0018454625692048783,-18.454625692048783,,
2005-09-13,-1,930,959,123.78,123.56,123.79,123.55,eod,0.21999999999999886,0.0017772033282171327,17.77203328217133,,
2005-09-19,-1,930,959,122.72,122.97,122.73,122.96,eod,-0.25,-0.002036991770553247,-20.36991770553247,,
2005-09-21,-1,930,959,121.05,120.89150000000001,121.06,120.8815,eod,0.15849999999998943,0.0013092681315049514,13.092681315049514,,
2005-09-22,1,930,959,121.59,121.44,121.58,121.45,eod,-0.15000000000000568,-0.0012337555519000302,-12.337555519000302,,
2005-09-27,1,930,959,121.82000000000001,121.49,121.81,121.5,eod,-0.3300000000000125,-0.002709137180855533,-27.09137180855533,,
2005-09-28,1,930,959,121.77000000000001,121.67,121.76,121.68,eod,-0.10000000000000853,-0.0008212877792379149,-8.21287779237915,,
2005-10-04,-1,930,959,121.69999999999999,121.39,121.71,121.38,eod,0.30999999999998806,0.002547038041245486,25.47038041245486,,
2005-10-05,-1,930,959,120.11,119.65,120.12,119.64,eod,0.45999999999999375,0.0038295038295037775,38.29503829503778,,
2005-10-07,1,930,959,119.52000000000001,119.64999999999999,119.51,119.66,eod,0.12999999999998124,0.0010877750815829741,10.87775081582974,,
2005-10-10,-1,930,959,118.83,118.78,118.84,118.77,eod,0.04999999999999716,0.0004207337596768525,4.207337596768525,,
2005-10-13,-1,930,959,117.75999999999999,117.76,117.77,117.75,eod,-1.4210854715202004e-14,-1.2066616893268238e-16,-1.2066616893268237e-12,,
2005-10-14,1,930,959,118.58,118.74,118.57,118.75,eod,0.1599999999999966,0.00134941384835959,13.4941384835959,,
2005-10-17,1,930,959,118.96000000000001,119.05999999999999,118.95,119.07,eod,0.0999999999999801,0.0008406893652793619,8.406893652793618,,
2005-10-18,-1,930,959,118.3,117.91000000000001,118.31,117.9,eod,0.38999999999998636,0.0032964246471134,32.964246471134,,
2005-10-20,-1,930,959,117.42999999999999,117.73,117.44,117.72,eod,-0.30000000000001137,-0.002554495912806636,-25.544959128066363,,
2005-10-21,1,930,959,118.24000000000001,118.00999999999999,118.23,118.02,eod,-0.2300000000000182,-0.001945360737545616,-19.453607375456162,,
2005-10-24,1,930,959,119.49000000000001,120.03,119.48,120.04,eod,0.539999999999992,0.0045195848677602275,45.19584867760228,,
2005-10-25,-1,930,959,119.30999999999999,119.74000000000001,119.32,119.73,eod,-0.43000000000002103,-0.003603754609453747,-36.03754609453747,,
2005-10-27,-1,930,959,118.11999999999999,117.99000000000001,118.13,117.98,eod,0.12999999999998124,0.0011004825192582853,11.004825192582853,,
2005-10-28,1,930,959,119.64,119.89999999999999,119.63,119.91,eod,0.2599999999999909,0.00217336788430988,21.7336788430988,,
2005-10-31,1,930,959,121.15,120.69999999999999,121.14,120.71,eod,-0.45000000000001705,-0.003714710252600438,-37.14710252600438,,
2005-11-01,-1,930,959,120.42,120.33,120.43,120.32,eod,0.09000000000000341,0.0007473220958233281,7.473220958233282,,
2005-11-02,1,930,959,121.57000000000001,121.61,121.56,121.62,eod,0.03999999999999204,0.0003290556103980918,3.290556103980918,,
2005-11-03,1,930,959,122.04,122.14,122.03,122.15,eod,0.09999999999999432,0.0008194706219781555,8.194706219781555,,
2005-11-07,1,930,959,122.25,122.42999999999999,122.24,122.44,eod,0.1799999999999926,0.0014725130890051751,14.725130890051751,,
2005-11-08,-1,930,959,122.27,122.08,122.28,122.07,eod,0.18999999999999773,0.001553810925744175,15.53810925744175,,
2005-11-10,1,930,959,123.37,123.33,123.36,123.34,eod,-0.04000000000000625,-0.00032425421530484964,-3.2425421530484964,,
2005-11-11,1,930,959,123.67,123.64,123.66,123.65,eod,-0.030000000000001137,-0.0002426006792819112,-2.426006792819112,,
2005-11-15,-1,930,959,123.05,123.16000000000001,123.06,123.15,eod,-0.11000000000001364,-0.0008938729075248955,-8.938729075248954,,
2005-11-16,1,930,959,123.44000000000001,123.46,123.43,123.47,eod,0.01999999999998181,0.00016203516162992634,1.6203516162992633,,
2005-11-17,1,930,959,124.4,124.52,124.39,124.53,eod,0.11999999999999034,0.0009647077739367339,9.647077739367338,,
2005-11-18,1,930,959,124.79,125.08,124.78,125.09,eod,0.28999999999999204,0.0023240903991023566,23.240903991023565,,
2005-11-23,1,930,959,126.98,126.86999999999999,126.97,126.88,eod,-0.11000000000001364,-0.0008663463810349975,-8.663463810349976,,
2005-11-28,-1,930,959,126.11999999999999,126.16000000000001,126.13,126.15,eod,-0.040000000000020464,-0.0003171331166258659,-3.171331166258659,,
2005-11-29,1,930,959,126.38000000000001,126.1,126.37,126.11,eod,-0.28000000000001535,-0.0022157157553217956,-22.157157553217957,,
2005-12-01,1,930,959,126.86,126.89,126.85,126.9,eod,0.030000000000001137,0.00023649980291683988,2.3649980291683987,,
2005-12-05,-1,930,959,126.44999999999999,126.64,126.46,126.63,eod,-0.19000000000001194,-0.0015024513680216033,-15.024513680216034,,
2005-12-06,1,930,959,126.99000000000001,126.72,126.98,126.73,eod,-0.27000000000001023,-0.002126319105371005,-21.263191053710052,,
2005-12-07,-1,930,959,125.88,126.16000000000001,125.89,126.15,eod,-0.28000000000001535,-0.0022241639526572035,-22.241639526572033,,
2005-12-08,-1,930,959,125.78999999999999,126.04,125.8,126.03,eod,-0.2500000000000142,-0.001987281399046218,-19.87281399046218,,
2005-12-09,1,930,959,126.62,126.39999999999999,126.61,126.41,eod,-0.22000000000001307,-0.0017376194613380703,-17.376194613380704,,
2005-12-12,1,930,959,126.48,126.49,126.47,126.5,eod,0.009999999999990905,7.90701352098593e-05,0.790701352098593,,
2005-12-16,-1,930,959,126.69999999999999,126.61,126.71,126.6,eod,0.0899999999999892,0.0007102833241258717,7.1028332412587165,,
2005-12-21,1,930,959,125.94000000000001,126.11,125.93,126.12,eod,0.1699999999999875,0.001349956324942329,13.49956324942329,,
2005-12-22,1,930,959,126.59,126.64999999999999,126.58,126.66,eod,0.05999999999998806,0.00047400853215348446,4.740085321534845,,
2005-12-28,1,930,959,125.93,125.63,125.92,125.64,eod,-0.30000000000001137,-0.0023824650571792516,-23.824650571792517,,
2005-12-30,-1,930,959,124.835,124.57000000000001,124.845,124.56,eod,0.26499999999998636,0.002122632063758952,21.22632063758952,,
2006-01-03,1,930,959,126.65,126.75,126.64,126.76,eod,0.09999999999999432,0.0007896399241945224,7.8963992419452245,,
2006-01-04,1,930,959,127.25,127.25,127.24,127.26,eod,0.0,0.0,0.0,,
2006-01-06,1,930,959,128.48999999999998,128.4,128.48,128.41,eod,-0.08999999999997499,-0.0007004981320047867,-7.004981320047867,,
2006-01-09,1,930,959,128.66,128.92000000000002,128.65,128.93,eod,0.2600000000000193,0.0020209871745046197,20.209871745046197,,
2006-01-10,-1,930,959,128.70000000000002,128.89,128.71,128.88,eod,-0.1899999999999693,-0.0014761867764740057,-14.761867764740057,,
2006-01-12,-1,930,959,128.54000000000002,128.6,128.55,128.59,eod,-0.05999999999997385,-0.00046674445740936484,-4.667444574093649,,
2006-01-17,-1,930,959,128.24,128.26999999999998,128.25,128.26,eod,-0.029999999999972715,-0.00023391812865475802,-2.3391812865475803,,
2006-01-18,-1,930,959,127.72,127.80000000000001,127.73,127.79,eod,-0.0800000000000125,-0.0006263211461677954,-6.263211461677955,,
2006-01-19,1,930,959,128.48999999999998,128.36,128.48,128.37,eod,-0.12999999999996703,-0.0010118306351180498,-10.118306351180497,,
2006-01-20,-1,930,959,126.3,126.14,126.31,126.13,eod,0.1599999999999966,0.0012667247248831968,12.667247248831968,,
2006-01-23,1,930,959,126.47,126.32,126.46,126.33,eod,-0.15000000000000568,-0.001186145816859131,-11.861458168591309,,
2006-01-24,1,930,959,126.74000000000001,126.58999999999999,126.73,126.6,eod,-0.1500000000000199,-0.0011836187169574678,-11.836187169574679,,
2006-01-26,1,930,959,127.48,127.39999999999999,127.47,127.41,eod,-0.0800000000000125,-0.0006275986506629992,-6.275986506629992,,
2006-01-27,1,930,959,128.39,128.29000000000002,128.38,128.3,eod,-0.0999999999999659,-0.0007789375292098917,-7.789375292098916,,
2006-01-30,1,930,959,128.5,128.52,128.49,128.53,eod,0.020000000000010232,0.00015565413650875734,1.5565413650875735,,
2006-01-31,-1,930,959,128.46,127.96000000000001,128.47,127.95,eod,0.5,0.0038919592122674553,38.91959212267455,,
2006-02-02,-1,930,959,127.19,127.13000000000001,127.2,127.12,eod,0.05999999999998806,0.00047169811320745334,4.716981132074533,,
2006-02-03,-1,930,959,126.52,126.41000000000001,126.53,126.4,eod,0.10999999999998522,0.0008693590452855861,8.693590452855862,,
2006-02-06,1,930,959,126.56,126.55,126.55,126.56,eod,-0.010000000000005116,-7.90201501383257e-05,-0.790201501383257,,
2006-02-07,-1,930,959,125.47999999999999,125.58,125.49,125.57,eod,-0.10000000000000853,-0.0007968762451192009,-7.968762451192009,,
2006-02-08,1,930,959,126.61,126.61,126.6,126.62,eod,0.0,0.0,0.0,,
2006-02-09,1,930,959,126.75,126.49,126.74,126.5,eod,-0.2600000000000051,-0.0020514439008995195,-20.514439008995193,,
2006-02-13,-1,930,959,126.19,126.47,126.2,126.46,eod,-0.28000000000000114,-0.002218700475435825,-22.18700475435825,,
2006-02-14,1,930,959,127.79,127.69999999999999,127.78,127.71,eod,-0.09000000000001762,-0.0007043355767727158,-7.043355767727158,,
2006-02-16,1,930,959,128.79,129.09,128.78,129.1,eod,0.30000000000001137,0.00232955427861478,23.2955427861478,,
2006-02-17,-1,930,959,128.8,128.89,128.81,128.88,eod,-0.08999999999997499,-0.0006987035168075071,-6.987035168075071,,
2006-02-22,1,930,959,129.42,129.42000000000002,129.41,129.43,eod,2.842170943040401e-14,2.196252950344178e-16,2.196252950344178e-12,,
2006-02-23,-1,930,959,129.36,129.01999999999998,129.37,129.01,eod,0.34000000000003183,0.0026281208935613498,26.2812089356135,,
2006-02-24,1,930,959,129.32999999999998,129.23000000000002,129.32,129.24,eod,-0.0999999999999659,-0.0007732755954219447,-7.7327559542194475,,
2006-02-27,1,930,959,129.95999999999998,129.67000000000002,129.95,129.68,eod,-0.2899999999999636,-0.00223162754905705,-22.3162754905705,,
2006-02-28,-1,930,959,128.37,128.26,128.38,128.25,eod,0.11000000000001364,0.0008568312821312793,8.568312821312793,,
2006-03-01,1,930,959,129.39,129.39000000000001,129.38,129.4,eod,2.842170943040401e-14,2.1967622067092294e-16,2.1967622067092293e-12,,
2006-03-02,-1,930,959,129.26000000000002,129.23,129.27,129.22,eod,0.03000000000002956,0.000232072406591085,2.32072406591085,,
2006-03-06,-1,930,959,128.17000000000002,128.16,128.18,128.15,eod,0.010000000000019327,7.801529099718619e-05,0.7801529099718619,,
2006-03-07,-1,930,959,127.72,127.87,127.73,127.86,eod,-0.15000000000000568,-0.0011743521490644772,-11.743521490644772,,
2006-03-08,1,930,959,128.34,128.20000000000002,128.33,128.21,eod,-0.13999999999998636,-0.0010909374269460481,-10.909374269460482,,
2006-03-10,1,930,959,128.35,128.51000000000002,128.34,128.52,eod,0.160000000000025,0.0012466884837153266,12.466884837153266,,
2006-03-13,1,930,959,128.67,128.8,128.66,128.81,eod,0.13000000000002387,0.0010104150474119686,10.104150474119686,,
2006-03-14,1,930,959,130.1,130.11,130.09,130.12,eod,0.010000000000019327,7.6869859328306e-05,0.7686985932830599,,
2006-03-16,1,930,959,131.07,131.0,131.06,131.01,eod,-0.06999999999999318,-0.0005341065160994443,-5.341065160994443,,
2006-03-17,-1,930,959,130.47,130.57999999999998,130.48,130.57,eod,-0.10999999999998522,-0.000843041079092468,-8.43041079092468,,
2006-03-21,-1,930,959,129.51000000000002,129.60999999999999,129.52,129.6,eod,-0.0999999999999659,-0.0007720815318094957,-7.7208153180949575,,
2006-03-22,1,930,959,130.26,130.41,130.25,130.42,eod,0.15000000000000568,0.001151631477927107,11.516314779271069,,
2006-03-23,-1,930,959,130.06,130.09,130.07,130.08,eod,-0.030000000000001137,-0.0002306450372876231,-2.306450372876231,,
2006-03-28,-1,930,959,129.23000000000002,129.23,129.24,129.22,eod,2.842170943040401e-14,2.1991418624577535e-16,2.1991418624577533e-12,,
2006-03-29,1,930,959,130.42999999999998,130.20000000000002,130.42,130.21,eod,-0.22999999999996135,-0.0017635332004290857,-17.635332004290856,,
2006-04-03,1,930,959,130.25,129.68,130.24,129.69,eod,-0.5699999999999932,-0.004376535626535574,-43.76535626535574,,
2006-04-05,1,930,959,131.14999999999998,131.03,131.14,131.04,eod,-0.11999999999997613,-0.0009150526155252107,-9.150526155252107,,
2006-04-06,-1,930,959,130.83,130.82999999999998,130.84,130.82,eod,2.842170943040401e-14,2.17224926860318e-16,2.17224926860318e-12,,
2006-04-10,1,930,959,129.57,129.59,129.56,129.6,eod,0.020000000000010232,0.00015436863229399683,1.5436863229399684,,
2006-04-12,1,930,959,128.82,128.83,128.81,128.84,eod,0.010000000000019327,7.763372408989462e-05,0.7763372408989462,,
2006-04-13,-1,930,959,128.73000000000002,128.87,128.74,128.86,eod,-0.13999999999998636,-0.0010874631039302963,-10.874631039302963,,
2006-04-18,1,930,959,130.76999999999998,130.72,130.76,130.73,eod,-0.04999999999998295,-0.00038237993270100147,-3.823799327010015,,
2006-04-19,1,930,959,130.97,130.98000000000002,130.96,130.99,eod,0.010000000000019327,7.635919364706266e-05,0.7635919364706266,,
2006-04-24,-1,930,959,130.88,130.84,130.89,130.83,eod,0.03999999999999204,0.00030560012223998815,3.0560012223998814,,
2006-04-26,1,930,959,130.39999999999998,130.57000000000002,130.39,130.58,eod,0.17000000000004434,0.0013037809647982541,13.037809647982542,,
2006-05-02,1,930,959,131.31,131.36,131.3,131.37,eod,0.05000000000001137,0.00038080731150046734,3.808073115004673,,
2006-05-03,-1,930,959,130.71,130.8312,130.72,130.8212,eod,-0.12119999999998754,-0.0009271725826192437,-9.271725826192437,,
2006-05-04,1,930,959,131.39,131.27,131.38,131.28,eod,-0.11999999999997613,-0.0009133810321203846,-9.133810321203846,,
2006-05-05,1,930,959,132.59,132.70000000000002,132.58,132.71,eod,0.11000000000001364,0.0008296877357068459,8.296877357068459,,
2006-05-09,-1,930,959,132.49,132.54,132.5,132.53,eod,-0.04999999999998295,-0.000377358490565909,-3.7735849056590904,,
2006-05-11,-1,930,959,130.61,130.79,130.62,130.78,eod,-0.1799999999999784,-0.0013780431786861,-13.780431786861,,
2006-05-12,-1,930,959,129.54000000000002,129.26,129.55,129.25,eod,0.28000000000002956,0.0021613276727134663,21.613276727134664,,
2006-05-17,-1,930,959,127.58999999999999,127.21000000000001,127.6,127.2,eod,0.37999999999998124,0.0029780564263321417,29.780564263321416,,
2006-05-19,1,930,959,126.75,126.94999999999999,126.74,126.96,eod,0.19999999999998863,0.0015780337699225868,15.780337699225868,,
2006-05-23,1,930,959,126.79,125.86,126.78,125.87,eod,-0.9300000000000068,-0.007335541883577905,-73.35541883577905,,
2006-05-25,1,930,959,127.33,127.61999999999999,127.32,127.63,eod,0.28999999999999204,0.002277725416273893,22.77725416273893,,
2006-05-26,1,930,959,128.29,128.29000000000002,128.28,128.3,eod,2.842170943040401e-14,2.2155994255070165e-16,2.2155994255070165e-12,,
2006-05-30,-1,930,959,126.55999999999999,126.30000000000001,126.57,126.29,eod,0.2599999999999767,0.0020541992573277768,20.541992573277767,,
2006-05-31,1,930,959,126.88000000000001,127.28999999999999,126.87,127.3,eod,0.4099999999999824,0.003231654449436292,32.31654449436292,,
2006-06-01,1,930,959,128.57999999999998,128.81,128.57,128.82,eod,0.2300000000000182,0.0017889087656530933,17.889087656530933,,
2006-06-05,-1,930,959,127.17999999999999,126.91000000000001,127.19,126.9,eod,0.2699999999999818,0.0021228083968864047,21.22808396886405,,
2006-06-06,-1,930,959,126.11,126.75,126.12,126.74,eod,-0.6400000000000006,-0.0050745321915635945,-50.74532191563595,,
2006-06-08,-1,930,959,125.72,126.13000000000001,125.73,126.12,eod,-0.4100000000000108,-0.0032609560168616143,-32.60956016861614,,
2006-06-15,1,930,959,125.75,125.99,125.74,126.0,eod,0.23999999999999488,0.00190870049308092,19.0870049308092,,
2006-06-16,-1,930,959,125.27,124.99000000000001,125.28,124.98,eod,0.2799999999999869,0.002234993614303855,22.34993614303855,,
2006-06-21,1,930,959,125.38000000000001,125.11999999999999,125.37,125.13,eod,-0.2600000000000193,-0.0020738613703439367,-20.738613703439366,,
2006-06-22,-1,930,959,124.55999999999999,124.46000000000001,124.57,124.45,eod,0.0999999999999801,0.0008027614995583215,8.027614995583216,,
2006-06-26,1,930,959,124.82000000000001,125.03,124.81,125.04,eod,0.20999999999999375,0.0016825574873807687,16.825574873807685,,
2006-06-28,1,930,959,124.47,124.57,124.46,124.58,eod,0.09999999999999432,0.0008034709946970458,8.034709946970457,,
2006-06-29,1,930,959,127.08,127.21,127.07,127.22,eod,0.12999999999999545,0.0010230581569213462,10.230581569213463,,
2006-07-05,-1,930,959,127.0,127.04,127.01,127.03,eod,-0.04000000000000625,-0.000314935831824315,-3.14935831824315,,
2006-07-06,1,930,959,127.25,127.36,127.24,127.37,eod,0.10999999999999943,0.0008645080163470562,8.645080163470562,,
2006-07-07,-1,930,959,126.36,126.54,126.37,126.53,eod,-0.18000000000000682,-0.0014243886998497018,-14.243886998497018,,
2006-07-10,1,930,959,126.78,126.72,126.77,126.73,eod,-0.060000000000002274,-0.00047329809891932063,-4.732980989193206,,
2006-07-13,-1,930,959,124.33,124.2,124.34,124.19,eod,0.12999999999999545,0.0010455203474344173,10.455203474344172,,
2006-07-14,-1,930,959,123.39999999999999,123.64,123.41,123.63,eod,-0.2400000000000091,-0.0019447370553440492,-19.447370553440493,,
2006-07-19,1,930,959,126.14,125.96,126.13,125.97,eod,-0.18000000000000682,-0.0014270990248157205,-14.270990248157204,,
2006-07-20,-1,930,959,125.22,124.97,125.23,124.96,eod,0.25,0.0019963267587638743,19.963267587638743,,
2006-07-21,-1,930,959,124.11,124.12,124.12,124.11,eod,-0.010000000000005116,-8.056719303903574e-05,-0.8056719303903574,,
2006-07-24,1,930,959,126.27000000000001,126.11999999999999,126.26,126.13,eod,-0.1500000000000199,-0.0011880247109141446,-11.880247109141447,,
2006-07-28,1,930,959,127.88000000000001,127.83999999999999,127.87,127.85,eod,-0.040000000000020464,-0.0003128177054822903,-3.128177054822903,,
2006-07-31,-1,930,959,127.74,127.68,127.75,127.67,eod,0.05999999999998806,0.00046966731898229403,4.69667318982294,,
2006-08-01,-1,930,959,126.88,127.18,126.89,127.17,eod,-0.30000000000001137,-0.002364252502167321,-23.64252502167321,,
2006-08-02,1,930,959,127.81,127.91,127.8,127.92,eod,0.09999999999999432,0.0007824726134584845,7.824726134584846,,
2006-08-07,-1,930,959,127.58,127.77000000000001,127.59,127.76,eod,-0.19000000000001194,-0.0014891449173133626,-14.891449173133626,,
2006-08-11,-1,930,959,126.77,126.85000000000001,126.78,126.84,eod,-0.0800000000000125,-0.000631014355576688,-6.310143555766881,,
2006-08-14,1,930,959,127.11,127.05,127.1,127.06,eod,-0.060000000000002274,-0.00047206923682141836,-4.720692368214183,,
2006-08-15,1,930,959,128.76,128.70000000000002,128.75,128.71,eod,-0.05999999999997385,-0.00046601941747552504,-4.66019417475525,,
2006-08-16,1,930,959,129.76999999999998,129.73000000000002,129.76,129.74,eod,-0.03999999999996362,-0.00030826140567172955,-3.0826140567172953,,
2006-08-21,-1,930,959,130.08,130.10999999999999,130.09,130.1,eod,-0.029999999999972715,-0.00023060957798426256,-2.3060957798426256,,
2006-08-24,1,930,959,129.78,129.87,129.77,129.88,eod,0.09000000000000341,0.0006935347152654959,6.935347152654959,,
2006-08-28,1,930,959,130.60999999999999,130.47,130.6,130.48,eod,-0.13999999999998636,-0.0010719754977028052,-10.719754977028051,,
2006-08-31,1,930,959,130.95999999999998,130.70000000000002,130.95,130.71,eod,-0.2599999999999625,-0.0019854906452841732,-19.854906452841732,,
2006-09-01,1,930,959,131.45,131.46,131.44,131.47,eod,0.010000000000019327,7.608034084007401e-05,0.7608034084007401,,
2006-09-06,-1,930,959,130.42000000000002,130.42999999999998,130.43,130.42,eod,-0.009999999999962483,-7.666947788056798e-05,-0.7666947788056798,,
2006-09-07,-1,930,959,130.0,129.82999999999998,130.01,129.82,eod,0.17000000000001592,0.001307591723713683,13.07591723713683,,
2006-09-08,1,930,959,130.39999999999998,130.29000000000002,130.39,130.3,eod,-0.1099999999999568,-0.0008436229772218484,-8.436229772218484,,
2006-09-11,-1,930,959,130.23000000000002,130.39,130.24,130.38,eod,-0.15999999999996817,-0.001228501228500984,-12.285012285009842,,
2006-09-12,1,930,959,131.76,131.63,131.75,131.64,eod,-0.12999999999999545,-0.0009867172675521476,-9.867172675521475,,
2006-09-13,1,930,959,132.17,132.22,132.16,132.23,eod,0.05000000000001137,0.00037832929782090927,3.7832929782090927,,
2006-09-14,-1,930,959,131.98000000000002,132.06,131.99,132.05,eod,-0.07999999999998408,-0.0006061065232213355,-6.061065232213355,,
2006-09-18,1,930,959,132.01999999999998,132.02,132.01,132.03,eod,2.842170943040401e-14,2.152996699523067e-16,2.152996699523067e-12,,
2006-09-19,-1,930,959,131.56,131.76,131.57,131.75,eod,-0.19999999999998863,-0.0015201033670288716,-15.201033670288716,,
2006-09-20,1,930,959,132.51,132.4,132.5,132.41,eod,-0.10999999999998522,-0.0008301886792451714,-8.301886792451715,,
2006-09-22,-1,930,959,131.38,131.41,131.39,131.4,eod,-0.030000000000001137,-0.0002283278788340143,-2.283278788340143,,
2006-09-25,1,930,959,132.78,132.53,132.77,132.54,eod,-0.25,-0.0018829554869322887,-18.829554869322887,,
2006-09-29,-1,930,959,133.69,133.48999999999998,133.7,133.48,eod,0.20000000000001705,0.001495886312640367,14.95886312640367,,
2006-10-05,1,930,959,135.34,135.29000000000002,135.33,135.3,eod,-0.04999999999998295,-0.0003694672282567276,-3.694672282567276,,
2006-10-06,-1,930,959,134.81,135.04,134.82,135.03,eod,-0.22999999999998977,-0.0017059783414922845,-17.059783414922844,,
2006-10-11,-1,930,959,134.9,135.0,134.91,134.99,eod,-0.09999999999999432,-0.0007412348973389246,-7.412348973389246,,
2006-10-12,1,930,959,136.31,136.25,136.3,136.26,eod,-0.060000000000002274,-0.0004402054292003101,-4.402054292003101,,
2006-10-17,-1,930,959,136.58,136.47,136.59,136.46,eod,0.11000000000001364,0.0008053298191669496,8.053298191669496,,
2006-10-24,-1,930,959,137.58,137.78,137.59,137.77,eod,-0.19999999999998863,-0.0014535940111925912,-14.535940111925912,,
2006-10-25,1,930,959,138.17,138.19,138.16,138.2,eod,0.020000000000010232,0.00014475969889990036,1.4475969889990035,,
2006-10-26,1,930,959,138.87,138.85000000000002,138.86,138.86,eod,-0.01999999999998181,-0.00014402995823118112,-1.4402995823118112,,
2006-10-27,-1,930,959,137.82000000000002,137.92,137.83,137.91,eod,-0.0999999999999659,-0.0007255314517881876,-7.255314517881875,,
2006-11-02,-1,930,959,136.70000000000002,136.82,136.71,136.81,eod,-0.11999999999997613,-0.0008777704630237446,-8.777704630237446,,
2006-11-06,1,930,959,138.22,138.08,138.21,138.09,eod,-0.13999999999998636,-0.0010129513059835493,-10.129513059835492,,
2006-11-07,1,930,959,138.51,138.43,138.5,138.44,eod,-0.07999999999998408,-0.0005776173285197407,-5.776173285197407,,
2006-11-13,1,930,959,138.70999999999998,138.67000000000002,138.7,138.68,eod,-0.03999999999996362,-0.00028839221340997567,-2.8839221340997567,,
2006-11-15,1,930,959,140.14,139.96,140.13,139.97,eod,-0.1799999999999784,-0.0012845215157352345,-12.845215157352346,,
2006-11-16,1,930,959,140.47,140.22,140.46,140.23,eod,-0.25,-0.001779866154065214,-17.79866154065214,,
2006-11-22,1,930,959,140.84,140.91,140.83,140.92,eod,0.06999999999999318,0.0004970531846907135,4.970531846907135,,
2006-11-27,-1,930,959,138.56,138.51,138.57,138.5,eod,0.05000000000001137,0.0003608284621491764,3.608284621491764,,
2006-11-29,1,930,959,140.23999999999998,140.35000000000002,140.23,140.36,eod,0.11000000000004206,0.0007844255865367045,7.844255865367044,,
2006-11-30,1,930,959,141.01,140.45000000000002,141.0,140.46,eod,-0.5599999999999739,-0.003971631205673573,-39.71631205673573,,
2006-12-04,1,930,959,141.25,141.32000000000002,141.24,141.33,eod,0.0700000000000216,0.0004956103086945738,4.956103086945737,,
2006-12-05,1,930,959,141.79999999999998,141.88,141.79,141.89,eod,0.0800000000000125,0.0005642146836872312,5.642146836872312,,
2006-12-06,-1,930,959,141.67000000000002,141.76999999999998,141.68,141.76,eod,-0.0999999999999659,-0.0007058159232069868,-7.058159232069868,,
2006-12-11,1,930,959,141.78,141.73000000000002,141.77,141.74,eod,-0.04999999999998295,-0.00035268392466659336,-3.5268392466659337,,
2006-12-13,1,930,959,141.76999999999998,141.83,141.76,141.84,eod,0.060000000000030695,0.00042325056433430234,4.232505643343023,,
2006-12-14,1,930,959,143.13,142.97,143.12,142.98,eod,-0.1599999999999966,-0.0011179429849077459,-11.179429849077458,,
2006-12-15,-1,930,959,142.42000000000002,142.39,142.43,142.38,eod,0.03000000000002956,0.00021062978305153097,2.1062978305153095,,
2006-12-22,-1,930,959,141.10000000000002,140.85999999999999,141.11,140.85,eod,0.24000000000003752,0.0017008007937073027,17.008007937073028,,
2006-12-26,1,930,959,141.38,141.53,141.37,141.54,eod,0.15000000000000568,0.0010610454834830989,10.610454834830989,,
2006-12-27,1,930,959,142.51,142.58,142.5,142.59,eod,0.0700000000000216,0.0004912280701755902,4.912280701755902,,
2006-12-28,-1,930,959,142.34,142.2,142.35,142.19,eod,0.14000000000001478,0.0009834913944504024,9.834913944504024,,
2007-01-05,-1,930,959,140.82000000000002,140.76999999999998,140.83,140.76,eod,0.05000000000003979,0.00035503798906511247,3.550379890651125,,
2007-01-11,1,930,959,142.26999999999998,142.26000000000002,142.26,142.27,eod,-0.009999999999962483,-7.029382820162016e-05,-0.7029382820162016,,
2007-01-12,1,930,959,142.97,142.95000000000002,142.96,142.96,eod,-0.01999999999998181,-0.00013989927252365563,-1.3989927252365564,,
2007-01-19,1,930,959,142.88,142.93,142.87,142.94,eod,0.05000000000001137,0.00034996850283482443,3.499685028348244,,
2007-01-22,-1,930,959,142.16,142.20999999999998,142.17,142.2,eod,-0.04999999999998295,-0.00035169163677275763,-3.516916367727576,,
2007-01-23,1,930,959,142.69,142.74,142.68,142.75,eod,0.05000000000001137,0.00035043453882822656,3.5043453882822657,,
2007-01-24,1,930,959,143.81,143.9,143.8,143.91,eod,0.09000000000000341,0.000625869262865114,6.258692628651141,,
2007-01-25,-1,930,959,142.31,142.35999999999999,142.32,142.35,eod,-0.04999999999998295,-0.00035132096683518094,-3.5132096683518093,,
2007-01-26,-1,930,959,142.25,142.2,142.26,142.19,eod,0.05000000000001137,0.0003514691410094993,3.514691410094993,,
2007-01-30,1,930,959,142.67,142.75,142.66,142.76,eod,0.0800000000000125,0.0005607738679378418,5.607738679378418,,
2007-02-01,1,930,959,144.5,144.56,144.49,144.57,eod,0.060000000000002274,0.0004152536507716954,4.152536507716954,,
2007-02-06,1,930,959,144.79999999999998,144.78,144.79,144.79,eod,-0.01999999999998181,-0.00013813108640086893,-1.3813108640086893,,
2007-02-07,1,930,959,144.89999999999998,145.03,144.89,145.04,eod,0.13000000000002387,0.0008972323831874104,8.972323831874103,,
2007-02-08,-1,930,959,144.86,144.89,144.87,144.88,eod,-0.029999999999972715,-0.00020708221163783194,-2.0708221163783196,,
2007-02-12,-1,930,959,143.41,143.42999999999998,143.42,143.42,eod,-0.01999999999998181,-0.00013945056477466053,-1.3945056477466053,,
2007-02-13,1,930,959,144.35999999999999,144.51000000000002,144.35,144.52,eod,0.1500000000000341,0.0010391409767927546,10.391409767927545,,
2007-02-14,1,930,959,145.79,145.63,145.78,145.64,eod,-0.1599999999999966,-0.0010975442447523432,-10.975442447523431,,
2007-02-16,-1,930,959,145.64000000000001,145.7,145.65,145.69,eod,-0.05999999999997385,-0.0004119464469617154,-4.119464469617154,,
2007-02-21,-1,930,959,145.84,145.89999999999998,145.85,145.89,eod,-0.05999999999997385,-0.00041138155639337576,-4.113815563933757,,
2007-02-23,-1,930,959,145.43,145.37,145.44,145.36,eod,0.060000000000002274,0.00041254125412542816,4.125412541254281,,
2007-02-27,-1,930,959,140.67000000000002,140.01,140.68,140.0,eod,0.660000000000025,0.004691498436167366,46.91498436167366,,
2007-02-28,1,930,959,141.35999999999999,140.92000000000002,141.35,140.93,eod,-0.4399999999999693,-0.003112840466925853,-31.12840466925853,,
2007-03-01,-1,930,959,140.55,140.6,140.56,140.59,eod,-0.04999999999998295,-0.0003557199772338001,-3.5571997723380013,,
2007-03-02,-1,930,959,139.57000000000002,138.97,139.58,138.96,eod,0.6000000000000227,0.004298610116062636,42.986101160626355,,
2007-03-05,-1,930,959,138.54000000000002,137.7,138.55,137.69,eod,0.8400000000000318,0.006062793215445917,60.62793215445917,,
2007-03-06,1,930,959,140.0,139.8,139.99,139.81,eod,-0.19999999999998863,-0.0014286734766768242,-14.286734766768243,,
2007-03-08,1,930,959,140.60999999999999,140.54000000000002,140.6,140.55,eod,-0.06999999999996476,-0.0004978662873397209,-4.97866287339721,,
2007-03-13,-1,930,959,138.72,138.16,138.73,138.15,eod,0.5600000000000023,0.004036617890867168,40.366178908671685,,
2007-03-14,1,930,959,139.06,139.13,139.05,139.14,eod,0.06999999999999318,0.0005034160373965708,5.034160373965708,,
2007-03-15,1,930,959,139.5,139.56,139.49,139.57,eod,0.060000000000002274,0.0004301383611728602,4.301383611728602,,
2007-03-16,-1,930,959,138.54000000000002,138.48999999999998,138.55,138.48,eod,0.05000000000003979,0.00036088054853872096,3.6088054853872094,,
2007-03-19,1,930,959,139.81,140.06,139.8,140.07,eod,0.25,0.0017882689556509297,17.8826895565093,,
2007-03-22,-1,930,959,143.2099,143.32,143.2199,143.31,eod,-0.11009999999998854,-0.0007687479184106996,-7.687479184106995,,
2007-03-27,-1,930,959,142.87,142.72,142.88,142.71,eod,0.15000000000000568,0.0010498320268757398,10.498320268757398,,
2007-03-28,-1,930,959,141.93,141.54999999999998,141.94,141.54,eod,0.3800000000000239,0.002677187544032858,26.77187544032858,,
2007-03-29,1,930,959,141.94,142.11,141.93,142.12,eod,0.17000000000001592,0.00119777355034183,11.977735503418298,,
2007-04-02,1,930,959,142.39,142.29000000000002,142.38,142.3,eod,-0.0999999999999659,-0.0007023458350889584,-7.023458350889585,,
2007-04-03,1,930,959,143.67,143.65,143.66,143.66,eod,-0.01999999999998181,-0.00013921759710414737,-1.3921759710414736,,
2007-04-09,1,930,959,144.48999999999998,144.42000000000002,144.48,144.43,eod,-0.06999999999996476,-0.00048449612403076385,-4.844961240307638,,
2007-04-10,1,930,959,144.73999999999998,144.79000000000002,144.73,144.8,eod,0.05000000000003979,0.00034547087680536026,3.4547087680536026,,
2007-04-11,-1,930,959,143.83,143.84,143.84,143.83,eod,-0.009999999999990905,-6.952169076745623e-05,-0.6952169076745623,,
2007-04-13,1,930,959,145.20999999999998,145.24,145.2,145.25,eod,0.03000000000002956,0.00020661157024813747,2.0661157024813748,,
2007-04-16,1,930,959,146.73,146.77,146.72,146.78,eod,0.040000000000020464,0.00027262813522369457,2.7262813522369456,,
2007-04-17,1,930,959,147.01,147.06,147.0,147.07,eod,0.05000000000001137,0.00034013605442184604,3.4013605442184605,,
2007-04-20,1,930,959,148.1,148.46,148.09,148.47,eod,0.36000000000001364,0.002430954149503772,24.30954149503772,,
2007-04-25,1,930,959,149.57,149.45000000000002,149.56,149.46,eod,-0.11999999999997613,-0.000802353570473229,-8.02353570473229,,
2007-04-30,-1,930,959,148.77,148.23999999999998,148.78,148.23,eod,0.5300000000000296,0.0035623067616617123,35.62306761661712,,
2007-05-02,1,930,959,149.72,149.62,149.71,149.63,eod,-0.09999999999999432,-0.0006679580522342816,-6.679580522342817,,
2007-05-03,1,930,959,150.34,150.25,150.33,150.26,eod,-0.09000000000000341,-0.0005986828976252471,-5.986828976252472,,
2007-05-04,1,930,959,150.67,150.64000000000001,150.66,150.65,eod,-0.029999999999972715,-0.00019912385503765244,-1.9912385503765244,,
2007-05-07,1,930,959,150.98999999999998,150.95000000000002,150.98,150.96,eod,-0.03999999999996362,-0.00026493575307963717,-2.6493575307963715,,
2007-05-08,-1,930,959,150.84,150.87,150.85,150.86,eod,-0.030000000000001137,-0.0001988730527013665,-1.988730527013665,,
2007-05-10,-1,930,959,149.63,149.34,149.64,149.33,eod,0.28999999999999204,0.001937984496123978,19.37984496123978,,
2007-05-11,1,930,959,150.5,150.8,150.49,150.81,eod,0.30000000000001137,0.001993487939398042,19.93487939398042,,
2007-05-16,1,930,959,151.31,151.60000000000002,151.3,151.61,eod,0.29000000000002046,0.0019167217448778616,19.167217448778615,,
2007-05-18,1,930,959,152.25,152.49,152.24,152.5,eod,0.2400000000000091,0.0015764582238571275,15.764582238571275,,
2007-05-23,1,930,959,152.76,152.37,152.75,152.38,eod,-0.38999999999998636,-0.0025531914893616127,-25.531914893616126,,
2007-05-25,1,930,959,151.73,151.85000000000002,151.72,151.86,eod,0.12000000000003297,0.0007909306617455376,7.9093066174553766,,
2007-06-01,1,930,959,153.76,153.95000000000002,153.75,153.96,eod,0.19000000000002615,0.0012357723577237473,12.357723577237474,,
2007-06-05,-1,930,959,153.4,153.45,153.41,153.44,eod,-0.04999999999998295,-0.00032592399452436574,-3.2592399452436576,,
2007-06-06,-1,930,959,152.23000000000002,152.10999999999999,152.24,152.1,eod,0.12000000000003297,0.0007882291119287504,7.882291119287505,,
2007-06-07,-1,930,959,150.23000000000002,149.37,150.24,149.36,eod,0.8600000000000136,0.005724174653887204,57.24174653887204,,
2007-06-08,1,930,959,150.67,151.04000000000002,150.66,151.05,eod,0.37000000000003297,0.0024558608788001657,24.558608788001656,,
2007-06-11,1,930,959,151.7,151.29000000000002,151.69,151.3,eod,-0.40999999999996817,-0.002702880875469498,-27.028808754694982,,
2007-06-12,-1,930,959,150.13,149.67999999999998,150.14,149.67,eod,0.45000000000001705,0.0029972026108966107,29.972026108966105,,
2007-06-13,1,930,959,151.39,151.94,151.38,151.95,eod,0.5500000000000114,0.0036332408508390236,36.33240850839024,,
2007-06-14,1,930,959,152.85,152.70000000000002,152.84,152.71,eod,-0.14999999999997726,-0.0009814184768383752,-9.814184768383752,,
2007-06-15,1,930,959,153.17,153.04000000000002,153.16,153.05,eod,-0.12999999999996703,-0.0008487855837031016,-8.487855837031017,,
2007-06-20,-1,930,959,151.76000000000002,151.01,151.77,151.0,eod,0.7500000000000284,0.004941688080648536,49.41688080648536,,
2007-06-22,-1,930,959,150.25,150.25,150.26,150.24,eod,-0.0,-0.0,-0.0,,
2007-06-25,-1,930,959,149.54000000000002,149.62,149.55,149.61,eod,-0.07999999999998408,-0.0005349381477765568,-5.349381477765569,,
2007-07-02,1,930,959,151.59,151.79000000000002,151.58,151.8,eod,0.20000000000001705,0.001319435281699545,13.194352816995451,,
2007-07-09,1,930,959,153.23999999999998,153.08,153.23,153.09,eod,-0.15999999999996817,-0.0010441819487043542,-10.441819487043542,,
2007-07-10,-1,930,959,151.43,150.91,151.44,150.9,eod,0.5200000000000102,0.0034337031167459738,34.337031167459735,,
2007-07-12,1,930,959,154.14999999999998,154.72,154.14,154.73,eod,0.5700000000000216,0.003697936940443893,36.979369404438934,,
2007-07-17,1,930,959,155.23,154.86,155.22,154.87,eod,-0.3699999999999761,-0.002383713438989667,-23.837134389896672,,
2007-07-18,-1,930,959,153.82000000000002,154.59,153.83,154.58,eod,-0.7699999999999818,-0.005005525580185801,-50.05525580185801,,
2007-07-19,1,930,959,155.23999999999998,155.20000000000002,155.23,155.21,eod,-0.03999999999996362,-0.00025768214906888887,-2.576821490688889,,
2007-07-20,-1,930,959,153.73000000000002,153.34,153.74,153.33,eod,0.3900000000000148,0.0025367503577469414,25.367503577469414,,
2007-07-23,1,930,959,154.42,154.05,154.41,154.06,eod,-0.3699999999999761,-0.0023962178615373106,-23.962178615373105,,
2007-07-24,-1,930,959,151.32000000000002,151.13,151.33,151.12,eod,0.19000000000002615,0.001255534262869399,12.55534262869399,,
2007-07-25,1,930,959,151.82,151.73000000000002,151.81,151.74,eod,-0.08999999999997499,-0.000592846321059054,-5.9284632105905395,,
2007-07-26,-1,930,959,147.9,148.56,147.91,148.55,eod,-0.6599999999999966,-0.004462172943005859,-44.621729430058586,,
2007-07-27,-1,930,959,147.5,146.03,147.51,146.02,eod,1.4699999999999989,0.009965426072808616,99.65426072808616,,
2007-08-01,-1,930,959,144.5,146.63,144.51,146.62,eod,-2.1299999999999955,-0.014739464396927518,-147.39464396927517,,
2007-08-02,1,930,959,147.64,147.28,147.63,147.29,eod,-0.3599999999999852,-0.002438528754318128,-24.38528754318128,,
2007-08-03,-1,930,959,144.43,143.35,144.44,143.34,eod,1.0800000000000125,0.007477153143173723,74.77153143173723,,
2007-08-06,1,930,959,145.85999999999999,146.76000000000002,145.85,146.77,eod,0.9000000000000341,0.00617072334590356,61.7072334590356,,
2007-08-08,1,930,959,148.09,149.63,148.08,149.64,eod,1.539999999999992,0.010399783900594218,103.99783900594218,,
2007-08-09,-1,930,959,146.63,145.73,146.64,145.72,eod,0.9000000000000057,0.0061374795417349,61.374795417349006,,
2007-08-13,1,930,959,146.16,145.49,146.15,145.5,eod,-0.6699999999999875,-0.004584331166609562,-45.843311666095616,,
2007-08-16,-1,930,959,139.67000000000002,141.73999999999998,139.68,141.73,eod,-2.0699999999999648,-0.014819587628865726,-148.19587628865725,,
2007-08-17,1,930,959,144.5,144.73000000000002,144.49,144.74,eod,0.2300000000000182,0.0015918056612915646,15.918056612915647,,
2007-08-21,1,930,959,145.01,144.92000000000002,145.0,144.93,eod,-0.08999999999997499,-0.0006206896551722413,-6.206896551722413,,
2007-08-22,1,930,959,146.31,146.65,146.3,146.66,eod,0.3400000000000034,0.002323991797676031,23.239917976760314,,
2007-08-27,-1,930,959,147.25,146.92999999999998,147.26,146.92,eod,0.3200000000000216,0.002173027298655586,21.73027298655586,,
2007-08-28,-1,930,959,144.22,143.67,144.23,143.66,eod,0.5500000000000114,0.003813353671219659,38.13353671219659,,
2007-08-29,1,930,959,146.14,146.70000000000002,146.13,146.71,eod,0.5600000000000307,0.0038322042017383887,38.322042017383886,,
2007-08-30,-1,930,959,146.18,146.14999999999998,146.19,146.14,eod,0.03000000000002956,0.00020521239482884984,2.0521239482884983,,
2007-08-31,1,930,959,148.07,147.46,148.06,147.47,eod,-0.6099999999999852,-0.004119951371065684,-41.199513710656845,,
2007-09-04,1,930,959,149.89,149.22,149.88,149.23,eod,-0.6699999999999875,-0.004470242860955348,-44.70242860955348,,
2007-09-05,-1,930,959,147.53,147.57,147.54,147.56,eod,-0.03999999999999204,-0.0002711129185305141,-2.7111291853051407,,
2007-09-07,-1,930,959,145.43,145.85,145.44,145.84,eod,-0.4199999999999875,-0.0028877887788778017,-28.87788778877802,,
2007-09-10,1,930,959,146.29999999999998,145.5,146.29,145.51,eod,-0.799999999999983,-0.0054685897874084555,-54.68589787408455,,
2007-09-11,1,930,959,147.54,147.63,147.53,147.64,eod,0.09000000000000341,0.0006100454144919909,6.100454144919909,,
2007-09-13,1,930,959,148.95999999999998,148.8,148.95,148.81,eod,-0.15999999999996817,-0.0010741859684455736,-10.741859684455736,,
2007-09-17,-1,930,959,148.25,148.14,148.26,148.13,eod,0.11000000000001364,0.0007419398354243467,7.419398354243468,,
2007-09-18,1,930,959,152.04999999999998,152.39000000000001,152.04,152.4,eod,0.34000000000003183,0.0022362536174692967,22.362536174692966,,
2007-09-19,1,930,959,153.54,153.36,153.53,153.37,eod,-0.1799999999999784,-0.001172409301113648,-11.72409301113648,,
2007-09-20,-1,930,959,152.47,152.34,152.48,152.33,eod,0.12999999999999545,0.0008525708289611455,8.525708289611455,,
2007-09-24,-1,930,959,151.77,151.56,151.78,151.55,eod,0.21000000000000796,0.0013835814995388587,13.835814995388587,,
2007-09-25,-1,930,959,151.33,151.64,151.34,151.63,eod,-0.30999999999997385,-0.002048367913307611,-20.483679133076112,,
2007-09-26,1,930,959,152.72,152.36,152.71,152.37,eod,-0.3599999999999852,-0.002357409468927937,-23.574094689279367,,
2007-09-27,1,930,959,153.01,152.94,153.0,152.95,eod,-0.06999999999999318,-0.0004575163398692365,-4.575163398692364,,
2007-10-01,1,930,959,154.54999999999998,154.51000000000002,154.54,154.52,eod,-0.03999999999996362,-0.0002588326646820475,-2.588326646820475,,
2007-10-02,-1,930,959,154.24,154.44,154.25,154.43,eod,-0.19999999999998863,-0.001296596434359732,-12.965964343597319,,
2007-10-03,-1,930,959,153.69,153.81,153.7,153.8,eod,-0.12000000000000455,-0.0007807417046194181,-7.807417046194181,,
2007-10-05,1,930,959,155.79999999999998,155.59,155.79,155.6,eod,-0.20999999999997954,-0.00134796841902548,-13.479684190254801,,
2007-10-08,-1,930,959,154.99,155.2,155.0,155.19,eod,-0.20999999999997954,-0.0013548387096772873,-13.548387096772874,,
2007-10-09,1,930,959,156.26999999999998,156.4,156.26,156.41,eod,0.13000000000002387,0.0008319467554078067,8.319467554078066,,
2007-10-10,-1,930,959,156.29000000000002,156.04,156.3,156.03,eod,0.2500000000000284,0.0015994881637877696,15.994881637877697,,
2007-10-12,1,930,959,155.64,156.04000000000002,155.63,156.05,eod,0.4000000000000341,0.00257019854783804,25.701985478380397,,
2007-10-15,-1,930,959,154.19,154.84,154.2,154.83,eod,-0.6500000000000057,-0.004215304798962424,-42.153047989624234,,
2007-10-16,-1,930,959,153.68,153.76999999999998,153.69,153.76,eod,-0.08999999999997499,-0.0005855943782938056,-5.8559437829380565,,
2007-10-18,-1,930,959,153.76000000000002,153.82999999999998,153.77,153.82,eod,-0.06999999999996476,-0.0004552253365413589,-4.552253365413589,,
2007-10-19,-1,930,959,150.43,149.98,150.44,149.97,eod,0.45000000000001705,0.002991225737835795,29.912257378357953,,
2007-10-22,-1,930,959,149.77,150.6,149.78,150.59,eod,-0.8299999999999841,-0.005541460809186701,-55.41460809186701,,
2007-10-23,1,930,959,151.26,151.94,151.25,151.95,eod,0.6800000000000068,0.004495867768595087,44.95867768595087,,
2007-10-24,-1,930,959,151.70000000000002,151.57,151.71,151.56,eod,0.13000000000002387,0.0008568980291346904,8.568980291346904,,
2007-10-25,-1,930,959,151.20000000000002,151.32,151.21,151.31,eod,-0.11999999999997613,-0.0007935983069901205,-7.935983069901204,,
2007-10-26,1,930,959,152.98,153.44,152.97,153.45,eod,0.46000000000000796,0.0030071255801791723,30.07125580179172,,
2007-10-29,1,930,959,154.29999999999998,153.99,154.29,154.0,eod,-0.30999999999997385,-0.0020092034480521997,-20.092034480521995,,
2007-10-30,-1,930,959,153.36,153.07,153.37,153.06,eod,0.29000000000002046,0.0018908521875205088,18.90852187520509,,
2007-10-31,1,930,959,154.22,154.79000000000002,154.21,154.8,eod,0.5700000000000216,0.003696258349004744,36.96258349004744,,
2007-11-01,-1,930,959,151.16,150.79,151.17,150.78,eod,0.37000000000000455,0.0024475755771648116,24.475755771648117,,
2007-11-02,-1,930,959,150.23000000000002,151.13,150.24,151.12,eod,-0.8999999999999773,-0.005990415335463107,-59.90415335463107,,
2007-11-05,-1,930,959,150.72,150.2,150.73,150.19,eod,0.5200000000000102,0.0034498772639820225,34.498772639820224,,
2007-11-06,1,930,959,151.51999999999998,152.08,151.51,152.09,eod,0.5600000000000307,0.003696125668272924,36.96125668272924,,
2007-11-07,-1,930,959,148.59,147.59,148.6,147.58,eod,1.0,0.006729475100942127,67.29475100942126,,
2007-11-09,-1,930,959,147.25,145.28,147.26,145.27,eod,1.9699999999999989,0.013377699307347541,133.7769930734754,,
2007-11-13,1,930,959,147.57999999999998,148.19,147.57,148.2,eod,0.6100000000000136,0.00413363149691681,41.3363149691681,,
2007-11-14,1,930,959,148.70999999999998,147.09,148.7,147.1,eod,-1.6199999999999761,-0.010894418291862652,-108.94418291862651,,
2007-11-15,-1,930,959,145.53,145.35999999999999,145.54,145.35,eod,0.17000000000001592,0.0011680637625396174,11.680637625396173,,
2007-11-19,-1,930,959,144.06,143.54999999999998,144.07,143.54,eod,0.5100000000000193,0.003539945859651693,35.39945859651693,,
2007-11-21,-1,930,959,142.66,141.82,142.67,141.81,eod,0.8400000000000034,0.005887712903904139,58.877129039041385,,
2007-11-27,1,930,959,141.72,143.08,141.71,143.09,eod,1.3600000000000136,0.00959706442735173,95.9706442735173,,
2007-11-28,1,930,959,147.37,147.24,147.36,147.25,eod,-0.12999999999999545,-0.0008821932681867226,-8.821932681867226,,
2007-11-30,1,930,959,147.95,148.43,147.94,148.44,eod,0.4800000000000182,0.0032445586048399228,32.44558604839923,,
2007-12-03,-1,930,959,147.77,147.56,147.78,147.55,eod,0.21000000000000796,0.001421031262687833,14.21031262687833,,
2007-12-04,-1,930,959,146.87,146.57,146.88,146.56,eod,0.30000000000001137,0.0020424836601307963,20.424836601307963,,
2007-12-05,1,930,959,148.5,148.85000000000002,148.49,148.86,eod,0.35000000000002274,0.0023570610815544664,23.570610815544665,,
2007-12-06,1,930,959,150.81,151.10000000000002,150.8,151.11,eod,0.29000000000002046,0.0019230769230770587,19.230769230770587,,
2007-12-10,1,930,959,151.78,152.02,151.77,152.03,eod,0.2400000000000091,0.0015813401858075316,15.813401858075316,,
2007-12-13,-1,930,959,148.92000000000002,149.32,148.93,149.31,eod,-0.39999999999997726,-0.002685825555630009,-26.858255556300094,,
2007-12-14,-1,930,959,147.55,147.19,147.56,147.18,eod,0.36000000000001364,0.0024396855516401034,24.396855516401033,,
2007-12-17,-1,930,959,145.14000000000001,145.07999999999998,145.15,145.07,eod,0.060000000000030695,0.00041336548398229896,4.13365483982299,,
2007-12-18,1,930,959,145.98999999999998,145.81,145.98,145.82,eod,-0.1799999999999784,-0.0012330456226878916,-12.330456226878916,,
2007-12-19,1,930,959,145.98,145.61,145.97,145.62,eod,-0.3699999999999761,-0.0025347674179624314,-25.347674179624313,,
2007-12-20,1,930,959,146.07999999999998,146.52,146.07,146.53,eod,0.44000000000002615,0.0030122543985762044,30.122543985762043,,
2007-12-21,1,930,959,148.2,148.18,148.19,148.19,eod,-0.01999999999998181,-0.00013496187327067825,-1.3496187327067826,,
2007-12-27,-1,930,959,147.92000000000002,147.53,147.93,147.52,eod,0.3900000000000148,0.002636382072602006,26.36382072602006,,
2007-12-31,-1,930,959,147.14000000000001,146.42999999999998,147.15,146.42,eod,0.7100000000000364,0.004825008494733512,48.250084947335125,,
2008-01-04,-1,930,959,141.57000000000002,140.94,141.58,140.93,eod,0.6300000000000239,0.004449781042520298,44.49781042520298,,
2008-01-09,1,930,959,139.73,140.77,139.72,140.78,eod,1.0400000000000205,0.007443458345262099,74.434583452621,,
2008-01-11,-1,930,959,139.98000000000002,140.01999999999998,139.99,140.01,eod,-0.03999999999996362,-0.0002857346953351212,-2.857346953351212,,
2008-01-14,1,930,959,141.29,141.45000000000002,141.28,141.46,eod,0.160000000000025,0.0011325028312572552,11.325028312572552,,
2008-01-15,-1,930,959,138.69,137.95999999999998,138.7,137.95,eod,0.7300000000000182,0.005263157894736974,52.63157894736974,,
2008-01-22,-1,930,959,131.06,131.03,131.07,131.02,eod,0.030000000000001137,0.000228885328450455,2.28885328450455,,
2008-01-24,1,930,959,134.47,134.99,134.46,135.0,eod,0.5200000000000102,0.0038673211363975174,38.67321136397517,,
2008-02-01,1,930,959,139.26,139.44,139.25,139.45,eod,0.18000000000000682,0.0012926391382406235,12.926391382406235,,
2008-02-04,-1,930,959,138.4,138.01,138.41,138.0,eod,0.3900000000000148,0.0028177154829854404,28.177154829854405,,
2008-02-05,-1,930,959,134.17000000000002,133.70999999999998,134.18,133.7,eod,0.4600000000000364,0.0034282307348340764,34.282307348340765,,
2008-02-12,1,930,959,134.75,134.93,134.74,134.94,eod,0.18000000000000682,0.0013359061896987294,13.359061896987294,,
2008-02-13,1,930,959,136.75,136.70000000000002,136.74,136.71,eod,-0.04999999999998295,-0.00036565745209874903,-3.6565745209874905,,
2008-02-14,-1,930,959,135.68,135.01999999999998,135.69,135.01,eod,0.660000000000025,0.0048640282998012015,48.64028299801201,,
2008-02-15,-1,930,959,134.60000000000002,135.07,134.61,135.06,eod,-0.46999999999997044,-0.003491568234157718,-34.91568234157718,,
2008-02-28,-1,930,959,136.92000000000002,137.0,136.93,136.99,eod,-0.07999999999998408,-0.0005842401226903095,-5.842401226903095,,
2008-02-29,-1,930,959,133.69,133.23999999999998,133.7,133.23,eod,0.45000000000001705,0.003365744203440666,33.657442034406664,,
2008-03-03,-1,930,959,132.91,133.42,132.92,133.41,eod,-0.5099999999999909,-0.0038368943725548524,-38.368943725548526,,
2008-03-04,-1,930,959,132.45000000000002,132.92999999999998,132.46,132.92,eod,-0.47999999999996135,-0.003623735467310594,-36.23735467310594,,
2008-03-05,1,930,959,133.29,133.69,133.28,133.7,eod,0.4000000000000057,0.0030012004801921194,30.012004801921194,,
2008-03-06,-1,930,959,131.75,130.82999999999998,131.76,130.82,eod,0.9200000000000159,0.006982392228293989,69.82392228293989,,
2008-03-11,1,930,959,131.82999999999998,132.38,131.82,132.39,eod,0.5500000000000114,0.004172356243362247,41.723562433622476,,
2008-03-14,-1,930,959,129.94,129.26,129.95,129.25,eod,0.6800000000000068,0.005232781839168964,52.32781839168964,,
2008-03-17,-1,930,959,128.37,127.91000000000001,128.38,127.9,eod,0.45999999999999375,0.0035831126343666754,35.83112634366675,,
2008-03-18,1,930,959,132.41,133.31,132.4,133.32,eod,0.9000000000000057,0.006797583081571039,67.9758308157104,,
2008-03-24,1,930,959,134.81,134.76000000000002,134.8,134.77,eod,-0.04999999999998295,-0.00037091988130551147,-3.7091988130551146,,
2008-03-26,-1,930,959,133.76000000000002,133.84,133.77,133.83,eod,-0.07999999999998408,-0.000598041414367826,-5.98041414367826,,
2008-03-31,1,930,959,132.01,131.93,132.0,131.94,eod,-0.07999999999998408,-0.0006060606060604855,-6.060606060604855,,
2008-04-01,1,930,959,136.32999999999998,136.8,136.32,136.81,eod,0.4700000000000273,0.0034477699530518434,34.477699530518436,,
2008-04-02,-1,930,959,136.54000000000002,136.66,136.55,136.65,eod,-0.11999999999997613,-0.0008787989747343546,-8.787989747343547,,
2008-04-07,1,930,959,137.26999999999998,137.04000000000002,137.26,137.05,eod,-0.22999999999996135,-0.0016756520472093936,-16.756520472093936,,
2008-04-08,-1,930,959,136.39000000000001,136.47,136.4,136.46,eod,-0.07999999999998408,-0.0005865102639295021,-5.865102639295021,,
2008-04-09,-1,930,959,135.15,135.39999999999998,135.16,135.39,eod,-0.24999999999997158,-0.0018496596626218673,-18.496596626218672,,
2008-04-11,-1,930,959,133.62,133.29,133.63,133.28,eod,0.3300000000000125,0.00246950535059502,24.6950535059502,,
2008-04-15,1,930,959,133.19,133.49,133.18,133.5,eod,0.30000000000001137,0.002252590479050994,22.525904790509937,,
2008-04-16,1,930,959,136.09,136.21,136.08,136.22,eod,0.12000000000000455,0.0008818342151675818,8.818342151675818,,
2008-04-18,1,930,959,138.59,138.92000000000002,138.58,138.93,eod,0.3300000000000125,0.0023812960023092255,23.812960023092256,,
2008-04-21,-1,930,959,138.70000000000002,138.79999999999998,138.71,138.79,eod,-0.0999999999999659,-0.0007209285559798565,-7.209285559798564,,
2008-04-22,-1,930,959,137.39000000000001,137.7,137.4,137.69,eod,-0.30999999999997385,-0.002256186317321498,-22.56186317321498,,
2008-04-25,1,930,959,139.69,139.75,139.68,139.76,eod,0.060000000000002274,0.00042955326460482725,4.295532646048272,,
2008-04-29,-1,930,959,139.17000000000002,139.07999999999998,139.18,139.07,eod,0.09000000000003183,0.000646644632849776,6.46644632849776,,
2008-05-01,1,930,959,140.72,140.93,140.71,140.94,eod,0.21000000000000796,0.001492431241560713,14.924312415607131,,
2008-05-02,1,930,959,141.16,141.33,141.15,141.34,eod,0.17000000000001592,0.0012043924902587029,12.043924902587028,,
2008-05-05,-1,930,959,140.79000000000002,140.72,140.8,140.71,eod,0.0700000000000216,0.0004971590909092443,4.971590909092443,,
2008-05-07,-1,930,959,139.37,139.29,139.38,139.28,eod,0.0800000000000125,0.0005739704405224029,5.739704405224029,,
2008-05-08,1,930,959,139.51999999999998,139.83,139.51,139.84,eod,0.3100000000000307,0.0022220629345568827,22.220629345568828,,
2008-05-09,-1,930,959,139.18,138.94,139.19,138.93,eod,0.2400000000000091,0.0017242618004167619,17.242618004167618,,
2008-05-14,1,930,959,141.51,140.95000000000002,141.5,140.96,eod,-0.5599999999999739,-0.0039575971731446915,-39.57597173144691,,
2008-05-15,1,930,959,142.06,142.54000000000002,142.05,142.55,eod,0.4800000000000182,0.003379091869060318,33.79091869060318,,
2008-05-19,1,930,959,143.10999999999999,142.82000000000002,143.1,142.83,eod,-0.2899999999999636,-0.0020265548567432816,-20.265548567432816,,
2008-05-20,-1,930,959,141.51000000000002,141.64999999999998,141.52,141.64,eod,-0.13999999999995794,-0.0009892594686260452,-9.892594686260452,,
2008-05-23,-1,930,959,138.13,137.88,138.14,137.87,eod,0.25,0.001809758216302302,18.09758216302302,,
2008-05-27,1,930,959,138.76,138.73000000000002,138.75,138.74,eod,-0.029999999999972715,-0.00021621621621601957,-2.162162162160196,,
2008-05-28,1,930,959,139.10999999999999,139.36,139.1,139.37,eod,0.2500000000000284,0.0017972681524085438,17.972681524085438,,
2008-05-29,1,930,959,140.04999999999998,140.02,140.04,140.03,eod,-0.029999999999972715,-0.00021422450728343843,-2.1422450728343843,,
2008-05-30,1,930,959,140.5,140.10000000000002,140.49,140.11,eod,-0.39999999999997726,-0.0028471777350699496,-28.471777350699497,,
2008-06-02,-1,930,959,138.65,138.84,138.66,138.83,eod,-0.18999999999999773,-0.0013702581854896706,-13.702581854896705,,
2008-06-05,1,930,959,140.41,140.63,140.4,140.64,eod,0.21999999999999886,0.0015669515669515589,15.669515669515588,,
2008-06-06,-1,930,959,137.09,136.39,137.1,136.38,eod,0.700000000000017,0.005105762217359716,51.05762217359716,,
2008-06-10,-1,930,959,136.48000000000002,136.14999999999998,136.49,136.14,eod,0.3300000000000409,0.0024177595428239496,24.177595428239496,,
2008-06-11,-1,930,959,134.62,133.97,134.63,133.96,eod,0.6500000000000057,0.0048280472405853505,48.2804724058535,,
2008-06-13,1,930,959,135.56,136.39000000000001,135.55,136.4,eod,0.8300000000000125,0.0061232017705644595,61.232017705644594,,
2008-06-18,-1,930,959,134.63,134.34,134.64,134.33,eod,0.28999999999999204,0.002153891859774154,21.53891859774154,,
2008-06-20,-1,930,959,131.61,131.6,131.62,131.59,eod,0.010000000000019327,7.597629539598333e-05,0.7597629539598333,,
2008-06-24,-1,930,959,131.28,131.25,131.29,131.24,eod,0.030000000000001137,0.00022850178993069647,2.2850178993069648,,
2008-06-25,1,930,959,132.54999999999998,131.99,132.54,132.0,eod,-0.5599999999999739,-0.004225139580503801,-42.251395805038015,,
2008-06-26,-1,930,959,128.88,128.22,128.89,128.21,eod,0.6599999999999966,0.005120645511676598,51.20645511676598,,
2008-07-09,-1,930,959,125.50999999999999,124.46000000000001,125.52,124.45,eod,1.049999999999983,0.00836520076481822,83.6520076481822,,
2008-07-11,-1,930,959,124.1,124.03,124.11,124.02,eod,0.06999999999999318,0.0005640157924421335,5.6401579244213345,,
2008-07-15,-1,930,959,122.42,121.46000000000001,122.43,121.45,eod,0.9599999999999937,0.007841215388385149,78.41215388385149,,
2008-07-16,1,930,959,123.98,124.46,123.97,124.47,eod,0.47999999999998977,0.003871904493022423,38.71904493022423,,
2008-07-17,1,930,959,125.55000000000001,125.89999999999999,125.54,125.91,eod,0.3499999999999801,0.0027879560299504547,27.879560299504547,,
2008-07-18,-1,930,959,125.64999999999999,125.93,125.66,125.92,eod,-0.28000000000001535,-0.0022282349196245054,-22.282349196245054,,
2008-07-23,1,930,959,128.1,128.21,128.09,128.22,eod,0.11000000000001364,0.0008587711765166183,8.587711765166183,,
2008-07-24,-1,930,959,125.67,125.44000000000001,125.68,125.43,eod,0.22999999999998977,0.0018300445576065385,18.300445576065385,,
2008-07-29,1,930,959,125.95,126.25999999999999,125.94,126.27,eod,0.30999999999998806,0.0024614895982212805,24.614895982212804,,
2008-07-30,1,930,959,127.92,128.44,127.91,128.45,eod,0.519999999999996,0.004065358455163756,40.653584551637564,,
2008-07-31,-1,930,959,127.67,126.85000000000001,127.68,126.84,eod,0.8199999999999932,0.0064223057644109734,64.22305764410973,,
2008-08-01,-1,930,959,126.19999999999999,126.12,126.21,126.11,eod,0.07999999999998408,0.0006338641945961817,6.338641945961816,,
2008-08-04,-1,930,959,125.21,124.92,125.22,124.91,eod,0.28999999999999204,0.0023159239738060377,23.159239738060375,,
2008-08-05,1,930,959,127.83,128.41,127.82,128.42,eod,0.5799999999999983,0.004537631043655127,45.376310436551265,,
2008-08-07,-1,930,959,127.27,126.89,127.28,126.88,eod,0.37999999999999545,0.002985543683218066,29.85543683218066,,
2008-08-08,1,930,959,129.60999999999999,129.61,129.6,129.62,eod,2.842170943040401e-14,2.1930331350620377e-16,2.1930331350620376e-12,,
2008-08-11,1,930,959,130.26,130.64000000000001,130.25,130.65,eod,0.3800000000000239,0.0029174664107487437,29.174664107487438,,
2008-08-12,-1,930,959,129.16,129.26,129.17,129.25,eod,-0.09999999999999432,-0.000774173569714286,-7.74173569714286,,
2008-08-13,-1,930,959,129.11,128.82999999999998,129.12,128.82,eod,0.28000000000002956,0.002168525402726375,21.68525402726375,,
2008-08-15,1,930,959,130.07999999999998,130.04000000000002,130.07,130.05,eod,-0.03999999999996362,-0.00030752671638320614,-3.0752671638320614,,
2008-08-18,-1,930,959,128.08,128.26,128.09,128.25,eod,-0.1799999999999784,-0.0014052619252086689,-14.05261925208669,,
2008-08-19,-1,930,959,126.91,127.03,126.92,127.02,eod,-0.12000000000000455,-0.0009454774661204267,-9.454774661204267,,
2008-08-22,1,930,959,129.22,129.51000000000002,129.21,129.52,eod,0.29000000000002046,0.0022444083275289873,22.444083275289874,,
2008-08-25,-1,930,959,127.03999999999999,127.09,127.05,127.08,eod,-0.05000000000001137,-0.0003935458480913921,-3.9354584809139213,,
2008-08-28,1,930,959,130.10999999999999,130.29000000000002,130.1,130.3,eod,0.18000000000003524,0.0013835511145275576,13.835511145275575,,
2008-08-29,-1,930,959,128.88,128.7,128.89,128.69,eod,0.18000000000000682,0.0013965396850027685,13.965396850027686,,
2008-09-04,-1,930,959,124.66,124.09,124.67,124.08,eod,0.5699999999999932,0.004572070265500868,45.72070265500868,,
2008-09-08,1,930,959,126.64,127.24,126.63,127.25,eod,0.5999999999999943,0.004738213693437529,47.382136934375296,,
2008-09-09,-1,930,959,124.07,122.95,124.08,122.94,eod,1.1199999999999903,0.009026434558349374,90.26434558349374,,
2008-09-10,1,930,959,124.39,123.58999999999999,124.38,123.6,eod,-0.8000000000000114,-0.006431902235086119,-64.31902235086119,,
2008-09-15,-1,930,959,120.78999999999999,120.35000000000001,120.8,120.34,eod,0.4399999999999835,0.0036423841059601285,36.42384105960129,,
2008-09-17,-1,930,959,118.71,116.31,118.72,116.3,eod,2.3999999999999915,0.020215633423180522,202.15633423180523,,
2008-09-18,1,930,959,120.27000000000001,120.58,120.26,120.59,eod,0.30999999999998806,0.0025777482122067855,25.777482122067855,,
2008-09-19,1,930,959,124.33,125.03,124.32,125.04,eod,0.7000000000000028,0.005630630630630654,56.30630630630654,,
2008-09-22,-1,930,959,121.11,120.61,121.12,120.6,eod,0.5,0.004128137384412153,41.281373844121525,,
2008-09-25,1,930,959,121.53,121.0,121.52,121.01,eod,-0.5300000000000011,-0.0043614219881501085,-43.614219881501086,,
2008-09-26,-1,930,959,120.49,121.37,120.5,121.36,eod,-0.8800000000000097,-0.007302904564315433,-73.02904564315433,,
2008-09-29,-1,930,959,111.32,112.84,111.33,112.83,eod,-1.5200000000000102,-0.013653103386329024,-136.53103386329025,,
2008-09-30,1,930,959,115.99000000000001,116.69,115.98,116.7,eod,0.6999999999999886,0.006035523366097505,60.355233660975045,,
2008-10-01,-1,930,959,115.89,116.0,115.9,115.99,eod,-0.10999999999999943,-0.0009490940465918846,-9.490940465918845,,
2008-10-02,-1,930,959,111.58,111.31,111.59,111.3,eod,0.269999999999996,0.002419571646204821,24.19571646204821,,
2008-10-06,-1,930,959,104.85,106.28,104.86,106.27,eod,-1.4300000000000068,-0.013637230593171913,-136.37230593171913,,
2008-10-07,-1,930,959,101.53999999999999,99.80000000000001,101.55,99.79,eod,1.7399999999999807,0.017134416543574404,171.34416543574403,,
2008-10-08,1,930,959,101.52000000000001,98.39,101.51,98.4,eod,-3.1300000000000097,-0.03083440055166988,-308.3440055166988,,
2008-10-10,-1,930,959,90.67999999999999,90.47,90.69,90.46,eod,0.20999999999999375,0.0023155805491233187,23.15580549123319,,
2008-10-13,1,930,959,97.75,100.85,97.74,100.86,eod,3.0999999999999943,0.03171679967260072,317.16799672600723,,
2008-10-15,-1,930,959,93.36,90.72,93.37,90.71,eod,2.6400000000000006,0.02827460640462676,282.7460640462676,,
2008-10-16,1,930,959,93.08,94.39999999999999,93.07,94.41,eod,1.3199999999999932,0.01418287310626403,141.8287310626403,,
2008-10-20,1,930,959,97.01,98.46,97.0,98.47,eod,1.4499999999999886,0.014948453608247305,149.48453608247306,,
2008-10-21,-1,930,959,96.61,95.51,96.62,95.5,eod,1.0999999999999943,0.01138480645829015,113.8480645829015,,
2008-10-22,-1,930,959,89.75,89.89,89.76,89.88,eod,-0.14000000000000057,-0.001559714795008919,-15.59714795008919,,
2008-10-24,-1,930,959,89.19,87.64,89.2,87.63,eod,1.5499999999999972,0.017376681614349743,173.76681614349744,,
2008-10-28,1,930,959,91.05000000000001,93.99,91.04,94.0,eod,2.9399999999999835,0.03229349736379595,322.9349736379595,,
2008-10-30,1,930,959,94.95,95.46,94.94,95.47,eod,0.5099999999999909,0.0053718137771222975,53.71813777122298,,
2008-11-04,1,930,959,99.46000000000001,100.39,99.45,100.4,eod,0.9299999999999926,0.00935143288084457,93.51432880844571,,
2008-11-05,-1,930,959,96.52,95.45,96.53,95.44,eod,1.0699999999999932,0.011084636900445387,110.84636900445386,,
2008-11-06,-1,930,959,90.66,90.66000000000001,90.67,90.65,eod,-1.4210854715202004e-14,-1.567316059909783e-16,-1.567316059909783e-12,,
2008-11-07,1,930,959,91.54,93.19999999999999,91.53,93.21,eod,1.6599999999999824,0.018136130230525318,181.3613023052532,,
2008-11-11,-1,930,959,90.39999999999999,90.11,90.41,90.1,eod,0.28999999999999204,0.0032076097776793724,32.07609777679372,,
2008-11-12,-1,930,959,85.72999999999999,85.69000000000001,85.74,85.68,eod,0.03999999999997783,0.00046652670865381194,4.66526708653812,,
2008-11-14,-1,930,959,90.57,87.56,90.58,87.55,eod,3.009999999999991,0.03323029366306018,332.3029366306018,,
2008-11-17,-1,930,959,87.07,85.4,87.08,85.39,eod,1.6699999999999875,0.019177767570050384,191.77767570050383,,
2008-11-19,-1,930,959,82.72999999999999,81.14,82.74,81.13,eod,1.5899999999999892,0.019216823785351576,192.16823785351576,,
2008-11-20,-1,930,959,77.72,75.76,77.73,75.75,eod,1.9599999999999937,0.025215489514987696,252.15489514987695,,
2008-11-21,1,930,959,77.89,80.35,77.88,80.36,eod,2.4599999999999937,0.03158705701078575,315.8705701078575,,
2008-11-24,1,930,959,86.05000000000001,84.92999999999999,86.04,84.94,eod,-1.1200000000000188,-0.013017201301720347,-130.17201301720348,,
2008-11-25,1,930,959,85.77000000000001,86.03999999999999,85.76,86.05,eod,0.2699999999999818,0.003148320895522176,31.48320895522176,,
2008-12-01,-1,930,959,83.88,82.10000000000001,83.89,82.09,eod,1.779999999999987,0.021218262009774547,212.18262009774548,,
2008-12-02,1,930,959,84.62,85.39,84.61,85.4,eod,0.769999999999996,0.00910057912776263,91.0057912776263,,
2008-12-04,-1,930,959,84.11,84.89,84.12,84.88,eod,-0.7800000000000011,-0.009272467902995733,-92.72467902995733,,
2008-12-08,1,930,959,92.11,91.24,92.1,91.25,eod,-0.8700000000000045,-0.009446254071661287,-94.46254071661288,,
2008-12-09,-1,930,959,89.24,89.41000000000001,89.25,89.4,eod,-0.17000000000001592,-0.001904761904762083,-19.04761904762083,,
2008-12-10,1,930,959,90.37,90.33999999999999,90.36,90.35,eod,-0.030000000000015348,-0.00033200531208516323,-3.3200531208516324,,
2008-12-11,-1,930,959,88.11999999999999,87.96000000000001,88.13,87.95,eod,0.15999999999998238,0.0018154998297966911,18.154998297966912,,
2008-12-15,-1,930,959,86.57,87.51,86.58,87.5,eod,-0.9400000000000119,-0.010857010857010995,-108.57010857010995,,
2008-12-16,1,930,959,91.46000000000001,91.83,91.45,91.84,eod,0.36999999999999034,0.004045926735921163,40.45926735921162,,
2008-12-17,-1,930,959,91.36,91.02000000000001,91.37,91.01,eod,0.3399999999999892,0.0037211338513734177,37.21133851373418,,
2008-12-18,-1,930,959,88.44,89.16000000000001,88.45,89.15,eod,-0.7200000000000131,-0.008140192198982623,-81.40192198982623,,
2008-12-22,-1,930,959,85.61999999999999,86.96000000000001,85.63,86.95,eod,-1.3400000000000176,-0.015648721242555386,-156.48721242555385,,
2008-12-26,1,930,959,87.209,87.11999999999999,87.199,87.13,eod,-0.08900000000001285,-0.0010206539065816449,-10.206539065816449,,
2008-12-29,-1,930,959,86.39,86.9,86.4,86.89,eod,-0.5100000000000051,-0.005902777777777837,-59.02777777777837,,
2008-12-30,1,930,959,88.16000000000001,88.89,88.15,88.9,eod,0.7299999999999898,0.008281338627339645,82.81338627339645,,
2008-12-31,1,930,959,90.59,90.22999999999999,90.58,90.24,eod,-0.36000000000001364,-0.003974387281960848,-39.743872819608484,,
2009-01-05,-1,930,959,92.22999999999999,92.81,92.24,92.8,eod,-0.5800000000000125,-0.006287944492628063,-62.87944492628063,,
2009-01-06,1,930,959,93.29,93.42999999999999,93.28,93.44,eod,0.13999999999998636,0.0015008576329329584,15.008576329329584,,
2009-01-07,-1,930,959,90.63,90.71000000000001,90.64,90.7,eod,-0.0800000000000125,-0.0008826125330981079,-8.82612533098108,,
2009-01-08,-1,930,959,90.47999999999999,91.09,90.49,91.08,eod,-0.6100000000000136,-0.006741076362029105,-67.41076362029105,,
2009-01-09,-1,930,959,89.58,89.02000000000001,89.59,89.01,eod,0.5599999999999881,0.006250697622502378,62.506976225023784,,
2009-01-12,-1,930,959,86.82,87.01,86.83,87.0,eod,-0.19000000000001194,-0.0021881838074399623,-21.881838074399624,,
2009-01-14,-1,930,959,84.08999999999999,84.36,84.1,84.35,eod,-0.27000000000001023,-0.003210463733650538,-32.104637336505384,,
2009-01-15,-1,930,959,84.19,84.5,84.2,84.49,eod,-0.3100000000000023,-0.003681710213776749,-36.81710213776749,,
2009-01-16,1,930,959,84.77000000000001,84.97,84.76,84.98,eod,0.19999999999998863,0.002359603586597317,23.59603586597317,,
2009-01-20,-1,930,959,81.13,80.63000000000001,81.14,80.62,eod,0.4999999999999858,0.006162188809464947,61.62188809464947,,
2009-01-21,1,930,959,83.06,84.03,83.05,84.04,eod,0.9699999999999989,0.011679711017459349,116.79711017459348,,
2009-01-22,-1,930,959,82.6,82.79,82.61,82.78,eod,-0.19000000000001194,-0.0022999636847840688,-22.999636847840687,,
2009-01-26,1,930,959,84.18,83.69,84.17,83.7,eod,-0.4900000000000091,-0.005821551621718059,-58.21551621718059,,
2009-01-27,1,930,959,84.95,84.57,84.94,84.58,eod,-0.38000000000000966,-0.004473746173769833,-44.73746173769833,,
2009-01-28,1,930,959,86.71000000000001,87.42,86.7,87.43,eod,0.7099999999999937,0.008189158016147563,81.89158016147563,,
2009-01-29,-1,930,959,85.02,84.58,85.03,84.57,eod,0.4399999999999977,0.005174644243208253,51.74644243208253,,
2009-01-30,-1,930,959,82.52,82.7,82.53,82.69,eod,-0.18000000000000682,-0.002181025081788523,-21.81025081788523,,
2009-02-02,-1,930,959,82.50999999999999,82.60000000000001,82.52,82.59,eod,-0.09000000000001762,-0.0010906446921960448,-10.906446921960448,,
2009-02-06,1,930,959,86.78,86.94999999999999,86.77,86.96,eod,0.1699999999999875,0.0019592024893394897,19.592024893394896,,
2009-02-10,-1,930,959,82.8488,82.97,82.8588,82.96,eod,-0.12120000000000175,-0.0014627293661023542,-14.627293661023542,,
2009-02-11,1,930,959,83.58,83.66,83.57,83.67,eod,0.0799999999999983,0.0009572813210482027,9.572813210482026,,
2009-02-12,-1,930,959,82.78,83.7,82.79,83.69,eod,-0.9200000000000017,-0.011112453194830313,-111.12453194830313,,
2009-02-13,-1,930,959,83.36,82.79,83.37,82.78,eod,0.5699999999999932,0.006836991723641515,68.36991723641515,,
2009-02-17,-1,930,959,79.44,79.23,79.45,79.22,eod,0.20999999999999375,0.0026431718061673223,26.431718061673223,,
2009-02-18,-1,930,959,78.94999999999999,79.07000000000001,78.96,79.06,eod,-0.12000000000001876,-0.0015197568389060127,-15.197568389060127,,
2009-02-20,-1,930,959,77.07,77.42,77.08,77.41,eod,-0.3500000000000085,-0.00454073689673078,-45.4073689673078,,
2009-02-24,1,930,959,77.68,77.55999999999999,77.67,77.57,eod,-0.12000000000001876,-0.0015449980687526556,-15.449980687526557,,
2009-02-27,-1,930,959,74.16,73.98,74.17,73.97,eod,0.1799999999999926,0.0024268572199001295,24.268572199001294,,
2009-03-02,-1,930,959,70.91,70.59,70.92,70.58,eod,0.3199999999999932,0.004512126339537411,45.121263395374115,,
2009-03-04,1,930,959,72.84,71.72,72.83,71.73,eod,-1.1200000000000045,-0.015378278182067892,-153.78278182067893,,
2009-03-05,-1,930,959,68.83999999999999,68.78,68.85,68.77,eod,0.05999999999998806,0.0008714596949889335,8.714596949889335,,
2009-03-10,1,930,959,72.11,72.22,72.1,72.23,eod,0.10999999999999943,0.0015256588072121975,15.256588072121975,,
2009-03-11,1,930,959,72.97,72.58999999999999,72.96,72.6,eod,-0.38000000000000966,-0.005208333333333467,-52.083333333334664,,
2009-03-13,1,930,959,76.23,76.08999999999999,76.22,76.1,eod,-0.14000000000001478,-0.0018367882445554289,-18.36788244555429,,
2009-03-16,1,930,959,76.47,75.92,76.46,75.93,eod,-0.5499999999999972,-0.007193303688202945,-71.93303688202946,,
2009-03-19,-1,930,959,79.08999999999999,78.9,79.1,78.89,eod,0.18999999999998352,0.0024020227560048488,24.020227560048486,,
2009-03-20,-1,930,959,77.16,76.72,77.17,76.71,eod,0.4399999999999977,0.005701697550861704,57.01697550861704,,
2009-03-23,1,930,959,81.16000000000001,82.25999999999999,81.15,82.27,eod,1.09999999999998,0.013555144793591867,135.55144793591867,,
2009-03-24,-1,930,959,81.33,80.62,81.34,80.61,eod,0.7099999999999937,0.008728792721907963,87.28792721907963,,
2009-03-26,1,930,959,82.88000000000001,83.16,82.87,83.17,eod,0.2799999999999869,0.0033787860504402908,33.78786050440291,,
2009-03-27,-1,930,959,81.78999999999999,81.63000000000001,81.8,81.62,eod,0.15999999999998238,0.0019559902200486845,19.559902200486846,,
2009-03-30,-1,930,959,78.42,78.81,78.43,78.8,eod,-0.39000000000000057,-0.004972587020272861,-49.725870202728615,,
2009-03-31,1,930,959,80.83,79.49,80.82,79.5,eod,-1.3400000000000034,-0.016580054441969853,-165.80054441969853,,
2009-04-02,1,930,959,83.91000000000001,83.39999999999999,83.9,83.41,eod,-0.5100000000000193,-0.006078665077473413,-60.78665077473413,,
2009-04-06,-1,930,959,83.08999999999999,83.52000000000001,83.1,83.51,eod,-0.43000000000002103,-0.005174488567990626,-51.74488567990626,,
2009-04-07,-1,930,959,81.86,81.57000000000001,81.87,81.56,eod,0.28999999999999204,0.0035422010504457314,35.42201050445731,,
2009-04-08,1,930,959,81.96000000000001,82.53,81.95,82.54,eod,0.5699999999999932,0.006955460646735731,69.55460646735732,,
2009-04-09,1,930,959,85.35000000000001,85.80999999999999,85.34,85.82,eod,0.45999999999997954,0.005390203890320829,53.902038903208286,,
2009-04-14,-1,930,959,84.61,84.32000000000001,84.62,84.31,eod,0.28999999999999204,0.003427085795320161,34.27085795320161,,
2009-04-16,1,930,959,86.88000000000001,86.55,86.87,86.56,eod,-0.3300000000000125,-0.0037987797858871014,-37.98779785887101,,
2009-04-20,-1,930,959,83.52,83.42,83.53,83.41,eod,0.09999999999999432,0.0011971746677839617,11.971746677839617,,
2009-04-24,1,930,959,87.03,86.64,87.02,86.65,eod,-0.39000000000000057,-0.004481728338313038,-44.81728338313038,,
2009-04-27,-1,930,959,85.78,85.86,85.79,85.85,eod,-0.0799999999999983,-0.0009325096165054003,-9.325096165054003,,
2009-04-29,1,930,959,87.27000000000001,87.42999999999999,87.26,87.44,eod,0.15999999999998238,0.0018336007334400913,18.336007334400914,,
2009-05-04,1,930,959,90.21000000000001,90.92,90.2,90.93,eod,0.7099999999999937,0.00787139689578707,78.7139689578707,,
2009-05-05,-1,930,959,90.25999999999999,90.52000000000001,90.27,90.51,eod,-0.2600000000000193,-0.0028802481444557366,-28.802481444557365,,
2009-05-06,1,930,959,91.55000000000001,92.13,91.54,92.14,eod,0.5799999999999841,0.006336027965916365,63.36027965916365,,
2009-05-08,1,930,959,92.76,93.02,92.75,93.03,eod,0.2599999999999909,0.002803234501347611,28.03234501347611,,
2009-05-11,-1,930,959,91.44999999999999,91.2,91.46,91.19,eod,0.2499999999999858,0.002733435381587424,27.33435381587424,,
2009-05-13,-1,930,959,88.7299,88.71000000000001,88.7399,88.7,eod,0.0198999999999927,0.00022425087249357617,2.2425087249357616,,
2009-05-18,1,930,959,90.66000000000001,91.24,90.65,91.25,eod,0.5799999999999841,0.006398234969663365,63.982349696633655,,
2009-05-21,-1,930,959,88.50999999999999,89.21000000000001,88.52,89.2,eod,-0.700000000000017,-0.007907817442386094,-79.07817442386094,,
2009-05-26,1,930,959,91.08,91.30999999999999,91.07,91.32,eod,0.22999999999998977,0.0025255298122322366,25.255298122322365,,
2009-05-28,1,930,959,90.91000000000001,90.94,90.9,90.95,eod,0.029999999999986926,0.00033003300330018616,3.3003300330018615,,
2009-05-29,1,930,959,91.31,92.64,91.3,92.65,eod,1.3299999999999983,0.014567360350492862,145.67360350492862,,
2009-06-01,1,930,959,94.84,94.75999999999999,94.83,94.77,eod,-0.0800000000000125,-0.0008436148898029369,-8.43614889802937,,
2009-06-02,1,930,959,94.9778,94.85,94.9678,94.86,eod,-0.12780000000000769,-0.001345719285905409,-13.45719285905409,,
2009-06-03,-1,930,959,92.85,93.66000000000001,92.86,93.65,eod,-0.8100000000000165,-0.008722808528968517,-87.22808528968517,,
2009-06-09,1,930,959,94.73,94.66,94.72,94.67,eod,-0.07000000000000739,-0.0007390202702703483,-7.3902027027034825,,
2009-06-11,1,930,959,95.5,94.86999999999999,95.49,94.88,eod,-0.6300000000000097,-0.006597549481621214,-65.97549481621213,,
2009-06-15,-1,930,959,92.72999999999999,92.87,92.74,92.86,eod,-0.14000000000001478,-0.0015095967220187059,-15.09596722018706,,
2009-06-18,1,930,959,92.42,92.17,92.41,92.18,eod,-0.25,-0.0027053349204631534,-27.053349204631534,,
2009-06-19,1,930,959,92.31,91.96,92.3,91.97,eod,-0.3500000000000085,-0.0037919826652221943,-37.91982665222194,,
2009-06-22,-1,930,959,89.75999999999999,89.27000000000001,89.77,89.26,eod,0.4899999999999807,0.005458393672718956,54.58393672718956,,
2009-06-23,1,930,959,89.63000000000001,89.42,89.62,89.43,eod,-0.21000000000000796,-0.002343226958268332,-23.432269582683322,,
2009-06-24,1,930,959,89.96000000000001,90.1,89.95,90.11,eod,0.13999999999998636,0.0015564202334628833,15.564202334628833,,
2009-06-25,1,930,959,91.88000000000001,92.02,91.87,92.03,eod,0.13999999999998636,0.0015238924567321907,15.238924567321908,,
2009-06-26,-1,930,959,91.86999999999999,91.79,91.88,91.78,eod,0.07999999999998408,0.0008707009142357868,8.707009142357867,,
2009-07-01,1,930,959,92.51,92.33,92.5,92.34,eod,-0.18000000000000682,-0.0019459459459460198,-19.4594594594602,,
2009-07-02,-1,930,959,89.86999999999999,89.83,89.88,89.82,eod,0.03999999999999204,0.00044503782821530977,4.450378282153098,,
2009-07-06,-1,930,959,89.46,89.91000000000001,89.47,89.9,eod,-0.45000000000001705,-0.005029618866659406,-50.29618866659406,,
2009-07-07,-1,930,959,88.52,88.11,88.53,88.1,eod,0.4099999999999966,0.004631198463797544,46.31198463797544,,
2009-07-09,1,930,959,88.39,88.22,88.38,88.23,eod,-0.1700000000000017,-0.0019235121068115152,-19.235121068115152,,
2009-07-10,-1,930,959,87.77,87.95,87.78,87.94,eod,-0.18000000000000682,-0.0020505809979494967,-20.505809979494966,,
2009-07-15,1,930,959,93.16000000000001,93.32,93.15,93.33,eod,0.15999999999998238,0.0017176596886739923,17.176596886739922,,
2009-07-17,-1,930,959,93.92999999999999,94.14,93.94,94.13,eod,-0.21000000000000796,-0.0022354694485842872,-22.354694485842874,,
2009-07-20,1,930,959,95.10000000000001,95.11999999999999,95.09,95.13,eod,0.01999999999998181,0.00021032705857589452,2.103270585758945,,
2009-07-21,1,930,959,95.23,95.57,95.22,95.58,eod,0.3399999999999892,0.003570678428901378,35.706784289013775,,
2009-07-23,1,930,959,97.97,97.67,97.96,97.68,eod,-0.29999999999999716,-0.0030624744793793096,-30.624744793793095,,
2009-07-28,-1,930,959,97.72,98.07000000000001,97.73,98.06,eod,-0.3500000000000085,-0.0035812954057096954,-35.81295405709695,,
2009-07-29,-1,930,959,97.3299,97.6683,97.3399,97.6583,eod,-0.33840000000000714,-0.0034764777855741287,-34.764777855741286,,
2009-07-30,1,930,959,99.52000000000001,98.69999999999999,99.51,98.71,eod,-0.8200000000000216,-0.008240377851472431,-82.40377851472431,,
2009-07-31,1,930,959,99.34,98.82,99.33,98.83,eod,-0.5200000000000102,-0.005235075002516966,-52.35075002516966,,
2009-08-03,1,930,959,100.36,100.38,100.35,100.39,eod,0.01999999999999602,0.00019930244145486818,1.9930244145486817,,
2009-08-04,-1,930,959,100.25,100.7,100.26,100.69,eod,-0.45000000000000284,-0.004488330341113134,-44.88330341113134,,
2009-08-06,-1,930,959,99.94999999999999,99.89,99.96,99.88,eod,0.05999999999998806,0.000600240096038296,6.00240096038296,,
2009-08-07,1,930,959,101.51,101.17999999999999,101.5,101.19,eod,-0.3300000000000125,-0.003251231527093719,-32.512315270937194,,
2009-08-10,-1,930,959,100.69,100.97,100.7,100.96,eod,-0.28000000000000114,-0.0027805362462760786,-27.805362462760787,,
2009-08-11,-1,930,959,99.97999999999999,99.67,99.99,99.66,eod,0.30999999999998806,0.0031003100310029812,31.00310031002981,,
2009-08-12,1,930,959,101.42,100.77,101.41,100.78,eod,-0.6500000000000057,-0.006409624297406624,-64.09624297406624,,
2009-08-14,-1,930,959,99.99,100.74000000000001,100.0,100.73,eod,-0.7500000000000142,-0.007500000000000142,-75.00000000000142,,
2009-08-17,-1,930,959,98.35,98.24000000000001,98.36,98.23,eod,0.10999999999998522,0.0011183407889384426,11.183407889384426,,
2009-08-18,1,930,959,99.27000000000001,99.17999999999999,99.26,99.19,eod,-0.09000000000001762,-0.0009067096514206893,-9.067096514206893,,
2009-08-20,1,930,959,101.04,101.00999999999999,101.03,101.02,eod,-0.030000000000015348,-0.00029694150252415467,-2.9694150252415468,,
2009-08-21,1,930,959,103.04,102.91,103.03,102.92,eod,-0.13000000000000966,-0.001261768416966026,-12.617684169660262,,
2009-08-25,1,930,959,103.36,103.14999999999999,103.35,103.16,eod,-0.21000000000000796,-0.0020319303338172034,-20.319303338172034,,
2009-08-26,-1,930,959,103.0,103.19000000000001,103.01,103.18,eod,-0.19000000000001194,-0.0018444811183381412,-18.44481118338141,,
2009-08-31,-1,930,959,102.14999999999999,102.49000000000001,102.16,102.48,eod,-0.3400000000000176,-0.00332811276429148,-33.281127642914804,,
2009-09-03,1,930,959,100.21000000000001,100.64999999999999,100.2,100.66,eod,0.4399999999999835,0.0043912175648700945,43.912175648700945,,
2009-09-08,1,930,959,102.92,102.89,102.91,102.9,eod,-0.030000000000001137,-0.00029151685939171254,-2.9151685939171252,,
2009-09-09,1,930,959,103.58,103.75,103.57,103.76,eod,0.1700000000000017,0.001641401950371746,16.41401950371746,,
2009-09-11,1,930,959,104.9101,104.74,104.9001,104.75,eod,-0.17010000000000502,-0.0016215427821327628,-16.215427821327626,,
2009-09-16,1,930,959,107.17500000000001,107.3,107.165,107.31,eod,0.12499999999998579,0.0011664256053747564,11.664256053747565,,
2009-09-21,-1,930,959,106.57,106.46000000000001,106.58,106.45,eod,0.10999999999998522,0.0010320885719645827,10.320885719645826,,
2009-09-22,1,930,959,107.21000000000001,107.08999999999999,107.2,107.1,eod,-0.12000000000001876,-0.001119402985074802,-11.19402985074802,,
2009-09-23,-1,930,959,106.99,106.13000000000001,107.0,106.12,eod,0.8599999999999852,0.008037383177569956,80.37383177569956,,
2009-09-28,1,930,959,106.28,106.3,106.27,106.31,eod,0.01999999999999602,0.0001881998682600548,1.881998682600548,,
2009-09-30,-1,930,959,105.28999999999999,105.60000000000001,105.3,105.59,eod,-0.3100000000000165,-0.002943969610636434,-29.43969610636434,,
2009-10-01,-1,930,959,103.47,103.0,103.48,102.99,eod,0.46999999999999886,0.004541940471588702,45.41940471588702,,
2009-10-02,-1,930,959,102.61,102.56,102.62,102.55,eod,0.04999999999999716,0.00048723445722078697,4.8723445722078695,,
2009-10-05,1,930,959,104.17,104.02,104.16,104.03,eod,-0.15000000000000568,-0.0014400921658986722,-14.400921658986721,,
2009-10-06,1,930,959,105.59,105.50999999999999,105.58,105.52,eod,-0.0800000000000125,-0.0007577192650124314,-7.577192650124314,,
2009-10-08,1,930,959,106.76,106.6,106.75,106.61,eod,-0.1600000000000108,-0.0014988290398127476,-14.988290398127477,,
2009-10-09,1,930,959,107.12,107.22999999999999,107.11,107.24,eod,0.10999999999998522,0.001026981607692888,10.26981607692888,,
2009-10-12,1,930,959,107.65,107.72999999999999,107.64,107.74,eod,0.07999999999998408,0.0007432181345223345,7.432181345223345,,
2009-10-13,-1,930,959,107.55,107.51,107.56,107.5,eod,0.03999999999999204,0.0003718854592784682,3.718854592784682,,
2009-10-14,1,930,959,109.36,109.3107,109.35,109.3207,eod,-0.04930000000000234,-0.00045084590763605254,-4.508459076360525,,
2009-10-16,-1,930,959,109.00999999999999,108.9,109.02,108.89,eod,0.10999999999998522,0.0010089891762977915,10.089891762977915,,
2009-10-20,-1,930,959,109.07,109.23,109.08,109.22,eod,-0.1600000000000108,-0.001466813348001566,-14.668133480015658,,
2009-10-28,-1,930,959,104.69999999999999,104.43,104.71,104.42,eod,0.2699999999999818,0.0025785502817303203,25.785502817303204,,
2009-10-29,1,930,959,106.66000000000001,106.63,106.65,106.64,eod,-0.030000000000015348,-0.000281293952180172,-2.81293952180172,,
2009-10-30,-1,930,959,103.80999999999999,103.64,103.82,103.63,eod,0.1699999999999875,0.0016374494317086064,16.374494317086064,,
2009-11-02,1,930,959,103.87,104.35,103.86,104.36,eod,0.47999999999998977,0.004621606008087712,46.21606008087712,,
2009-11-04,1,930,959,105.79,104.83,105.78,104.84,eod,-0.960000000000008,-0.009075439591605294,-90.75439591605294,,
2009-11-05,1,930,959,106.69000000000001,106.85,106.68,106.86,eod,0.15999999999998238,0.0014998125234344053,14.998125234344053,,
2009-11-06,1,930,959,107.0,107.14,106.99,107.15,eod,0.14000000000000057,0.0013085335078044731,13.085335078044732,,
2009-11-09,1,930,959,109.34,109.57,109.33,109.58,eod,0.22999999999998977,0.002103722674471689,21.037226744716893,,
2009-11-11,1,930,959,110.03,110.11999999999999,110.02,110.13,eod,0.0899999999999892,0.0008180330848935576,8.180330848935576,,
2009-11-16,1,930,959,110.9,111.19999999999999,110.89,111.21,eod,0.29999999999998295,0.0027053837135898903,27.053837135898902,,
2009-11-18,-1,930,959,111.08999999999999,111.29,111.1,111.28,eod,-0.20000000000001705,-0.0018001800180019538,-18.00180018001954,,
2009-11-19,-1,930,959,109.64,109.81,109.65,109.8,eod,-0.1700000000000017,-0.0015503875968992402,-15.503875968992402,,
2009-11-20,-1,930,959,109.52,109.53,109.53,109.52,eod,-0.010000000000005116,-9.129918743727852e-05,-0.9129918743727852,,
2009-11-23,1,930,959,110.87,110.89999999999999,110.86,110.91,eod,0.029999999999986926,0.0002706115821755992,2.706115821755992,,
2009-11-30,1,930,959,109.76,109.96,109.75,109.97,eod,0.19999999999998863,0.001822323462414475,18.22323462414475,,
2009-12-01,1,930,959,111.375,111.24,111.365,111.25,eod,-0.13500000000000512,-0.0012122300543259113,-12.122300543259113,,
2009-12-04,1,930,959,111.03,111.01899999999999,111.02,111.029,eod,-0.01100000000000989,-9.908124662231932e-05,-0.9908124662231932,,
2009-12-08,-1,930,959,109.69999999999999,109.65,109.71,109.64,eod,0.04999999999998295,0.00045574696928249887,4.557469692824989,,
2009-12-10,1,930,959,110.54830000000001,110.64,110.5383,110.65,eod,0.09169999999998879,0.0008295767168482669,8.29576716848267,,
2009-12-11,1,930,959,111.23,111.19,111.22,111.2,eod,-0.04000000000000625,-0.0003596475454055588,-3.596475454055588,,
2009-12-14,1,930,959,111.81,111.86999999999999,111.8,111.88,eod,0.05999999999998806,0.0005366726296957788,5.366726296957788,,
2009-12-15,-1,930,959,111.28999999999999,111.32000000000001,111.3,111.31,eod,-0.030000000000015348,-0.0002695417789758791,-2.695417789758791,,
2009-12-17,-1,930,959,110.27,110.17,110.28,110.16,eod,0.09999999999999432,0.0009067827348566768,9.067827348566768,,
2009-12-18,-1,930,959,109.82,110.24000000000001,109.83,110.23,eod,-0.4200000000000159,-0.003824091778202822,-38.24091778202822,,
2009-12-21,1,930,959,111.24000000000001,111.33,111.23,111.34,eod,0.0899999999999892,0.0008091342263776786,8.091342263776786,,
2009-12-22,1,930,959,111.69000000000001,111.71,111.68,111.72,eod,0.01999999999998181,0.00017908309455571105,1.7908309455571105,,
2009-12-23,1,930,959,111.94500000000001,111.96,111.935,111.97,eod,0.014999999999986358,0.00013400634296677856,1.3400634296677856,,
2009-12-29,1,930,959,112.86,112.57,112.85,112.58,eod,-0.29000000000000625,-0.002569782897651806,-25.697828976518057,,
2010-01-04,1,930,959,113.26,113.30999999999999,113.25,113.32,eod,0.04999999999998295,0.0004415011037526088,4.415011037526088,,
2010-01-11,1,930,959,114.7981,114.72,114.7881,114.73,eod,-0.07810000000000628,-0.0006803841164720583,-6.803841164720582,,
2010-01-12,-1,930,959,113.55,113.67,113.56,113.66,eod,-0.12000000000000455,-0.001056710109193418,-10.56710109193418,,
2010-01-13,1,930,959,114.76,114.63,114.75,114.64,eod,-0.13000000000000966,-0.001132897603485923,-11.328976034859231,,
2010-01-15,-1,930,959,113.64999999999999,113.67,113.66,113.66,eod,-0.020000000000010232,-0.00017596339961297054,-1.7596339961297054,,
2010-01-19,1,930,959,115.07000000000001,115.05,115.06,115.06,eod,-0.020000000000010232,-0.00017382235355475605,-1.7382235355475604,,
2010-01-20,-1,930,959,113.78,113.9,113.79,113.89,eod,-0.12000000000000455,-0.001054574215660467,-10.545742156604671,,
2010-01-22,-1,930,959,109.69,109.23,109.7,109.22,eod,0.45999999999999375,0.004193254329990827,41.93254329990827,,
2010-01-25,1,930,959,110.10000000000001,109.74,110.09,109.75,eod,-0.36000000000001364,-0.003270051775819908,-32.70051775819908,,
2010-01-28,-1,930,959,109.05,108.57000000000001,109.06,108.56,eod,0.47999999999998977,0.004401247019988903,44.01247019988904,,
2010-02-01,1,930,959,108.82000000000001,108.99,108.81,109.0,eod,0.1699999999999875,0.0015623564010659636,15.623564010659637,,
2010-02-04,-1,930,959,106.82,106.48,106.83,106.47,eod,0.3399999999999892,0.0031826266030140337,31.82626603014034,,
2010-02-05,-1,930,959,106.255,106.76,106.265,106.75,eod,-0.5050000000000097,-0.004752270267727,-47.52270267727,,
2010-02-08,-1,930,959,106.32,105.9,106.33,105.89,eod,0.4199999999999875,0.003949967083607519,39.49967083607519,,
2010-02-09,1,930,959,107.60000000000001,107.22999999999999,107.59,107.24,eod,-0.37000000000001876,-0.003438981317966528,-34.38981317966528,,
2010-02-12,-1,930,959,107.44,108.03,107.45,108.02,eod,-0.5900000000000034,-0.0054909260120986824,-54.90926012098682,,
2010-02-16,1,930,959,109.51,109.72,109.5,109.73,eod,0.20999999999999375,0.0019178082191780251,19.178082191780252,,
2010-02-17,1,930,959,110.19000000000001,110.25,110.18,110.26,eod,0.05999999999998806,0.0005445634416408428,5.445634416408428,,
2010-02-18,1,930,959,110.93,110.94999999999999,110.92,110.96,eod,0.01999999999998181,0.00018031013342933473,1.8031013342933473,,
2010-02-23,-1,930,959,110.1,109.80000000000001,110.11,109.79,eod,0.29999999999998295,0.0027245481790934786,27.245481790934786,,
2010-02-24,1,930,959,110.635,110.80999999999999,110.625,110.82,eod,0.17499999999998295,0.001581920903954648,15.81920903954648,,
2010-02-25,-1,930,959,110.44999999999999,110.72,110.46,110.71,eod,-0.27000000000001023,-0.002444323737099495,-24.44323737099495,,
2010-03-01,1,930,959,111.84,111.88499999999999,111.83,111.895,eod,0.044999999999987494,0.0004023964946793123,4.023964946793122,,
2010-03-02,1,930,959,112.10000000000001,112.16,112.09,112.17,eod,0.05999999999998806,0.0005352841466677497,5.352841466677497,,
2010-03-03,1,930,959,112.29,112.27,112.28,112.28,eod,-0.020000000000010232,-0.00017812611328829917,-1.7812611328829917,,
2010-03-04,1,930,959,112.55000000000001,112.64,112.54,112.65,eod,0.0899999999999892,0.0007997156566553154,7.997156566553154,,
2010-03-05,1,930,959,114.13000000000001,114.25,114.12,114.26,eod,0.11999999999999034,0.0010515247108306197,10.515247108306196,,
2010-03-10,1,930,959,114.80000000000001,114.97,114.79,114.98,eod,0.1699999999999875,0.0014809652408745316,14.809652408745317,,
2010-03-15,-1,930,959,115.335,115.51,115.345,115.5,eod,-0.17500000000001137,-0.0015171875677316865,-15.171875677316864,,
2010-03-16,1,930,959,116.31,116.39999999999999,116.3,116.41,eod,0.0899999999999892,0.000773860705072994,7.73860705072994,,
2010-03-17,1,930,959,116.87,117.08999999999999,116.86,117.1,eod,0.21999999999998465,0.0018825945575901477,18.82594557590148,,
2010-03-19,-1,930,959,115.83999999999999,115.97,115.85,115.96,eod,-0.13000000000000966,-0.0011221406991800576,-11.221406991800576,,
2010-03-24,-1,930,959,116.86,116.83,116.87,116.82,eod,0.030000000000001137,0.0002566954736031585,2.566954736031585,,
2010-03-25,1,930,959,117.27000000000001,116.63,117.26,116.64,eod,-0.6400000000000148,-0.005457956677468998,-54.57956677468999,,
2010-03-29,1,930,959,117.39,117.33,117.38,117.34,eod,-0.060000000000002274,-0.0005111603339581042,-5.111603339581042,,
2010-03-30,1,930,959,117.46000000000001,117.36,117.45,117.37,eod,-0.10000000000000853,-0.0008514261387825332,-8.514261387825332,,
2010-03-31,-1,930,959,117.07,117.0,117.08,116.99,eod,0.06999999999999318,0.000597881790228845,5.9788179022884504,,
2010-04-01,1,930,959,117.44000000000001,117.8,117.43,117.81,eod,0.3599999999999852,0.003065656135570001,30.65656135570001,,
2010-04-05,1,930,959,118.72,118.77,118.71,118.78,eod,0.04999999999999716,0.00042119450762359665,4.211945076235966,,
2010-04-07,-1,930,959,118.05999999999999,118.39,118.07,118.38,eod,-0.3300000000000125,-0.0027949521470315283,-27.949521470315283,,
2010-04-09,1,930,959,119.345,119.53,119.335,119.54,eod,0.18500000000000227,0.0015502576779654106,15.502576779654106,,
2010-04-14,1,930,959,120.96000000000001,121.16,120.95,121.17,eod,0.19999999999998863,0.0016535758577923823,16.535758577923822,,
2010-04-16,-1,930,959,119.44,119.37,119.45,119.36,eod,0.06999999999999318,0.0005860192549183188,5.860192549183187,,
2010-04-19,1,930,959,119.71000000000001,119.83999999999999,119.7,119.85,eod,0.12999999999998124,0.0010860484544693504,10.860484544693504,,
2010-04-20,1,930,959,120.80000000000001,120.86,120.79,120.87,eod,0.05999999999998806,0.0004967298617434229,4.9672986174342295,,
2010-04-27,-1,930,959,119.28,118.5,119.29,118.49,eod,0.7800000000000011,0.006538687232794041,65.38687232794041,,
2010-04-28,1,930,959,119.43,119.32,119.42,119.33,eod,-0.11000000000001364,-0.0009211187405795817,-9.211187405795817,,
2010-04-29,1,930,959,120.87,120.83,120.86,120.84,eod,-0.04000000000000625,-0.0003309614429919432,-3.309614429919432,,
2010-04-30,-1,930,959,119.3,118.84,119.31,118.83,eod,0.45999999999999375,0.003855502472550446,38.55502472550446,,
2010-05-03,1,930,959,120.29,120.38,120.28,120.39,eod,0.0899999999999892,0.0007482540738276454,7.482540738276454,,
2010-05-04,-1,930,959,117.5,117.56,117.51,117.55,eod,-0.060000000000002274,-0.0005105948429921051,-5.105948429921051,,
2010-05-05,-1,930,959,116.67,116.84,116.68,116.83,eod,-0.1700000000000017,-0.0014569763455605218,-14.569763455605218,,
2010-05-06,-1,930,959,112.25999999999999,112.89,112.27,112.88,eod,-0.6300000000000097,-0.005611472343457822,-56.114723434578224,,
2010-05-07,-1,930,959,111.11999999999999,111.31,111.13,111.3,eod,-0.19000000000001194,-0.0017097093494107076,-17.097093494107078,,
2010-05-10,1,930,959,115.52000000000001,116.14999999999999,115.51,116.16,eod,0.6299999999999812,0.005454073240411923,54.54073240411923,,
2010-05-11,-1,930,959,115.96,115.84,115.97,115.83,eod,0.11999999999999034,0.0010347503664740049,10.34750366474005,,
2010-05-12,1,930,959,117.36,117.44,117.35,117.45,eod,0.0799999999999983,0.0006817213463996447,6.817213463996447,,
2010-05-13,-1,930,959,116.3,116.01,116.31,116.0,eod,0.28999999999999204,0.0024933367724184682,24.93336772418468,,
2010-05-14,-1,930,959,113.17,113.91000000000001,113.18,113.9,eod,-0.7400000000000091,-0.006538257642693135,-65.38257642693135,,
2010-05-17,-1,930,959,113.17999999999999,113.96000000000001,113.19,113.95,eod,-0.7800000000000153,-0.006891068115558047,-68.91068115558046,,
2010-05-20,-1,930,959,109.08,107.548,109.09,107.538,eod,1.5319999999999965,0.014043450362086318,140.43450362086318,,
2010-05-21,1,930,959,107.84,109.08999999999999,107.83,109.1,eod,1.2499999999999858,0.011592321246406249,115.92321246406249,,
2010-05-24,-1,930,959,108.3701,107.73010000000001,108.3801,107.7201,eod,0.6399999999999864,0.005905143102838864,59.05143102838864,,
2010-05-25,-1,930,959,107.28999999999999,107.81750000000001,107.3,107.8075,eod,-0.5275000000000176,-0.00491612301957146,-49.161230195714595,,
2010-05-27,1,930,959,109.985,110.77,109.975,110.78,eod,0.7849999999999966,0.007137985905887671,71.3798590588767,,
2010-05-28,-1,930,959,110.25999999999999,109.36,110.27,109.35,eod,0.8999999999999915,0.008161784710256565,81.61784710256565,,
2010-06-01,-1,930,959,108.52,107.53,108.53,107.52,eod,0.9899999999999949,0.009121901778310097,91.21901778310097,,
2010-06-02,1,930,959,109.88000000000001,110.3,109.87,110.31,eod,0.4199999999999875,0.0038226995540182715,38.22699554018271,,
2010-06-03,1,930,959,110.81,110.69999999999999,110.8,110.71,eod,-0.11000000000001364,-0.000992779783393625,-9.92779783393625,,
2010-06-04,-1,930,959,106.89999999999999,107.02000000000001,106.91,107.01,eod,-0.12000000000001876,-0.0011224394350389931,-11.22439435038993,,
2010-06-10,1,930,959,108.99000000000001,109.17999999999999,108.98,109.19,eod,0.18999999999998352,0.0017434391631490503,17.434391631490502,,
2010-06-11,-1,930,959,108.99,109.67,109.0,109.66,eod,-0.6800000000000068,-0.006238532110091806,-62.38532110091806,,
2010-06-14,1,930,959,110.03,109.50999999999999,110.02,109.52,eod,-0.5200000000000102,-0.00472641337938566,-47.264133793856594,,
2010-06-15,1,930,959,111.83,111.97,111.82,111.98,eod,0.14000000000000057,0.0012520121624038686,12.520121624038687,,
2010-06-16,-1,930,959,111.58,111.95,111.59,111.94,eod,-0.37000000000000455,-0.003315709292947437,-33.15709292947437,,
2010-06-18,-1,930,959,111.64,111.72,111.65,111.71,eod,-0.0799999999999983,-0.0007165248544558736,-7.165248544558736,,
2010-06-24,-1,930,959,107.53999999999999,107.45,107.55,107.44,eod,0.0899999999999892,0.0008368200836819079,8.36820083681908,,
2010-06-28,-1,930,959,107.64,107.49000000000001,107.65,107.48,eod,0.14999999999999147,0.0013934045517881232,13.934045517881232,,
2010-06-29,-1,930,959,103.94,104.23,103.95,104.22,eod,-0.29000000000000625,-0.00278980278980285,-27.8980278980285,,
2010-07-01,-1,930,959,102.69999999999999,102.80000000000001,102.71,102.79,eod,-0.10000000000002274,-0.0009736150326163251,-9.736150326163251,,
2010-07-07,1,930,959,105.65,106.11999999999999,105.64,106.13,eod,0.46999999999998465,0.004449072321090351,44.490723210903504,,
2010-07-08,1,930,959,106.77000000000001,107.14,106.76,107.15,eod,0.36999999999999034,0.003465717497189868,34.65717497189868,,
2010-07-13,1,930,959,109.95,109.64999999999999,109.94,109.66,eod,-0.30000000000001137,-0.002728761142441435,-27.28761142441435,,
2010-07-14,-1,930,959,109.44999999999999,109.67,109.46,109.66,eod,-0.22000000000001307,-0.002009866617942747,-20.098666179427468,,
2010-07-15,-1,930,959,109.03999999999999,109.73,109.05,109.72,eod,-0.6900000000000119,-0.006327372764786904,-63.273727647869045,,
2010-07-16,-1,930,959,106.58999999999999,106.67,106.6,106.66,eod,-0.0800000000000125,-0.0007504690431520873,-7.504690431520873,,
2010-07-19,1,930,959,107.15,107.30999999999999,107.14,107.32,eod,0.15999999999998238,0.0014933731566173453,14.933731566173453,,
2010-07-22,1,930,959,109.76,109.44999999999999,109.75,109.46,eod,-0.3100000000000165,-0.002824601366742747,-28.246013667427473,,
2010-07-26,1,930,959,111.43,111.57,111.42,111.58,eod,0.13999999999998636,0.0012565069107878868,12.565069107878868,,
2010-07-27,1,930,959,111.80000000000001,111.50999999999999,111.79,111.52,eod,-0.29000000000002046,-0.0025941497450578804,-25.941497450578805,,
2010-07-28,-1,930,959,110.67999999999999,110.82000000000001,110.69,110.81,eod,-0.14000000000001478,-0.0012647935676214181,-12.647935676214182,,
2010-08-02,1,930,959,112.86,112.72999999999999,112.85,112.74,eod,-0.13000000000000966,-0.0011519716437750082,-11.519716437750082,,
2010-08-03,-1,930,959,112.22,112.21000000000001,112.23,112.2,eod,0.009999999999990905,8.91027354538974e-05,0.891027354538974,,
2010-08-04,1,930,959,113.04,112.96,113.03,112.97,eod,-0.0800000000000125,-0.00070777669645238,-7.077766964523799,,
2010-08-05,-1,930,959,112.75,112.85000000000001,112.76,112.84,eod,-0.10000000000000853,-0.0008868393047180606,-8.868393047180605,,
2010-08-06,-1,930,959,112.1,112.4,112.11,112.39,eod,-0.30000000000001137,-0.002675943270002777,-26.759432700027773,,
2010-08-10,-1,930,959,112.5,112.43,112.51,112.42,eod,0.06999999999999318,0.000622166918496073,6.22166918496073,,
2010-08-11,-1,930,959,109.30499999999999,109.3001,109.315,109.2901,eod,0.004899999999992133,4.482458948901919e-05,0.44824589489019195,,
2010-08-12,-1,930,959,108.77499999999999,108.65,108.785,108.64,eod,0.12499999999998579,0.00114905547639827,11.490554763982699,,
2010-08-16,-1,930,959,108.02,108.29,108.03,108.28,eod,-0.27000000000001023,-0.002499305748403316,-24.993057484033162,,
2010-08-17,1,930,959,110.10000000000001,109.58999999999999,110.09,109.6,eod,-0.5100000000000193,-0.004632573349078202,-46.32573349078202,,
2010-08-19,-1,930,959,108.08999999999999,107.93,108.1,107.92,eod,0.15999999999998238,0.0014801110083254615,14.801110083254615,,
2010-08-20,-1,930,959,107.539,107.55000000000001,107.549,107.54,eod,-0.01100000000000989,-0.00010227896121776948,-1.0227896121776947,,
2010-08-24,-1,930,959,106.11,105.59,106.12,105.58,eod,0.519999999999996,0.0049001130795325665,49.001130795325665,,
2010-08-31,-1,930,959,105.05999999999999,105.41000000000001,105.07,105.4,eod,-0.35000000000002274,-0.0033311125916058127,-33.311125916058124,,
2010-09-01,1,930,959,108.21000000000001,108.46,108.2,108.47,eod,0.2499999999999858,0.002310536044362161,23.10536044362161,,
2010-09-02,1,930,959,109.23,109.44999999999999,109.22,109.46,eod,0.21999999999998465,0.002014283098333498,20.14283098333498,,
2010-09-03,1,930,959,110.72,110.89999999999999,110.71,110.91,eod,0.1799999999999926,0.001625869388492391,16.25869388492391,,
2010-09-07,-1,930,959,109.78,109.68,109.79,109.67,eod,0.09999999999999432,0.0009108297659166984,9.108297659166984,,
2010-09-08,1,930,959,110.38000000000001,110.38,110.37,110.39,eod,-1.4210854715202004e-14,-1.2875649828034795e-16,-1.2875649828034794e-12,,
2010-09-09,1,930,959,111.14,110.92,111.13,110.93,eod,-0.21999999999999886,-0.0019796634572122637,-19.796634572122638,,
2010-09-10,1,930,959,111.575,111.50999999999999,111.565,111.52,eod,-0.06500000000001194,-0.0005826199973110916,-5.826199973110916,,
2010-09-13,1,930,959,112.62,112.72999999999999,112.61,112.74,eod,0.10999999999998522,0.0009768226622856337,9.768226622856337,,
2010-09-16,-1,930,959,113.00999999999999,113.08,113.02,113.07,eod,-0.07000000000000739,-0.0006193594054150362,-6.193594054150362,,
2010-09-17,-1,930,959,112.33999999999999,112.5,112.35,112.49,eod,-0.1600000000000108,-0.0014241210502893707,-14.241210502893708,,
2010-09-20,1,930,959,114.21000000000001,114.21,114.2,114.22,eod,-1.4210854715202004e-14,-1.24438307488634e-16,-1.2443830748863402e-12,,
2010-09-21,-1,930,959,114.17999999999999,114.01,114.19,114.0,eod,0.1699999999999875,0.0014887468254662186,14.887468254662187,,
2010-09-23,-1,930,959,112.42,112.5,112.43,112.49,eod,-0.0799999999999983,-0.0007115538557324405,-7.115538557324405,,
2010-09-24,1,930,959,114.66000000000001,114.78999999999999,114.65,114.8,eod,0.12999999999998124,0.0011338857392061163,11.338857392061163,,
2010-09-27,-1,930,959,114.705,114.30000000000001,114.715,114.29,eod,0.4049999999999869,0.003530488602187917,35.30488602187917,,
2010-09-29,-1,930,959,114.30999999999999,114.44000000000001,114.32,114.43,eod,-0.13000000000002387,-0.0011371588523445056,-11.371588523445055,,
2010-09-30,1,930,959,114.52000000000001,114.08999999999999,114.51,114.1,eod,-0.43000000000002103,-0.0037551305562834774,-37.55130556283478,,
2010-10-01,1,930,959,114.60000000000001,114.6199,114.59,114.6299,eod,0.0198999999999927,0.00017366262326549175,1.7366262326549176,,
2010-10-04,-1,930,959,113.67,113.75,113.68,113.74,eod,-0.0799999999999983,-0.0007037297677691616,-7.037297677691615,,
2010-10-05,1,930,959,116.30000000000001,116.02,116.29,116.03,eod,-0.28000000000001535,-0.00240777366927522,-24.0777366927522,,
2010-10-07,-1,930,959,115.77,115.9,115.78,115.89,eod,-0.13000000000000966,-0.001122819139747881,-11.22819139747881,,
2010-10-08,1,930,959,116.58,116.53999999999999,116.57,116.55,eod,-0.04000000000000625,-0.0003431414600669662,-3.431414600669662,,
2010-10-13,1,930,959,118.01,117.88,118.0,117.89,eod,-0.13000000000000966,-0.0011016949152543192,-11.016949152543193,,
2010-10-14,-1,930,959,117.07,117.53,117.08,117.52,eod,-0.46000000000000796,-0.003928937478647147,-39.28937478647147,,
2010-10-18,1,930,959,118.52990000000001,118.53999999999999,118.5199,118.55,eod,0.010099999999980014,8.521775668035506e-05,0.8521775668035506,,
2010-10-19,-1,930,959,116.10249999999999,116.71650000000001,116.1125,116.7065,eod,-0.6140000000000185,-0.005287975024222358,-52.87975024222358,,
2010-10-20,1,930,959,118.32000000000001,117.86,118.31,117.87,eod,-0.46000000000000796,-0.0038880906094160084,-38.88090609416008,,
2010-10-21,1,930,959,118.11,118.1,118.1,118.11,eod,-0.010000000000005116,-8.467400508048362e-05,-0.8467400508048363,,
2010-10-25,1,930,959,119.235,118.67,119.225,118.68,eod,-0.5649999999999977,-0.004738938980918412,-47.389389809184124,,
2010-10-27,-1,930,959,118.00999999999999,118.39,118.02,118.38,eod,-0.38000000000000966,-0.003219793255380526,-32.19793255380526,,
2010-11-02,1,930,959,119.53,119.46,119.52,119.47,eod,-0.07000000000000739,-0.0005856760374833282,-5.856760374833282,,
2010-11-03,1,930,959,119.76,119.96,119.75,119.97,eod,0.19999999999998863,0.0016701461377869615,16.701461377869617,,
2010-11-04,1,930,959,122.19500000000001,122.22999999999999,122.185,122.24,eod,0.03499999999998238,0.0002864508736750205,2.864508736750205,,
2010-11-05,1,930,959,122.42500000000001,122.72999999999999,122.415,122.74,eod,0.3049999999999784,0.002491524731446133,24.91524731446133,,
2010-11-08,-1,930,959,122.53999999999999,122.55000000000001,122.55,122.54,eod,-0.010000000000019327,-8.159934720538006e-05,-0.8159934720538007,,
2010-11-11,-1,930,959,121.57,121.66000000000001,121.58,121.65,eod,-0.09000000000001762,-0.0007402533311401351,-7.402533311401351,,
2010-11-12,-1,930,959,120.11,120.21000000000001,120.12,120.2,eod,-0.10000000000000853,-0.0008325008325009034,-8.325008325009033,,
2010-11-15,1,930,959,120.34,120.02,120.33,120.03,eod,-0.3200000000000074,-0.00265935344469382,-26.5935344469382,,
2010-11-16,-1,930,959,117.80999999999999,118.16000000000001,117.82,118.15,eod,-0.35000000000002274,-0.0029706331692414085,-29.706331692414086,,
2010-11-18,1,930,959,120.14,119.96,120.13,119.97,eod,-0.18000000000000682,-0.0014983767585116693,-14.983767585116693,,
2010-11-22,-1,930,959,119.75,120.16000000000001,119.76,120.15,eod,-0.4100000000000108,-0.003423513694054866,-34.235136940548664,,
2010-11-23,-1,930,959,118.3899,118.43,118.3999,118.42,eod,-0.04010000000000957,-0.0003386827184821066,-3.386827184821066,,
2010-11-24,1,930,959,120.13000000000001,120.17,120.12,120.18,eod,0.03999999999999204,0.00033300033300026676,3.3300033300026675,,
2010-11-26,-1,931,959,118.78999999999999,118.75,118.8,118.74,eod,0.03999999999999204,0.0003367003367002697,3.367003367002697,,
2010-11-30,-1,930,959,118.94,118.46000000000001,118.95,118.45,eod,0.47999999999998977,0.004035308953341654,40.353089533416544,,
2010-12-01,1,930,959,121.06,121.0,121.05,121.01,eod,-0.060000000000002274,-0.0004956629491945665,-4.956629491945665,,
2010-12-02,1,930,959,122.54,122.55999999999999,122.53,122.57,eod,0.01999999999998181,0.00016322533257146667,1.6322533257146667,,
2010-12-07,1,930,959,123.07000000000001,122.82,123.06,122.83,eod,-0.2500000000000142,-0.002031529335283717,-20.31529335283717,,
2010-12-08,1,930,959,123.055,123.24,123.045,123.25,eod,0.18499999999998806,0.0015035149741963352,15.035149741963352,,
2010-12-09,1,930,959,123.61,123.78,123.6,123.79,eod,0.1700000000000017,0.0013754045307443504,13.754045307443503,,
2010-12-10,1,930,959,124.49000000000001,124.5,124.48,124.51,eod,0.009999999999990905,8.03341902312894e-05,0.803341902312894,,
2010-12-13,1,930,959,124.92,124.53999999999999,124.91,124.55,eod,-0.38000000000000966,-0.003042190377071569,-30.42190377071569,,
2010-12-17,-1,930,959,124.2601,124.35000000000001,124.2701,124.34,eod,-0.0899000000000143,-0.0007234242186979354,-7.234242186979354,,
2010-12-20,1,930,959,124.605,124.56009999999999,124.595,124.5701,eod,-0.044900000000012597,-0.00036036759099492433,-3.6036759099492435,,
2010-12-21,1,930,959,125.33,125.35,125.32,125.36,eod,0.01999999999999602,0.0001595914458984681,1.595914458984681,,
2010-12-22,1,930,959,125.7,125.77,125.69,125.78,eod,0.06999999999999318,0.0005569257697509203,5.569257697509204,,
2010-12-23,-1,930,959,125.55,125.60000000000001,125.56,125.59,eod,-0.05000000000001137,-0.0003982159923543435,-3.982159923543435,,
2010-12-28,1,930,959,125.89,125.78999999999999,125.88,125.8,eod,-0.10000000000000853,-0.0007944073721004809,-7.944073721004808,,
2010-12-29,1,930,959,126.16000000000001,125.92,126.15,125.93,eod,-0.2400000000000091,-0.0019024970273484668,-19.02497027348467,,
2011-01-03,1,930,959,127.08,127.03999999999999,127.07,127.05,eod,-0.04000000000000625,-0.0003147871252066283,-3.147871252066283,,
2011-01-04,-1,930,959,126.865,126.94000000000001,126.875,126.93,eod,-0.07500000000001705,-0.0005911330049262428,-5.911330049262427,,
2011-01-06,-1,930,959,127.19999999999999,127.4,127.21,127.39,eod,-0.20000000000001705,-0.0015722034431256745,-15.722034431256745,,
2011-01-07,-1,930,959,126.97,127.13000000000001,126.98,127.12,eod,-0.1600000000000108,-0.0012600409513310034,-12.600409513310034,,
2011-01-11,1,930,959,127.32000000000001,127.42,127.31,127.43,eod,0.09999999999999432,0.000785484251040722,7.85484251040722,,
2011-01-12,1,930,959,128.35,128.59,128.34,128.6,eod,0.2400000000000091,0.0018700327255727683,18.700327255727682,,
2011-01-13,-1,930,959,128.15,128.42999999999998,128.16,128.42,eod,-0.2799999999999727,-0.00218476903870141,-21.8476903870141,,
2011-01-19,-1,930,959,128.125,128.26999999999998,128.135,128.26,eod,-0.1449999999999818,-0.0011316189955904463,-11.316189955904463,,
2011-01-20,-1,930,959,127.92,128.1,127.93,128.09,eod,-0.1799999999999926,-0.001407019463769191,-14.07019463769191,,
2011-01-21,1,930,959,128.51,128.39000000000001,128.5,128.4,eod,-0.11999999999997613,-0.0009338521400776352,-9.338521400776353,,
2011-01-26,1,930,959,129.92999999999998,129.66,129.92,129.67,eod,-0.2699999999999818,-0.0020782019704432097,-20.7820197044321,,
2011-01-27,1,930,959,130.04999999999998,130.01000000000002,130.04,130.02,eod,-0.03999999999996362,-0.0003075976622574871,-3.0759766225748706,,
2011-01-28,-1,930,959,127.57499999999999,127.7,127.585,127.69,eod,-0.1250000000000142,-0.0009797389975311692,-9.797389975311692,,
2011-01-31,1,930,959,128.45,128.66,128.44,128.67,eod,0.21000000000000796,0.0016350046714419804,16.350046714419804,,
2011-02-01,1,930,959,130.84,130.74,130.83,130.75,eod,-0.09999999999999432,-0.0007643506840938187,-7.643506840938187,,
2011-02-07,1,930,959,131.89,131.97,131.88,131.98,eod,0.0800000000000125,0.0006066120715803193,6.066120715803193,,
2011-02-08,1,930,959,132.42999999999998,132.58,132.42,132.59,eod,0.1500000000000341,0.0011327594019032935,11.327594019032935,,
2011-02-09,-1,930,959,132.03900000000002,132.28,132.049,132.27,eod,-0.24099999999998545,-0.0018250800839081358,-18.250800839081357,,
2011-02-15,-1,930,959,132.89000000000001,133.01999999999998,132.9,133.01,eod,-0.12999999999996703,-0.0009781790820163057,-9.781790820163057,,
2011-02-16,1,930,959,133.79999999999998,133.82000000000002,133.79,133.83,eod,0.020000000000038654,0.00014948800358800102,1.4948800358800103,,
2011-02-22,-1,930,959,131.54000000000002,131.84,131.55,131.83,eod,-0.29999999999998295,-0.0022805017103761527,-22.80501710376153,,
2011-02-23,-1,930,959,131.32000000000002,131.04,131.33,131.03,eod,0.28000000000002956,0.002132033807964894,21.32033807964894,,
2011-02-24,1,930,959,131.11499999999998,130.92000000000002,131.105,130.93,eod,-0.19499999999996476,-0.0014873574615763302,-14.873574615763303,,
2011-02-25,1,930,959,132.26999999999998,132.31,132.26,132.32,eod,0.040000000000020464,0.0003024345985182252,3.024345985182252,,
2011-02-28,1,930,959,132.91,133.13,132.9,133.14,eod,0.21999999999999886,0.0016553799849510825,16.553799849510824,,
2011-03-01,-1,930,959,131.17000000000002,130.92999999999998,131.18,130.92,eod,0.24000000000003752,0.0018295471870714859,18.29547187071486,,
2011-03-02,1,930,959,131.38,131.19,131.37,131.2,eod,-0.18999999999999773,-0.0014462967191900564,-14.462967191900564,,
2011-03-03,1,930,959,133.48,133.46,133.47,133.47,eod,-0.01999999999998181,-0.00014984640743224552,-1.4984640743224553,,
2011-03-04,-1,930,959,131.73000000000002,132.45,131.74,132.44,eod,-0.7199999999999704,-0.005465310459996739,-54.653104599967385,,
2011-03-08,1,930,959,132.7883,132.56,132.7783,132.57,eod,-0.22829999999999018,-0.0017194074634182708,-17.19407463418271,,
2011-03-09,-1,930,959,132.43,132.39999999999998,132.44,132.39,eod,0.03000000000002956,0.00022651766837835668,2.265176683783567,,
2011-03-10,-1,930,959,129.94,129.92999999999998,129.95,129.92,eod,0.010000000000019327,7.69526741055739e-05,0.7695267410557389,,
2011-03-11,1,930,959,131.28,130.83,131.27,130.84,eod,-0.44999999999998863,-0.0034280490591908934,-34.280490591908936,,
2011-03-14,-1,930,959,129.78,130.07999999999998,129.79,130.07,eod,-0.29999999999998295,-0.0023114261499343784,-23.114261499343783,,
2011-03-15,-1,930,959,129.04500000000002,128.64,129.055,128.63,eod,0.40500000000002956,0.003138196892797873,31.381968927978733,,
2011-03-16,-1,930,959,126.58,126.22,126.59,126.21,eod,0.35999999999999943,0.002843826526581874,28.43826526581874,,
2011-03-17,1,930,959,127.58,127.78999999999999,127.57,127.8,eod,0.20999999999999375,0.0016461550521281944,16.461550521281943,,
2011-03-21,1,930,959,129.53,129.715,129.52,129.725,eod,0.18500000000000227,0.0014283508338480719,14.283508338480718,,
2011-03-22,-1,930,959,129.39950000000002,129.31,129.4095,129.3,eod,0.08950000000001523,0.0006916030121437393,6.916030121437393,,
2011-03-24,1,930,959,131.01999999999998,130.89000000000001,131.01,130.9,eod,-0.12999999999996703,-0.000992290664834494,-9.92290664834494,,
2011-03-25,1,930,959,131.42,131.27,131.41,131.28,eod,-0.14999999999997726,-0.0011414656418840064,-11.414656418840064,,
2011-03-28,1,930,959,131.42499999999998,130.96,131.415,130.97,eod,-0.464999999999975,-0.0035384088574361757,-35.384088574361755,,
2011-03-30,1,930,959,132.89999999999998,132.75,132.89,132.76,eod,-0.14999999999997726,-0.0011287531040708651,-11.287531040708652,,
2011-04-01,1,930,959,133.01999999999998,133.15,133.01,133.16,eod,0.13000000000002387,0.0009773701225473566,9.773701225473566,,
2011-04-06,1,930,959,133.56,133.61,133.55,133.62,eod,0.05000000000001137,0.0003743916136279398,3.743916136279398,,
2011-04-12,-1,930,959,131.27,131.48,131.28,131.47,eod,-0.20999999999997954,-0.0015996343692868643,-15.996343692868642,,
2011-04-13,1,930,959,131.66,131.45000000000002,131.65,131.46,eod,-0.20999999999997954,-0.0015951386251422677,-15.951386251422676,,
2011-04-15,1,930,959,132.01,132.04000000000002,132.0,132.05,eod,0.03000000000002956,0.00022727272727295121,2.272727272729512,,
2011-04-18,-1,930,959,130.63,130.56,130.64,130.55,eod,0.06999999999999318,0.000535823637476984,5.35823637476984,,
2011-04-19,1,930,959,131.17,131.28,131.16,131.29,eod,0.11000000000001364,0.0008386703263191037,8.386703263191038,,
2011-04-20,1,930,959,133.13,133.12,133.12,133.13,eod,-0.009999999999990905,-7.512019230762398e-05,-0.7512019230762398,,
2011-04-21,1,930,959,133.6,133.74,133.59,133.75,eod,0.14000000000001478,0.0010479826334307567,10.479826334307567,,
2011-04-26,1,930,959,134.79,134.77,134.78,134.78,eod,-0.01999999999998181,-0.0001483899688379716,-1.483899688379716,,
2011-04-27,1,930,959,135.42499999999998,135.61,135.415,135.62,eod,0.1850000000000307,0.001366170660562203,13.66170660562203,,
2011-04-28,1,930,959,136.0,136.10000000000002,135.99,136.11,eod,0.10000000000002274,0.0007353481873668853,7.353481873668853,,
2011-05-03,-1,930,959,135.52,135.73,135.53,135.72,eod,-0.20999999999997954,-0.0015494724415257104,-15.494724415257103,,
2011-05-04,-1,930,959,135.01000000000002,134.85,135.02,134.84,eod,0.160000000000025,0.0011850096282034143,11.850096282034142,,
2011-05-05,-1,930,959,133.03,133.64999999999998,133.04,133.64,eod,-0.6199999999999761,-0.00466025255562219,-46.6025255562219,,
2011-05-06,1,930,959,134.04999999999998,134.16,134.04,134.17,eod,0.11000000000001364,0.0008206505520741095,8.206505520741095,,
2011-05-10,1,930,959,136.04,135.88,136.03,135.89,eod,-0.1599999999999966,-0.0011762111298977917,-11.762111298977917,,
2011-05-11,-1,930,959,134.335,134.45999999999998,134.345,134.45,eod,-0.12499999999997158,-0.0009304402843423393,-9.304402843423393,,
2011-05-13,-1,930,959,133.96,134.04,133.97,134.03,eod,-0.07999999999998408,-0.0005971486153615293,-5.9714861536152934,,
2011-05-16,-1,930,959,133.38,133.22,133.39,133.21,eod,0.1599999999999966,0.0011994902166578949,11.994902166578948,,
2011-05-17,-1,930,959,132.92000000000002,133.2,132.93,133.19,eod,-0.2799999999999727,-0.002106371774618015,-21.06371774618015,,
2011-05-19,1,930,959,134.6,134.65,134.59,134.66,eod,0.05000000000001137,0.0003714986254551703,3.714986254551703,,
2011-05-20,-1,930,959,133.92000000000002,133.63,133.93,133.62,eod,0.29000000000002046,0.0021653102366909613,21.65310236690961,,
2011-05-23,-1,930,959,132.1705,132.04999999999998,132.1805,132.04,eod,0.12050000000002115,0.0009116321999086185,9.116321999086185,,
2011-05-24,1,930,959,132.29,131.95000000000002,132.28,131.96,eod,-0.339999999999975,-0.0025703054127606214,-25.703054127606215,,
2011-05-27,1,930,959,133.47,133.51000000000002,133.46,133.52,eod,0.040000000000020464,0.0002997152704931849,2.997152704931849,,
2011-05-31,1,930,959,134.42999999999998,134.88,134.42,134.89,eod,0.45000000000001705,0.003347716113673688,33.477161136736875,,
2011-06-01,-1,930,959,132.24,131.87,132.25,131.86,eod,0.37000000000000455,0.002797731568998144,27.97731568998144,,
2011-06-02,1,930,959,131.9401,131.69,131.9301,131.7,eod,-0.2501000000000033,-0.0018957008294544103,-18.957008294544103,,
2011-06-03,-1,930,959,130.42000000000002,130.44,130.43,130.43,eod,-0.01999999999998181,-0.0001533389557615718,-1.533389557615718,,
2011-06-06,-1,930,959,129.03,129.06,129.04,129.05,eod,-0.030000000000001137,-0.0002324860508369586,-2.324860508369586,,
2011-06-07,1,930,959,129.58499999999998,128.93,129.575,128.94,eod,-0.6549999999999727,-0.0050549874590003685,-50.54987459000368,,
2011-06-08,-1,930,959,128.29000000000002,128.42999999999998,128.3,128.42,eod,-0.13999999999995794,-0.0010911925175366946,-10.911925175366946,,
2011-06-09,1,930,959,129.70999999999998,129.36,129.7,129.37,eod,-0.3499999999999659,-0.0026985350809557896,-26.985350809557897,,
2011-06-10,-1,930,959,128.06,127.54,128.07,127.53,eod,0.519999999999996,0.004060279534629468,40.602795346294684,,
2011-06-13,1,930,959,127.96000000000001,127.67999999999999,127.95,127.69,eod,-0.28000000000001535,-0.0021883548261040667,-21.883548261040666,,
2011-06-14,1,930,959,129.54999999999998,129.3,129.54,129.31,eod,-0.24999999999997158,-0.0019299058205957357,-19.29905820595736,,
2011-06-15,-1,930,959,127.08999999999999,127.04,127.1,127.03,eod,0.04999999999998295,0.0003933910306843662,3.933910306843662,,
2011-06-20,1,930,959,127.5,127.71,127.49,127.72,eod,0.20999999999999375,0.0016471880147462057,16.471880147462056,,
2011-06-21,1,930,959,129.41,129.44,129.4,129.45,eod,0.030000000000001137,0.0002318392581143828,2.318392581143828,,
2011-06-23,-1,930,959,127.72999999999999,128.32,127.74,128.31,eod,-0.5900000000000034,-0.004618756849851287,-46.187568498512874,,
2011-06-24,-1,930,959,126.78,126.81,126.79,126.8,eod,-0.030000000000001137,-0.00023661172016721456,-2.3661172016721457,,
2011-06-27,1,930,959,128.26999999999998,127.94,128.26,127.95,eod,-0.3299999999999841,-0.00257289879931377,-25.728987993137697,,
2011-06-28,1,930,959,129.41,129.59,129.4,129.6,eod,0.18000000000000682,0.0013910355486862968,13.910355486862969,,
2011-06-29,1,930,959,130.67,130.73000000000002,130.66,130.74,eod,0.060000000000030695,0.00045920710240341875,4.592071024034188,,
2011-06-30,1,930,959,131.89,131.96,131.88,131.97,eod,0.0700000000000216,0.0005307855626328602,5.307855626328602,,
2011-07-01,1,930,959,133.81,133.9,133.8,133.91,eod,0.09000000000000341,0.0006726457399103393,6.726457399103393,,
2011-07-07,1,930,959,135.52009999999999,135.39000000000001,135.5101,135.4,eod,-0.13009999999997035,-0.0009600760386124013,-9.600760386124012,,
2011-07-08,-1,930,959,134.0,134.42,134.01,134.41,eod,-0.4199999999999875,-0.0031340944705618053,-31.340944705618053,,
2011-07-11,-1,930,959,131.96,132.0,131.97,131.99,eod,-0.03999999999999204,-0.00030309918920960857,-3.0309918920960857,,
2011-07-13,1,930,959,131.97,131.83,131.96,131.84,eod,-0.13999999999998636,-0.0010609275538040796,-10.609275538040796,,
2011-07-15,1,930,959,131.495,131.70000000000002,131.485,131.71,eod,0.2050000000000125,0.0015591132068297714,15.591132068297714,,
2011-07-18,-1,930,959,130.33,130.60999999999999,130.34,130.6,eod,-0.2799999999999727,-0.002148227712137277,-21.48227712137277,,
2011-07-19,1,930,959,132.67999999999998,132.71,132.67,132.72,eod,0.03000000000002956,0.00022612497173460136,2.2612497173460135,,
2011-07-21,1,930,959,134.64999999999998,134.48000000000002,134.64,134.49,eod,-0.16999999999995907,-0.0012626262626259587,-12.626262626259587,,
2011-07-25,-1,930,959,133.92000000000002,133.85,133.93,133.84,eod,0.0700000000000216,0.000522661091615184,5.22661091615184,,
2011-07-26,-1,930,959,133.58,133.34,133.59,133.33,eod,0.2400000000000091,0.0017965416573097468,17.965416573097468,,
2011-07-27,-1,930,959,130.75,130.62,130.76,130.61,eod,0.12999999999999545,0.0009941878250229082,9.941878250229081,,
2011-07-29,-1,930,959,129.64000000000001,129.32999999999998,129.65,129.32,eod,0.3100000000000307,0.0023910528345548066,23.910528345548066,,
2011-08-02,-1,930,959,126.24,125.51,126.25,125.5,eod,0.7299999999999898,0.0057821782178217014,57.82178217821701,,
2011-08-03,1,930,959,125.98,126.19,125.97,126.2,eod,0.20999999999999375,0.0016670635865681808,16.67063586568181,,
2011-08-04,-1,930,959,121.14099999999999,120.21000000000001,121.151,120.2,eod,0.9309999999999832,0.007684624972142064,76.84624972142063,,
2011-08-05,-1,930,959,119.16,120.04,119.17,120.03,eod,-0.8800000000000097,-0.0073844088277251795,-73.8440882772518,,
2011-08-08,-1,930,959,114.03999999999999,112.29,114.05,112.28,eod,1.7499999999999858,0.015344147303813992,153.44147303813992,,
2011-08-09,1,930,959,114.49000000000001,117.46,114.48,117.47,eod,2.9699999999999847,0.02594339622641496,259.4339622641496,,
2011-08-10,-1,930,959,113.83,112.26,113.84,112.25,eod,1.5699999999999932,0.013791286015460235,137.91286015460236,,
2011-08-11,1,930,959,118.21000000000001,117.32,118.2,117.33,eod,-0.8900000000000148,-0.00752961082910334,-75.29610829103339,,
2011-08-12,1,930,959,118.05000000000001,118.14999999999999,118.04,118.16,eod,0.0999999999999801,0.0008471704506945112,8.471704506945112,,
2011-08-15,1,930,959,120.22,120.66,120.21,120.67,eod,0.4399999999999977,0.0036602612095499357,36.60261209549936,,
2011-08-16,-1,930,959,120.05999999999999,119.58,120.07,119.57,eod,0.47999999999998977,0.003997668026984174,39.97668026984174,,
2011-08-18,-1,930,959,114.11999999999999,114.415,114.13,114.405,eod,-0.2950000000000159,-0.002584771751511574,-25.84771751511574,,
2011-08-22,1,930,959,113.19000000000001,112.75999999999999,113.18,112.77,eod,-0.43000000000002103,-0.003799257819402907,-37.99257819402907,,
2011-08-23,1,930,959,115.9,116.47,115.89,116.48,eod,0.5699999999999932,0.004918457157649436,49.18457157649436,,
2011-08-24,1,930,959,117.73,118.08,117.72,118.09,eod,0.3499999999999943,0.002973156642881365,29.73156642881365,,
2011-08-29,1,930,959,121.19000000000001,121.33999999999999,121.18,121.35,eod,0.14999999999997726,0.0012378280244262853,12.378280244262852,,
2011-08-31,1,930,959,121.83,122.25,121.82,122.26,eod,0.4200000000000017,0.003447709735675601,34.47709735675601,,
2011-09-01,-1,930,959,121.21,120.94000000000001,121.22,120.93,eod,0.2699999999999818,0.0022273552219104257,22.273552219104257,,
2011-09-02,-1,930,959,117.72999999999999,117.83,117.74,117.82,eod,-0.10000000000000853,-0.0008493290300663201,-8.493290300663201,,
2011-09-06,-1,930,959,115.97,117.03,115.98,117.02,eod,-1.0600000000000023,-0.009139506811519246,-91.39506811519246,,
2011-09-07,1,930,959,120.08,120.2799,120.07,120.2899,eod,0.19989999999999952,0.0016648621637378156,16.648621637378156,,
2011-09-08,-1,930,959,119.36,119.04,119.37,119.03,eod,0.3199999999999932,0.002680740554578145,26.807405545781453,,
2011-09-09,-1,930,959,115.38,115.9,115.39,115.89,eod,-0.5200000000000102,-0.004506456365369705,-45.06456365369705,,
2011-09-13,1,930,959,117.61,117.72999999999999,117.6,117.74,eod,0.11999999999999034,0.001020408163265224,10.20408163265224,,
2011-09-14,1,930,959,120.54,119.36,120.53,119.37,eod,-1.1800000000000068,-0.009790093752592773,-97.90093752592773,,
2011-09-15,1,930,959,120.965,121.42999999999999,120.955,121.44,eod,0.4649999999999892,0.003844404943987344,38.44404943987344,,
2011-09-19,-1,930,959,120.53999999999999,120.33,120.55,120.32,eod,0.20999999999999375,0.0017420157610949295,17.420157610949296,,
2011-09-22,-1,930,959,111.78,112.91000000000001,111.79,112.9,eod,-1.1300000000000097,-0.010108238661776632,-101.08238661776632,,
2011-09-23,1,930,959,113.73,113.42999999999999,113.72,113.44,eod,-0.30000000000001137,-0.0026380583890257773,-26.38058389025777,,
2011-09-26,1,930,959,115.54,116.19999999999999,115.53,116.21,eod,0.6599999999999824,0.0057128018696440954,57.128018696440954,,
2011-09-27,1,930,959,117.985,117.53999999999999,117.975,117.55,eod,-0.4450000000000074,-0.003771985590167471,-37.71985590167471,,
2011-09-30,-1,930,959,113.92,113.16000000000001,113.93,113.15,eod,0.7599999999999909,0.006670762749056358,66.70762749056358,,
2011-10-03,-1,930,959,110.35,109.93,110.36,109.92,eod,0.4199999999999875,0.0038057267125769074,38.05726712576907,,
2011-10-04,-1,930,959,109.17,112.33,109.18,112.32,eod,-3.1599999999999966,-0.02894302985894849,-289.4302985894849,,
2011-10-07,1,930,959,116.93,115.67,116.92,115.68,eod,-1.2600000000000051,-0.010776599384194365,-107.76599384194365,,
2011-10-10,1,930,959,118.4,119.58,118.39,119.59,eod,1.1799999999999926,0.009967058028549646,99.67058028549646,,
2011-10-12,1,930,959,121.39,120.69999999999999,121.38,120.71,eod,-0.6900000000000119,-0.005684626791893327,-56.84626791893327,,
2011-10-13,-1,930,959,120.21,120.49000000000001,120.22,120.48,eod,-0.28000000000001535,-0.002329063383796501,-23.290633837965007,,
2011-10-14,1,930,959,122.215,122.57,122.205,122.58,eod,0.35499999999998977,0.0029049547890838325,29.049547890838326,,
2011-10-17,-1,930,959,120.49,120.22,120.5,120.21,eod,0.269999999999996,0.002240663900414905,22.40663900414905,,
2011-10-21,1,930,959,123.48,123.94,123.47,123.95,eod,0.45999999999999375,0.0037256013606543595,37.2560136065436,,
2011-10-24,1,930,959,125.19000000000001,125.50139999999999,125.18,125.5114,eod,0.3113999999999777,0.0024876178303241546,24.876178303241545,,
2011-10-25,-1,930,959,123.52,123.07000000000001,123.53,123.06,eod,0.44999999999998863,0.0036428397960008795,36.428397960008795,,
2011-10-26,1,930,959,124.41000000000001,124.3,124.4,124.31,eod,-0.11000000000001364,-0.0008842443729904633,-8.842443729904634,,
2011-10-27,1,930,959,129.10999999999999,128.59,129.1,128.6,eod,-0.5199999999999818,-0.004027885360185762,-40.27885360185761,,
2011-10-28,-1,930,959,128.42000000000002,128.62,128.43,128.61,eod,-0.19999999999998863,-0.0015572685509615248,-15.572685509615248,,
2011-10-31,-1,930,959,126.03999999999999,125.38000000000001,126.05,125.37,eod,0.6599999999999824,0.005236017453391371,52.360174533913714,,
2011-11-01,-1,930,959,122.49,122.02000000000001,122.5,122.01,eod,0.46999999999998465,0.0038367346938774256,38.367346938774254,,
2011-11-02,1,930,959,123.97,123.97999999999999,123.96,123.99,eod,0.009999999999990905,8.067118425291147e-05,0.8067118425291148,,
2011-11-03,1,930,959,126.23,126.25,126.22,126.26,eod,0.01999999999999602,0.00015845349389950896,1.5845349389950896,,
2011-11-04,-1,930,959,125.14,125.48,125.15,125.47,eod,-0.3400000000000034,-0.0027167399121055006,-27.167399121055006,,
2011-11-07,1,930,959,125.73,126.25999999999999,125.72,126.27,eod,0.5299999999999869,0.004215717467387742,42.15717467387742,,
2011-11-08,1,930,959,127.7,127.86,127.69,127.87,eod,0.1599999999999966,0.0012530346933980468,12.530346933980468,,
2011-11-09,-1,930,959,123.6,123.18,123.61,123.17,eod,0.4199999999999875,0.0033977833508614798,33.9778335086148,,
2011-11-10,1,930,959,124.36,124.24,124.35,124.25,eod,-0.12000000000000455,-0.0009650180940893008,-9.650180940893009,,
2011-11-11,1,930,959,126.65,126.67999999999999,126.64,126.69,eod,0.029999999999986926,0.00023689197725826694,2.3689197725826694,,
2011-11-14,-1,930,959,125.30999999999999,125.49000000000001,125.32,125.48,eod,-0.18000000000002103,-0.0014363230130866665,-14.363230130866665,,
2011-11-16,-1,930,959,124.795,124.10000000000001,124.805,124.09,eod,0.6949999999999932,0.005568687151956998,55.68687151956998,,
2011-11-17,-1,930,959,121.64,122.10000000000001,121.65,122.09,eod,-0.46000000000000796,-0.0037813399095767194,-37.813399095767195,,
2011-11-21,-1,930,959,120.03999999999999,119.67,120.05,119.66,eod,0.36999999999999034,0.0030820491461890074,30.820491461890075,,
2011-11-23,-1,930,959,117.05999999999999,116.64,117.07,116.63,eod,0.4199999999999875,0.003587597164089754,35.87597164089754,,
2011-11-28,1,930,959,119.04,119.69999999999999,119.03,119.71,eod,0.6599999999999824,0.005544820633453603,55.448206334536025,,
2011-11-29,1,930,959,120.35000000000001,120.02,120.34,120.03,eod,-0.3300000000000125,-0.0027422303473492813,-27.422303473492814,,
2011-11-30,1,930,959,124.35000000000001,125.07969999999999,124.34,125.0897,eod,0.7296999999999798,0.005868586134791538,58.68586134791538,,
2011-12-01,1,930,959,125.26,124.96,125.25,124.97,eod,-0.30000000000001137,-0.002395209580838414,-23.95209580838414,,
2011-12-02,1,930,959,125.2,124.82,125.19,124.83,eod,-0.38000000000000966,-0.0030353862129563836,-30.353862129563836,,
2011-12-05,1,930,959,125.56,126.19999999999999,125.55,126.21,eod,0.6399999999999864,0.00509757068896843,50.975706889684304,,
2011-12-08,-1,930,959,124.75999999999999,123.98,124.77,123.97,eod,0.7799999999999869,0.006251502765087657,62.515027650876576,,
2011-12-09,1,930,959,126.22,126.02,126.21,126.03,eod,-0.20000000000000284,-0.001584660486490792,-15.84660486490792,,
2011-12-12,-1,930,959,123.83,124.2,123.84,124.19,eod,-0.37000000000000455,-0.002987726098191251,-29.87726098191251,,
2011-12-14,-1,930,959,121.94999999999999,121.75,121.96,121.74,eod,0.19999999999998863,0.0016398819285010548,16.39881928501055,,
2011-12-15,1,930,959,122.39,122.17899999999999,122.38,122.189,eod,-0.21100000000001273,-0.0017241379310345868,-17.241379310345867,,
2011-12-20,1,930,959,123.99000000000001,123.92,123.98,123.93,eod,-0.07000000000000739,-0.0005646071947088836,-5.646071947088836,,
2011-12-22,1,930,959,125.35000000000001,125.3,125.34,125.31,eod,-0.05000000000001137,-0.00039891495133246663,-3.989149513324666,,
2011-12-23,1,930,959,126.01,126.36999999999999,126.0,126.38,eod,0.3599999999999852,0.00285714285714274,28.5714285714274,,
2011-12-27,1,930,959,126.66000000000001,126.44999999999999,126.65,126.46,eod,-0.21000000000002217,-0.0016581129095935424,-16.581129095935424,,
2011-12-28,-1,930,959,124.77,124.97,124.78,124.96,eod,-0.20000000000000284,-0.0016028209648982436,-16.028209648982436,,
2011-12-29,1,930,959,126.015,126.14999999999999,126.005,126.16,eod,0.1349999999999909,0.0010713860561088124,10.713860561088124,,
2012-01-03,1,930,959,127.78200000000001,127.58,127.772,127.59,eod,-0.2020000000000124,-0.0015809410512476316,-15.809410512476315,,
2012-01-06,-1,930,959,127.82,127.80000000000001,127.83,127.79,eod,0.01999999999998181,0.00015645779550951897,1.5645779550951897,,
2012-01-10,1,930,959,129.17,129.15,129.16,129.16,eod,-0.01999999999998181,-0.00015484670176511159,-1.548467017651116,,
2012-01-12,1,930,959,129.51,129.52,129.5,129.53,eod,0.010000000000019327,7.722007722022647e-05,0.7722007722022647,,
2012-01-13,-1,930,959,128.78,128.95999999999998,128.79,128.95,eod,-0.1799999999999784,-0.0013976240391333054,-13.976240391333054,,
2012-01-17,1,930,959,129.29,129.32000000000002,129.28,129.33,eod,0.03000000000002956,0.0002320544554457732,2.320544554457732,,
2012-01-18,1,930,959,130.73999999999998,130.77,130.73,130.78,eod,0.03000000000002956,0.00022948060888877504,2.2948060888877504,,
2012-01-19,1,930,959,131.42999999999998,131.47,131.42,131.48,eod,0.040000000000020464,0.0003043676761529483,3.043676761529483,,
2012-01-20,-1,930,959,131.29500000000002,131.54999999999998,131.305,131.54,eod,-0.25499999999996703,-0.0019420433342215986,-19.420433342215986,,
2012-01-23,1,930,959,131.69709999999998,131.59,131.6871,131.6,eod,-0.10709999999997422,-0.0008132915069127821,-8.13291506912782,,
2012-01-24,-1,930,959,131.46,131.47,131.47,131.46,eod,-0.009999999999990905,-7.6062980147493e-05,-0.76062980147493,,
2012-01-30,-1,930,959,131.3,131.37,131.31,131.36,eod,-0.06999999999999318,-0.0005330896352143263,-5.330896352143263,,
2012-02-01,1,930,959,132.68099999999998,132.44,132.671,132.45,eod,-0.24099999999998545,-0.001816523580887952,-18.16523580887952,,
2012-02-02,1,930,959,132.67499999999998,132.66,132.665,132.67,eod,-0.014999999999986358,-0.00011306674706958397,-1.1306674706958397,,
2012-02-03,1,930,959,134.41,134.54000000000002,134.4,134.55,eod,0.13000000000002387,0.0009672619047620824,9.672619047620824,,
2012-02-06,-1,930,959,134.33,134.45999999999998,134.34,134.45,eod,-0.12999999999996703,-0.0009676939109719147,-9.676939109719147,,
2012-02-08,1,930,959,135.09,135.12,135.08,135.13,eod,0.030000000000001137,0.0002220906129701002,2.2209061297010018,,
2012-02-09,1,930,959,135.42999999999998,135.34,135.42,135.35,eod,-0.08999999999997499,-0.0006645990252545784,-6.645990252545784,,
2012-02-10,-1,930,959,134.11,134.38,134.12,134.37,eod,-0.2699999999999818,-0.0020131225767967627,-20.131225767967628,,
2012-02-13,1,930,959,135.39999999999998,135.32000000000002,135.39,135.33,eod,-0.07999999999995566,-0.0005908855897773518,-5.908855897773519,,
2012-02-14,-1,930,959,134.31,135.23999999999998,134.32,135.23,eod,-0.9299999999999784,-0.006923764145324437,-69.23764145324436,,
2012-02-16,1,930,959,136.0,136.04000000000002,135.99,136.05,eod,0.040000000000020464,0.0002941392749468377,2.941392749468377,,
2012-02-17,1,930,959,136.53,136.39000000000001,136.52,136.4,eod,-0.13999999999998636,-0.0010254907705829648,-10.254907705829648,,
2012-02-22,-1,930,959,136.10000000000002,136.03,136.11,136.02,eod,0.0700000000000216,0.0005142899125708735,5.142899125708735,,
2012-02-24,1,930,959,136.7938,136.86,136.7838,136.87,eod,0.06620000000000914,0.0004839754415362721,4.839754415362721,,
2012-02-28,1,930,959,137.51999999999998,137.55,137.51,137.56,eod,0.03000000000002956,0.00021816595156737373,2.1816595156737373,,
2012-03-01,1,930,959,137.59,137.72,137.58,137.73,eod,0.12999999999999545,0.0009449047826718669,9.449047826718669,,
2012-03-02,-1,930,959,137.46,137.32999999999998,137.47,137.32,eod,0.13000000000002387,0.0009456608714630383,9.456608714630383,,
2012-03-05,-1,930,959,136.91500000000002,136.79999999999998,136.925,136.79,eod,0.11500000000003752,0.000839875844440661,8.39875844440661,,
2012-03-06,-1,930,959,134.57500000000002,134.70999999999998,134.585,134.7,eod,-0.13499999999996248,-0.0010030835531445739,-10.030835531445739,,
2012-03-07,1,930,959,135.78,135.71,135.77,135.72,eod,-0.06999999999999318,-0.0005155778154230918,-5.1557781542309185,,
2012-03-08,1,930,959,137.22,137.01000000000002,137.21,137.02,eod,-0.20999999999997954,-0.0015305006923692116,-15.305006923692115,,
2012-03-09,1,930,959,137.545,137.55,137.535,137.56,eod,0.005000000000023874,3.635438252098647e-05,0.36354382520986467,,
2012-03-13,1,930,959,139.60999999999999,140.05,139.6,140.06,eod,0.44000000000002615,0.0031518624641835684,31.518624641835682,,
2012-03-15,1,930,959,140.69,140.67000000000002,140.68,140.68,eod,-0.01999999999998181,-0.00014216661927766427,-1.4216661927766427,,
2012-03-16,-1,930,959,140.26000000000002,140.31,140.27,140.3,eod,-0.04999999999998295,-0.0003564554074284091,-3.5645540742840907,,
2012-03-19,1,930,959,141.0,140.84,140.99,140.85,eod,-0.1599999999999966,-0.0011348322576068982,-11.348322576068982,,
2012-03-20,-1,930,959,140.52,140.42999999999998,140.53,140.42,eod,0.09000000000003183,0.0006404326478334294,6.404326478334294,,
2012-03-22,-1,930,959,138.99,139.17999999999998,139.0,139.17,eod,-0.1899999999999693,-0.0013669064748199232,-13.669064748199231,,
2012-03-26,1,930,959,141.39,141.55,141.38,141.56,eod,0.160000000000025,0.001131701796576779,11.317017965767791,,
2012-03-28,-1,930,959,140.16500000000002,140.48,140.175,140.47,eod,-0.3149999999999693,-0.002247191011235736,-22.471910112357357,,
2012-03-29,-1,930,959,140.0,140.23,140.01,140.22,eod,-0.22999999999998977,-0.00164273980429962,-16.4273980429962,,
2012-03-30,1,930,959,140.84,140.71,140.83,140.72,eod,-0.12999999999999545,-0.0009230987715685255,-9.230987715685254,,
2012-04-03,-1,930,959,140.77,141.29,140.78,141.28,eod,-0.5199999999999818,-0.0036937064923993593,-36.937064923993596,,
2012-04-04,-1,930,959,139.96,139.89,139.97,139.88,eod,0.0700000000000216,0.0005001071658214017,5.001071658214017,,
2012-04-09,-1,930,959,138.47,138.26,138.48,138.25,eod,0.21000000000000796,0.0015164644714038705,15.164644714038705,,
2012-04-10,-1,930,959,135.955,135.87,135.965,135.86,eod,0.08500000000000796,0.0006251608869930346,6.2516088699303465,,
2012-04-11,1,930,959,136.89999999999998,136.93,136.89,136.94,eod,0.03000000000002956,0.00021915406530812742,2.191540653081274,,
2012-04-12,1,930,959,138.67,138.82000000000002,138.66,138.83,eod,0.1500000000000341,0.00108178277801842,10.8178277801842,,
2012-04-13,-1,930,959,137.64000000000001,137.14,137.65,137.13,eod,0.5000000000000284,0.003632401017072491,36.32401017072491,,
2012-04-16,1,930,959,137.22,136.98000000000002,137.21,136.99,eod,-0.23999999999998067,-0.0017491436484219857,-17.491436484219857,,
2012-04-17,1,930,959,139.35,139.08,139.34,139.09,eod,-0.2699999999999818,-0.001937706329840547,-19.37706329840547,,
2012-04-18,-1,930,959,138.72,138.63,138.73,138.62,eod,0.09000000000000341,0.0006487421610322455,6.487421610322455,,
2012-04-20,1,930,959,138.01999999999998,137.92000000000002,138.01,137.93,eod,-0.0999999999999659,-0.0007245851749870727,-7.245851749870727,,
2012-04-23,-1,930,959,136.76000000000002,136.78,136.77,136.77,eod,-0.01999999999998181,-0.00014623089858873883,-1.4623089858873883,,
2012-04-24,1,930,959,137.17,137.32000000000002,137.16,137.33,eod,0.1500000000000341,0.0010936132983379566,10.936132983379565,,
2012-04-25,1,930,959,138.9715,139.18,138.9615,139.19,eod,0.208500000000015,0.001500415582733455,15.00415582733455,,
2012-04-30,-1,930,959,139.67000000000002,139.82999999999998,139.68,139.82,eod,-0.15999999999996817,-0.0011454753722792681,-11.454753722792681,,
2012-05-02,-1,930,959,140.18,140.35,140.19,140.34,eod,-0.1699999999999875,-0.0012126399885868287,-12.126399885868286,,
2012-05-04,-1,930,959,137.12,137.01,137.13,137.0,eod,0.11000000000001364,0.0008021585356961544,8.021585356961545,,
2012-05-08,-1,930,959,136.55,136.53,136.56,136.52,eod,0.020000000000010232,0.000146455770357427,1.46455770357427,,
2012-05-09,-1,930,959,135.79000000000002,135.73999999999998,135.8,135.73,eod,0.05000000000003979,0.0003681885125187024,3.681885125187024,,
2012-05-10,1,930,959,136.26999999999998,136.02,136.26,136.03,eod,-0.24999999999997158,-0.001834727726405193,-18.34727726405193,,
2012-05-11,-1,930,959,135.88,135.57999999999998,135.89,135.57,eod,0.30000000000001137,0.0022076679667378863,22.076679667378862,,
2012-05-14,-1,930,959,134.282,134.14999999999998,134.292,134.14,eod,0.13200000000003342,0.000982932713788114,9.82932713788114,,
2012-05-17,-1,930,959,131.51000000000002,130.84,131.52,130.83,eod,0.6700000000000159,0.005094282238442943,50.94282238442943,,
2012-05-21,1,930,959,131.87,131.94,131.86,131.95,eod,0.06999999999999318,0.0005308660700742695,5.308660700742695,,
2012-05-23,-1,930,959,131.58,132.26999999999998,131.59,132.26,eod,-0.6899999999999693,-0.005243559540998323,-52.43559540998323,,
2012-05-29,1,930,959,133.38,133.679,133.37,133.689,eod,0.2990000000000066,0.0022418834820424876,22.418834820424877,,
2012-05-30,-1,930,959,132.02,131.79999999999998,132.03,131.79,eod,0.22000000000002728,0.0016662879648566787,16.662879648566786,,
2012-06-01,-1,930,959,128.305,128.23,128.315,128.22,eod,0.07500000000001705,0.0005844990842849008,5.8449908428490085,,
2012-06-04,-1,930,959,128.06,128.17999999999998,128.07,128.17,eod,-0.11999999999997613,-0.0009369875849143135,-9.369875849143135,,
2012-06-05,1,930,959,128.965,129.00900000000001,128.955,129.019,eod,0.04400000000001114,0.0003412042960723596,3.4120429607235963,,
2012-06-06,1,930,959,131.35,132.0,131.34,132.01,eod,0.6500000000000057,0.004948987361047706,49.489873610477055,,
2012-06-07,1,930,959,132.42999999999998,132.01000000000002,132.42,132.02,eod,-0.4199999999999591,-0.0031717263253281916,-31.717263253281917,,
2012-06-12,1,930,959,132.64,132.94,132.63,132.95,eod,0.30000000000001137,0.002261931689663058,22.61931689663058,,
2012-06-13,-1,930,959,131.73000000000002,132.1,131.74,132.09,eod,-0.3699999999999761,-0.0028085623197204807,-28.085623197204807,,
2012-06-14,1,930,959,133.0,133.48000000000002,132.99,133.49,eod,0.4800000000000182,0.0036092939318747136,36.092939318747135,,
2012-06-19,1,930,959,135.85999999999999,135.69,135.85,135.7,eod,-0.1699999999999875,-0.001251380198748528,-12.513801987485278,,
2012-06-20,-1,930,959,135.05,135.48999999999998,135.06,135.48,eod,-0.4399999999999693,-0.00325781134310654,-32.5781134310654,,
2012-06-21,-1,930,959,132.8005,132.47,132.8105,132.46,eod,0.3305000000000007,0.00248850806223906,24.885080622390603,,
2012-06-22,1,930,959,133.37,133.45000000000002,133.36,133.46,eod,0.0800000000000125,0.0005998800239952947,5.9988002399529465,,
2012-06-25,-1,930,959,131.49,131.29,131.5,131.28,eod,0.20000000000001705,0.0015209125475286467,15.209125475286466,,
2012-06-26,1,930,959,132.2,131.96,132.19,131.97,eod,-0.23999999999998067,-0.0018155684998863808,-18.15568499886381,,
2012-06-27,1,930,959,133.28,133.17000000000002,133.27,133.18,eod,-0.10999999999998522,-0.0008253920612289728,-8.253920612289729,,
2012-06-28,-1,930,959,131.94,132.79999999999998,131.95,132.79,eod,-0.8599999999999852,-0.006517620310723647,-65.17620310723647,,
2012-06-29,1,930,959,135.67999999999998,136.21,135.67,136.22,eod,0.5300000000000296,0.003906537922901376,39.06537922901376,,
2012-07-05,-1,930,959,137.02,136.815,137.03,136.805,eod,0.2050000000000125,0.0014960227687368642,14.960227687368642,,
2012-07-06,-1,930,959,135.47,135.53,135.48,135.52,eod,-0.060000000000002274,-0.00044286979627991053,-4.428697962799105,,
2012-07-09,-1,930,959,135.16500000000002,135.32,135.175,135.31,eod,-0.15499999999997272,-0.0011466617347880355,-11.466617347880355,,
2012-07-12,-1,930,959,133.8905,133.6,133.9005,133.59,eod,0.29050000000000864,0.0021695213983518257,21.695213983518258,,
2012-07-13,1,930,959,135.7,135.69,135.69,135.7,eod,-0.009999999999990905,-7.369739848176657e-05,-0.7369739848176656,,
2012-07-16,-1,930,959,135.53,135.42999999999998,135.54,135.42,eod,0.10000000000002274,0.0007377895824112642,7.377895824112642,,
2012-07-17,1,930,959,136.28,136.38,136.27,136.39,eod,0.09999999999999432,0.0007338372349012571,7.3383723490125705,,
2012-07-18,1,930,959,137.32999999999998,137.34,137.32,137.35,eod,0.010000000000019327,7.282260413646467e-05,0.7282260413646466,,
2012-07-19,1,930,959,137.7,137.70000000000002,137.69,137.71,eod,2.842170943040401e-14,2.064181090159344e-16,2.064181090159344e-12,,
2012-07-20,-1,930,959,136.489,136.47,136.499,136.46,eod,0.019000000000005457,0.0001391951589389333,1.391951589389333,,
2012-07-23,-1,930,959,135.399,135.14,135.409,135.13,eod,0.25900000000001455,0.0019127236742019701,19.1272367420197,,
2012-07-24,-1,930,959,133.67000000000002,134.0,133.68,133.99,eod,-0.3299999999999841,-0.002468581687612089,-24.68581687612089,,
2012-07-26,1,930,959,136.14999999999998,136.09900000000002,136.14,136.109,eod,-0.0509999999999593,-0.0003746143675625041,-3.746143675625041,,
2012-07-27,1,930,959,138.97,138.69,138.96,138.7,eod,-0.28000000000000114,-0.0020149683362118676,-20.149683362118676,,
2012-07-31,-1,930,959,138.4,137.98999999999998,138.41,137.98,eod,0.410000000000025,0.002962213712882198,29.622137128821983,,
2012-08-01,1,930,959,138.26,137.61,138.25,137.62,eod,-0.6499999999999773,-0.004701627486437448,-47.01627486437448,,
2012-08-02,-1,930,959,136.29000000000002,136.67,136.3,136.66,eod,-0.37999999999996703,-0.002787967718268283,-27.87967718268283,,
2012-08-03,1,930,959,139.34,139.34,139.33,139.35,eod,0.0,0.0,0.0,,
2012-08-06,1,930,959,140.04999999999998,139.62,140.04,139.63,eod,-0.4299999999999784,-0.0030705512710652557,-30.705512710652556,,
2012-08-07,1,930,959,140.51999999999998,140.28,140.51,140.29,eod,-0.23999999999998067,-0.0017080634830259817,-17.080634830259818,,
2012-08-13,-1,930,959,140.54000000000002,140.76999999999998,140.55,140.76,eod,-0.22999999999996135,-0.0016364283173245203,-16.3642831732452,,
2012-08-14,1,930,959,140.87,140.75,140.86,140.76,eod,-0.12000000000000455,-0.0008519096975720896,-8.519096975720895,,
2012-08-15,1,930,959,140.97,140.91,140.96,140.92,eod,-0.060000000000002274,-0.0004256526674233986,-4.256526674233986,,
2012-08-17,1,930,959,142.09,142.18,142.08,142.19,eod,0.09000000000000341,0.0006334459459459699,6.3344594594596995,,
2012-08-20,-1,930,959,142.12,142.2,142.13,142.19,eod,-0.07999999999998408,-0.000562864982762148,-5.62864982762148,,
2012-08-23,-1,930,959,140.749,140.7,140.759,140.69,eod,0.049000000000006594,0.00034811273169038285,3.4811273169038284,,
2012-08-30,-1,930,959,140.73000000000002,140.48,140.74,140.47,eod,0.2500000000000284,0.0017763251385535625,17.763251385535625,,
2012-08-31,1,930,959,141.06,141.15,141.05,141.16,eod,0.09000000000000341,0.0006380716058135655,6.380716058135655,,
2012-09-06,1,930,959,143.48999999999998,143.73000000000002,143.48,143.74,eod,0.24000000000003752,0.0016727069974912011,16.727069974912013,,
2012-09-07,1,930,959,144.16,144.32000000000002,144.15,144.33,eod,0.160000000000025,0.0011099549080820325,11.099549080820326,,
2012-09-10,-1,930,959,143.84,143.54,143.85,143.53,eod,0.30000000000001137,0.0020855057351408506,20.855057351408504,,
2012-09-11,1,930,959,143.85999999999999,143.87,143.85,143.88,eod,0.010000000000019327,6.951685783816007e-05,0.6951685783816007,,
2012-09-12,1,930,959,144.17,144.32000000000002,144.16,144.33,eod,0.1500000000000341,0.0010405105438404142,10.405105438404142,,
2012-09-14,1,930,959,146.98,147.19,146.97,147.2,eod,0.21000000000000796,0.0014288630332721505,14.288630332721505,,
2012-09-17,-1,930,959,146.41,146.78,146.42,146.77,eod,-0.37000000000000455,-0.00252697718890865,-25.269771889086503,,
2012-09-18,-1,930,959,146.46,146.63,146.47,146.62,eod,-0.1699999999999875,-0.0011606472315149007,-11.606472315149007,,
2012-09-21,-1,930,959,146.05,145.89,146.06,145.88,eod,0.160000000000025,0.0010954402300426195,10.954402300426196,,
2012-09-26,-1,930,959,143.35000000000002,143.34,143.36,143.33,eod,0.010000000000019327,6.975446428584909e-05,0.6975446428584909,,
2012-09-27,1,930,959,144.7,144.68,144.69,144.69,eod,-0.01999999999998181,-0.00013822655332076722,-1.382265533207672,,
2012-09-28,-1,930,959,143.93,143.91,143.94,143.9,eod,0.020000000000010232,0.0001389467833820358,1.3894678338203579,,
2012-10-01,1,930,959,144.255,144.32000000000002,144.245,144.33,eod,0.06500000000002615,0.0004506222052759274,4.5062220527592745,,
2012-10-04,1,930,959,146.095,146.19,146.085,146.2,eod,0.09499999999999886,0.000650306328507368,6.50306328507368,,
2012-10-08,-1,930,959,145.72,145.64999999999998,145.73,145.64,eod,0.0700000000000216,0.0004803403554520113,4.803403554520113,,
2012-10-09,-1,930,959,144.3,144.22,144.31,144.21,eod,0.0800000000000125,0.000554362137066125,5.54362137066125,,
2012-10-10,-1,930,959,143.28,143.34,143.29,143.33,eod,-0.060000000000002274,-0.000418731244329697,-4.18731244329697,,
2012-10-11,1,930,959,143.74699999999999,143.39000000000001,143.737,143.4,eod,-0.3569999999999709,-0.0024837028739988377,-24.837028739988376,,
2012-10-15,1,930,959,143.89999999999998,144.07000000000002,143.89,144.08,eod,0.17000000000004434,0.0011814580582392407,11.814580582392407,,
2012-10-16,1,930,959,145.35999999999999,145.56,145.35,145.57,eod,0.20000000000001705,0.0013759889920881806,13.759889920881806,,
2012-10-17,1,930,959,146.26,146.18,146.25,146.19,eod,-0.07999999999998408,-0.0005470085470084382,-5.470085470084382,,
2012-10-18,-1,930,959,145.77,145.88,145.78,145.87,eod,-0.10999999999998522,-0.0007545616682671507,-7.545616682671507,,
2012-10-19,-1,930,959,143.45000000000002,143.35999999999999,143.46,143.35,eod,0.09000000000003183,0.0006273525721457677,6.273525721457677,,
2012-10-23,-1,930,959,141.63,141.41,141.64,141.4,eod,0.21999999999999886,0.0015532335498446687,15.532335498446686,,
2012-10-25,1,930,959,141.14999999999998,141.41,141.14,141.42,eod,0.2600000000000193,0.0018421425534931228,18.421425534931227,,
2012-10-31,1,930,959,141.54999999999998,141.24,141.54,141.25,eod,-0.30999999999997385,-0.002190193584852154,-21.901935848521543,,
2012-11-01,1,930,959,142.755,142.87,142.745,142.88,eod,0.1150000000000091,0.0008056324214509026,8.056324214509026,,
2012-11-06,1,930,959,142.95999999999998,142.91,142.95,142.92,eod,-0.04999999999998295,-0.00034977264777882443,-3.497726477788244,,
2012-11-07,-1,930,959,140.53,139.73,140.54,139.72,eod,0.8000000000000114,0.005692329585883104,56.92329585883104,,
2012-11-12,1,930,959,138.35,138.26000000000002,138.34,138.27,eod,-0.08999999999997499,-0.0006505710568163581,-6.505710568163581,,
2012-11-19,1,930,959,138.79999999999998,139.10000000000002,138.79,139.11,eod,0.3000000000000398,0.0021615390157795214,21.615390157795215,,
2012-11-20,-1,930,959,138.905,139.23999999999998,138.915,139.23,eod,-0.33499999999997954,-0.002411546629233557,-24.11546629233557,,
2012-11-21,1,930,959,139.38,139.51000000000002,139.37,139.52,eod,0.13000000000002387,0.0009327688885701648,9.327688885701647,,
2012-11-26,-1,930,959,140.84,141.1,140.85,141.09,eod,-0.2599999999999909,-0.0018459353922612063,-18.459353922612063,,
2012-11-29,1,930,959,142.0,142.13,141.99,142.14,eod,0.12999999999999545,0.000915557433622054,9.155574336220539,,
2012-12-07,1,930,959,142.2,142.39000000000001,142.19,142.4,eod,0.19000000000002615,0.001336240241929996,13.362402419299961,,
2012-12-10,1,930,959,142.62,142.5,142.61,142.51,eod,-0.12000000000000455,-0.0008414557183928514,-8.414557183928514,,
2012-12-11,1,930,959,143.32,143.42000000000002,143.31,143.43,eod,0.10000000000002274,0.0006977880120021125,6.9778801200211245,,
2012-12-12,1,930,959,143.57999999999998,143.5,143.57,143.51,eod,-0.07999999999998408,-0.0005572194748205342,-5.572194748205342,,
2012-12-14,-1,930,959,142.01000000000002,142.12,142.02,142.11,eod,-0.10999999999998522,-0.0007745387973523815,-7.7453879735238145,,
2012-12-17,1,930,959,143.25,143.76000000000002,143.24,143.77,eod,0.5100000000000193,0.003560457972633477,35.60457972633477,,
2012-12-18,1,930,959,144.98,145.34,144.97,145.35,eod,0.36000000000001364,0.0024832724011865466,24.832724011865466,,
2012-12-19,-1,930,959,144.70000000000002,144.29,144.71,144.28,eod,0.410000000000025,0.002833252712321367,28.33252712321367,,
2012-12-21,-1,930,959,142.75,142.81,142.76,142.8,eod,-0.060000000000002274,-0.00042028579434016727,-4.202857943401673,,
2012-12-28,-1,930,959,140.705,139.95999999999998,140.715,139.95,eod,0.745000000000033,0.00529438936858212,52.943893685821195,,
2012-12-31,1,930,959,141.6,142.45000000000002,141.59,142.46,eod,0.8500000000000227,0.006003248817007012,60.03248817007012,,
2013-01-02,1,930,959,145.30499999999998,146.08,145.295,146.09,eod,0.7750000000000341,0.00533397570460122,53.339757046012195,,
2013-01-03,-1,930,959,145.54000000000002,145.78,145.55,145.77,eod,-0.23999999999998067,-0.0016489178976295477,-16.489178976295477,,
2013-01-04,1,930,959,146.58499999999998,146.37,146.575,146.38,eod,-0.214999999999975,-0.001466825857069589,-14.66825857069589,,
2013-01-07,-1,930,959,146.03,145.975,146.04,145.965,eod,0.05500000000000682,0.0003766091481786279,3.766091481786279,,
2013-01-08,-1,930,959,145.57000000000002,145.54999999999998,145.58,145.54,eod,0.020000000000038654,0.00013738150844922828,1.3738150844922827,,
2013-01-09,1,930,959,145.85,145.94,145.84,145.95,eod,0.09000000000000341,0.0006171146461876262,6.171146461876262,,
2013-01-10,1,930,959,146.97,147.06,146.96,147.07,eod,0.09000000000000341,0.0006124115405552763,6.124115405552763,,
2013-01-14,-1,930,959,146.91500000000002,146.97,146.925,146.96,eod,-0.0549999999999784,-0.0003743406499913452,-3.743406499913452,,
2013-01-17,1,930,959,148.2,147.91,148.19,147.92,eod,-0.28999999999999204,-0.0019569471624265606,-19.569471624265606,,
2013-01-22,1,930,959,148.95999999999998,149.08010000000002,148.95,149.0901,eod,0.12010000000003629,0.0008063108425648627,8.063108425648627,,
2013-01-24,1,930,959,149.54,149.37,149.53,149.38,eod,-0.1699999999999875,-0.0011368956062327794,-11.368956062327795,,
2013-01-25,1,930,959,150.105,150.19,150.095,150.2,eod,0.08500000000000796,0.0005663080049302638,5.663080049302638,,
2013-01-28,-1,930,959,149.96,150.04999999999998,149.97,150.04,eod,-0.08999999999997499,-0.0006001200240046342,-6.001200240046342,,
2013-02-01,1,930,959,151.09,151.21,151.08,151.22,eod,0.12000000000000455,0.0007942811755361698,7.9428117553616975,,
2013-02-04,-1,930,959,149.93,149.54999999999998,149.94,149.54,eod,0.3800000000000239,0.0025343470721623574,25.343470721623575,,
2013-02-05,1,930,959,151.31,151.05,151.3,151.06,eod,-0.2599999999999909,-0.001718440185062729,-17.18440185062729,,
2013-02-07,-1,930,959,150.77,150.95,150.78,150.94,eod,-0.1799999999999784,-0.0011937922801431118,-11.937922801431117,,
2013-02-08,1,930,959,151.67,151.77,151.66,151.78,eod,0.10000000000002274,0.0006593696426218037,6.593696426218036,,
2013-02-19,1,930,959,153.09,153.21,153.08,153.22,eod,0.12000000000000455,0.0007839038411288512,7.839038411288512,,
2013-02-20,-1,930,959,151.59,151.32,151.6,151.31,eod,0.27000000000001023,0.001781002638522495,17.810026385224948,,
2013-02-21,-1,930,959,150.83,150.42,150.84,150.41,eod,0.410000000000025,0.002718111906656225,27.18111906656225,,
2013-02-22,1,930,959,151.54999999999998,151.83,151.54,151.84,eod,0.28000000000002956,0.0018476969776958531,18.47696977695853,,
2013-02-26,1,930,959,149.95,150.0,149.94,150.01,eod,0.05000000000001137,0.0003334667200214177,3.334667200214177,,
2013-02-27,1,930,959,152.141,151.9,152.131,151.91,eod,-0.24099999999998545,-0.0015841610191215823,-15.841610191215823,,
2013-02-28,1,930,959,152.41,151.60000000000002,152.4,151.61,eod,-0.8099999999999739,-0.005314960629921088,-53.14960629921088,,
2013-03-05,1,930,959,154.2301,154.3,154.2201,154.31,eod,0.06990000000001828,0.00045324831199057894,4.532483119905789,,
2013-03-06,1,930,959,154.57,154.5,154.56,154.51,eod,-0.06999999999999318,-0.00045289855072459356,-4.5289855072459355,,
2013-03-07,1,930,959,154.85999999999999,154.78,154.85,154.79,eod,-0.07999999999998408,-0.0005166289958022866,-5.166289958022866,,
2013-03-08,1,930,959,155.48,155.43,155.47,155.44,eod,-0.04999999999998295,-0.0003216054544283974,-3.216054544283974,,
2013-03-12,-1,930,959,155.63,155.70999999999998,155.64,155.7,eod,-0.07999999999998408,-0.0005140066820867649,-5.140066820867649,,
2013-03-14,1,930,959,156.565,156.72,156.555,156.73,eod,0.15500000000000114,0.0009900673884577376,9.900673884577376,,
2013-03-15,-1,930,959,155.64000000000001,155.85,155.65,155.84,eod,-0.20999999999997954,-0.0013491808544810763,-13.491808544810764,,
2013-03-18,-1,930,959,154.985,154.95999999999998,154.995,154.95,eod,0.025000000000034106,0.00016129552566233817,1.6129552566233816,,
2013-03-20,1,930,959,155.66,155.64000000000001,155.65,155.65,eod,-0.01999999999998181,-0.0001284934147123791,-1.2849341471237912,,
2013-03-21,-1,930,959,154.73000000000002,154.37,154.74,154.36,eod,0.36000000000001364,0.002326483132997374,23.264831329973738,,
2013-03-22,1,930,959,155.13,155.5,155.12,155.51,eod,0.37000000000000455,0.0023852501289324687,23.852501289324685,,
2013-03-26,1,930,959,156.07,156.13,156.06,156.14,eod,0.060000000000002274,0.0003844675124952087,3.844675124952087,,
2013-04-02,1,930,959,156.67999999999998,156.79000000000002,156.67,156.8,eod,0.11000000000004206,0.0007021127210062046,7.021127210062046,,
2013-04-03,-1,930,959,155.28,155.26999999999998,155.29,155.26,eod,0.010000000000019327,6.439564685439711e-05,0.643956468543971,,
2013-04-04,1,930,959,155.57,155.841,155.56,155.851,eod,0.271000000000015,0.0017420930830548663,17.420930830548663,,
2013-04-05,-1,930,959,154.685,155.2,154.695,155.19,eod,-0.5149999999999864,-0.00332913151685566,-33.2913151685566,,
2013-04-10,1,930,959,158.66,158.69,158.65,158.7,eod,0.030000000000001137,0.00018909549322408532,1.8909549322408532,,
2013-04-11,1,930,959,159.28,159.20000000000002,159.27,159.21,eod,-0.07999999999998408,-0.0005022917059081063,-5.022917059081062,,
2013-04-12,-1,930,959,158.62,158.808,158.63,158.798,eod,-0.18799999999998818,-0.00118514782827957,-11.8514782827957,,
2013-04-15,-1,930,959,155.83,155.10999999999999,155.84,155.1,eod,0.7200000000000273,0.004620123203285596,46.20123203285596,,
2013-04-16,1,930,959,157.1,157.38,157.09,157.39,eod,0.28000000000000114,0.001782417722324789,17.82417722324789,,
2013-04-17,-1,930,959,155.247,155.07,155.257,155.06,eod,0.17700000000002092,0.0011400452153527436,11.400452153527436,,
2013-04-18,-1,930,959,154.08,154.17999999999998,154.09,154.17,eod,-0.0999999999999659,-0.0006489713803619047,-6.489713803619047,,
2013-04-19,1,930,959,155.37,155.44,155.36,155.45,eod,0.06999999999999318,0.00045056642636452865,4.505664263645286,,
2013-04-23,1,930,959,157.76999999999998,157.81,157.76,157.82,eod,0.040000000000020464,0.00025354969574049483,2.5354969574049484,,
2013-04-24,1,930,959,158.04,157.87,158.03,157.88,eod,-0.1699999999999875,-0.0010757451116875751,-10.757451116875751,,
2013-04-25,1,930,959,158.42999999999998,158.54000000000002,158.42,158.55,eod,0.11000000000004206,0.0006943567731349708,6.943567731349708,,
2013-04-29,1,930,959,159.38,159.32000000000002,159.37,159.33,eod,-0.05999999999997385,-0.0003764823994476617,-3.7648239944766173,,
2013-05-01,-1,930,959,158.25,158.2825,158.26,158.2725,eod,-0.03249999999999886,-0.00020535827119928514,-2.0535827119928514,,
2013-05-02,1,930,959,159.79,159.71,159.78,159.72,eod,-0.07999999999998408,-0.0005006884466139948,-5.006884466139948,,
2013-05-03,1,930,959,161.45999999999998,161.37,161.45,161.38,eod,-0.08999999999997499,-0.0005574481263547538,-5.574481263547538,,
2013-05-06,1,930,959,161.79999999999998,161.78,161.79,161.79,eod,-0.01999999999998181,-0.00012361703442723167,-1.2361703442723166,,
2013-05-07,1,930,959,162.6,162.58,162.59,162.59,eod,-0.01999999999998181,-0.00012300879512873984,-1.2300879512873983,,
2013-05-08,1,930,959,163.26999999999998,163.33,163.26,163.34,eod,0.060000000000030695,0.0003675119441383725,3.675119441383725,,
2013-05-10,1,930,959,163.1,163.44,163.09,163.45,eod,0.3400000000000034,0.002084738487951459,20.84738487951459,,
2013-05-14,1,930,959,164.98,165.26000000000002,164.97,165.27,eod,0.28000000000002956,0.001697278293023153,16.97278293023153,,
2013-05-17,1,930,959,166.91,166.96,166.9,166.97,eod,0.05000000000001137,0.00029958058717801896,2.9958058717801896,,
2013-05-21,1,930,959,167.35,167.18,167.34,167.19,eod,-0.1699999999999875,-0.001015895781044505,-10.15895781044505,,
2013-05-23,-1,930,959,165.49190000000002,165.44,165.5019,165.43,eod,0.0519000000000176,0.00031359156601838163,3.1359156601838163,,
2013-05-24,-1,930,959,165.07000000000002,165.32999999999998,165.08,165.32,eod,-0.2599999999999625,-0.0015749939423307636,-15.749939423307636,,
2013-05-28,1,930,959,166.29,166.29000000000002,166.28,166.3,eod,2.842170943040401e-14,1.7092680677414005e-16,1.7092680677414004e-12,,
2013-05-29,-1,930,959,165.58,165.23,165.59,165.22,eod,0.35000000000002274,0.0021136542061720074,21.136542061720075,,
2013-05-30,1,930,959,166.19,165.81,166.18,165.82,eod,-0.37999999999999545,-0.0022866770971235735,-22.866770971235734,,
2013-05-31,-1,930,959,164.72,163.45,164.73,163.44,eod,1.2700000000000102,0.007709585382140535,77.09585382140536,,
2013-06-05,-1,930,959,161.78,161.26999999999998,161.79,161.26,eod,0.5100000000000193,0.003152234377897394,31.522343778973937,,
2013-06-06,1,930,959,162.19,162.69,162.18,162.7,eod,0.5,0.0030829942039708965,30.829942039708964,,
2013-06-07,1,930,959,164.38,164.8,164.37,164.81,eod,0.4200000000000159,0.0025552108048915003,25.552108048915002,,
2013-06-11,-1,930,959,163.53,163.13,163.54,163.12,eod,0.4000000000000057,0.0024458847988260103,24.458847988260104,,
2013-06-13,1,930,959,163.89999999999998,164.20000000000002,163.89,164.21,eod,0.3000000000000398,0.0018304960644337045,18.304960644337044,,
2013-06-17,1,930,959,164.03,164.44,164.02,164.45,eod,0.4099999999999966,0.002499695159126915,24.99695159126915,,
2013-06-18,1,930,959,165.92999999999998,165.73000000000002,165.92,165.74,eod,-0.1999999999999602,-0.001205400192863791,-12.054001928637911,,
2013-06-19,-1,930,959,164.63,163.47,164.64,163.46,eod,1.1599999999999966,0.007045675413022332,70.45675413022332,,
2013-06-20,-1,930,959,159.46,159.39,159.47,159.38,eod,0.0700000000000216,0.00043895403524187374,4.389540352418737,,
2013-06-24,-1,930,959,157.56,157.04,157.57,157.03,eod,0.5200000000000102,0.003300120581328998,33.00120581328998,,
2013-06-25,1,930,959,158.905,158.58,158.895,158.59,eod,-0.32499999999998863,-0.0020453758771515063,-20.453758771515062,,
2013-06-26,1,930,959,160.37,160.13,160.36,160.14,eod,-0.2400000000000091,-0.001496632576702476,-14.966325767024761,,
2013-06-27,1,930,959,161.39,161.12,161.38,161.13,eod,-0.2699999999999818,-0.0016730697732059848,-16.73069773205985,,
2013-07-01,1,930,959,161.51999999999998,161.34,161.51,161.35,eod,-0.1799999999999784,-0.0011144820754131533,-11.144820754131533,,
2013-07-05,1,930,959,162.38,162.99,162.37,163.0,eod,0.6100000000000136,0.0037568516351543613,37.568516351543614,,
2013-07-08,1,930,959,163.79999999999998,163.9,163.79,163.91,eod,0.10000000000002274,0.0006105378838758334,6.105378838758334,,
2013-07-09,1,930,959,165.25,165.08,165.24,165.09,eod,-0.1699999999999875,-0.0010288065843620641,-10.288065843620641,,
2013-07-11,1,930,959,167.42999999999998,167.42000000000002,167.42,167.43,eod,-0.009999999999962483,-5.973002030798282e-05,-0.5973002030798282,,
2013-07-15,1,930,959,168.22,168.18,168.21,168.19,eod,-0.03999999999999204,-0.00023779799060693205,-2.3779799060693207,,
2013-07-16,-1,930,959,167.43,167.53,167.44,167.52,eod,-0.09999999999999432,-0.0005972288580983893,-5.972288580983893,,
2013-07-17,1,930,959,167.95999999999998,167.95000000000002,167.95,167.96,eod,-0.009999999999962483,-5.954153021710321e-05,-0.5954153021710321,,
2013-07-18,1,930,959,168.89,168.88,168.88,168.89,eod,-0.009999999999990905,-5.921364282325264e-05,-0.5921364282325264,,
2013-07-24,-1,930,959,168.48000000000002,168.54,168.49,168.53,eod,-0.05999999999997385,-0.00035610421983484986,-3.5610421983484986,,
2013-07-26,-1,930,959,168.84,169.14,168.85,169.13,eod,-0.29999999999998295,-0.0017767249037606335,-17.767249037606334,,
2013-07-29,-1,930,959,168.69,168.57999999999998,168.7,168.57,eod,0.11000000000001364,0.0006520450503853803,6.520450503853803,,
2013-07-30,1,930,959,168.79,168.57000000000002,168.78,168.58,eod,-0.21999999999997044,-0.0013034719753523547,-13.034719753523547,,
2013-07-31,1,930,959,169.45999999999998,168.60000000000002,169.45,168.61,eod,-0.8599999999999568,-0.005075243434641233,-50.75243434641233,,
2013-08-01,1,930,959,170.5,170.65,170.49,170.66,eod,0.15000000000000568,0.0008798169980644358,8.798169980644358,,
2013-08-05,-1,930,959,170.77,170.73999999999998,170.78,170.73,eod,0.03000000000002956,0.00017566459772824428,1.7566459772824428,,
2013-08-06,-1,930,959,169.8,169.76,169.81,169.75,eod,0.040000000000020464,0.00023555738766869126,2.3555738766869125,,
2013-08-07,-1,930,959,169.33,169.20999999999998,169.34,169.2,eod,0.12000000000003297,0.0007086335183656133,7.086335183656133,,
2013-08-08,1,930,959,169.98,169.78,169.97,169.79,eod,-0.19999999999998863,-0.0011766782373359337,-11.766782373359337,,
2013-08-12,-1,930,959,169.05,169.12,169.06,169.11,eod,-0.06999999999999318,-0.0004140541819471973,-4.140541819471973,,
2013-08-15,-1,930,959,166.31,166.35999999999999,166.32,166.35,eod,-0.04999999999998295,-0.00030062530062519813,-3.006253006251981,,
2013-08-20,1,930,959,166.01999999999998,165.57000000000002,166.01,165.58,eod,-0.4499999999999602,-0.002710680079513043,-27.10680079513043,,
2013-08-21,-1,930,959,165.3,164.59,165.31,164.58,eod,0.710000000000008,0.004294960982396757,42.94960982396757,,
2013-08-22,1,930,959,166.08499999999998,165.98000000000002,166.075,165.99,eod,-0.10499999999996135,-0.0006322444678606735,-6.322444678606735,,
2013-08-23,1,930,959,166.565,166.58,166.555,166.59,eod,0.01500000000001478,9.006034042817555e-05,0.9006034042817554,,
2013-08-27,-1,930,959,163.44500000000002,163.32999999999998,163.455,163.32,eod,0.11500000000003752,0.000703557554067098,7.035575540670981,,
2013-08-28,1,930,959,164.28,163.91,164.27,163.92,eod,-0.37000000000000455,-0.0022523893589821912,-22.523893589821913,,
2013-08-29,1,930,959,164.29999999999998,164.16,164.29,164.17,eod,-0.13999999999998636,-0.0008521516829994909,-8.52151682999491,,
2013-09-03,1,930,959,164.29999999999998,164.37,164.29,164.38,eod,0.0700000000000216,0.00042607584149991846,4.260758414999184,,
2013-09-04,1,930,959,165.75,165.75,165.74,165.76,eod,0.0,0.0,0.0,,
2013-09-05,1,930,959,166.07,165.905,166.06,165.915,eod,-0.16499999999999204,-0.0009936167650246418,-9.936167650246418,,
2013-09-09,1,930,959,167.57,167.63,167.56,167.64,eod,0.060000000000002274,0.0003580806875149336,3.580806875149336,,
2013-09-10,1,930,959,168.785,168.88,168.775,168.89,eod,0.09499999999999886,0.000562879573396527,5.62879573396527,,
2013-09-13,1,930,959,169.26999999999998,169.33,169.26,169.34,eod,0.060000000000030695,0.0003544842254521488,3.544842254521488,,
2013-09-16,1,930,959,170.26,170.3,170.25,170.31,eod,0.040000000000020464,0.00023494860499277806,2.3494860499277808,,
2013-09-17,1,930,959,171.03,171.03,171.02,171.04,eod,0.0,0.0,0.0,,
2013-09-20,-1,930,959,170.69,170.72,170.7,170.71,eod,-0.030000000000001137,-0.00017574692442882917,-1.7574692442882918,,
2013-09-23,-1,930,959,169.81,169.94,169.82,169.93,eod,-0.12999999999999545,-0.0007655164291602607,-7.655164291602606,,
2013-09-25,-1,930,959,169.17000000000002,169.09,169.18,169.08,eod,0.0800000000000125,0.00047286913346738683,4.728691334673869,,
2013-09-26,1,930,959,169.225,169.64000000000001,169.215,169.65,eod,0.41500000000002046,0.002452501255798957,24.52501255798957,,
2013-09-27,-1,930,959,168.83,168.95,168.84,168.94,eod,-0.11999999999997613,-0.0007107320540154947,-7.107320540154947,,
2013-09-30,-1,930,959,167.85000000000002,168.01999999999998,167.86,168.01,eod,-0.16999999999995907,-0.0010127487191704937,-10.127487191704937,,
2013-10-01,1,930,959,168.82,169.32000000000002,168.81,169.33,eod,0.5000000000000284,0.002961909839464655,29.61909839464655,,
2013-10-02,-1,930,959,168.81,169.16,168.82,169.15,eod,-0.3499999999999943,-0.0020732140741617955,-20.732140741617954,,
2013-10-03,-1,930,959,168.0,167.67999999999998,168.01,167.67,eod,0.3200000000000216,0.0019046485328255557,19.046485328255557,,
2013-10-04,1,930,959,168.85,168.85000000000002,168.84,168.86,eod,2.842170943040401e-14,1.6833516601755513e-16,1.6833516601755512e-12,,
2013-10-07,-1,930,959,167.93,167.45999999999998,167.94,167.45,eod,0.4700000000000273,0.0027986185542457262,27.986185542457264,,
2013-10-09,1,930,959,165.95999999999998,165.57000000000002,165.95,165.58,eod,-0.38999999999995794,-0.002350105453449581,-23.50105453449581,,
2013-10-10,1,930,959,169.04999999999998,169.15,169.04,169.16,eod,0.10000000000002274,0.0005915759583531871,5.91575958353187,,
2013-10-11,1,930,959,170.0,170.23000000000002,169.99,170.24,eod,0.2300000000000182,0.0013530207659275145,13.530207659275145,,
2013-10-15,-1,930,959,170.25,169.72,170.26,169.71,eod,0.5300000000000011,0.003112886174086698,31.128861740866977,,
2013-10-16,1,930,959,171.69,172.06,171.68,172.07,eod,0.37000000000000455,0.00215517241379313,21.5517241379313,,
2013-10-18,1,930,959,174.26,174.36,174.25,174.37,eod,0.10000000000002274,0.0005738880918222252,5.738880918222252,,
2013-10-22,1,930,959,175.67999999999998,175.42000000000002,175.67,175.43,eod,-0.2599999999999625,-0.0014800478169292566,-14.800478169292566,,
2013-10-23,-1,930,959,174.44,174.63,174.45,174.62,eod,-0.18999999999999773,-0.0010891372886213686,-10.891372886213686,,
2013-10-24,1,930,959,175.231,175.14000000000001,175.221,175.15,eod,-0.09099999999997976,-0.0005193441425398769,-5.193441425398769,,
2013-10-25,1,930,959,175.56,175.92000000000002,175.55,175.93,eod,0.36000000000001364,0.002050697806892701,20.50697806892701,,
2013-10-29,1,930,959,176.94,177.21,176.93,177.22,eod,0.27000000000001023,0.0015260272424123113,15.260272424123112,,
2013-10-31,-1,930,959,176.16,175.73,176.17,175.72,eod,0.4300000000000068,0.002440824203894005,24.40824203894005,,
2013-11-01,1,930,959,176.045,176.14000000000001,176.035,176.15,eod,0.09500000000002728,0.0005396654074475377,5.396654074475377,,
2013-11-04,1,930,959,176.63,176.81,176.62,176.82,eod,0.18000000000000682,0.0010191371305628288,10.191371305628287,,
2013-11-05,-1,930,959,176.44500000000002,176.32999999999998,176.455,176.32,eod,0.11500000000003752,0.0006517242356410275,6.517242356410275,,
2013-11-06,1,930,959,177.04,177.14000000000001,177.03,177.15,eod,0.10000000000002274,0.0005648760097159958,5.648760097159958,,
2013-11-08,1,930,959,176.6199,177.22,176.6099,177.23,eod,0.6000999999999976,0.0033978842635661853,33.978842635661856,,
2013-11-11,1,930,959,177.35,177.29000000000002,177.34,177.3,eod,-0.05999999999997385,-0.00033833314537032734,-3.3833314537032733,,
2013-11-12,-1,930,959,176.815,176.98999999999998,176.825,176.98,eod,-0.17499999999998295,-0.0009896790612186227,-9.896790612186226,,
2013-11-14,1,930,959,179.29,179.3,179.28,179.31,eod,0.010000000000019327,5.577867023660936e-05,0.5577867023660936,,
2013-11-15,1,930,959,179.98,180.05,179.97,180.06,eod,0.0700000000000216,0.0003889537145080936,3.889537145080936,,
2013-11-18,-1,930,959,179.25,179.48,179.26,179.47,eod,-0.22999999999998977,-0.0012830525493695737,-12.830525493695736,,
2013-11-19,-1,930,959,179.235,179.04999999999998,179.245,179.04,eod,0.1850000000000307,0.0010321068928005283,10.321068928005282,,
2013-11-21,1,930,959,179.98,179.87,179.97,179.88,eod,-0.10999999999998522,-0.0006112129799410191,-6.112129799410192,,
2013-11-22,1,930,959,180.69,180.75,180.68,180.76,eod,0.060000000000002274,0.00033207881337171945,3.3207881337171945,,
2013-11-27,1,930,959,181.14999999999998,181.13,181.14,181.14,eod,-0.01999999999998181,-0.00011041183614873475,-1.1041183614873475,,
2013-12-02,-1,930,959,180.66,180.54,180.67,180.53,eod,0.12000000000000455,0.0006641943875574503,6.641943875574503,,
2013-12-03,-1,930,959,179.47,179.89,179.48,179.88,eod,-0.4199999999999875,-0.00234009360374408,-23.4009360374408,,
2013-12-04,-1,930,959,179.73000000000002,179.70999999999998,179.74,179.7,eod,0.020000000000038654,0.00011127183709824554,1.1127183709824553,,
2013-12-05,-1,930,959,178.98000000000002,179.0,178.99,178.99,eod,-0.01999999999998181,-0.00011173808592648645,-1.1173808592648644,,
2013-12-06,1,930,959,180.76,180.92000000000002,180.75,180.93,eod,0.160000000000025,0.0008852005532504841,8.85200553250484,,
2013-12-09,1,930,959,181.22,181.37,181.21,181.38,eod,0.15000000000000568,0.0008277688869268014,8.277688869268014,,
2013-12-10,-1,930,959,181.01000000000002,180.78,181.02,180.77,eod,0.2300000000000182,0.001270577836703227,12.70577836703227,,
2013-12-11,-1,930,959,178.9,178.69,178.91,178.68,eod,0.21000000000000796,0.001173774523503482,11.737745235034819,,
2013-12-16,1,930,959,179.315,179.19,179.305,179.2,eod,-0.125,-0.0006971361646356766,-6.971361646356766,,
2013-12-17,-1,930,959,178.9,178.64,178.91,178.63,eod,0.2600000000000193,0.001453244648147221,14.53244648147221,,
2013-12-18,1,930,959,180.92,181.69,180.91,181.7,eod,0.7700000000000102,0.004256260018793932,42.562600187939324,,
2013-12-19,-1,930,959,181.46,181.535,181.47,181.525,eod,-0.07499999999998863,-0.0004132914531326866,-4.132914531326866,,
2013-12-23,1,930,959,182.44,182.45000000000002,182.43,182.46,eod,0.010000000000019327,5.4815545688863273e-05,0.5481554568886328,,
2013-12-30,-1,930,959,183.7116,183.82,183.7216,183.81,eod,-0.10839999999998895,-0.0005900231654851088,-5.900231654851088,,
2013-12-31,1,930,959,184.14,184.55,184.13,184.56,eod,0.410000000000025,0.0022266876663228426,22.266876663228427,,
2014-01-02,-1,930,959,182.98000000000002,182.95999999999998,182.99,182.95,eod,0.020000000000038654,0.00010929558992315784,1.0929558992315784,,
2014-01-03,1,930,959,183.37,182.79000000000002,183.36,182.8,eod,-0.5799999999999841,-0.003163176265270419,-31.63176265270419,,
2014-01-07,1,930,959,183.60999999999999,183.43,183.6,183.44,eod,-0.1799999999999784,-0.0009803921568626276,-9.803921568626276,,
2014-01-08,-1,930,959,183.01000000000002,183.54,183.02,183.53,eod,-0.5299999999999727,-0.0028958583761336068,-28.95858376133607,,
2014-01-09,1,930,959,183.69,183.62,183.68,183.63,eod,-0.06999999999999318,-0.0003810975609755726,-3.810975609755726,,
2014-01-13,-1,930,959,181.73000000000002,181.73,181.74,181.72,eod,2.842170943040401e-14,1.563866481259162e-16,1.5638664812591619e-12,,
2014-01-14,1,930,959,183.745,183.67000000000002,183.735,183.68,eod,-0.07499999999998863,-0.00040819658747646677,-4.081965874764668,,
2014-01-15,1,930,959,184.63,184.66,184.62,184.67,eod,0.030000000000001137,0.00016249593760156612,1.6249593760156613,,
2014-01-16,-1,930,959,184.27,184.41,184.28,184.4,eod,-0.13999999999998636,-0.000759713479487662,-7.59713479487662,,
2014-01-17,-1,930,959,183.58,183.62,183.59,183.61,eod,-0.03999999999999204,-0.00021787679067483,-2.1787679067483,,
2014-01-21,1,930,959,183.95,184.18,183.94,184.19,eod,0.2300000000000182,0.0012504077416549864,12.504077416549864,,
2014-01-23,-1,930,959,182.38,182.79,182.39,182.78,eod,-0.4099999999999966,-0.0022479302593343747,-22.479302593343746,,
2014-01-24,-1,930,959,179.35000000000002,178.89999999999998,179.36,178.89,eod,0.4500000000000455,0.002508920606601502,25.08920606601502,,
2014-01-28,1,930,959,179.1001,179.06,179.0901,179.07,eod,-0.04009999999999536,-0.00022390964101307308,-2.2390964101307307,,
2014-01-29,-1,930,959,177.17000000000002,177.32999999999998,177.18,177.32,eod,-0.15999999999996817,-0.0009030364600968967,-9.030364600968968,,
2014-01-30,1,930,959,179.59,179.31,179.58,179.32,eod,-0.28000000000000114,-0.0015591936741285283,-15.591936741285284,,
2014-01-31,-1,930,959,178.46,178.10999999999999,178.47,178.1,eod,0.35000000000002274,0.0019611139127025425,19.611139127025425,,
2014-02-03,-1,930,959,174.365,174.17999999999998,174.375,174.17,eod,0.1850000000000307,0.001060931899641753,10.60931899641753,,
2014-02-04,1,930,959,174.958,175.38,174.948,175.39,eod,0.42199999999999704,0.0024121453231817284,24.121453231817284,,
2014-02-06,1,930,959,177.291,177.41,177.281,177.42,eod,0.11899999999999977,0.0006712507262481584,6.712507262481584,,
2014-02-07,1,930,959,179.56,179.68,179.55,179.69,eod,0.12000000000000455,0.0006683375104427989,6.683375104427989,,
2014-02-11,1,930,959,182.20999999999998,181.94,182.2,181.95,eod,-0.2699999999999818,-0.001481888035126135,-14.81888035126135,,
2014-02-21,1,930,959,184.38,183.9,184.37,183.91,eod,-0.47999999999998977,-0.0026034604328252415,-26.034604328252414,,
2014-02-24,1,930,959,185.265,184.98000000000002,185.255,184.99,eod,-0.28499999999996817,-0.0015384200156539267,-15.384200156539267,,
2014-02-25,-1,930,959,184.52,184.81,184.53,184.8,eod,-0.28999999999999204,-0.0015715601799165017,-15.715601799165016,,
2014-02-26,-1,930,959,184.60000000000002,184.84,184.61,184.83,eod,-0.23999999999998067,-0.0013000379177724969,-13.00037917772497,,
2014-03-03,-1,930,959,184.59,184.94,184.6,184.93,eod,-0.3499999999999943,-0.0018959913326110202,-18.9599133261102,,
2014-03-04,1,930,959,187.85,187.68,187.84,187.69,eod,-0.1699999999999875,-0.000905025553662625,-9.050255536626251,,
2014-03-06,1,930,959,188.30499999999998,188.17000000000002,188.295,188.18,eod,-0.13499999999996248,-0.0007169600892215008,-7.1696008922150085,,
2014-03-10,-1,930,959,187.86,188.19,187.87,188.18,eod,-0.3299999999999841,-0.0017565337733538302,-17.565337733538303,,
2014-03-11,-1,930,959,187.05,187.20999999999998,187.06,187.2,eod,-0.15999999999996817,-0.0008553405324493113,-8.553405324493113,,
2014-03-12,-1,930,959,186.83,187.26999999999998,186.84,187.26,eod,-0.4399999999999693,-0.0023549561121813814,-23.549561121813813,,
2014-03-14,-1,930,959,184.75,184.62,184.76,184.61,eod,0.12999999999999545,0.0007036155011907094,7.036155011907094,,
2014-03-17,1,930,959,186.45999999999998,186.33,186.45,186.34,eod,-0.12999999999996703,-0.0006972378653792815,-6.972378653792815,,
2014-03-18,1,930,959,187.70999999999998,187.68,187.7,187.69,eod,-0.029999999999972715,-0.0001598295151836586,-1.598295151836586,,
2014-03-25,1,930,959,186.37,186.33,186.36,186.34,eod,-0.03999999999999204,-0.00021463833440648228,-2.146383344064823,,
2014-03-27,-1,930,959,184.62,184.63,184.63,184.62,eod,-0.009999999999990905,-5.416237881162815e-05,-0.5416237881162815,,
2014-03-28,1,930,959,185.33499999999998,185.47,185.325,185.48,eod,0.13500000000001933,0.0007284500202348271,7.284500202348271,,
2014-03-31,1,930,959,187.09,187.01000000000002,187.08,187.02,eod,-0.07999999999998408,-0.0004276245456488351,-4.276245456488351,,
2014-04-01,1,930,959,188.14999999999998,188.24,188.14,188.25,eod,0.09000000000003183,0.0004783671733816936,4.783671733816936,,
2014-04-07,-1,930,959,185.09,184.32,185.1,184.31,eod,0.7700000000000102,0.0041599135602377645,41.59913560237764,,
2014-04-09,1,930,959,186.78099999999998,187.11,186.771,187.12,eod,0.32900000000003615,0.0017615154386924961,17.61515438692496,,
2014-04-10,-1,930,959,183.245,183.16,183.255,183.15,eod,0.08500000000000796,0.0004638345474885158,4.638345474885158,,
2014-04-11,-1,930,959,181.98000000000002,181.48999999999998,181.99,181.48,eod,0.4900000000000375,0.0026924556294303944,26.924556294303944,,
2014-04-14,1,930,959,182.0,182.94,181.99,182.95,eod,0.9399999999999977,0.0051651189625803486,51.65118962580348,,
2014-04-15,1,930,959,184.22,184.22,184.21,184.23,eod,0.0,0.0,0.0,,
2014-04-16,1,930,959,185.85,186.12,185.84,186.13,eod,0.27000000000001023,0.0014528626775721601,14.528626775721602,,
2014-04-21,1,930,959,186.87,187.04000000000002,186.86,187.05,eod,0.17000000000001592,0.0009097720218346136,9.097720218346137,,
2014-04-22,1,930,959,188.0299,187.85000000000002,188.0199,187.86,eod,-0.17989999999997508,-0.0009568136138779729,-9.56813613877973,,
2014-04-23,-1,930,959,187.53,187.47,187.54,187.46,eod,0.060000000000002274,0.00031993174789379477,3.1993174789379477,,
2014-04-25,-1,930,959,186.37,186.32,186.38,186.31,eod,0.05000000000001137,0.00026826912758885806,2.6826912758885806,,
2014-04-28,1,930,959,187.04,186.89000000000001,187.03,186.9,eod,-0.14999999999997726,-0.0008020103726673649,-8.020103726673648,,
2014-04-29,1,930,959,187.92,187.72,187.91,187.73,eod,-0.19999999999998863,-0.0010643393113724052,-10.643393113724052,,
2014-05-01,-1,930,959,188.055,188.32999999999998,188.065,188.32,eod,-0.27499999999997726,-0.001462260388695277,-14.62260388695277,,
2014-05-06,-1,930,959,187.04500000000002,186.82999999999998,187.055,186.82,eod,0.21500000000003183,0.0011493945630965856,11.493945630965856,,
2014-05-07,1,930,959,187.39,187.89000000000001,187.38,187.9,eod,0.5000000000000284,0.00266837442629965,26.6837442629965,,
2014-05-12,1,930,959,189.671,189.77,189.661,189.78,eod,0.09900000000001796,0.0005219839608565703,5.219839608565702,,
2014-05-13,1,930,959,189.93099999999998,189.94,189.921,189.95,eod,0.009000000000014552,4.73881245360679e-05,0.473881245360679,,
2014-05-14,-1,930,959,189.11,189.06,189.12,189.05,eod,0.05000000000001137,0.0002643824027073359,2.643824027073359,,
2014-05-15,-1,930,959,187.15,187.39,187.16,187.38,eod,-0.23999999999998067,-0.0012823252831800636,-12.823252831800636,,
2014-05-19,1,930,959,188.7,188.73000000000002,188.69,188.74,eod,0.03000000000002956,0.0001589909375167182,1.589909375167182,,
2014-05-20,-1,930,959,187.5,187.54,187.51,187.53,eod,-0.03999999999999204,-0.00021332195616229557,-2.1332195616229557,,
2014-05-21,1,930,959,189.10999999999999,189.11,189.1,189.12,eod,2.842170943040401e-14,1.5029989122371236e-16,1.5029989122371235e-12,,
2014-05-22,1,930,959,189.765,189.585,189.755,189.595,eod,-0.1799999999999784,-0.0009485916049641823,-9.485916049641823,,
2014-05-23,1,930,959,190.42499999999998,190.36,190.415,190.37,eod,-0.0649999999999693,-0.0003413596617911893,-3.413596617911893,,
2014-05-27,1,930,959,191.45,191.53,191.44,191.54,eod,0.0800000000000125,0.0004178854993732371,4.178854993732371,,
2014-05-29,1,930,959,192.32999999999998,192.37,192.32,192.38,eod,0.040000000000020464,0.0002079866888520199,2.079866888520199,,
2014-06-05,1,930,959,194.345,194.44,194.335,194.45,eod,0.09499999999999886,0.000488846579360377,4.888465793603769,,
2014-06-06,1,930,959,195.345,195.37,195.335,195.38,eod,0.025000000000005684,0.00012798525609852656,1.2798525609852656,,
2014-06-09,1,930,959,195.59,195.57000000000002,195.58,195.58,eod,-0.01999999999998181,-0.0001022599447795368,-1.022599447795368,,
2014-06-10,-1,930,959,195.47,195.60999999999999,195.48,195.6,eod,-0.13999999999998636,-0.0007161857990586575,-7.161857990586575,,
2014-06-11,-1,930,959,194.93,194.95,194.94,194.94,eod,-0.01999999999998181,-0.00010259567046261317,-1.0259567046261318,,
2014-06-12,-1,930,959,193.37,193.54,193.38,193.53,eod,-0.1699999999999875,-0.0008790981487226575,-8.790981487226574,,
2014-06-13,1,930,959,193.81,194.13,193.8,194.14,eod,0.3199999999999932,0.0016511867905056406,16.511867905056405,,
2014-06-17,1,930,959,194.77499999999998,194.81,194.765,194.82,eod,0.03500000000002501,0.00017970374553962474,1.7970374553962474,,
2014-06-18,1,930,959,195.95,196.24,195.94,196.25,eod,0.29000000000002046,0.00148004491170777,14.8004491170777,,
2014-06-19,1,930,959,196.41,196.48000000000002,196.4,196.49,eod,0.0700000000000216,0.00035641547861518124,3.5641547861518124,,
2014-06-20,-1,930,959,195.835,195.95999999999998,195.845,195.95,eod,-0.12499999999997158,-0.0006382598483493149,-6.382598483493149,,
2014-06-23,-1,930,959,195.76000000000002,195.892,195.77,195.882,eod,-0.13199999999997658,-0.000674260611942466,-6.74260611942466,,
2014-06-24,-1,930,959,194.66,194.70999999999998,194.67,194.7,eod,-0.04999999999998295,-0.0002568449170390042,-2.568449170390042,,
2014-06-25,1,930,959,195.54,195.55,195.53,195.56,eod,0.010000000000019327,5.1143047102845226e-05,0.5114304710284523,,
2014-06-26,-1,930,959,195.29000000000002,195.45,195.3,195.44,eod,-0.15999999999996817,-0.0008192524321554949,-8.192524321554949,,
2014-07-01,1,930,959,197.30499999999998,197.05,197.295,197.06,eod,-0.25499999999996703,-0.0012924808028584964,-12.924808028584964,,
2014-07-07,-1,930,959,197.405,197.54999999999998,197.415,197.54,eod,-0.1449999999999818,-0.0007344933262415815,-7.3449332624158155,,
2014-07-08,-1,930,959,196.215,196.28,196.225,196.27,eod,-0.06499999999999773,-0.000331252388839331,-3.31252388839331,,
2014-07-09,1,930,959,197.13,197.12,197.12,197.13,eod,-0.009999999999990905,-5.073051948047334e-05,-0.5073051948047334,,
2014-07-10,-1,930,959,196.36,196.345,196.37,196.335,eod,0.01500000000001478,7.63864134033446e-05,0.7638641340334459,,
2014-07-14,1,930,959,197.54999999999998,197.58,197.54,197.59,eod,0.03000000000002956,0.00015186797610625474,1.5186797610625475,,
2014-07-16,1,930,959,198.07,197.96,198.06,197.97,eod,-0.10999999999998522,-0.0005553872563868788,-5.553872563868788,,
2014-07-17,-1,930,959,195.94500000000002,195.73,195.955,195.72,eod,0.21500000000003183,0.001097190681534188,10.971906815341882,,
2014-07-18,1,930,959,197.70999999999998,197.71,197.7,197.72,eod,2.842170943040401e-14,1.4376180794336878e-16,1.4376180794336879e-12,,
2014-07-21,-1,930,959,197.47,197.31,197.48,197.3,eod,0.1599999999999966,0.0008102086287218787,8.102086287218787,,
2014-07-22,1,930,959,198.29999999999998,198.18,198.29,198.19,eod,-0.11999999999997613,-0.000605174239749741,-6.05174239749741,,
2014-07-23,1,930,959,198.755,198.64000000000001,198.745,198.65,eod,-0.11499999999998067,-0.0005786309089535871,-5.786309089535871,,
2014-07-25,-1,930,959,197.585,197.72,197.595,197.71,eod,-0.1349999999999909,-0.0006832156684126162,-6.832156684126162,,
2014-07-31,-1,930,959,193.18,193.06,193.19,193.05,eod,0.12000000000000455,0.0006211501630519413,6.211501630519413,,
2014-08-04,1,930,959,194.01299999999998,193.87,194.003,193.88,eod,-0.14299999999997226,-0.0007371020035771214,-7.371020035771213,,
2014-08-05,-1,930,959,191.68,191.98999999999998,191.69,191.98,eod,-0.30999999999997385,-0.0016171944285042197,-16.171944285042198,,
2014-08-08,1,930,959,193.10999999999999,193.23000000000002,193.1,193.24,eod,0.12000000000003297,0.0006214396685656809,6.214396685656809,,
2014-08-11,1,930,959,193.885,193.78,193.875,193.79,eod,-0.10499999999998977,-0.0005415860735009144,-5.415860735009144,,
2014-08-13,1,930,959,194.77499999999998,194.9,194.765,194.91,eod,0.12500000000002842,0.0006417990912126328,6.417990912126328,,
2014-08-14,1,930,959,195.62,195.73000000000002,195.61,195.74,eod,0.11000000000001364,0.0005623434384745853,5.6234343847458526,,
2014-08-18,1,930,959,197.17499999999998,197.35000000000002,197.165,197.36,eod,0.1750000000000398,0.0008875814672991647,8.875814672991647,,
2014-08-19,1,930,959,198.47,198.38,198.46,198.39,eod,-0.09000000000000341,-0.00045349188753402906,-4.53491887534029,,
2014-08-21,1,930,959,199.67,199.48000000000002,199.66,199.49,eod,-0.1899999999999693,-0.0009516177501751443,-9.516177501751443,,
2014-08-22,-1,930,959,199.3631,199.17,199.3731,199.16,eod,0.19310000000001537,0.0009685358757024662,9.685358757024662,,
2014-08-25,1,930,959,200.07999999999998,200.16,200.07,200.17,eod,0.0800000000000125,0.0003998600489829185,3.998600489829185,,
2014-08-26,1,930,959,200.37,200.33,200.36,200.34,eod,-0.03999999999999204,-0.000199640646835656,-1.99640646835656,,
2014-08-27,-1,930,959,200.14000000000001,200.28,200.15,200.27,eod,-0.13999999999998636,-0.0006994753934548406,-6.994753934548406,,
2014-08-28,-1,930,959,200.11,200.14999999999998,200.12,200.14,eod,-0.03999999999996362,-0.0001998800719566441,-1.998800719566441,,
2014-09-08,-1,930,959,200.60000000000002,200.60999999999999,200.61,200.6,eod,-0.009999999999962483,-4.9847963710495403e-05,-0.498479637104954,,
2014-09-09,-1,930,959,199.27,199.34,199.28,199.33,eod,-0.06999999999999318,-0.00035126455238856474,-3.5126455238856473,,
2014-09-12,-1,930,959,199.065,199.13989999999998,199.075,199.1299,eod,-0.07489999999998531,-0.0003762401105110401,-3.762401105110401,,
2014-09-15,-1,930,959,199.04000000000002,199.0,199.05,198.99,eod,0.040000000000020464,0.000200954534036777,2.00954534036777,,
2014-09-16,1,930,959,200.505,200.48000000000002,200.495,200.49,eod,-0.024999999999977263,-0.0001246913888125752,-1.246913888125752,,
2014-09-17,1,930,959,201.279,200.71,201.269,200.72,eod,-0.5689999999999884,-0.0028270622897713427,-28.270622897713427,,
2014-09-18,1,930,959,201.73,201.76000000000002,201.72,201.77,eod,0.03000000000002956,0.00014872099940526254,1.4872099940526253,,
2014-09-19,-1,930,959,200.87,200.73999999999998,200.88,200.73,eod,0.13000000000002387,0.0006471525288730778,6.471525288730779,,
2014-09-22,-1,930,959,199.04000000000002,199.14999999999998,199.05,199.14,eod,-0.1099999999999568,-0.000552624968600637,-5.52624968600637,,
2014-09-23,-1,930,959,198.38,198.01,198.39,198.0,eod,0.37000000000000455,0.0018650133575281243,18.65013357528124,,
2014-09-25,-1,930,959,196.49,196.32999999999998,196.5,196.32,eod,0.160000000000025,0.0008142493638678117,8.142493638678117,,
2014-09-26,1,930,959,198.07999999999998,197.94,198.07,197.95,eod,-0.13999999999998636,-0.0007068208209218274,-7.068208209218274,,
2014-09-29,-1,930,959,197.809,197.53,197.819,197.52,eod,0.27899999999999636,0.0014103801960377738,14.103801960377739,,
2014-09-30,-1,930,959,197.29000000000002,197.01,197.3,197.0,eod,0.28000000000002956,0.0014191586416625926,14.191586416625926,,
2014-10-01,-1,930,959,194.34,194.35,194.35,194.34,eod,-0.009999999999990905,-5.145356315920198e-05,-0.5145356315920198,,
2014-10-02,1,930,959,194.48999999999998,194.38,194.48,194.39,eod,-0.10999999999998522,-0.0005656108597284308,-5.656108597284308,,
2014-10-03,1,930,959,196.69,196.52,196.68,196.53,eod,-0.1699999999999875,-0.0008643481797843578,-8.643481797843577,,
2014-10-07,-1,930,959,193.92000000000002,193.26999999999998,193.93,193.26,eod,0.6500000000000341,0.0033517248491725577,33.517248491725574,,
2014-10-09,-1,930,959,193.21200000000002,192.69,193.222,192.68,eod,0.5220000000000198,0.0027015557234684445,27.015557234684444,,
2014-10-13,-1,930,959,189.12,187.39,189.13,187.38,eod,1.7300000000000182,0.009147147464706911,91.47147464706912,,
2014-10-14,1,930,959,187.63,187.74,187.62,187.75,eod,0.11000000000001364,0.0005862914401450466,5.862914401450466,,
2014-10-15,-1,930,959,185.82000000000002,186.29999999999998,185.83,186.29,eod,-0.47999999999996135,-0.002583005973201105,-25.83005973201105,,
2014-10-17,1,930,959,188.73,188.53,188.72,188.54,eod,-0.19999999999998863,-0.0010597710894446196,-10.597710894446196,,
2014-10-20,1,930,959,190.01,190.31,190.0,190.32,eod,0.30000000000001137,0.0015789473684211124,15.789473684211124,,
2014-10-21,1,930,959,194.165,194.04000000000002,194.155,194.05,eod,-0.12499999999997158,-0.0006438155082278158,-6.438155082278158,,
2014-10-23,1,930,959,194.95,194.94,194.94,194.95,eod,-0.009999999999990905,-5.129783523130658e-05,-0.5129783523130659,,
2014-10-27,-1,930,959,195.875,196.12,195.885,196.11,eod,-0.24500000000000455,-0.0012507338489420046,-12.507338489420045,,
2014-10-28,1,930,959,198.13,198.36,198.12,198.37,eod,0.2300000000000182,0.0011609125782355047,11.609125782355047,,
2014-10-31,1,930,959,201.295,201.65,201.285,201.66,eod,0.3550000000000182,0.0017636684303351873,17.636684303351874,,
2014-11-04,-1,930,959,201.03,201.12,201.04,201.11,eod,-0.09000000000000341,-0.00044767210505373766,-4.4767210505373765,,
2014-11-05,1,930,959,202.10999999999999,202.36,202.1,202.37,eod,0.2500000000000284,0.0012370113805048413,12.370113805048414,,
2014-11-07,-1,930,959,202.81,203.38,202.82,203.37,eod,-0.5699999999999932,-0.0028103737304013077,-28.103737304013077,,
2014-11-11,-1,930,959,203.83,204.17999999999998,203.84,204.17,eod,-0.3499999999999659,-0.0017170329670327996,-17.170329670327995,,
2014-11-12,-1,930,959,204.065,203.98999999999998,204.075,203.98,eod,0.07500000000001705,0.00036751194413826805,3.6751194413826807,,
2014-11-18,1,930,959,205.82,205.54000000000002,205.81,205.55,eod,-0.2799999999999727,-0.0013604781108788335,-13.604781108788336,,
2014-11-19,-1,930,959,205.10000000000002,205.2,205.11,205.19,eod,-0.0999999999999659,-0.0004875432694649987,-4.875432694649987,,
2014-11-21,1,930,959,206.66,206.67000000000002,206.65,206.68,eod,0.010000000000019327,4.839099927422853e-05,0.4839099927422853,,
2014-11-24,1,930,959,207.13,207.27,207.12,207.28,eod,0.14000000000001478,0.0006759366550792525,6.7593665507925245,,
2014-11-25,1,930,959,207.42,207.17000000000002,207.41,207.18,eod,-0.24999999999997158,-0.0012053420760810547,-12.053420760810548,,
2014-11-26,1,930,959,207.5042,207.65,207.4942,207.66,eod,0.14580000000000837,0.0007026702433128655,7.026702433128655,,
2014-12-01,-1,930,959,206.13,205.81,206.14,205.8,eod,0.3199999999999932,0.001552343067817955,15.52343067817955,,
2014-12-02,1,930,959,207.07999999999998,207.08,207.07,207.09,eod,2.842170943040401e-14,1.3725652885692765e-16,1.3725652885692765e-12,,
2014-12-03,1,930,959,208.03,207.9,208.02,207.91,eod,-0.12999999999999545,-0.0006249399096240528,-6.249399096240528,,
2014-12-04,-1,930,959,207.21,207.67,207.22,207.66,eod,-0.45999999999997954,-0.0022198629475918327,-22.198629475918327,,
2014-12-05,1,930,959,208.01999999999998,207.99,208.01,208.0,eod,-0.029999999999972715,-0.00014422383539239804,-1.4422383539239805,,
2014-12-08,-1,930,959,206.65,206.63,206.66,206.62,eod,0.020000000000010232,9.677731539732039e-05,0.9677731539732038,,
2014-12-09,-1,930,959,206.10000000000002,206.47,206.11,206.46,eod,-0.3699999999999761,-0.0017951579253795357,-17.95157925379536,,
2014-12-10,-1,930,959,203.85500000000002,203.17999999999998,203.865,203.17,eod,0.6750000000000398,0.0033110146420427234,33.110146420427235,,
2014-12-11,1,930,959,205.029,204.16,205.019,204.17,eod,-0.8689999999999998,-0.0042386315414668875,-42.38631541466887,,
2014-12-12,-1,930,959,202.23000000000002,200.88,202.24,200.87,eod,1.3500000000000227,0.006675237341772264,66.75237341772264,,
2014-12-16,-1,930,959,199.17000000000002,197.94,199.18,197.93,eod,1.2300000000000182,0.006175318807109239,61.75318807109239,,
2014-12-17,1,930,959,201.685,201.89000000000001,201.675,201.9,eod,0.2050000000000125,0.0010164869220280774,10.164869220280774,,
2014-12-18,1,930,959,205.725,206.79000000000002,205.715,206.8,eod,1.0650000000000261,0.005177065357412081,51.77065357412081,,
2014-12-22,1,930,959,207.31,207.44,207.3,207.45,eod,0.12999999999999545,0.0006271104679208656,6.271104679208657,,
2014-12-23,1,930,959,207.92999999999998,207.74,207.92,207.75,eod,-0.1899999999999693,-0.0009138130050017762,-9.138130050017763,,
2014-12-26,1,930,959,208.74099999999999,208.41,208.731,208.42,eod,-0.33099999999998886,-0.0015857730763518061,-15.857730763518061,,
2014-12-29,1,930,959,208.82,208.72,208.81,208.73,eod,-0.09999999999999432,-0.00047890426703699207,-4.789042670369921,,
2014-12-30,-1,930,959,207.83,207.62,207.84,207.61,eod,0.21000000000000796,0.0010103926096998073,10.103926096998073,,
