date,direction,entry_time,exit_time,entry_px,exit_px,entry_px_raw,exit_px_raw,exit_reason,pnl_ps,ret,bps,risk_ps,r_mult
2003-01-02,1,602,959,89.42000000000002,91.1,89.41000000000001,91.11,eod,1.6799999999999784,0.01878984453640508,187.8984453640508,0.8700000000000188,1.9310344827585542
2003-01-03,1,600,661,91.10000000000001,90.63,91.09,90.64999999999999,stop,-0.4700000000000131,-0.005159732133055364,-51.59732133055364,0.44000000000001194,-1.068181818181819
2003-01-06,1,605,959,91.89000000000001,93.11,91.88000000000001,93.12,eod,1.2199999999999847,0.01327818894209822,132.7818894209822,0.7200000000000131,1.6944444444443925
2003-01-07,1,607,634,93.00000000000001,92.53999999999999,92.99000000000001,92.55999999999999,stop,-0.46000000000002217,-0.004946768469728166,-49.46768469728166,0.43000000000002103,-1.0697674418604644
2003-01-08,-1,602,687,91.69999999999999,92.31,91.71,92.29,stop,-0.6100000000000136,-0.006651401155817399,-66.51401155817399,0.5800000000000125,-1.0517241379310354
2003-01-09,1,600,959,92.32000000000001,92.97999999999999,92.31,92.99,eod,0.6599999999999824,0.007149821254468447,71.49821254468446,0.5300000000000011,1.2452830188678885
2003-01-10,1,600,959,92.70000000000002,93.02,92.69000000000001,93.03,eod,0.31999999999997897,0.003452368108749368,34.52368108749368,0.9000000000000199,0.3555555555555243
2003-01-13,1,606,618,93.87,93.37,93.86,93.39,stop,-0.5,-0.005327082889409759,-53.27082889409759,0.46999999999999886,-1.0638297872340452
2003-01-14,1,622,959,92.99000000000001,93.42,92.98,93.43,eod,0.4299999999999926,0.004624650462464967,46.24650462464967,0.5800000000000125,0.7413793103447989
2003-01-15,-1,600,959,92.58999999999999,92.14,92.6,92.13,eod,0.44999999999998863,0.0048596112311013896,48.5961123110139,0.980000000000004,0.4591836734693743
2003-01-16,1,601,652,92.94000000000001,92.17,92.93,92.19,stop,-0.7700000000000102,-0.008285806521037449,-82.85806521037449,0.7400000000000091,-1.0405405405405417
2003-01-17,1,608,658,91.31000000000002,90.74,91.30000000000001,90.75999999999999,stop,-0.5700000000000216,-0.006243154435925756,-62.431544359257565,0.5400000000000205,-1.0555555555555556
2003-01-21,-1,603,959,90.38,89.08,90.39,89.07,eod,1.2999999999999972,0.014382121916141135,143.82121916141134,0.5400000000000063,2.407407407407374
2003-01-22,-1,612,629,88.58999999999999,89.11,88.6,89.09,stop,-0.5200000000000102,-0.005869074492099439,-58.69074492099438,0.4900000000000091,-1.0612244897959195
2003-01-23,-1,601,890,88.46999999999998,89.0,88.47999999999999,88.98,stop,-0.5300000000000153,-0.005990054249548095,-59.90054249548095,0.5000000000000142,-1.0600000000000005
2003-01-24,-1,600,959,87.63999999999999,86.34,87.64999999999999,86.33,eod,1.299999999999983,0.014831717056474422,148.31717056474423,1.0400000000000205,1.249999999999959
2003-01-27,1,600,686,86.52000000000001,85.39,86.51,85.41,stop,-1.1300000000000097,-0.013062073748699683,-130.62073748699683,1.1000000000000085,-1.027272727272728
2003-01-28,1,600,606,85.89000000000001,85.35,85.88000000000001,85.36999999999999,stop,-0.5400000000000205,-0.006287843502561952,-62.87843502561952,0.5100000000000193,-1.0588235294117647
2003-01-29,1,613,959,85.60000000000001,86.74,85.59,86.75,eod,1.1399999999999864,0.013319313003855431,133.1931300385543,0.8200000000000074,1.3902439024389952
2003-01-30,-1,600,959,86.22999999999999,84.78,86.24,84.77,eod,1.4499999999999886,0.016813543599257755,168.13543599257756,0.6500000000000057,2.230769230769194
2003-01-31,1,600,959,85.39000000000001,85.8,85.38000000000001,85.81,eod,0.4099999999999824,0.004802061372686605,48.02061372686605,1.240000000000009,0.33064516129030597
2003-02-03,1,604,959,86.47000000000001,86.25999999999999,86.46000000000001,86.27,eod,-0.21000000000002217,-0.0024288688410828378,-24.288688410828378,0.5500000000000114,-0.38181818181821425
2003-02-04,-1,603,959,84.66,85.15,84.67,85.14,eod,-0.4900000000000091,-0.0057871737333176935,-57.87173733317694,0.7700000000000102,-0.6363636363636397
2003-02-05,-1,602,661,85.30999999999999,85.96,85.32,85.94,stop,-0.6500000000000057,-0.007618377871542496,-76.18377871542496,0.5900000000000176,-1.101694915254214
2003-02-06,-1,605,959,83.69999999999999,84.21000000000001,83.71,84.2,eod,-0.5100000000000193,-0.006092462071437336,-60.92462071437336,1.190000000000012,-0.42857142857144054
2003-02-07,-1,600,959,84.13999999999999,83.28,84.14999999999999,83.27,eod,0.8599999999999852,0.010219845513962987,102.19845513962987,0.8500000000000085,1.0117647058823254
2003-02-10,-1,606,721,83.17999999999999,83.78,83.19,83.76,stop,-0.6000000000000085,-0.007212405337180052,-72.12405337180051,0.5700000000000074,-1.0526315789473697
2003-02-11,1,600,612,84.60000000000001,84.14,84.59,84.16,stop,-0.46000000000000796,-0.005437995034874192,-54.37995034874192,0.4300000000000068,-1.0697674418604666
2003-02-12,-1,621,959,83.00999999999999,82.26,83.02,82.25,eod,0.7499999999999858,0.009033967718621848,90.33967718621848,0.6100000000000136,1.2295081967212607
2003-02-13,-1,604,928,81.82,82.4,81.83,82.38000000000001,stop,-0.5800000000000125,-0.007087865086154375,-70.87865086154375,0.5500000000000114,-1.0545454545454556
2003-02-14,1,615,717,82.64000000000001,82.03999999999999,82.63000000000001,82.05999999999999,stop,-0.6000000000000227,-0.00726128524748908,-72.6128524748908,0.5700000000000216,-1.0526315789473684
2003-02-18,1,602,959,85.21000000000001,85.49,85.2,85.5,eod,0.2799999999999869,0.003286384976525668,32.86384976525668,0.7200000000000131,0.3888888888888637
2003-02-19,-1,615,959,85.04999999999998,84.94000000000001,85.05999999999999,84.93,eod,0.10999999999997101,0.001293204796613814,12.932047966138141,0.4200000000000159,0.261904761904683
2003-02-20,-1,612,959,84.88999999999999,84.10000000000001,84.89999999999999,84.09,eod,0.7899999999999778,0.009305064782096324,93.05064782096323,0.5300000000000153,1.4905660377357641
2003-02-21,1,603,619,84.57000000000001,84.1,84.56,84.11999999999999,stop,-0.4700000000000131,-0.005558183538316143,-55.581835383161426,0.44000000000001194,-1.068181818181819
2003-02-24,-1,600,959,84.39999999999999,83.69000000000001,84.41,83.68,eod,0.7099999999999795,0.008411325672313464,84.11325672313464,0.6000000000000085,1.1833333333332825
2003-02-25,-1,600,841,82.67999999999999,83.21000000000001,82.69,83.19000000000001,stop,-0.5300000000000153,-0.006409481194824228,-64.09481194824228,0.5000000000000142,-1.0600000000000005
2003-02-26,1,602,687,84.16000000000001,83.66,84.15,83.67999999999999,stop,-0.5000000000000142,-0.005941770647653169,-59.41770647653169,0.4700000000000131,-1.0638297872340432
2003-02-27,-1,600,621,83.35,83.92,83.36,83.9,stop,-0.5700000000000074,-0.006837811900192027,-68.37811900192027,0.5400000000000063,-1.055555555555557
2003-02-28,1,600,774,84.92000000000002,84.28999999999999,84.91000000000001,84.30999999999999,stop,-0.6300000000000239,-0.00741962077493845,-74.1962077493845,0.6000000000000227,-1.05
2003-03-03,1,600,618,85.71000000000001,85.22,85.7,85.24,stop,-0.4900000000000091,-0.005717619603267317,-57.176196032673175,0.46000000000000796,-1.0652173913043492
2003-03-04,-1,614,959,83.35999999999999,82.74000000000001,83.36999999999999,82.73,eod,0.6199999999999761,0.007436727839750224,74.36727839750223,0.6500000000000199,0.953846153846088
2003-03-05,1,625,659,83.17000000000002,82.42999999999999,83.16000000000001,82.44999999999999,stop,-0.7400000000000233,-0.008898508898509178,-88.98508898509178,0.7100000000000222,-1.042253521126761
2003-03-06,-1,600,616,82.46999999999998,83.12,82.47999999999999,83.10000000000001,stop,-0.6500000000000199,-0.007880698351115665,-78.80698351115664,0.6200000000000188,-1.048387096774194
2003-03-07,1,601,959,82.35000000000001,83.36,82.34,83.37,eod,1.009999999999991,0.01226621326208393,122.6621326208393,0.9200000000000017,1.0978260869565097
2003-03-10,-1,600,959,82.21999999999998,81.24000000000001,82.22999999999999,81.23,eod,0.9799999999999756,0.011917791560257518,119.17791560257518,0.6400000000000148,1.5312499999999265
2003-03-11,1,608,633,81.83000000000001,81.27,81.82000000000001,81.28999999999999,stop,-0.5600000000000165,-0.006844292349059111,-68.44292349059111,0.5300000000000153,-1.056603773584906
2003-03-12,-1,604,952,80.22999999999999,80.82000000000001,80.24,80.80000000000001,stop,-0.5900000000000176,-0.0073529411764708084,-73.52941176470809,0.5600000000000165,-1.053571428571429
2003-03-13,-1,600,736,81.88,82.49,81.89,82.47,stop,-0.6099999999999994,-0.007449016973989491,-74.49016973989491,0.5799999999999983,-1.0517241379310367
2003-03-14,1,609,770,84.42000000000002,83.37,84.41000000000001,83.39,stop,-1.0500000000000114,-0.012439284444971109,-124.39284444971109,1.0200000000000102,-1.0294117647058831
2003-03-17,1,600,959,84.50000000000001,86.82,84.49000000000001,86.83,eod,2.319999999999979,0.02745887087229233,274.5887087229233,1.2800000000000153,1.8124999999999618
2003-03-19,-1,671,887,87.11999999999999,87.73,87.13,87.71000000000001,stop,-0.6100000000000136,-0.0070010329392862815,-70.01032939286281,0.5800000000000125,-1.0517241379310354
2003-03-20,-1,607,661,86.88999999999999,87.66,86.89999999999999,87.64,stop,-0.7700000000000102,-0.008860759493671004,-88.60759493671004,0.7400000000000091,-1.0405405405405417
2003-03-21,-1,628,713,88.18999999999998,88.83,88.19999999999999,88.81,stop,-0.6400000000000148,-0.007256235827664568,-72.56235827664568,0.6100000000000136,-1.0491803278688532
2003-03-24,-1,601,959,87.64999999999999,86.59,87.66,86.58,eod,1.059999999999988,0.012092174309833312,120.92174309833312,0.4900000000000091,2.1632653061223843
2003-03-25,1,600,959,86.99000000000001,87.66,86.98,87.67,eod,0.6699999999999875,0.007702920211542739,77.0292021154274,0.5500000000000114,1.2181818181817703
2003-03-26,1,602,651,87.63000000000001,87.11,87.62,87.13,stop,-0.5200000000000102,-0.005934718100890324,-59.34718100890324,0.4900000000000091,-1.0612244897959195
2003-03-27,-1,600,676,86.08999999999999,86.62,86.1,86.60000000000001,stop,-0.5300000000000153,-0.006155632984901456,-61.55632984901456,0.5000000000000142,-1.0600000000000005
2003-03-28,1,640,871,86.84,86.25,86.83,86.27,stop,-0.5900000000000034,-0.006794886559944759,-67.94886559944759,0.5600000000000023,-1.0535714285714304
2003-03-31,-1,600,712,84.67999999999999,85.51,84.69,85.49000000000001,stop,-0.8300000000000125,-0.009800448695241618,-98.00448695241617,0.8000000000000114,-1.037500000000001
2003-04-01,-1,600,604,84.96,85.48,84.97,85.46000000000001,stop,-0.5200000000000102,-0.0061198069907027215,-61.19806990702722,0.4900000000000091,-1.0612244897959195
2003-04-02,1,602,959,87.97000000000001,88.38,87.96000000000001,88.39,eod,0.4099999999999824,0.004661209640745592,46.61209640745592,0.4700000000000131,0.8723404255318531
2003-04-03,-1,600,959,87.92999999999999,87.85000000000001,87.94,87.84,eod,0.07999999999998408,0.0009097111667043903,9.097111667043903,1.0600000000000023,0.07547169811319238
2003-04-04,-1,602,959,87.99,88.13000000000001,88.0,88.12,eod,-0.14000000000001478,-0.0015909090909092588,-15.909090909092589,0.6000000000000085,-0.23333333333335465
2003-04-07,1,614,653,90.68,90.08,90.67,90.1,stop,-0.6000000000000085,-0.006617403771920244,-66.17403771920245,0.5700000000000074,-1.0526315789473697
2003-04-08,-1,601,659,87.80999999999999,88.47,87.82,88.45,stop,-0.6600000000000108,-0.0075153723525394085,-75.15372352539408,0.6300000000000097,-1.0476190476190488
2003-04-09,1,608,728,88.49000000000001,87.8,88.48,87.82,stop,-0.6900000000000119,-0.007798372513562522,-77.98372513562522,0.6600000000000108,-1.0454545454545465
2003-04-10,-1,620,821,86.68999999999998,87.24,86.69999999999999,87.22,stop,-0.5500000000000114,-0.006343713956170835,-63.43713956170835,0.5200000000000102,-1.0576923076923088
2003-04-11,-1,601,959,88.11999999999999,87.18,88.13,87.17,eod,0.9399999999999835,0.010666061500056548,106.66061500056547,0.5800000000000125,1.6206896551723504
2003-04-14,1,652,959,87.74000000000001,88.83,87.73,88.84,eod,1.0899999999999892,0.012424484212925899,124.24484212925898,0.5200000000000102,2.096153846153784
2003-04-15,1,631,959,89.04,89.41,89.03,89.42,eod,0.36999999999999034,0.004155902504773564,41.55902504773564,0.6200000000000045,0.5967741935483671
2003-04-16,-1,609,959,89.33999999999999,88.24000000000001,89.35,88.23,eod,1.09999999999998,0.012311135982092672,123.11135982092672,0.7200000000000131,1.5277777777777224
2003-04-17,1,623,959,88.69000000000001,89.64,88.68,89.65,eod,0.9499999999999886,0.010712674785746376,107.12674785746376,0.5000000000000142,1.8999999999999233
2003-04-21,-1,624,959,89.54999999999998,89.51,89.55999999999999,89.5,eod,0.03999999999997783,0.0004466279589099803,4.466279589099803,0.6000000000000227,0.0666666666666272
2003-04-22,1,604,959,89.29,91.5,89.28,91.51,eod,2.2099999999999937,0.02475358422939061,247.5358422939061,0.4000000000000057,5.524999999999906
2003-04-23,-1,609,647,91.41,91.88,91.42,91.86,stop,-0.46999999999999886,-0.005141106978779248,-51.41106978779248,0.4399999999999977,-1.068181818181821
2003-04-24,1,619,651,91.71000000000001,91.24,91.7,91.25999999999999,stop,-0.4700000000000131,-0.005125408942202978,-51.25408942202978,0.44000000000001194,-1.068181818181819
2003-04-25,-1,600,959,90.83999999999999,90.16000000000001,90.85,90.15,eod,0.6799999999999784,0.0074848651623552935,74.84865162355294,0.6300000000000097,1.0793650793650285
2003-04-28,1,600,959,90.92000000000002,91.85,90.91000000000001,91.86,eod,0.9299999999999784,0.01022989770102275,102.2989770102275,0.6200000000000188,1.4999999999999198
2003-04-29,1,600,642,92.42000000000002,91.91,92.41000000000001,91.92999999999999,stop,-0.5100000000000193,-0.005518883237745041,-55.18883237745041,0.4800000000000182,-1.0625
2003-04-30,-1,605,662,91.41999999999999,92.17,91.42999999999999,92.15,stop,-0.7500000000000142,-0.008202996828174715,-82.02996828174714,0.7200000000000131,-1.0416666666666674
2003-05-01,-1,600,851,91.46,92.05,91.47,92.03,stop,-0.5900000000000034,-0.006450202252104553,-64.50202252104553,0.5600000000000023,-1.0535714285714304
2003-05-02,1,600,959,92.35000000000001,93.33,92.34,93.34,eod,0.9799999999999898,0.010612952133419859,106.12952133419859,0.8600000000000136,1.1395348837209003
2003-05-05,1,601,655,93.72000000000001,93.1,93.71000000000001,93.11999999999999,stop,-0.6200000000000188,-0.0066161562266569066,-66.16156226656906,0.5900000000000176,-1.050847457627119
2003-05-06,1,602,959,93.63000000000001,93.78999999999999,93.62,93.8,eod,0.15999999999998238,0.0017090365306556545,17.090365306556546,0.6300000000000097,0.2539682539682221
2003-05-07,-1,603,646,93.04999999999998,93.59,93.05999999999999,93.57000000000001,stop,-0.5400000000000205,-0.005802707930367725,-58.027079303677255,0.5100000000000193,-1.0588235294117647
2003-05-08,1,602,736,92.80000000000001,92.37,92.79,92.39,stop,-0.4300000000000068,-0.004634120056040595,-46.34120056040595,0.4000000000000057,-1.0750000000000017
2003-05-09,-1,613,659,92.72999999999999,93.13,92.74,93.11,stop,-0.4000000000000057,-0.004313133491481623,-43.13133491481623,0.37000000000000455,-1.0810810810810831
2003-05-12,1,602,959,93.73,94.89,93.72,94.9,eod,1.1599999999999966,0.012377294067434876,123.77294067434876,0.45000000000000284,2.577777777777754
2003-05-13,1,603,636,94.74000000000001,94.3,94.73,94.32,stop,-0.44000000000001194,-0.0046447799007707374,-46.447799007707374,0.4100000000000108,-1.073170731707318
2003-05-14,-1,600,959,94.47999999999999,94.37,94.49,94.36,eod,0.10999999999998522,0.0011641443538997272,11.641443538997272,0.7600000000000051,0.14473684210524274
2003-05-15,1,600,628,95.22000000000001,94.67999999999999,95.21000000000001,94.69999999999999,stop,-0.5400000000000205,-0.0056716731435775694,-56.71673143577569,0.5100000000000193,-1.0588235294117647
2003-05-16,-1,602,959,94.75999999999999,94.87,94.77,94.86,eod,-0.11000000000001364,-0.0011607048644087122,-11.607048644087122,0.6700000000000159,-0.1641791044776284
2003-05-19,-1,600,959,93.88,92.52000000000001,93.89,92.51,eod,1.3599999999999852,0.014485035680050965,144.85035680050964,0.5400000000000063,2.518518518518462
2003-05-20,1,607,618,93.03000000000002,92.6,93.02000000000001,92.61999999999999,stop,-0.43000000000002103,-0.004622661793162986,-46.22661793162986,0.4000000000000199,-1.074999999999999
2003-05-21,1,603,959,92.38000000000001,92.75999999999999,92.37,92.77,eod,0.37999999999998124,0.0041138897910575,41.138897910575,0.4700000000000131,0.8085106382978099
2003-05-22,1,603,959,93.14000000000001,93.67,93.13000000000001,93.68,eod,0.5299999999999869,0.005690969612369664,56.90969612369664,0.46000000000000796,1.1521739130434299
2003-05-23,1,644,959,93.68,93.74,93.67,93.75,eod,0.05999999999998806,0.0006405465997650054,6.4054659976500545,0.5400000000000063,0.11111111111108772
2003-05-27,1,600,959,93.59,95.61,93.58,95.62,eod,2.019999999999996,0.021585808933532763,215.85808933532763,0.4099999999999966,4.926829268292714
2003-05-28,1,600,608,96.16000000000001,95.56,96.15,95.58,stop,-0.6000000000000085,-0.006240249609984488,-62.40249609984488,0.5700000000000074,-1.0526315789473697
2003-05-29,1,614,789,96.54,95.67,96.53,95.69,stop,-0.8700000000000045,-0.00901274215269869,-90.1274215269869,0.8400000000000034,-1.035714285714287
2003-05-30,1,600,959,96.34,96.91,96.33,96.92,eod,0.5699999999999932,0.005917159763313539,59.17159763313539,0.5700000000000074,0.999999999999975
2003-06-02,-1,600,610,97.36999999999999,97.79,97.38,97.77000000000001,stop,-0.4200000000000159,-0.004313000616143109,-43.13000616143109,0.3900000000000148,-1.0769230769230769
2003-06-03,1,607,959,97.53000000000002,97.67,97.52000000000001,97.68,eod,0.13999999999998636,0.001435602953240221,14.356029532402209,0.680000000000021,0.20588235294115004
2003-06-04,1,600,959,97.92000000000002,99.11999999999999,97.91000000000001,99.13,eod,1.1999999999999744,0.012256153610458322,122.56153610458321,0.36000000000001364,3.333333333333136
2003-06-05,1,638,959,98.95000000000002,99.52,98.94000000000001,99.53,eod,0.569999999999979,0.0057610673135231345,57.610673135231345,0.680000000000021,0.8382352941175902
2003-06-06,1,600,679,101.16000000000001,100.24,101.15,100.25999999999999,stop,-0.9200000000000159,-0.009095402867029322,-90.95402867029323,0.8900000000000148,-1.03370786516854
2003-06-09,1,601,611,99.10000000000001,98.56,99.09,98.58,stop,-0.5400000000000063,-0.005449591280654014,-54.49591280654014,0.5100000000000051,-1.0588235294117663
2003-06-10,1,606,619,98.86000000000001,98.36,98.85000000000001,98.38,stop,-0.5000000000000142,-0.005058168942842834,-50.58168942842834,0.4700000000000131,-1.0638297872340432
2003-06-11,1,608,959,99.18,100.32,99.17,100.33,eod,1.1399999999999864,0.011495411918926958,114.95411918926958,0.4700000000000131,2.4255319148935204
2003-06-12,-1,600,959,100.30999999999999,100.49000000000001,100.32,100.48,eod,-0.18000000000002103,-0.0017942583732059513,-17.942583732059514,0.5900000000000176,-0.3050847457627384
2003-06-13,-1,606,959,99.94999999999999,99.44000000000001,99.96,99.43,eod,0.5099999999999767,0.005102040816326298,51.02040816326298,0.7900000000000063,0.6455696202531299
2003-06-16,1,604,959,100.19000000000001,101.63,100.18,101.64,eod,1.4399999999999835,0.014374126572169929,143.74126572169928,0.3900000000000148,3.69230769230751
2003-06-17,-1,638,959,101.46,101.76,101.47,101.75,eod,-0.30000000000001137,-0.0029565388784863643,-29.565388784863643,0.7190000000000083,-0.41724617524340457
2003-06-18,1,605,959,101.44000000000001,101.53999999999999,101.43,101.55,eod,0.0999999999999801,0.0009859016070194232,9.859016070194231,0.44000000000001194,0.2272727272726759
2003-06-19,-1,600,959,101.27,100.01,101.28,100.0,eod,1.259999999999991,0.012440758293838772,124.40758293838772,0.46000000000000796,2.7391304347825414
2003-06-20,1,671,810,100.46000000000001,99.679,100.45,99.699,stop,-0.7810000000000059,-0.00777501244400205,-77.7501244400205,0.7510000000000048,-1.0399467376830904
2003-06-23,-1,604,959,99.00999999999999,98.37,99.02,98.36,eod,0.6399999999999864,0.00646334073924446,64.6334073924446,0.6300000000000097,1.0158730158729787
2003-06-24,1,600,959,98.89000000000001,98.64,98.88000000000001,98.65,eod,-0.2500000000000142,-0.0025283171521037033,-25.283171521037033,0.8700000000000188,-0.2873563218390906
2003-06-25,1,600,863,99.09,98.48,99.08,98.5,stop,-0.6099999999999994,-0.006156641098102537,-61.56641098102537,0.5799999999999983,-1.0517241379310367
2003-06-26,1,603,959,98.08000000000001,98.86,98.07000000000001,98.87,eod,0.7799999999999869,0.007953502600183408,79.53502600183408,0.4800000000000182,1.6249999999999112
2003-06-27,1,626,820,98.83000000000001,98.17,98.82000000000001,98.19,stop,-0.6600000000000108,-0.006678809957498591,-66.7880995749859,0.6300000000000097,-1.0476190476190488
2003-06-30,-1,603,959,98.16,97.699,98.17,97.689,eod,0.4609999999999985,0.004695935621880396,46.95935621880396,0.5090000000000003,0.9056974459724916
2003-07-01,-1,600,784,97.11999999999999,97.42,97.13,97.4,stop,-0.30000000000001137,-0.003088644085246694,-30.88644085246694,0.27000000000001023,-1.1111111111111112
2003-07-02,1,600,959,99.22000000000001,99.58999999999999,99.21000000000001,99.6,eod,0.3699999999999761,0.0037294627557703467,37.294627557703464,0.6500000000000199,0.569230769230715
2003-07-03,1,600,638,99.41000000000001,98.92,99.4,98.94,stop,-0.4900000000000091,-0.004929577464788824,-49.29577464788824,0.46000000000000796,-1.0652173913043492
2003-07-07,1,615,959,100.47000000000001,100.72999999999999,100.46000000000001,100.74,eod,0.2599999999999767,0.002588094764084976,25.880947640849758,0.8200000000000074,0.317073170731676
2003-07-08,-1,600,636,100.35,100.82000000000001,100.36,100.80000000000001,stop,-0.4700000000000131,-0.004683140693503518,-46.83140693503518,0.44000000000001194,-1.068181818181819
2003-07-09,1,607,653,101.19000000000001,100.66,101.18,100.67999999999999,stop,-0.5300000000000153,-0.0052381893654874015,-52.38189365487401,0.5000000000000142,-1.0600000000000005
2003-07-10,-1,600,959,99.63999999999999,99.23,99.64999999999999,99.22,eod,0.4099999999999824,0.004114400401404741,41.14400401404741,0.4000000000000199,1.0249999999999049
2003-07-11,1,625,959,100.01,100.13,100.0,100.14,eod,0.11999999999999034,0.0011999999999999034,11.999999999999034,0.6200000000000045,0.19354838709675717
2003-07-14,1,600,907,101.42000000000002,101.03999999999999,101.41000000000001,101.05999999999999,stop,-0.3800000000000239,-0.00374716497386869,-37.4716497386869,0.35000000000002274,-1.0857142857142834
2003-07-15,-1,604,959,100.75999999999999,100.39,100.77,100.38,eod,0.36999999999999034,0.003671727696735044,36.717276967350436,0.7000000000000028,0.5285714285714126
2003-07-16,-1,603,959,100.14999999999999,99.77000000000001,100.16,99.76,eod,0.37999999999998124,0.003793929712459877,37.93929712459877,0.7200000000000131,0.5277777777777422
2003-07-17,-1,606,959,99.04999999999998,98.501,99.05999999999999,98.491,eod,0.5489999999999782,0.005542095699575795,55.420956995757955,0.5300000000000153,1.0358490566037024
2003-07-18,-1,608,852,98.77,99.28,98.78,99.26,stop,-0.5100000000000051,-0.00516298845920232,-51.629884592023195,0.480000000000004,-1.0625000000000018
2003-07-21,-1,600,959,98.88,98.25,98.89,98.24,eod,0.6299999999999955,0.006370714935787192,63.70714935787192,0.6099999999999994,1.0327868852458952
2003-07-22,-1,619,692,98.17999999999999,98.805,98.19,98.78500000000001,stop,-0.6250000000000142,-0.006365210306548673,-63.652103065486735,0.5950000000000131,-1.0504201680672276
2003-07-23,-1,600,875,98.52,99.38,98.53,99.36,stop,-0.8599999999999994,-0.008728306099665071,-87.28306099665072,0.8299999999999983,-1.0361445783132543
2003-07-24,1,602,864,100.01,99.42999999999999,100.0,99.44999999999999,stop,-0.5800000000000125,-0.005800000000000125,-58.00000000000125,0.5500000000000114,-1.0545454545454556
2003-07-25,1,600,634,99.09,98.44,99.08,98.46,stop,-0.6500000000000057,-0.006560355268469981,-65.6035526846998,0.6200000000000045,-1.048387096774195
2003-07-29,-1,600,959,99.69999999999999,99.32900000000001,99.71,99.319,eod,0.3709999999999809,0.003720790291846163,37.20790291846163,0.5700000000000074,0.6508771929824142
2003-07-30,-1,600,959,99.13,99.12,99.14,99.11,eod,0.009999999999990905,0.00010086746015726149,1.008674601572615,0.6600000000000108,0.015151515151501123
2003-07-31,-1,607,637,99.35999999999999,100.244,99.36999999999999,100.224,stop,-0.8840000000000146,-0.008896045084029532,-88.96045084029532,0.8540000000000134,-1.0351288056206096
2003-08-01,-1,600,959,98.69999999999999,98.39,98.71,98.38,eod,0.30999999999998806,0.0031405126127037595,31.405126127037594,0.5900000000000176,0.5254237288135234
2003-08-04,-1,604,804,97.36999999999999,98.45,97.38,98.43,stop,-1.0800000000000125,-0.01109057301293913,-110.9057301293913,1.0500000000000114,-1.0285714285714294
2003-08-05,1,600,607,98.68,98.2,98.67,98.22,stop,-0.480000000000004,-0.00486470051687447,-48.6470051687447,0.45000000000000284,-1.0666666666666689
2003-08-06,1,600,615,97.09,96.47,97.08,96.49,stop,-0.6200000000000045,-0.006386485372888387,-63.864853728883865,0.5900000000000034,-1.0508474576271203
2003-08-07,1,600,959,97.37100000000001,97.88,97.361,97.89,eod,0.5089999999999861,0.0052279660233562324,52.279660233562325,0.6130000000000138,0.8303425774877238
2003-08-08,-1,615,959,98.13,98.23,98.14,98.22,eod,-0.10000000000000853,-0.0010189525168128033,-10.189525168128034,0.4170000000000016,-0.23980815347723775
2003-08-11,1,605,700,98.74000000000001,98.16,98.73,98.17999999999999,stop,-0.5800000000000125,-0.005874607515446293,-58.74607515446293,0.5500000000000114,-1.0545454545454556
2003-08-12,1,606,700,98.80000000000001,98.45,98.79,98.47,stop,-0.3500000000000085,-0.003542868711408123,-35.428687114081235,0.3200000000000074,-1.0937500000000013
2003-08-13,-1,601,959,99.18999999999998,98.9,99.19999999999999,98.89,eod,0.28999999999997783,0.0029233870967739703,29.2338709677397,0.6590000000000202,0.44006069802726694
2003-08-14,1,641,959,99.17300000000002,99.53,99.16300000000001,99.54,eod,0.3569999999999851,0.003600133114165415,36.00133114165415,0.6640000000000157,0.5376506024096034
2003-08-15,-1,601,624,99.21499999999999,99.5,99.225,99.48,stop,-0.2850000000000108,-0.002872260015117267,-28.72260015117267,0.25500000000000966,-1.1176470588235294
2003-08-18,-1,611,645,99.77,100.14,99.78,100.12,stop,-0.37000000000000455,-0.0037081579474845115,-37.081579474845114,0.3400000000000034,-1.0882352941176494
2003-08-19,-1,601,657,100.38999999999999,100.84,100.39999999999999,100.82000000000001,stop,-0.45000000000001705,-0.004482071713147581,-44.82071713147581,0.4200000000000159,-1.0714285714285714
2003-08-20,-1,600,659,100.21999999999998,100.57000000000001,100.22999999999999,100.55000000000001,stop,-0.35000000000002274,-0.003491968472513447,-34.91968472513447,0.3200000000000216,-1.0937499999999973
2003-08-21,1,608,679,101.50000000000001,100.76,101.49000000000001,100.78,stop,-0.7400000000000091,-0.007291358754557188,-72.91358754557189,0.710000000000008,-1.0422535211267616
2003-08-22,-1,604,959,101.38,99.78,101.39,99.77,eod,1.5999999999999943,0.015780648979189214,157.80648979189215,0.4380000000000024,3.6529680365296473
2003-08-25,-1,601,959,99.46,99.83,99.47,99.82,eod,-0.37000000000000455,-0.0037197144867799794,-37.19714486779979,1.8900000000000006,-0.19576719576719812
2003-08-26,1,600,604,99.79400000000001,99.46,99.784,99.47999999999999,stop,-0.3340000000000174,-0.0033472300168365405,-33.47230016836541,0.30400000000001626,-1.0986842105263142
2003-08-27,-1,600,642,99.92999999999999,100.19,99.94,100.17,stop,-0.2600000000000051,-0.0026015609365619883,-26.015609365619884,0.23000000000000398,-1.1304347826086982
2003-08-28,-1,600,922,100.32999999999998,100.6,100.33999999999999,100.58,stop,-0.27000000000001023,-0.0026908511062388903,-26.908511062388904,0.2400000000000091,-1.125
2003-08-29,1,623,959,101.07000000000001,101.36,101.06,101.37,eod,0.28999999999999204,0.002869582426281338,28.69582426281338,0.5900000000000034,0.4915254237287972
2003-09-02,-1,604,738,101.55999999999999,101.96000000000001,101.57,101.94000000000001,stop,-0.4000000000000199,-0.003938170719700895,-39.38170719700895,0.37000000000001876,-1.08108108108108
2003-09-03,1,602,959,103.21000000000001,103.17999999999999,103.2,103.19,eod,-0.030000000000015348,-0.00029069767441875335,-2.9069767441875336,0.4300000000000068,-0.0697674418604997
2003-09-04,1,600,626,103.30000000000001,102.9,103.29,102.92,stop,-0.4000000000000057,-0.003872591732016707,-38.72591732016707,0.37000000000000455,-1.0810810810810831
2003-09-05,1,600,790,103.14000000000001,102.83,103.13000000000001,102.85,stop,-0.3100000000000165,-0.0030059148647339907,-30.059148647339907,0.28000000000001535,-1.1071428571428554
2003-09-08,1,622,959,103.72000000000001,103.78999999999999,103.71000000000001,103.8,eod,0.06999999999997897,0.0006749590203449905,6.7495902034499045,0.7900000000000063,0.08860759493668154
2003-09-09,-1,600,959,103.17999999999999,102.93700000000001,103.19,102.927,eod,0.2429999999999808,0.0023548793487739197,23.548793487739196,0.28000000000000114,0.8678571428570707
2003-09-10,-1,613,959,102.42999999999999,101.69000000000001,102.44,101.68,eod,0.7399999999999807,0.007223740726278609,72.23740726278609,0.3400000000000034,2.1764705882352153
2003-09-11,1,608,622,102.41000000000001,102.03999999999999,102.4,102.05999999999999,stop,-0.37000000000001876,-0.003613281250000183,-36.13281250000183,0.3400000000000176,-1.0882352941176459
2003-09-12,1,673,959,102.11000000000001,102.50999999999999,102.10000000000001,102.52,eod,0.39999999999997726,0.0039177277179233815,39.17727717923381,0.7600000000000193,0.5263157894736409
2003-09-15,1,614,662,102.62,102.2,102.61,102.22,stop,-0.4200000000000017,-0.004093168307182552,-40.931683071825525,0.39000000000000057,-1.0769230769230798
2003-09-16,1,600,959,102.68,103.53999999999999,102.67,103.55,eod,0.8599999999999852,0.008376351417161636,83.76351417161635,0.5100000000000051,1.6862745098038756
2003-09-17,1,627,647,103.77000000000001,103.35,103.76,103.36999999999999,stop,-0.4200000000000159,-0.004047802621434232,-40.47802621434232,0.3900000000000148,-1.0769230769230769
2003-09-18,1,600,959,103.62200000000001,104.58,103.61200000000001,104.59,eod,0.9579999999999842,0.009246033277998535,92.46033277998535,0.42200000000001125,2.270142180094689
2003-09-19,-1,605,959,103.79999999999998,103.87,103.80999999999999,103.86,eod,-0.0700000000000216,-0.0006743088334459263,-6.743088334459263,0.4700000000000131,-0.14893617021280778
2003-09-22,-1,600,959,102.39999999999999,102.5,102.41,102.49,eod,-0.10000000000000853,-0.0009764671418807591,-9.764671418807591,0.5600000000000023,-0.17857142857144306
2003-09-23,1,613,663,102.93,102.39,102.92,102.41,stop,-0.5400000000000063,-0.0052467936261174335,-52.46793626117434,0.5,-1.0800000000000125
2003-09-24,-1,605,959,102.85,101.21000000000001,102.86,101.2,eod,1.6399999999999864,0.015944001555512215,159.44001555512216,0.37000000000000455,4.432432432432341
2003-09-25,-1,617,690,101.13,101.56,101.14,101.54,stop,-0.4300000000000068,-0.0042515325291675584,-42.51532529167559,0.4000000000000057,-1.0750000000000017
2003-09-26,-1,609,615,99.99999999999999,100.57000000000001,100.00999999999999,100.55000000000001,stop,-0.5700000000000216,-0.005699430056994517,-56.99430056994517,0.5400000000000205,-1.0555555555555556
2003-09-29,-1,600,722,100.22699999999999,100.55,100.237,100.53,stop,-0.3230000000000075,-0.003222362999690808,-32.22362999690808,0.29300000000000637,-1.1023890784982953
2003-09-30,-1,600,841,99.79999999999998,100.56,99.80999999999999,100.54,stop,-0.7600000000000193,-0.007614467488227827,-76.14467488227827,0.7300000000000182,-1.0410958904109595
2003-10-01,1,602,959,100.80000000000001,101.99,100.79,102.0,eod,1.1899999999999835,0.011806726857823033,118.06726857823033,0.6000000000000085,1.9833333333332777
2003-10-02,1,600,959,102.15,102.33,102.14,102.34,eod,0.1799999999999926,0.0017622870569805424,17.622870569805425,0.5200000000000102,0.3461538461538251
2003-10-03,-1,611,757,103.56599999999999,104.07000000000001,103.576,104.05000000000001,stop,-0.5040000000000191,-0.004865992121727226,-48.659921217272256,0.47400000000001796,-1.0632911392405062
2003-10-06,1,606,640,103.56000000000002,103.19,103.55000000000001,103.21,stop,-0.37000000000001876,-0.0035731530661517984,-35.731530661517986,0.3400000000000176,-1.0882352941176459
2003-10-07,-1,608,639,103.02999999999999,103.4,103.03999999999999,103.38000000000001,stop,-0.37000000000001876,-0.0035908385093169526,-35.90838509316953,0.3400000000000176,-1.0882352941176459
2003-10-08,-1,642,959,103.82999999999998,103.72,103.83999999999999,103.71,eod,0.10999999999998522,0.0010593220338981628,10.593220338981629,0.5600000000000165,0.19642857142853926
2003-10-09,-1,619,664,104.52,105.0,104.53,104.98,stop,-0.480000000000004,-0.004591983162728441,-45.91983162728441,0.45000000000000284,-1.0666666666666689
2003-10-10,-1,603,610,104.11999999999999,104.45,104.13,104.43,stop,-0.3300000000000125,-0.0031691155286662108,-31.69115528666211,0.30000000000001137,-1.1
2003-10-13,1,602,795,104.89000000000001,104.67,104.88000000000001,104.69,stop,-0.22000000000001307,-0.0020976353928300255,-20.976353928300256,0.19000000000001194,-1.1578947368421013
2003-10-15,-1,602,959,105.38,105.02000000000001,105.39,105.01,eod,0.3599999999999852,0.0034158838599486216,34.15883859948622,0.5100000000000051,0.7058823529411404
2003-10-16,1,605,959,105.10000000000001,105.32,105.09,105.33,eod,0.21999999999998465,0.0020934437149108826,20.934437149108827,0.45000000000000284,0.4888888888888517
2003-10-17,-1,600,959,105.00999999999999,104.24000000000001,105.02,104.23,eod,0.7699999999999818,0.007331936773947646,73.31936773947646,0.6200000000000045,1.2419354838709293
2003-10-20,1,600,614,104.68,104.248,104.67,104.268,stop,-0.43200000000000216,-0.00412725709372315,-41.27257093723151,0.402000000000001,-1.0746268656716444
2003-10-21,1,600,959,104.91000000000001,104.94999999999999,104.9,104.96,eod,0.03999999999997783,0.00038131553860798695,3.8131553860798695,0.3100000000000165,0.12903225806443774
2003-10-22,1,611,641,104.111,103.72,104.101,103.74,stop,-0.39100000000000534,-0.003755967762077265,-37.559677620772646,0.3610000000000042,-1.0831024930747943
2003-10-23,1,625,959,103.55000000000001,103.72999999999999,103.54,103.74,eod,0.1799999999999784,0.001738458566737284,17.38458566737284,0.710000000000008,0.2535211267605301
2003-10-24,1,600,695,103.09,102.65,103.08,102.67,stop,-0.4399999999999977,-0.0042685292976328846,-42.685292976328846,0.4099999999999966,-1.0731707317073205
2003-10-27,1,601,660,104.08000000000001,103.67999999999999,104.07000000000001,103.69999999999999,stop,-0.4000000000000199,-0.0038435668300184477,-38.435668300184474,0.37000000000001876,-1.08108108108108
2003-10-28,1,600,959,104.17000000000002,105.00999999999999,104.16000000000001,105.02,eod,0.839999999999975,0.008064516129032017,80.64516129032016,0.35000000000002274,2.3999999999997725
2003-10-29,1,604,959,105.00000000000001,105.24,104.99000000000001,105.25,eod,0.23999999999998067,0.0022859319935230084,22.859319935230083,0.3100000000000165,0.7741935483869933
2003-10-30,-1,600,959,105.17999999999999,105.10000000000001,105.19,105.09,eod,0.07999999999998408,0.00076052856735416,7.6052856735416,0.6500000000000057,0.12307692307689752
2003-10-31,1,603,611,105.73,105.37,105.72,105.39,stop,-0.35999999999999943,-0.003405221339387055,-34.052213393870545,0.3299999999999983,-1.0909090909090948
2003-11-03,1,600,959,106.30000000000001,106.30999999999999,106.29,106.32,eod,0.009999999999976694,9.408222786693662e-05,0.9408222786693662,0.5900000000000176,0.016949152542332875
2003-11-04,-1,600,612,105.71,106.02,105.72,106.0,stop,-0.3100000000000023,-0.002932273931138879,-29.32273931138879,0.28000000000000114,-1.1071428571428608
2003-11-05,1,600,617,105.95000000000002,105.42,105.94000000000001,105.44,stop,-0.5300000000000153,-0.005002831791580284,-50.02831791580284,0.5000000000000142,-1.0600000000000005
2003-11-06,-1,618,771,105.22999999999999,105.69,105.24,105.67,stop,-0.46000000000000796,-0.004370961611554618,-43.70961611554618,0.4300000000000068,-1.0697674418604666
2003-11-10,-1,610,959,105.55999999999999,105.19000000000001,105.57,105.18,eod,0.3699999999999761,0.0035047835559342253,35.04783555934225,0.28000000000001535,1.3214285714284137
2003-11-11,-1,620,665,104.865,105.32000000000001,104.875,105.30000000000001,stop,-0.4550000000000125,-0.004338498212157449,-43.384982121574495,0.42500000000001137,-1.0705882352941185
2003-11-12,1,608,959,105.52000000000001,106.36999999999999,105.51,106.38,eod,0.8499999999999801,0.008056108425741447,80.56108425741446,0.36000000000001364,2.3611111111109664
2003-11-13,1,602,644,106.17000000000002,105.87,106.16000000000001,105.89,stop,-0.30000000000001137,-0.002825923134890838,-28.25923134890838,0.27000000000001023,-1.1111111111111112
2003-11-14,-1,615,959,106.27999999999999,105.56,106.28999999999999,105.55,eod,0.7199999999999847,0.00677392040643508,67.7392040643508,0.6700000000000159,1.0746268656715934
2003-11-17,-1,602,959,104.77999999999999,104.87,104.78999999999999,104.86,eod,-0.09000000000001762,-0.0008588605782996243,-8.588605782996243,0.36000000000001364,-0.25000000000003947
2003-11-18,-1,606,959,105.16999999999999,103.92,105.17999999999999,103.91,eod,1.2499999999999858,0.011884388667046834,118.84388667046834,0.28000000000001535,4.464285714285419
2003-11-19,1,606,959,104.29,104.83999999999999,104.28,104.85,eod,0.549999999999983,0.005274261603375364,52.74261603375364,0.37000000000000455,1.4864864864864222
2003-11-20,1,600,959,104.43,103.89,104.42,103.9,eod,-0.5400000000000063,-0.0051714230990232354,-51.71423099023235,0.6100000000000136,-0.8852459016393347
2003-11-21,-1,605,800,104.00999999999999,104.34,104.02,104.32000000000001,stop,-0.3300000000000125,-0.0031724668333014084,-31.724668333014083,0.30000000000001137,-1.1
2003-11-24,1,603,959,105.06000000000002,105.72,105.05000000000001,105.73,eod,0.6599999999999824,0.006282722513088837,62.82722513088837,0.38000000000000966,1.7368421052630674
2003-11-25,1,600,959,105.95000000000002,106.0,105.94000000000001,106.01,eod,0.04999999999998295,0.0004719652633564559,4.719652633564559,0.5000000000000142,0.09999999999996305
2003-11-26,-1,604,942,106.03999999999999,106.47,106.05,106.45,stop,-0.4300000000000068,-0.004054691183404119,-40.54691183404119,0.4000000000000057,-1.0750000000000017
2003-12-01,1,601,857,107.11000000000001,106.8,107.10000000000001,106.82,stop,-0.3100000000000165,-0.002894491129785401,-28.94491129785401,0.28000000000001535,-1.1071428571428554
2003-12-02,1,604,650,107.53000000000002,107.27,107.52000000000001,107.28999999999999,stop,-0.2600000000000193,-0.0024181547619049415,-24.181547619049415,0.2300000000000182,-1.1304347826086902
2003-12-03,-1,602,690,107.57,107.89,107.58,107.87,stop,-0.3200000000000074,-0.002974530581892614,-29.745305818926138,0.29000000000000625,-1.1034482758620707
2003-12-04,1,602,829,107.36000000000001,107.07,107.35000000000001,107.08999999999999,stop,-0.29000000000002046,-0.0027014438751748527,-27.01443875174853,0.2600000000000193,-1.1153846153846112
2003-12-05,1,600,809,107.31000000000002,106.97,107.30000000000001,106.99,stop,-0.3400000000000176,-0.003168685927306781,-31.68685927306781,0.3100000000000165,-1.0967741935483857
2003-12-08,1,604,959,107.12,107.50999999999999,107.11,107.52,eod,0.38999999999998636,0.003641116609093328,36.41116609093328,0.4399999999999977,0.8863636363636099
2003-12-09,-1,601,959,107.53999999999999,106.63000000000001,107.55,106.62,eod,0.9099999999999824,0.008461180846117921,84.61180846117921,0.3900000000000148,2.3333333333332
2003-12-10,1,605,661,106.86000000000001,106.51,106.85000000000001,106.53,stop,-0.3500000000000085,-0.0032756200280768225,-32.756200280768226,0.3200000000000074,-1.0937500000000013
2003-12-11,1,621,959,107.25000000000001,107.83,107.24000000000001,107.84,eod,0.5799999999999841,0.0054084296904138756,54.08429690413875,0.5800000000000125,0.999999999999951
2003-12-12,-1,601,739,107.42999999999999,108.05,107.44,108.03,stop,-0.6200000000000045,-0.005770662695457973,-57.706626954579725,0.5900000000000034,-1.0508474576271203
2003-12-15,-1,611,959,108.55999999999999,107.54,108.57,107.53,eod,1.0199999999999818,0.009394860458690079,93.94860458690079,0.6700000000000159,1.5223880597014292
2003-12-16,1,601,669,107.87,107.53,107.86,107.55,stop,-0.3400000000000034,-0.0031522343778973057,-31.522343778973056,0.3100000000000023,-1.0967741935483901
2003-12-17,1,639,959,108.15,108.33,108.14,108.34,eod,0.1799999999999926,0.0016645089698538247,16.645089698538246,0.3500000000000085,0.5142857142856806
2003-12-18,1,602,959,109.00000000000001,109.58999999999999,108.99000000000001,109.6,eod,0.589999999999975,0.0054133406734560505,54.1334067345605,0.6100000000000136,0.9672131147540357
2003-12-19,1,688,705,109.35000000000001,108.83,109.34,108.85,stop,-0.5200000000000102,-0.0047558075727090745,-47.558075727090745,0.4900000000000091,-1.0612244897959195
2003-12-23,1,609,959,109.72000000000001,109.78,109.71000000000001,109.79,eod,0.05999999999998806,0.0005468963631390763,5.468963631390762,0.3400000000000176,0.17647058823524986
2003-12-24,1,607,797,109.63000000000001,109.61,109.62,109.62,eod,-0.020000000000010232,-0.00018244845831062061,-1.8244845831062062,0.20000000000000284,-0.10000000000004974
2003-12-26,1,600,785,110.02000000000001,109.67999999999999,110.01,109.69999999999999,stop,-0.3400000000000176,-0.003090628124716095,-30.906281247160948,0.3100000000000165,-1.0967741935483857
2003-12-29,1,600,959,110.36000000000001,111.14,110.35000000000001,111.15,eod,0.7799999999999869,0.007068418667874824,70.68418667874823,0.27000000000001023,2.888888888888731
2003-12-30,-1,600,675,110.99,111.27,111.0,111.25,stop,-0.28000000000000114,-0.0025225225225225328,-25.225225225225326,0.25,-1.1200000000000045
2003-12-31,-1,613,959,111.19999999999999,111.16000000000001,111.21,111.15,eod,0.03999999999997783,0.0003596798849022375,3.596798849022375,0.3200000000000074,0.12499999999992784
2004-01-02,1,601,739,112.00000000000001,111.58,111.99000000000001,111.6,stop,-0.4200000000000159,-0.003750334851326153,-37.50334851326153,0.3900000000000148,-1.0769230769230769
2004-01-05,1,600,685,112.15,111.64,112.14,111.66,stop,-0.5100000000000051,-0.004547886570358526,-45.478865703585264,0.480000000000004,-1.0625000000000018
2004-01-06,1,600,959,112.35000000000001,112.61,112.34,112.62,eod,0.2599999999999909,0.0023144027060707753,23.144027060707753,0.2500000000000142,1.0399999999999046
2004-01-07,-1,600,733,112.13,112.58,112.14,112.56,stop,-0.45000000000000284,-0.0040128410914928025,-40.128410914928025,0.4200000000000017,-1.0714285714285738
2004-01-08,-1,620,929,112.86999999999999,113.37,112.88,113.35000000000001,stop,-0.5000000000000142,-0.004429482636428192,-44.29482636428192,0.4700000000000131,-1.0638297872340432
2004-01-09,1,600,897,112.95000000000002,112.51,112.94000000000001,112.53,stop,-0.44000000000001194,-0.00389587391535339,-38.9587391535339,0.4100000000000108,-1.073170731707318
2004-01-12,-1,606,658,112.39999999999999,112.84,112.41,112.82000000000001,stop,-0.44000000000001194,-0.00391424250511531,-39.1424250511531,0.4100000000000108,-1.073170731707318
2004-01-13,-1,614,959,112.99999999999999,112.48,113.00999999999999,112.47,eod,0.5199999999999818,0.004601362711264329,46.01362711264329,0.2300000000000182,2.2608695652171336
2004-01-14,1,603,959,112.9,113.3,112.89,113.31,eod,0.3999999999999915,0.0035432722118876026,35.43272211887603,0.23000000000000398,1.7391304347825416
2004-01-15,-1,600,756,113.08999999999999,113.72,113.1,113.7,stop,-0.6300000000000097,-0.005570291777188415,-55.70291777188415,0.6000000000000085,-1.0500000000000012
2004-01-16,-1,600,862,113.75999999999999,114.22,113.77,114.2,stop,-0.46000000000000796,-0.004043245143711066,-40.43245143711066,0.4300000000000068,-1.0697674418604666
2004-01-20,1,607,625,114.56000000000002,114.19,114.55000000000001,114.21,stop,-0.37000000000001876,-0.003230030554343245,-32.30030554343245,0.3400000000000176,-1.0882352941176459
2004-01-21,-1,604,694,113.80999999999999,114.19,113.82,114.17,stop,-0.38000000000000966,-0.0033386048146196597,-33.3860481461966,0.3500000000000085,-1.085714285714287
2004-01-22,-1,605,959,115.05999999999999,114.74000000000001,115.07,114.73,eod,0.31999999999997897,0.0027809159641955243,27.809159641955244,0.3200000000000074,0.9999999999999112
2004-01-23,1,607,661,115.18,114.83,115.17,114.85,stop,-0.3500000000000085,-0.003038985847008844,-30.389858470088438,0.3200000000000074,-1.0937500000000013
2004-01-26,1,650,959,114.80000000000001,115.78999999999999,114.79,115.8,eod,0.9899999999999807,0.008624444638034504,86.24444638034504,0.4100000000000108,2.4146341463413528
2004-01-27,-1,606,959,115.57,114.71000000000001,115.58,114.7,eod,0.8599999999999852,0.007440733690949864,74.40733690949864,0.28000000000000114,3.0714285714285063
2004-01-28,1,600,855,115.16000000000001,114.92,115.15,114.94,stop,-0.2400000000000091,-0.0020842379504994275,-20.842379504994273,0.21000000000000796,-1.1428571428571428
2004-01-29,-1,601,903,113.22999999999999,113.71000000000001,113.24,113.69000000000001,stop,-0.4800000000000182,-0.004238784881667416,-42.38784881667416,0.45000000000001705,-1.0666666666666667
2004-01-30,1,601,642,113.55000000000001,113.14,113.54,113.16,stop,-0.4100000000000108,-0.0036110621807293533,-36.11062180729353,0.38000000000000966,-1.0789473684210535
2004-02-02,-1,607,716,113.57,113.92,113.58,113.9,stop,-0.3500000000000085,-0.0030815284381053754,-30.815284381053754,0.3200000000000074,-1.0937500000000013
2004-02-03,1,609,959,113.97000000000001,113.94999999999999,113.96000000000001,113.96,eod,-0.020000000000024443,-0.00017550017550038997,-1.7550017550038997,0.5300000000000153,-0.0377358490566488
2004-02-04,1,601,606,113.42000000000002,113.11,113.41000000000001,113.13,stop,-0.3100000000000165,-0.0027334450224849346,-27.334450224849345,0.28000000000001535,-1.1071428571428554
2004-02-05,-1,612,792,112.94999999999999,113.36,112.96,113.34,stop,-0.4100000000000108,-0.0036296033994335235,-36.29603399433523,0.38000000000000966,-1.0789473684210535
2004-02-06,1,606,959,113.64000000000001,114.64999999999999,113.63000000000001,114.66,eod,1.0099999999999767,0.008888497755874122,88.88497755874123,0.44000000000001194,2.2954545454544304
2004-02-09,-1,609,618,114.41,114.72,114.42,114.7,stop,-0.3100000000000023,-0.0027093165530501858,-27.093165530501857,0.28000000000000114,-1.1071428571428608
2004-02-10,1,605,959,114.53000000000002,114.89,114.52000000000001,114.9,eod,0.3599999999999852,0.003143555710792745,31.43555710792745,0.27000000000001023,1.333333333333228
2004-02-11,-1,607,660,114.68999999999998,114.93,114.69999999999999,114.91000000000001,stop,-0.2400000000000233,-0.0020924149956410053,-20.92414995641005,0.21000000000002217,-1.1428571428571332
2004-02-12,1,603,716,116.11000000000001,115.83,116.10000000000001,115.85,stop,-0.28000000000001535,-0.0024117140396211485,-24.117140396211486,0.2500000000000142,-1.1199999999999977
2004-02-13,1,600,624,116.16000000000001,115.59,116.15,115.61,stop,-0.5700000000000074,-0.00490744726646584,-49.0744726646584,0.5400000000000063,-1.055555555555557
2004-02-17,1,641,959,116.06000000000002,116.13,116.05000000000001,116.14,eod,0.06999999999997897,0.0006031882809132181,6.031882809132181,0.29000000000002046,0.24137931034473803
2004-02-18,-1,645,959,115.88,115.67,115.89,115.66,eod,0.20999999999999375,0.0018120631633444968,18.12063163344497,0.37000000000000455,0.5675675675675437
2004-02-19,-1,608,959,116.16,115.23,116.17,115.22,eod,0.9299999999999926,0.008005509167599144,80.05509167599143,0.23000000000000398,4.043478260869463
2004-02-20,-1,637,959,114.96999999999998,115.01,114.97999999999999,115.0,eod,-0.040000000000020464,-0.0003478865889721731,-3.4788658897217313,0.5300000000000153,-0.07547169811324397
2004-02-23,-1,619,959,114.79999999999998,114.56,114.80999999999999,114.55,eod,0.23999999999998067,0.0020904102430100227,20.904102430100227,0.46000000000002217,0.5217391304347154
2004-02-24,-1,600,621,114.13,114.41,114.14,114.39,stop,-0.28000000000000114,-0.0024531277378657887,-24.531277378657887,0.25,-1.1200000000000045
2004-02-25,1,602,701,114.86000000000001,114.35,114.85000000000001,114.36999999999999,stop,-0.5100000000000193,-0.004440574662603564,-44.40574662603564,0.4800000000000182,-1.0625
2004-02-26,-1,601,661,114.39999999999999,114.82000000000001,114.41,114.80000000000001,stop,-0.4200000000000159,-0.003671007779040433,-36.71007779040433,0.3900000000000148,-1.0769230769230769
2004-02-27,1,601,700,115.43,115.08,115.42,115.1,stop,-0.3500000000000085,-0.0030324033962918777,-30.324033962918776,0.3200000000000074,-1.0937500000000013
2004-03-01,1,605,660,115.71000000000001,115.35,115.7,115.36999999999999,stop,-0.36000000000001364,-0.003111495246326825,-31.11495246326825,0.3300000000000125,-1.0909090909090908
2004-03-02,-1,642,959,115.88,115.5,115.89,115.49,eod,0.37999999999999545,0.0032789714384329574,32.78971438432957,0.3500000000000085,1.0857142857142463
2004-03-03,1,602,614,115.39000000000001,115.11,115.38000000000001,115.13,stop,-0.28000000000001535,-0.002426763737216288,-24.26763737216288,0.2500000000000142,-1.1199999999999977
2004-03-04,-1,616,678,115.60999999999999,115.88,115.61999999999999,115.86,stop,-0.27000000000001023,-0.0023352361183187186,-23.352361183187185,0.2400000000000091,-1.125
2004-03-05,1,601,959,115.9,116.28,115.89,116.29,eod,0.37999999999999545,0.0032789714384329574,32.78971438432957,0.5400000000000063,0.7037037037036872
2004-03-08,-1,654,959,116.17999999999999,115.28,116.19,115.27,eod,0.8999999999999915,0.007745933384972816,77.45933384972815,0.44000000000001194,2.0454545454544704
2004-03-09,1,600,619,115.17000000000002,114.82,115.16000000000001,114.83999999999999,stop,-0.35000000000002274,-0.0030392497394930765,-30.392497394930764,0.3200000000000216,-1.0937499999999973
2004-03-10,-1,601,959,114.38,113.01,114.39,113.0,eod,1.3699999999999903,0.011976571378616928,119.76571378616927,0.37000000000000455,3.702702702702631
2004-03-11,1,614,918,112.81000000000002,112.15,112.80000000000001,112.17,stop,-0.6600000000000108,-0.005851063829787329,-58.51063829787329,0.6200000000000188,-1.0645161290322434
2004-03-12,1,604,646,112.24000000000001,111.63,112.23,111.64999999999999,stop,-0.6100000000000136,-0.005435266862692806,-54.352668626928065,0.5800000000000125,-1.0517241379310354
2004-03-15,-1,601,959,112.02,111.04,112.03,111.03,eod,0.9799999999999898,0.008747656877621975,87.47656877621975,0.3299999999999983,2.969696969696954
2004-03-16,-1,618,959,111.71,111.74000000000001,111.72,111.73,eod,-0.030000000000015348,-0.0002685284640173232,-2.685284640173232,0.3500000000000085,-0.08571428571432747
2004-03-17,1,613,959,112.68,112.99,112.67,113.0,eod,0.30999999999998806,0.0027513978876363547,27.513978876363545,0.5800000000000125,0.5344827586206575
2004-03-18,-1,601,795,112.57999999999998,112.86,112.58999999999999,112.84,stop,-0.28000000000001535,-0.002486899369393511,-24.86899369393511,0.2500000000000142,-1.1199999999999977
2004-03-19,1,701,807,112.51,111.91,112.5,111.92999999999999,stop,-0.6000000000000085,-0.0053333333333334095,-53.333333333334096,0.5700000000000074,-1.0526315789473697
2004-03-22,-1,600,959,109.88999999999999,109.76,109.89999999999999,109.75,eod,0.12999999999998124,0.001182893539581267,11.82893539581267,0.6800000000000068,0.19117647058820578
2004-03-23,-1,611,903,109.99,110.42,110.0,110.4,stop,-0.4300000000000068,-0.003909090909090971,-39.09090909090971,0.4000000000000057,-1.0750000000000017
2004-03-24,-1,614,749,109.41,109.98,109.42,109.96000000000001,stop,-0.5700000000000074,-0.005209285322610194,-52.09285322610194,0.5400000000000063,-1.055555555555557
2004-03-25,-1,600,643,109.92999999999999,110.23,109.94,110.21000000000001,stop,-0.30000000000001137,-0.002728761142441435,-27.28761142441435,0.27000000000001023,-1.1111111111111112
2004-03-26,1,686,959,111.39000000000001,111.16,111.38000000000001,111.17,eod,-0.2300000000000182,-0.002065002693481937,-20.65002693481937,0.5600000000000165,-0.4107142857143061
2004-03-29,1,601,959,112.18,112.47,112.17,112.48,eod,0.28999999999999204,0.002585361504858626,25.85361504858626,0.6000000000000085,0.4833333333333132
2004-03-30,1,600,959,112.72000000000001,112.96,112.71000000000001,112.97,eod,0.23999999999998067,0.002129358530742442,21.293585307424422,0.5000000000000142,0.4799999999999477
2004-03-31,-1,600,863,112.61999999999999,113.05,112.63,113.03,stop,-0.4300000000000068,-0.00381781053005422,-38.1781053005422,0.4000000000000057,-1.0750000000000017
2004-04-01,1,600,959,113.34,113.47999999999999,113.33,113.49,eod,0.13999999999998636,0.0012353304508954943,12.353304508954944,0.29000000000000625,0.48275862068959774
2004-04-02,-1,606,959,114.25999999999999,114.43,114.27,114.42,eod,-0.17000000000001592,-0.0014877045593770536,-14.877045593770536,0.5800000000000125,-0.2931034482758832
2004-04-05,1,607,679,114.76,114.42,114.75,114.44,stop,-0.3400000000000034,-0.0029629629629629927,-29.629629629629928,0.3100000000000023,-1.0967741935483901
2004-04-06,1,603,701,114.96000000000001,114.67,114.95,114.69,stop,-0.29000000000000625,-0.0025228360156590367,-25.228360156590366,0.2600000000000051,-1.1153846153846174
2004-04-07,-1,603,959,114.57999999999998,114.51,114.58999999999999,114.5,eod,0.06999999999997897,0.0006108735491751372,6.108735491751371,0.4000000000000199,0.1749999999999387
2004-04-08,-1,600,959,114.96999999999998,114.24000000000001,114.97999999999999,114.23,eod,0.7299999999999756,0.006348930248738699,63.489302487386986,0.44000000000001194,1.6590909090908086
2004-04-12,1,600,959,114.85000000000001,114.83999999999999,114.84,114.85,eod,-0.010000000000019327,-8.707767328473812e-05,-0.8707767328473812,0.28000000000001535,-0.035714285714352784
2004-04-13,-1,600,959,114.63,113.30000000000001,114.64,113.29,eod,1.329999999999984,0.011601535240753524,116.01535240753525,0.6500000000000057,2.046153846153804
2004-04-14,1,607,915,113.15,112.55,113.14,112.57,stop,-0.6000000000000085,-0.005303164221318796,-53.03164221318796,0.5700000000000074,-1.0526315789473697
2004-04-15,-1,607,959,113.25999999999999,113.18,113.27,113.17,eod,0.07999999999998408,0.0007062770371676886,7.062770371676886,0.5200000000000102,0.15384615384612021
2004-04-16,1,631,959,113.48,113.72,113.47,113.73,eod,0.23999999999999488,0.0021150965012778256,21.150965012778254,0.5,0.47999999999998977
2004-04-19,-1,603,915,113.38,113.87,113.39,113.85000000000001,stop,-0.4900000000000091,-0.0043213687274010855,-43.21368727401085,0.46000000000000796,-1.0652173913043492
2004-04-20,1,600,659,114.30000000000001,113.92999999999999,114.29,113.94999999999999,stop,-0.37000000000001876,-0.0032373785983027276,-32.373785983027275,0.3400000000000176,-1.0882352941176459
2004-04-21,1,600,959,112.4,112.8,112.39,112.81,eod,0.3999999999999915,0.0035590355013790506,35.59035501379051,0.5300000000000011,0.7547169811320578
2004-04-22,1,642,959,112.9,114.42999999999999,112.89,114.44,eod,1.529999999999987,0.013553016210470253,135.53016210470253,0.46000000000000796,3.326086956521653
2004-04-23,-1,615,869,113.97999999999999,114.47,113.99,114.45,stop,-0.4900000000000091,-0.004298622686200624,-42.98622686200624,0.46000000000000796,-1.0652173913043492
2004-04-26,-1,616,959,114.44999999999999,113.93,114.46,113.92,eod,0.5199999999999818,0.004543071815481232,45.43071815481232,0.4900000000000091,1.0612244897958616
2004-04-27,1,601,886,114.42000000000002,114.1,114.41000000000001,114.11999999999999,stop,-0.3200000000000216,-0.0027969583078404124,-27.969583078404124,0.29000000000002046,-1.1034482758620656
2004-04-28,-1,607,959,113.24999999999999,112.59,113.25999999999999,112.58,eod,0.6599999999999824,0.00582730001765833,58.2730001765833,0.6500000000000199,1.0153846153845572
2004-04-29,1,607,743,112.91000000000001,112.25,112.9,112.27,stop,-0.6600000000000108,-0.005845881310894693,-58.45881310894693,0.6300000000000097,-1.0476190476190488
2004-04-30,-1,602,959,111.89999999999999,111.14,111.91,111.13,eod,0.7599999999999909,0.0067911714770797155,67.91171477079716,0.480000000000004,1.5833333333333013
2004-05-03,1,600,959,111.84,112.13,111.83,112.14,eod,0.28999999999999204,0.002593221854600662,25.93221854600662,0.4900000000000091,0.5918367346938503
2004-05-04,1,603,693,112.34,112.05,112.33,112.07,stop,-0.29000000000000625,-0.0025816789815722094,-25.816789815722093,0.2600000000000051,-1.1153846153846174
2004-05-05,1,611,959,112.62,112.57,112.61,112.58,eod,-0.05000000000001137,-0.00044401030103908504,-4.4401030103908505,0.46000000000000796,-0.10869565217393588
2004-05-06,1,603,625,112.25000000000001,111.9,112.24000000000001,111.92,stop,-0.3500000000000085,-0.003118317890235286,-31.183178902352857,0.3200000000000074,-1.0937500000000013
2004-05-07,-1,616,959,111.16,110.31,111.17,110.3,eod,0.8499999999999943,0.007645947647746643,76.45947647746642,1.0700000000000074,0.7943925233644752
2004-05-10,-1,601,959,109.16,109.14,109.17,109.13,eod,0.01999999999999602,0.00018320051296139985,1.8320051296139985,0.6300000000000097,0.031746031746024944
2004-05-11,1,643,823,109.91000000000001,109.32,109.9,109.33999999999999,stop,-0.5900000000000176,-0.005368516833485147,-53.68516833485147,0.5600000000000165,-1.053571428571429
2004-05-12,-1,601,911,109.33999999999999,109.69,109.35,109.67,stop,-0.3500000000000085,-0.0032007315957934025,-32.007315957934026,0.3200000000000074,-1.0937500000000013
2004-05-13,-1,602,624,109.71,110.3,109.72,110.28,stop,-0.5900000000000034,-0.005377324097703276,-53.77324097703276,0.5600000000000023,-1.0535714285714304
2004-05-14,-1,600,781,109.66,110.47,109.67,110.45,stop,-0.8100000000000023,-0.007385793744870997,-73.85793744870998,0.7800000000000011,-1.0384615384615399
2004-05-17,-1,601,630,108.69999999999999,109.15,108.71,109.13000000000001,stop,-0.45000000000001705,-0.004139453592125996,-41.394535921259966,0.4200000000000159,-1.0714285714285714
2004-05-18,1,641,959,109.74000000000001,109.67999999999999,109.73,109.69,eod,-0.060000000000016485,-0.0005467966827669414,-5.467966827669414,0.4100000000000108,-0.1463414634146705
2004-05-19,1,600,866,110.69000000000001,110.3,110.68,110.32,stop,-0.3900000000000148,-0.0035236718467655834,-35.236718467655834,0.36000000000001364,-1.0833333333333333
2004-05-20,1,650,734,109.82000000000001,109.27,109.81,109.28999999999999,stop,-0.5500000000000114,-0.005008651306802762,-50.08651306802762,0.5200000000000102,-1.0576923076923088
2004-05-21,-1,607,654,109.78999999999999,110.14,109.8,110.12,stop,-0.3500000000000085,-0.003187613843351626,-31.87613843351626,0.3200000000000074,-1.0937500000000013
2004-05-24,-1,609,959,110.32,110.10000000000001,110.33,110.09,eod,0.21999999999998465,0.0019940179461613765,19.940179461613766,0.44000000000001194,0.49999999999995154
2004-05-25,-1,602,623,109.63999999999999,110.03,109.64999999999999,110.01,stop,-0.3900000000000148,-0.0035567715458277686,-35.56771545827769,0.36000000000001364,-1.0833333333333333
2004-05-26,-1,605,652,111.6,111.98,111.61,111.96000000000001,stop,-0.38000000000000966,-0.003404712839351399,-34.04712839351399,0.3500000000000085,-1.085714285714287
2004-05-27,1,600,678,112.77000000000001,112.42999999999999,112.76,112.44999999999999,stop,-0.3400000000000176,-0.0030152536360413054,-30.152536360413055,0.3100000000000165,-1.0967741935483857
2004-05-28,-1,608,947,112.46,112.83,112.47,112.81,stop,-0.37000000000000455,-0.0032897661598648934,-32.89766159864893,0.3400000000000034,-1.0882352941176494
2004-06-01,1,600,675,112.75000000000001,112.33,112.74000000000001,112.35,stop,-0.4200000000000159,-0.0037253858435339353,-37.25385843533935,0.3900000000000148,-1.0769230769230769
2004-06-02,-1,604,857,112.71,113.12,112.72,113.10000000000001,stop,-0.4100000000000108,-0.003637331440738208,-36.373314407382075,0.38000000000000966,-1.0789473684210535
2004-06-03,-1,602,634,112.64999999999999,112.91,112.66,112.89,stop,-0.2600000000000051,-0.0023078288656133952,-23.078288656133953,0.23000000000000398,-1.1304347826086982
2004-06-04,-1,602,645,112.85999999999999,113.23,112.86999999999999,113.21000000000001,stop,-0.37000000000001876,-0.003278107557367049,-32.78107557367049,0.3400000000000176,-1.0882352941176459
2004-06-07,1,612,959,113.78000000000002,114.64,113.77000000000001,114.65,eod,0.8599999999999852,0.007559110486068253,75.59110486068253,0.36000000000001364,2.3888888888887574
2004-06-08,-1,605,651,114.21999999999998,114.51,114.22999999999999,114.49000000000001,stop,-0.29000000000002046,-0.002538737634597045,-25.387376345970452,0.2600000000000193,-1.1153846153846112
2004-06-09,-1,608,959,114.39999999999999,113.78,114.41,113.77,eod,0.6199999999999903,0.005419106721440349,54.19106721440349,0.30000000000001137,2.0666666666665563
2004-06-10,1,607,664,114.17000000000002,113.92,114.16000000000001,113.94,stop,-0.2500000000000142,-0.002189908899789893,-21.899088997898932,0.22000000000001307,-1.1363636363636334
2004-06-14,-1,609,959,113.49,113.2,113.5,113.19,eod,0.28999999999999204,0.002555066079295084,25.55066079295084,0.3500000000000085,0.8285714285713857
2004-06-15,1,606,917,114.18,113.87,114.17,113.89,stop,-0.3100000000000023,-0.002715249189804697,-27.15249189804697,0.28000000000000114,-1.1071428571428608
2004-06-16,1,638,959,114.05000000000001,114.00999999999999,114.04,114.02,eod,-0.040000000000020464,-0.0003507541213611054,-3.507541213611054,0.3500000000000085,-0.11428571428576997
2004-06-17,-1,600,805,113.46,113.91,113.47,113.89,stop,-0.45000000000000284,-0.003965805939896033,-39.658059398960326,0.4200000000000017,-1.0714285714285738
2004-06-18,1,602,959,113.67000000000002,113.69999999999999,113.66000000000001,113.71,eod,0.029999999999972715,0.0002639450994190807,2.6394509941908066,0.4700000000000131,0.06382978723398272
2004-06-21,1,600,923,113.97000000000001,113.57,113.96000000000001,113.58999999999999,stop,-0.4000000000000199,-0.0035100035100036845,-35.10003510003685,0.37000000000001876,-1.08108108108108
2004-06-22,1,601,634,113.38000000000001,112.98,113.37,113.0,stop,-0.4000000000000057,-0.0035282702655023875,-35.282702655023876,0.37000000000000455,-1.0810810810810831
2004-06-23,-1,619,718,113.55999999999999,113.83,113.57,113.81,stop,-0.27000000000001023,-0.0023773883948226666,-23.773883948226665,0.2400000000000091,-1.125
2004-06-24,1,600,863,114.80000000000001,114.42999999999999,114.79,114.44999999999999,stop,-0.37000000000001876,-0.0032232772889626165,-32.23277288962616,0.3400000000000176,-1.0882352941176459
2004-06-25,1,621,846,114.72000000000001,114.28999999999999,114.71000000000001,114.30999999999999,stop,-0.43000000000002103,-0.0037485833841863917,-37.485833841863915,0.4000000000000199,-1.074999999999999
2004-06-28,1,615,663,114.58000000000001,114.26,114.57000000000001,114.28,stop,-0.3200000000000074,-0.0027930522824474763,-27.930522824474764,0.29000000000000625,-1.1034482758620707
2004-06-29,1,600,959,113.76,113.97,113.75,113.98,eod,0.20999999999999375,0.0018461538461537912,18.461538461537913,0.3400000000000034,0.6176470588235048
2004-06-30,-1,603,863,113.91,114.23,113.92,114.21000000000001,stop,-0.3200000000000074,-0.002808988764045009,-28.089887640450087,0.29000000000000625,-1.1034482758620707
2004-07-01,-1,614,959,114.02,113.21000000000001,114.03,113.2,eod,0.8099999999999881,0.007103393843725231,71.0339384372523,0.38000000000000966,2.1315789473683355
2004-07-02,-1,603,630,112.58999999999999,113.24,112.6,113.22,stop,-0.6500000000000057,-0.005772646536412129,-57.726465364121296,0.6200000000000045,-1.048387096774195
2004-07-06,-1,665,959,112.13999999999999,111.97,112.14999999999999,111.96,eod,0.1699999999999875,0.0015158270173873162,15.158270173873161,0.3100000000000165,0.548387096774124
2004-07-07,1,601,959,112.24000000000001,112.13,112.23,112.14,eod,-0.11000000000001364,-0.0009801300899938844,-9.801300899938843,0.4900000000000091,-0.22448979591839102
2004-07-08,-1,609,666,111.58999999999999,112.08,111.6,112.06,stop,-0.4900000000000091,-0.004390681003584311,-43.906810035843115,0.46000000000000796,-1.0652173913043492
2004-07-09,-1,600,959,111.63,111.65,111.64,111.64,eod,-0.020000000000010232,-0.00017914725904702824,-1.7914725904702824,0.3100000000000023,-0.06451612903229059
2004-07-12,-1,600,861,111.36999999999999,111.74,111.38,111.72,stop,-0.37000000000000455,-0.0033219608547315907,-33.21960854731591,0.3400000000000034,-1.0882352941176494
2004-07-13,1,600,617,112.02000000000001,111.8,112.01,111.82,stop,-0.22000000000001307,-0.0019641103472905373,-19.641103472905375,0.19000000000001194,-1.1578947368421013
2004-07-14,1,609,929,111.64000000000001,111.17,111.63000000000001,111.19,stop,-0.4700000000000131,-0.00421033772283448,-42.103377228344804,0.44000000000001194,-1.068181818181819
2004-07-15,-1,603,766,111.53999999999999,111.86,111.55,111.84,stop,-0.3200000000000074,-0.0028686687584043693,-28.686687584043693,0.29000000000000625,-1.1034482758620707
2004-07-16,-1,605,959,111.29999999999998,110.54,111.30999999999999,110.53,eod,0.7599999999999767,0.006827778276884168,68.27778276884167,0.37000000000001876,2.054054054053887
2004-07-19,1,600,631,110.85000000000001,110.5,110.84,110.52,stop,-0.3500000000000085,-0.0031577047997113725,-31.577047997113727,0.3200000000000074,-1.0937500000000013
2004-07-20,-1,611,645,110.35999999999999,110.67,110.36999999999999,110.65,stop,-0.3100000000000165,-0.002808734257497658,-28.08734257497658,0.28000000000001535,-1.1071428571428554
2004-07-21,-1,603,617,111.64999999999999,111.98,111.66,111.96000000000001,stop,-0.3300000000000125,-0.00295540032240742,-29.5540032240742,0.30000000000001137,-1.1
2004-07-22,-1,603,846,109.24,109.86,109.25,109.84,stop,-0.6200000000000045,-0.005675057208238028,-56.75057208238028,0.5900000000000034,-1.0508474576271203
2004-07-23,-1,600,959,109.32999999999998,108.93,109.33999999999999,108.92,eod,0.39999999999997726,0.0036583135174682395,36.5831351746824,0.37000000000001876,1.0810810810809648
2004-07-26,-1,605,959,109.05999999999999,108.86,109.07,108.85,eod,0.19999999999998863,0.0018336847895845663,18.33684789584566,0.37000000000001876,0.5405405405404824
2004-07-27,1,600,706,109.30000000000001,108.97,109.29,108.99,stop,-0.3300000000000125,-0.003019489431787103,-30.19489431787103,0.30000000000001137,-1.1
2004-07-28,-1,609,927,109.52,109.9,109.53,109.88000000000001,stop,-0.38000000000000966,-0.003469369122614897,-34.69369122614897,0.3500000000000085,-1.085714285714287
2004-07-29,-1,616,742,110.18999999999998,110.63,110.19999999999999,110.61,stop,-0.44000000000001194,-0.0039927404718694375,-39.927404718694376,0.4100000000000108,-1.073170731707318
2004-07-30,1,600,605,110.51,110.25,110.5,110.27,stop,-0.2600000000000051,-0.0023529411764706344,-23.529411764706346,0.23000000000000398,-1.1304347826086982
2004-08-02,1,642,959,110.60000000000001,111.08999999999999,110.59,111.1,eod,0.4899999999999807,0.004430780359887699,44.307803598876994,0.5500000000000114,0.8909090909090374
2004-08-03,-1,601,699,110.83999999999999,111.07000000000001,110.85,111.05000000000001,stop,-0.2300000000000182,-0.002074875958502645,-20.748759585026452,0.20000000000001705,-1.1499999999999928
2004-08-04,1,600,614,110.13000000000001,109.75,110.12,109.77,stop,-0.38000000000000966,-0.0034507809662187583,-34.50780966218758,0.3500000000000085,-1.085714285714287
2004-08-05,-1,606,959,110.16,108.53,110.17,108.52,eod,1.6299999999999955,0.014795316329309208,147.95316329309208,0.21999999999999886,7.409090909090927
2004-08-06,-1,602,959,107.47999999999999,106.84,107.49,106.83,eod,0.6399999999999864,0.0059540422364869885,59.54042236486988,0.48500000000001364,1.319587628865914
2004-08-09,-1,602,658,106.96,107.32000000000001,106.97,107.30000000000001,stop,-0.36000000000001364,-0.0033654295596897603,-33.654295596897605,0.3300000000000125,-1.0909090909090908
2004-08-10,1,617,959,107.49000000000001,108.36,107.48,108.37,eod,0.8699999999999903,0.008094529214737535,80.94529214737534,0.23000000000000398,3.7826086956520664
2004-08-11,-1,601,658,107.28999999999999,107.73,107.3,107.71000000000001,stop,-0.44000000000001194,-0.004100652376514557,-41.00652376514557,0.4100000000000108,-1.073170731707318
2004-08-12,-1,604,959,107.6,106.86,107.61,106.85,eod,0.7399999999999949,0.006876684323018259,68.76684323018259,0.3500000000000085,2.114285714285648
2004-08-13,-1,604,959,106.96999999999998,107.08,106.97999999999999,107.07,eod,-0.11000000000001364,-0.0010282295756217392,-10.282295756217392,0.37000000000001876,-0.2972972972973191
2004-08-16,1,608,959,107.79,108.52,107.78,108.53,eod,0.7299999999999898,0.006773056225644737,67.73056225644737,0.6900000000000119,1.0579710144927206
2004-08-17,-1,682,959,108.64999999999999,108.72,108.66,108.71,eod,-0.07000000000000739,-0.0006442113013068966,-6.442113013068966,0.6300000000000097,-0.11111111111112114
2004-08-18,1,602,959,108.86000000000001,110.08,108.85000000000001,110.09,eod,1.2199999999999847,0.011208084519981485,112.08084519981485,0.37000000000001876,3.2972972972970886
2004-08-19,-1,627,959,109.61999999999999,109.62,109.63,109.61,eod,-1.4210854715202004e-14,-1.2962560170758008e-16,-1.2962560170758007e-12,0.4000000000000057,-3.5527136788004504e-14
2004-08-20,1,637,959,110.01,110.42999999999999,110.0,110.44,eod,0.4199999999999875,0.0038181818181817046,38.18181818181704,0.5,0.839999999999975
2004-08-23,-1,601,640,110.24,110.7,110.25,110.68,stop,-0.46000000000000796,-0.004172335600907102,-41.72335600907102,0.4300000000000068,-1.0697674418604666
2004-08-24,-1,601,609,110.42999999999999,110.73,110.44,110.71000000000001,stop,-0.30000000000001137,-0.0027164070988773214,-27.164070988773215,0.27000000000001023,-1.1111111111111112
2004-08-25,-1,601,723,110.07999999999998,110.38,110.08999999999999,110.36,stop,-0.30000000000001137,-0.00272504314651659,-27.2504314651659,0.2600000000000193,-1.1538461538461118
2004-08-26,1,614,959,111.21000000000001,111.14999999999999,111.2,111.16,eod,-0.060000000000016485,-0.0005395683453238892,-5.395683453238892,0.36000000000001364,-0.16666666666670615
2004-08-27,1,603,959,111.35000000000001,111.44999999999999,111.34,111.46,eod,0.0999999999999801,0.0008981498113883609,8.981498113883609,0.30000000000001137,0.3333333333332544
2004-08-30,-1,630,959,111.07999999999998,110.59,111.08999999999999,110.58,eod,0.4899999999999807,0.00441083805923108,44.1083805923108,0.2600000000000193,1.88461538461517
2004-08-31,-1,604,947,110.63,110.95,110.64,110.93,stop,-0.3200000000000074,-0.0028922631959508983,-28.922631959508983,0.29000000000000625,-1.1034482758620707
2004-09-01,1,612,790,111.21000000000001,110.84,111.2,110.86,stop,-0.37000000000000455,-0.0033273381294964435,-33.27338129496444,0.3400000000000034,-1.0882352941176494
2004-09-02,1,600,959,111.48,112.53999999999999,111.47,112.55,eod,1.059999999999988,0.009509285009419468,95.09285009419467,0.2400000000000091,4.416666666666449
2004-09-03,-1,616,959,112.24,112.10000000000001,112.25,112.09,eod,0.13999999999998636,0.0012472160356346224,12.472160356346224,0.5799999999999983,0.24137931034480478
2004-09-07,-1,633,770,112.52,112.92,112.53,112.9,stop,-0.4000000000000057,-0.003554607660179558,-35.54607660179558,0.37000000000000455,-1.0810810810810831
2004-09-08,1,612,741,112.84,112.51,112.83,112.53,stop,-0.3299999999999983,-0.0029247540547726516,-29.247540547726516,0.29999999999999716,-1.1000000000000048
2004-09-09,-1,600,889,112.46,112.81,112.47,112.79,stop,-0.3500000000000085,-0.0031119409620343963,-31.119409620343962,0.3200000000000074,-1.0937500000000013
2004-09-10,1,639,959,112.56000000000002,113.0808,112.55000000000001,113.0908,eod,0.52079999999998,0.004627276765881652,46.27276765881652,0.4700000000000131,1.1080851063829051
2004-09-13,1,611,931,113.34,113.06,113.33,113.08,stop,-0.28000000000000114,-0.0024706609017912393,-24.706609017912392,0.25,-1.1200000000000045
2004-09-15,-1,600,959,113.02999999999999,112.75,113.03999999999999,112.74,eod,0.2799999999999869,0.002476999292285801,24.769992922858012,0.3300000000000125,0.8484848484847767
2004-09-16,1,600,959,113.13000000000001,113.08999999999999,113.12,113.1,eod,-0.040000000000020464,-0.0003536067892505345,-3.5360678925053453,0.29000000000000625,-0.1379310344828262
2004-09-17,-1,600,644,112.82,113.12,112.83,113.10000000000001,stop,-0.30000000000001137,-0.002658867322520707,-26.588673225207067,0.27000000000001023,-1.1111111111111112
2004-09-20,-1,600,626,112.38,112.82000000000001,112.39,112.80000000000001,stop,-0.44000000000001194,-0.003914939051517145,-39.14939051517145,0.4100000000000108,-1.073170731707318
2004-09-21,-1,600,667,112.57,112.82000000000001,112.58,112.80000000000001,stop,-0.2500000000000142,-0.002220643098241377,-22.206430982413767,0.22000000000001307,-1.1363636363636334
2004-09-22,-1,603,959,112.16,111.64,112.17,111.63,eod,0.519999999999996,0.004635820629401766,46.358206294017656,0.35999999999999943,1.4444444444444358
2004-09-23,-1,600,959,111.27999999999999,111.15,111.28999999999999,111.14,eod,0.12999999999998124,0.0011681193278819412,11.681193278819412,0.4200000000000159,0.30952380952375314
2004-09-24,1,659,959,111.50000000000001,111.33,111.49000000000001,111.34,eod,-0.17000000000001592,-0.0015248004305320288,-15.248004305320288,0.37000000000001876,-0.4594594594594792
2004-09-27,-1,605,772,110.82,111.18,110.83,111.16000000000001,stop,-0.36000000000001364,-0.003248217991518665,-32.48217991518665,0.3300000000000125,-1.0909090909090908
2004-09-28,-1,600,714,110.71,111.06,110.72,111.04,stop,-0.3500000000000085,-0.0031611271676301347,-31.611271676301346,0.3200000000000074,-1.0937500000000013
2004-09-29,-1,613,631,111.02999999999999,111.34,111.03999999999999,111.32000000000001,stop,-0.3100000000000165,-0.002791786743515999,-27.917867435159987,0.28000000000001535,-1.1071428571428554
2004-09-30,1,601,664,111.78000000000002,111.4,111.77000000000001,111.42,stop,-0.38000000000000966,-0.003399838954996955,-33.99838954996955,0.3500000000000085,-1.085714285714287
2004-10-01,1,600,959,112.67000000000002,113.47,112.66000000000001,113.48,eod,0.799999999999983,0.007101011894194771,71.01011894194771,0.46000000000002217,1.7391304347824879
2004-10-04,1,600,771,114.32000000000001,113.95,114.31,113.97,stop,-0.37000000000000455,-0.0032368121774123395,-32.368121774123395,0.3400000000000034,-1.0882352941176494
2004-10-05,-1,600,627,113.71999999999998,113.93,113.72999999999999,113.91000000000001,stop,-0.21000000000002217,-0.0018464785017147823,-18.464785017147822,0.18000000000002103,-1.1666666666666534
2004-10-06,1,629,959,113.96000000000001,114.55999999999999,113.95,114.57,eod,0.5999999999999801,0.0052654673102236075,52.654673102236075,0.27000000000001023,2.2222222222220642
2004-10-07,-1,600,959,114.14999999999999,113.39,114.16,113.38,eod,0.7599999999999909,0.006657323055360817,66.57323055360817,0.2500000000000142,3.039999999999791
2004-10-08,-1,656,959,113.11999999999999,112.59,113.13,112.58,eod,0.5299999999999869,0.004684875806594068,46.848758065940686,0.5700000000000074,0.9298245614034738
2004-10-11,-1,605,873,112.71999999999998,112.99,112.72999999999999,112.97,stop,-0.27000000000001023,-0.00239510334427402,-23.951033442740197,0.2400000000000091,-1.125
2004-10-12,-1,603,681,111.99999999999999,112.35,112.00999999999999,112.33,stop,-0.3500000000000085,-0.003124721007053018,-31.24721007053018,0.3200000000000074,-1.0937500000000013
2004-10-13,-1,607,959,112.71999999999998,111.68,112.72999999999999,111.67,eod,1.0399999999999778,0.0092255832520179,92.255832520179,0.3500000000000085,2.9714285714284356
2004-10-14,1,620,659,111.81000000000002,111.49,111.80000000000001,111.50999999999999,stop,-0.3200000000000216,-0.0028622540250449156,-28.622540250449156,0.29000000000002046,-1.1034482758620656
2004-10-15,1,626,959,111.13000000000001,111.16,111.12,111.17,eod,0.029999999999986926,0.0002699784017277441,2.699784017277441,0.5500000000000114,0.054545454545429646
2004-10-18,1,600,646,111.17000000000002,110.86,111.16000000000001,110.88,stop,-0.3100000000000165,-0.0027887729399065893,-27.887729399065893,0.28000000000001535,-1.1071428571428554
2004-10-19,1,604,629,112.14000000000001,111.86,112.13000000000001,111.88,stop,-0.28000000000001535,-0.002497101578525063,-24.971015785250632,0.2500000000000142,-1.1199999999999977
2004-10-20,-1,619,736,110.22999999999999,110.55,110.24,110.53,stop,-0.3200000000000074,-0.002902757619738819,-29.02757619738819,0.29000000000000625,-1.1034482758620707
2004-10-21,-1,616,653,110.55999999999999,111.02,110.57,111.0,stop,-0.46000000000000796,-0.004160260468481577,-41.60260468481577,0.4300000000000068,-1.0697674418604666
2004-10-22,1,600,605,111.26,110.92999999999999,111.25,110.94999999999999,stop,-0.3300000000000125,-0.002966292134831573,-29.66292134831573,0.30000000000001137,-1.1
2004-10-25,-1,603,628,109.41,109.83,109.42,109.81,stop,-0.4200000000000017,-0.0038384207640285296,-38.3842076402853,0.39000000000000057,-1.0769230769230798
2004-10-26,1,607,959,110.22000000000001,111.39,110.21000000000001,111.4,eod,1.1699999999999875,0.010616096542963319,106.16096542963318,0.3400000000000176,3.44117647058802
2004-10-27,-1,602,626,111.13999999999999,111.47,111.14999999999999,111.45,stop,-0.3300000000000125,-0.0029689608636978186,-29.689608636978186,0.30000000000001137,-1.1
2004-10-28,1,606,620,112.92000000000002,112.49,112.91000000000001,112.50999999999999,stop,-0.43000000000002103,-0.0038083429279959346,-38.08342927995935,0.4000000000000199,-1.074999999999999
2004-10-29,1,600,616,113.64000000000001,113.09,113.63000000000001,113.11,stop,-0.5500000000000114,-0.0048402710551791895,-48.4027105517919,0.5200000000000102,-1.0576923076923088
2004-11-01,-1,600,672,113.35,113.62,113.36,113.60000000000001,stop,-0.27000000000001023,-0.0023817925194072886,-23.817925194072885,0.2400000000000091,-1.125
2004-11-02,1,601,926,113.93,113.53999999999999,113.92,113.55999999999999,stop,-0.3900000000000148,-0.003423455056179905,-34.234550561799054,0.36000000000001364,-1.0833333333333333
2004-11-03,-1,604,959,114.91999999999999,114.78,114.92999999999999,114.77,eod,0.13999999999998636,0.001218132776472517,12.18132776472517,0.44000000000001194,0.31818181818177854
2004-11-04,1,600,622,115.07000000000001,114.73,115.06,114.75,stop,-0.3400000000000034,-0.0029549800104293708,-29.54980010429371,0.3100000000000023,-1.0967741935483901
2004-11-05,1,610,674,117.12,116.76,117.11,116.78,stop,-0.35999999999999943,-0.0030740329604645156,-30.740329604645158,0.3299999999999983,-1.0909090909090948
2004-11-08,-1,600,959,116.88999999999999,117.01,116.89999999999999,117.0,eod,-0.12000000000001876,-0.0010265183917880134,-10.265183917880135,0.3400000000000176,-0.3529411764706251
2004-11-09,1,600,640,117.50000000000001,117.0,117.49000000000001,117.02,stop,-0.5000000000000142,-0.0042556813345817875,-42.55681334581787,0.4700000000000131,-1.0638297872340432
2004-11-10,-1,600,649,116.85999999999999,117.15,116.86999999999999,117.13000000000001,stop,-0.29000000000002046,-0.002481389578163947,-24.81389578163947,0.2600000000000193,-1.1153846153846112
2004-11-11,1,601,959,117.37,117.97999999999999,117.36,117.99,eod,0.6099999999999852,0.005197682344921483,51.976823449214834,0.2600000000000051,2.3461538461537432
2004-11-12,1,633,959,118.06000000000002,118.89999999999999,118.05000000000001,118.91,eod,0.839999999999975,0.007115628970774883,71.15628970774883,0.38000000000000966,2.2105263157893518
2004-11-15,1,602,664,118.60000000000001,118.25,118.59,118.27,stop,-0.3500000000000085,-0.0029513449700650013,-29.513449700650014,0.3200000000000074,-1.0937500000000013
2004-11-16,-1,601,959,118.07999999999998,117.77000000000001,118.08999999999999,117.76,eod,0.30999999999997385,0.002625116436615919,26.25116436615919,0.3300000000000125,0.9393939393938245
2004-11-17,1,605,872,118.63000000000001,118.31,118.62,118.33,stop,-0.3200000000000074,-0.0026976901028494976,-26.976901028494975,0.29000000000000625,-1.1034482758620707
2004-11-18,-1,600,658,118.35999999999999,118.71000000000001,118.36999999999999,118.69000000000001,stop,-0.35000000000002274,-0.0029568302779422384,-29.568302779422385,0.3200000000000216,-1.0937499999999973
2004-11-19,-1,602,959,118.10999999999999,117.33,118.11999999999999,117.32,eod,0.7799999999999869,0.006603454114459761,66.03454114459761,0.6100000000000136,1.2786885245901138
2004-11-22,-1,600,615,117.07,117.28,117.08,117.26,stop,-0.21000000000000796,-0.001793645370686778,-17.93645370686778,0.18000000000000682,-1.1666666666666667
2004-11-23,1,606,653,117.99000000000001,117.72,117.98,117.74,stop,-0.27000000000001023,-0.002288523478555774,-22.885234785557742,0.2400000000000091,-1.125
2004-11-24,-1,633,959,118.16,118.55000000000001,118.17,118.54,eod,-0.3900000000000148,-0.0033003300330034253,-33.00330033003425,0.4300000000000068,-0.9069767441860664
2004-11-26,1,601,783,118.87,118.42,118.86,118.44,stop,-0.45000000000000284,-0.003785966683493209,-37.85966683493209,0.4200000000000017,-1.0714285714285738
2004-11-29,-1,600,959,118.61999999999999,118.14,118.63,118.13,eod,0.47999999999998977,0.004046194048722834,40.46194048722834,0.3900000000000148,1.2307692307691578
2004-11-30,-1,650,739,117.72999999999999,118.23,117.74,118.21000000000001,stop,-0.5000000000000142,-0.00424664515033136,-42.46645150331359,0.4700000000000131,-1.0638297872340432
2004-12-01,1,626,959,118.69000000000001,119.46,118.68,119.47,eod,0.7699999999999818,0.006488035052241168,64.88035052241167,0.5900000000000176,1.305084745762642
2004-12-02,1,602,959,119.36000000000001,119.38,119.35000000000001,119.39,eod,0.01999999999998181,0.0001675743611225958,1.675743611225958,0.3500000000000085,0.05714285714280378
2004-12-03,1,600,780,119.85000000000001,119.15,119.84,119.17,stop,-0.7000000000000028,-0.005841121495327126,-58.41121495327126,0.6700000000000017,-1.0447761194029868
2004-12-06,-1,613,738,118.86999999999999,119.3,118.88,119.28,stop,-0.4300000000000068,-0.0036170928667564506,-36.1709286675645,0.4000000000000057,-1.0750000000000017
2004-12-07,1,608,780,119.53000000000002,119.14,119.52000000000001,119.16,stop,-0.3900000000000148,-0.0032630522088354648,-32.630522088354645,0.36000000000001364,-1.0833333333333333
2004-12-08,1,602,959,118.39000000000001,118.61,118.38000000000001,118.62,eod,0.21999999999998465,0.0018584220307483075,18.584220307483076,0.38000000000000966,0.5789473684209975
2004-12-09,-1,610,740,117.99,118.29,118.0,118.27000000000001,stop,-0.30000000000001137,-0.0025423728813560287,-25.423728813560288,0.27000000000001023,-1.1111111111111112
2004-12-13,-1,626,834,119.6,119.98,119.61,119.96000000000001,stop,-0.38000000000000966,-0.0031769918903102557,-31.769918903102557,0.3500000000000085,-1.085714285714287
2004-12-15,1,609,666,120.97000000000001,120.57,120.96000000000001,120.58999999999999,stop,-0.4000000000000199,-0.003306878306878471,-33.06878306878471,0.37000000000001876,-1.08108108108108
2004-12-16,1,639,864,120.89000000000001,120.48,120.88000000000001,120.5,stop,-0.4100000000000108,-0.0033917935142290766,-33.917935142290766,0.38000000000000966,-1.0789473684210535
2004-12-17,1,631,710,119.88000000000001,119.27,119.87,119.28999999999999,stop,-0.6100000000000136,-0.005088846250104393,-50.88846250104393,0.5800000000000125,-1.0517241379310354
2004-12-20,-1,663,959,119.71,119.28,119.72,119.27,eod,0.4299999999999926,0.0035917139993317123,35.91713999331712,0.5800000000000125,0.7413793103447989
2004-12-21,-1,640,716,119.54999999999998,119.92,119.55999999999999,119.9,stop,-0.37000000000001876,-0.0030946804951490366,-30.946804951490368,0.3400000000000176,-1.0882352941176459
2004-12-22,1,630,959,120.61000000000001,120.89999999999999,120.60000000000001,120.91,eod,0.28999999999997783,0.0024046434494193847,24.046434494193846,0.29000000000002046,0.999999999999853
2004-12-23,1,615,893,121.11000000000001,120.8,121.10000000000001,120.82,stop,-0.3100000000000165,-0.002559867877787089,-25.59867877787089,0.28000000000001535,-1.1071428571428554
2004-12-27,-1,601,959,121.13,120.43,121.14,120.42,eod,0.6999999999999886,0.005778438170711479,57.78438170711479,0.23000000000000398,3.0434782608694633
2004-12-28,1,600,959,120.86000000000001,121.22999999999999,120.85000000000001,121.24,eod,0.3699999999999761,0.003061646669424709,30.61646669424709,0.2600000000000193,1.4230769230767255
2004-12-29,1,604,801,121.20000000000002,120.96,121.19000000000001,120.97999999999999,stop,-0.2400000000000233,-0.0019803614159586047,-19.803614159586047,0.21000000000002217,-1.1428571428571332
2004-12-30,-1,601,617,121.27,121.52,121.28,121.5,stop,-0.25,-0.0020613456464379947,-20.613456464379947,0.21999999999999886,-1.1363636363636422
2005-01-03,-1,601,959,121.44999999999999,120.07000000000001,121.46,120.06,eod,1.3799999999999812,0.011361765190185915,113.61765190185915,0.3100000000000165,4.451612903225509
2005-01-04,-1,600,608,120.18999999999998,120.53,120.19999999999999,120.51,stop,-0.3400000000000176,-0.00282861896838617,-28.2861896838617,0.3100000000000165,-1.0967741935483857
2005-01-05,1,609,630,119.16000000000001,118.71,119.15,118.72999999999999,stop,-0.45000000000001705,-0.003776751993285917,-37.76751993285917,0.4200000000000159,-1.0714285714285714
2005-01-06,1,625,652,118.71000000000001,118.36,118.7,118.38,stop,-0.3500000000000085,-0.002948609941027873,-29.48609941027873,0.3200000000000074,-1.0937500000000013
2005-01-07,1,607,615,119.13000000000001,118.71,119.12,118.72999999999999,stop,-0.4200000000000159,-0.003525856279382269,-35.25856279382269,0.3900000000000148,-1.0769230769230769
2005-01-10,1,600,959,118.75000000000001,118.92999999999999,118.74000000000001,118.94,eod,0.1799999999999784,0.0015159171298633853,15.159171298633852,0.4100000000000108,0.4390243902438382
2005-01-11,-1,602,850,118.21,118.68,118.22,118.66000000000001,stop,-0.4700000000000131,-0.003975638639824168,-39.75638639824167,0.44000000000001194,-1.068181818181819
2005-01-12,-1,623,932,117.88999999999999,118.48,117.89999999999999,118.46000000000001,stop,-0.5900000000000176,-0.005004240882103627,-50.042408821036275,0.5600000000000165,-1.053571428571429
2005-01-13,-1,701,959,118.35999999999999,117.69000000000001,118.36999999999999,117.68,eod,0.6699999999999733,0.005660217960631692,56.602179606316916,0.37000000000001876,1.8108108108106469
2005-01-14,1,616,959,118.09,118.41,118.08,118.42,eod,0.3199999999999932,0.002710027100270945,27.10027100270945,0.3299999999999983,0.9696969696969541
2005-01-18,1,601,959,118.18,119.53,118.17,119.54,eod,1.3499999999999943,0.011424219345011376,114.24219345011376,0.23000000000000398,5.869565217391178
2005-01-19,-1,618,959,119.27999999999999,118.42,119.28999999999999,118.41,eod,0.8599999999999852,0.007209321820772783,72.09321820772783,0.2400000000000091,3.583333333333136
2005-01-20,1,612,791,118.07000000000001,117.64,118.06,117.66,stop,-0.4300000000000068,-0.003642215822463212,-36.42215822463212,0.4000000000000057,-1.0750000000000017
2005-01-21,-1,615,627,117.44999999999999,117.87,117.46,117.85000000000001,stop,-0.4200000000000159,-0.003575685339690243,-35.75685339690243,0.3900000000000148,-1.0769230769230769
2005-01-24,-1,603,801,116.77999999999999,117.31,116.78999999999999,117.29,stop,-0.5300000000000153,-0.004538059765391005,-45.380597653910044,0.5000000000000142,-1.0600000000000005
2005-01-25,1,600,921,117.41000000000001,116.81,117.4,116.83,stop,-0.6000000000000085,-0.0051107325383305665,-51.107325383305664,0.5700000000000074,-1.0526315789473697
2005-01-26,1,600,682,117.42000000000002,117.19,117.41000000000001,117.21,stop,-0.2300000000000182,-0.0019589472787668698,-19.589472787668697,0.20000000000001705,-1.1499999999999928
2005-01-27,1,602,908,117.39000000000001,116.99,117.38000000000001,117.00999999999999,stop,-0.4000000000000199,-0.003407735559720735,-34.07735559720735,0.37000000000001876,-1.08108108108108
2005-01-28,-1,602,959,117.30999999999999,117.14,117.32,117.13,eod,0.1699999999999875,0.0014490282986701969,14.490282986701969,0.2300000000000182,0.7391304347824958
2005-01-31,-1,617,744,117.78999999999999,118.14,117.8,118.12,stop,-0.3500000000000085,-0.002971137521222483,-29.71137521222483,0.3200000000000074,-1.0937500000000013
2005-02-01,-1,601,634,118.1,118.34,118.11,118.32000000000001,stop,-0.2400000000000091,-0.002032004064008205,-20.32004064008205,0.21000000000000796,-1.1428571428571428
2005-02-02,-1,603,638,118.89999999999999,119.13,118.91,119.11,stop,-0.23000000000000398,-0.001934235976789202,-19.34235976789202,0.20000000000000284,-1.1500000000000035
2005-02-03,-1,615,959,118.88,119.06,118.89,119.05,eod,-0.18000000000000682,-0.0015140045420136835,-15.140045420136834,0.27000000000001023,-0.6666666666666666
2005-02-04,1,601,959,119.51,120.32,119.5,120.33,eod,0.8099999999999881,0.006778242677824168,67.78242677824167,0.5300000000000011,1.528301886792427
2005-02-07,1,600,746,120.46000000000001,120.12,120.45,120.14,stop,-0.3400000000000034,-0.0028227480282275084,-28.227480282275085,0.3100000000000023,-1.0967741935483901
2005-02-08,1,600,959,120.42000000000002,120.33,120.41000000000001,120.34,eod,-0.09000000000001762,-0.000747446225396708,-7.47446225396708,0.35000000000002274,-0.25714285714289076
2005-02-09,-1,611,959,120.17999999999999,119.31,120.19,119.3,eod,0.8699999999999903,0.007238538979948334,72.38538979948335,0.3100000000000023,2.806451612903174
2005-02-10,1,605,645,119.77000000000001,119.48,119.76,119.5,stop,-0.29000000000000625,-0.002421509686038796,-24.215096860387963,0.2600000000000051,-1.1153846153846174
2005-02-11,-1,605,638,119.52,119.85,119.53,119.83,stop,-0.3299999999999983,-0.002760813184974469,-27.608131849744687,0.29999999999999716,-1.1000000000000048
2005-02-14,-1,603,919,120.55999999999999,120.82000000000001,120.57,120.80000000000001,stop,-0.2600000000000193,-0.0021564236543088608,-21.564236543088608,0.2300000000000182,-1.1304347826086902
2005-02-15,1,608,959,120.89000000000001,121.19,120.88000000000001,121.2,eod,0.29999999999998295,0.0024818001323625325,24.818001323625325,0.21000000000000796,1.4285714285712932
2005-02-16,-1,600,618,120.74999999999999,120.98,120.75999999999999,120.96000000000001,stop,-0.2300000000000182,-0.001904604173567557,-19.046041735675573,0.20000000000001705,-1.1499999999999928
2005-02-17,-1,604,959,121.13999999999999,120.30000000000001,121.14999999999999,120.29,eod,0.839999999999975,0.006933553446140941,69.33553446140941,0.19000000000001194,4.421052631578538
2005-02-18,1,602,703,120.33000000000001,120.03999999999999,120.32000000000001,120.05999999999999,stop,-0.29000000000002046,-0.0024102393617022977,-24.102393617022976,0.2600000000000193,-1.1153846153846112
2005-02-22,1,600,739,119.97000000000001,119.73,119.96000000000001,119.75,stop,-0.2400000000000091,-0.0020006668889630632,-20.00666888963063,0.21000000000000796,-1.1428571428571428
2005-02-23,-1,601,691,118.91,119.21000000000001,118.92,119.19000000000001,stop,-0.30000000000001137,-0.0025227043390515587,-25.227043390515586,0.27000000000001023,-1.1111111111111112
2005-02-24,1,631,959,119.43,120.25,119.42,120.26,eod,0.8199999999999932,0.006866521520683245,68.66521520683246,0.45000000000000284,1.8222222222221955
2005-02-25,1,614,959,120.45000000000002,121.36999999999999,120.44000000000001,121.38,eod,0.9199999999999733,0.007638658253071847,76.38658253071847,0.27000000000001023,3.407407407407179
2005-03-01,1,603,959,121.23,121.28999999999999,121.22,121.3,eod,0.05999999999998806,0.0004949678270911406,4.949678270911406,0.45000000000000284,0.13333333333330596
2005-03-02,1,600,959,120.96000000000001,121.28,120.95,121.29,eod,0.3199999999999932,0.0026457213724679057,26.457213724679058,0.3100000000000023,1.0322580645160995
2005-03-03,-1,603,608,121.55999999999999,121.81,121.57,121.79,stop,-0.2500000000000142,-0.0020564283951633976,-20.564283951633975,0.22000000000001307,-1.1363636363636334
2005-03-04,1,601,959,122.20000000000002,122.55,122.19000000000001,122.56,eod,0.3499999999999801,0.0028643915214009337,28.643915214009336,0.4000000000000199,0.8749999999999067
2005-03-07,1,604,959,122.98,122.77,122.97,122.78,eod,-0.21000000000000796,-0.0017077335935594695,-17.077335935594697,0.39000000000000057,-0.5384615384615581
2005-03-08,-1,600,959,122.55999999999999,122.22,122.57,122.21,eod,0.3399999999999892,0.0027739251040221034,27.739251040221035,0.3400000000000176,0.9999999999999164
2005-03-09,-1,600,647,121.77,122.19,121.78,122.17,stop,-0.4200000000000017,-0.0034488421744128897,-34.4884217441289,0.39000000000000057,-1.0769230769230798
2005-03-10,-1,612,828,121.03999999999999,121.45,121.05,121.43,stop,-0.4100000000000108,-0.0033870301528294987,-33.87030152829499,0.38000000000000966,-1.0789473684210535
2005-03-11,-1,616,959,121.05999999999999,120.42,121.07,120.41,eod,0.6399999999999864,0.005286198067233719,52.86198067233719,0.6600000000000108,0.9696969696969332
2005-03-14,-1,600,630,120.49999999999999,120.76,120.50999999999999,120.74000000000001,stop,-0.2600000000000193,-0.002157497303128532,-21.574973031285317,0.2300000000000182,-1.1304347826086902
2005-03-15,-1,601,959,121.24999999999999,120.18,121.25999999999999,120.17,eod,1.069999999999979,0.008824014514266692,88.24014514266692,0.21000000000000796,5.095238095237802
2005-03-16,1,611,636,119.88000000000001,119.5415,119.87,119.5615,stop,-0.33850000000001046,-0.002823892550262872,-28.238925502628717,0.3085000000000093,-1.097244732576986
2005-03-17,-1,602,631,119.02,119.44,119.03,119.42,stop,-0.4200000000000017,-0.003528522221288765,-35.28522221288765,0.39000000000000057,-1.0769230769230798
2005-03-18,-1,600,959,118.74,118.82000000000001,118.75,118.81,eod,-0.0800000000000125,-0.0006736842105264211,-6.736842105264211,0.4200000000000017,-0.19047619047621947
2005-03-21,-1,603,959,118.53999999999999,118.27000000000001,118.55,118.26,eod,0.2699999999999818,0.002277520033740884,22.77520033740884,0.2400000000000091,1.1249999999998817
2005-03-22,1,646,862,118.70000000000002,118.3,118.69000000000001,118.32,stop,-0.4000000000000199,-0.00337012385205173,-33.7012385205173,0.37000000000001876,-1.08108108108108
2005-03-23,-1,601,608,116.80999999999999,117.13,116.82,117.11,stop,-0.3200000000000074,-0.0027392569765451757,-27.392569765451757,0.29000000000000625,-1.1034482758620707
2005-03-24,1,600,936,117.74000000000001,117.31,117.73,117.33,stop,-0.4300000000000068,-0.0036524250403466136,-36.524250403466134,0.4000000000000057,-1.0750000000000017
2005-03-28,1,602,957,117.73,117.31,117.72,117.33,stop,-0.4200000000000017,-0.003567787971457711,-35.67787971457711,0.39000000000000057,-1.0769230769230798
2005-03-29,1,613,796,117.50000000000001,117.03,117.49000000000001,117.05,stop,-0.4700000000000131,-0.004000340454506877,-40.003404545068776,0.44000000000001194,-1.068181818181819
2005-03-30,1,607,959,117.12,118.11,117.11,118.12,eod,0.9899999999999949,0.008453590641277388,84.53590641277387,0.3500000000000085,2.8285714285713452
2005-03-31,-1,612,886,117.99999999999999,118.47,118.00999999999999,118.45,stop,-0.4700000000000131,-0.003982713329378977,-39.82713329378977,0.44000000000001194,-1.068181818181819
2005-04-01,-1,608,959,118.49999999999999,117.23,118.50999999999999,117.22,eod,1.2699999999999818,0.010716395240907787,107.16395240907787,0.4900000000000091,2.5918367346937923
2005-04-04,-1,607,840,116.97999999999999,117.46000000000001,116.99,117.44000000000001,stop,-0.4800000000000182,-0.004102914779041099,-41.02914779041099,0.45000000000001705,-1.0666666666666667
2005-04-05,1,600,857,118.28000000000002,117.74,118.27000000000001,117.75999999999999,stop,-0.5400000000000205,-0.004565823962120744,-45.65823962120744,0.5100000000000193,-1.0588235294117647
2005-04-06,1,613,635,118.60000000000001,118.32,118.59,118.33999999999999,stop,-0.28000000000001535,-0.002361075976052073,-23.610759760520732,0.2500000000000142,-1.1199999999999977
2005-04-07,1,614,959,118.61000000000001,119.13,118.60000000000001,119.14,eod,0.5199999999999818,0.0043844856661043995,43.844856661044,0.29000000000002046,1.793103448275673
2005-04-08,-1,605,959,119.02,118.11,119.03,118.1,eod,0.9099999999999966,0.007645131479458931,76.45131479458931,0.18999999999999773,4.789473684210566
2005-04-11,-1,600,959,118.08999999999999,118.19000000000001,118.1,118.18,eod,-0.10000000000002274,-0.0008467400508045956,-8.467400508045955,0.3300000000000125,-0.30303030303036044
2005-04-12,-1,609,856,117.43999999999998,117.96000000000001,117.44999999999999,117.94000000000001,stop,-0.5200000000000244,-0.004427415921669004,-44.27415921669004,0.4900000000000233,-1.0612244897959178
2005-04-13,-1,604,959,118.39999999999999,117.44000000000001,118.41,117.43,eod,0.9599999999999795,0.008107423359513382,81.07423359513382,0.4000000000000057,2.3999999999999146
2005-04-14,-1,608,959,117.14999999999999,116.21000000000001,117.16,116.2,eod,0.9399999999999835,0.008023216114714779,80.23216114714779,0.3500000000000085,2.685714285714173
2005-04-15,1,632,713,116.16000000000001,115.47,116.15,115.49,stop,-0.6900000000000119,-0.005940594059406043,-59.40594059406043,0.6600000000000108,-1.0454545454545465
2005-04-18,1,601,959,114.50000000000001,114.58999999999999,114.49000000000001,114.6,eod,0.08999999999997499,0.000786094855445672,7.860948554456719,0.5400000000000205,0.16666666666661403
2005-04-19,1,600,644,115.28000000000002,114.97,115.27000000000001,114.99,stop,-0.3100000000000165,-0.002689338075822126,-26.89338075822126,0.28000000000001535,-1.1071428571428554
2005-04-20,1,662,771,115.43,114.72,115.42,114.74,stop,-0.710000000000008,-0.006151446889620585,-61.514468896205855,0.6800000000000068,-1.0441176470588247
2005-04-21,-1,609,721,114.6,115.06,114.61,115.04,stop,-0.46000000000000796,-0.004013611377715801,-40.13611377715801,0.4300000000000068,-1.0697674418604666
2005-04-22,1,600,728,115.82000000000001,115.47,115.81,115.49,stop,-0.3500000000000085,-0.0030221915205941503,-30.221915205941503,0.3200000000000074,-1.0937500000000013
2005-04-25,1,608,959,116.01,116.27,116.0,116.28,eod,0.2599999999999909,0.002241379310344749,22.41379310344749,0.29000000000000625,0.8965517241378803
2005-04-26,-1,602,617,115.78999999999999,116.14,115.8,116.12,stop,-0.3500000000000085,-0.003022452504317863,-30.22452504317863,0.3200000000000074,-1.0937500000000013
2005-04-27,-1,601,634,114.52999999999999,115.03,114.53999999999999,115.01,stop,-0.5000000000000142,-0.004365287235900246,-43.652872359002465,0.4700000000000131,-1.0638297872340432
2005-04-28,1,630,860,115.47000000000001,114.8,115.46000000000001,114.82,stop,-0.6700000000000159,-0.005802875454703065,-58.02875454703065,0.6400000000000148,-1.0468750000000007
2005-04-29,1,602,604,115.13000000000001,114.7,115.12,114.72,stop,-0.4300000000000068,-0.0037352328005560006,-37.352328005560004,0.4000000000000057,-1.0750000000000017
2005-05-02,1,601,679,116.36000000000001,115.97,116.35000000000001,115.99,stop,-0.3900000000000148,-0.0033519553072626964,-33.51955307262696,0.36000000000001364,-1.0833333333333333
2005-05-03,1,600,859,116.36000000000001,115.99,116.35000000000001,116.00999999999999,stop,-0.37000000000001876,-0.0031800601633005477,-31.800601633005478,0.3400000000000176,-1.0882352941176459
2005-05-04,1,603,959,116.71000000000001,117.63,116.7,117.64,eod,0.9199999999999875,0.007883461868037596,78.83461868037597,0.4300000000000068,2.1395348837208674
2005-05-05,1,600,768,117.84,117.45,117.83,117.47,stop,-0.39000000000000057,-0.0033098531783077364,-33.09853178307736,0.35999999999999943,-1.0833333333333366
2005-05-06,-1,610,959,117.6,117.22,117.61,117.21,eod,0.37999999999999545,0.0032310177705976995,32.310177705977,0.37000000000000455,1.027027027027002
2005-05-09,1,600,610,117.39000000000001,117.11,117.38000000000001,117.13,stop,-0.28000000000001535,-0.0023854148918045267,-23.85414891804527,0.2500000000000142,-1.1199999999999977
2005-05-10,-1,600,810,117.13,117.44,117.14,117.42,stop,-0.3100000000000023,-0.0026464060099026998,-26.464060099026998,0.28000000000000114,-1.1071428571428608
2005-05-11,-1,608,850,116.63999999999999,117.04,116.64999999999999,117.02000000000001,stop,-0.4000000000000199,-0.0034290612944708095,-34.290612944708094,0.37000000000001876,-1.08108108108108
2005-05-12,1,614,649,117.50000000000001,116.96,117.49000000000001,116.97999999999999,stop,-0.5400000000000205,-0.004596135841348373,-45.96135841348373,0.5100000000000193,-1.0588235294117647
2005-05-13,-1,603,645,115.66,116.35,115.67,116.33,stop,-0.6899999999999977,-0.005965245958329712,-59.652459583297116,0.6599999999999966,-1.0454545454545474
2005-05-16,1,620,959,116.21000000000001,116.77,116.2,116.78,eod,0.5599999999999881,0.004819277108433632,48.19277108433632,0.5500000000000114,1.0181818181817754
2005-05-17,1,600,621,116.70000000000002,116.33,116.69000000000001,116.35,stop,-0.37000000000001876,-0.0031707944125462227,-31.707944125462227,0.3400000000000176,-1.0882352941176459
2005-05-18,1,624,959,118.37,118.78999999999999,118.36,118.8,eod,0.4199999999999875,0.00354849611355177,35.4849611355177,0.35999999999999943,1.1666666666666339
2005-05-19,1,609,886,119.10000000000001,118.7,119.09,118.72,stop,-0.4000000000000057,-0.003358804265681465,-33.58804265681465,0.37000000000000455,-1.0810810810810831
2005-05-20,-1,618,959,118.91,119.16000000000001,118.92,119.15,eod,-0.2500000000000142,-0.0021022536158763388,-21.022536158763387,0.480000000000004,-0.5208333333333586
2005-05-23,1,600,959,119.55000000000001,119.64,119.54,119.65,eod,0.0899999999999892,0.0007528860632423389,7.528860632423389,0.36000000000001364,0.24999999999996053
2005-05-24,-1,605,668,119.24999999999999,119.57000000000001,119.25999999999999,119.55000000000001,stop,-0.3200000000000216,-0.0026832131477446054,-26.832131477446055,0.29000000000002046,-1.1034482758620656
2005-05-25,-1,601,870,119.21,119.42,119.22,119.4,stop,-0.21000000000000796,-0.001761449421238114,-17.61449421238114,0.18000000000000682,-1.1666666666666667
2005-05-26,1,613,959,119.89000000000001,120.03,119.88000000000001,120.04,eod,0.13999999999998636,0.0011678345011677206,11.678345011677205,0.27000000000001023,0.5185185185184483
2005-05-27,-1,614,789,119.88999999999999,120.14,119.89999999999999,120.12,stop,-0.2500000000000142,-0.0020850708924104607,-20.850708924104605,0.22000000000001307,-1.1363636363636334
2005-05-31,-1,669,959,119.50999999999999,119.45,119.52,119.44,eod,0.05999999999998806,0.0005020080321284142,5.020080321284142,0.6600000000000108,0.09090909090907133
2005-06-01,1,600,948,119.72000000000001,120.53,119.71000000000001,120.54,eod,0.8099999999999881,0.0067663520173752234,67.66352017375223,0.27000000000001023,2.999999999999842
2005-06-02,1,601,959,120.42000000000002,120.69999999999999,120.41000000000001,120.71,eod,0.2799999999999727,0.0023253882567890764,23.253882567890763,0.3200000000000216,0.8749999999998557
2005-06-03,-1,623,959,120.43999999999998,119.95,120.44999999999999,119.94,eod,0.4899999999999807,0.0040680780406806205,40.68078040680621,0.45000000000001705,1.0888888888888046
2005-06-06,-1,609,845,119.83999999999999,120.08,119.85,120.06,stop,-0.2400000000000091,-0.0020025031289112147,-20.025031289112146,0.21000000000000796,-1.1428571428571428
2005-06-07,1,608,930,120.86000000000001,120.28999999999999,120.85000000000001,120.30999999999999,stop,-0.5700000000000216,-0.00471659081506017,-47.1659081506017,0.5400000000000205,-1.0555555555555556
2005-06-08,1,600,629,120.49000000000001,120.22,120.48,120.24,stop,-0.27000000000001023,-0.00224103585657379,-22.410358565737898,0.2400000000000091,-1.125
2005-06-09,-1,601,605,119.52,119.83,119.53,119.81,stop,-0.3100000000000023,-0.0025934911737639276,-25.934911737639275,0.28000000000000114,-1.1071428571428608
2005-06-10,-1,601,959,120.35999999999999,120.22,120.36999999999999,120.21,eod,0.13999999999998636,0.001163080501786046,11.63080501786046,0.29000000000002046,0.4827586206895741
2005-06-13,-1,606,630,119.82999999999998,120.17,119.83999999999999,120.15,stop,-0.3400000000000176,-0.0028371161548733114,-28.371161548733113,0.3100000000000165,-1.0967741935483857
2005-06-14,1,612,959,120.80000000000001,120.82,120.79,120.83,eod,0.01999999999998181,0.00016557662058102333,1.6557662058102331,0.4200000000000159,0.04761904761900251
2005-06-15,-1,600,959,120.91999999999999,121.07000000000001,120.92999999999999,121.06,eod,-0.1500000000000199,-0.0012403870007443969,-12.403870007443969,0.3200000000000074,-0.46875000000005135
2005-06-16,1,604,959,121.23,121.46,121.22,121.47,eod,0.22999999999998977,0.001897376670516332,18.97376670516332,0.3100000000000023,0.7419354838709293
2005-06-17,-1,604,959,121.42999999999999,121.60000000000001,121.44,121.59,eod,-0.17000000000001592,-0.0013998682476944657,-13.998682476944657,0.4700000000000131,-0.36170212765959825
2005-06-20,-1,604,639,121.02,121.23,121.03,121.21000000000001,stop,-0.21000000000000796,-0.0017351069982649587,-17.351069982649587,0.18000000000000682,-1.1666666666666667
2005-06-21,-1,600,640,121.11999999999999,121.67,121.13,121.65,stop,-0.5500000000000114,-0.004540576240402967,-45.405762404029666,0.5200000000000102,-1.0576923076923088
2005-06-22,-1,600,959,121.57,121.37,121.58,121.36,eod,0.19999999999998863,0.001645007402533218,16.450074025332178,0.37000000000000455,0.5405405405405032
2005-06-23,-1,602,682,121.18999999999998,121.44,121.19999999999999,121.42,stop,-0.2500000000000142,-0.00206270627062718,-20.6270627062718,0.22000000000001307,-1.1363636363636334
2005-06-24,1,601,618,119.94000000000001,119.66,119.93,119.67999999999999,stop,-0.28000000000001535,-0.00233469523888948,-23.346952388894803,0.2500000000000142,-1.1199999999999977
2005-06-27,1,620,826,119.26,118.92,119.25,118.94,stop,-0.3400000000000034,-0.0028511530398323136,-28.511530398323135,0.3100000000000023,-1.0967741935483901
2005-06-28,1,600,959,119.73,120.14,119.72,120.15,eod,0.4099999999999966,0.003424657534246547,34.24657534246547,0.35999999999999943,1.1388888888888813
2005-06-29,-1,601,959,120.05999999999999,119.95,120.07,119.94,eod,0.10999999999998522,0.0009161322561837697,9.161322561837697,0.3400000000000176,0.32352941176464567
2005-06-30,-1,614,959,120.13,119.07000000000001,120.14,119.06,eod,1.059999999999988,0.008823039786915166,88.23039786915166,0.18999999999999773,5.578947368421057
2005-07-01,1,601,625,119.55000000000001,119.32,119.54,119.33999999999999,stop,-0.2300000000000182,-0.0019240421616196937,-19.240421616196937,0.20000000000001705,-1.1499999999999928
2005-07-05,1,602,959,119.41000000000001,120.47,119.4,120.48,eod,1.059999999999988,0.008877721943048476,88.77721943048476,0.22000000000001307,4.818181818181477
2005-07-06,1,600,616,120.61000000000001,120.32,120.60000000000001,120.33999999999999,stop,-0.29000000000002046,-0.0024046434494197385,-24.046434494197385,0.2600000000000193,-1.1153846153846112
2005-07-07,1,718,959,118.92000000000002,119.75999999999999,118.91000000000001,119.77,eod,0.839999999999975,0.00706416617609936,70.6416617609936,0.6600000000000108,1.272727272727214
2005-07-08,1,630,959,120.24000000000001,121.21,120.23,121.22,eod,0.9699999999999847,0.008067869915994216,80.67869915994217,0.5200000000000102,1.8653846153845492
2005-07-11,1,629,959,121.65,122.00999999999999,121.64,122.02,eod,0.3599999999999852,0.0029595527786910984,29.595527786910985,0.3400000000000034,1.0588235294117105
2005-07-12,-1,606,659,121.77999999999999,122.11,121.78999999999999,122.09,stop,-0.3300000000000125,-0.002709582067493329,-27.09582067493329,0.30000000000001137,-1.1
2005-07-13,-1,609,930,122.21,122.5,122.22,122.48,stop,-0.29000000000000625,-0.0023727704140075784,-23.727704140075783,0.2600000000000051,-1.1153846153846174
2005-07-14,-1,609,959,122.92999999999999,122.75,122.94,122.74,eod,0.1799999999999926,0.0014641288433381537,14.641288433381538,0.5100000000000051,0.3529411764705702
2005-07-15,-1,600,870,122.49999999999999,122.88,122.50999999999999,122.86,stop,-0.38000000000000966,-0.0031017876091748403,-31.017876091748402,0.3400000000000176,-1.1176470588235
2005-07-18,-1,601,959,122.30999999999999,122.21000000000001,122.32,122.2,eod,0.0999999999999801,0.0008175277959448995,8.175277959448994,0.3200000000000074,0.3124999999999306
2005-07-19,-1,602,625,122.47999999999999,122.91,122.49,122.89,stop,-0.4300000000000068,-0.0035104906522982027,-35.10490652298203,0.4000000000000057,-1.0750000000000017
2005-07-20,-1,601,692,122.49,122.91,122.5,122.89,stop,-0.4200000000000017,-0.0034285714285714427,-34.28571428571443,0.39000000000000057,-1.0769230769230798
2005-07-21,-1,601,782,123.17999999999999,123.63,123.19,123.61,stop,-0.45000000000000284,-0.003652893903725975,-36.528939037259754,0.4200000000000017,-1.0714285714285738
2005-07-22,-1,632,886,122.82,123.24,122.83,123.22,stop,-0.4200000000000017,-0.00341936009118295,-34.1936009118295,0.39000000000000057,-1.0769230769230798
2005-07-25,-1,602,642,123.33999999999999,123.64,123.35,123.62,stop,-0.30000000000001137,-0.0024321037697609352,-24.321037697609352,0.27000000000001023,-1.1111111111111112
2005-07-26,-1,603,610,123.00999999999999,123.36,123.02,123.34,stop,-0.3500000000000085,-0.0028450658429524348,-28.45065842952435,0.3200000000000074,-1.0937500000000013
2005-07-27,-1,602,853,123.27,123.55,123.28,123.53,stop,-0.28000000000000114,-0.0022712524334847595,-22.712524334847593,0.25,-1.1200000000000045
2005-07-28,-1,606,701,123.91,124.24,123.92,124.22,stop,-0.3299999999999983,-0.002663008392511284,-26.63008392511284,0.29999999999999716,-1.1000000000000048
2005-07-29,1,600,611,124.54,124.3,124.53,124.32,stop,-0.2400000000000091,-0.001927246446639437,-19.27246446639437,0.21000000000000796,-1.1428571428571428
2005-08-01,-1,610,865,123.71,123.98,123.72,123.96000000000001,stop,-0.27000000000001023,-0.0021823472356935843,-21.82347235693584,0.2400000000000091,-1.125
2005-08-02,1,604,959,124.05000000000001,124.44999999999999,124.04,124.46,eod,0.39999999999997726,0.003224766204449994,32.24766204449994,0.3100000000000165,1.2903225806450194
2005-08-03,-1,600,641,124.13999999999999,124.38,124.14999999999999,124.36,stop,-0.2400000000000091,-0.0019331453886428443,-19.33145388642844,0.21000000000000796,-1.1428571428571428
2005-08-04,-1,600,662,123.99,124.32000000000001,124.0,124.30000000000001,stop,-0.3300000000000125,-0.002661290322580746,-26.61290322580746,0.30000000000001137,-1.1
2005-08-05,-1,600,959,123.24,122.79,123.25,122.78,eod,0.44999999999998863,0.003651115618661165,36.51115618661165,0.30000000000001137,1.4999999999999052
2005-08-08,1,602,615,123.34,123.06,123.33,123.08,stop,-0.28000000000000114,-0.0022703316305846197,-22.703316305846197,0.25,-1.1200000000000045
2005-08-09,1,601,915,123.20000000000002,122.98,123.19000000000001,123.0,stop,-0.22000000000001307,-0.0017858592418216824,-17.858592418216823,0.19000000000001194,-1.1578947368421013
2005-08-10,1,600,756,124.27000000000001,123.78999999999999,124.26,123.80999999999999,stop,-0.4800000000000182,-0.003862868179623517,-38.62868179623517,0.45000000000001705,-1.0666666666666667
2005-08-11,1,601,738,123.53000000000002,123.21,123.52000000000001,123.22999999999999,stop,-0.3200000000000216,-0.0025906735751297085,-25.906735751297084,0.29000000000002046,-1.1034482758620656
2005-08-12,-1,690,930,123.22999999999999,123.7,123.24,123.68,stop,-0.4700000000000131,-0.0038136968516716413,-38.136968516716415,0.44000000000001194,-1.068181818181819
2005-08-15,-1,609,735,122.97999999999999,123.36,122.99,123.34,stop,-0.38000000000000966,-0.0030896820879747107,-30.896820879747107,0.3500000000000085,-1.085714285714287
2005-08-16,-1,639,959,123.13999999999999,122.12,123.14999999999999,122.11,eod,1.0199999999999818,0.008282582216808623,82.82582216808623,0.38000000000000966,2.6842105263156735
2005-08-17,-1,632,641,122.07999999999998,122.47,122.08999999999999,122.45,stop,-0.3900000000000148,-0.003194364812843106,-31.94364812843106,0.36000000000001364,-1.0833333333333333
2005-08-18,1,607,959,122.13000000000001,122.1,122.12,122.11,eod,-0.030000000000015348,-0.00024566000655105915,-2.4566000655105915,0.29000000000000625,-0.10344827586211966
2005-08-19,1,602,796,122.66000000000001,122.37,122.65,122.39,stop,-0.29000000000000625,-0.0023644516918060027,-23.644516918060027,0.2600000000000051,-1.1153846153846174
2005-08-22,1,600,724,123.08000000000001,122.48,123.07000000000001,122.5,stop,-0.6000000000000085,-0.004875274234175741,-48.75274234175741,0.5700000000000074,-1.0526315789473697
2005-08-23,-1,600,959,122.13,122.08,122.14,122.07,eod,0.04999999999999716,0.0004093663009660812,4.093663009660812,0.480000000000004,0.10416666666665989
2005-08-24,1,601,901,122.05000000000001,121.74,122.04,121.75999999999999,stop,-0.3100000000000165,-0.0025401507702394006,-25.401507702394007,0.28000000000001535,-1.1071428571428554
2005-08-25,1,631,959,121.51,121.50999999999999,121.5,121.52,eod,-1.4210854715202004e-14,-1.1696176720330868e-16,-1.1696176720330868e-12,0.30000000000001137,-4.7369515717338216e-14
2005-08-26,-1,600,959,121.02999999999999,120.83,121.03999999999999,120.82,eod,0.19999999999998863,0.0016523463317910496,16.523463317910494,0.46000000000000796,0.4347826086956199
2005-08-29,1,600,959,120.71000000000001,121.58999999999999,120.7,121.6,eod,0.8799999999999812,0.007290803645401667,72.90803645401667,0.3300000000000125,2.666666666666509
2005-08-30,1,605,611,121.30000000000001,120.92999999999999,121.29,120.94999999999999,stop,-0.37000000000001876,-0.003050540028032144,-30.50540028032144,0.3400000000000176,-1.0882352941176459
2005-08-31,-1,600,672,120.99,121.49,121.0,121.47,stop,-0.5,-0.004132231404958678,-41.32231404958678,0.46999999999999886,-1.0638297872340452
2005-09-01,-1,603,684,122.35,122.81,122.36,122.79,stop,-0.46000000000000796,-0.0037593984962406663,-37.593984962406665,0.4300000000000068,-1.0697674418604666
2005-09-02,-1,628,959,122.42999999999999,122.14,122.44,122.13,eod,0.28999999999999204,0.0023685070238483505,23.685070238483505,0.45000000000000284,0.6444444444444227
2005-09-06,1,604,959,123.00000000000001,123.74,122.99000000000001,123.75,eod,0.7399999999999807,0.0060167493292136,60.167493292136,0.3500000000000085,2.1142857142856077
2005-09-07,-1,609,640,123.47999999999999,123.75,123.49,123.73,stop,-0.27000000000001023,-0.0021864118552110314,-21.864118552110313,0.2400000000000091,-1.125
2005-09-08,1,609,900,123.72000000000001,123.42999999999999,123.71000000000001,123.44999999999999,stop,-0.29000000000002046,-0.002344192062080838,-23.44192062080838,0.2600000000000193,-1.1153846153846112
2005-09-09,1,615,959,124.03000000000002,124.47,124.02000000000001,124.48,eod,0.4399999999999835,0.0035478148685694523,35.47814868569452,0.2300000000000182,1.9130434782606467
2005-09-12,-1,633,959,124.35,124.43,124.36,124.42,eod,-0.0800000000000125,-0.0006432936635575146,-6.432936635575146,0.3200000000000074,-0.2500000000000333
2005-09-13,-1,646,855,123.85999999999999,124.19,123.86999999999999,124.17,stop,-0.3300000000000125,-0.002664083313150985,-26.64083313150985,0.30000000000001137,-1.1
2005-09-14,-1,600,959,123.55999999999999,123.19000000000001,123.57,123.18,eod,0.3699999999999761,0.0029942542688352848,29.942542688352848,0.36000000000001364,1.0277777777776724
2005-09-15,-1,601,959,123.41,123.22,123.42,123.21,eod,0.18999999999999773,0.0015394587587100772,15.394587587100773,0.2400000000000091,0.7916666666666272
2005-09-16,1,611,731,123.33000000000001,122.87,123.32000000000001,122.89,stop,-0.46000000000000796,-0.0037301329873500482,-37.301329873500485,0.4300000000000068,-1.0697674418604666
2005-09-19,-1,606,959,123.28999999999999,122.97,123.3,122.96,eod,0.3199999999999932,0.002595296025952905,25.952960259529053,0.2600000000000051,1.2307692307691802
2005-09-20,1,612,815,123.41000000000001,123.15,123.4,123.17,stop,-0.2600000000000051,-0.0021069692058347253,-21.069692058347254,0.23000000000000398,-1.1304347826086982
2005-09-21,-1,610,959,121.46999999999998,120.89150000000001,121.47999999999999,120.8815,eod,0.5784999999999769,0.004762100757326119,47.621007573261195,0.4000000000000199,1.4462499999998704
2005-09-22,1,601,728,121.08000000000001,120.55,121.07000000000001,120.57,stop,-0.5300000000000153,-0.004377632774428143,-43.77632774428143,0.5000000000000142,-1.0600000000000005
2005-09-23,1,661,959,121.37,121.55,121.36,121.56,eod,0.1799999999999926,0.0014831905075806907,14.831905075806906,0.46999999999999886,0.3829787234042405
2005-09-26,-1,603,625,121.69999999999999,122.2,121.71,122.18,stop,-0.5000000000000142,-0.004108125872976865,-41.08125872976865,0.4700000000000131,-1.0638297872340432
2005-09-27,-1,603,888,121.36999999999999,121.69,121.38,121.67,stop,-0.3200000000000074,-0.002636348657109964,-26.36348657109964,0.29000000000000625,-1.1034482758620707
2005-09-28,-1,614,630,121.82999999999998,122.05,121.83999999999999,122.03,stop,-0.22000000000001307,-0.0018056467498359578,-18.056467498359577,0.19000000000001194,-1.1578947368421013
2005-09-29,1,626,668,121.64000000000001,121.14,121.63000000000001,121.16,stop,-0.5000000000000142,-0.004110827920743354,-41.10827920743354,0.4700000000000131,-1.0638297872340432
2005-09-30,1,600,959,122.78000000000002,122.79899999999999,122.77000000000001,122.809,eod,0.018999999999977035,0.00015476093508167332,1.5476093508167332,0.3300000000000125,0.0575757575756858
2005-10-03,-1,612,959,122.82999999999998,122.69000000000001,122.83999999999999,122.68,eod,0.13999999999997215,0.0011396939107780216,11.396939107780216,0.5100000000000193,0.2745098039215036
2005-10-04,-1,605,615,122.47999999999999,122.92,122.49,122.9,stop,-0.44000000000001194,-0.00359212996979355,-35.9212996979355,0.4100000000000108,-1.073170731707318
2005-10-05,-1,605,959,121.07,119.65,121.08,119.64,eod,1.4199999999999875,0.011727783283779216,117.27783283779216,0.2400000000000091,5.916666666666391
2005-10-06,1,603,752,120.04,119.47,120.03,119.49,stop,-0.5700000000000074,-0.004748812796800861,-47.48812796800861,0.5400000000000063,-1.055555555555557
2005-10-07,-1,608,959,119.57,119.67,119.58,119.66,eod,-0.10000000000000853,-0.0008362602441880626,-8.362602441880625,0.480000000000004,-0.20833333333334936
2005-10-10,-1,601,959,119.14999999999999,118.78,119.16,118.77,eod,0.36999999999999034,0.0031050688150385227,31.050688150385227,0.5600000000000023,0.6607142857142658
2005-10-11,-1,652,959,118.92999999999999,118.55000000000001,118.94,118.54,eod,0.37999999999998124,0.0031948881789135805,31.948881789135804,0.46000000000000796,0.8260869565216841
2005-10-12,-1,633,959,118.35,117.86,118.36,117.85,eod,0.4899999999999949,0.004139912132477145,41.39912132477145,0.7800000000000011,0.6282051282051208
2005-10-13,1,638,709,117.82000000000001,117.27,117.81,117.28999999999999,stop,-0.5500000000000114,-0.004668534080298882,-46.685340802988826,0.5200000000000102,-1.0576923076923088
2005-10-14,-1,614,679,117.78999999999999,118.36,117.8,118.34,stop,-0.5700000000000074,-0.0048387096774194175,-48.38709677419418,0.5400000000000063,-1.055555555555557
2005-10-17,1,601,762,119.03000000000002,118.71,119.02000000000001,118.72999999999999,stop,-0.3200000000000216,-0.0026886237607126667,-26.886237607126667,0.29000000000002046,-1.1034482758620656
2005-10-18,-1,600,959,118.6,117.91000000000001,118.61,117.9,eod,0.6899999999999835,0.005817384706179779,58.17384706179779,0.35999999999999943,1.9166666666666239
2005-10-19,1,638,959,117.77000000000001,119.61999999999999,117.76,119.63,eod,1.84999999999998,0.015709918478260698,157.09918478260698,0.6500000000000057,2.8461538461537907
2005-10-20,-1,604,959,119.43999999999998,117.73,119.44999999999999,117.72,eod,1.7099999999999795,0.014315613227291584,143.15613227291584,0.37000000000001876,4.621621621621332
2005-10-21,-1,644,811,118.07999999999998,118.69,118.08999999999999,118.67,stop,-0.6100000000000136,-0.005165551697857682,-51.65551697857682,0.5800000000000125,-1.0517241379310354
2005-10-24,1,600,959,119.03000000000002,120.03,119.02000000000001,120.04,eod,0.9999999999999858,0.008401949252226397,84.01949252226396,0.6200000000000188,1.6129032258063798
2005-10-25,1,625,686,120.05000000000001,119.6,120.04,119.61999999999999,stop,-0.45000000000001705,-0.003748750416527966,-37.48750416527966,0.4200000000000159,-1.0714285714285714
2005-10-26,1,608,940,120.01,119.32,120.0,119.33999999999999,stop,-0.6900000000000119,-0.0057500000000001,-57.500000000000995,0.6600000000000108,-1.0454545454545465
2005-10-27,-1,626,959,118.91,117.99000000000001,118.92,117.98,eod,0.9199999999999875,0.0077362933064243815,77.36293306424382,0.46000000000000796,1.9999999999999383
2005-10-28,-1,633,708,118.38999999999999,118.9,118.39999999999999,118.88000000000001,stop,-0.5100000000000193,-0.004307432432432596,-43.07432432432596,0.4800000000000182,-1.0625
2005-10-31,1,600,959,120.96000000000001,120.69999999999999,120.95,120.71,eod,-0.2600000000000193,-0.002149648615130379,-21.49648615130379,0.7600000000000051,-0.34210526315791784
2005-11-01,-1,600,861,120.33999999999999,120.72,120.35,120.7,stop,-0.38000000000000966,-0.0031574574158704585,-31.574574158704586,0.3500000000000085,-1.085714285714287
2005-11-02,1,631,959,120.79,121.61,120.78,121.62,eod,0.8199999999999932,0.0067892035105149295,67.89203510514929,0.6600000000000108,1.2424242424242118
2005-11-03,-1,616,731,122.08999999999999,122.58,122.1,122.56,stop,-0.4900000000000091,-0.004013104013104088,-40.13104013104088,0.46000000000000796,-1.0652173913043492
2005-11-04,-1,612,959,122.13,122.12,122.14,122.11,eod,0.009999999999990905,8.187326019314643e-05,0.8187326019314642,0.3299999999999983,0.0303030303030029
2005-11-07,-1,600,859,122.14999999999999,122.56,122.16,122.54,stop,-0.4100000000000108,-0.003356254092992885,-33.56254092992885,0.38000000000000966,-1.0789473684210535
2005-11-08,1,630,959,122.05000000000001,122.05999999999999,122.04,122.07,eod,0.009999999999976694,8.194034742688212e-05,0.8194034742688212,0.2600000000000051,0.038461538461448064
2005-11-09,1,634,959,122.20000000000002,122.24,122.19000000000001,122.25,eod,0.03999999999997783,0.00032735903101708673,3.273590310170867,0.3400000000000176,0.1176470588234581
2005-11-10,-1,607,785,122.21,122.61,122.22,122.59,stop,-0.4000000000000057,-0.0032727867779414636,-32.72786777941464,0.37000000000000455,-1.0810810810810831
2005-11-11,1,603,959,123.51,123.64,123.5,123.65,eod,0.12999999999999545,0.0010526315789473315,10.526315789473315,0.23000000000000398,0.5652173913043183
2005-11-14,1,614,700,123.92000000000002,123.6,123.91000000000001,123.61999999999999,stop,-0.3200000000000216,-0.0025825195706562954,-25.825195706562955,0.29000000000002046,-1.1034482758620656
2005-11-15,1,646,850,123.67000000000002,123.27,123.66000000000001,123.28999999999999,stop,-0.4000000000000199,-0.003234675723758854,-32.34675723758854,0.37000000000001876,-1.08108108108108
2005-11-16,-1,601,959,123.24,123.48,123.25,123.47,eod,-0.2400000000000091,-0.0019472616632860778,-19.472616632860777,0.3100000000000023,-0.7741935483871204
2005-11-17,-1,603,617,123.66,123.93,123.67,123.91000000000001,stop,-0.27000000000001023,-0.0021832295625455666,-21.832295625455668,0.2400000000000091,-1.125
2005-11-18,-1,638,959,124.88999999999999,125.10000000000001,124.89999999999999,125.09,eod,-0.21000000000002217,-0.0016813450760610263,-16.813450760610262,0.6600000000000108,-0.31818181818184654
2005-11-21,1,613,959,125.22000000000001,125.75999999999999,125.21000000000001,125.77,eod,0.5399999999999778,0.0043127545723183275,43.127545723183275,0.2400000000000091,2.2499999999998224
2005-11-22,1,620,959,125.62,126.36,125.61,126.37,eod,0.7399999999999949,0.005891250696600549,58.91250696600549,0.20000000000000284,3.699999999999922
2005-11-23,1,608,959,126.53000000000002,126.86999999999999,126.52000000000001,126.88,eod,0.339999999999975,0.002687322162503754,26.87322162503754,0.3200000000000216,1.0624999999998501
2005-11-25,-1,627,797,126.93999999999998,127.14,126.94999999999999,127.13,eod,-0.20000000000001705,-0.0015754233950375507,-15.754233950375507,0.28000000000001535,-0.7142857142857361
2005-11-28,-1,625,959,126.57999999999998,126.16000000000001,126.58999999999999,126.15,eod,0.4199999999999733,0.003317797614345314,33.177976143453144,0.6900000000000119,0.6086956521738638
2005-11-29,1,600,644,126.83000000000001,126.55,126.82000000000001,126.57,stop,-0.28000000000001535,-0.0022078536508438364,-22.078536508438365,0.2500000000000142,-1.1199999999999977
2005-11-30,-1,607,624,126.07,126.47,126.08,126.45,stop,-0.4000000000000057,-0.0031725888324873547,-31.725888324873548,0.37000000000000455,-1.0810810810810831
2005-12-01,1,601,959,126.47000000000001,126.89,126.46000000000001,126.9,eod,0.4199999999999875,0.0033212082872053415,33.212082872053415,0.4900000000000091,0.8571428571428157
2005-12-02,1,601,762,126.80000000000001,126.58,126.79,126.6,stop,-0.22000000000001307,-0.0017351526145596109,-17.351526145596107,0.19000000000001194,-1.1578947368421013
2005-12-05,-1,605,959,126.52,126.64,126.53,126.63,eod,-0.12000000000000455,-0.0009483916857662574,-9.483916857662575,0.21000000000000796,-0.5714285714285714
2005-12-06,-1,602,621,126.85999999999999,127.2,126.86999999999999,127.18,stop,-0.3400000000000176,-0.002679908567825472,-26.79908567825472,0.3100000000000165,-1.0967741935483857
2005-12-07,-1,657,959,126.46,126.16000000000001,126.47,126.15,eod,0.29999999999998295,0.0023721040562978014,23.721040562978015,0.4100000000000108,0.7317073170731099
2005-12-08,1,658,850,126.31000000000002,125.83,126.30000000000001,125.85,stop,-0.4800000000000182,-0.0038004750593825663,-38.00475059382566,0.45000000000001705,-1.0666666666666667
2005-12-09,-1,603,670,126.08999999999999,126.36,126.1,126.34,stop,-0.27000000000001023,-0.0021411578112609853,-21.411578112609853,0.2400000000000091,-1.125
2005-12-12,-1,602,959,126.61999999999999,126.51,126.63,126.5,eod,0.10999999999998522,0.0008686725104634386,8.686725104634386,0.2400000000000091,0.4583333333332544
2005-12-13,1,602,959,126.50000000000001,127.17,126.49000000000001,127.18,eod,0.6699999999999875,0.005296861411969226,52.96861411969226,0.21000000000000796,3.19047619047601
2005-12-15,-1,600,959,127.69999999999999,127.54,127.71,127.53,eod,0.15999999999998238,0.0012528384621406498,12.528384621406499,0.29999999999999716,0.5333333333332797
2005-12-16,1,675,706,127.36000000000001,127.0,127.35000000000001,127.02,stop,-0.36000000000001364,-0.0028268551236750187,-28.268551236750188,0.3300000000000125,-1.0909090909090908
2005-12-19,1,617,653,126.79,126.49,126.78,126.50999999999999,stop,-0.30000000000001137,-0.0023663038334123,-23.663038334122998,0.27000000000001023,-1.1111111111111112
2005-12-20,-1,614,741,125.68999999999998,126.02,125.69999999999999,126.0,stop,-0.3300000000000125,-0.0026252983293557084,-26.252983293557083,0.30000000000001137,-1.1
2005-12-21,1,601,813,126.43,126.13,126.42,126.14999999999999,stop,-0.30000000000001137,-0.0023730422401519644,-23.730422401519643,0.27000000000001023,-1.1111111111111112
2005-12-22,-1,614,685,126.13999999999999,126.46000000000001,126.14999999999999,126.44000000000001,stop,-0.3200000000000216,-0.0025366627031313646,-25.366627031313648,0.29000000000002046,-1.1034482758620656
2005-12-23,-1,631,959,126.57999999999998,126.76,126.58999999999999,126.75,eod,-0.18000000000002103,-0.0014219132632911056,-14.219132632911057,0.28000000000001535,-0.6428571428571828
2005-12-27,-1,618,959,126.88,125.54,126.89,125.53,eod,1.3399999999999892,0.01056032784301355,105.60327843013549,0.1700000000000017,7.882352941176328
2005-12-28,1,601,638,125.87,125.6,125.86,125.61999999999999,stop,-0.27000000000001023,-0.0021452407436835393,-21.452407436835394,0.2400000000000091,-1.125
2005-12-29,-1,604,959,125.68999999999998,125.32000000000001,125.69999999999999,125.31,eod,0.3699999999999761,0.00294351630867125,29.435163086712503,0.27000000000001023,1.37037037037023
2005-12-30,-1,607,943,124.64999999999999,125.03,124.66,125.01,stop,-0.38000000000000966,-0.00304829135247882,-30.4829135247882,0.3500000000000085,-1.085714285714287
2006-01-03,-1,604,844,124.96,125.33,124.97,125.31,stop,-0.37000000000000455,-0.0029607105705369654,-29.607105705369655,0.3400000000000034,-1.0882352941176494
2006-01-04,1,601,959,127.04,127.25,127.03,127.26,eod,0.20999999999999375,0.001653152798551474,16.53152798551474,0.3400000000000034,0.6176470588235048
2006-01-05,1,607,636,127.51,127.12,127.5,127.14,stop,-0.39000000000000057,-0.003058823529411769,-30.58823529411769,0.35999999999999943,-1.0833333333333366
2006-01-06,-1,600,754,127.74999999999999,128.16,127.75999999999999,128.14,stop,-0.4100000000000108,-0.003209142141515426,-32.09142141515426,0.37999999999999545,-1.078947368421094
2006-01-09,-1,607,618,128.37,128.63,128.38,128.60999999999999,stop,-0.2599999999999909,-0.0020252375759463384,-20.252375759463384,0.22999999999998977,-1.1304347826087064
2006-01-10,1,603,959,128.55999999999997,128.87,128.54999999999998,128.88,eod,0.3100000000000307,0.0024115130299496752,24.11513029949675,0.29999999999998295,1.0333333333334944
2006-01-11,1,621,655,129.04999999999998,128.73,129.04,128.75,stop,-0.3199999999999932,-0.0024798512089274118,-24.79851208927412,0.28999999999999204,-1.1034482758620758
2006-01-12,1,610,634,129.21999999999997,129.02,129.20999999999998,129.04000000000002,stop,-0.1999999999999602,-0.00154786781208854,-15.4786781208854,0.16999999999995907,-1.1764705882353432
2006-01-13,-1,614,688,128.55,128.84,128.56,128.82,stop,-0.28999999999999204,-0.002255756067205912,-22.55756067205912,0.2599999999999909,-1.1153846153846239
2006-01-17,-1,617,841,128.04000000000002,128.38,128.05,128.35999999999999,stop,-0.339999999999975,-0.002655212807496876,-26.55212807496876,0.30999999999997385,-1.096774193548399
2006-01-18,1,605,694,127.92000000000002,127.5,127.91000000000001,127.52,stop,-0.4200000000000159,-0.003283558752247798,-32.83558752247798,0.3900000000000148,-1.0769230769230769
2006-01-19,-1,602,724,127.94999999999999,128.23,127.96,128.20999999999998,stop,-0.28000000000000114,-0.002188183807439834,-21.88183807439834,0.2499999999999858,-1.1200000000000683
2006-01-20,-1,600,959,128.03000000000003,126.14,128.04000000000002,126.13,eod,1.890000000000029,0.01476101218369282,147.6101218369282,0.2799999999999727,6.750000000000761
2006-01-23,-1,600,624,126.16,126.47,126.17,126.45,stop,-0.3100000000000023,-0.002457002457002475,-24.570024570024753,0.28000000000000114,-1.1071428571428608
2006-01-24,1,620,661,127.07000000000001,126.58,127.06,126.6,stop,-0.4900000000000091,-0.0038564457736503157,-38.56445773650316,0.46000000000000796,-1.0652173913043492
2006-01-25,1,602,610,127.13000000000001,126.82,127.12,126.83999999999999,stop,-0.3100000000000165,-0.0024386406544998148,-24.38640654499815,0.28000000000001535,-1.1071428571428554
2006-01-26,-1,617,702,126.96999999999998,127.34,126.97999999999999,127.32000000000001,stop,-0.37000000000001876,-0.0029138446999528965,-29.138446999528966,0.3400000000000176,-1.0882352941176459
2006-01-27,1,600,959,127.95000000000002,128.29000000000002,127.94000000000001,128.3,eod,0.3400000000000034,0.0026574957011099216,26.574957011099215,0.5000000000000142,0.6799999999999875
2006-01-30,-1,632,755,128.4,128.71,128.41,128.69,stop,-0.3100000000000023,-0.0024141422007631984,-24.141422007631984,0.28000000000000114,-1.1071428571428608
2006-01-31,-1,601,856,128.06000000000003,128.39000000000001,128.07000000000002,128.37,stop,-0.3299999999999841,-0.00257671585851475,-25.7671585851475,0.29999999999998295,-1.1000000000000094
2006-02-01,-1,600,611,127.79999999999998,128.05,127.80999999999999,128.03,stop,-0.2500000000000284,-0.001956028479774888,-19.56028479774888,0.22000000000001307,-1.136363636363698
2006-02-02,-1,621,959,127.86999999999999,127.13000000000001,127.88,127.12,eod,0.7399999999999807,0.0057866750078196805,57.8667500781968,0.2699999999999818,2.7407407407408537
2006-02-03,-1,600,658,126.17999999999999,126.69,126.19,126.67,stop,-0.5100000000000051,-0.004041524684998852,-40.41524684998852,0.480000000000004,-1.0625000000000018
2006-02-06,-1,629,726,126.38999999999999,126.77,126.39999999999999,126.75,stop,-0.38000000000000966,-0.0030063291139241274,-30.063291139241272,0.3500000000000085,-1.085714285714287
2006-02-07,-1,622,959,126.16,125.58,126.17,125.57,eod,0.5799999999999983,0.004596972338907809,45.96972338907809,0.5,1.1599999999999966
2006-02-08,-1,600,628,125.60999999999999,125.99,125.61999999999999,125.97,stop,-0.38000000000000966,-0.0030249960197421565,-30.249960197421565,0.3500000000000085,-1.085714285714287
2006-02-09,1,603,901,127.26,126.78,127.25,126.8,stop,-0.480000000000004,-0.0037721021611002276,-37.72102161100228,0.45000000000000284,-1.0666666666666689
2006-02-10,-1,607,850,126.25999999999999,126.63,126.27,126.61,stop,-0.37000000000000455,-0.0029302288746337573,-29.302288746337574,0.3400000000000034,-1.0882352941176494
2006-02-13,1,612,760,126.73,126.39,126.72,126.41,stop,-0.3400000000000034,-0.002683080808080835,-26.83080808080835,0.3100000000000023,-1.0967741935483901
2006-02-14,1,600,959,126.74000000000001,127.69999999999999,126.73,127.71,eod,0.9599999999999795,0.007575159788526627,75.75159788526628,0.5500000000000114,1.745454545454472
2006-02-15,-1,603,607,127.47999999999999,127.73,127.49,127.71000000000001,stop,-0.2500000000000142,-0.001960938112793272,-19.609381127932718,0.22000000000001307,-1.1363636363636334
2006-02-16,-1,600,690,128.21,128.51,128.22,128.48999999999998,stop,-0.29999999999998295,-0.002339728591483255,-23.397285914832548,0.2699999999999818,-1.1111111111111227
2006-02-17,-1,607,959,128.78000000000003,128.89,128.79000000000002,128.88,eod,-0.1099999999999568,-0.0008541035794701202,-8.541035794701202,0.37999999999996703,-0.28947368421043773
2006-02-21,-1,600,959,129.04000000000002,128.54,129.05,128.53,eod,0.5000000000000284,0.0038744672607518666,38.744672607518666,0.3599999999999852,1.388888888889025
2006-02-22,-1,600,606,128.65,128.99,128.66,128.97,stop,-0.3400000000000034,-0.0026426239701539205,-26.426239701539206,0.3100000000000023,-1.0967741935483901
2006-02-23,-1,600,674,128.78000000000003,129.3,128.79000000000002,129.28,stop,-0.5199999999999818,-0.004037580557496558,-40.37580557496558,0.4899999999999807,-1.061224489795923
2006-02-24,1,602,639,129.24999999999997,128.87,129.23999999999998,128.89000000000001,stop,-0.37999999999996703,-0.0029402661714636883,-29.40266171463688,0.3499999999999659,-1.0857142857142974
2006-02-27,1,600,959,129.73,129.67000000000002,129.72,129.68,eod,-0.05999999999997385,-0.00046253469010155605,-4.62534690101556,0.44999999999998863,-0.1333333333332786
2006-02-28,-1,601,959,129.09000000000003,128.26,129.10000000000002,128.25,eod,0.8300000000000409,0.006429124709527814,64.29124709527814,0.21999999999997044,3.7727272727279657
2006-03-01,1,601,613,128.85,128.57,128.84,128.59,stop,-0.28000000000000114,-0.0021732381248059695,-21.732381248059696,0.25,-1.1200000000000045
2006-03-02,-1,600,643,128.67000000000002,129.08,128.68,129.06,stop,-0.4099999999999966,-0.003186198321417443,-31.86198321417443,0.37999999999999545,-1.0789473684210567
2006-03-03,1,600,959,128.98999999999998,128.99,128.98,129.0,eod,2.842170943040401e-14,2.203574928702435e-16,2.203574928702435e-12,0.3299999999999841,8.612639221334963e-14
2006-03-07,1,607,768,127.95000000000002,127.6,127.94000000000001,127.61999999999999,stop,-0.35000000000002274,-0.0027356573393780108,-27.356573393780106,0.3200000000000216,-1.0937499999999973
2006-03-08,1,600,704,128.01999999999998,127.46,128.01,127.47999999999999,stop,-0.5599999999999881,-0.004374658229825702,-43.74658229825702,0.5300000000000011,-1.0566037735848808
2006-03-09,1,600,726,128.65999999999997,128.24,128.64999999999998,128.26000000000002,stop,-0.4199999999999591,-0.0032646715895838256,-32.646715895838256,0.38999999999995794,-1.0769230769230882
2006-03-10,1,611,959,127.93,128.51000000000002,127.92,128.52,eod,0.5800000000000125,0.004534083802376583,45.34083802376583,0.4900000000000091,1.1836734693877586
2006-03-13,1,606,669,129.05999999999997,128.8,129.04999999999998,128.82000000000002,stop,-0.2599999999999625,-0.002014722975590566,-20.14722975590566,0.22999999999996135,-1.1304347826087224
2006-03-14,1,600,959,129.24999999999997,130.11,129.23999999999998,130.12,eod,0.8600000000000421,0.0066542865985766185,66.54286598576618,0.6399999999999579,1.343750000000154
2006-03-15,-1,651,834,129.96,130.28,129.97,130.26,stop,-0.3199999999999932,-0.0024621066399937923,-24.621066399937924,0.28999999999999204,-1.1034482758620758
2006-03-16,1,602,645,131.07,130.85999999999999,131.06,130.88,stop,-0.21000000000000796,-0.0016023195482985498,-16.0231954829855,0.18000000000000682,-1.1666666666666667
2006-03-17,1,626,637,130.74999999999997,130.41,130.73999999999998,130.43,stop,-0.339999999999975,-0.002600581306409477,-26.00581306409477,0.30999999999997385,-1.096774193548399
2006-03-20,-1,628,959,130.57000000000002,130.39999999999998,130.58,130.39,eod,0.17000000000004434,0.001301883902588791,13.01883902588791,0.3299999999999841,0.5151515151516743
2006-03-21,-1,616,693,130.06000000000003,130.51,130.07000000000002,130.48999999999998,stop,-0.4499999999999602,-0.0034596755593139087,-34.596755593139086,0.4199999999999591,-1.0714285714285812
2006-03-22,1,600,959,129.77999999999997,130.41,129.76999999999998,130.42,eod,0.6300000000000239,0.004854743006858472,48.54743006858472,0.3299999999999841,1.9090909090910735
2006-03-23,1,601,607,130.35999999999999,130.13,130.35,130.15,stop,-0.22999999999998977,-0.0017644802454928252,-17.644802454928254,0.19999999999998863,-1.1500000000000141
2006-03-24,1,607,959,130.11999999999998,130.13,130.10999999999999,130.14,eod,0.010000000000019327,7.685804319436882e-05,0.7685804319436882,0.37999999999996703,0.026315789473737354
2006-03-27,-1,621,876,129.89000000000001,130.23,129.9,130.20999999999998,stop,-0.339999999999975,-0.0026173979984601614,-26.173979984601615,0.30999999999997385,-1.096774193548399
2006-03-29,-1,604,621,129.29000000000002,129.63,129.3,129.60999999999999,stop,-0.339999999999975,-0.002629543696828886,-26.29543696828886,0.30999999999997385,-1.096774193548399
2006-03-30,1,601,670,130.76,130.01,130.75,130.03,stop,-0.75,-0.0057361376673040155,-57.361376673040155,0.7199999999999989,-1.0416666666666683
2006-03-31,-1,605,959,129.92000000000002,129.4996,129.93,129.4896,eod,0.4204000000000292,0.0032355883937507054,32.35588393750705,0.3199999999999932,1.3137500000001192
2006-04-03,1,604,941,130.18999999999997,129.85999999999999,130.17999999999998,129.88,stop,-0.3299999999999841,-0.0025349516054692283,-25.349516054692284,0.29999999999998295,-1.1000000000000094
2006-04-04,1,600,959,129.77999999999997,130.52,129.76999999999998,130.53,eod,0.7400000000000375,0.005702396547738596,57.02396547738596,0.4199999999999591,1.761904761905023
2006-04-05,1,607,634,130.92,130.57,130.91,130.59,stop,-0.3499999999999943,-0.0026735925444961754,-26.735925444961754,0.3199999999999932,-1.0937500000000056
2006-04-06,-1,625,836,130.73000000000002,131.04,130.74,131.01999999999998,stop,-0.30999999999997385,-0.002371118249961556,-23.71118249961556,0.2799999999999727,-1.1071428571428716
2006-04-07,-1,600,959,130.83,129.48,130.84,129.47,eod,1.3500000000000227,0.01031794558239088,103.17945582390881,0.5699999999999932,2.368421052631647
2006-04-10,1,606,823,129.79,129.5,129.78,129.52,stop,-0.28999999999999204,-0.002234550778240037,-22.34550778240037,0.2599999999999909,-1.1153846153846239
2006-04-11,-1,600,959,129.65,128.66,129.66,128.65,eod,0.9900000000000091,0.007635354002776562,76.35354002776562,0.4099999999999966,2.4146341463415055
2006-04-12,1,607,632,129.04999999999998,128.7,129.04,128.72,stop,-0.3499999999999943,-0.00271233725976437,-27.1233725976437,0.3199999999999932,-1.0937500000000056
2006-04-13,1,604,959,128.61999999999998,128.85000000000002,128.60999999999999,128.86,eod,0.2300000000000466,0.0017883523831742994,17.883523831742995,0.30999999999997385,0.7419354838711807
2006-04-17,1,609,753,129.17999999999998,128.76,129.17,128.78,stop,-0.4199999999999875,-0.003251528992800089,-32.51528992800089,0.38999999999998636,-1.0769230769230824
2006-04-18,1,600,959,129.30999999999997,130.72,129.29999999999998,130.73,eod,1.410000000000025,0.010904872389791377,109.04872389791377,0.37999999999996703,3.7105263157898616
2006-04-19,1,604,613,130.92999999999998,130.59,130.92,130.61,stop,-0.339999999999975,-0.0025970058050716087,-25.970058050716087,0.30999999999997385,-1.096774193548399
2006-04-20,1,600,677,131.07999999999998,130.83,131.07,130.85000000000002,stop,-0.24999999999997158,-0.001907377737086836,-19.07377737086836,0.21999999999997044,-1.1363636363636598
2006-04-21,1,611,626,131.76,131.38,131.75,131.4,stop,-0.37999999999999545,-0.002884250474383267,-28.84250474383267,0.3499999999999943,-1.0857142857142903
2006-04-24,-1,600,930,130.42000000000002,130.98,130.43,130.95999999999998,stop,-0.5599999999999739,-0.004293490761327715,-42.93490761327715,0.5299999999999727,-1.0566037735849108
2006-04-25,-1,601,959,130.86,130.23,130.87,130.22,eod,0.6300000000000239,0.004813937495224451,48.13937495224451,0.2599999999999909,2.4230769230770997
2006-04-26,1,607,914,131.01999999999998,130.43,131.01,130.45000000000002,stop,-0.589999999999975,-0.004503473017326731,-45.03473017326731,0.5599999999999739,-1.053571428571433
2006-04-27,1,600,959,129.95,131.0,129.94,131.01,eod,1.0500000000000114,0.008080652608896502,80.80652608896501,0.3599999999999852,2.916666666666818
2006-04-28,1,601,959,131.04,131.13,131.03,131.14,eod,0.09000000000000341,0.0006868656032969809,6.868656032969809,0.3299999999999841,0.27272727272729624
2006-05-01,-1,600,609,131.43,131.81,131.44,131.79,stop,-0.37999999999999545,-0.00289105295191719,-28.9105295191719,0.3499999999999943,-1.0857142857142903
2006-05-02,-1,612,627,130.79000000000002,131.13,130.8,131.10999999999999,stop,-0.339999999999975,-0.0025993883792047017,-25.99388379204702,0.30999999999997385,-1.096774193548399
2006-05-03,-1,600,959,131.00000000000003,130.8312,131.01000000000002,130.8212,eod,0.16880000000003292,0.0012884512632625974,12.884512632625974,0.31999999999996476,0.527500000000161
2006-05-04,1,601,751,131.43999999999997,131.02,131.42999999999998,131.04000000000002,stop,-0.4199999999999591,-0.00319561743894057,-31.9561743894057,0.38999999999995794,-1.0769230769230882
2006-05-05,-1,610,693,131.88000000000002,132.34,131.89000000000001,132.32,stop,-0.45999999999997954,-0.0034877549473044164,-34.87754947304416,0.4299999999999784,-1.0697674418604712
2006-05-08,-1,658,959,132.44000000000003,132.57,132.45000000000002,132.56,eod,-0.12999999999996703,-0.0009815024537558853,-9.815024537558854,0.3299999999999841,-0.39393939393931304
2006-05-09,1,610,959,132.49999999999997,132.52,132.48999999999998,132.53,eod,0.020000000000038654,0.0001509547890409741,1.509547890409741,0.1899999999999693,0.10526315789495728
2006-05-10,1,617,844,132.6,132.3,132.59,132.32000000000002,stop,-0.29999999999998295,-0.0022626140734594083,-22.626140734594085,0.2699999999999818,-1.1111111111111227
2006-05-11,-1,602,959,131.88000000000002,130.79,131.89000000000001,130.78,eod,1.0900000000000318,0.008264462809917595,82.64462809917595,0.6699999999999875,1.626865671641869
2006-05-12,1,601,620,130.62,130.12,130.61,130.14000000000001,stop,-0.5,-0.0038281907970293236,-38.28190797029323,0.46999999999999886,-1.0638297872340452
2006-05-15,1,610,831,129.39999999999998,128.72,129.39,128.74,stop,-0.6799999999999784,-0.005255429322204023,-52.55429322204023,0.6499999999999773,-1.0461538461538495
2006-05-16,-1,601,959,129.67000000000002,129.37,129.68,129.36,eod,0.30000000000001137,0.002313386798272759,23.133867982727587,0.3299999999999841,0.9090909090909874
2006-05-17,-1,615,959,128.46,127.21000000000001,128.47,127.2,eod,1.25,0.009729898030668638,97.29898030668639,0.6399999999999864,1.9531250000000417
2006-05-18,-1,615,959,127.27999999999999,126.37,127.28999999999999,126.36,eod,0.9099999999999824,0.007149029774530462,71.49029774530462,0.4700000000000131,1.9361702127658662
2006-05-19,-1,618,759,126.52,126.98,126.53,126.96000000000001,stop,-0.46000000000000796,-0.0036355014621039117,-36.35501462103912,0.4300000000000068,-1.0697674418604666
2006-05-22,-1,603,923,126.21999999999998,126.88,126.22999999999999,126.86,stop,-0.6600000000000108,-0.005228551057593368,-52.28551057593368,0.6300000000000097,-1.0476190476190488
2006-05-23,1,610,670,127.47000000000001,127.08,127.46000000000001,127.1,stop,-0.3900000000000148,-0.0030597834614782267,-30.59783461478227,0.36000000000001364,-1.0833333333333333
2006-05-24,1,601,763,126.33000000000001,125.37,126.32000000000001,125.39,stop,-0.960000000000008,-0.007599746675110892,-75.99746675110892,0.9300000000000068,-1.0322580645161301
2006-05-25,-1,602,700,126.72999999999999,127.01,126.74,126.99000000000001,stop,-0.28000000000001535,-0.002209247277891868,-22.09247277891868,0.2500000000000142,-1.1199999999999977
2006-05-26,-1,636,685,127.75999999999999,128.09,127.77,128.07,stop,-0.3300000000000125,-0.002582765907490119,-25.827659074901188,0.29999999999999716,-1.100000000000052
2006-05-30,-1,600,959,127.32999999999998,126.30000000000001,127.33999999999999,126.29,eod,1.0299999999999727,0.008088581749646401,80.88581749646401,0.6700000000000017,1.5373134328357763
2006-05-31,1,630,855,126.99000000000001,126.53,126.98,126.55,stop,-0.46000000000000796,-0.0036226177350764527,-36.22617735076453,0.4300000000000068,-1.0697674418604666
2006-06-01,1,638,959,127.89000000000001,128.81,127.88000000000001,128.82,eod,0.9199999999999875,0.007194244604316448,71.94244604316448,0.6200000000000188,1.4838709677418704
2006-06-02,-1,707,959,128.44000000000003,129.14,128.45000000000002,129.13,eod,-0.6999999999999602,-0.00544959128065364,-54.4959128065364,0.9899999999999807,-0.7070707070706806
2006-06-05,-1,612,959,128.45000000000002,126.91000000000001,128.46,126.9,eod,1.5400000000000063,0.011988167522964395,119.88167522964395,0.4099999999999966,3.756097560975656
2006-06-06,-1,600,959,126.49,126.75,126.5,126.74,eod,-0.2600000000000051,-0.002055335968379487,-20.55335968379487,0.8900000000000006,-0.2921348314606797
2006-06-07,1,603,926,126.98,126.41,126.97,126.42999999999999,stop,-0.5700000000000074,-0.004489249428999034,-44.89249428999034,0.5400000000000063,-1.055555555555557
2006-06-08,-1,628,937,125.29999999999998,126.21000000000001,125.30999999999999,126.19000000000001,stop,-0.910000000000025,-0.007261990264145121,-72.6199026414512,0.8800000000000239,-1.0340909090909094
2006-06-09,1,640,711,126.63000000000001,125.88,126.62,125.89999999999999,stop,-0.7500000000000142,-0.005923234876007062,-59.23234876007062,0.7200000000000131,-1.0416666666666674
2006-06-12,-1,600,959,125.60999999999999,124.01,125.61999999999999,124.0,eod,1.59999999999998,0.01273682534628228,127.3682534628228,0.3200000000000216,4.9999999999996
2006-06-13,-1,621,959,123.60999999999999,122.74000000000001,123.61999999999999,122.73,eod,0.8699999999999761,0.007037696165668793,70.37696165668794,1.2300000000000182,0.7073170731707018
2006-06-14,1,605,798,123.56000000000002,122.73,123.55000000000001,122.75,stop,-0.8300000000000125,-0.006717927964386988,-67.17927964386988,0.8000000000000114,-1.037500000000001
2006-06-15,1,601,959,124.4,125.99,124.39,126.0,eod,1.5899999999999892,0.012782378004662667,127.82378004662667,0.5400000000000063,2.9444444444443905
2006-06-16,-1,610,959,125.03999999999999,124.99000000000001,125.05,124.98,eod,0.04999999999998295,0.0003998400639742739,3.998400639742739,0.5200000000000102,0.09615384615381146
2006-06-19,-1,611,959,124.91,123.83,124.92,123.82,eod,1.0799999999999983,0.008645533141210361,86.45533141210362,0.5700000000000074,1.8947368421052355
2006-06-20,1,639,959,124.25000000000001,123.86999999999999,124.24000000000001,123.88,eod,-0.3800000000000239,-0.003058596265293173,-30.58596265293173,0.5300000000000153,-0.716981132075496
2006-06-21,1,603,959,124.81000000000002,125.11999999999999,124.80000000000001,125.13,eod,0.30999999999997385,0.0024839743589741494,24.839743589741495,0.8500000000000227,0.36470588235290063
2006-06-22,-1,603,959,124.71999999999998,124.46000000000001,124.72999999999999,124.45,eod,0.2599999999999767,0.0020845025254547962,20.845025254547963,0.3400000000000176,0.764705882352833
2006-06-23,1,604,959,124.47000000000001,124.36999999999999,124.46000000000001,124.38,eod,-0.10000000000002274,-0.0008034709946972741,-8.034709946972741,0.44000000000001194,-0.22727272727277278
2006-06-26,1,630,959,124.70000000000002,125.03,124.69000000000001,125.04,eod,0.3299999999999841,0.0026465634774238836,26.465634774238836,0.45000000000001705,0.7333333333332702
2006-06-27,1,601,603,125.28000000000002,124.97,125.27000000000001,124.99,stop,-0.3100000000000165,-0.002474654745749313,-24.746547457493133,0.28000000000001535,-1.1071428571428554
2006-06-28,-1,645,870,123.99999999999999,124.38,124.00999999999999,124.36,stop,-0.38000000000000966,-0.0030642690105637423,-30.642690105637424,0.3500000000000085,-1.085714285714287
2006-06-29,1,603,959,125.61000000000001,127.21,125.60000000000001,127.22,eod,1.59999999999998,0.012738853503184554,127.38853503184555,0.44000000000001194,3.6363636363634924
2006-06-30,-1,600,959,127.21,127.0,127.22,126.99,eod,0.20999999999999375,0.0016506838547397716,16.506838547397717,0.44000000000001194,0.4772727272727001
2006-07-03,1,643,795,127.57000000000001,127.78999999999999,127.56,127.8,eod,0.21999999999998465,0.0017246785826276626,17.246785826276625,0.2600000000000051,0.8461538461537704
2006-07-05,-1,605,878,126.91999999999999,127.4,126.92999999999999,127.38000000000001,stop,-0.4800000000000182,-0.0037816119120776667,-37.81611912077667,0.45000000000001705,-1.0666666666666667
2006-07-06,1,602,871,127.53000000000002,127.14,127.52000000000001,127.16,stop,-0.3900000000000148,-0.0030583437892096514,-30.583437892096516,0.36000000000001364,-1.0833333333333333
2006-07-07,1,612,878,127.35000000000001,126.81,127.34,126.83,stop,-0.5400000000000063,-0.004240615674572061,-42.40615674572061,0.5100000000000051,-1.0588235294117663
2006-07-10,1,607,780,127.24000000000001,126.86,127.23,126.88,stop,-0.38000000000000966,-0.00298671696926833,-29.8671696926833,0.3500000000000085,-1.085714285714287
2006-07-11,-1,607,853,126.39999999999999,126.69,126.41,126.67,stop,-0.29000000000000625,-0.002294122300450963,-22.94122300450963,0.2600000000000051,-1.1153846153846174
2006-07-12,-1,601,959,127.08999999999999,125.97,127.1,125.96,eod,1.1199999999999903,0.008811959087332732,88.11959087332733,0.3100000000000165,3.612903225806228
2006-07-13,-1,601,738,124.91999999999999,125.58,124.92999999999999,125.56,stop,-0.6600000000000108,-0.005282958456735859,-52.829584567358594,0.6300000000000097,-1.0476190476190488
2006-07-14,-1,660,959,123.74999999999999,123.64,123.75999999999999,123.63,eod,0.10999999999998522,0.0008888170652875341,8.888170652875342,0.5100000000000193,0.21568627450976677
2006-07-17,-1,626,959,123.46,123.42,123.47,123.41,eod,0.03999999999999204,0.0003239653357090147,3.239653357090147,0.6400000000000006,0.06249999999998751
2006-07-18,-1,607,959,123.68999999999998,123.69000000000001,123.69999999999999,123.68,eod,-2.842170943040401e-14,-2.297632128569443e-16,-2.297632128569443e-12,0.36000000000001364,-7.894919286223036e-14
2006-07-19,1,600,959,124.77000000000001,125.96,124.76,125.97,eod,1.1899999999999835,0.009538313562038983,95.38313562038982,0.6100000000000136,1.9508196721310769
2006-07-20,-1,604,959,125.80999999999999,124.97,125.82,124.96,eod,0.8399999999999892,0.006676204101096719,66.7620410109672,0.4900000000000091,1.7142857142856605
2006-07-21,-1,613,959,124.14999999999999,124.12,124.16,124.11,eod,0.029999999999986926,0.0002416237113401009,2.4162371134010088,1.0200000000000102,0.02941176470586924
2006-07-24,1,621,959,125.06000000000002,126.11999999999999,125.05000000000001,126.13,eod,1.0599999999999739,0.008476609356257287,84.76609356257288,0.6200000000000188,1.7096774193547448
2006-07-25,1,600,642,126.19000000000001,125.8,126.18,125.82,stop,-0.3900000000000148,-0.0030908226343320236,-30.908226343320237,0.36000000000001364,-1.0833333333333333
2006-07-26,-1,608,679,126.35999999999999,126.72,126.36999999999999,126.7,stop,-0.36000000000001364,-0.002848777399699404,-28.48777399699404,0.3300000000000125,-1.0909090909090908
2006-07-27,-1,601,959,127.21,126.37,127.22,126.36,eod,0.8399999999999892,0.006602735418959198,66.02735418959199,0.480000000000004,1.749999999999963
2006-07-28,-1,624,660,126.92999999999999,127.45,126.94,127.43,stop,-0.5200000000000102,-0.004096423507168822,-40.964235071688215,0.4900000000000091,-1.0612244897959195
2006-07-31,1,607,959,127.74000000000001,127.66,127.73,127.67,eod,-0.0800000000000125,-0.0006263211461677954,-6.263211461677955,1.190000000000012,-0.06722689075631236
2006-08-01,-1,600,959,126.99999999999999,127.18,127.00999999999999,127.17,eod,-0.18000000000002103,-0.0014172112432093618,-14.172112432093618,0.38000000000000966,-0.4736842105263591
2006-08-02,1,672,959,127.93,127.91,127.92,127.92,eod,-0.020000000000010232,-0.00015634771732340707,-1.5634771732340706,0.38000000000000966,-0.05263157894739401
2006-08-03,1,603,959,127.53000000000002,128.11,127.52000000000001,128.12,eod,0.5799999999999983,0.004548306148055193,45.48306148055193,0.38000000000000966,1.526315789473641
2006-08-04,-1,607,959,128.77,128.09,128.78,128.08,eod,0.6800000000000068,0.0052803230315266875,52.80323031526687,0.6599999999999966,1.030303030303046
2006-08-07,1,611,662,127.98,127.61,127.97,127.63,stop,-0.37000000000000455,-0.0028913026490584087,-28.913026490584087,0.3400000000000034,-1.0882352941176494
2006-08-09,-1,601,703,128.00000000000003,128.48,128.01000000000002,128.45999999999998,stop,-0.47999999999996135,-0.003749707054136093,-37.49707054136093,0.4499999999999602,-1.066666666666675
2006-08-10,-1,611,632,126.33999999999999,126.82000000000001,126.35,126.80000000000001,stop,-0.4800000000000182,-0.0037989711119906467,-37.98971111990647,0.45000000000001705,-1.0666666666666667
2006-08-11,-1,600,959,126.80999999999999,126.85000000000001,126.82,126.84,eod,-0.040000000000020464,-0.00031540766440640644,-3.154076644064064,0.3900000000000148,-0.10256410256415115
2006-08-14,-1,618,668,127.43999999999998,127.8,127.44999999999999,127.78,stop,-0.36000000000001364,-0.002824637112593281,-28.24637112593281,0.3300000000000125,-1.0909090909090908
2006-08-15,1,642,959,128.35999999999999,128.70000000000002,128.35,128.71,eod,0.34000000000003183,0.0026490066225168044,26.490066225168043,0.45000000000000284,0.7555555555556215
2006-08-16,-1,600,654,129.10000000000002,129.43,129.11,129.41,stop,-0.3299999999999841,-0.0025559600340793434,-25.559600340793434,0.29999999999998295,-1.1000000000000094
2006-08-17,1,602,959,129.82,130.02,129.81,130.03,eod,0.20000000000001705,0.0015407133502813115,15.407133502813116,0.3299999999999841,0.606060606060687
2006-08-18,-1,618,821,129.66000000000003,130.25,129.67000000000002,130.23,stop,-0.589999999999975,-0.004550011567825827,-45.50011567825827,0.5599999999999739,-1.053571428571433
2006-08-21,-1,600,620,130.02,130.23,130.03,130.20999999999998,stop,-0.20999999999997954,-0.0016150119203259211,-16.150119203259212,0.1799999999999784,-1.166666666666693
2006-08-22,1,620,804,130.36999999999998,129.87,130.35999999999999,129.89000000000001,stop,-0.4999999999999716,-0.003835532371893001,-38.35532371893001,0.46999999999997044,-1.063829787234049
2006-08-23,-1,608,959,130.10000000000002,129.57,130.11,129.56,eod,0.5300000000000296,0.004073476289293902,40.73476289293902,0.339999999999975,1.5588235294119663
2006-08-24,-1,600,959,129.8,129.89,129.81,129.88,eod,-0.08999999999997499,-0.0006933210076263384,-6.933210076263384,0.29999999999998295,-0.2999999999999337
2006-08-25,1,602,959,129.95999999999998,129.83,129.95,129.84,eod,-0.12999999999996703,-0.0010003847633702735,-10.003847633702735,0.40999999999996817,-0.31707317073165153
2006-08-28,1,601,959,130.07999999999998,130.47,130.07,130.48,eod,0.3900000000000148,0.0029983854847391005,29.983854847391004,0.4399999999999977,0.8863636363636745
2006-08-29,-1,600,920,130.29000000000002,130.57,130.3,130.54999999999998,stop,-0.2799999999999727,-0.0021488871834226607,-21.488871834226607,0.24999999999997158,-1.120000000000018
2006-08-30,1,621,737,130.95999999999998,130.56,130.95,130.58,stop,-0.39999999999997726,-0.0030546009927451493,-30.546009927451493,0.3699999999999761,-1.0810810810810894
2006-08-31,1,602,631,130.92,130.68,130.91,130.70000000000002,stop,-0.23999999999998067,-0.0018333206019401167,-18.333206019401167,0.20999999999997954,-1.1428571428571621
2006-09-01,-1,603,713,131.03000000000003,131.33,131.04000000000002,131.31,stop,-0.29999999999998295,-0.002289377289377159,-22.89377289377159,0.2699999999999818,-1.1111111111111227
2006-09-05,1,619,959,131.55999999999997,131.69,131.54999999999998,131.7,eod,0.13000000000002387,0.0009882174078299042,9.882174078299041,0.3599999999999852,0.36111111111119226
2006-09-06,-1,632,959,130.92000000000002,130.42999999999998,130.93,130.42,eod,0.4900000000000375,0.0037424578018791527,37.42457801879153,0.23999999999998067,2.0416666666669876
2006-09-07,-1,602,727,129.96,130.23,129.97,130.20999999999998,stop,-0.2699999999999818,-0.0020774024774946665,-20.774024774946664,0.23999999999998067,-1.1250000000000149
2006-09-08,-1,605,674,129.96,130.19,129.97,130.17,stop,-0.22999999999998977,-0.001769639147495497,-17.69639147495497,0.19999999999998863,-1.1500000000000141
2006-09-11,-1,627,726,129.68,130.03,129.69,130.01,stop,-0.3499999999999943,-0.00269874315675838,-26.9874315675838,0.3199999999999932,-1.0937500000000056
2006-09-12,1,601,959,130.74999999999997,131.63,130.73999999999998,131.64,eod,0.8800000000000239,0.006730916322472266,67.30916322472265,0.20999999999997954,4.190476190476713
2006-09-13,1,687,959,131.92999999999998,132.22,131.92,132.23,eod,0.29000000000002046,0.0021983020012130115,21.983020012130115,0.40999999999996817,0.7073170731708366
2006-09-14,-1,603,870,131.83,132.2,131.84,132.17999999999998,stop,-0.3699999999999761,-0.0028064320388347702,-28.064320388347703,0.339999999999975,-1.088235294117657
2006-09-15,1,616,679,132.35999999999999,131.89,132.35,131.91,stop,-0.46999999999999886,-0.0035511900264450238,-35.51190026445024,0.4399999999999977,-1.068181818181821
2006-09-18,1,609,959,132.01,132.02,132.0,132.03,eod,0.010000000000019327,7.575757575772218e-05,0.7575757575772218,0.3599999999999852,0.027777777777832604
2006-09-19,-1,618,959,131.75000000000003,131.76,131.76000000000002,131.75,eod,-0.009999999999962483,-7.589556769856164e-05,-0.7589556769856164,0.38999999999995794,-0.02564102564093221
2006-09-20,1,625,868,132.57999999999998,132.2,132.57,132.22,stop,-0.37999999999999545,-0.0028664101983857243,-28.664101983857243,0.3499999999999943,-1.0857142857142903
2006-09-21,-1,601,679,132.35000000000002,132.76,132.36,132.73999999999998,stop,-0.40999999999996817,-0.003097612571773709,-30.97612571773709,0.37999999999996703,-1.0789473684210624
2006-09-22,-1,600,959,131.39000000000001,131.41,131.4,131.4,eod,-0.01999999999998181,-0.00015220700152193158,-1.5220700152193158,0.28999999999999204,-0.06896551724131848
2006-09-25,-1,600,768,131.49,131.94,131.5,131.92,stop,-0.44999999999998863,-0.003422053231939077,-34.22053231939077,0.4199999999999875,-1.0714285714285763
2006-09-26,1,600,959,132.65999999999997,133.53,132.64999999999998,133.54,eod,0.870000000000033,0.006558612891066967,65.58612891066967,0.2599999999999625,3.346153846154456
2006-09-27,1,600,650,133.80999999999997,133.41,133.79999999999998,133.43,stop,-0.39999999999997726,-0.002989536621823448,-29.89536621823448,0.3699999999999761,-1.0810810810810894
2006-09-28,-1,601,945,133.48000000000002,134.0,133.49,133.98,stop,-0.5199999999999818,-0.0038954228781180747,-38.954228781180746,0.4899999999999807,-1.061224489795923
2006-09-29,1,603,687,133.92,133.57,133.91,133.59,stop,-0.3499999999999943,-0.002613695765812817,-26.136957658128168,0.3199999999999932,-1.0937500000000056
2006-10-02,1,604,623,133.57999999999998,133.35,133.57,133.37,stop,-0.22999999999998977,-0.0017219435501983212,-17.219435501983213,0.19999999999998863,-1.1500000000000141
2006-10-03,-1,614,635,132.64000000000001,133.02,132.65,133.0,stop,-0.37999999999999545,-0.002864681492649796,-28.64681492649796,0.3499999999999943,-1.0857142857142903
2006-10-04,-1,600,611,133.13000000000002,133.44,133.14000000000001,133.42,stop,-0.30999999999997385,-0.0023283761454106493,-23.283761454106493,0.2799999999999727,-1.1071428571428716
2006-10-05,1,600,610,135.11999999999998,134.82,135.10999999999999,134.84,stop,-0.29999999999998295,-0.002220412996817282,-22.204129968172822,0.2699999999999818,-1.1111111111111227
2006-10-06,-1,603,879,134.48000000000002,135.03,134.49,135.01,stop,-0.549999999999983,-0.004089523384638136,-40.89523384638136,0.5199999999999818,-1.057692307692312
2006-10-09,-1,628,696,134.76000000000002,135.03,134.77,135.01,stop,-0.2699999999999818,-0.0020034132225271338,-20.03413222527134,0.23999999999998067,-1.1250000000000149
2006-10-10,-1,604,675,134.92000000000002,135.28,134.93,135.26,stop,-0.3599999999999852,-0.002668050100051769,-26.68050100051769,0.3299999999999841,-1.0909090909090988
2006-10-11,1,610,876,134.93999999999997,134.73,134.92999999999998,134.75,stop,-0.20999999999997954,-0.0015563625583634446,-15.563625583634446,0.1799999999999784,-1.166666666666693
2006-10-12,1,610,959,135.61999999999998,136.25,135.60999999999999,136.26,eod,0.6300000000000239,0.004645675097706835,46.45675097706835,0.21999999999997044,2.8636363636368567
2006-10-13,-1,603,737,136.09000000000003,136.36,136.10000000000002,136.34,stop,-0.2699999999999818,-0.0019838354151357953,-19.838354151357954,0.23999999999998067,-1.1250000000000149
2006-10-16,1,603,959,136.64999999999998,136.88,136.64,136.89,eod,0.2300000000000182,0.0016832552693209764,16.832552693209763,0.22999999999998977,1.0000000000001237
2006-10-17,-1,613,904,136.02,136.5,136.03,136.48,stop,-0.47999999999998977,-0.0035286333896933746,-35.28633389693375,0.44999999999998863,-1.0666666666666709
2006-10-18,-1,600,959,137.00000000000003,136.59,137.01000000000002,136.58,eod,0.410000000000025,0.002992482300562185,29.92482300562185,0.3699999999999761,1.1081081081082471
2006-10-19,1,604,959,136.57999999999998,136.70000000000002,136.57,136.71,eod,0.12000000000003297,0.0008786702789780551,8.78670278978055,0.3499999999999943,0.3428571428572426
2006-10-23,1,604,959,136.93999999999997,137.67000000000002,136.92999999999998,137.68,eod,0.7300000000000466,0.005331191119550476,53.31191119550476,0.549999999999983,1.3272727272728533
2006-10-25,1,610,750,137.95999999999998,137.68,137.95,137.70000000000002,stop,-0.2799999999999727,-0.0020297209133742136,-20.297209133742136,0.24999999999997158,-1.120000000000018
2006-10-26,-1,601,829,138.48000000000002,138.76,138.49,138.73999999999998,stop,-0.2799999999999727,-0.0020218066286372496,-20.218066286372498,0.24999999999997158,-1.120000000000018
2006-10-27,1,674,816,138.64999999999998,138.17,138.64,138.19,stop,-0.47999999999998977,-0.0034622042700518598,-34.6220427005186,0.44999999999998863,-1.0666666666666709
2006-10-30,-1,602,665,137.49,137.95,137.5,137.92999999999998,stop,-0.45999999999997954,-0.003345454545454397,-33.45454545454397,0.4299999999999784,-1.0697674418604712
2006-10-31,-1,600,959,137.82000000000002,137.79,137.83,137.78,eod,0.03000000000002956,0.00021765943553674495,2.1765943553674494,0.4399999999999693,0.06818181818189012
2006-11-01,-1,600,959,138.03000000000003,136.92,138.04000000000002,136.91,eod,1.110000000000042,0.008041147493480455,80.41147493480455,0.2799999999999727,3.964285714286251
2006-11-02,1,603,959,136.68999999999997,136.8,136.67999999999998,136.81,eod,0.11000000000004206,0.0008047995317533075,8.047995317533076,0.32999999999995566,0.33333333333350557
2006-11-03,-1,631,959,136.89000000000001,136.62,136.9,136.61,eod,0.27000000000001023,0.001972242512783128,19.72242512783128,0.4999999999999716,0.5400000000000511
2006-11-06,1,600,959,137.36999999999998,138.08,137.35999999999999,138.09,eod,0.7100000000000364,0.005168899242865729,51.688992428657286,0.4199999999999875,1.6904761904763275
2006-11-07,1,602,959,138.39,138.43,138.38,138.44,eod,0.040000000000020464,0.00028905911258867226,2.8905911258867225,0.38999999999998636,0.10256410256415863
2006-11-08,1,602,959,138.23999999999998,138.73000000000002,138.23,138.74,eod,0.4900000000000375,0.003544816609998101,35.44816609998101,0.44999999999998863,1.0888888888889998
2006-11-09,-1,602,959,138.78000000000003,138.10999999999999,138.79000000000002,138.1,eod,0.6700000000000443,0.00482743713524061,48.2743713524061,0.3599999999999568,1.8611111111114576
2006-11-10,1,601,629,138.29999999999998,137.96,138.29,137.98000000000002,stop,-0.339999999999975,-0.0024586014896230747,-24.586014896230747,0.30999999999997385,-1.096774193548399
2006-11-13,1,600,959,138.74999999999997,138.67000000000002,138.73999999999998,138.68,eod,-0.07999999999995566,-0.0005766181346400149,-5.766181346400149,0.6799999999999784,-0.11764705882346795
2006-11-14,-1,612,882,138.54000000000002,139.12,138.55,139.1,stop,-0.5799999999999841,-0.0041862143630457165,-41.86214363045716,0.549999999999983,-1.0545454545454582
2006-11-15,1,676,959,139.99999999999997,139.96,139.98999999999998,139.97,eod,-0.03999999999996362,-0.00028573469533512124,-2.8573469533512124,0.46999999999997044,-0.08510638297865135
2006-11-16,1,635,649,140.48999999999998,140.17,140.48,140.19,stop,-0.3199999999999932,-0.002277904328018175,-22.77904328018175,0.28999999999999204,-1.1034482758620758
2006-11-17,1,643,959,140.07999999999998,140.37,140.07,140.38,eod,0.29000000000002046,0.002070393374741347,20.703933747413473,0.339999999999975,0.8529411764707112
2006-11-20,1,600,959,140.40999999999997,140.36,140.39999999999998,140.37,eod,-0.049999999999954525,-0.0003561253561250323,-3.561253561250323,0.30999999999997385,-0.16129032258051207
2006-11-21,1,621,639,140.63,140.34,140.62,140.36,stop,-0.28999999999999204,-0.0020622955482861045,-20.622955482861045,0.2599999999999909,-1.1153846153846239
2006-11-22,-1,607,959,140.63000000000002,140.92999999999998,140.64000000000001,140.92,eod,-0.2999999999999545,-0.002133105802047458,-21.331058020474583,0.5299999999999727,-0.566037735849
2006-11-24,1,600,795,140.42,140.34,140.41,140.35,eod,-0.07999999999998408,-0.0005697599886046869,-5.697599886046869,0.21999999999999886,-0.36363636363629315
2006-11-27,-1,600,959,139.76000000000002,138.51,139.77,138.5,eod,1.2500000000000284,0.008943263933605412,89.43263933605412,0.589999999999975,2.118644067796748
2006-11-28,1,601,959,138.46999999999997,139.01000000000002,138.45999999999998,139.02,eod,0.5400000000000489,0.0039000433338151736,39.00043333815174,0.3599999999999568,1.5000000000003157
2006-11-29,1,605,959,139.86999999999998,140.35000000000002,139.85999999999999,140.36,eod,0.4800000000000466,0.0034320034320037655,34.32003432003766,0.44999999999998863,1.0666666666667972
2006-11-30,-1,600,875,140.23000000000002,140.72,140.24,140.7,stop,-0.4899999999999807,-0.00349401026811167,-34.9401026811167,0.45999999999997954,-1.0652173913043532
2006-12-01,-1,600,959,140.43,140.07,140.44,140.06,eod,0.36000000000001364,0.002563372258615876,25.63372258615876,0.22999999999998977,1.5652173913044767
2006-12-04,1,600,959,140.67999999999998,141.32000000000002,140.67,141.33,eod,0.6400000000000432,0.004549655221440557,45.496552214405575,0.44999999999998863,1.4222222222223542
2006-12-05,1,600,959,141.61999999999998,141.88,141.60999999999999,141.89,eod,0.2600000000000193,0.001836028529058819,18.36028529058819,0.3599999999999852,0.7222222222223056
2006-12-06,-1,601,621,141.56000000000003,141.91,141.57000000000002,141.89,stop,-0.3499999999999659,-0.0024722751995476856,-24.722751995476855,0.31999999999996476,-1.093750000000014
2006-12-07,-1,603,959,141.94000000000003,141.20999999999998,141.95000000000002,141.2,eod,0.7300000000000466,0.005142655864741434,51.42655864741434,0.3599999999999852,2.0277777777779904
2006-12-08,-1,601,675,140.99,141.58,141.0,141.56,stop,-0.5900000000000034,-0.004184397163120592,-41.84397163120592,0.5600000000000023,-1.0535714285714304
2006-12-11,1,608,959,141.70999999999998,141.73000000000002,141.7,141.74,eod,0.020000000000038654,0.00014114326040958825,1.4114326040958824,0.3699999999999761,0.05405405405416201
2006-12-12,-1,605,633,141.57000000000002,141.79,141.58,141.76999999999998,stop,-0.21999999999997044,-0.0015538917926258683,-15.538917926258684,0.1899999999999693,-1.1578947368421368
2006-12-13,-1,602,959,141.94000000000003,141.85,141.95000000000002,141.84,eod,0.09000000000003183,0.0006340260655162509,6.34026065516251,0.38999999999998636,0.23076923076932046
2006-12-14,1,601,959,142.82999999999998,142.97,142.82,142.98,eod,0.14000000000001478,0.0009802548662653325,9.802548662653326,0.9899999999999807,0.14141414141415912
2006-12-15,1,638,744,142.79,142.43,142.78,142.45000000000002,stop,-0.3599999999999852,-0.00252136153522892,-25.2136153522892,0.3299999999999841,-1.0909090909090988
2006-12-18,1,600,662,142.89,142.44,142.88,142.46,stop,-0.44999999999998863,-0.00314949608062702,-31.4949608062702,0.4199999999999875,-1.0714285714285763
2006-12-19,1,613,959,141.7,142.27,141.69,142.28,eod,0.5700000000000216,0.0040228668219353635,40.22866821935364,0.5099999999999909,1.1176470588235916
2006-12-20,1,600,806,142.54999999999998,142.2,142.54,142.22,stop,-0.3499999999999943,-0.0024554511014451687,-24.554511014451688,0.3199999999999932,-1.0937500000000056
2006-12-21,-1,618,959,142.15,141.64,142.16,141.63,eod,0.5100000000000193,0.003587507034327654,35.87507034327654,0.28000000000000114,1.8214285714286331
2006-12-28,-1,669,856,142.08,142.53,142.09,142.51,stop,-0.44999999999998863,-0.0031670068266590797,-31.670068266590796,0.4199999999999875,-1.0714285714285763
2006-12-29,1,602,872,142.48,141.94,142.47,141.96,stop,-0.539999999999992,-0.003790271636133867,-37.90271636133867,0.5099999999999909,-1.058823529411768
2007-01-03,1,614,843,142.46999999999997,141.9,142.45999999999998,141.92000000000002,stop,-0.5699999999999648,-0.004001123122279691,-40.011231222796916,0.5399999999999636,-1.0555555555555614
2007-01-04,-1,603,651,140.92000000000002,141.53,140.93,141.51,stop,-0.6099999999999852,-0.004328389980841447,-43.283899808414475,0.5799999999999841,-1.0517241379310378
2007-01-05,-1,667,959,140.78000000000003,140.76999999999998,140.79000000000002,140.76,eod,0.010000000000047748,7.102777185913593e-05,0.7102777185913592,0.6099999999999568,0.016393442623030257
2007-01-08,-1,614,681,140.42000000000002,140.92,140.43,140.89999999999998,stop,-0.4999999999999716,-0.00356049277219947,-35.6049277219947,0.46999999999997044,-1.063829787234049
2007-01-09,-1,602,639,140.99,141.48,141.0,141.45999999999998,stop,-0.4899999999999807,-0.003475177304964402,-34.75177304964402,0.45999999999997954,-1.0652173913043532
2007-01-10,1,601,959,140.73999999999998,141.39000000000001,140.73,141.4,eod,0.6500000000000341,0.004618773537980772,46.18773537980773,0.4399999999999693,1.4772727272729078
2007-01-11,1,610,959,142.11999999999998,142.26000000000002,142.10999999999999,142.27,eod,0.1400000000000432,0.00098515234677393,9.851523467739302,0.6199999999999761,0.2258064516129816
2007-01-12,1,709,959,142.68999999999997,142.95000000000002,142.67999999999998,142.96,eod,0.26000000000004775,0.0018222596019066989,18.222596019066987,0.5799999999999557,0.4482758620690821
2007-01-16,-1,605,959,142.95000000000002,143.04,142.96,143.03,eod,-0.08999999999997499,-0.000629546726356848,-6.295467263568479,0.4899999999999807,-0.1836734693877113
2007-01-17,-1,633,664,142.77,143.19,142.78,143.17,stop,-0.4199999999999875,-0.0029415884577671065,-29.415884577671065,0.38999999999998636,-1.0769230769230824
2007-01-18,-1,600,959,142.96,142.47,142.97,142.46,eod,0.4900000000000091,0.003427292438973275,34.27292438973275,0.28999999999999204,1.6896551724138709
2007-01-19,1,642,959,142.85999999999999,142.93,142.85,142.94,eod,0.0700000000000216,0.0004900245012252125,4.9002450122521255,0.39999999999997726,0.17500000000006394
2007-01-22,-1,602,959,142.74,142.20999999999998,142.75,142.2,eod,0.5300000000000296,0.003712784588441538,37.12784588441538,0.3599999999999852,1.4722222222223649
2007-01-23,1,668,959,142.54,142.74,142.53,142.75,eod,0.20000000000001705,0.0014032133585912933,14.032133585912932,0.46999999999999886,0.42553191489365433
2007-01-24,1,635,959,143.21999999999997,143.9,143.20999999999998,143.91,eod,0.6800000000000352,0.0047482717687314805,47.4827176873148,0.30999999999997385,2.193548387097073
2007-01-25,-1,601,959,143.69000000000003,142.35999999999999,143.70000000000002,142.35,eod,1.330000000000041,0.009255393180236889,92.55393180236888,0.22999999999996135,5.782608695653324
2007-01-26,-1,601,959,142.08,142.2,142.09,142.19,eod,-0.11999999999997613,-0.0008445351537756079,-8.445351537756078,0.5699999999999932,-0.21052631578943432
2007-01-29,1,606,834,142.51,142.05,142.5,142.07000000000002,stop,-0.45999999999997954,-0.003228070175438453,-32.28070175438453,0.4299999999999784,-1.0697674418604712
2007-01-30,1,618,959,142.42999999999998,142.75,142.42,142.76,eod,0.3200000000000216,0.002246875438843011,22.46875438843011,0.3699999999999761,0.864864864864979
2007-01-31,1,624,959,142.68999999999997,143.81,142.67999999999998,143.82,eod,1.120000000000033,0.007849733669750723,78.49733669750724,0.2899999999999636,3.8620689655178397
2007-02-01,-1,613,641,144.03000000000003,144.41,144.04000000000002,144.39,stop,-0.37999999999996703,-0.0026381560677587266,-26.381560677587267,0.3499999999999659,-1.0857142857142974
2007-02-02,1,613,959,144.82,144.77,144.81,144.78,eod,-0.04999999999998295,-0.0003452800220978036,-3.452800220978036,0.4300000000000068,-0.11627906976740036
2007-02-05,-1,600,780,144.45000000000002,144.83,144.46,144.81,stop,-0.37999999999999545,-0.002630485947667143,-26.304859476671428,0.3499999999999943,-1.0857142857142903
2007-02-06,-1,609,959,144.76000000000002,144.79999999999998,144.77,144.79,eod,-0.03999999999996362,-0.0002763003384676633,-2.763003384676633,0.2699999999999818,-0.14814814814802338
2007-02-07,1,622,877,145.20999999999998,144.84,145.2,144.86,stop,-0.3699999999999761,-0.0025482093663910205,-25.482093663910206,0.339999999999975,-1.088235294117657
2007-02-09,-1,620,959,145.02,143.94,145.03,143.93,eod,1.0800000000000125,0.007446735158243208,74.46735158243207,0.3100000000000023,3.48387096774195
2007-02-12,-1,600,959,143.62,143.42999999999998,143.63,143.42,eod,0.19000000000002615,0.0013228434171135984,13.228434171135984,0.4199999999999875,0.4523809523810281
2007-02-13,1,600,959,144.14999999999998,144.51000000000002,144.14,144.52,eod,0.36000000000004206,0.002497571805189691,24.975718051896912,0.38999999999998636,0.9230769230770632
2007-02-14,1,600,959,144.92999999999998,145.63,144.92,145.64,eod,0.700000000000017,0.004830251173061117,48.30251173061117,0.14999999999997726,4.666666666667488
2007-02-15,1,600,648,145.70999999999998,145.45,145.7,145.47,stop,-0.2599999999999909,-0.0017844886753602671,-17.844886753602673,0.22999999999998977,-1.1304347826087064
2007-02-16,-1,600,923,145.36,145.64000000000001,145.37,145.62,stop,-0.28000000000000114,-0.0019261195569925096,-19.261195569925096,0.25,-1.1200000000000045
2007-02-20,-1,601,676,145.14000000000001,145.65,145.15,145.63,stop,-0.5099999999999909,-0.003513606613847681,-35.13606613847681,0.47999999999998977,-1.0625000000000038
2007-02-21,1,601,606,145.76,145.44,145.75,145.46,stop,-0.3199999999999932,-0.002195540308747809,-21.955403087478093,0.28999999999999204,-1.1034482758620758
2007-02-22,-1,617,959,146.02,145.84,146.03,145.83,eod,0.18000000000000682,0.0012326234335411,12.326234335411,0.39999999999997726,0.45000000000004264
2007-02-23,-1,600,959,145.4,145.37,145.41,145.36,eod,0.030000000000001137,0.00020631318341242787,2.063131834124279,0.38999999999998636,0.07692307692308253
2007-02-26,-1,600,959,145.62,145.2,145.63,145.19,eod,0.4200000000000159,0.002884021149488539,28.840211494885388,0.3299999999999841,1.2727272727273824
2007-02-27,-1,661,959,143.33,140.01,143.34,140.0,eod,3.3200000000000216,0.023161713408678817,231.61713408678816,0.589999999999975,5.627118644068072
2007-02-28,1,628,959,141.1,140.92000000000002,141.09,140.93,eod,-0.1799999999999784,-0.0012757814161172187,-12.757814161172186,1.2199999999999989,-0.1475409836065398
2007-03-01,1,600,959,139.43999999999997,140.58,139.42999999999998,140.59,eod,1.1400000000000432,0.00817614573621203,81.7614573621203,1.2499999999999716,0.9120000000000553
2007-03-02,1,612,739,140.45999999999998,139.81,140.45,139.83,stop,-0.6499999999999773,-0.004627981488073886,-46.279814880738854,0.6199999999999761,-1.0483870967741973
2007-03-05,1,611,954,138.88,137.79,138.87,137.81,stop,-1.0900000000000034,-0.007849067473176376,-78.49067473176376,1.0600000000000023,-1.0283018867924538
2007-03-06,-1,609,754,138.72000000000003,139.28,138.73000000000002,139.26,stop,-0.5599999999999739,-0.004036617890866963,-40.36617890866963,0.5299999999999727,-1.0566037735849108
2007-03-07,1,634,664,140.07,139.55,140.06,139.57000000000002,stop,-0.5199999999999818,-0.0037126945594743808,-37.12694559474381,0.4899999999999807,-1.061224489795923
2007-03-08,1,616,874,140.83999999999997,140.45,140.82999999999998,140.47,stop,-0.38999999999998636,-0.002769296314705577,-27.692963147055767,0.3599999999999852,-1.08333333333334
2007-03-09,-1,602,959,140.74,140.63,140.75,140.62,eod,0.11000000000001364,0.0007815275310835782,7.815275310835783,0.6799999999999784,0.16176470588237815
2007-03-12,1,621,959,140.67,141.02,140.66,141.03,eod,0.35000000000002274,0.002488269586236476,24.88269586236476,0.5099999999999909,0.6862745098039784
2007-03-13,1,619,736,140.6,139.99,140.59,140.01000000000002,stop,-0.6099999999999852,-0.004338857671242515,-43.388576712425156,0.5799999999999841,-1.0517241379310378
2007-03-14,-1,601,639,138.17000000000002,138.9,138.18,138.88,stop,-0.7299999999999898,-0.005282964249529525,-52.829642495295246,0.6999999999999886,-1.0428571428571451
2007-03-15,1,628,959,139.63,139.56,139.62,139.57,eod,-0.06999999999999318,-0.0005013608365563184,-5.013608365563185,0.8299999999999841,-0.08433734939758376
2007-03-16,1,600,672,139.54999999999998,138.84,139.54,138.86,stop,-0.7099999999999795,-0.005088146767951695,-50.88146767951695,0.6799999999999784,-1.0441176470588267
2007-03-19,-1,608,651,139.24,139.69,139.25,139.67,stop,-0.44999999999998863,-0.0032315978456013547,-32.315978456013546,0.4199999999999875,-1.0714285714285763
2007-03-20,1,643,959,140.33999999999997,140.92000000000002,140.32999999999998,140.93,eod,0.5800000000000409,0.004133114800826915,41.33114800826915,0.37999999999996703,1.5263157894739243
2007-03-21,-1,601,820,140.81000000000003,141.29,140.82000000000002,141.26999999999998,stop,-0.47999999999996135,-0.0034086067319980206,-34.08606731998021,0.4499999999999602,-1.066666666666675
2007-03-22,-1,600,732,143.08,143.59,143.09,143.57,stop,-0.5099999999999909,-0.0035641903696973297,-35.641903696973294,0.47999999999998977,-1.0625000000000038
2007-03-23,1,600,959,143.46999999999997,143.48000000000002,143.45999999999998,143.49,eod,0.010000000000047748,6.970584134983793e-05,0.6970584134983793,0.31999999999996476,0.031250000000152656
2007-03-26,-1,600,946,143.23000000000002,143.56,143.24,143.54,stop,-0.3299999999999841,-0.002303825746997934,-23.03825746997934,0.29999999999998295,-1.1000000000000094
2007-03-27,-1,600,959,142.81,142.72,142.82,142.71,eod,0.09000000000000341,0.0006301638425990996,6.301638425990997,0.3499999999999943,0.25714285714287105
2007-03-28,-1,630,739,142.00000000000003,142.36,142.01000000000002,142.34,stop,-0.3599999999999852,-0.002535032744172841,-25.35032744172841,0.3299999999999841,-1.0909090909090988
2007-03-29,-1,643,959,142.18,142.13,142.19,142.12,eod,0.05000000000001137,0.0003516421689289779,3.516421689289779,0.4300000000000068,0.11627906976746645
2007-03-30,-1,680,959,142.10000000000002,141.95,142.11,141.94,eod,0.1500000000000341,0.0010555203715434107,10.555203715434107,0.7399999999999807,0.2027027027027541
2007-04-02,-1,600,911,142.01000000000002,142.37,142.02,142.35,stop,-0.3599999999999852,-0.0025348542458807576,-25.348542458807575,0.3299999999999841,-1.0909090909090988
2007-04-03,1,600,959,143.08999999999997,143.65,143.07999999999998,143.66,eod,0.5600000000000307,0.003913894324853444,39.13894324853444,0.1799999999999784,3.111111111111655
2007-04-04,-1,600,670,143.42000000000002,143.84,143.43,143.82,stop,-0.4199999999999875,-0.00292825768667634,-29.2825768667634,0.38999999999998636,-1.0769230769230824
2007-04-05,1,609,959,143.85999999999999,144.27,143.85,144.28,eod,0.410000000000025,0.0028501911713592286,28.501911713592285,0.24999999999997158,1.6400000000002866
2007-04-10,1,600,959,144.73999999999998,144.79000000000002,144.73,144.8,eod,0.05000000000003979,0.00034547087680536026,3.4547087680536026,0.46999999999997044,0.1063829787234956
2007-04-11,-1,618,959,144.39000000000001,143.84,144.4,143.83,eod,0.5500000000000114,0.0038088642659280564,38.088642659280566,0.46999999999999886,1.170212765957474
2007-04-12,1,626,959,143.90999999999997,144.73000000000002,143.89999999999998,144.74,eod,0.82000000000005,0.005698401667825227,56.98401667825227,0.5699999999999648,1.438596491228247
2007-04-13,-1,600,713,144.65,145.02,144.66,145.0,stop,-0.37000000000000455,-0.0025577215539886945,-25.577215539886947,0.3400000000000034,-1.0882352941176494
2007-04-16,1,612,959,146.36999999999998,146.77,146.35999999999999,146.78,eod,0.4000000000000341,0.002732987154960605,27.32987154960605,0.549999999999983,0.7272727272728118
2007-04-17,1,610,959,147.07999999999998,147.06,147.07,147.07,eod,-0.01999999999998181,-0.00013598966478535262,-1.3598966478535262,0.4299999999999784,-0.046511627906936776
2007-04-18,1,600,959,146.90999999999997,147.14000000000001,146.89999999999998,147.15,eod,0.2300000000000466,0.0015656909462222373,15.656909462222373,0.339999999999975,0.676470588235481
2007-04-19,1,603,959,146.85,147.02,146.84,147.03,eod,0.17000000000001592,0.0011577226913648592,11.577226913648591,0.4899999999999807,0.34693877551025026
2007-04-20,-1,602,959,148.08,148.5,148.09,148.48,stop,-0.4199999999999875,-0.0028361131744208757,-28.361131744208755,0.38999999999998636,-1.0769230769230824
2007-04-24,-1,600,851,147.83,148.32,147.84,148.29999999999998,stop,-0.4899999999999807,-0.0033143939393938085,-33.14393939393808,0.45999999999997954,-1.0652173913043532
2007-04-25,-1,600,799,148.48000000000002,149.0,148.49,148.98,stop,-0.5199999999999818,-0.003501919321166286,-35.01919321166286,0.4899999999999807,-1.061224489795923
2007-04-26,-1,602,882,149.16000000000003,149.7,149.17000000000002,149.67999999999998,stop,-0.5399999999999636,-0.003620030837299481,-36.20030837299481,0.5099999999999625,-1.0588235294117712
2007-04-27,1,600,645,149.24999999999997,148.87,149.23999999999998,148.89000000000001,stop,-0.37999999999996703,-0.002546234253551106,-25.46234253551106,0.3499999999999659,-1.0857142857142974
2007-04-30,1,639,879,149.68999999999997,149.10999999999999,149.67999999999998,149.13,stop,-0.5799999999999841,-0.0038749331908069493,-38.74933190806949,0.549999999999983,-1.0545454545454582
2007-05-01,1,600,601,148.7,148.17,148.69,148.19,stop,-0.5300000000000011,-0.0035644629766628634,-35.64462976662863,0.5,-1.0600000000000023
2007-05-02,1,600,959,149.21999999999997,149.62,149.20999999999998,149.63,eod,0.4000000000000341,0.0026807854701429807,26.807854701429807,0.46999999999997044,0.8510638297873602
2007-05-08,-1,605,769,150.3,150.65,150.31,150.63,stop,-0.3499999999999943,-0.00232852105648323,-23.2852105648323,0.3199999999999932,-1.0937500000000056
2007-05-09,1,604,857,150.79,150.48,150.78,150.5,stop,-0.3100000000000023,-0.0020559755935800656,-20.559755935800656,0.28000000000000114,-1.1071428571428608
2007-05-10,1,616,675,150.88,150.52,150.87,150.54000000000002,stop,-0.3599999999999852,-0.002386160270431399,-23.86160270431399,0.3299999999999841,-1.0909090909090988
2007-05-11,-1,606,616,149.72000000000003,150.09,149.73000000000002,150.07,stop,-0.3699999999999761,-0.0024711146730780477,-24.711146730780477,0.339999999999975,-1.088235294117657
2007-05-14,-1,619,959,150.81000000000003,150.56,150.82000000000002,150.55,eod,0.2500000000000284,0.0016576050921630313,16.576050921630312,0.4899999999999807,0.5102040816327312
2007-05-15,1,603,884,150.99999999999997,150.42,150.98999999999998,150.44,stop,-0.5799999999999841,-0.0038413139943041536,-38.413139943041536,0.549999999999983,-1.0545454545454582
2007-05-16,1,613,636,151.11999999999998,150.73,151.10999999999999,150.75,stop,-0.38999999999998636,-0.002580901330156749,-25.809013301567493,0.3599999999999852,-1.08333333333334
2007-05-17,1,606,959,151.48999999999998,151.43,151.48,151.44,eod,-0.05999999999997385,-0.00039609189331907746,-3.9609189331907744,0.37999999999996703,-0.15789473684205016
2007-05-18,1,600,621,152.08999999999997,151.78,152.07999999999998,151.8,stop,-0.30999999999997385,-0.002038400841662111,-20.38400841662111,0.2799999999999727,-1.1071428571428716
2007-05-22,1,604,620,152.82,152.42,152.81,152.44,stop,-0.4000000000000057,-0.002617629736273841,-26.17629736273841,0.37000000000000455,-1.0810810810810831
2007-05-23,1,602,959,153.29999999999998,152.37,153.29,152.38,eod,-0.9299999999999784,-0.00606693195903176,-60.6693195903176,1.289999999999992,-0.7209302325581273
2007-05-24,1,600,645,152.79999999999998,152.25,152.79,152.27,stop,-0.549999999999983,-0.0035997120230380456,-35.99712023038045,0.5199999999999818,-1.057692307692312
2007-05-25,-1,600,611,151.33,151.67,151.34,151.64999999999998,stop,-0.339999999999975,-0.0022465970662083716,-22.465970662083716,0.30999999999997385,-1.096774193548399
2007-05-29,1,600,735,152.39999999999998,151.85999999999999,152.39,151.88,stop,-0.539999999999992,-0.0035435396023360596,-35.435396023360596,0.5099999999999909,-1.058823529411768
2007-05-30,1,608,959,151.85999999999999,153.36,151.85,153.37,eod,1.5000000000000284,0.009878169245966602,98.78169245966602,0.5199999999999818,2.88461538461554
2007-05-31,1,601,611,153.89,153.55,153.88,153.57000000000002,stop,-0.339999999999975,-0.002209513906940311,-22.095139069403107,0.30999999999997385,-1.096774193548399
2007-06-01,1,600,652,154.20999999999998,153.82,154.2,153.84,stop,-0.38999999999998636,-0.0025291828793773436,-25.291828793773437,0.3599999999999852,-1.08333333333334
2007-06-04,1,611,959,153.95999999999998,154.23000000000002,153.95,154.24,eod,0.27000000000003865,0.0017538161740827455,17.538161740827455,0.47999999999998977,0.5625000000000925
2007-06-06,-1,605,959,152.41000000000003,152.10999999999999,152.42000000000002,152.1,eod,0.3000000000000398,0.0019682456370557653,19.682456370557652,0.5399999999999636,0.5555555555556667
2007-06-07,1,600,638,152.01999999999998,151.43,152.01,151.45000000000002,stop,-0.589999999999975,-0.003881323597131603,-38.81323597131603,0.5599999999999739,-1.053571428571433
2007-06-08,1,612,959,150.01,151.04000000000002,150.0,151.05,eod,1.0300000000000296,0.006866666666666864,68.66666666666863,0.9199999999999875,1.1195652173913517
2007-06-11,-1,633,706,150.70000000000002,151.45,150.71,151.42999999999998,stop,-0.7499999999999716,-0.00497644482781482,-49.7644482781482,0.7199999999999704,-1.0416666666666698
2007-06-12,-1,604,821,150.54000000000002,151.05,150.55,151.03,stop,-0.5099999999999909,-0.0033875788774492916,-33.87578877449292,0.47999999999998977,-1.0625000000000038
2007-06-13,-1,611,619,150.23000000000002,150.65,150.24,150.63,stop,-0.4199999999999875,-0.0027955271565494374,-27.955271565494375,0.38999999999998636,-1.0769230769230824
2007-06-14,1,631,959,152.82999999999998,152.70000000000002,152.82,152.71,eod,-0.12999999999996703,-0.000850673995550105,-8.50673995550105,0.799999999999983,-0.16249999999996226
2007-06-15,1,631,959,153.45999999999998,153.04000000000002,153.45,153.05,eod,-0.4199999999999591,-0.002737047898337954,-27.37047898337954,1.1499999999999773,-0.36521739130431946
2007-06-18,-1,600,959,153.09000000000003,152.91,153.10000000000002,152.9,eod,0.18000000000003524,0.0011757021554541817,11.757021554541817,0.2999999999999545,0.6000000000002085
2007-06-19,1,623,959,152.73999999999998,153.19,152.73,153.2,eod,0.45000000000001705,0.002946375957572298,29.46375957572298,0.37999999999996703,1.184210526315937
2007-06-20,-1,600,606,152.94000000000003,153.61,152.95000000000002,153.59,stop,-0.6699999999999875,-0.004380516508662879,-43.80516508662879,0.6399999999999864,-1.0468750000000029
2007-06-21,-1,600,620,150.34000000000003,151.3,150.35000000000002,151.28,stop,-0.9599999999999795,-0.006385101429996537,-63.85101429996537,0.9299999999999784,-1.032258064516131
2007-06-22,-1,608,959,151.08,150.25,151.09,150.24,eod,0.8300000000000125,0.005493414521146419,54.93414521146419,0.6899999999999977,1.2028985507246597
2007-06-25,1,660,874,150.99999999999997,149.52,150.98999999999998,149.54000000000002,stop,-1.4799999999999613,-0.009801973640638197,-98.01973640638197,1.4499999999999602,-1.0206896551724152
2007-06-26,-1,600,601,149.93,150.33,149.94,150.31,stop,-0.4000000000000057,-0.002667733760170773,-26.67733760170773,0.37000000000000455,-1.0810810810810831
2007-06-27,1,630,959,148.85999999999999,150.54000000000002,148.85,150.55,eod,1.6800000000000352,0.011286530063822877,112.86530063822877,0.799999999999983,2.100000000000089
2007-06-28,1,600,833,150.6,150.28,150.59,150.3,stop,-0.3199999999999932,-0.0021249750979480254,-21.249750979480254,0.28999999999999204,-1.1034482758620758
2007-06-29,1,600,733,151.48999999999998,150.75,151.48,150.77,stop,-0.7399999999999807,-0.00488513335093729,-48.85133350937291,0.7099999999999795,-1.0422535211267634
2007-07-02,1,600,659,151.17999999999998,150.74,151.17,150.76000000000002,stop,-0.4399999999999693,-0.0029106304160876452,-29.10630416087645,0.40999999999996817,-1.0731707317073256
2007-07-05,1,601,650,152.51999999999998,152.08,152.51,152.10000000000002,stop,-0.4399999999999693,-0.0028850567175920877,-28.850567175920876,0.40999999999996817,-1.0731707317073256
2007-07-06,1,618,959,152.45999999999998,152.94,152.45,152.95,eod,0.4800000000000182,0.0031485733027223238,31.485733027223237,0.5299999999999727,0.9056603773585715
2007-07-09,1,633,635,153.35,152.99,153.34,153.01000000000002,stop,-0.3599999999999852,-0.0023477240119993818,-23.47724011999382,0.3299999999999841,-1.0909090909090988
2007-07-10,1,613,825,152.35,151.78,152.34,151.8,stop,-0.5699999999999932,-0.003741630563213819,-37.41630563213819,0.539999999999992,-1.0555555555555585
2007-07-11,1,615,959,151.20999999999998,151.83,151.2,151.84,eod,0.620000000000033,0.004100529100529319,41.00529100529319,0.6899999999999693,0.8985507246377689
2007-07-12,1,651,959,153.04999999999998,154.72,153.04,154.73,eod,1.670000000000016,0.010912179822268792,109.12179822268793,0.7099999999999795,2.352112676056428
2007-07-13,1,601,959,154.88,155.11,154.87,155.12,eod,0.2300000000000182,0.0014851165493641,14.851165493641,0.4900000000000091,0.4693877551020692
2007-07-16,1,618,816,155.21999999999997,154.81,155.20999999999998,154.83,stop,-0.40999999999996817,-0.002641582372269623,-26.41582372269623,0.37999999999996703,-1.0789473684210624
2007-07-17,1,625,739,155.49999999999997,154.91,155.48999999999998,154.93,stop,-0.589999999999975,-0.0037944562351275007,-37.944562351275,0.5599999999999739,-1.053571428571433
2007-07-18,1,601,611,154.74999999999997,154.05,154.73999999999998,154.07000000000002,stop,-0.6999999999999602,-0.004523717203050021,-45.23717203050021,0.6699999999999591,-1.0447761194029894
2007-07-19,-1,620,959,155.12,155.22,155.13,155.21,eod,-0.09999999999999432,-0.0006446206407528803,-6.446206407528803,0.4099999999999966,-0.24390243902437841
2007-07-20,-1,620,959,153.96,153.34,153.97,153.33,eod,0.6200000000000045,0.00402675845944018,40.267584594401804,1.0300000000000011,0.6019417475728193
2007-07-23,-1,606,659,153.99,154.45,154.0,154.42999999999998,stop,-0.45999999999997954,-0.002987012987012854,-29.87012987012854,0.4299999999999784,-1.0697674418604712
2007-07-24,-1,608,628,152.65,153.27,152.66,153.25,stop,-0.6200000000000045,-0.004061312721079553,-40.61312721079553,0.5900000000000034,-1.0508474576271203
2007-07-25,-1,605,959,151.97000000000003,151.75,151.98000000000002,151.74,eod,0.22000000000002728,0.0014475588893277224,14.475588893277225,0.4199999999999591,0.5238095238096399
2007-07-26,1,609,959,150.45999999999998,148.54000000000002,150.45,148.55,eod,-1.919999999999959,-0.012761714855433428,-127.61714855433428,9.73999999999998,-0.19712525667350747
2007-07-27,1,606,653,148.48999999999998,147.14,148.48,147.16,stop,-1.3499999999999943,-0.009092133620689618,-90.92133620689619,1.3199999999999932,-1.0227272727272736
2007-07-30,1,610,816,146.35,145.3,146.34,145.32000000000002,stop,-1.049999999999983,-0.007175071750717391,-71.7507175071739,1.0199999999999818,-1.029411764705884
2007-07-31,1,613,648,149.33999999999997,147.63,149.32999999999998,147.65,stop,-1.7099999999999795,-0.011451148463135202,-114.51148463135202,1.6799999999999784,-1.0178571428571437
2007-08-01,-1,660,955,144.57000000000002,146.51,144.58,146.48999999999998,stop,-1.9399999999999693,-0.013418176787937261,-134.18176787937261,1.9099999999999682,-1.0157068062827235
2007-08-02,-1,607,634,146.70000000000002,147.45,146.71,147.42999999999998,stop,-0.7499999999999716,-0.005112125962783529,-51.121259627835286,0.7199999999999704,-1.0416666666666698
2007-08-03,-1,600,959,146.34000000000003,143.35,146.35000000000002,143.34,eod,2.9900000000000375,0.020430474888965062,204.30474888965063,1.2399999999999807,2.411290322580713
2007-08-06,-1,652,710,142.92000000000002,144.47,142.93,144.45,stop,-1.549999999999983,-0.01084446932064635,-108.4446932064635,1.5199999999999818,-1.0197368421052642
2007-08-07,1,600,959,146.42,147.66,146.41,147.67,eod,1.240000000000009,0.00846936684652694,84.6936684652694,1.1899999999999977,1.0420168067226987
2007-08-08,1,616,924,149.05999999999997,148.32,149.04999999999998,148.34,stop,-0.7399999999999807,-0.004964776920496349,-49.64776920496349,0.7099999999999795,-1.0422535211267634
2007-08-09,1,601,798,147.98999999999998,146.72,147.98,146.74,stop,-1.2699999999999818,-0.008582240843357089,-85.82240843357089,1.2399999999999807,-1.024193548387098
2007-08-10,1,602,635,144.49999999999997,143.27,144.48999999999998,143.29000000000002,stop,-1.2299999999999613,-0.008512699840819168,-85.12699840819168,1.1999999999999602,-1.0250000000000017
2007-08-13,-1,655,691,146.02,146.8,146.03,146.78,stop,-0.7800000000000011,-0.005341368212011238,-53.413682120112384,0.75,-1.0400000000000016
2007-08-14,-1,607,959,145.08,142.76999999999998,145.09,142.76,eod,2.3100000000000307,0.01592115238817307,159.2115238817307,0.9799999999999898,2.357142857142913
2007-08-15,1,625,911,143.92,142.1,143.91,142.12,stop,-1.8199999999999932,-0.012646793134597966,-126.46793134597966,1.789999999999992,-1.0167597765363137
2007-08-16,-1,602,942,139.48000000000002,140.8,139.49,140.78,stop,-1.3199999999999932,-0.009463043945802517,-94.63043945802517,1.289999999999992,-1.0232558139534893
2007-08-17,-1,600,959,144.01000000000002,144.75,144.02,144.74,eod,-0.7399999999999807,-0.005138175253436888,-51.38175253436888,10.529999999999973,-0.07027540360873528
2007-08-20,-1,631,924,144.34000000000003,145.39000000000001,144.35000000000002,145.37,stop,-1.049999999999983,-0.007273986837547508,-72.73986837547508,1.0199999999999818,-1.029411764705884
2007-08-21,1,690,959,145.23,144.92000000000002,145.22,144.93,eod,-0.30999999999997385,-0.0021346921911580626,-21.346921911580626,1.0900000000000034,-0.2844036697247458
2007-08-22,-1,663,932,145.99,146.63,146.0,146.60999999999999,stop,-0.6399999999999864,-0.004383561643835523,-43.83561643835523,0.6099999999999852,-1.0491803278688556
2007-08-23,-1,615,959,146.53000000000003,146.57999999999998,146.54000000000002,146.57,eod,-0.049999999999954525,-0.0003412037668892761,-3.412037668892761,1.1199999999999761,-0.044642857142817495
2007-08-24,1,600,959,146.77999999999997,148.15,146.76999999999998,148.16,eod,1.370000000000033,0.00933433262928414,93.3433262928414,1.379999999999967,0.9927536231884534
2007-08-27,-1,602,784,147.44000000000003,147.96,147.45000000000002,147.94,stop,-0.5199999999999818,-0.0035266191929466378,-35.26619192946638,0.4899999999999807,-1.061224489795923
2007-08-28,-1,606,959,145.63000000000002,143.67,145.64000000000001,143.66,eod,1.9600000000000364,0.013457841252403435,134.57841252403435,0.6199999999999761,3.1612903225808258
2007-08-29,-1,600,661,144.16000000000003,144.82,144.17000000000002,144.79999999999998,stop,-0.6599999999999682,-0.0045779288340151774,-45.77928834015177,0.629999999999967,-1.047619047619052
2007-08-30,1,606,959,146.35999999999999,146.13,146.35,146.14,eod,-0.22999999999998977,-0.0015715749914587617,-15.715749914587617,1.049999999999983,-0.21904761904761286
2007-08-31,1,600,602,147.85,147.42,147.84,147.44,stop,-0.4300000000000068,-0.0029085497835498295,-29.085497835498295,0.4000000000000057,-1.0750000000000017
2007-09-04,1,600,959,148.26,149.22,148.25,149.23,eod,0.960000000000008,0.006475548060708317,64.75548060708317,0.8599999999999852,1.1162790697674703
2007-09-05,-1,600,959,147.9,147.57,147.91,147.56,eod,0.3300000000000125,0.0022310864715030256,22.310864715030256,0.46000000000000796,0.7173913043478408
2007-09-06,-1,604,691,147.46,148.27,147.47,148.25,stop,-0.8100000000000023,-0.005492642571370464,-54.92642571370464,0.7800000000000011,-1.0384615384615399
2007-09-07,1,605,633,146.73999999999998,146.13,146.73,146.15,stop,-0.6099999999999852,-0.004157295713214648,-41.57295713214648,0.5799999999999841,-1.0517241379310378
2007-09-10,-1,601,887,145.94000000000003,146.75,145.95000000000002,146.73,stop,-0.8099999999999739,-0.005549845837615442,-55.49845837615442,0.7799999999999727,-1.0384615384615412
2007-09-11,1,601,959,146.76,147.63,146.75,147.64,eod,0.8700000000000045,0.005928449744463404,59.28449744463404,0.6299999999999955,1.380952380952398
2007-09-12,1,626,959,147.74999999999997,147.63,147.73999999999998,147.64,eod,-0.11999999999997613,-0.0008122377149044006,-8.122377149044006,0.7699999999999818,-0.15584415584412853
2007-09-13,1,622,959,148.70999999999998,148.8,148.7,148.81,eod,0.09000000000003183,0.0006052454606592591,6.052454606592591,0.5099999999999909,0.1764705882353597
2007-09-14,1,600,959,148.26,148.91,148.25,148.92,eod,0.6500000000000057,0.004384485666104591,43.84485666104591,0.5199999999999818,1.2500000000000546
2007-09-17,1,606,631,148.55999999999997,148.2,148.54999999999998,148.22,stop,-0.3599999999999852,-0.002423426455738709,-24.234264557387093,0.3299999999999841,-1.0909090909090988
2007-09-18,1,631,698,148.96999999999997,148.34,148.95999999999998,148.36,stop,-0.629999999999967,-0.004229323308270456,-42.29323308270456,0.5999999999999659,-1.0500000000000047
2007-09-19,-1,620,653,153.39000000000001,153.91,153.4,153.89,stop,-0.5199999999999818,-0.0033898305084744578,-33.89830508474458,0.4899999999999807,-1.061224489795923
2007-09-20,1,608,804,153.38,152.74,153.37,152.76000000000002,stop,-0.6399999999999864,-0.004172915172458671,-41.72915172458671,0.6099999999999852,-1.0491803278688556
2007-09-21,-1,635,663,152.27,153.13,152.28,153.10999999999999,stop,-0.8599999999999852,-0.005647491463094203,-56.47491463094203,0.8299999999999841,-1.036144578313255
2007-09-24,1,626,811,152.51,151.9,152.5,151.92000000000002,stop,-0.6099999999999852,-0.003999999999999903,-39.99999999999903,0.5799999999999841,-1.0517241379310378
2007-09-25,-1,600,608,150.56000000000003,150.99,150.57000000000002,150.97,stop,-0.4299999999999784,-0.002855814571295599,-28.558145712955987,0.39999999999997726,-1.075000000000007
2007-09-26,1,666,959,152.42999999999998,152.36,152.42,152.37,eod,-0.06999999999996476,-0.00045925731531271986,-4.592573153127199,1.039999999999992,-0.06730769230765893
2007-09-27,-1,600,919,152.57000000000002,153.01,152.58,152.98999999999998,stop,-0.4399999999999693,-0.0028837331236070867,-28.837331236070867,0.40999999999996817,-1.0731707317073256
2007-09-28,1,600,616,153.17,152.76,153.16,152.78,stop,-0.4099999999999966,-0.002676939148602746,-26.769391486027462,0.37999999999999545,-1.0789473684210567
2007-10-01,1,601,959,153.36999999999998,154.51000000000002,153.35999999999999,154.52,eod,1.1400000000000432,0.0074334898278563075,74.33489827856307,0.8699999999999761,1.3103448275862926
2007-10-02,-1,600,959,154.28000000000003,154.44,154.29000000000002,154.43,eod,-0.15999999999996817,-0.001037008231252629,-10.370082312526291,0.3699999999999761,-0.4324324324323743
2007-10-03,-1,600,615,153.47000000000003,153.98,153.48000000000002,153.95999999999998,stop,-0.5099999999999625,-0.003322908522282789,-33.22908522282789,0.47999999999996135,-1.0625000000000073
2007-10-04,-1,602,653,153.63000000000002,154.19,153.64000000000001,154.17,stop,-0.5599999999999739,-0.0036448841447538,-36.448841447538,0.5299999999999727,-1.0566037735849108
2007-10-05,-1,629,661,154.74,155.17,154.75,155.14999999999998,stop,-0.4299999999999784,-0.002778675282713915,-27.786752827139154,0.39999999999997726,-1.075000000000007
2007-10-08,1,606,662,155.45,155.13,155.44,155.15,stop,-0.3199999999999932,-0.00205867215645904,-20.5867215645904,0.28999999999999204,-1.1034482758620758
2007-10-09,-1,602,869,155.42000000000002,155.74,155.43,155.72,stop,-0.3199999999999932,-0.002058804606575263,-20.588046065752632,0.28999999999999204,-1.1034482758620758
2007-10-10,-1,600,695,155.74,156.15,155.75,156.13,stop,-0.4099999999999966,-0.00263242375601924,-26.324237560192397,0.37999999999999545,-1.0789473684210567
2007-10-11,1,630,843,157.14999999999998,156.73,157.14,156.75,stop,-0.4199999999999875,-0.002672775868652078,-26.72775868652078,0.38999999999998636,-1.0769230769230824
2007-10-12,1,605,959,155.67999999999998,156.04000000000002,155.67,156.05,eod,0.36000000000004206,0.002312584312970014,23.12584312970014,0.40999999999996817,0.8780487804879756
2007-10-15,-1,600,959,155.71,154.84,155.72,154.83,eod,0.8700000000000045,0.005586950937580302,55.86950937580302,0.6500000000000057,1.3384615384615337
2007-10-16,-1,614,959,153.95000000000002,153.76999999999998,153.96,153.76,eod,0.18000000000003524,0.0011691348402184673,11.691348402184673,2.5299999999999727,0.07114624505930324
2007-10-17,-1,600,959,154.57000000000002,154.04,154.58,154.03,eod,0.5300000000000296,0.0034286453616252394,34.286453616252395,0.5199999999999818,1.0192307692308618
2007-10-18,-1,602,620,153.23000000000002,153.71,153.24,153.69,stop,-0.47999999999998977,-0.0031323414252152817,-31.323414252152816,0.44999999999998863,-1.0666666666666709
2007-10-19,-1,603,959,152.59000000000003,149.98,152.60000000000002,149.97,eod,2.610000000000042,0.017103538663171963,171.03538663171963,3.889999999999958,0.6709511568123574
2007-10-22,1,611,959,149.95999999999998,150.58,149.95,150.59,eod,0.620000000000033,0.004134711570523728,41.34711570523728,1.299999999999983,0.47692307692310854
2007-10-23,1,606,621,151.54,151.12,151.53,151.14000000000001,stop,-0.4199999999999875,-0.002771728370619597,-27.717283706195968,0.38999999999998636,-1.0769230769230824
2007-10-24,-1,601,913,150.93,151.51,150.94,151.48999999999998,stop,-0.5799999999999841,-0.003842586458195204,-38.42586458195204,0.549999999999983,-1.0545454545454582
2007-10-25,1,610,731,151.74999999999997,150.8,151.73999999999998,150.82000000000002,stop,-0.9499999999999602,-0.006260709107683935,-62.60709107683935,0.9199999999999591,-1.0326086956521765
2007-10-26,-1,602,605,152.48000000000002,153.26,152.49,153.23999999999998,stop,-0.7799999999999727,-0.005115089514066317,-51.150895140663174,0.7499999999999716,-1.040000000000003
2007-10-29,-1,617,959,153.78000000000003,154.01,153.79000000000002,154.0,eod,-0.22999999999996135,-0.0014955458742438475,-14.955458742438475,0.6599999999999682,-0.3484848484848067
2007-10-30,-1,600,821,153.4,153.73,153.41,153.70999999999998,stop,-0.3299999999999841,-0.0021510983638614437,-21.510983638614437,0.29999999999998295,-1.1000000000000094
2007-10-31,1,640,854,154.01,153.49,154.0,153.51000000000002,stop,-0.5199999999999818,-0.0033766233766232587,-33.76623376623259,0.4899999999999807,-1.061224489795923
2007-11-01,-1,610,959,152.03000000000003,150.79,152.04000000000002,150.78,eod,1.2400000000000375,0.008155748487240445,81.55748487240444,1.379999999999967,0.8985507246377298
2007-11-02,-1,605,959,149.58,151.13,149.59,151.12,eod,-1.549999999999983,-0.01036165519085489,-103.6165519085489,1.9799999999999898,-0.7828282828282782
2007-11-05,1,600,830,150.29999999999998,149.33,150.29,149.35000000000002,stop,-0.9699999999999704,-0.006454188568766854,-64.54188568766854,0.9399999999999693,-1.0319148936170235
2007-11-06,1,601,623,151.15999999999997,150.68,151.14999999999998,150.70000000000002,stop,-0.47999999999996135,-0.003175653324511819,-31.756533245118188,0.4499999999999602,-1.066666666666675
2007-11-07,1,606,636,150.98999999999998,150.39,150.98,150.41,stop,-0.5999999999999943,-0.003974036296198135,-39.74036296198135,0.5699999999999932,-1.052631578947371
2007-11-08,-1,605,959,147.04000000000002,147.54,147.05,147.53,eod,-0.4999999999999716,-0.003400204012240541,-34.00204012240541,2.259999999999991,-0.22123893805308567
2007-11-09,1,605,672,145.96999999999997,145.08,145.95999999999998,145.10000000000002,stop,-0.8899999999999579,-0.006097560975609468,-60.975609756094684,0.8599999999999568,-1.0348837209302357
2007-11-12,1,643,940,145.99999999999997,144.71,145.98999999999998,144.73000000000002,stop,-1.2899999999999636,-0.008836221659017493,-88.36221659017494,1.2599999999999625,-1.0238095238095255
2007-11-13,1,614,959,146.04999999999998,148.19,146.04,148.2,eod,2.140000000000015,0.014653519583675808,146.53519583675808,0.8299999999999841,2.5783132530121153
2007-11-14,-1,608,959,148.49,147.10999999999999,148.5,147.1,eod,1.3800000000000239,0.009292929292929453,92.92929292929453,0.9099999999999966,1.5164835164835484
2007-11-15,1,610,841,147.05999999999997,145.97,147.04999999999998,145.99,stop,-1.089999999999975,-0.0074124447466846315,-74.12444746684632,1.0599999999999739,-1.0283018867924547
2007-11-16,-1,600,737,145.27,146.46,145.28,146.44,stop,-1.1899999999999977,-0.008191079295154169,-81.9107929515417,1.1599999999999966,-1.0258620689655182
2007-11-19,-1,631,915,144.54000000000002,145.39000000000001,144.55,145.37,stop,-0.8499999999999943,-0.00588031822898647,-58.8031822898647,0.8199999999999932,-1.0365853658536601
2007-11-20,1,601,761,144.98,143.58,144.97,143.60000000000002,stop,-1.3999999999999773,-0.00965717044905827,-96.57170449058269,1.3699999999999761,-1.0218978102189793
2007-11-21,-1,607,776,142.54000000000002,143.41,142.55,143.39,stop,-0.8699999999999761,-0.0061031217116799446,-61.031217116799446,0.839999999999975,-1.035714285714288
2007-11-26,1,600,641,144.85,143.88,144.84,143.9,stop,-0.9699999999999989,-0.006697045015189166,-66.97045015189167,0.9399999999999977,-1.0319148936170226
2007-11-27,-1,608,649,141.44000000000003,142.39000000000001,141.45000000000002,142.37,stop,-0.9499999999999886,-0.006716154118062838,-67.16154118062839,0.9199999999999875,-1.0326086956521756
2007-11-28,1,601,959,145.27999999999997,147.24,145.26999999999998,147.25,eod,1.9600000000000364,0.013492118124871182,134.92118124871183,1.1399999999999864,1.7192982456140875
2007-11-29,-1,605,690,146.43,147.18,146.44,147.16,stop,-0.75,-0.005121551488664299,-51.21551488664299,0.7199999999999989,-1.0416666666666683
2007-11-30,-1,612,959,148.60000000000002,148.45,148.61,148.44,eod,0.1500000000000341,0.001009353340959788,10.09353340959788,1.2699999999999818,0.11811023622050099
2007-12-03,-1,604,750,147.56000000000003,148.35,147.57000000000002,148.32999999999998,stop,-0.7899999999999636,-0.005353391610760747,-53.533916107607475,0.7599999999999625,-1.0394736842105297
2007-12-04,1,613,959,146.96999999999997,146.55,146.95999999999998,146.56,eod,-0.4199999999999591,-0.002857920522590903,-28.579205225909032,0.6599999999999682,-0.636363636363605
2007-12-05,1,604,959,148.23,148.85000000000002,148.22,148.86,eod,0.620000000000033,0.004182971258939637,41.829712589396365,0.39999999999997726,1.5500000000001706
2007-12-06,1,610,959,149.35999999999999,151.10000000000002,149.35,151.11,eod,1.7400000000000375,0.011650485436893456,116.50485436893456,0.789999999999992,2.2025316455696897
2007-12-07,-1,628,959,150.98000000000002,150.75,150.99,150.74,eod,0.2300000000000182,0.0015232796873966368,15.232796873966368,0.5199999999999818,0.44230769230774275
2007-12-10,1,600,959,151.54,152.02,151.53,152.03,eod,0.4800000000000182,0.0031676895664226106,31.676895664226105,0.6799999999999784,0.7058823529412256
2007-12-11,-1,628,803,151.95000000000002,152.33,151.96,152.31,stop,-0.37999999999999545,-0.0025006580679125786,-25.006580679125786,0.3499999999999943,-1.0857142857142903
2007-12-12,-1,602,959,150.55,149.17,150.56,149.16,eod,1.3800000000000239,0.0091657810839534,91.657810839534,1.1999999999999886,1.1500000000000308
2007-12-13,-1,601,932,147.75000000000003,149.03,147.76000000000002,149.01,stop,-1.2799999999999727,-0.00866269626421205,-86.6269626421205,1.2499999999999716,-1.0240000000000014
2007-12-14,1,605,890,148.38,147.87,148.37,147.89000000000001,stop,-0.5099999999999909,-0.003437352564534548,-34.37352564534548,0.47999999999998977,-1.0625000000000038
2007-12-17,-1,608,637,146.12,146.75,146.13,146.73,stop,-0.6299999999999955,-0.004311229726955419,-43.11229726955419,0.5999999999999943,-1.0500000000000023
2007-12-18,-1,608,871,145.78000000000003,146.24,145.79000000000002,146.22,stop,-0.45999999999997954,-0.003155223266341858,-31.55223266341858,0.4299999999999784,-1.0697674418604712
2007-12-19,1,605,682,146.61999999999998,145.66,146.60999999999999,145.68,stop,-0.9599999999999795,-0.006547984448536796,-65.47984448536796,0.9299999999999784,-1.032258064516131
2007-12-20,-1,601,959,145.99,146.54,146.0,146.53,eod,-0.549999999999983,-0.003767123287671116,-37.67123287671116,0.8700000000000045,-0.6321839080459541
2007-12-21,1,615,959,147.7,148.18,147.69,148.19,eod,0.4800000000000182,0.0032500507820435926,32.50050782043593,0.6099999999999852,0.7868852459016882
2007-12-26,1,627,959,148.93999999999997,149.45000000000002,148.92999999999998,149.46,eod,0.5100000000000477,0.0034244275834287774,34.24427583428778,0.4399999999999693,1.1590909090910986
2007-12-27,-1,639,959,148.56000000000003,147.53,148.57000000000002,147.52,eod,1.0300000000000296,0.006932758968836437,69.32758968836437,0.46999999999997044,2.1914893617023283
2007-12-28,-1,600,959,148.24,147.56,148.25,147.55,eod,0.6800000000000068,0.0045868465430017324,45.868465430017324,0.37000000000000455,1.8378378378378337
2007-12-31,-1,636,860,146.78000000000003,147.21,146.79000000000002,147.19,stop,-0.4299999999999784,-0.0029293548606851853,-29.293548606851854,0.39999999999997726,-1.075000000000007
2008-01-02,-1,600,959,146.50000000000003,144.56,146.51000000000002,144.55,eod,1.9400000000000261,0.01324141696812522,132.4141696812522,0.4899999999999807,3.9591836734695973
2008-01-03,1,601,917,145.14,144.48,145.13,144.5,stop,-0.6599999999999966,-0.004547646937228668,-45.47646937228668,0.6299999999999955,-1.0476190476190497
2008-01-04,-1,604,959,142.64000000000001,140.94,142.65,140.93,eod,1.700000000000017,0.011917280056081437,119.17280056081437,0.799999999999983,2.1250000000000666
2008-01-07,-1,611,770,141.32000000000002,142.08,141.33,142.06,stop,-0.7599999999999909,-0.005377485318049889,-53.77485318049889,0.7299999999999898,-1.041095890410961
2008-01-08,1,604,674,142.64999999999998,141.83,142.64,141.85000000000002,stop,-0.8199999999999648,-0.005748738081884218,-57.487380818842176,0.7899999999999636,-1.0379746835443069
2008-01-09,1,600,695,139.61999999999998,138.69,139.60999999999999,138.71,stop,-0.9299999999999784,-0.006661413938829443,-66.61413938829443,0.8999999999999773,-1.0333333333333354
2008-01-10,1,602,959,140.14,141.79000000000002,140.13,141.8,eod,1.650000000000034,0.011774780560907973,117.74780560907973,0.7699999999999818,2.142857142857238
2008-01-11,1,651,828,141.14999999999998,139.97,141.14,139.99,stop,-1.1799999999999784,-0.00836049312739109,-83.6049312739109,1.1499999999999773,-1.0260869565217405
2008-01-14,-1,602,660,140.41000000000003,141.27,140.42000000000002,141.25,stop,-0.8599999999999852,-0.006124483691781692,-61.24483691781692,0.8299999999999841,-1.036144578313255
2008-01-15,-1,605,959,139.65,137.95999999999998,139.66,137.95,eod,1.6900000000000261,0.012100816268079809,121.0081626807981,0.44999999999998863,3.7555555555557087
2008-01-16,-1,612,869,137.28000000000003,138.53,137.29000000000002,138.51,stop,-1.2499999999999716,-0.009104814625974006,-91.04814625974007,1.2199999999999704,-1.0245901639344277
2008-01-17,-1,600,959,137.04000000000002,133.23999999999998,137.05,133.23,eod,3.80000000000004,0.027727106895293976,277.27106895293974,0.839999999999975,4.523809523809706
2008-01-18,1,613,959,135.01999999999998,132.48000000000002,135.01,132.49,eod,-2.5399999999999636,-0.018813421228056914,-188.13421228056913,21.36999999999999,-0.11885821244735446
2008-01-22,1,620,959,129.88,131.01000000000002,129.87,131.02,eod,1.1300000000000239,0.008701008701008884,87.01008701008884,3.8800000000000097,0.29123711340206726
2008-01-23,1,600,766,129.48,127.02,129.47,127.03999999999999,stop,-2.4599999999999937,-0.019000540665791255,-190.00540665791254,2.430000000000007,-1.0123456790123402
2008-01-24,1,602,614,135.05999999999997,133.88,135.04999999999998,133.9,stop,-1.1799999999999784,-0.008737504627915428,-87.37504627915428,1.1499999999999773,-1.0260869565217405
2008-01-25,-1,600,959,135.89000000000001,132.98999999999998,135.9,132.98,eod,2.900000000000034,0.021339220014716952,213.39220014716952,0.8699999999999761,3.333333333333464
2008-01-28,-1,602,629,132.27,133.36,132.28,133.34,stop,-1.0900000000000034,-0.008240096764439094,-82.40096764439095,1.0600000000000023,-1.0283018867924538
2008-01-29,-1,601,681,135.18,136.33,135.19,136.31,stop,-1.1500000000000057,-0.008506546342185116,-85.06546342185115,1.1200000000000045,-1.0267857142857153
2008-01-30,1,600,956,135.83999999999997,135.2,135.82999999999998,135.22,stop,-0.6399999999999864,-0.004711772068026109,-47.117720680261094,0.6099999999999852,-1.0491803278688556
2008-01-31,1,607,959,134.52999999999997,137.32000000000002,134.51999999999998,137.33,eod,2.790000000000049,0.020740410347904022,207.40410347904023,1.329999999999984,2.0977443609023174
2008-02-01,1,600,645,138.73,137.69,138.72,137.71,stop,-1.039999999999992,-0.007497116493656229,-74.97116493656229,1.009999999999991,-1.029702970297031
2008-02-04,-1,601,959,138.41000000000003,138.01,138.42000000000002,138.0,eod,0.4000000000000341,0.002889755815633825,28.897558156338253,0.8899999999999864,0.44943820224723624
2008-02-05,1,630,651,136.26,135.18,136.25,135.20000000000002,stop,-1.079999999999984,-0.007926605504587039,-79.26605504587039,1.049999999999983,-1.02857142857143
2008-02-06,1,642,852,134.7,133.42,134.69,133.44,stop,-1.2800000000000011,-0.00950330388299058,-95.03303882990579,1.25,-1.024000000000001
2008-02-07,1,604,959,132.85999999999999,133.77,132.85,133.78,eod,0.910000000000025,0.006849830636055891,68.4983063605589,1.1299999999999955,0.8053097345132997
2008-02-08,1,604,741,133.88,132.89,133.87,132.91,stop,-0.9900000000000091,-0.007395234182415844,-73.95234182415844,0.960000000000008,-1.0312500000000009
2008-02-11,-1,607,765,132.23000000000002,133.83,132.24,133.81,stop,-1.5999999999999943,-0.012099213551119134,-120.99213551119134,1.5699999999999932,-1.019108280254778
2008-02-12,1,600,925,135.20999999999998,134.53,135.2,134.55,stop,-0.6799999999999784,-0.0050295857988164085,-50.29585798816409,0.6499999999999773,-1.0461538461538495
2008-02-13,-1,603,798,135.65,136.53,135.66,136.51,stop,-0.8799999999999955,-0.006486805248415122,-64.86805248415122,0.8499999999999943,-1.0352941176470605
2008-02-14,-1,610,959,136.20000000000002,135.01999999999998,136.21,135.01,eod,1.1800000000000352,0.00866309375229451,86.6309375229451,0.799999999999983,1.4750000000000756
2008-02-15,1,614,959,134.86999999999998,135.05,134.85999999999999,135.06,eod,0.18000000000003524,0.0013347174847993123,13.347174847993122,1.5099999999999625,0.11920529801327133
2008-02-19,-1,600,959,136.18,135.04999999999998,136.19,135.04,eod,1.1300000000000239,0.008297231808503003,82.97231808503003,0.7099999999999795,1.5915492957747275
2008-02-20,-1,607,623,133.82000000000002,134.5,133.83,134.48,stop,-0.6799999999999784,-0.0050810730030634264,-50.81073003063426,0.6499999999999773,-1.0461538461538495
2008-02-21,-1,600,959,136.44000000000003,134.48999999999998,136.45000000000002,134.48,eod,1.9500000000000455,0.014290949065592123,142.90949065592122,0.5699999999999648,3.4210526315792387
2008-02-22,-1,601,953,134.28000000000003,135.1,134.29000000000002,135.07999999999998,stop,-0.8199999999999648,-0.006106188100379511,-61.061881003795115,0.7899999999999636,-1.0379746835443069
2008-02-25,-1,601,618,134.83,135.88,134.84,135.85999999999999,stop,-1.049999999999983,-0.007787006822901089,-77.8700682290109,1.0199999999999818,-1.029411764705884
2008-02-26,-1,600,652,136.70000000000002,137.3,136.71,137.28,stop,-0.5999999999999943,-0.004388852315119554,-43.88852315119554,0.5699999999999932,-1.052631578947371
2008-02-27,1,609,959,138.11999999999998,138.11,138.10999999999999,138.12,eod,-0.009999999999962483,-7.240605314577138e-05,-0.7240605314577138,0.7099999999999795,-0.014084507042201086
2008-02-28,1,602,663,137.60999999999999,137.02,137.6,137.04000000000002,stop,-0.589999999999975,-0.004287790697674237,-42.877906976742366,0.5599999999999739,-1.053571428571433
2008-02-29,-1,611,959,134.79000000000002,133.23999999999998,134.8,133.23,eod,1.5500000000000398,0.011498516320475072,114.98516320475072,0.8899999999999864,1.7415730337079365
2008-03-03,1,605,890,133.26999999999998,132.4,133.26,132.42000000000002,stop,-0.8699999999999761,-0.006528590724898515,-65.28590724898515,0.839999999999975,-1.035714285714288
2008-03-04,1,611,642,132.90999999999997,132.17,132.89999999999998,132.19,stop,-0.7399999999999807,-0.0055680963130171615,-55.68096313017161,0.7099999999999795,-1.0422535211267634
2008-03-05,1,600,801,133.79999999999998,133.14,133.79,133.16,stop,-0.6599999999999966,-0.004933104118394474,-49.331041183944734,0.6299999999999955,-1.0476190476190497
2008-03-06,-1,600,959,132.41000000000003,130.82999999999998,132.42000000000002,130.82,eod,1.580000000000041,0.011931732366712284,119.31732366712285,0.8099999999999739,1.9506172839507308
2008-03-07,1,620,821,131.27999999999997,129.42,131.26999999999998,129.44,stop,-1.8599999999999852,-0.014169269444655942,-141.69269444655941,1.829999999999984,-1.0163934426229515
2008-03-10,1,600,619,129.88,129.07,129.87,129.09,stop,-0.8100000000000023,-0.006237006237006255,-62.37006237006255,0.7800000000000011,-1.0384615384615399
2008-03-11,-1,600,885,130.09000000000003,130.99,130.10000000000002,130.97,stop,-0.8999999999999773,-0.006917755572636257,-69.17755572636257,0.8699999999999761,-1.034482758620692
2008-03-12,-1,604,645,132.13000000000002,133.01,132.14000000000001,132.98999999999998,stop,-0.879999999999967,-0.006659603450885175,-66.59603450885174,0.8499999999999659,-1.0352941176470616
2008-03-13,-1,637,670,128.88000000000002,129.9,128.89000000000001,129.88,stop,-1.0199999999999818,-0.007913724881681912,-79.13724881681912,0.9899999999999807,-1.030303030303032
2008-03-14,-1,600,959,129.4,129.26,129.41,129.25,eod,0.14000000000001478,0.001081832934085579,10.81832934085579,3.4099999999999966,0.04105571847507769
2008-03-17,1,648,801,128.79,126.31,128.78,126.33,stop,-2.4799999999999898,-0.019257648703214704,-192.57648703214704,2.450000000000003,-1.0122448979591783
2008-03-18,1,601,871,130.96999999999997,130.39,130.95999999999998,130.41,stop,-0.5799999999999841,-0.004428833231520954,-44.288332315209544,0.549999999999983,-1.0545454545454582
2008-03-19,-1,616,959,133.66000000000003,130.37,133.67000000000002,130.36,eod,3.2900000000000205,0.02461285254731817,246.1285254731817,0.9899999999999807,3.323232323232409
2008-03-20,1,600,959,130.26999999999998,132.72,130.26,132.73,eod,2.450000000000017,0.018808536772608762,188.0853677260876,1.009999999999991,2.4257425742574643
2008-03-24,1,600,959,134.46999999999997,134.76000000000002,134.45999999999998,134.77,eod,0.2900000000000489,0.002156775249145091,21.56775249145091,1.2299999999999613,0.2357723577236244
2008-03-25,-1,600,835,134.23000000000002,135.36,134.24,135.34,stop,-1.1299999999999955,-0.008417759237187093,-84.17759237187093,1.0999999999999943,-1.0272727272727284
2008-03-26,1,609,632,134.48,133.81,134.47,133.83,stop,-0.6699999999999875,-0.004982523983044452,-49.825239830444524,0.6399999999999864,-1.0468750000000029
2008-03-27,-1,609,754,133.69000000000003,134.37,133.70000000000002,134.35,stop,-0.6799999999999784,-0.005086013462976651,-50.86013462976651,0.6499999999999773,-1.0461538461538495
2008-03-28,1,602,640,133.26999999999998,132.56,133.26,132.58,stop,-0.7099999999999795,-0.005327930361698781,-53.27930361698781,0.6799999999999784,-1.0441176470588267
2008-03-31,1,686,959,132.07,131.93,132.06,131.94,eod,-0.13999999999998636,-0.001060124185975968,-10.60124185975968,0.9799999999999898,-0.14285714285713041
2008-04-01,1,600,959,134.20999999999998,136.8,134.2,136.81,eod,2.590000000000032,0.01929955290611052,192.9955290611052,0.6999999999999886,3.7000000000001054
2008-04-02,-1,600,631,136.28000000000003,137.13,136.29000000000002,137.10999999999999,stop,-0.8499999999999659,-0.0062367011519551385,-62.36701151955138,0.8199999999999648,-1.0365853658536615
2008-04-03,1,600,959,136.29,136.78,136.28,136.79,eod,0.4900000000000091,0.0035955385970062306,35.95538597006231,0.5799999999999841,0.8448275862069354
2008-04-04,-1,609,687,136.44000000000003,137.06,136.45000000000002,137.04,stop,-0.6199999999999761,-0.004543788933675163,-45.43788933675163,0.589999999999975,-1.0508474576271227
2008-04-07,1,700,901,138.07,136.97,138.06,136.99,stop,-1.0999999999999943,-0.007967550340431655,-79.67550340431656,1.0699999999999932,-1.0280373831775713
2008-04-08,1,601,841,136.6,136.07,136.59,136.09,stop,-0.5300000000000011,-0.003880225492349375,-38.80225492349375,0.5,-1.0600000000000023
2008-04-09,-1,600,959,136.04000000000002,135.39999999999998,136.05,135.39,eod,0.6400000000000432,0.0047041528849690786,47.041528849690785,0.7599999999999909,0.8421052631579616
2008-04-10,-1,603,629,134.95000000000002,135.7,134.96,135.67999999999998,stop,-0.7499999999999716,-0.005557202133965409,-55.572021339654086,0.7199999999999704,-1.0416666666666698
2008-04-11,-1,601,619,134.27,134.73,134.28,134.70999999999998,stop,-0.45999999999997954,-0.0034256776884121205,-34.25677688412121,0.4299999999999784,-1.0697674418604712
2008-04-14,1,601,612,133.29999999999998,132.92,133.29,132.94,stop,-0.37999999999999545,-0.002850926551129083,-28.50926551129083,0.3499999999999943,-1.0857142857142903
2008-04-15,-1,607,959,133.15,133.51,133.16,133.5,eod,-0.3599999999999852,-0.0027035145689395107,-27.035145689395108,0.539999999999992,-0.6666666666666491
2008-04-16,1,620,959,134.96999999999997,136.21,134.95999999999998,136.22,eod,1.2400000000000375,0.00918790752815677,91.87907528156771,0.45999999999997954,2.695652173913245
2008-04-17,-1,600,622,135.86,136.53,135.87,136.51,stop,-0.6699999999999875,-0.004931184220210403,-49.311842202104025,0.6399999999999864,-1.0468750000000029
2008-04-18,-1,603,647,138.39000000000001,139.01,138.4,138.98999999999998,stop,-0.6199999999999761,-0.0044797687861269945,-44.79768786126994,0.589999999999975,-1.0508474576271227
2008-04-21,-1,605,902,138.18,138.68,138.19,138.66,stop,-0.5,-0.0036182068167016426,-36.182068167016425,0.46999999999999886,-1.0638297872340452
2008-04-22,1,613,629,138.26,137.67,138.25,137.69,stop,-0.5900000000000034,-0.0042676311030741656,-42.67631103074166,0.5600000000000023,-1.0535714285714304
2008-04-23,-1,605,635,137.42000000000002,138.2,137.43,138.17999999999998,stop,-0.7799999999999727,-0.005675616677581115,-56.75616677581115,0.7499999999999716,-1.040000000000003
2008-04-24,-1,600,695,137.51000000000002,138.31,137.52,138.29,stop,-0.799999999999983,-0.005817335660267473,-58.17335660267474,0.7699999999999818,-1.0389610389610413
2008-04-25,-1,600,910,138.86,139.56,138.87,139.54,stop,-0.6999999999999886,-0.005040685533232438,-50.406855332324376,0.6699999999999875,-1.0447761194029876
2008-04-28,1,632,959,140.01,139.61,140.0,139.62,eod,-0.39999999999997726,-0.002857142857142695,-28.57142857142695,0.6299999999999955,-0.6349206349206035
2008-04-29,-1,602,959,139.20000000000002,139.07999999999998,139.21,139.07,eod,0.12000000000003297,0.0008620070397243945,8.620070397243945,0.5299999999999727,0.2264150943396965
2008-04-30,1,666,899,139.70999999999998,139.21,139.7,139.23000000000002,stop,-0.4999999999999716,-0.0035790980672868403,-35.7909806728684,0.46999999999997044,-1.063829787234049
2008-05-01,1,600,959,138.96999999999997,140.93,138.95999999999998,140.94,eod,1.9600000000000364,0.014104778353483281,141.0477835348328,0.6999999999999602,2.800000000000211
2008-05-02,-1,623,959,141.65,141.35,141.66,141.34,eod,0.30000000000001137,0.0021177467174926684,21.177467174926683,0.7199999999999989,0.4166666666666831
2008-05-05,1,600,654,141.36999999999998,140.75,141.35999999999999,140.77,stop,-0.6199999999999761,-0.004385964912280533,-43.85964912280533,0.589999999999975,-1.0508474576271227
2008-05-06,1,602,959,140.13,141.83,140.12,141.84,eod,1.700000000000017,0.012132457893234493,121.32457893234492,0.4399999999999977,3.8636363636364224
2008-05-07,-1,602,641,141.55,141.98,141.56,141.95999999999998,stop,-0.4299999999999784,-0.003037581237637598,-30.375812376375983,0.39999999999997726,-1.075000000000007
2008-05-08,-1,602,808,139.43,140.05,139.44,140.03,stop,-0.6200000000000045,-0.004446356855995443,-44.46356855995443,0.5900000000000034,-1.0508474576271203
2008-05-09,1,605,959,138.93999999999997,138.92000000000002,138.92999999999998,138.93,eod,-0.01999999999995339,-0.00014395738861263508,-1.4395738861263507,0.4899999999999807,-0.040816326530518726
2008-05-12,-1,600,645,138.91000000000003,139.41,138.92000000000002,139.39,stop,-0.4999999999999716,-0.003599193780592942,-35.99193780592942,0.46999999999997044,-1.063829787234049
2008-05-13,-1,605,959,140.15,140.41,140.16,140.4,eod,-0.2599999999999909,-0.0018550228310501634,-18.550228310501634,0.7399999999999807,-0.35135135135134826
2008-05-15,1,600,959,141.21999999999997,142.54000000000002,141.20999999999998,142.55,eod,1.32000000000005,0.009347779902273565,93.47779902273565,0.38999999999995794,3.384615384615878
2008-05-16,-1,601,959,142.28000000000003,142.66,142.29000000000002,142.65,eod,-0.37999999999996703,-0.0026706022910954175,-26.706022910954175,0.589999999999975,-0.6440677966101409
2008-05-19,1,600,938,143.10999999999999,142.46,143.1,142.48000000000002,stop,-0.6499999999999773,-0.0045422781271836285,-45.422781271836286,0.6199999999999761,-1.0483870967741973
2008-05-20,-1,600,959,141.83,141.64999999999998,141.84,141.64,eod,0.18000000000003524,0.0012690355329951723,12.690355329951723,0.5099999999999909,0.35294117647066364
2008-05-21,-1,600,959,141.62,139.31,141.63,139.3,eod,2.3100000000000023,0.0163101037915696,163.101037915696,0.5,4.6200000000000045
2008-05-22,1,602,718,139.71999999999997,139.25,139.70999999999998,139.27,stop,-0.46999999999997044,-0.003364111373559305,-33.64111373559305,0.4399999999999693,-1.0681818181818254
2008-05-23,-1,629,959,138.38000000000002,137.88,138.39000000000001,137.87,eod,0.5000000000000284,0.0036129778163164128,36.129778163164126,0.8199999999999648,0.6097560975610364
2008-05-27,1,602,693,138.42999999999998,137.77,138.42,137.79000000000002,stop,-0.6599999999999682,-0.004768097095795175,-47.68097095795176,0.629999999999967,-1.047619047619052
2008-05-28,-1,601,959,138.70000000000002,139.38,138.71,139.37,eod,-0.6799999999999784,-0.00490231418066454,-49.023141806645405,1.299999999999983,-0.5230769230769133
2008-05-29,1,619,632,139.64999999999998,139.07,139.64,139.09,stop,-0.5799999999999841,-0.004153537668289775,-41.53537668289775,0.549999999999983,-1.0545454545454582
2008-05-30,1,623,670,140.54999999999998,140.09,140.54,140.11,stop,-0.45999999999997954,-0.0032730895118825926,-32.73089511882593,0.4299999999999784,-1.0697674418604712
2008-06-02,-1,601,959,139.16000000000003,138.84,139.17000000000002,138.83,eod,0.3200000000000216,0.0022993461234463,22.993461234463,0.6999999999999886,0.45714285714289543
2008-06-03,1,601,808,139.35,138.74,139.34,138.76000000000002,stop,-0.6099999999999852,-0.004377780967417721,-43.77780967417721,0.5799999999999841,-1.0517241379310378
2008-06-04,1,626,891,138.48,137.67,138.47,137.69,stop,-0.8100000000000023,-0.005849642521845904,-58.49642521845904,0.7800000000000011,-1.0384615384615399
2008-06-05,1,607,959,139.15999999999997,140.63,139.14999999999998,140.64,eod,1.4700000000000273,0.010564139417894556,105.64139417894556,0.839999999999975,1.7500000000000846
2008-06-06,-1,600,959,139.31000000000003,136.39,139.32000000000002,136.38,eod,2.9200000000000443,0.02095894343956391,209.5894343956391,0.4899999999999807,5.959183673469713
2008-06-09,1,600,795,137.05999999999997,136.35,137.04999999999998,136.37,stop,-0.7099999999999795,-0.005180591025173146,-51.805910251731454,0.6799999999999784,-1.0441176470588267
2008-06-10,1,613,925,136.1,135.49,136.09,135.51000000000002,stop,-0.6099999999999852,-0.004482327871261556,-44.82327871261556,0.5799999999999841,-1.0517241379310378
2008-06-11,-1,600,959,135.49,133.97,135.5,133.96,eod,1.5200000000000102,0.011217712177121846,112.17712177121847,0.5999999999999943,2.5333333333333745
2008-06-12,1,605,844,135.68999999999997,134.5,135.67999999999998,134.52,stop,-1.1899999999999693,-0.008770636792452605,-87.70636792452605,1.1599999999999682,-1.025862068965519
2008-06-13,1,602,959,135.39,136.39000000000001,135.38,136.4,eod,1.0000000000000284,0.007386615452799738,73.86615452799738,0.7799999999999727,1.2820512820513634
2008-06-16,1,608,959,135.98999999999998,136.43,135.98,136.44,eod,0.44000000000002615,0.0032357699661716885,32.357699661716886,0.5299999999999727,0.8301886792453751
2008-06-18,-1,600,959,134.49,134.34,134.5,134.33,eod,0.15000000000000568,0.0011152416356877747,11.152416356877747,0.5900000000000034,0.25423728813560137
2008-06-19,-1,600,872,133.83,134.7,133.84,134.67999999999998,stop,-0.8699999999999761,-0.006500298864315422,-65.00298864315423,0.839999999999975,-1.035714285714288
2008-06-20,-1,600,959,132.47000000000003,131.6,132.48000000000002,131.59,eod,0.870000000000033,0.006567028985507494,65.67028985507494,0.6199999999999761,1.40322580645172
2008-06-23,-1,600,959,131.61,131.64,131.62,131.63,eod,-0.029999999999972715,-0.0002279288861873022,-2.279288861873022,0.6199999999999761,-0.04838709677415141
2008-06-24,-1,600,664,130.48000000000002,131.37,130.49,131.35,stop,-0.8899999999999864,-0.006820446011188492,-68.20446011188491,0.8599999999999852,-1.0348837209302344
2008-06-25,1,601,849,132.36999999999998,131.59,132.35999999999999,131.61,stop,-0.7799999999999727,-0.005893019038984382,-58.930190389843816,0.7499999999999716,-1.040000000000003
2008-06-26,1,600,605,130.70999999999998,130.17,130.7,130.19,stop,-0.539999999999992,-0.00413159908186681,-41.3159908186681,0.5099999999999909,-1.058823529411768
2008-06-27,1,600,658,128.6,127.76,128.59,127.78,stop,-0.8399999999999892,-0.006532389765922616,-65.32389765922616,0.8100000000000023,-1.0370370370370208
2008-06-30,-1,600,655,127.53999999999999,128.36,127.55,128.34,stop,-0.8200000000000216,-0.006428851430811616,-64.28851430811616,0.7900000000000063,-1.0379746835443229
2008-07-01,1,600,735,127.15,126.45,127.14,126.47,stop,-0.7000000000000028,-0.005505741702060743,-55.057417020607424,0.6700000000000017,-1.0447761194029868
2008-07-02,1,600,626,129.1,128.60999999999999,129.09,128.63,stop,-0.4900000000000091,-0.00379580137888302,-37.9580137888302,0.46000000000000796,-1.0652173913043492
2008-07-07,-1,617,959,126.71999999999998,125.10000000000001,126.72999999999999,125.09,eod,1.6199999999999761,0.01278308214313877,127.83082143138769,0.6200000000000188,2.6129032258063343
2008-07-08,-1,636,743,124.6,125.66,124.61,125.64,stop,-1.0600000000000023,-0.008506540406066947,-85.06540406066948,1.0300000000000011,-1.029126213592234
2008-07-09,-1,603,959,126.89999999999999,124.46000000000001,126.91,124.45,eod,2.4399999999999835,0.01922622330785583,192.26223307855832,0.8400000000000034,2.904761904761873
2008-07-10,-1,602,726,124.22999999999999,125.3,124.24,125.28,stop,-1.0700000000000074,-0.008612363168061877,-86.12363168061877,1.0400000000000063,-1.0288461538461549
2008-07-11,1,604,629,124.47000000000001,123.26,124.46000000000001,123.28,stop,-1.210000000000008,-0.00972199903583487,-97.2199903583487,1.1800000000000068,-1.0254237288135601
2008-07-14,-1,600,959,124.21,122.83,124.22,122.82,eod,1.3799999999999955,0.011109322170342903,111.09322170342902,1.2900000000000063,1.0697674418604564
2008-07-15,-1,600,666,120.94999999999999,121.86,120.96,121.84,stop,-0.9100000000000108,-0.007523148148148238,-75.23148148148238,0.8800000000000097,-1.03409090909091
2008-07-16,1,601,959,122.44000000000001,124.46,122.43,124.47,eod,2.019999999999982,0.016499224046393708,164.9922404639371,1.3400000000000176,1.5074626865671308
2008-07-17,-1,605,819,124.93999999999998,125.89,124.94999999999999,125.87,stop,-0.950000000000017,-0.007603041216486732,-76.03041216486731,0.9200000000000159,-1.0326086956521745
2008-07-18,-1,604,633,125.21999999999998,126.42,125.22999999999999,126.4,stop,-1.200000000000017,-0.009582368442066735,-95.82368442066735,1.170000000000016,-1.0256410256410262
2008-07-21,1,600,603,126.77000000000001,126.34,126.76,126.36,stop,-0.4300000000000068,-0.003392237298832493,-33.92237298832493,0.4000000000000057,-1.0750000000000017
2008-07-22,1,601,618,125.45000000000002,124.86,125.44000000000001,124.88,stop,-0.5900000000000176,-0.00470344387755116,-47.0344387755116,0.5600000000000165,-1.053571428571429
2008-07-23,1,617,959,128.17,128.21,128.16,128.22,eod,0.040000000000020464,0.00031210986267182013,3.1210986267182013,0.6200000000000045,0.06451612903229059
2008-07-24,-1,600,959,127.54999999999998,125.44000000000001,127.55999999999999,125.43,eod,2.109999999999971,0.016541235497020784,165.41235497020784,0.8599999999999994,2.453488372092991
2008-07-25,1,600,822,126.08000000000001,125.25,126.07000000000001,125.27,stop,-0.8300000000000125,-0.006583644007297632,-65.83644007297632,0.8000000000000114,-1.037500000000001
2008-07-28,1,606,647,126.00000000000001,125.4,125.99000000000001,125.42,stop,-0.6000000000000085,-0.004762282720850929,-47.62282720850929,0.5700000000000074,-1.0526315789473697
2008-07-29,1,600,959,124.52000000000001,126.25999999999999,124.51,126.27,eod,1.7399999999999807,0.013974781142076786,139.74781142076787,0.6800000000000068,2.5588235294117108
2008-07-30,1,611,754,127.71000000000001,126.92,127.7,126.94,stop,-0.7900000000000063,-0.006186374314800362,-61.863743148003614,0.7600000000000051,-1.0394736842105274
2008-07-31,1,622,740,128.49999999999997,127.21,128.48999999999998,127.22999999999999,stop,-1.2899999999999778,-0.010039691804809542,-100.39691804809542,1.259999999999991,-1.0238095238095135
2008-08-01,-1,607,959,125.80999999999999,126.12,125.82,126.11,eod,-0.3100000000000165,-0.002463837227785857,-24.63837227785857,1.470000000000013,-0.21088435374150594
2008-08-04,-1,603,886,125.22999999999999,126.15,125.24,126.13000000000001,stop,-0.9200000000000159,-0.007345895879910699,-73.458958799107,0.8900000000000148,-1.03370786516854
2008-08-05,1,600,959,126.51,128.41,126.5,128.42,eod,1.8999999999999915,0.015019762845849735,150.19762845849735,0.6099999999999994,3.1147540983606445
2008-08-06,-1,640,662,127.75999999999999,128.29,127.77,128.26999999999998,stop,-0.5300000000000011,-0.0041480785786961035,-41.480785786961036,0.4999999999999858,-1.0600000000000325
2008-08-08,1,601,959,127.50000000000001,129.61,127.49000000000001,129.62,eod,2.1099999999999994,0.016550317671974266,165.50317671974267,1.1200000000000188,1.8839285714285394
2008-08-11,1,618,959,129.92,130.64000000000001,129.91,130.65,eod,0.7200000000000273,0.0055422985143563025,55.422985143563025,0.6899999999999977,1.0434782608696083
2008-08-12,-1,629,774,129.81000000000003,130.39000000000001,129.82000000000002,130.37,stop,-0.5799999999999841,-0.004467724541672963,-44.677245416729626,0.549999999999983,-1.0545454545454582
2008-08-13,1,600,630,128.95999999999998,128.2,128.95,128.22,stop,-0.7599999999999909,-0.00589375727025972,-58.9375727025972,0.7299999999999898,-1.041095890410961
2008-08-14,1,600,959,128.51999999999998,129.53,128.51,129.54,eod,1.0100000000000193,0.007859310559489685,78.59310559489685,0.769999999999996,1.3116883116883435
2008-08-15,-1,602,959,129.83,130.06,129.84,130.05,eod,-0.22999999999998977,-0.001771410967344345,-17.71410967344345,0.6699999999999875,-0.34328358208954335
2008-08-18,-1,610,959,129.42000000000002,128.26,129.43,128.25,eod,1.160000000000025,0.008962373483736576,89.62373483736576,1.0599999999999739,1.09433962264156
2008-08-19,-1,611,761,126.96,127.72,126.97,127.7,stop,-0.7600000000000051,-0.005985665905332008,-59.85665905332009,0.730000000000004,-1.0410958904109602
2008-08-20,-1,605,645,126.35999999999999,127.43,126.36999999999999,127.41000000000001,stop,-1.0700000000000216,-0.008467199493550856,-84.67199493550856,1.0400000000000205,-1.0288461538461544
2008-08-21,1,602,959,127.44000000000001,127.97999999999999,127.43,127.99,eod,0.5399999999999778,0.004237620654476793,42.37620654476793,0.8400000000000176,0.6428571428571029
2008-08-22,1,600,959,129.26,129.51000000000002,129.25,129.52,eod,0.2500000000000284,0.0019342359767893882,19.342359767893882,1.460000000000008,0.1712328767123473
2008-08-25,-1,600,688,128.33,128.87,128.34,128.85,stop,-0.539999999999992,-0.004207573632538508,-42.07573632538508,0.5099999999999909,-1.058823529411768
2008-08-26,1,600,870,127.37,126.62,127.36,126.64,stop,-0.75,-0.005888819095477387,-58.888190954773876,0.7199999999999989,-1.0416666666666683
2008-08-27,1,618,959,127.82000000000001,128.45000000000002,127.81,128.46,eod,0.6300000000000097,0.004929191769032232,49.29191769032232,0.5200000000000102,1.2115384615384563
2008-08-28,1,643,959,129.51999999999998,130.29000000000002,129.51,130.3,eod,0.7700000000000387,0.0059454868349937354,59.45486834993736,0.8899999999999864,0.8651685393258994
2008-08-29,-1,618,959,129.55,128.7,129.56,128.69,eod,0.8500000000000227,0.006560666872491685,65.60666872491686,0.589999999999975,1.4406779661017945
2008-09-02,-1,622,959,129.99,128.1,130.0,128.09,eod,1.8900000000000148,0.014538461538461653,145.38461538461652,0.7199999999999989,2.625000000000025
2008-09-03,1,600,692,128.20999999999998,127.49,128.2,127.50999999999999,stop,-0.7199999999999847,-0.00561622464898584,-56.162246489858404,0.6899999999999977,-1.0434782608695463
2008-09-04,1,613,631,127.20000000000002,126.55,127.19000000000001,126.57,stop,-0.6500000000000199,-0.005110464659171475,-51.10464659171475,0.6200000000000188,-1.048387096774194
2008-09-05,-1,600,751,123.07999999999998,123.87,123.08999999999999,123.85000000000001,stop,-0.7900000000000205,-0.006418068080266639,-64.18068080266639,0.7600000000000193,-1.0394736842105268
2008-09-08,-1,600,959,126.82999999999998,127.26,126.83999999999999,127.25,eod,-0.43000000000002103,-0.0033900977609588544,-33.900977609588544,1.4100000000000108,-0.3049645390071048
2008-09-09,1,606,628,127.34,126.25,127.33,126.27,stop,-1.0900000000000034,-0.0085604335192021,-85.60433519202101,1.0600000000000023,-1.0283018867924538
2008-09-10,-1,648,854,123.16,124.22,123.17,124.2,stop,-1.0600000000000023,-0.008605991718762704,-86.05991718762704,1.0300000000000011,-1.029126213592234
2008-09-11,1,602,959,122.34,125.5,122.33,125.51,eod,3.1599999999999966,0.025831766533148014,258.31766533148016,0.7400000000000091,4.270270270270213
2008-09-12,1,607,959,124.67000000000002,125.74,124.66000000000001,125.75,eod,1.069999999999979,0.008583346703032079,85.83346703032079,0.8400000000000176,1.273809523809472
2008-09-15,1,613,882,123.02000000000001,121.66,123.01,121.67999999999999,stop,-1.3600000000000136,-0.011056011706365446,-110.56011706365446,1.3300000000000125,-1.0225563909774442
2008-09-16,1,607,959,118.94000000000001,121.86999999999999,118.93,121.88,eod,2.9299999999999784,0.024636340704615976,246.36340704615975,1.940000000000012,1.510309278350495
2008-09-17,1,602,636,120.36000000000001,118.91,120.35000000000001,118.92999999999999,stop,-1.450000000000017,-0.012048192771084478,-120.48192771084479,1.420000000000016,-1.021126760563381
2008-09-18,1,600,657,118.70000000000002,117.32,118.69000000000001,117.33999999999999,stop,-1.3800000000000239,-0.011626927289578091,-116.26927289578092,1.3500000000000227,-1.0222222222222226
2008-09-19,-1,600,959,124.57999999999998,125.05000000000001,124.58999999999999,125.04,eod,-0.4700000000000273,-0.0037723733847020414,-37.72373384702041,3.4200000000000017,-0.13742690058480322
2008-09-22,-1,613,959,123.36999999999999,120.61,123.38,120.6,eod,2.759999999999991,0.02236991408656177,223.6991408656177,1.3800000000000097,1.9999999999999793
2008-09-23,-1,665,959,120.49999999999999,118.73,120.50999999999999,118.72,eod,1.7699999999999818,0.014687577794373761,146.8757779437376,1.5200000000000102,1.1644736842105066
2008-09-24,-1,612,659,118.27999999999999,119.33,118.28999999999999,119.31,stop,-1.0500000000000114,-0.008876489982247117,-88.76489982247116,1.0200000000000102,-1.0294117647058831
2008-09-25,1,608,850,120.54,119.03999999999999,120.53,119.05999999999999,stop,-1.5000000000000142,-0.012445034431262044,-124.45034431262044,1.470000000000013,-1.0204081632653068
2008-09-26,1,655,959,119.80000000000001,121.35,119.79,121.36,eod,1.549999999999983,0.012939310459971473,129.39310459971472,1.2900000000000063,1.2015503875968803
2008-09-29,-1,615,959,116.38,112.84,116.39,112.83,eod,3.539999999999992,0.030414984105163606,304.1498410516361,2.960000000000008,1.19594594594594
2008-09-30,1,608,763,113.78000000000002,112.67999999999999,113.77000000000001,112.69999999999999,stop,-1.1000000000000227,-0.009668629691483015,-96.68629691483015,1.0700000000000216,-1.0280373831775707
2008-10-01,-1,603,677,114.49,115.45,114.5,115.43,stop,-0.960000000000008,-0.008384279475982602,-83.84279475982602,0.9300000000000068,-1.0322580645161301
2008-10-02,-1,600,959,113.71,111.31,113.72,111.3,eod,2.3999999999999915,0.02110446711220534,211.04467112205342,1.4000000000000057,1.7142857142857013
2008-10-03,1,600,672,113.76,112.77,113.75,112.78999999999999,stop,-0.9900000000000091,-0.008703296703296783,-87.03296703296783,0.960000000000008,-1.0312500000000009
2008-10-06,-1,603,959,105.74999999999999,106.28,105.75999999999999,106.27,eod,-0.5300000000000153,-0.005011346444780781,-50.11346444780781,1.8700000000000188,-0.2834224598930535
2008-10-07,-1,602,959,105.02999999999999,99.80000000000001,105.03999999999999,99.79,eod,5.229999999999976,0.04979055597867456,497.9055597867456,2.3000000000000114,2.273913043478239
2008-10-08,1,600,959,101.94000000000001,98.39,101.93,98.4,eod,-3.5500000000000114,-0.03482782301579526,-348.27823015795263,5.13000000000001,-0.6920077972709561
2008-10-09,-1,600,959,98.97999999999999,91.76,98.99,91.75,eod,7.219999999999985,0.07293666026871386,729.3666026871385,1.6400000000000148,4.402439024390195
2008-10-10,1,605,959,89.80000000000001,90.44999999999999,89.79,90.46,eod,0.6499999999999773,0.007239113487025027,72.39113487025027,6.220000000000013,0.10450160771703793
2008-10-13,-1,605,627,93.35999999999999,94.7,93.36999999999999,94.68,stop,-1.3400000000000176,-0.014351504765984981,-143.5150476598498,1.3100000000000165,-1.0229007633587792
2008-10-14,-1,609,959,101.32999999999998,99.94000000000001,101.33999999999999,99.93,eod,1.3899999999999721,0.01371620288138911,137.16202881389108,4.200000000000017,0.330952380952373
2008-10-15,-1,602,959,96.29999999999998,90.72,96.30999999999999,90.71,eod,5.579999999999984,0.057937908836050094,579.379088360501,1.5000000000000142,3.719999999999954
2008-10-16,-1,611,909,89.75999999999999,92.62,89.77,92.60000000000001,stop,-2.8600000000000136,-0.03185919572240185,-318.5919572240185,2.8300000000000125,-1.0106007067137812
2008-10-17,1,600,959,94.24000000000001,94.05999999999999,94.23,94.07,eod,-0.18000000000002103,-0.0019102196752628783,-19.10219675262878,2.5900000000000034,-0.06949806949807753
2008-10-20,1,600,670,96.47000000000001,94.74,96.46000000000001,94.75999999999999,stop,-1.7300000000000182,-0.017934895293386047,-179.3489529338605,1.700000000000017,-1.0176470588235298
2008-10-21,1,602,716,97.62,96.59,97.61,96.61,stop,-1.0300000000000011,-0.010552197520745836,-105.52197520745837,1.0,-1.0300000000000011
2008-10-22,-1,600,685,91.82,93.53,91.83,93.51,stop,-1.710000000000008,-0.01862136556680832,-186.2136556680832,1.6800000000000068,-1.0178571428571435
2008-10-23,1,643,779,91.10000000000001,88.32,91.09,88.33999999999999,stop,-2.7800000000000153,-0.030519266659348065,-305.1926665934807,2.750000000000014,-1.0109090909090912
2008-10-24,1,600,959,87.58000000000001,87.61999999999999,87.57000000000001,87.63,eod,0.03999999999997783,0.0004567774351944482,4.567774351944482,3.7700000000000102,0.010610079575590908
2008-10-27,1,600,957,87.50000000000001,85.48,87.49000000000001,85.5,stop,-2.0200000000000102,-0.0230883529546235,-230.88352954623502,1.990000000000009,-1.0150753768844225
2008-10-28,-1,604,872,86.91,88.34,86.92,88.32000000000001,stop,-1.4300000000000068,-0.016451909802116967,-164.51909802116967,1.4000000000000057,-1.0214285714285722
2008-10-29,1,608,959,93.96000000000001,92.76,93.95,92.78,stop,-1.2000000000000028,-0.012772751463544469,-127.72751463544469,1.1700000000000017,-1.0256410256410267
2008-10-30,-1,618,959,95.17999999999999,95.48,95.19,95.47,eod,-0.30000000000001137,-0.0031515915537347556,-31.515915537347556,1.3300000000000125,-0.22556390977444252
2008-10-31,1,600,959,95.50000000000001,97.16,95.49000000000001,97.17,eod,1.6599999999999824,0.01738401926903322,173.8401926903322,1.0200000000000102,1.6274509803921233
2008-11-03,-1,630,959,96.39999999999999,96.77000000000001,96.41,96.76,eod,-0.37000000000001876,-0.003837776164298504,-38.377761642985035,1.2900000000000063,-0.28682170542636976
2008-11-04,-1,600,619,98.22999999999999,99.12,98.24,99.10000000000001,stop,-0.8900000000000148,-0.009059446254071813,-90.59446254071813,0.8600000000000136,-1.0348837209302333
2008-11-05,1,603,706,99.41000000000001,98.52,99.4,98.53999999999999,stop,-0.8900000000000148,-0.008953722334004172,-89.53722334004172,0.8600000000000136,-1.0348837209302333
2008-11-06,-1,600,959,93.91999999999999,90.66000000000001,93.92999999999999,90.65,eod,3.2599999999999767,0.034706696476098975,347.0669647609898,1.5200000000000102,2.1447368421052335
2008-11-07,1,602,959,92.02000000000001,93.19999999999999,92.01,93.21,eod,1.1799999999999784,0.0128246929681554,128.246929681554,1.1600000000000108,1.0172413793103168
2008-11-10,-1,601,959,94.38,92.24000000000001,94.39,92.23,eod,2.1399999999999864,0.022671893209026236,226.71893209026237,1.1500000000000057,1.8608695652173703
2008-11-11,-1,647,860,89.22999999999999,90.98,89.24,90.96000000000001,stop,-1.7500000000000142,-0.019610040340654576,-196.10040340654575,1.720000000000013,-1.0174418604651168
2008-11-12,1,601,622,88.97000000000001,87.88,88.96000000000001,87.89999999999999,stop,-1.0900000000000176,-0.012252697841726815,-122.52697841726815,1.0600000000000165,-1.0283018867924534
2008-11-13,1,621,680,86.89000000000001,84.97,86.88000000000001,84.99,stop,-1.920000000000016,-0.022099447513812334,-220.99447513812333,1.8900000000000148,-1.0158730158730163
2008-11-14,-1,619,896,89.27999999999999,91.14,89.28999999999999,91.12,stop,-1.8600000000000136,-0.02083100011199478,-208.3100011199478,1.8300000000000125,-1.0163934426229513
2008-11-17,-1,617,712,85.82999999999998,87.05,85.83999999999999,87.03,stop,-1.220000000000013,-0.01421248835041954,-142.1248835041954,1.190000000000012,-1.0252100840336142
2008-11-18,1,620,787,86.26,84.8,86.25,84.82,stop,-1.460000000000008,-0.01692753623188415,-169.2753623188415,1.4300000000000068,-1.0209790209790217
2008-11-19,1,615,645,86.80000000000001,85.22,86.79,85.24,stop,-1.5800000000000125,-0.01820486231132633,-182.04862311326332,1.5500000000000114,-1.019354838709678
2008-11-20,-1,603,645,78.64999999999999,80.72,78.66,80.7,stop,-2.0700000000000074,-0.026315789473684306,-263.15789473684305,2.0400000000000063,-1.0147058823529418
2008-11-21,-1,601,914,76.03999999999999,77.78,76.05,77.76,stop,-1.740000000000009,-0.022879684418146078,-228.79684418146078,1.710000000000008,-1.0175438596491233
2008-11-24,1,600,959,82.27000000000001,84.92999999999999,82.26,84.94,eod,2.6599999999999824,0.032336494043277195,323.36494043277196,1.1000000000000085,2.4181818181817833
2008-11-25,-1,639,959,85.93999999999998,86.06,85.94999999999999,86.05,eod,-0.12000000000001876,-0.0013961605584644418,-13.961605584644419,1.5700000000000216,-0.07643312101911917
2008-11-26,1,617,959,85.62,89.03,85.61,89.04,eod,3.4099999999999966,0.039831795351010356,398.31795351010356,1.3800000000000097,2.4710144927536035
2008-12-01,-1,606,959,85.66,82.10000000000001,85.67,82.09,eod,3.559999999999988,0.04155480331504597,415.5480331504597,1.8900000000000006,1.8835978835978766
2008-12-02,1,609,959,83.57000000000001,85.39,83.56,85.4,eod,1.8199999999999932,0.021780756342747645,217.80756342747645,1.3400000000000034,1.358208955223872
2008-12-03,1,606,959,84.17000000000002,87.49,84.16000000000001,87.5,eod,3.319999999999979,0.03944866920152066,394.4866920152066,1.0300000000000153,3.223300970873718
2008-12-04,1,602,902,87.57000000000001,85.9,87.56,85.92,stop,-1.6700000000000017,-0.01907263590680678,-190.7263590680678,1.6400000000000006,-1.01829268292683
2008-12-05,-1,600,825,83.22999999999999,84.69,83.24,84.67,stop,-1.460000000000008,-0.017539644401730035,-175.39644401730035,1.4300000000000068,-1.0209790209790217
2008-12-08,1,640,811,91.25000000000001,89.99,91.24000000000001,90.00999999999999,stop,-1.2600000000000193,-0.013809732573432916,-138.09732573432916,1.2300000000000182,-1.0243902439024395
2008-12-09,1,605,844,90.96000000000001,89.86,90.95,89.88,stop,-1.1000000000000085,-0.012094557449147976,-120.94557449147976,1.0700000000000074,-1.0280373831775709
2008-12-10,1,615,830,90.61000000000001,89.72,90.60000000000001,89.74,stop,-0.8900000000000148,-0.009823399558499058,-98.23399558499058,0.8600000000000136,-1.0348837209302333
2008-12-11,1,600,894,90.27000000000001,89.01,90.26,89.03,stop,-1.2600000000000051,-0.013959672058497729,-139.59672058497728,1.230000000000004,-1.02439024390244
2008-12-12,1,604,959,87.24000000000001,88.44,87.23,88.45,eod,1.1999999999999886,0.013756735068210348,137.56735068210347,2.0400000000000063,0.5882352941176396
2008-12-15,-1,600,959,87.88,87.51,87.89,87.5,eod,0.36999999999999034,0.00420980771418808,42.09807714188079,1.2700000000000102,0.2913385826771554
2008-12-16,1,609,959,89.02000000000001,91.83,89.01,91.84,eod,2.809999999999988,0.031569486574542054,315.69486574542054,0.8400000000000034,3.3452380952380674
2008-12-17,1,600,613,91.24000000000001,90.25,91.23,90.27,stop,-0.9900000000000091,-0.010851693521867906,-108.51693521867905,0.960000000000008,-1.0312500000000009
2008-12-18,1,654,827,91.59,90.47,91.58,90.49,stop,-1.1200000000000045,-0.012229744485695616,-122.29744485695616,1.0900000000000034,-1.0275229357798175
2008-12-19,1,611,723,89.63000000000001,88.7,89.62,88.72,stop,-0.9300000000000068,-0.010377147958045155,-103.77147958045155,0.9000000000000057,-1.0333333333333343
2008-12-22,-1,604,959,87.75999999999999,86.96000000000001,87.77,86.95,eod,0.799999999999983,0.009114731685085826,91.14731685085826,0.9100000000000108,0.8791208791208499
2008-12-23,-1,608,634,87.17499999999998,87.82000000000001,87.18499999999999,87.80000000000001,stop,-0.6450000000000244,-0.0073980615931642435,-73.98061593164243,0.6150000000000233,-1.048780487804878
2008-12-26,-1,636,959,86.88999999999999,87.14,86.89999999999999,87.13,eod,-0.2500000000000142,-0.002876869965477724,-28.76869965477724,0.4100000000000108,-0.6097560975609942
2008-12-29,-1,606,959,86.82999999999998,86.9,86.83999999999999,86.89,eod,-0.0700000000000216,-0.0008060801473977615,-8.060801473977614,0.5000000000000142,-0.14000000000003923
2008-12-30,-1,600,622,87.22999999999999,87.7,87.24,87.68,stop,-0.4700000000000131,-0.005387436955525139,-53.87436955525139,0.44000000000001194,-1.068181818181819
2008-12-31,1,600,959,89.52000000000001,90.22999999999999,89.51,90.24,eod,0.7099999999999795,0.007932074628532895,79.32074628532895,0.6500000000000057,1.0923076923076513
2009-01-02,1,620,959,90.68,92.96,90.67,92.97,eod,2.279999999999987,0.025146134333296426,251.46134333296425,0.8300000000000125,2.7469879518071716
2009-01-05,1,615,959,92.66000000000001,92.78999999999999,92.65,92.8,eod,0.12999999999998124,0.0014031300593629922,14.031300593629922,0.7700000000000102,0.16883116883114221
2009-01-06,1,600,611,94.37,93.42,94.36,93.44,stop,-0.9500000000000028,-0.01006782534972449,-100.6782534972449,0.9200000000000017,-1.0326086956521752
2009-01-07,-1,615,959,91.63,90.71000000000001,91.64,90.7,eod,0.9199999999999875,0.010039284155390522,100.39284155390523,0.6300000000000097,1.460317460317418
2009-01-08,-1,618,640,89.67999999999999,90.42,89.69,90.4,stop,-0.7400000000000091,-0.008250641097112377,-82.50641097112377,0.710000000000008,-1.0422535211267616
2009-01-09,-1,635,959,89.11999999999999,89.02000000000001,89.13,89.01,eod,0.0999999999999801,0.0011219566924714475,11.219566924714474,2.200000000000003,0.04545454545453635
2009-01-12,-1,607,959,88.05999999999999,87.01,88.07,87.0,eod,1.049999999999983,0.01192233450664225,119.22334506642251,0.8500000000000085,1.2352941176470265
2009-01-13,1,608,827,87.60000000000001,86.48,87.59,86.5,stop,-1.1200000000000045,-0.012786847813677412,-127.86847813677413,1.0900000000000034,-1.0275229357798175
2009-01-14,-1,600,959,84.77,84.36,84.78,84.35,eod,0.4099999999999966,0.004836046237320082,48.36046237320082,0.980000000000004,0.4183673469387703
2009-01-15,-1,606,869,82.88999999999999,84.32000000000001,82.89999999999999,84.30000000000001,stop,-1.430000000000021,-0.01724969843184585,-172.49698431845852,1.40000000000002,-1.021428571428572
2009-01-16,-1,611,959,85.10999999999999,84.99000000000001,85.11999999999999,84.98,eod,0.11999999999997613,0.0014097744360899453,14.097744360899453,0.8776000000000153,0.1367365542388036
2009-01-20,-1,600,959,82.6,80.63000000000001,82.61,80.62,eod,1.9699999999999847,0.023846991889601557,238.46991889601557,1.8599999999999994,1.0591397849462287
2009-01-21,1,605,636,82.42000000000002,81.49,82.41000000000001,81.50999999999999,stop,-0.930000000000021,-0.011285038223516817,-112.85038223516817,0.9000000000000199,-1.0333333333333339
2009-01-22,1,620,635,82.93,82.03,82.92,82.05,stop,-0.9000000000000057,-0.010853835021707739,-108.5383502170774,0.8700000000000045,-1.0344827586206908
2009-01-23,1,602,959,81.76,83.1,81.75,83.11,eod,1.3399999999999892,0.01639143730886837,163.9143730886837,1.190000000000012,1.1260504201680468
2009-01-26,1,600,841,84.63000000000001,83.4,84.62,83.42,stop,-1.230000000000004,-0.014535570787048025,-145.35570787048024,1.2000000000000028,-1.0250000000000008
2009-01-27,-1,605,747,83.96999999999998,84.88,83.97999999999999,84.86,stop,-0.9100000000000108,-0.010835913312693629,-108.35913312693629,0.8800000000000097,-1.03409090909091
2009-01-28,1,635,959,86.72000000000001,87.42,86.71000000000001,87.43,eod,0.6999999999999886,0.008072886633606141,80.72886633606142,0.6500000000000199,1.0769230769230265
2009-01-29,-1,600,959,85.63999999999999,84.58,85.64999999999999,84.57,eod,1.059999999999988,0.012375948628137632,123.75948628137631,0.7200000000000131,1.4722222222221788
2009-01-30,-1,600,959,84.21,82.7,84.22,82.69,eod,1.509999999999991,0.017929232961291747,179.29232961291748,1.190000000000012,1.2689075630251898
2009-02-02,1,600,959,81.80000000000001,82.58,81.79,82.59,eod,0.7799999999999869,0.009536618168480093,95.36618168480094,0.4900000000000091,1.5918367346938214
2009-02-03,1,667,959,83.26,83.8,83.25,83.81,eod,0.539999999999992,0.006486486486486391,64.8648648648639,1.0400000000000063,0.5192307692307585
2009-02-04,1,600,821,84.86000000000001,83.89,84.85000000000001,83.91,stop,-0.9700000000000131,-0.011431938715380235,-114.31938715380235,0.9400000000000119,-1.0319148936170222
2009-02-05,1,640,959,82.99000000000001,84.64999999999999,82.98,84.66,eod,1.6599999999999824,0.020004820438659705,200.04820438659706,0.8600000000000136,1.9302325581394837
2009-02-06,1,656,959,86.34,86.94999999999999,86.33,86.96,eod,0.6099999999999852,0.0070659098806902035,70.65909880690204,1.6599999999999966,0.36746987951806415
2009-02-09,-1,602,640,86.57999999999998,87.12,86.58999999999999,87.10000000000001,stop,-0.5400000000000205,-0.006236285945259505,-62.362859452595046,0.5100000000000193,-1.0588235294117647
2009-02-10,-1,620,959,86.14999999999999,82.97,86.16,82.96,eod,3.1799999999999926,0.036908077994428884,369.08077994428885,0.8800000000000097,3.6136363636363154
2009-02-11,-1,615,690,83.24,84.0,83.25,83.98,stop,-0.7600000000000051,-0.009129129129129191,-91.29129129129191,0.730000000000004,-1.0410958904109602
2009-02-12,-1,600,645,81.47999999999999,82.25,81.49,82.23,stop,-0.7700000000000102,-0.009449012148730031,-94.49012148730031,0.7400000000000091,-1.0405405405405417
2009-02-13,1,624,738,83.83000000000001,83.03,83.82000000000001,83.05,stop,-0.8000000000000114,-0.009544261512765585,-95.44261512765586,0.7700000000000102,-1.03896103896104
2009-02-18,-1,600,729,78.97999999999999,79.86,78.99,79.84,stop,-0.8800000000000097,-0.011140650715280538,-111.40650715280537,0.8500000000000085,-1.0352941176470598
2009-02-19,-1,614,959,79.67999999999999,78.29,79.69,78.28,eod,1.3899999999999864,0.017442590036390846,174.42590036390845,0.4700000000000131,2.957446808510527
2009-02-20,1,605,674,77.55000000000001,76.67,77.54,76.69,stop,-0.8800000000000097,-0.011348981171008635,-113.48981171008636,0.8500000000000085,-1.0352941176470598
2009-02-23,-1,602,959,77.39999999999999,74.79,77.41,74.78,eod,2.609999999999985,0.033716574086035206,337.16574086035206,0.8700000000000045,2.999999999999967
2009-02-24,-1,600,635,75.13,75.87,75.14,75.85000000000001,stop,-0.7400000000000091,-0.00984828320468471,-98.4828320468471,0.710000000000008,-1.0422535211267616
2009-02-25,-1,600,833,76.41,77.39,76.42,77.37,stop,-0.980000000000004,-0.012823868097356765,-128.23868097356765,0.9500000000000028,-1.0315789473684223
2009-02-26,1,601,704,78.05000000000001,77.28,78.04,77.3,stop,-0.7700000000000102,-0.009866735007688495,-98.66735007688496,0.7400000000000091,-1.0405405405405417
2009-02-27,1,601,959,74.71000000000001,73.96,74.7,73.97,eod,-0.7500000000000142,-0.01004016064257047,-100.4016064257047,0.9000000000000057,-0.8333333333333438
2009-03-02,-1,611,959,72.16999999999999,70.59,72.17999999999999,70.58,eod,1.579999999999984,0.021889720144084017,218.89720144084018,0.7500000000000142,2.1066666666666056
2009-03-03,-1,600,959,70.97999999999999,70.05000000000001,70.99,70.04,eod,0.9299999999999784,0.013100436681222405,131.00436681222405,0.7200000000000131,1.2916666666666132
2009-03-04,-1,611,662,70.78999999999999,71.61,70.8,71.59,stop,-0.8200000000000074,-0.011581920903954906,-115.81920903954907,0.7900000000000063,-1.0379746835443049
2009-03-05,1,601,622,70.77000000000001,69.95,70.76,69.97,stop,-0.8200000000000074,-0.011588468061051545,-115.88468061051545,0.7900000000000063,-1.0379746835443049
2009-03-06,-1,613,959,69.07,68.85000000000001,69.08,68.84,eod,0.21999999999998465,0.0031847133757959565,31.847133757959565,1.3800000000000097,0.15942028985506024
2009-03-09,1,606,914,69.48,67.92,69.47,67.94,stop,-1.5600000000000023,-0.022455736289045663,-224.55736289045663,1.5300000000000011,-1.0196078431372557
2009-03-10,1,606,959,70.81000000000002,72.22,70.80000000000001,72.23,eod,1.4099999999999824,0.019915254237287884,199.15254237287883,1.440000000000012,0.9791666666666463
2009-03-12,1,603,959,72.83000000000001,75.5,72.82000000000001,75.51,eod,2.6699999999999875,0.03666575116726157,366.65751167261567,0.8600000000000136,3.104651162790634
2009-03-13,1,606,667,76.10000000000001,75.38,76.09,75.39999999999999,stop,-0.7200000000000131,-0.009462478643711567,-94.62478643711566,0.6900000000000119,-1.043478260869566
2009-03-16,-1,613,634,76.66999999999999,77.26,76.67999999999999,77.24000000000001,stop,-0.5900000000000176,-0.0076943140323424315,-76.94314032342432,0.5600000000000165,-1.053571428571429
2009-03-17,1,601,959,76.26,78.25,76.25,78.26,eod,1.9899999999999949,0.02609836065573764,260.9836065573764,0.8100000000000023,2.456790123456777
2009-03-18,-1,609,721,77.4206,77.98,77.4306,77.96000000000001,stop,-0.5594000000000108,-0.007224533969774363,-72.24533969774363,0.5294000000000096,-1.0566679259539111
2009-03-19,-1,601,959,79.52999999999999,78.9,79.53999999999999,78.89,eod,0.6299999999999812,0.007920543122956768,79.20543122956768,1.470000000000013,0.428571428571412
2009-03-20,-1,605,959,78.18999999999998,76.72,78.19999999999999,76.71,eod,1.4699999999999847,0.01879795396419418,187.97953964194178,0.7110000000000127,2.067510548523148
2009-03-23,1,601,959,79.13000000000001,82.25999999999999,79.12,82.27,eod,3.1299999999999812,0.03956016177957509,395.6016177957509,0.8200000000000074,3.81707317073165
2009-03-24,1,600,647,81.49000000000001,80.87,81.48,80.89,stop,-0.6200000000000045,-0.00760922925871385,-76.0922925871385,0.5900000000000034,-1.0508474576271203
2009-03-25,1,600,807,81.96000000000001,81.1,81.95,81.11999999999999,stop,-0.8600000000000136,-0.010494203782794554,-104.94203782794554,0.8300000000000125,-1.036144578313254
2009-03-26,-1,611,783,81.71999999999998,82.73,81.72999999999999,82.71000000000001,stop,-1.0100000000000193,-0.01235776336718487,-123.5776336718487,0.9800000000000182,-1.0306122448979598
2009-03-27,-1,608,654,81.67999999999999,82.28,81.69,82.26,stop,-0.6000000000000085,-0.007344840249724673,-73.44840249724673,0.5700000000000074,-1.0526315789473697
2009-03-30,-1,630,959,79.00999999999999,78.81,79.02,78.8,eod,0.19999999999998863,0.002531004808908993,25.310048089089932,0.8700000000000045,0.2298850574712501
2009-03-31,-1,600,631,79.07,79.77,79.08,79.75,stop,-0.7000000000000028,-0.008851795649974745,-88.51795649974746,0.6700000000000017,-1.0447761194029868
2009-04-01,1,600,959,78.92000000000002,81.02,78.91000000000001,81.03,eod,2.09999999999998,0.02661259662907084,266.1259662907084,0.5900000000000176,3.559322033898165
2009-04-02,1,600,793,83.41000000000001,82.7,83.4,82.72,stop,-0.710000000000008,-0.008513189448441342,-85.13189448441342,0.6800000000000068,-1.0441176470588247
2009-04-03,-1,600,756,83.07999999999998,83.74,83.08999999999999,83.72,stop,-0.6600000000000108,-0.007943194126850534,-79.43194126850534,0.6300000000000097,-1.0476190476190488
2009-04-06,1,609,629,83.49000000000001,82.87,83.48,82.89,stop,-0.6200000000000045,-0.007426928605654103,-74.26928605654102,0.5900000000000034,-1.0508474576271203
2009-04-07,1,631,811,82.28000000000002,81.64,82.27000000000001,81.66,stop,-0.6400000000000148,-0.007779263400996897,-77.79263400996896,0.6100000000000136,-1.0491803278688532
2009-04-08,-1,608,762,81.99999999999999,82.63,82.00999999999999,82.61,stop,-0.6300000000000097,-0.0076819900012194825,-76.81990001219482,0.6000000000000085,-1.0500000000000012
2009-04-09,1,600,959,85.11000000000001,85.80999999999999,85.10000000000001,85.82,eod,0.6999999999999744,0.008225616921268794,82.25616921268794,0.7800000000000153,0.897435897435847
2009-04-13,1,610,959,85.06000000000002,85.83999999999999,85.05000000000001,85.85,eod,0.7799999999999727,0.009171075837742182,91.71075837742183,0.4800000000000182,1.6249999999998817
2009-04-14,1,622,766,85.21000000000001,84.48,85.2,84.5,stop,-0.730000000000004,-0.008568075117370939,-85.6807511737094,0.7000000000000028,-1.0428571428571443
2009-04-15,1,602,959,84.34,85.28,84.33,85.29,eod,0.9399999999999977,0.01114668563974858,111.4668563974858,0.730000000000004,1.2876712328767022
2009-04-16,-1,607,855,85.04999999999998,86.0,85.05999999999999,85.98,stop,-0.950000000000017,-0.01116858687984972,-111.6858687984972,0.9200000000000159,-1.0326086956521745
2009-04-17,-1,632,715,86.28999999999999,86.9,86.3,86.88000000000001,stop,-0.6100000000000136,-0.007068366164542453,-70.68366164542454,0.5800000000000125,-1.0517241379310354
2009-04-20,-1,600,959,84.82999999999998,83.42,84.83999999999999,83.41,eod,1.4099999999999824,0.016619519094766413,166.19519094766412,0.8300000000000125,1.6987951807228447
2009-04-21,1,661,959,83.62,85.05,83.61,85.06,eod,1.4299999999999926,0.017103217318502482,171.03217318502482,0.8700000000000045,1.6436781609195232
2009-04-22,1,600,959,84.71000000000001,84.53,84.7,84.54,eod,-0.18000000000000682,-0.0021251475796931147,-21.251475796931146,0.6400000000000148,-0.28125000000000416
2009-04-23,-1,600,879,84.27999999999999,85.0,84.28999999999999,84.98,stop,-0.7200000000000131,-0.008541938545497842,-85.41938545497842,0.6900000000000119,-1.043478260869566
2009-04-24,1,600,959,86.29,86.64,86.28,86.65,eod,0.3499999999999943,0.004056560037088483,40.56560037088483,0.6000000000000085,0.5833333333333156
2009-04-27,1,602,836,86.32000000000001,85.53,86.31,85.55,stop,-0.7900000000000063,-0.00915305294867346,-91.5305294867346,0.7600000000000051,-1.0394736842105274
2009-04-28,1,600,959,85.56000000000002,85.58,85.55000000000001,85.59,eod,0.01999999999998181,0.00023378141437734433,2.337814143773443,0.8000000000000114,0.02499999999997691
2009-04-29,1,600,959,86.96000000000001,87.42999999999999,86.95,87.44,eod,0.46999999999998465,0.005405405405405229,54.05405405405229,0.6600000000000108,0.7121212121211772
2009-04-30,1,606,729,88.81000000000002,88.13,88.80000000000001,88.14999999999999,stop,-0.680000000000021,-0.007657657657657893,-76.57657657657893,0.6500000000000199,-1.0461538461538464
2009-05-01,1,604,619,87.50000000000001,86.91,87.49000000000001,86.92999999999999,stop,-0.5900000000000176,-0.006743627843182279,-67.43627843182279,0.5600000000000165,-1.053571428571429
2009-05-04,1,600,959,89.20000000000002,90.92,89.19000000000001,90.93,eod,1.7199999999999847,0.019284673169637678,192.84673169637676,0.8200000000000216,2.097560975609682
2009-05-05,-1,629,959,90.35,90.52000000000001,90.36,90.51,eod,-0.17000000000001592,-0.0018813634351484718,-18.81363435148472,0.5800000000000125,-0.2931034482758832
2009-05-06,-1,603,839,91.24,91.77,91.25,91.75,stop,-0.5300000000000011,-0.005808219178082204,-58.08219178082204,0.5,-1.0600000000000023
2009-05-07,-1,605,959,92.29999999999998,90.85000000000001,92.30999999999999,90.84,eod,1.4499999999999744,0.01570794063481719,157.0794063481719,0.8500000000000227,1.7058823529411007
2009-05-08,-1,615,855,91.91999999999999,92.83,91.92999999999999,92.81,stop,-0.9100000000000108,-0.009898836070923647,-98.98836070923646,0.8800000000000097,-1.03409090909091
2009-05-11,1,637,959,91.82000000000001,91.17999999999999,91.81,91.19,eod,-0.6400000000000148,-0.0069709182006319,-69.709182006319,0.7800000000000011,-0.8205128205128382
2009-05-12,-1,608,959,90.79999999999998,91.03,90.80999999999999,91.02,eod,-0.2300000000000182,-0.002532760709173199,-25.32760709173199,1.0300000000000153,-0.22330097087380074
2009-05-13,1,615,699,89.77000000000001,89.12,89.76,89.14,stop,-0.6500000000000057,-0.0072415329768271575,-72.41532976827158,0.6200000000000045,-1.048387096774195
2009-05-14,1,613,959,89.24000000000001,89.42999999999999,89.23,89.44,eod,0.18999999999998352,0.0021293287011093075,21.293287011093074,0.7400000000000091,0.2567567567567313
2009-05-15,-1,614,637,89.1,89.88,89.11,89.86,stop,-0.7800000000000011,-0.008753226349455741,-87.53226349455741,0.75,-1.0400000000000016
2009-05-18,-1,613,622,89.38999999999999,89.91,89.39999999999999,89.89,stop,-0.5200000000000102,-0.005816554809843516,-58.16554809843516,0.4900000000000091,-1.0612244897959195
2009-05-19,-1,600,627,90.85,91.49,90.86,91.47,stop,-0.6400000000000006,-0.007043803653973152,-70.43803653973153,0.6099999999999994,-1.0491803278688543
2009-05-20,1,600,713,92.58000000000001,91.84,92.57000000000001,91.86,stop,-0.7400000000000091,-0.007993950523927935,-79.93950523927936,0.710000000000008,-1.0422535211267616
2009-05-21,-1,619,959,89.22999999999999,89.21000000000001,89.24,89.2,eod,0.01999999999998181,0.00022411474675013235,2.2411474675013237,0.5700000000000074,0.03508771929821325
2009-05-22,1,621,959,89.56000000000002,89.03999999999999,89.55000000000001,89.05,eod,-0.5200000000000244,-0.005806811836962863,-58.06811836962863,0.8800000000000097,-0.5909090909091121
2009-05-26,1,600,959,89.41000000000001,91.30999999999999,89.4,91.32,eod,1.8999999999999773,0.0212527964205814,212.52796420581402,1.0900000000000176,1.7431192660549968
2009-05-27,1,600,605,91.54,91.02,91.53,91.03999999999999,stop,-0.5200000000000102,-0.005681197421610513,-56.81197421610513,0.4900000000000091,-1.0612244897959195
2009-05-28,-1,600,795,90.13999999999999,90.73,90.14999999999999,90.71000000000001,stop,-0.5900000000000176,-0.0065446478092070735,-65.44647809207073,0.5600000000000165,-1.053571428571429
2009-06-01,1,600,959,94.26,94.75999999999999,94.25,94.77,eod,0.4999999999999858,0.005305039787798257,53.050397877982576,0.8299999999999983,0.6024096385542009
2009-06-02,1,600,959,94.9,94.85,94.89,94.86,eod,-0.05000000000001137,-0.0005269259142165809,-5.26925914216581,7.3700000000000045,-0.006784260515605337
2009-06-03,-1,600,959,93.47999999999999,93.66000000000001,93.49,93.65,eod,-0.18000000000002103,-0.0019253396085145047,-19.25339608514505,0.6500000000000057,-0.27692307692310686
2009-06-04,-1,606,653,93.46999999999998,94.08,93.47999999999999,94.06,stop,-0.6100000000000136,-0.006525459991442166,-65.25459991442166,0.5800000000000125,-1.0517241379310354
2009-06-05,-1,606,959,94.39999999999999,94.54,94.41,94.53,eod,-0.14000000000001478,-0.0014828937612542611,-14.828937612542612,1.2700000000000102,-0.1102362204724517
2009-06-08,-1,600,919,93.27999999999999,94.02,93.28999999999999,94.0,stop,-0.7400000000000091,-0.007932254260906949,-79.32254260906949,0.710000000000008,-1.0422535211267616
2009-06-09,-1,603,870,94.32999999999998,95.02,94.33999999999999,95.0,stop,-0.6900000000000119,-0.007313970744117151,-73.13970744117151,0.6600000000000108,-1.0454545454545465
2009-06-10,-1,603,959,94.86999999999999,94.36500000000001,94.88,94.355,eod,0.5049999999999812,0.005322512647554609,53.225126475546084,0.6200000000000045,0.8145161290322218
2009-06-11,1,615,959,95.37,94.86999999999999,95.36,94.88,eod,-0.5000000000000142,-0.005243288590604176,-52.43288590604176,0.8100000000000023,-0.6172839506172998
2009-06-12,-1,600,621,94.1,94.55,94.11,94.53,stop,-0.45000000000000284,-0.0047816385081288154,-47.81638508128815,0.4200000000000017,-1.0714285714285738
2009-06-15,-1,633,959,93.17999999999999,92.87,93.19,92.86,eod,0.30999999999998806,0.003326537182100956,33.26537182100956,0.8400000000000034,0.36904761904760336
2009-06-16,-1,618,959,92.88,91.67,92.89,91.66,eod,1.2099999999999937,0.013026159974162921,130.2615997416292,0.4100000000000108,2.951219512195029
2009-06-17,-1,600,741,91.14999999999999,91.84,91.16,91.82000000000001,stop,-0.6900000000000119,-0.007569109258446819,-75.6910925844682,0.6600000000000108,-1.0454545454545465
2009-06-18,1,600,959,92.30000000000001,92.17,92.29,92.18,eod,-0.13000000000000966,-0.0014086033156356014,-14.086033156356015,1.0500000000000114,-0.12380952380953167
2009-06-19,-1,611,959,92.40499999999999,91.98,92.41499999999999,91.97,eod,0.42499999999998295,0.0045988205377913,45.988205377913005,0.2950000000000159,1.4406779661015594
2009-06-22,-1,600,959,90.38,89.27000000000001,90.39,89.26,eod,1.1099999999999852,0.012280119482243447,122.80119482243447,0.8100000000000023,1.3703703703703483
2009-06-23,1,604,611,89.83000000000001,89.32,89.82000000000001,89.33999999999999,stop,-0.5100000000000193,-0.005678022712091063,-56.78022712091063,0.4800000000000182,-1.0625
2009-06-24,1,604,873,90.47000000000001,90.01,90.46000000000001,90.03,stop,-0.46000000000000796,-0.005085120495246605,-50.851204952466055,0.4300000000000068,-1.0697674418604666
2009-06-25,1,600,959,90.52000000000001,92.02,90.51,92.03,eod,1.4999999999999858,0.016572754391779757,165.72754391779756,0.950000000000017,1.5789473684210094
2009-06-26,-1,600,942,91.46,92.07000000000001,91.47,92.05000000000001,stop,-0.6100000000000136,-0.006668853175904817,-66.68853175904817,0.5800000000000125,-1.0517241379310354
2009-06-29,1,618,959,92.22000000000001,92.71,92.21000000000001,92.72,eod,0.4899999999999807,0.005313957271445403,53.139572714454026,0.6200000000000188,0.7903225806451062
2009-06-30,-1,601,959,92.63,92.04,92.64,92.03,eod,0.5899999999999892,0.006368739205526654,63.687392055266535,0.4300000000000068,1.372093023255767
2009-07-01,1,616,944,92.9,92.3,92.89,92.32,stop,-0.6000000000000085,-0.006459252879750334,-64.59252879750333,0.5700000000000074,-1.0526315789473697
2009-07-02,-1,606,959,90.32,89.83,90.33,89.82,eod,0.4899999999999949,0.005424554411601848,54.24554411601848,0.8400000000000034,0.5833333333333248
2009-07-06,1,601,620,89.5802,88.83,89.5702,88.85,stop,-0.7502000000000066,-0.008375553476491139,-83.75553476491139,0.7202000000000055,-1.0416550958067217
2009-07-07,-1,601,959,89.36999999999999,88.11,89.38,88.1,eod,1.259999999999991,0.014097113448198601,140.971134481986,0.45000000000000284,2.799999999999962
2009-07-08,1,604,636,88.74000000000001,88.28999999999999,88.73,88.30999999999999,stop,-0.45000000000001705,-0.005071565423194151,-50.71565423194151,0.4200000000000159,-1.0714285714285714
2009-07-09,-1,627,791,88.00999999999999,88.73,88.02,88.71000000000001,stop,-0.7200000000000131,-0.008179959100204647,-81.79959100204647,0.6900000000000119,-1.043478260869566
2009-07-10,-1,611,959,87.63,87.95,87.64,87.94,eod,-0.3200000000000074,-0.003651300775901499,-36.51300775901499,0.8599999999999994,-0.3720930232558228
2009-07-13,-1,601,655,87.93999999999998,88.63,87.94999999999999,88.61,stop,-0.6900000000000119,-0.007845366685616964,-78.45366685616963,0.6600000000000108,-1.0454545454545465
2009-07-14,-1,636,711,89.88999999999999,90.62,89.89999999999999,90.60000000000001,stop,-0.7300000000000182,-0.008120133481646476,-81.20133481646477,0.700000000000017,-1.0428571428571434
2009-07-15,1,601,959,92.21000000000001,93.32,92.2,93.33,eod,1.1099999999999852,0.012039045553145175,120.39045553145175,0.5300000000000011,2.094339622641477
2009-07-16,-1,606,840,92.88,93.58,92.89,93.56,stop,-0.7000000000000028,-0.007535795026375313,-75.35795026375312,0.6700000000000017,-1.0447761194029868
2009-07-17,1,630,959,94.10000000000001,94.11999999999999,94.09,94.13,eod,0.01999999999998181,0.00021256244021662036,2.1256244021662036,0.5600000000000023,0.035714285714253086
2009-07-20,-1,610,905,94.57999999999998,95.03,94.58999999999999,95.01,stop,-0.45000000000001705,-0.004757373929591047,-47.57373929591047,0.4200000000000159,-1.0714285714285714
2009-07-21,-1,603,959,95.16,95.59,95.17,95.58,eod,-0.4300000000000068,-0.004518230534832477,-45.18230534832477,0.7400000000000091,-0.5810810810810831
2009-07-22,1,600,959,95.71000000000001,95.53,95.7,95.54,eod,-0.18000000000000682,-0.0018808777429467796,-18.808777429467796,0.8200000000000074,-0.21951219512195755
2009-07-23,1,600,959,96.43,97.67,96.42,97.68,eod,1.2399999999999949,0.012860402406139752,128.60402406139752,0.9000000000000057,1.3777777777777633
2009-07-24,-1,600,810,96.89999999999999,97.67,96.91,97.65,stop,-0.7700000000000102,-0.007945516458569913,-79.45516458569912,0.7400000000000091,-1.0405405405405417
2009-07-27,1,600,614,98.11000000000001,97.69,98.10000000000001,97.71,stop,-0.4200000000000159,-0.004281345565749398,-42.813455657493975,0.3900000000000148,-1.0769230769230769
2009-07-28,-1,613,959,97.57999999999998,98.07000000000001,97.58999999999999,98.06,eod,-0.4900000000000233,-0.005021006250640674,-50.210062506406736,0.7900000000000205,-0.6202531645569754
2009-07-29,1,600,702,97.64000000000001,97.07,97.63000000000001,97.08999999999999,stop,-0.5700000000000216,-0.005838369353682491,-58.38369353682491,0.5400000000000205,-1.0555555555555556
2009-07-30,1,600,959,99.49000000000001,98.69999999999999,99.48,98.71,eod,-0.7900000000000205,-0.007941294732609775,-79.41294732609775,0.8900000000000148,-0.8876404494382105
2009-07-31,-1,601,925,98.53999999999999,99.49,98.55,99.47,stop,-0.9500000000000028,-0.009639776763064463,-96.39776763064464,0.9200000000000017,-1.0326086956521752
2009-08-03,1,605,959,100.03000000000002,100.38,100.02000000000001,100.39,eod,0.3499999999999801,0.003499300139971806,34.99300139971806,0.7200000000000131,0.48611111111107463
2009-08-04,1,600,959,100.20000000000002,100.67999999999999,100.19000000000001,100.69,eod,0.47999999999997556,0.004790897295138991,47.90897295138991,0.4200000000000159,1.1428571428570413
2009-08-05,-1,600,959,100.10999999999999,100.42,100.11999999999999,100.41,eod,-0.3100000000000165,-0.0030962844586497856,-30.962844586497855,0.7450000000000188,-0.41610738255034724
2009-08-06,-1,600,959,100.13,99.89,100.14,99.88,eod,0.23999999999999488,0.002396644697423556,23.96644697423556,0.8900000000000006,0.26966292134830866
2009-08-07,-1,600,638,100.60999999999999,101.21000000000001,100.61999999999999,101.19000000000001,stop,-0.6000000000000227,-0.005963029218843399,-59.63029218843399,0.5700000000000216,-1.0526315789473684
2009-08-10,1,631,788,101.09,100.52,101.08,100.53999999999999,stop,-0.5700000000000074,-0.005639097744360976,-56.390977443609756,0.5400000000000063,-1.055555555555557
2009-08-11,-1,600,959,100.04999999999998,99.67,100.05999999999999,99.66,eod,0.37999999999998124,0.003797721367179505,37.97721367179505,0.5600000000000165,0.6785714285713751
2009-08-12,1,600,959,100.61000000000001,100.77,100.60000000000001,100.78,eod,0.15999999999998238,0.0015904572564610572,15.904572564610572,1.0800000000000125,0.14814814814813013
2009-08-13,1,654,959,101.33000000000001,101.57,101.32000000000001,101.58,eod,0.23999999999998067,0.002368732727990334,23.68732727990334,1.0700000000000074,0.22429906542054115
2009-08-14,-1,600,959,100.47999999999999,100.74000000000001,100.49,100.73,eod,-0.2600000000000193,-0.002587322121604332,-25.87322121604332,1.1200000000000045,-0.23214285714287344
2009-08-17,-1,678,959,98.19999999999999,98.24000000000001,98.21,98.23,eod,-0.040000000000020464,-0.00040729049994929706,-4.0729049994929705,0.7500000000000142,-0.05333333333335961
2009-08-18,1,603,959,98.80000000000001,99.17999999999999,98.79,99.19,eod,0.37999999999998124,0.003846543172385679,38.46543172385679,0.45000000000001705,0.8444444444443707
2009-08-19,1,601,959,98.98,99.99,98.97,100.0,eod,1.009999999999991,0.01020511266040205,102.0511266040205,0.730000000000004,1.3835616438355964
2009-08-20,1,600,959,100.73,101.00999999999999,100.72,101.02,eod,0.2799999999999869,0.0027799841143763596,27.799841143763597,0.8599999999999994,0.32558139534882224
2009-08-21,1,600,959,102.02000000000001,102.91,102.01,102.92,eod,0.8899999999999864,0.008724634839721461,87.2463483972146,0.4000000000000057,2.2249999999999344
2009-08-24,1,609,789,103.73,103.17999999999999,103.72,103.19999999999999,stop,-0.5500000000000114,-0.005302738141149357,-53.02738141149357,0.5200000000000102,-1.0576923076923088
2009-08-25,1,600,877,103.81000000000002,103.09,103.80000000000001,103.11,stop,-0.7200000000000131,-0.006936416184971223,-69.36416184971223,0.6900000000000119,-1.043478260869566
2009-08-26,1,600,959,103.00000000000001,103.17,102.99000000000001,103.18,eod,0.1699999999999875,0.0016506456937565538,16.506456937565538,0.5100000000000193,0.3333333333332962
2009-08-27,-1,600,795,102.21999999999998,103.18,102.22999999999999,103.16000000000001,stop,-0.9600000000000222,-0.009390589846424947,-93.90589846424947,0.930000000000021,-1.0322580645161294
2009-08-28,-1,600,959,103.46999999999998,103.34,103.47999999999999,103.33,eod,0.12999999999998124,0.0012562814070349948,12.562814070349948,0.8800000000000097,0.14772727272724978
2009-09-01,1,600,670,102.99000000000001,101.86,102.98,101.88,stop,-1.1300000000000097,-0.010973004466886867,-109.73004466886867,1.1000000000000085,-1.027272727272728
2009-09-02,-1,632,658,99.64999999999999,100.34,99.66,100.32000000000001,stop,-0.6900000000000119,-0.006923540036122938,-69.23540036122938,0.6600000000000108,-1.0454545454545465
2009-09-03,-1,601,607,100.07,100.65,100.08,100.63000000000001,stop,-0.5800000000000125,-0.005795363709032899,-57.95363709032899,0.5500000000000114,-1.0545454545454556
2009-09-04,1,623,959,101.16000000000001,102.05999999999999,101.15,102.07,eod,0.8999999999999773,0.008897676717745696,88.97676717745696,0.6100000000000136,1.4754098360655035
2009-09-08,-1,603,959,102.50999999999999,102.91000000000001,102.52,102.9,eod,-0.4000000000000199,-0.003901677721420405,-39.01677721420405,0.5400000000000063,-0.740740740740769
2009-09-09,1,615,959,103.45000000000002,103.75,103.44000000000001,103.76,eod,0.29999999999998295,0.0029002320185613196,29.002320185613197,0.6500000000000199,0.46153846153842115
2009-09-10,1,638,959,103.88000000000001,104.78,103.87,104.79,eod,0.8999999999999915,0.008664677000096191,86.64677000096191,0.6600000000000108,1.3636363636363285
2009-09-11,1,600,606,105.30000000000001,104.81,105.29,104.83,stop,-0.4900000000000091,-0.004653813277614294,-46.53813277614294,0.46000000000000796,-1.0652173913043492
2009-09-14,1,621,896,104.45000000000002,103.84,104.44000000000001,103.86,stop,-0.6100000000000136,-0.005840674071237204,-58.40674071237204,0.5800000000000125,-1.0517241379310354
2009-09-15,-1,602,791,105.1,105.7,105.11,105.68,stop,-0.6000000000000085,-0.005708305584625711,-57.08305584625711,0.5700000000000074,-1.0526315789473697
2009-09-16,1,616,959,106.26,107.3,106.25,107.31,eod,1.039999999999992,0.009788235294117572,97.88235294117571,0.5300000000000011,1.962264150943377
2009-09-17,1,600,732,107.88000000000001,107.13,107.87,107.14999999999999,stop,-0.7500000000000142,-0.006952813571892224,-69.52813571892224,0.7200000000000131,-1.0416666666666674
2009-09-18,-1,601,959,106.63999999999999,106.74000000000001,106.64999999999999,106.73,eod,-0.10000000000002274,-0.0009376465072669737,-9.376465072669738,0.5200000000000102,-0.19230769230773226
2009-09-21,-1,600,609,105.64999999999999,106.28,105.66,106.26,stop,-0.6300000000000097,-0.005962521294719001,-59.62521294719001,0.6000000000000085,-1.0500000000000012
2009-09-22,-1,600,720,106.75999999999999,107.14,106.77,107.12,stop,-0.38000000000000966,-0.0035590521682121352,-35.590521682121356,0.3500000000000085,-1.085714285714287
2009-09-23,-1,600,797,106.96,107.36,106.97,107.34,stop,-0.4000000000000057,-0.0037393661774329785,-37.393661774329786,0.37000000000000455,-1.0810810810810831
2009-09-24,-1,600,959,106.1,105.05000000000001,106.11,105.04,eod,1.049999999999983,0.009895391574780726,98.95391574780726,0.5400000000000063,1.9444444444443902
2009-09-25,1,609,717,105.30000000000001,104.52,105.29,104.53999999999999,stop,-0.7800000000000153,-0.0074081109317125585,-74.08110931712558,0.7500000000000142,-1.0400000000000007
2009-09-28,1,600,959,105.73,106.3,105.72,106.31,eod,0.5699999999999932,0.005391600454029448,53.91600454029447,0.9000000000000057,0.6333333333333218
2009-09-29,-1,600,959,106.35,106.03,106.36,106.02,eod,0.3199999999999932,0.003008649868371504,30.08649868371504,0.6700000000000017,0.4776119402984961
2009-10-01,-1,600,959,104.69999999999999,103.0,104.71,102.99,eod,1.6999999999999886,0.01623531658867337,162.3531658867337,0.6800000000000068,2.4999999999999583
2009-10-02,1,603,959,102.60000000000001,102.53999999999999,102.59,102.55,eod,-0.060000000000016485,-0.0005848523247881517,-5.848523247881517,0.6100000000000136,-0.09836065573772974
2009-10-05,1,600,959,103.48,104.02,103.47,104.03,eod,0.539999999999992,0.0052189040301535905,52.189040301535904,0.8800000000000097,0.6136363636363479
2009-10-06,1,602,959,105.61000000000001,105.50999999999999,105.60000000000001,105.52,eod,-0.10000000000002274,-0.0009469696969699122,-9.469696969699122,0.9000000000000199,-0.11111111111113392
2009-10-07,1,617,959,105.68,105.78999999999999,105.67,105.8,eod,0.10999999999998522,0.0010409766253429093,10.409766253429092,0.6100000000000136,0.18032786885243077
2009-10-08,-1,600,675,106.29499999999999,106.83,106.30499999999999,106.81,stop,-0.5350000000000108,-0.0050326889610085215,-50.32688961008522,0.5050000000000097,-1.0594059405940606
2009-10-09,1,600,959,106.93,107.22999999999999,106.92,107.24,eod,0.29999999999998295,0.002805836139169313,28.058361391693133,0.5700000000000074,0.5263157894736474
2009-10-12,1,600,858,108.09,107.62,108.08,107.64,stop,-0.46999999999999886,-0.004348630643967421,-43.48630643967421,0.4399999999999977,-1.068181818181821
2009-10-13,-1,600,707,106.94999999999999,107.59,106.96,107.57000000000001,stop,-0.6400000000000148,-0.005983545250561096,-59.83545250561096,0.6100000000000136,-1.0491803278688532
2009-10-14,-1,624,685,108.32999999999998,108.82000000000001,108.33999999999999,108.80000000000001,stop,-0.4900000000000233,-0.004522798597009631,-45.227985970096306,0.46000000000002217,-1.0652173913043472
2009-10-16,-1,600,828,108.54999999999998,109.09,108.55999999999999,109.07000000000001,stop,-0.5400000000000205,-0.004974207811348752,-49.742078113487516,0.5100000000000193,-1.0588235294117647
2009-10-19,1,622,959,109.26,109.83,109.25,109.84,eod,0.5699999999999932,0.005217391304347764,52.17391304347764,0.5300000000000011,1.0754716981131924
2009-10-20,-1,618,959,109.29999999999998,109.23,109.30999999999999,109.22,eod,0.06999999999997897,0.0006403805690236847,6.4038056902368465,0.6850000000000165,0.10218978102186464
2009-10-21,1,602,930,109.91000000000001,108.96,109.9,108.97999999999999,stop,-0.950000000000017,-0.008644222020018353,-86.44222020018353,0.9200000000000159,-1.0326086956521745
2009-10-22,-1,602,767,107.66999999999999,108.545,107.67999999999999,108.525,stop,-0.8750000000000142,-0.008125928677563283,-81.25928677563283,0.8450000000000131,-1.0355029585798825
2009-10-23,-1,604,959,109.16999999999999,108.08,109.17999999999999,108.07,eod,1.0899999999999892,0.009983513464004298,99.83513464004298,0.5900000000000176,1.8474576271185705
2009-10-26,1,600,690,109.18,108.16,109.17,108.17999999999999,stop,-1.0200000000000102,-0.009343226161033344,-93.43226161033344,0.9900000000000091,-1.0303030303030312
2009-10-27,-1,600,642,106.63,107.37,106.64,107.35000000000001,stop,-0.7400000000000091,-0.00693923480870226,-69.3923480870226,0.710000000000008,-1.0422535211267616
2009-10-28,-1,600,959,105.83999999999999,104.43,105.85,104.42,eod,1.4099999999999824,0.013320736891827892,133.20736891827892,0.6383000000000152,2.2089926366911308
2009-10-29,1,602,959,105.45000000000002,106.63,105.44000000000001,106.64,eod,1.1799999999999784,0.011191198786039247,111.91198786039247,0.5100000000000193,2.3137254901959485
2009-10-30,-1,632,959,105.71999999999998,103.64,105.72999999999999,103.63,eod,2.079999999999984,0.01967275134777248,196.72751347772478,0.9000000000000199,2.3111111111110425
2009-11-02,1,600,771,104.54,103.83,104.53,103.85,stop,-0.710000000000008,-0.006792308428202506,-67.92308428202506,0.6800000000000068,-1.0441176470588247
2009-11-03,1,603,959,104.4,104.66,104.39,104.67,eod,0.2599999999999909,0.002490660024906513,24.906600249065132,0.8599999999999994,0.30232558139533844
2009-11-04,1,600,868,105.74000000000001,105.22,105.73,105.24,stop,-0.5200000000000102,-0.0049181878369432535,-49.18187836943253,0.4900000000000091,-1.0612244897959195
2009-11-05,1,600,959,106.17000000000002,106.85,106.16000000000001,106.86,eod,0.6799999999999784,0.006405425772418786,64.05425772418786,0.7300000000000182,0.9315068493150157
2009-11-06,1,601,959,107.35000000000001,107.14,107.34,107.15,eod,-0.21000000000000796,-0.001956400223588671,-19.56400223588671,1.3000000000000114,-0.16153846153846624
2009-11-09,1,600,959,108.35000000000001,109.57,108.34,109.58,eod,1.2199999999999847,0.011260845486431463,112.60845486431462,0.480000000000004,2.5416666666666137
2009-11-10,1,611,666,109.84,109.23,109.83,109.25,stop,-0.6099999999999994,-0.005554038058818168,-55.540380588181684,0.5799999999999983,-1.0517241379310367
2009-11-11,1,600,651,110.48,110.0,110.47,110.02,stop,-0.480000000000004,-0.00434507106001633,-43.450710600163305,0.45000000000000284,-1.0666666666666689
2009-11-12,1,600,671,110.57000000000001,109.62,110.56,109.64,stop,-0.9500000000000028,-0.008592619392185264,-85.92619392185264,0.9200000000000017,-1.0326086956521752
2009-11-13,1,621,959,109.47000000000001,109.61999999999999,109.46000000000001,109.63,eod,0.14999999999997726,0.0013703636031424926,13.703636031424926,0.7200000000000131,0.20833333333329798
2009-11-16,1,604,959,111.23,111.19999999999999,111.22,111.21,eod,-0.030000000000015348,-0.00026973565905426494,-2.6973565905426495,0.9100000000000108,-0.03296703296704944
2009-11-17,-1,640,824,110.71999999999998,111.26,110.72999999999999,111.24000000000001,stop,-0.5400000000000205,-0.004876727174207717,-48.76727174207717,0.5100000000000193,-1.0588235294117647
2009-11-18,-1,611,959,110.68999999999998,111.29,110.69999999999999,111.28,eod,-0.6000000000000227,-0.005420054200542211,-54.20054200542211,0.7400000000000233,-0.810810810810816
2009-11-19,-1,649,745,109.24999999999999,110.59,109.25999999999999,110.57000000000001,stop,-1.3400000000000176,-0.012264323631704354,-122.64323631704355,1.3100000000000165,-1.0229007633587792
2009-11-20,-1,606,959,109.21,109.53,109.22,109.52,eod,-0.3200000000000074,-0.0029298663248489964,-29.298663248489962,0.5500000000000114,-0.5818181818181832
2009-11-24,-1,600,888,110.11999999999999,111.08,110.13,111.06,stop,-0.960000000000008,-0.008716970852628785,-87.16970852628785,0.9300000000000068,-1.0322580645161301
2009-11-25,1,600,959,111.23,111.36,111.22,111.37,eod,0.12999999999999545,0.0011688545225678425,11.688545225678425,0.4100000000000108,0.3170731707316879
2009-11-30,1,606,691,109.80000000000001,109.14,109.79,109.16,stop,-0.6600000000000108,-0.006011476455050649,-60.11476455050649,0.6300000000000097,-1.0476190476190488
2009-12-01,-1,600,680,110.89999999999999,111.36,110.91,111.34,stop,-0.46000000000000796,-0.004147506987647714,-41.47506987647714,0.4300000000000068,-1.0697674418604666
2009-12-02,1,601,739,111.60000000000001,111.17999999999999,111.59,111.19999999999999,stop,-0.4200000000000159,-0.003763778116318809,-37.63778116318809,0.3900000000000148,-1.0769230769230769
2009-12-03,-1,601,959,111.41999999999999,110.44000000000001,111.42999999999999,110.43,eod,0.9799999999999756,0.008794759041550531,87.94759041550532,0.7600000000000193,1.2894736842104613
2009-12-04,-1,656,959,111.63,111.039,111.64,111.029,eod,0.590999999999994,0.005293801504836922,52.93801504836922,0.75,0.7879999999999919
2009-12-08,1,701,959,110.11000000000001,109.63,110.10000000000001,109.64,eod,-0.4800000000000182,-0.004359673024523326,-43.59673024523326,0.8400000000000176,-0.5714285714285811
2009-12-09,1,645,959,109.91530000000002,110.0,109.90530000000001,110.01,eod,0.08469999999998379,0.00077066347118823,7.7066347118823,0.8953000000000202,0.09460516028144966
2009-12-10,-1,605,959,110.66,110.66000000000001,110.67,110.65,eod,-1.4210854715202004e-14,-1.284074700930876e-16,-1.284074700930876e-12,0.46000000000000796,-3.089316242435165e-14
2009-12-11,-1,682,959,110.80999999999999,111.21000000000001,110.82,111.2,eod,-0.4000000000000199,-0.003609456776755278,-36.09456776755278,0.5500000000000114,-0.7272727272727484
2009-12-14,-1,603,700,111.52,111.91,111.53,111.89,stop,-0.39000000000000057,-0.003496816999910343,-34.96816999910343,0.35999999999999943,-1.0833333333333366
2009-12-15,1,616,921,111.58000000000001,111.27,111.57000000000001,111.28999999999999,stop,-0.3100000000000165,-0.002778524693017984,-27.785246930179838,0.28000000000001535,-1.1071428571428554
2009-12-16,-1,623,683,111.74,112.11,111.75,112.09,stop,-0.37000000000000455,-0.0033109619686801303,-33.1096196868013,0.3400000000000034,-1.0882352941176494
2009-12-17,-1,605,959,110.32999999999998,110.17,110.33999999999999,110.16,eod,0.15999999999998238,0.0014500634402753526,14.500634402753526,0.6000000000000227,0.2666666666666272
2009-12-18,-1,623,959,109.88999999999999,110.24000000000001,109.89999999999999,110.23,eod,-0.35000000000002274,-0.0031847133757963854,-31.847133757963853,0.4100000000000108,-0.8536585365853988
2009-12-21,1,602,959,111.37,111.33,111.36,111.34,eod,-0.04000000000000625,-0.00035919540229890673,-3.5919540229890674,0.6099999999999994,-0.0655737704918136
2009-12-22,1,600,690,111.87,111.42999999999999,111.86,111.44999999999999,stop,-0.44000000000001194,-0.003933488288932701,-39.33488288932701,0.4100000000000108,-1.073170731707318
2009-12-23,-1,600,827,111.88,112.13,111.89,112.11,stop,-0.25,-0.0022343372955581373,-22.343372955581373,0.21999999999999886,-1.1363636363636422
2009-12-28,-1,613,959,112.75999999999999,112.75,112.77,112.74,eod,0.009999999999990905,8.867606632961697e-05,0.8867606632961698,0.23000000000000398,0.04347826086952492
2009-12-29,-1,603,959,112.7901,112.59,112.8001,112.58,eod,0.20009999999999195,0.00177393459757564,17.7393459757564,0.23990000000000578,0.8340975406418805
2009-12-31,-1,602,959,112.58999999999999,111.45,112.6,111.44,eod,1.1399999999999864,0.010124333925399524,101.24333925399523,0.21000000000000796,5.428571428571158
2010-01-04,1,600,959,112.96000000000001,113.30999999999999,112.95,113.32,eod,0.3499999999999801,0.0030987162461264283,30.987162461264283,0.6300000000000097,0.5555555555555155
2010-01-05,-1,600,615,112.88,113.39,112.89,113.37,stop,-0.5100000000000051,-0.004517672070156835,-45.17672070156835,0.480000000000004,-1.0625000000000018
2010-01-06,1,604,959,113.72000000000001,113.72999999999999,113.71000000000001,113.74,eod,0.009999999999976694,8.794301292741793e-05,0.8794301292741793,0.29000000000000625,0.034482758620608546
2010-01-07,1,645,959,113.71000000000001,114.19,113.7,114.2,eod,0.47999999999998977,0.004221635883904923,42.21635883904923,0.5300000000000011,0.9056603773584693
2010-01-08,1,600,959,114.11000000000001,114.55999999999999,114.10000000000001,114.57,eod,0.4499999999999744,0.003943908851884088,39.439088518840876,0.45000000000001705,0.9999999999999053
2010-01-11,-1,605,959,114.57999999999998,114.74000000000001,114.58999999999999,114.73,eod,-0.160000000000025,-0.0013962823981152372,-13.962823981152372,0.5500000000000114,-0.29090909090913036
2010-01-12,1,601,740,114.20000000000002,113.67999999999999,114.19000000000001,113.69999999999999,stop,-0.5200000000000244,-0.004553813819073688,-45.53813819073687,0.4900000000000233,-1.0612244897959178
2010-01-13,-1,605,718,113.77,114.14,113.78,114.12,stop,-0.37000000000000455,-0.003251889611531065,-32.518896115310646,0.3400000000000034,-1.0882352941176494
2010-01-14,1,607,959,114.73,114.91,114.72,114.92,eod,0.1799999999999926,0.0015690376569037013,15.690376569037012,0.3100000000000023,0.5806451612902945
2010-01-15,-1,601,959,114.07999999999998,113.67,114.08999999999999,113.66,eod,0.4099999999999824,0.0035936541327020984,35.93654132702098,0.7600000000000193,0.5394736842104894
2010-01-19,1,605,959,114.35000000000001,115.05,114.34,115.06,eod,0.6999999999999886,0.006122092006296909,61.22092006296909,0.7700000000000102,0.9090909090908822
2010-01-20,-1,604,959,113.74,113.9,113.75,113.89,eod,-0.1600000000000108,-0.0014065934065935015,-14.065934065935016,0.710000000000008,-0.22535211267606903
2010-01-21,-1,600,959,113.71,111.69000000000001,113.72,111.68,eod,2.019999999999982,0.017762926486106067,177.62926486106068,0.5600000000000023,3.60714285714281
2010-01-22,-1,604,959,110.99,109.23,111.0,109.22,eod,1.759999999999991,0.015855855855855774,158.55855855855773,0.6300000000000097,2.793650793650736
2010-01-25,-1,600,604,109.99999999999999,110.38,110.00999999999999,110.36,stop,-0.38000000000000966,-0.003454231433506133,-34.542314335061334,0.3500000000000085,-1.085714285714287
2010-01-26,1,606,959,109.66000000000001,109.28999999999999,109.65,109.3,eod,-0.37000000000001876,-0.0033743730050161307,-33.743730050161304,0.6200000000000045,-0.596774193548413
2010-01-27,-1,611,882,108.91999999999999,109.54,108.92999999999999,109.52000000000001,stop,-0.6200000000000188,-0.00569172863306728,-56.9172863306728,0.5900000000000176,-1.050847457627119
2010-01-28,-1,602,959,109.41999999999999,108.57000000000001,109.42999999999999,108.56,eod,0.8499999999999801,0.007767522617198028,77.67522617198027,0.8300000000000125,1.0240963855421292
2010-01-29,1,622,681,109.52000000000001,108.71,109.51,108.72999999999999,stop,-0.8100000000000165,-0.007396584786777614,-73.96584786777613,0.7800000000000153,-1.0384615384615392
2010-02-01,1,600,959,108.52000000000001,108.99,108.51,109.0,eod,0.46999999999998465,0.0043313980278313945,43.31398027831394,0.44000000000001194,1.0681818181817544
2010-02-02,-1,604,615,108.91,109.39,108.92,109.37,stop,-0.480000000000004,-0.004406904149834778,-44.06904149834778,0.45000000000000284,-1.0666666666666689
2010-02-03,-1,626,959,109.82,109.87,109.83,109.86,eod,-0.05000000000001137,-0.0004552490212147079,-4.552490212147079,0.6000000000000085,-0.08333333333335109
2010-02-04,-1,610,959,107.82,106.48,107.83,106.47,eod,1.3399999999999892,0.01242696837614754,124.2696837614754,1.210000000000008,1.1074380165289095
2010-02-05,-1,605,959,105.89999999999999,106.76,105.91,106.75,eod,-0.8600000000000136,-0.008120101973373749,-81.2010197337375,0.980000000000004,-0.8775510204081737
2010-02-08,1,611,950,106.76,106.05,106.75,106.07,stop,-0.710000000000008,-0.006651053864168693,-66.51053864168694,0.6800000000000068,-1.0441176470588247
2010-02-09,1,617,658,107.37,106.78999999999999,107.36,106.80999999999999,stop,-0.5800000000000125,-0.005402384500745273,-54.02384500745273,0.5500000000000114,-1.0545454545454556
2010-02-10,-1,600,805,106.85,107.48,106.86,107.46000000000001,stop,-0.6300000000000097,-0.005895564289724964,-58.955642897249646,0.6000000000000085,-1.0500000000000012
2010-02-11,1,610,959,106.93,108.08,106.92,108.09,eod,1.1499999999999915,0.010755705200149564,107.55705200149565,0.6800000000000068,1.6911764705882057
2010-02-12,1,616,959,107.08000000000001,108.00999999999999,107.07000000000001,108.02,eod,0.9299999999999784,0.008685906416362925,86.85906416362926,0.5700000000000074,1.631578947368362
2010-02-16,1,636,959,108.93,109.72,108.92,109.73,eod,0.789999999999992,0.007253029746602939,72.53029746602938,0.5100000000000051,1.5490196078431062
2010-02-17,-1,604,633,109.97999999999999,110.37,109.99,110.35000000000001,stop,-0.3900000000000148,-0.003545776888808208,-35.45776888808208,0.36000000000001364,-1.0833333333333333
2010-02-18,1,602,959,110.59,110.94999999999999,110.58,110.96,eod,0.3599999999999852,0.0032555615843731706,32.55561584373171,0.5550000000000068,0.648648648648614
2010-02-19,-1,600,628,110.38999999999999,110.95,110.39999999999999,110.93,stop,-0.5600000000000165,-0.005072463768116092,-50.724637681160914,0.5300000000000153,-1.056603773584906
2010-02-22,-1,601,959,110.99,111.14,111.0,111.13,eod,-0.15000000000000568,-0.0013513513513514026,-13.513513513514026,0.5900000000000034,-0.25423728813560137
2010-02-23,-1,600,959,110.71999999999998,109.80000000000001,110.72999999999999,109.79,eod,0.9199999999999733,0.008308498148649628,83.08498148649629,0.4800000000000182,1.9166666666665384
2010-02-24,-1,609,645,110.1,110.69,110.11,110.67,stop,-0.5900000000000034,-0.0053582780855508435,-53.58278085550843,0.5600000000000023,-1.0535714285714304
2010-02-25,1,620,959,109.4,110.69999999999999,109.39,110.71,eod,1.299999999999983,0.011884084468415605,118.84084468415604,0.46000000000000796,2.826086956521653
2010-02-26,-1,601,631,110.33999999999999,110.86,110.35,110.84,stop,-0.5200000000000102,-0.004712279111916722,-47.122791119167225,0.4900000000000091,-1.0612244897959195
2010-03-01,1,606,959,111.59,111.88499999999999,111.58,111.895,eod,0.2949999999999875,0.0026438429826132594,26.438429826132595,0.4200000000000017,0.7023809523809198
2010-03-02,-1,614,646,112.18999999999998,112.56,112.19999999999999,112.54,stop,-0.37000000000001876,-0.003297682709447583,-32.97682709447583,0.3400000000000176,-1.0882352941176459
2010-03-03,1,600,881,112.76,112.27,112.75,112.28999999999999,stop,-0.4900000000000091,-0.0043458980044346705,-43.4589800443467,0.46000000000000796,-1.0652173913043492
2010-03-04,-1,622,946,112.38,112.78,112.39,112.76,stop,-0.4000000000000057,-0.0035590355013791768,-35.590355013791765,0.37000000000000455,-1.0810810810810831
2010-03-05,1,608,959,113.56000000000002,114.25,113.55000000000001,114.26,eod,0.6899999999999835,0.006076618229854544,60.76618229854544,0.46000000000002217,1.4999999999998919
2010-03-08,-1,600,959,114.17999999999999,114.28,114.19,114.27,eod,-0.10000000000000853,-0.0008757334267449735,-8.757334267449735,0.3400000000000034,-0.29411764705884563
2010-03-09,1,604,959,114.25000000000001,114.44,114.24000000000001,114.45,eod,0.18999999999998352,0.001663165266106298,16.63165266106298,0.38000000000000966,0.4999999999999439
2010-03-10,1,601,750,114.87,114.44,114.86,114.46,stop,-0.4300000000000068,-0.0037436879679610554,-37.436879679610556,0.4000000000000057,-1.0750000000000017
2010-03-11,1,606,959,114.85000000000001,115.44999999999999,114.84,115.46,eod,0.5999999999999801,0.005224660397074017,52.24660397074017,0.5000000000000142,1.199999999999926
2010-03-12,-1,601,959,115.52,115.46000000000001,115.53,115.45,eod,0.05999999999998806,0.0005193456245130101,5.193456245130101,0.45000000000000284,0.13333333333330596
2010-03-15,-1,600,945,115.08999999999999,115.5125,115.1,115.4925,stop,-0.42250000000001364,-0.0036707211120765738,-36.707211120765734,0.3925000000000125,-1.0764331210191087
2010-03-16,1,632,959,115.86000000000001,116.39999999999999,115.85000000000001,116.41,eod,0.5399999999999778,0.004661199827362778,46.611998273627776,0.37000000000001876,1.4594594594593255
2010-03-17,1,600,959,117.08000000000001,117.08999999999999,117.07000000000001,117.1,eod,0.009999999999976694,8.541898009717856e-05,0.8541898009717857,0.37000000000001876,0.027027027026962667
2010-03-18,1,601,635,117.22000000000001,116.94,117.21000000000001,116.96,stop,-0.28000000000001535,-0.00238887466939694,-23.8887466939694,0.2500000000000142,-1.1199999999999977
2010-03-19,-1,601,959,116.49999999999999,115.97,116.50999999999999,115.96,eod,0.5299999999999869,0.00454896575401242,45.4896575401242,0.4700000000000131,1.127659574468026
2010-03-22,1,603,959,116.04,116.57,116.03,116.58,eod,0.5299999999999869,0.004567784193742885,45.677841937428845,0.8000000000000114,0.6624999999999742
2010-03-23,1,618,664,116.88000000000001,116.4,116.87,116.42,stop,-0.480000000000004,-0.004107127577650415,-41.07127577650415,0.45000000000000284,-1.0666666666666689
2010-03-24,-1,601,610,116.88,117.23,116.89,117.21000000000001,stop,-0.3500000000000085,-0.0029942681153221707,-29.942681153221706,0.3200000000000074,-1.0937500000000013
2010-03-25,-1,605,671,117.36999999999999,117.76,117.38,117.74000000000001,stop,-0.3900000000000148,-0.0033225421707276776,-33.22542170727677,0.36000000000001364,-1.0833333333333333
2010-03-26,1,602,749,117.17000000000002,116.67999999999999,117.16000000000001,116.69999999999999,stop,-0.4900000000000233,-0.004182314783202657,-41.823147832026564,0.46000000000002217,-1.0652173913043472
2010-03-29,-1,601,686,117.05999999999999,117.46000000000001,117.07,117.44000000000001,stop,-0.4000000000000199,-0.0034167592038952758,-34.167592038952755,0.37000000000001876,-1.08108108108108
2010-03-30,1,602,661,117.82000000000001,117.33,117.81,117.35,stop,-0.4900000000000091,-0.004159239453357178,-41.59239453357178,0.46000000000000796,-1.0652173913043492
2010-03-31,1,624,959,117.19500000000001,116.97999999999999,117.185,116.99,eod,-0.21500000000001762,-0.0018347058070573676,-18.347058070573677,0.585000000000008,-0.36752136752139264
2010-04-01,1,600,657,118.21000000000001,117.74,118.2,117.75999999999999,stop,-0.4700000000000131,-0.003976311336717539,-39.76311336717539,0.44000000000001194,-1.068181818181819
2010-04-05,1,600,959,118.44000000000001,118.77,118.43,118.78,eod,0.3299999999999841,0.0027864561344252644,27.864561344252643,0.5200000000000102,0.6346153846153415
2010-04-06,1,611,959,118.61000000000001,119.0,118.60000000000001,119.01,eod,0.38999999999998636,0.0032883642495782997,32.88364249578299,0.3200000000000074,1.2187499999999292
2010-04-07,-1,641,746,118.6,119.0,118.61,118.98,stop,-0.4000000000000057,-0.0033723969311188406,-33.723969311188405,0.37000000000000455,-1.0810810810810831
2010-04-08,1,625,959,117.99000000000001,118.75,117.98,118.76,eod,0.7599999999999909,0.0064417697914900054,64.41769791490006,0.3900000000000148,1.9487179487178516
2010-04-09,1,600,628,119.18,118.78,119.17,118.8,stop,-0.4000000000000057,-0.00335654946714782,-33.5654946714782,0.37000000000000455,-1.0810810810810831
2010-04-12,-1,600,782,119.57,119.99,119.58,119.97,stop,-0.4200000000000017,-0.003512293025589578,-35.12293025589578,0.39000000000000057,-1.0769230769230798
2010-04-13,-1,620,820,119.39999999999999,119.76,119.41,119.74000000000001,stop,-0.36000000000001364,-0.003014822879155964,-30.148228791559642,0.3300000000000125,-1.0909090909090908
2010-04-14,-1,613,682,120.21,120.57000000000001,120.22,120.55000000000001,stop,-0.36000000000001364,-0.002994510064881165,-29.94510064881165,0.3300000000000125,-1.0909090909090908
2010-04-15,1,605,959,121.14000000000001,121.3,121.13000000000001,121.31,eod,0.15999999999998238,0.001320894906298872,13.20894906298872,0.19000000000001194,0.8421052631577491
2010-04-16,-1,638,959,120.46999999999998,119.37,120.47999999999999,119.36,eod,1.09999999999998,0.009130146082337153,91.30146082337153,0.6100000000000136,1.8032786885245171
2010-04-19,1,602,705,119.69000000000001,118.95,119.68,118.97,stop,-0.7400000000000091,-0.00618315508021398,-61.831550802139795,0.710000000000008,-1.0422535211267616
2010-04-20,-1,619,714,120.30999999999999,120.72,120.32,120.7,stop,-0.4100000000000108,-0.0034075797872341325,-34.075797872341326,0.38000000000000966,-1.0789473684210535
2010-04-21,-1,627,959,120.82999999999998,120.66000000000001,120.83999999999999,120.65,eod,0.16999999999997328,0.0014068189341275514,14.068189341275513,0.4000000000000199,0.42499999999991206
2010-04-22,1,626,959,119.86000000000001,120.99,119.85000000000001,121.0,eod,1.1299999999999812,0.009428452231956454,94.28452231956454,0.7300000000000182,1.5479452054793879
2010-04-23,1,600,959,121.03000000000002,121.78999999999999,121.02000000000001,121.8,eod,0.7599999999999767,0.006279953726656557,62.79953726656557,0.4000000000000199,1.8999999999998471
2010-04-26,-1,618,673,121.69999999999999,122.13,121.71,122.11,stop,-0.4300000000000068,-0.0035329882507600593,-35.329882507600594,0.4000000000000057,-1.0750000000000017
2010-04-27,1,602,673,121.01,120.58,121.0,120.6,stop,-0.4300000000000068,-0.003553719008264519,-35.53719008264519,0.4000000000000057,-1.0750000000000017
2010-04-28,-1,603,666,118.82,119.37,118.83,119.35000000000001,stop,-0.5500000000000114,-0.004628460826390738,-46.28460826390738,0.5200000000000102,-1.0576923076923088
2010-04-29,1,622,959,120.46000000000001,120.83,120.45,120.84,eod,0.36999999999999034,0.00307181403071806,30.7181403071806,0.3900000000000148,0.948717948717888
2010-04-30,-1,601,959,120.52999999999999,118.84,120.53999999999999,118.83,eod,1.6899999999999835,0.014020242243238622,140.20242243238621,0.4800000000000182,3.5208333333331656
2010-05-03,1,610,652,119.74000000000001,119.32,119.73,119.33999999999999,stop,-0.4200000000000159,-0.0035078927587072237,-35.078927587072236,0.3900000000000148,-1.0769230769230769
2010-05-04,-1,634,959,118.16999999999999,117.56,118.17999999999999,117.55,eod,0.6099999999999852,0.005161617871044045,51.61617871044045,0.8600000000000136,0.709302325581367
2010-05-05,1,603,959,116.87,116.82,116.86,116.83,eod,-0.05000000000001137,-0.0004278623994524334,-4.2786239945243345,0.9000000000000057,-0.055555555555567834
2010-05-06,1,603,630,116.96000000000001,116.22,116.95,116.24,stop,-0.7400000000000091,-0.006327490380504567,-63.27490380504567,0.710000000000008,-1.0422535211267616
2010-05-07,-1,602,959,112.13,111.31,112.14,111.3,eod,0.8199999999999932,0.007312288211164555,73.12288211164555,1.6400000000000006,0.49999999999999567
2010-05-10,-1,627,959,115.58999999999999,116.17,115.6,116.16,eod,-0.5800000000000125,-0.005017301038062392,-50.17301038062392,1.0600000000000165,-0.547169811320758
2010-05-11,1,615,959,115.81000000000002,115.82,115.80000000000001,115.83,eod,0.009999999999976694,8.635578583744985e-05,0.8635578583744985,0.9000000000000199,0.011111111111084971
2010-05-12,1,600,959,116.85000000000001,117.44,116.84,117.45,eod,0.5899999999999892,0.005049640534063584,50.496405340635846,0.7600000000000051,0.7763157894736648
2010-05-13,1,615,911,117.4,116.64,117.39,116.66,stop,-0.7600000000000051,-0.0064741460090297735,-64.74146009029774,0.730000000000004,-1.0410958904109602
2010-05-14,-1,600,959,113.96,113.91000000000001,113.97,113.9,eod,0.04999999999998295,0.0004387119417389045,4.387119417389045,1.3700000000000045,0.036496350364950934
2010-05-17,-1,601,959,113.54999999999998,113.96000000000001,113.55999999999999,113.95,eod,-0.410000000000025,-0.0036104262064109286,-36.104262064109285,0.9700000000000131,-0.4226804123711541
2010-05-18,-1,603,959,114.69999999999999,112.42,114.71,112.41,eod,2.279999999999987,0.01987620957196397,198.76209571963972,0.5200000000000102,4.384615384615273
2010-05-19,-1,612,959,111.71999999999998,111.80000000000001,111.72999999999999,111.79,eod,-0.08000000000002672,-0.0007160118141951734,-7.160118141951735,1.0500000000000114,-0.07619047619050082
2010-05-20,-1,613,959,109.1,107.548,109.11,107.538,eod,1.5519999999999925,0.014224177435615366,142.24177435615366,0.7900000000000063,1.9645569620252914
2010-05-21,1,605,959,108.12,109.08999999999999,108.11,109.1,eod,0.9699999999999847,0.008972342983997638,89.72342983997638,2.480000000000004,0.3911290322580577
2010-05-24,-1,604,634,108.14999999999999,109.06,108.16,109.04,stop,-0.9100000000000108,-0.008413461538461639,-84.13461538461638,0.8800000000000097,-1.03409090909091
2010-05-25,1,600,959,105.45000000000002,107.7975,105.44000000000001,107.8075,eod,2.3474999999999824,0.02226384673748086,222.6384673748086,1.0700000000000216,2.193925233644799
2010-05-26,1,600,706,109.27000000000001,108.41,109.26,108.42999999999999,stop,-0.8600000000000136,-0.007871133077064009,-78.71133077064009,0.8300000000000125,-1.036144578313254
2010-05-27,-1,601,618,108.83999999999999,109.47,108.85,109.45,stop,-0.6300000000000097,-0.005787781350482404,-57.87781350482404,0.6000000000000085,-1.0500000000000012
2010-05-28,-1,649,959,109.89999999999999,109.36,109.91,109.35,eod,0.539999999999992,0.004913110726958349,49.13110726958349,0.7800000000000153,0.6923076923076685
2010-06-01,1,600,946,108.91000000000001,108.16,108.9,108.17999999999999,stop,-0.7500000000000142,-0.0068870523415979264,-68.87052341597926,0.7200000000000131,-1.0416666666666674
2010-06-02,1,611,959,108.30000000000001,110.3,108.29,110.31,eod,1.9999999999999858,0.01846892603195111,184.68926031951108,0.6900000000000119,2.8985507246376105
2010-06-03,-1,624,959,110.41,110.72,110.42,110.71,eod,-0.3100000000000023,-0.0028074624162289646,-28.074624162289645,0.6500000000000057,-0.47692307692307623
2010-06-04,1,614,679,109.16000000000001,108.47,109.15,108.49,stop,-0.6900000000000119,-0.006321575813101346,-63.21575813101346,0.6600000000000108,-1.0454545454545465
2010-06-07,1,609,656,107.42000000000002,106.53999999999999,107.41000000000001,106.55999999999999,stop,-0.8800000000000239,-0.008192905688483602,-81.92905688483602,0.8500000000000227,-1.0352941176470591
2010-06-08,-1,625,712,105.13999999999999,106.16,105.14999999999999,106.14,stop,-1.0200000000000102,-0.00970042796005716,-97.00427960057159,0.9900000000000091,-1.0303030303030312
2010-06-09,-1,602,653,106.92999999999999,107.45,106.94,107.43,stop,-0.5200000000000102,-0.004862539741911448,-48.62539741911448,0.4900000000000091,-1.0612244897959195
2010-06-10,1,600,765,108.64000000000001,107.7,108.63000000000001,107.72,stop,-0.9400000000000119,-0.008653226548835605,-86.53226548835606,0.9100000000000108,-1.0329670329670337
2010-06-11,1,604,959,108.95000000000002,109.64999999999999,108.94000000000001,109.66,eod,0.6999999999999744,0.006425555351569436,64.25555351569436,0.8300000000000125,0.84337349397586
2010-06-14,1,618,839,110.61000000000001,110.08,110.60000000000001,110.1,stop,-0.5300000000000153,-0.004792043399638474,-47.920433996384745,0.5000000000000142,-1.0600000000000005
2010-06-15,1,637,959,110.69000000000001,111.97,110.68,111.98,eod,1.279999999999987,0.011564871702204434,115.64871702204434,0.6000000000000085,2.1333333333332813
2010-06-16,1,600,633,111.77000000000001,111.2,111.76,111.22,stop,-0.5700000000000074,-0.005100214745884103,-51.00214745884103,0.5400000000000063,-1.055555555555557
2010-06-17,-1,600,959,111.77999999999999,112.13000000000001,111.78999999999999,112.12,eod,-0.35000000000002274,-0.0031308703819663904,-31.308703819663904,0.5500000000000114,-0.6363636363636646
2010-06-18,1,626,959,111.87,111.69999999999999,111.86,111.71,eod,-0.17000000000001592,-0.0015197568389059173,-15.197568389059173,0.5,-0.34000000000003183
2010-06-21,-1,650,959,112.58999999999999,111.37,112.6,111.36,eod,1.2199999999999847,0.010834813499111765,108.34813499111765,0.6100000000000136,1.99999999999993
2010-06-22,-1,600,959,111.30999999999999,109.58,111.32,109.57,eod,1.7299999999999898,0.015540783327344501,155.40783327344502,0.5900000000000176,2.9322033898304034
2010-06-23,-1,600,870,109.16999999999999,109.6899,109.17999999999999,109.6699,stop,-0.5199000000000069,-0.004761861146730234,-47.61861146730234,0.4899000000000058,-1.0612369871402343
2010-06-24,-1,645,959,107.85,107.45,107.86,107.44,eod,0.3999999999999915,0.0037085110328202438,37.08511032820244,0.980000000000004,0.4081632653061121
2010-06-25,1,607,636,107.77000000000001,107.05,107.76,107.07,stop,-0.7200000000000131,-0.00668151447661482,-66.8151447661482,0.6900000000000119,-1.043478260869566
2010-06-28,1,665,959,108.14000000000001,107.47,108.13000000000001,107.48,eod,-0.6700000000000159,-0.0061962452603349285,-61.962452603349284,1.0000000000000142,-0.6700000000000064
2010-06-29,-1,600,959,105.13,104.23,105.14,104.22,eod,0.8999999999999915,0.00856001521780475,85.60015217804751,0.9399999999999977,0.9574468085106316
2010-06-30,1,700,927,104.78000000000002,103.82,104.77000000000001,103.83999999999999,stop,-0.9600000000000222,-0.009162928319175548,-91.62928319175548,0.930000000000021,-1.0322580645161294
2010-07-01,-1,600,959,102.74999999999999,102.80000000000001,102.75999999999999,102.79,eod,-0.05000000000002558,-0.0004865706500586374,-4.865706500586374,0.7400000000000091,-0.06756756756760131
2010-07-02,-1,601,959,102.66,102.27000000000001,102.67,102.26,eod,0.38999999999998636,0.0037985779682476514,37.98577968247651,0.7600000000000051,0.5131578947368207
2010-07-06,1,602,762,103.93,103.38,103.92,103.39999999999999,stop,-0.5500000000000114,-0.00529253271747509,-52.9253271747509,0.5200000000000102,-1.0576923076923088
2010-07-07,1,600,959,103.64000000000001,106.11999999999999,103.63000000000001,106.13,eod,2.4799999999999756,0.02393129402682597,239.3129402682597,0.6200000000000188,3.9999999999998397
2010-07-08,-1,607,959,106.54999999999998,107.16000000000001,106.55999999999999,107.15,eod,-0.6100000000000279,-0.005724474474474737,-57.244744744747365,0.7300000000000182,-0.8356164383561817
2010-07-09,1,602,959,107.37,107.91,107.36,107.92,eod,0.539999999999992,0.005029806259314382,50.29806259314382,0.4399999999999977,1.2272727272727155
2010-07-12,-1,660,959,107.44999999999999,108.03,107.46,108.02,eod,-0.5800000000000125,-0.005397357156151242,-53.97357156151242,0.7900000000000063,-0.7341772151898834
2010-07-13,1,603,959,109.4,109.64999999999999,109.39,109.66,eod,0.2499999999999858,0.002285400859310593,22.85400859310593,0.46999999999999886,0.5319148936169923
2010-07-14,-1,600,621,109.07,109.5,109.08,109.48,stop,-0.4300000000000068,-0.003942060872754004,-39.42060872754004,0.4000000000000057,-1.0750000000000017
2010-07-15,-1,600,945,109.16999999999999,109.72,109.17999999999999,109.7,stop,-0.5500000000000114,-0.005037552665323424,-50.37552665323424,0.5200000000000102,-1.0576923076923088
2010-07-16,-1,606,959,107.88,106.67,107.89,106.66,eod,1.2099999999999937,0.011215126517749502,112.15126517749502,1.3000000000000114,0.9307692307692178
2010-07-19,-1,608,893,106.97999999999999,107.46000000000001,106.99,107.44000000000001,stop,-0.4800000000000182,-0.004486400598186916,-44.86400598186916,0.45000000000001705,-1.0666666666666667
2010-07-20,1,620,959,106.50000000000001,108.46,106.49000000000001,108.47,eod,1.9599999999999795,0.018405484083012295,184.05484083012294,0.680000000000021,2.8823529411763515
2010-07-21,-1,607,959,108.21,107.11,108.22,107.1,eod,1.0999999999999943,0.010164479763444782,101.64479763444781,0.8599999999999994,1.2790697674418547
2010-07-22,1,600,959,109.14000000000001,109.44999999999999,109.13000000000001,109.46,eod,0.30999999999997385,0.0028406487675247303,28.406487675247302,0.8100000000000165,0.382716049382676
2010-07-23,-1,600,630,108.93999999999998,109.69,108.94999999999999,109.67,stop,-0.7500000000000142,-0.006883891693437488,-68.83891693437488,0.7200000000000131,-1.0416666666666674
2010-07-26,1,600,959,110.71000000000001,111.57,110.7,111.58,eod,0.8599999999999852,0.007768744354110074,77.68744354110073,0.4200000000000017,2.047619047619004
2010-07-27,-1,600,959,111.72999999999999,111.53,111.74,111.52,eod,0.19999999999998863,0.001789869339538112,17.89869339538112,0.5600000000000165,0.35714285714282634
2010-07-28,-1,610,959,111.13999999999999,110.82000000000001,111.14999999999999,110.81,eod,0.31999999999997897,0.002878992352676374,28.78992352676374,0.5200000000000102,0.6153846153845628
2010-07-29,-1,602,959,111.28999999999999,110.29,111.3,110.28,eod,0.9999999999999858,0.008984725965857913,89.84725965857913,0.5300000000000011,1.8867924528301578
2010-07-30,1,601,959,109.86000000000001,110.30999999999999,109.85000000000001,110.32,eod,0.4499999999999744,0.004096495220755342,40.964952207553424,0.8800000000000097,0.5113636363636017
2010-08-02,1,600,959,112.08000000000001,112.72999999999999,112.07000000000001,112.74,eod,0.6499999999999773,0.005799946462032455,57.99946462032455,0.5400000000000063,1.2037037037036478
2010-08-03,-1,600,682,112.04999999999998,112.59,112.05999999999999,112.57000000000001,stop,-0.5400000000000205,-0.0048188470462254196,-48.188470462254195,0.5100000000000193,-1.0588235294117647
2010-08-04,1,600,619,112.75000000000001,112.32,112.74000000000001,112.33999999999999,stop,-0.43000000000002103,-0.0038140855064752615,-38.140855064752614,0.4000000000000199,-1.074999999999999
2010-08-05,1,613,959,112.66000000000001,112.83,112.65,112.84,eod,0.1699999999999875,0.0015090989791388147,15.090989791388147,0.5800000000000125,0.2931034482758342
2010-08-06,-1,645,959,111.64999999999999,112.4,111.66,112.39,eod,-0.7500000000000142,-0.006716818914562191,-67.16818914562191,0.9100000000000108,-0.82417582417583
2010-08-11,-1,645,959,109.89999999999999,109.3001,109.91,109.2901,eod,0.599899999999991,0.005458102083522801,54.58102083522801,0.7900000000000063,0.7593670886075775
2010-08-12,1,603,959,108.52000000000001,108.63,108.51,108.64,eod,0.10999999999998522,0.0010137314533221382,10.137314533221382,0.9200000000000159,0.11956521739128621
2010-08-13,1,605,696,108.91000000000001,108.22,108.9,108.24,stop,-0.6900000000000119,-0.006336088154270082,-63.360881542700824,0.6600000000000108,-1.0454545454545465
2010-08-16,1,605,959,108.02000000000001,108.27,108.01,108.28,eod,0.2499999999999858,0.0023146004999535764,23.146004999535762,0.8400000000000034,0.2976190476190295
2010-08-17,1,650,959,109.31500000000001,109.58999999999999,109.305,109.6,eod,0.27499999999997726,0.0025158958876536045,25.158958876536044,0.4350000000000165,0.6321839080459007
2010-08-18,1,685,959,109.56000000000002,109.77,109.55000000000001,109.78,eod,0.20999999999997954,0.0019169329073480557,19.169329073480558,0.6500000000000199,0.3230769230768817
2010-08-19,-1,600,959,108.85,107.93,108.86,107.92,eod,0.9199999999999875,0.008451221752709787,84.51221752709787,0.6400000000000006,1.4374999999999791
2010-08-20,1,691,695,107.71000000000001,106.97,107.7,106.99,stop,-0.7400000000000091,-0.00687093779015793,-68.7093779015793,0.710000000000008,-1.0422535211267616
2010-08-23,-1,621,959,107.88,107.13000000000001,107.89,107.12,eod,0.7499999999999858,0.006951524701084306,69.51524701084305,0.6899999999999977,1.0869565217391135
2010-08-24,-1,600,660,105.52,106.08,105.53,106.06,stop,-0.5600000000000023,-0.005306547901070807,-53.065479010708074,0.5300000000000011,-1.0566037735849076
2010-08-25,-1,600,663,104.46999999999998,105.34,104.47999999999999,105.32000000000001,stop,-0.8700000000000188,-0.008326952526799568,-83.26952526799568,0.8400000000000176,-1.0357142857142863
2010-08-26,1,611,667,106.48,105.87,106.47,105.89,stop,-0.6099999999999994,-0.0057293134216211085,-57.29313421621109,0.5799999999999983,-1.0517241379310367
2010-08-27,-1,600,667,104.97999999999999,106.0,104.99,105.98,stop,-1.0200000000000102,-0.009715210972473666,-97.15210972473666,0.9900000000000091,-1.0303030303030312
2010-08-30,-1,618,959,106.46999999999998,105.34,106.47999999999999,105.33,eod,1.1299999999999812,0.010612321562734612,106.12321562734611,0.44000000000001194,2.568181818181706
2010-08-31,1,600,959,105.32000000000001,105.39,105.31,105.4,eod,0.06999999999999318,0.0006647042066279858,6.647042066279858,0.8300000000000125,0.08433734939758088
2010-09-01,1,600,959,107.27000000000001,108.46,107.26,108.47,eod,1.1899999999999835,0.011094536639940178,110.94536639940178,0.6100000000000136,1.9508196721310769
2010-09-02,1,600,959,108.97000000000001,109.44999999999999,108.96000000000001,109.46,eod,0.47999999999997556,0.0044052863436121106,44.05286343612111,0.4800000000000182,0.9999999999999112
2010-09-03,-1,607,959,110.50999999999999,110.92,110.52,110.91,eod,-0.4100000000000108,-0.003709735794426446,-37.09735794426446,0.480000000000004,-0.8541666666666821
2010-09-07,-1,602,959,109.83999999999999,109.68,109.85,109.67,eod,0.15999999999998238,0.0014565316340462665,14.565316340462665,0.6700000000000159,0.23880597014922175
2010-09-08,1,600,959,110.37,110.38,110.36,110.39,eod,0.009999999999990905,9.061254077556093e-05,0.9061254077556093,0.5600000000000023,0.017857142857126543
2010-09-09,-1,612,959,111.21,110.94000000000001,111.22,110.93,eod,0.2699999999999818,0.0024276209314869793,24.276209314869792,0.4700000000000131,0.5744680851063283
2010-09-10,1,620,959,111.43,111.50999999999999,111.42,111.52,eod,0.07999999999998408,0.0007180039490215768,7.180039490215767,0.5600000000000023,0.14285714285711384
2010-09-13,1,607,735,112.80000000000001,112.39,112.79,112.41,stop,-0.4100000000000108,-0.003635074031385857,-36.350740313858566,0.38000000000000966,-1.0789473684210535
2010-09-14,1,636,959,112.62,112.64,112.61,112.65,eod,0.01999999999999602,0.00017760412041555832,1.776041204155583,0.5400000000000063,0.03703703703702924
2010-09-15,1,600,959,112.44000000000001,113.1,112.43,113.11,eod,0.6599999999999824,0.005870319309792603,58.703193097926025,0.46000000000000796,1.434782608695589
2010-09-16,-1,600,606,112.41999999999999,112.92,112.42999999999999,112.9,stop,-0.5000000000000142,-0.004447211598327975,-44.47211598327975,0.4700000000000131,-1.0638297872340432
2010-09-17,-1,601,959,112.27,112.5,112.28,112.49,eod,-0.23000000000000398,-0.002048450302814428,-20.484503028144278,0.8800000000000097,-0.261363636363638
2010-09-20,1,604,959,113.07000000000001,114.21,113.06,114.22,eod,1.1399999999999864,0.010083141694675272,100.83141694675273,0.45000000000000284,2.533333333333287
2010-09-21,-1,683,859,113.99,114.37,114.0,114.35000000000001,stop,-0.38000000000000966,-0.003333333333333418,-33.33333333333418,0.3500000000000085,-1.085714285714287
2010-09-22,-1,603,959,113.74,113.44000000000001,113.75,113.43,eod,0.29999999999998295,0.0026373626373624873,26.373626373624873,0.7000000000000028,0.42857142857140246
2010-09-23,1,600,939,112.77000000000001,112.24,112.76,112.25999999999999,stop,-0.5300000000000153,-0.004700248315005457,-47.00248315005457,0.5000000000000142,-1.0600000000000005
2010-09-24,1,604,959,114.36000000000001,114.78999999999999,114.35000000000001,114.8,eod,0.4299999999999784,0.0037603847835590586,37.603847835590585,0.710000000000008,0.6056338028168642
2010-09-27,-1,617,870,114.38999999999999,114.9,114.39999999999999,114.88000000000001,stop,-0.5100000000000193,-0.004458041958042128,-44.58041958042128,0.4800000000000182,-1.0625
2010-09-28,-1,600,688,113.57999999999998,114.47,113.58999999999999,114.45,stop,-0.8900000000000148,-0.007835196760278324,-78.35196760278323,0.8600000000000136,-1.0348837209302333
2010-09-29,-1,620,716,114.17999999999999,114.71000000000001,114.19,114.69000000000001,stop,-0.5300000000000153,-0.004641387161748099,-46.413871617480986,0.5000000000000142,-1.0600000000000005
2010-09-30,-1,611,959,115.02,114.11,115.03,114.1,eod,0.9099999999999966,0.007910979744414471,79.10979744414472,0.7700000000000102,1.1818181818181617
2010-10-01,-1,600,959,114.69999999999999,114.63990000000001,114.71,114.6299,eod,0.06009999999997717,0.0005239299102081525,5.2392991020815245,0.4200000000000159,0.14309523809517832
2010-10-04,-1,601,959,114.33999999999999,113.75,114.35,113.74,eod,0.5899999999999892,0.005159597726278874,51.59597726278874,0.5100000000000051,1.1568627450980065
2010-10-05,1,603,959,115.27000000000001,116.02,115.26,116.03,eod,0.7499999999999858,0.0065070275897968575,65.07027589796857,0.6000000000000085,1.2499999999999585
2010-10-06,1,604,637,116.31000000000002,115.91,116.30000000000001,115.92999999999999,stop,-0.4000000000000199,-0.0034393809114361125,-34.393809114361126,0.37000000000001876,-1.08108108108108
2010-10-07,-1,600,959,115.71,115.9,115.72,115.89,eod,-0.19000000000001194,-0.0016418942274456613,-16.418942274456615,0.8200000000000074,-0.2317073170731832
2010-10-08,-1,626,662,115.71999999999998,116.24,115.72999999999999,116.22,stop,-0.5200000000000102,-0.004493216970534954,-44.93216970534954,0.4900000000000091,-1.0612244897959195
2010-10-11,1,605,665,116.86000000000001,116.48,116.85000000000001,116.5,stop,-0.38000000000000966,-0.0032520325203252856,-32.52032520325286,0.3500000000000085,-1.085714285714287
2010-10-12,1,642,959,116.33000000000001,117.03,116.32000000000001,117.04,eod,0.6999999999999886,0.0060178817056395165,60.17881705639517,0.6800000000000068,1.0294117647058554
2010-10-13,1,602,959,117.85000000000001,117.88,117.84,117.89,eod,0.029999999999986926,0.00025458248472494,2.5458248472493996,0.4700000000000131,0.06382978723401296
2010-10-14,1,651,702,118.00000000000001,117.4,117.99000000000001,117.42,stop,-0.6000000000000085,-0.00508517670989074,-50.8517670989074,0.5700000000000074,-1.0526315789473697
2010-10-15,-1,600,959,117.47999999999999,117.74000000000001,117.49,117.73,eod,-0.2600000000000193,-0.0022129542939826313,-22.12954293982631,0.8700000000000045,-0.29885057471266435
2010-10-18,1,608,668,118.12,117.49,118.11,117.50999999999999,stop,-0.6300000000000097,-0.005334010668021418,-53.34010668021418,0.6000000000000085,-1.0500000000000012
2010-10-19,1,616,841,117.44000000000001,116.73,117.43,116.75,stop,-0.710000000000008,-0.006046155156263373,-60.46155156263373,0.6800000000000068,-1.0441176470588247
2010-10-20,1,642,959,117.58000000000001,117.86,117.57000000000001,117.87,eod,0.2799999999999869,0.002381559921748634,23.81559921748634,0.710000000000008,0.39436619718307575
2010-10-21,1,608,700,118.66000000000001,118.17,118.65,118.19,stop,-0.4900000000000091,-0.00412979351032456,-41.2979351032456,0.46000000000000796,-1.0652173913043492
2010-10-22,-1,600,959,118.03999999999999,118.39,118.05,118.38,eod,-0.3500000000000085,-0.0029648454044896955,-29.648454044896955,0.4900000000000091,-0.7142857142857184
2010-10-25,1,600,642,119.66000000000001,119.03999999999999,119.65,119.05999999999999,stop,-0.6200000000000188,-0.005181780192227486,-51.81780192227486,0.5900000000000176,-1.050847457627119
2010-10-26,1,600,959,118.25000000000001,118.69999999999999,118.24000000000001,118.71,eod,0.4499999999999744,0.00380581867388341,38.058186738834095,0.38000000000000966,1.1842105263156921
2010-10-27,1,600,624,118.23,117.7,118.22,117.72,stop,-0.5300000000000011,-0.004483166976822882,-44.83166976822882,0.5,-1.0600000000000023
2010-10-28,-1,606,959,118.69999999999999,118.48,118.71,118.47,eod,0.21999999999998465,0.0018532558335438013,18.53255833543801,0.4100000000000108,0.5365853658536069
2010-10-29,-1,600,606,118.1,118.59,118.11,118.57000000000001,stop,-0.4900000000000091,-0.004148674964016672,-41.48674964016672,0.46000000000000796,-1.0652173913043492
2010-11-01,1,600,676,119.44000000000001,119.01,119.43,119.03,stop,-0.4300000000000068,-0.0036004354014904697,-36.0043540149047,0.4000000000000057,-1.0750000000000017
2010-11-02,-1,612,824,119.28999999999999,119.67,119.3,119.65,stop,-0.38000000000000966,-0.003185247275775437,-31.852472757754374,0.3500000000000085,-1.085714285714287
2010-11-03,-1,602,861,119.47999999999999,119.79,119.49,119.77000000000001,stop,-0.3100000000000165,-0.002594359360616089,-25.943593606160892,0.28000000000001535,-1.1071428571428554
2010-11-04,1,627,959,121.54,122.22999999999999,121.53,122.24,eod,0.6899999999999835,0.005677610466551333,56.77610466551333,0.4100000000000108,1.6829268292682082
2010-11-05,1,614,959,122.62500000000001,122.72999999999999,122.61500000000001,122.74,eod,0.10499999999997556,0.0008563389471106761,8.563389471106762,0.4450000000000074,0.23595505617971643
2010-11-08,-1,600,742,122.02999999999999,122.51,122.03999999999999,122.49000000000001,stop,-0.4800000000000182,-0.003933136676499658,-39.33136676499658,0.45000000000001705,-1.0666666666666667
2010-11-09,1,605,716,122.84,122.35,122.83,122.36999999999999,stop,-0.4900000000000091,-0.003989253439713499,-39.89253439713499,0.46000000000000796,-1.0652173913043492
2010-11-10,-1,605,798,120.88,121.73,120.89,121.71000000000001,stop,-0.8500000000000085,-0.00703118537513449,-70.3118537513449,0.8200000000000074,-1.0365853658536597
2010-11-11,1,609,959,121.17000000000002,121.64,121.16000000000001,121.65,eod,0.46999999999998465,0.003879168042258044,38.79168042258044,0.4900000000000091,0.9591836734693386
2010-11-12,-1,630,959,120.68999999999998,120.21000000000001,120.69999999999999,120.2,eod,0.47999999999997556,0.003976801988400792,39.76801988400792,0.6600000000000108,0.7272727272726783
2010-11-15,-1,600,702,120.41999999999999,120.85,120.42999999999999,120.83,stop,-0.4300000000000068,-0.0035705389022669337,-35.70538902266934,0.4000000000000057,-1.0750000000000017
2010-11-16,-1,632,959,118.91999999999999,118.16000000000001,118.92999999999999,118.15,eod,0.7599999999999767,0.006390313629866112,63.903136298661124,0.5700000000000074,1.333333333333275
2010-11-17,1,601,959,118.39000000000001,118.21,118.38000000000001,118.22,eod,-0.18000000000002103,-0.0015205271160670807,-15.205271160670806,0.5300000000000153,-0.3396226415094638
2010-11-18,1,600,959,119.79,119.96,119.78,119.97,eod,0.1699999999999875,0.0014192686592084446,14.192686592084446,0.44000000000001194,0.38636363636359744
2010-11-19,1,702,959,119.94000000000001,120.27,119.93,120.28,eod,0.3299999999999841,0.0027516051029766037,27.516051029766036,0.6900000000000119,0.47826086956518604
2010-11-22,-1,631,959,119.52,120.16000000000001,119.53,120.15,eod,-0.6400000000000148,-0.005354304358738515,-53.54304358738516,0.7199999999999989,-0.8888888888889108
2010-11-23,-1,600,959,118.24999999999999,118.43,118.25999999999999,118.42,eod,-0.18000000000002103,-0.001522070015220878,-15.220700152208781,0.7650000000000148,-0.23529411764708177
2010-11-24,1,620,959,119.68,120.17,119.67,120.18,eod,0.4899999999999949,0.004094593465363039,40.94593465363039,0.5100000000000051,0.9607843137254706
2010-11-26,1,600,789,119.63000000000001,119.0,119.62,119.02,stop,-0.6300000000000097,-0.0052666778130748175,-52.66677813074818,0.6000000000000085,-1.0500000000000012
2010-11-29,-1,601,870,117.82999999999998,118.78,117.83999999999999,118.76,stop,-0.950000000000017,-0.008061778682960092,-80.61778682960092,0.9200000000000159,-1.0326086956521745
2010-11-30,1,600,959,118.45000000000002,118.44,118.44000000000001,118.45,eod,-0.010000000000019327,-8.443093549492845e-05,-0.8443093549492845,0.6400000000000148,-0.015625000000029837
2010-12-01,1,600,959,120.73,121.0,120.72,121.01,eod,0.269999999999996,0.0022365805168985753,22.36580516898575,0.5400000000000063,0.49999999999998684
2010-12-02,1,600,959,121.81000000000002,122.55999999999999,121.80000000000001,122.57,eod,0.7499999999999716,0.006157635467980062,61.576354679800616,0.680000000000021,1.1029411764705124
2010-12-03,1,600,959,122.55000000000001,122.85,122.54,122.86,eod,0.29999999999998295,0.002448180186061555,24.481801860615548,0.44000000000001194,0.6818181818181246
2010-12-06,1,624,959,122.80000000000001,122.72,122.79,122.73,eod,-0.0800000000000125,-0.00065151885332692,-6.5151885332692,0.30000000000001137,-0.26666666666669825
2010-12-07,-1,600,959,123.58999999999999,122.84,123.6,122.83,eod,0.7499999999999858,0.006067961165048429,60.67961165048429,0.4200000000000159,1.7857142857141841
2010-12-08,-1,606,959,122.91999999999999,123.26,122.92999999999999,123.25,eod,-0.3400000000000176,-0.0027658016757505705,-27.658016757505706,0.46000000000000796,-0.7391304347826342
2010-12-09,-1,611,959,123.6,123.80000000000001,123.61,123.79,eod,-0.20000000000001705,-0.0016179920718389859,-16.17992071838986,0.4200000000000017,-0.47619047619051486
2010-12-10,-1,601,748,123.92999999999999,124.24,123.94,124.22,stop,-0.3100000000000023,-0.002501210263030517,-25.01210263030517,0.28000000000000114,-1.1071428571428608
2010-12-13,1,648,946,125.07000000000001,124.64,125.06,124.66,stop,-0.4300000000000068,-0.0034383495921958005,-34.383495921958,0.4000000000000057,-1.0750000000000017
2010-12-14,1,603,920,124.91900000000001,124.59,124.909,124.61,stop,-0.32900000000000773,-0.00263391749193419,-26.3391749193419,0.2990000000000066,-1.1003344481605366
2010-12-15,1,600,766,124.79,124.35,124.78,124.36999999999999,stop,-0.44000000000001194,-0.0035262061227761816,-35.26206122776182,0.4100000000000108,-1.073170731707318
2010-12-16,1,671,959,124.38000000000001,124.78,124.37,124.79,eod,0.3999999999999915,0.0032162096968721674,32.16209696872168,0.6300000000000097,0.6349206349206117
2010-12-17,-1,602,621,123.88999999999999,124.14,123.89999999999999,124.12,stop,-0.2500000000000142,-0.0020177562550445054,-20.177562550445053,0.22000000000001307,-1.1363636363636334
2010-12-20,-1,602,844,124.44999999999999,124.73,124.46,124.71000000000001,stop,-0.28000000000001535,-0.0022497187851519794,-22.497187851519794,0.2500000000000142,-1.1199999999999977
2010-12-21,1,620,959,125.15500000000002,125.35,125.14500000000001,125.36,eod,0.19499999999997897,0.0015581924967036553,15.581924967036553,0.2850000000000108,0.6842105263156898
2010-12-22,1,603,959,125.58000000000001,125.77,125.57000000000001,125.78,eod,0.18999999999998352,0.0015131002628014933,15.131002628014933,0.17000000000001592,1.1176470588233278
2010-12-23,-1,617,959,125.57,125.60000000000001,125.58,125.59,eod,-0.030000000000015348,-0.00023889154323949153,-2.3889154323949153,0.21000000000000796,-0.14285714285721052
2010-12-27,1,613,959,125.26,125.64999999999999,125.25,125.66,eod,0.38999999999998636,0.0031137724550897115,31.137724550897115,0.21999999999999886,1.7727272727272199
2010-12-28,-1,600,959,125.57999999999998,125.81,125.58999999999999,125.8,eod,-0.2300000000000182,-0.0018313559996816482,-18.313559996816483,0.37000000000001876,-0.6216216216216393
2010-12-29,1,611,959,126.07000000000001,125.92,126.06,125.93,eod,-0.15000000000000568,-0.0011899095668729627,-11.899095668729627,0.1700000000000017,-0.8823529411764952
2010-12-30,-1,603,959,125.72999999999999,125.77000000000001,125.74,125.76,eod,-0.040000000000020464,-0.00031811674884698953,-3.1811674884698955,0.4000000000000057,-0.10000000000004974
2010-12-31,1,643,959,125.65,125.78999999999999,125.64,125.8,eod,0.13999999999998636,0.0011142948105697737,11.142948105697737,0.3200000000000074,0.43749999999994726
2011-01-03,1,615,959,127.17000000000002,127.03999999999999,127.16000000000001,127.05,eod,-0.13000000000002387,-0.0010223340673169538,-10.223340673169538,0.5100000000000193,-0.2549019607843509
2011-01-04,-1,602,959,126.83999999999999,126.94000000000001,126.85,126.93,eod,-0.10000000000002274,-0.0007883326763896156,-7.883326763896156,0.5300000000000153,-0.1886792452830563
2011-01-05,1,600,959,126.84,127.61999999999999,126.83,127.63,eod,0.7799999999999869,0.006149964519435362,61.49964519435362,0.38000000000000966,2.052631578947282
2011-01-06,-1,610,631,127.46,127.77,127.47,127.75,stop,-0.3100000000000023,-0.0024319447713187594,-24.319447713187593,0.28000000000000114,-1.1071428571428608
2011-01-07,-1,651,959,127.13999999999999,127.13000000000001,127.14999999999999,127.12,eod,0.009999999999976694,7.864726700728821e-05,0.7864726700728821,0.6300000000000097,0.015873015872978635
2011-01-10,1,633,959,126.83000000000001,126.97,126.82000000000001,126.98,eod,0.13999999999998636,0.0011039268254217501,11.039268254217502,0.6300000000000097,0.22222222222219715
2011-01-11,-1,600,662,127.24999999999999,127.71000000000001,127.25999999999999,127.69000000000001,stop,-0.46000000000002217,-0.003614647179003789,-36.14647179003789,0.43000000000002103,-1.0697674418604644
2011-01-12,1,616,959,128.27999999999997,128.59,128.26999999999998,128.6,eod,0.3100000000000307,0.002416777110782184,24.16777110782184,0.28999999999999204,1.0689655172415145
2011-01-13,-1,602,692,128.36,128.69,128.37,128.67,stop,-0.3299999999999841,-0.0025706940874034748,-25.706940874034746,0.29999999999998295,-1.1000000000000094
2011-01-14,1,600,959,128.51,129.27,128.5,129.28,eod,0.7600000000000193,0.005914396887159683,59.14396887159683,0.4099999999999966,1.8536585365854283
2011-01-18,-1,600,616,129.02,129.47,129.03,129.45,stop,-0.44999999999998863,-0.0034875610323179774,-34.87561032317977,0.4199999999999875,-1.0714285714285763
2011-01-19,-1,623,959,128.97000000000003,128.26999999999998,128.98000000000002,128.26,eod,0.7000000000000455,0.005427198015196507,54.27198015196507,0.5299999999999727,1.3207547169812859
2011-01-20,1,600,625,128.1,127.45,128.09,127.47,stop,-0.6499999999999915,-0.005074556952142957,-50.74556952142957,0.6200000000000045,-1.0483870967741722
2011-01-21,1,600,629,129.14999999999998,128.7,129.14,128.72,stop,-0.44999999999998863,-0.003484590367043431,-34.84590367043431,0.4199999999999875,-1.0714285714285763
2011-01-24,1,626,959,128.67,129.12,128.66,129.13,eod,0.45000000000001705,0.0034975905487332278,34.97590548733228,0.4099999999999966,1.0975609756098068
2011-01-25,1,600,674,129.17999999999998,128.57,129.17,128.59,stop,-0.6099999999999852,-0.004722458775257299,-47.22458775257299,0.5799999999999841,-1.0517241379310378
2011-01-26,1,608,959,129.55999999999997,129.66,129.54999999999998,129.67,eod,0.10000000000002274,0.0007719027402549035,7.719027402549035,0.3299999999999841,0.3030303030303865
2011-01-27,1,600,684,130.04,129.55,130.03,129.57000000000002,stop,-0.4899999999999807,-0.003768361147427368,-37.68361147427368,0.45999999999997954,-1.0652173913043532
2011-01-28,-1,600,959,129.91000000000003,127.7,129.92000000000002,127.69,eod,2.210000000000022,0.017010467980295735,170.10467980295735,0.4399999999999693,5.022727272727674
2011-01-31,-1,600,639,127.74,128.24,127.75,128.22,stop,-0.5000000000000142,-0.003913894324853341,-39.13894324853341,0.46999999999999886,-1.0638297872340754
2011-02-01,1,600,959,129.89999999999998,130.74,129.89,130.75,eod,0.8400000000000318,0.006467010547386496,64.67010547386496,0.5198999999999785,1.6156953260243636
2011-02-02,1,620,939,130.76,130.31,130.75,130.33,stop,-0.44999999999998863,-0.003441682600382322,-34.416826003823225,0.4199999999999875,-1.0714285714285763
2011-02-03,-1,604,891,130.12,130.56,130.13,130.54,stop,-0.4399999999999977,-0.003381234150464902,-33.81234150464902,0.4099999999999966,-1.0731707317073205
2011-02-04,-1,654,900,130.41000000000003,131.05,130.42000000000002,131.03,stop,-0.6399999999999864,-0.004907222818586001,-49.07222818586001,0.6099999999999852,-1.0491803278688556
2011-02-07,1,603,959,131.88,131.97,131.87,131.98,eod,0.09000000000000341,0.0006824903313869978,6.824903313869978,0.44999999999998863,0.20000000000001264
2011-02-08,1,600,959,132.14999999999998,132.58,132.14,132.59,eod,0.43000000000003524,0.0032541244135010994,32.54124413501099,0.4199999999999875,1.0238095238096383
2011-02-09,1,602,677,132.39999999999998,132.10999999999999,132.39,132.13,stop,-0.28999999999999204,-0.0021904977717349654,-21.904977717349656,0.2599999999999909,-1.1153846153846239
2011-02-10,-1,601,614,131.305,131.87,131.315,131.85,stop,-0.5649999999999977,-0.004302631077942335,-43.026310779423355,0.5349999999999966,-1.0560747663551426
2011-02-11,1,600,959,132.15999999999997,133.10000000000002,132.14999999999998,133.11,eod,0.9400000000000546,0.0071131290200533845,71.13129020053384,0.38999999999995794,2.4102564102568103
2011-02-14,1,602,645,133.2,132.93,133.19,132.95000000000002,stop,-0.2699999999999818,-0.0020271792176588467,-20.271792176588466,0.23999999999998067,-1.1250000000000149
2011-02-15,1,600,612,133.21999999999997,132.82,133.20999999999998,132.84,stop,-0.39999999999997726,-0.0030027775692513877,-30.027775692513877,0.3699999999999761,-1.0810810810810894
2011-02-16,1,600,729,133.67,133.38,133.66,133.4,stop,-0.28999999999999204,-0.0021696842735297924,-21.696842735297924,0.2599999999999909,-1.1153846153846239
2011-02-17,1,600,959,133.63,134.26000000000002,133.62,134.27,eod,0.6300000000000239,0.004714863044454601,47.148630444546015,0.28999999999999204,2.17241379310359
2011-02-18,1,625,865,134.39,134.1,134.38,134.12,stop,-0.28999999999999204,-0.00215805923500515,-21.580592350051496,0.2599999999999909,-1.1153846153846239
2011-02-22,1,600,711,133.64,132.72,133.63,132.74,stop,-0.9199999999999875,-0.006884681583476671,-68.8468158347667,0.8899999999999864,-1.0337078651685412
2011-02-23,-1,603,959,131.46,131.04,131.47,131.03,eod,0.4200000000000159,0.0031946451661977325,31.946451661977324,0.6099999999999852,0.6885245901639772
2011-02-24,1,618,673,131.29,130.68,131.28,130.70000000000002,stop,-0.6099999999999852,-0.00464655697745266,-46.4655697745266,0.5799999999999841,-1.0517241379310378
2011-02-25,1,600,959,131.95,132.31,131.94,132.32,eod,0.36000000000001364,0.0027285129604366653,27.285129604366652,0.549999999999983,0.6545454545454996
2011-02-28,1,604,775,133.20999999999998,132.7,133.2,132.72,stop,-0.5099999999999909,-0.0038288288288287607,-38.2882882882876,0.47999999999998977,-1.0625000000000038
2011-03-01,-1,600,959,132.95000000000002,130.92999999999998,132.96,130.92,eod,2.0200000000000387,0.015192539109506908,151.92539109506907,0.7399999999999807,2.7297297297298533
2011-03-02,1,600,703,131.27999999999997,130.7,131.26999999999998,130.72,stop,-0.5799999999999841,-0.004418374342957143,-44.18374342957143,0.549999999999983,-1.0545454545454582
2011-03-03,1,646,959,132.99999999999997,133.46,132.98999999999998,133.47,eod,0.4600000000000364,0.0034589066847134104,34.589066847134106,0.6099999999999852,0.7540983606558156
2011-03-04,-1,605,634,133.07000000000002,133.51,133.08,133.48999999999998,stop,-0.4399999999999693,-0.003306281935677557,-33.06281935677557,0.40999999999996817,-1.0731707317073256
2011-03-07,-1,608,959,132.73000000000002,131.42,132.74,131.41,eod,1.3100000000000307,0.00986891667922277,98.6891667922277,0.4293999999999869,3.050768514206033
2011-03-08,1,601,959,131.76999999999998,132.56,131.76,132.57,eod,0.7900000000000205,0.00599574984820902,59.9574984820902,0.6999999999999886,1.128571428571476
2011-03-09,1,624,657,132.43999999999997,131.72,132.42999999999998,131.74,stop,-0.7199999999999704,-0.005436834554103833,-54.36834554103833,0.6899999999999693,-1.0434782608695687
2011-03-10,-1,607,644,130.09000000000003,131.07,130.10000000000002,131.04999999999998,stop,-0.9799999999999613,-0.007532667179092707,-75.32667179092707,0.9499999999999602,-1.0315789473684236
2011-03-11,1,696,959,130.27999999999997,130.83,130.26999999999998,130.84,eod,0.5500000000000398,0.004222000460582175,42.22000460582175,0.7899999999999636,0.696202531645652
2011-03-14,1,602,631,130.46999999999997,129.91,130.45999999999998,129.93,stop,-0.5599999999999739,-0.004292503449332929,-42.92503449332929,0.5299999999999727,-1.0566037735849108
2011-03-15,1,623,959,127.49000000000001,128.62,127.48,128.63,eod,1.1299999999999955,0.00886413555067458,88.6413555067458,0.9900000000000091,1.1414141414141263
2011-03-16,1,603,660,128.32,127.66,128.31,127.67999999999999,stop,-0.6599999999999966,-0.005143792377834904,-51.437923778349045,0.6300000000000097,-1.0476190476190261
2011-03-17,1,618,809,128.13899999999998,127.44,128.129,127.46,stop,-0.6989999999999839,-0.00545543943993931,-54.554394399393104,0.6689999999999969,-1.0448430493273348
2011-03-18,-1,604,959,128.44000000000003,127.80000000000001,128.45000000000002,127.79,eod,0.6400000000000148,0.004982483456598012,49.82483456598012,0.4399999999999693,1.4545454545455896
2011-03-21,1,606,959,129.89999999999998,129.715,129.89,129.725,eod,-0.18499999999997385,-0.0014242820848408182,-14.242820848408183,0.6999999999999886,-0.2642857142856812
2011-03-22,-1,616,959,129.45000000000002,129.31,129.46,129.3,eod,0.14000000000001478,0.0010814151089140642,10.814151089140642,0.4399999999999693,0.31818181818187397
2011-03-23,-1,602,745,128.54000000000002,129.05,128.55,129.03,stop,-0.5099999999999909,-0.003967327887981259,-39.67327887981259,0.47999999999998977,-1.0625000000000038
2011-03-24,-1,600,655,129.79000000000002,130.49,129.8,130.47,stop,-0.6999999999999886,-0.005392912172573101,-53.929121725731015,0.6699999999999875,-1.0447761194029876
2011-03-25,1,627,737,131.32,130.91,131.31,130.93,stop,-0.4099999999999966,-0.0031223821491127607,-31.223821491127605,0.37999999999999545,-1.0789473684210567
2011-03-28,1,614,697,131.86999999999998,131.43,131.85999999999999,131.45000000000002,stop,-0.4399999999999693,-0.0033368724404669297,-33.368724404669294,0.40999999999996817,-1.0731707317073256
2011-03-29,1,609,959,130.95,131.83,130.94,131.84,eod,0.8800000000000239,0.006720635405529432,67.20635405529433,0.5099999999999909,1.725490196078509
2011-03-30,-1,609,701,132.44000000000003,132.77,132.45000000000002,132.75,stop,-0.3299999999999841,-0.0024915062287654516,-24.915062287654514,0.29999999999998295,-1.1000000000000094
2011-03-31,-1,603,637,132.54000000000002,132.97,132.55,132.95,stop,-0.4299999999999784,-0.0032440588457184334,-32.44058845718433,0.39999999999997726,-1.075000000000007
2011-04-01,1,611,913,133.48,132.97,133.47,132.99,stop,-0.5099999999999909,-0.003821083389525668,-38.210833895256684,0.47999999999998977,-1.0625000000000038
2011-04-04,-1,603,959,133.23000000000002,133.25,133.24,133.24,eod,-0.01999999999998181,-0.00015010507355134951,-1.5010507355134952,0.4399999999999693,-0.045454545454507285
2011-04-05,1,621,959,133.29,133.21,133.28,133.22,eod,-0.07999999999998408,-0.000600240096038296,-6.00240096038296,0.3499999999999943,-0.22857142857138682
2011-04-06,-1,613,959,133.69000000000003,133.63,133.70000000000002,133.62,eod,0.060000000000030695,0.00044876589379230135,4.487658937923014,0.30999999999997385,0.19354838709688954
2011-04-07,1,601,637,133.92,133.35,133.91,133.37,stop,-0.5699999999999932,-0.004256590247180891,-42.56590247180891,0.539999999999992,-1.0555555555555585
2011-04-08,-1,609,959,133.48000000000002,132.85999999999999,133.49,132.85,eod,0.620000000000033,0.00464454266237196,46.4454266237196,0.5099999999999909,1.2156862745098902
2011-04-11,-1,620,959,132.96,132.48,132.97,132.47,eod,0.4800000000000182,0.003609836805294564,36.09836805294564,0.4899999999999807,0.9795918367347697
2011-04-12,-1,600,959,131.41000000000003,131.48,131.42000000000002,131.47,eod,-0.06999999999996476,-0.0005326434332671188,-5.326434332671187,0.5699999999999648,-0.12280701754380541
2011-04-13,-1,600,959,131.72000000000003,131.47,131.73000000000002,131.46,eod,0.2500000000000284,0.0018978213011464995,18.978213011464995,0.45999999999997954,0.5434782608696512
2011-04-14,1,619,959,130.89999999999998,131.55,130.89,131.56,eod,0.6500000000000341,0.004966001986401056,49.66001986401056,0.629999999999967,1.0317460317461398
2011-04-15,1,600,959,131.85999999999999,132.04000000000002,131.85,132.05,eod,0.18000000000003524,0.0013651877133108476,13.651877133108476,0.44999999999998863,0.4000000000000884
2011-04-18,-1,601,881,129.95000000000002,130.63,129.96,130.60999999999999,stop,-0.6799999999999784,-0.005232379193597864,-52.32379193597864,0.6499999999999773,-1.0461538461538495
2011-04-19,-1,661,821,130.59000000000003,131.1,130.60000000000002,131.07999999999998,stop,-0.5099999999999625,-0.003905053598774597,-39.050535987745974,0.47999999999996135,-1.0625000000000073
2011-04-20,1,602,959,133.07,133.12,133.06,133.13,eod,0.05000000000001137,0.00037577032917489377,3.7577032917489377,0.28000000000000114,0.17857142857146846
2011-04-21,-1,600,710,133.48000000000002,133.82,133.49,133.79999999999998,stop,-0.339999999999975,-0.00254700726646172,-25.4700726646172,0.30999999999997385,-1.096774193548399
2011-04-25,-1,620,959,133.47000000000003,133.62,133.48000000000002,133.61,eod,-0.14999999999997726,-0.0011237638597540998,-11.237638597540998,0.38999999999998636,-0.3846153846153398
2011-04-26,1,600,959,134.27999999999997,134.77,134.26999999999998,134.78,eod,0.4900000000000375,0.0036493632233562047,36.493632233562046,0.3699999999999761,1.324324324324511
2011-04-27,-1,602,799,134.81000000000003,135.13,134.82000000000002,135.10999999999999,stop,-0.31999999999996476,-0.002373535083815196,-23.735350838151962,0.2899999999999636,-1.1034482758620858
2011-04-28,1,600,959,135.79999999999998,136.10000000000002,135.79,136.11,eod,0.3000000000000398,0.0022092937624275705,22.092937624275706,0.38999999999998636,0.7692307692308982
2011-04-29,-1,601,700,136.00000000000003,136.36,136.01000000000002,136.34,stop,-0.3599999999999852,-0.00264686420116157,-26.4686420116157,0.3299999999999841,-1.0909090909090988
2011-05-02,1,625,709,137.11999999999998,136.63,137.10999999999999,136.65,stop,-0.4899999999999807,-0.0035737728830864323,-35.73772883086432,0.45999999999997954,-1.0652173913043532
2011-05-03,1,600,641,136.17,135.64,136.16,135.66,stop,-0.5300000000000011,-0.003892479435957705,-38.92479435957705,0.5,-1.0600000000000023
2011-05-04,-1,600,959,135.02,134.85,135.03,134.84,eod,0.17000000000001592,0.001258979486040257,12.58979486040257,0.7099999999999795,0.23943661971833918
2011-05-05,1,601,673,134.36999999999998,133.72,134.35999999999999,133.74,stop,-0.6499999999999773,-0.004837749330157616,-48.37749330157616,0.6199999999999761,-1.0483870967741973
2011-05-06,-1,609,678,134.81000000000003,135.46,134.82000000000002,135.44,stop,-0.6499999999999773,-0.004821243138999979,-48.21243138999979,0.6199999999999761,-1.0483870967741973
2011-05-09,-1,602,610,134.06000000000003,134.48,134.07000000000002,134.45999999999998,stop,-0.4199999999999591,-0.0031326918773771834,-31.326918773771833,0.38999999999995794,-1.0769230769230882
2011-05-10,1,600,959,135.45,135.88,135.44,135.89,eod,0.4300000000000068,0.003174837566450139,31.748375664501392,0.44999999999998863,0.9555555555555949
2011-05-11,-1,600,959,135.29000000000002,134.45999999999998,135.3,134.45,eod,0.8300000000000409,0.006134515890613754,61.34515890613754,0.39999999999997726,2.0750000000002204
2011-05-12,1,683,959,134.17999999999998,135.10000000000002,134.17,135.11,eod,0.9200000000000443,0.006856972497578031,68.56972497578032,0.789999999999992,1.1645569620253844
2011-05-13,-1,602,959,134.81000000000003,134.04,134.82000000000002,134.03,eod,0.7700000000000387,0.00571131879543123,57.1131879543123,0.5299999999999727,1.452830188679393
2011-05-16,1,601,940,133.89999999999998,133.27,133.89,133.29000000000002,stop,-0.629999999999967,-0.004705355142280731,-47.05355142280731,0.5999999999999659,-1.0500000000000047
2011-05-17,1,616,668,133.11999999999998,132.45,133.10999999999999,132.47,stop,-0.6699999999999875,-0.0050334309969197475,-50.33430996919748,0.6399999999999864,-1.0468750000000029
2011-05-18,1,608,959,133.51,134.36,133.5,134.37,eod,0.8500000000000227,0.006367041198502043,63.670411985020436,0.5600000000000023,1.5178571428571772
2011-05-19,-1,600,959,134.65,134.67,134.66,134.66,eod,-0.01999999999998181,-0.00014852220406937332,-1.4852220406937333,0.37999999999999545,-0.052631578947321185
2011-05-20,-1,600,814,133.78000000000003,134.47,133.79000000000002,134.45,stop,-0.6899999999999693,-0.005157336123775837,-51.57336123775837,0.6599999999999682,-1.0454545454545494
2011-05-23,1,604,695,132.26999999999998,131.71,132.26,131.73000000000002,stop,-0.5599999999999739,-0.004234084379252789,-42.34084379252789,0.5299999999999727,-1.0566037735849108
2011-05-24,1,600,631,132.63,132.29,132.62,132.31,stop,-0.3400000000000034,-0.0025637158799577996,-25.637158799577996,0.3100000000000023,-1.0967741935483901
2011-05-25,1,632,959,132.04,132.37,132.03,132.38,eod,0.3300000000000125,0.0024994319472848026,24.994319472848026,0.6599999999999966,0.5000000000000215
2011-05-26,-1,600,750,131.83,132.46,131.84,132.44,stop,-0.6299999999999955,-0.004778519417475694,-47.78519417475694,0.5999999999999943,-1.0500000000000023
2011-05-27,-1,603,661,133.32000000000002,133.73,133.33,133.70999999999998,stop,-0.40999999999996817,-0.003075076876921684,-30.75076876921684,0.37999999999996703,-1.0789473684210624
2011-05-31,-1,600,959,134.4,134.92,134.41,134.89999999999998,stop,-0.5199999999999818,-0.00386875976489831,-38.6875976489831,0.4899999999999807,-1.061224489795923
2011-06-01,-1,600,959,134.23000000000002,131.87,134.24,131.86,eod,2.3600000000000136,0.017580452920143128,175.80452920143128,0.3699999999999761,6.378378378378827
2011-06-02,-1,690,959,131.341,131.70999999999998,131.351,131.7,eod,-0.36899999999997135,-0.0028092667737586417,-28.092667737586417,0.8990000000000009,-0.41045606229140263
2011-06-03,1,600,959,130.67,130.42000000000002,130.66,130.43,eod,-0.24999999999997158,-0.0019133629266797152,-19.13362926679715,0.589999999999975,-0.4237288135592918
2011-06-06,-1,604,959,129.835,129.06,129.845,129.05,eod,0.7750000000000057,0.0059686549347299145,59.68654934729914,0.5250000000000057,1.476190476190471
2011-06-07,1,606,943,129.76,129.32,129.75,129.34,stop,-0.4399999999999977,-0.0033911368015414082,-33.911368015414084,0.4099999999999966,-1.0731707317073205
2011-06-08,1,663,835,129.08999999999997,128.4,129.07999999999998,128.42000000000002,stop,-0.6899999999999693,-0.005345522156801746,-53.455221568017464,0.6599999999999682,-1.0454545454545494
2011-06-09,1,600,959,129.07999999999998,129.36,129.07,129.37,eod,0.28000000000002956,0.0021693654606030027,21.693654606030027,0.6199999999999761,0.4516129032258715
2011-06-10,-1,602,959,128.17000000000002,127.54,128.18,127.53,eod,0.6300000000000097,0.004914963332813307,49.14963332813307,0.7599999999999909,0.8289473684210753
2011-06-13,-1,658,847,127.78999999999999,128.25,127.8,128.23,stop,-0.46000000000000796,-0.0035993740219092954,-35.993740219092956,0.4299999999999926,-1.069767441860502
2011-06-14,1,605,959,129.26,129.3,129.25,129.31,eod,0.040000000000020464,0.00030947775628642525,3.0947775628642527,0.4399999999999977,0.09090909090913789
2011-06-15,1,607,697,128.6,127.97,128.59,127.99,stop,-0.6299999999999955,-0.004899292324441989,-48.99292324441989,0.6000000000000085,-1.0499999999999774
2011-06-16,-1,600,614,126.94999999999999,127.57000000000001,126.96,127.55000000000001,stop,-0.6200000000000188,-0.004883427851291894,-48.834278512918935,0.5900000000000176,-1.050847457627119
2011-06-17,-1,623,959,127.39999999999999,127.06,127.41,127.05,eod,0.3399999999999892,0.002668550349266064,26.68550349266064,0.5300000000000153,0.6415094339622252
2011-06-20,1,600,959,127.24000000000001,127.71,127.23,127.72,eod,0.46999999999998465,0.0036940973040948256,36.94097304094826,0.6600000000000108,0.7121212121211772
2011-06-21,1,600,959,128.64,129.44,128.63,129.45,eod,0.8000000000000114,0.006219388945036239,62.193889450362384,0.44999999999998863,1.7777777777778478
2011-06-22,1,605,941,129.57,128.89,129.56,128.91,stop,-0.6800000000000068,-0.00524853349799326,-52.4853349799326,0.6500000000000057,-1.0461538461538475
2011-06-23,-1,645,784,126.32,127.21000000000001,126.33,127.19000000000001,stop,-0.8900000000000148,-0.007045040766247248,-70.45040766247247,0.8600000000000136,-1.0348837209302333
2011-06-24,-1,606,959,127.66999999999999,126.81,127.67999999999999,126.8,eod,0.8599999999999852,0.006735588972430962,67.35588972430962,0.7000000000000028,1.2285714285714024
2011-06-27,1,616,959,127.39000000000001,127.94,127.38000000000001,127.95,eod,0.549999999999983,0.004317789291882422,43.17789291882422,0.7500000000000142,0.7333333333332968
2011-06-28,1,601,959,128.85,129.59,128.84,129.6,eod,0.7400000000000091,0.005743557901272967,57.43557901272967,0.5799999999999841,1.275862068965568
2011-06-29,-1,602,644,129.89000000000001,130.38,129.9,130.35999999999999,stop,-0.4899999999999807,-0.0037721324095456557,-37.72132409545656,0.45999999999997954,-1.0652173913043532
2011-06-30,1,605,959,131.80999999999997,131.96,131.79999999999998,131.97,eod,0.1500000000000341,0.0011380880121398644,11.380880121398643,0.8199999999999648,0.18292682926834214
2011-07-01,1,600,959,132.17,133.9,132.16,133.91,eod,1.7300000000000182,0.013090193704600623,130.90193704600622,0.38999999999998636,4.435897435897638
2011-07-05,1,603,624,133.82,133.45,133.81,133.47,stop,-0.37000000000000455,-0.002765114714894287,-27.65114714894287,0.3400000000000034,-1.0882352941176494
2011-07-06,-1,600,696,133.39000000000001,133.73,133.4,133.70999999999998,stop,-0.339999999999975,-0.002548725637181222,-25.48725637181222,0.30999999999997385,-1.096774193548399
2011-07-07,1,601,959,135.18999999999997,135.39000000000001,135.17999999999998,135.4,eod,0.20000000000004547,0.001479508803077715,14.795088030777151,0.30999999999997385,0.6451612903227818
2011-07-08,-1,611,936,133.8,134.28,133.81,134.26,stop,-0.47999999999998977,-0.003587175846349225,-35.87175846349225,0.44999999999998863,-1.0666666666666709
2011-07-11,-1,607,959,132.69000000000003,132.0,132.70000000000002,131.99,eod,0.6900000000000261,0.005199698568199141,51.99698568199141,0.4899999999999807,1.4081632653062313
2011-07-12,1,601,948,132.07,131.54,132.06,131.56,stop,-0.5300000000000011,-0.0040133272754808505,-40.1332727548085,0.5,-1.0600000000000023
2011-07-13,1,601,919,132.35,131.83,132.34,131.85000000000002,stop,-0.5199999999999818,-0.003929273084479234,-39.29273084479234,0.4899999999999807,-1.061224489795923
2011-07-14,1,600,654,132.73999999999998,131.94,132.73,131.96,stop,-0.799999999999983,-0.006027273412190033,-60.27273412190033,0.7699999999999818,-1.0389610389610413
2011-07-15,-1,618,959,131.08,131.72,131.09,131.71,eod,-0.6399999999999864,-0.004882142039819867,-48.82142039819867,0.789999999999992,-0.8101265822784719
2011-07-18,-1,603,959,130.61,130.60999999999999,130.62,130.6,eod,2.842170943040401e-14,2.1759079337317414e-16,2.1759079337317413e-12,0.6699999999999875,4.242046183642468e-14
2011-07-19,1,608,959,131.93999999999997,132.71,131.92999999999998,132.72,eod,0.7700000000000387,0.005836428409005069,58.36428409005069,0.629999999999967,1.2222222222223476
2011-07-20,-1,600,959,132.56000000000003,132.66,132.57000000000002,132.65,eod,-0.0999999999999659,-0.0007543184732591527,-7.543184732591527,0.589999999999975,-0.16949152542367818
2011-07-21,1,600,959,133.96999999999997,134.48000000000002,133.95999999999998,134.49,eod,0.5100000000000477,0.0038071065989851286,38.071065989851284,0.8299999999999841,0.6144578313253705
2011-07-22,-1,602,733,133.98000000000002,134.67,133.99,134.64999999999998,stop,-0.6899999999999693,-0.005149638032688777,-51.49638032688777,0.6599999999999682,-1.0454545454545494
2011-07-25,1,600,959,133.71999999999997,133.83,133.70999999999998,133.84,eod,0.11000000000004206,0.0008226759404684921,8.226759404684922,0.5599999999999739,0.19642857142865572
2011-07-26,-1,606,857,133.08,133.94,133.09,133.92,stop,-0.8599999999999852,-0.006461792771808439,-64.61792771808439,0.8299999999999841,-1.036144578313255
2011-07-27,-1,600,959,132.00000000000003,130.62,132.01000000000002,130.61,eod,1.3800000000000239,0.01045375350352264,104.5375350352264,0.5999999999999659,2.3000000000001704
2011-07-28,1,606,928,130.93999999999997,130.42,130.92999999999998,130.44,stop,-0.5199999999999818,-0.003971587871381516,-39.71587871381516,0.4899999999999807,-1.061224489795923
2011-07-29,1,606,622,129.30999999999997,128.33,129.29999999999998,128.35000000000002,stop,-0.9799999999999613,-0.007579273008507049,-75.79273008507049,0.9499999999999602,-1.0315789473684236
2011-08-01,-1,600,959,129.63000000000002,128.79999999999998,129.64000000000001,128.79,eod,0.8300000000000409,0.006402344955261037,64.02344955261037,1.329999999999984,0.6240601503759781
2011-08-02,1,600,653,128.45,127.74,128.44,127.75999999999999,stop,-0.7099999999999937,-0.005527872936779771,-55.27872936779771,0.6800000000000068,-1.0441176470588038
2011-08-03,1,600,617,125.84,125.03999999999999,125.83,125.05999999999999,stop,-0.8000000000000114,-0.0063577843121673,-63.577843121673,0.7700000000000102,-1.03896103896104
2011-08-04,-1,613,959,123.71999999999998,120.21000000000001,123.72999999999999,120.2,eod,3.5099999999999767,0.028368221126646546,283.68221126646546,0.9000000000000199,3.899999999999888
2011-08-05,-1,600,959,118.83999999999999,120.04,118.85,120.03,eod,-1.200000000000017,-0.010096760622633715,-100.96760622633715,3.230000000000004,-0.37151702786378193
2011-08-08,-1,617,959,116.71999999999998,112.29,116.72999999999999,112.28,eod,4.429999999999978,0.037950826694080175,379.5082669408018,1.6300000000000097,2.7177914110429153
2011-08-09,1,601,861,114.33000000000001,112.11,114.32000000000001,112.13,stop,-2.220000000000013,-0.019419174247725796,-194.19174247725795,2.190000000000012,-1.0136986301369868
2011-08-10,-1,600,847,113.99999999999999,115.47,114.00999999999999,115.45,stop,-1.470000000000013,-0.012893605824050637,-128.93605824050638,1.440000000000012,-1.020833333333334
2011-08-11,1,617,959,114.55000000000001,117.32,114.54,117.33,eod,2.769999999999982,0.024183691286886518,241.83691286886517,1.700000000000017,1.6294117647058552
2011-08-12,-1,602,713,117.60999999999999,119.2,117.61999999999999,119.18,stop,-1.5900000000000176,-0.013518109165108125,-135.18109165108126,1.5600000000000165,-1.0192307692307698
2011-08-15,1,614,692,119.92000000000002,119.08,119.91000000000001,119.1,stop,-0.8400000000000176,-0.007005253940455488,-70.05253940455488,0.8100000000000165,-1.0370370370370376
2011-08-16,1,628,782,119.86000000000001,118.94,119.85000000000001,118.96,stop,-0.9200000000000159,-0.007676261994159498,-76.76261994159498,0.8900000000000148,-1.03370786516854
2011-08-17,1,621,695,121.20000000000002,120.01,121.19000000000001,120.03,stop,-1.190000000000012,-0.009819292020793893,-98.19292020793893,1.1600000000000108,-1.025862068965518
2011-08-18,-1,600,959,115.49999999999999,114.415,115.50999999999999,114.405,eod,1.0849999999999795,0.009393126136265082,93.93126136265083,1.1400000000000148,0.951754385964882
2011-08-19,1,601,893,114.46000000000001,112.87,114.45,112.89,stop,-1.5900000000000034,-0.013892529488859794,-138.92529488859793,1.5600000000000023,-1.0192307692307698
2011-08-22,-1,603,959,114.05999999999999,112.78,114.07,112.77,eod,1.279999999999987,0.011221179977206864,112.21179977206863,1.170000000000016,1.094017094017068
2011-08-23,1,602,959,113.67000000000002,116.47,113.66000000000001,116.48,eod,2.799999999999983,0.02463487594580312,246.3487594580312,1.0900000000000176,2.568807339449484
2011-08-24,1,601,959,117.51,118.08,117.5,118.09,eod,0.5699999999999932,0.004851063829787176,48.51063829787176,1.5900000000000034,0.3584905660377308
2011-08-25,-1,600,959,117.79999999999998,116.33,117.80999999999999,116.32,eod,1.4699999999999847,0.012477718360071173,124.77718360071174,1.6000000000000227,0.9187499999999773
2011-08-26,-1,600,625,114.93999999999998,115.96000000000001,114.94999999999999,115.94000000000001,stop,-1.0200000000000244,-0.008873423227490426,-88.73423227490426,0.9900000000000233,-1.0303030303030307
2011-08-29,1,613,959,120.27000000000001,121.33999999999999,120.26,121.35,eod,1.069999999999979,0.008897388990520363,88.97388990520363,0.7900000000000063,1.354430379746798
2011-08-30,-1,600,686,120.57999999999998,121.2218,120.58999999999999,121.2018,stop,-0.6418000000000177,-0.0053221660170828244,-53.221660170828244,0.6118000000000166,-1.0490356325596606
2011-08-31,1,600,715,123.30000000000001,122.3,123.29,122.32,stop,-1.0000000000000142,-0.008110957904128592,-81.10957904128591,0.9700000000000131,-1.0309278350515472
2011-09-01,1,600,818,122.58000000000001,121.66,122.57000000000001,121.67999999999999,stop,-0.9200000000000159,-0.0075059149873542945,-75.05914987354295,0.8900000000000148,-1.03370786516854
2011-09-02,1,607,851,118.88000000000001,118.05,118.87,118.07,stop,-0.8300000000000125,-0.006982417767308929,-69.8241776730893,0.8000000000000114,-1.037500000000001
2011-09-06,1,600,959,115.43900000000001,117.00999999999999,115.429,117.02,eod,1.5709999999999837,0.013610097982309331,136.1009798230933,1.0590000000000117,1.4834749763927917
2011-09-07,1,608,959,119.07000000000001,120.2799,119.06,120.2899,eod,1.2098999999999904,0.010162103141273226,101.62103141273226,0.710000000000008,1.704084507042221
2011-09-08,-1,601,632,119.38999999999999,120.4,119.39999999999999,120.38000000000001,stop,-1.0100000000000193,-0.008458961474037014,-84.58961474037014,0.9800000000000182,-1.0306122448979598
2011-09-09,1,642,682,117.91000000000001,116.95,117.9,116.97,stop,-0.960000000000008,-0.008142493638676912,-81.42493638676912,0.9300000000000068,-1.0322580645161301
2011-09-12,1,606,812,116.09,114.41,116.08,114.42999999999999,stop,-1.6800000000000068,-0.014472777394900127,-144.72777394900126,1.6500000000000057,-1.0181818181818187
2011-09-13,1,600,959,117.57000000000001,117.72999999999999,117.56,117.74,eod,0.15999999999998238,0.0013610071452873629,13.61007145287363,1.3500000000000085,0.11851851851850471
2011-09-14,-1,600,759,117.78999999999999,118.63,117.8,118.61,stop,-0.8400000000000034,-0.007130730050933815,-71.30730050933815,0.8100000000000023,-1.0370370370370383
2011-09-15,1,601,630,120.77000000000001,119.97,120.76,119.99,stop,-0.8000000000000114,-0.006624710168930203,-66.24710168930203,0.7700000000000102,-1.03896103896104
2011-09-16,-1,626,959,121.17999999999999,121.53,121.19,121.52,eod,-0.3500000000000085,-0.002888027064939422,-28.88027064939422,0.7900000000000063,-0.4430379746835516
2011-09-19,-1,615,706,118.78999999999999,119.72,118.8,119.7,stop,-0.9300000000000068,-0.007828282828282886,-78.28282828282886,0.9000000000000057,-1.0333333333333343
2011-09-20,1,627,959,121.00000000000001,120.16,120.99000000000001,120.17,eod,-0.8400000000000176,-0.0069427225390529595,-69.4272253905296,0.9900000000000091,-0.8484848484848585
2011-09-21,1,600,621,120.59,119.91,120.58,119.92999999999999,stop,-0.6800000000000068,-0.0056394095206502475,-56.39409520650248,0.6500000000000057,-1.0461538461538475
2011-09-22,1,620,724,113.91000000000001,112.635,113.9,112.655,stop,-1.2750000000000057,-0.011194029850746318,-111.94029850746318,1.2450000000000045,-1.0240963855421694
2011-09-23,1,649,959,113.49000000000001,113.42999999999999,113.48,113.44,eod,-0.060000000000016485,-0.0005287275290801593,-5.287275290801594,1.470000000000013,-0.040816326530623094
2011-09-26,-1,600,701,113.68999999999998,114.89,113.69999999999999,114.87,stop,-1.200000000000017,-0.010554089709762684,-105.54089709762684,1.170000000000016,-1.0256410256410262
2011-09-27,1,600,922,118.97000000000001,118.15,118.96000000000001,118.17,stop,-0.8200000000000074,-0.006893073301950297,-68.93073301950297,0.7900000000000063,-1.0379746835443049
2011-09-28,-1,616,959,117.52999999999999,115.12,117.53999999999999,115.11,eod,2.4099999999999824,0.020503658329079313,205.03658329079315,0.960000000000008,2.5104166666666274
2011-09-29,-1,603,959,116.94999999999999,116.03,116.96,116.02,eod,0.9199999999999875,0.007865937072503314,78.65937072503314,0.6800000000000068,1.3529411764705563
2011-09-30,-1,600,619,114.02999999999999,115.12,114.03999999999999,115.10000000000001,stop,-1.0900000000000176,-0.009558049807085389,-95.58049807085389,1.0600000000000165,-1.0283018867924534
2011-10-03,1,600,753,112.96000000000001,112.05,112.95,112.07,stop,-0.9100000000000108,-0.008056662239929268,-80.56662239929268,0.8800000000000097,-1.03409090909091
2011-10-04,1,642,959,108.93,112.30999999999999,108.92,112.32,eod,3.3799999999999812,0.03103195005508613,310.3195005508613,1.5,2.253333333333321
2011-10-05,1,604,959,112.64000000000001,114.44999999999999,112.63000000000001,114.46,eod,1.8099999999999739,0.01607031874278588,160.7031874278588,1.0600000000000165,1.7075471698112696
2011-10-06,1,613,959,114.64000000000001,116.50699999999999,114.63000000000001,116.517,eod,1.866999999999976,0.016287184855622226,162.87184855622226,1.1300000000000097,1.6522123893804956
2011-10-07,1,625,660,117.20000000000002,116.31,117.19000000000001,116.33,stop,-0.8900000000000148,-0.00759450465056758,-75.9450465056758,0.8600000000000136,-1.0348837209302333
2011-10-10,1,601,959,118.4,119.58,118.39,119.59,eod,1.1799999999999926,0.009967058028549646,99.67058028549646,0.730000000000004,1.6164383561643647
2011-10-11,1,622,959,119.43,119.64,119.42,119.65,eod,0.20999999999999375,0.0017584994138334763,17.584994138334764,0.6800000000000068,0.3088235294117524
2011-10-12,1,609,959,120.86000000000001,120.69999999999999,120.85000000000001,120.71,eod,-0.160000000000025,-0.0013239553165082748,-13.239553165082748,0.5300000000000153,-0.30188679245286865
2011-10-13,-1,603,808,119.39999999999999,120.1,119.41,120.08,stop,-0.7000000000000028,-0.0058621555983586204,-58.621555983586205,0.6700000000000017,-1.0447761194029868
2011-10-14,-1,601,931,121.80999999999999,122.31,121.82,122.29,stop,-0.5000000000000142,-0.004104416351994863,-41.04416351994863,0.4700000000000131,-1.0638297872340432
2011-10-17,-1,600,959,121.47999999999999,120.22,121.49,120.21,eod,1.259999999999991,0.010371223969050877,103.71223969050877,0.5800000000000125,2.172413793103386
2011-10-18,-1,603,641,119.27999999999999,120.5,119.28999999999999,120.48,stop,-1.220000000000013,-0.010227177466677954,-102.27177466677954,1.190000000000012,-1.0252100840336142
2011-10-19,-1,602,619,122.08999999999999,122.8,122.1,122.78,stop,-0.710000000000008,-0.00581490581490588,-58.1490581490588,0.6800000000000068,-1.0441176470588247
2011-10-20,1,600,656,121.54,120.84,121.53,120.86,stop,-0.7000000000000028,-0.0057598946762116585,-57.59894676211658,0.6700000000000017,-1.0447761194029868
2011-10-21,1,616,791,123.55000000000001,122.91,123.54,122.92999999999999,stop,-0.6400000000000148,-0.005180508337380725,-51.80508337380725,0.6100000000000136,-1.0491803278688532
2011-10-24,1,612,959,124.88000000000001,125.50139999999999,124.87,125.5114,eod,0.62139999999998,0.004976375430447505,49.76375430447505,0.8200000000000074,0.7578048780487492
2011-10-26,-1,601,931,123.86999999999999,124.56,123.88,124.54,stop,-0.6900000000000119,-0.005569906360994608,-55.69906360994608,0.6600000000000108,-1.0454545454545465
2011-10-27,-1,600,721,127.1,127.83,127.11,127.81,stop,-0.730000000000004,-0.005743057194555928,-57.43057194555928,0.7000000000000028,-1.0428571428571443
2011-10-28,1,637,959,128.45999999999998,128.60000000000002,128.45,128.61,eod,0.1400000000000432,0.0010899182561311266,10.899182561311266,0.6599999999999966,0.21212121212127868
2011-10-31,-1,687,959,126.67999999999999,125.38000000000001,126.69,125.37,eod,1.299999999999983,0.010261267661220166,102.61267661220167,0.5750000000000028,2.2608695652173503
2011-11-01,1,601,959,122.68,122.0,122.67,122.01,eod,-0.6800000000000068,-0.0055433276269667145,-55.43327626966715,1.1600000000000108,-0.5862068965517245
2011-11-02,-1,603,649,123.35999999999999,124.05,123.36999999999999,124.03,stop,-0.6900000000000119,-0.005592931831077345,-55.929318310773446,0.6600000000000108,-1.0454545454545465
2011-11-03,-1,601,769,124.13999999999999,125.45,124.14999999999999,125.43,stop,-1.3100000000000165,-0.01055175191300859,-105.5175191300859,1.2800000000000153,-1.0234375000000007
2011-11-04,-1,603,826,124.77999999999999,125.55,124.78999999999999,125.53,stop,-0.7700000000000102,-0.006170366215241688,-61.70366215241688,0.7400000000000091,-1.0405405405405417
2011-11-07,-1,627,951,125.27,126.19,125.28,126.17,stop,-0.9200000000000017,-0.0073435504469987365,-73.43550446998736,0.8900000000000006,-1.0337078651685405
2011-11-08,1,600,612,127.37,126.63,127.36,126.64999999999999,stop,-0.7400000000000091,-0.00581030150753776,-58.1030150753776,0.710000000000008,-1.0422535211267616
2011-11-09,-1,637,675,124.29999999999998,125.21000000000001,124.30999999999999,125.19000000000001,stop,-0.910000000000025,-0.007320408655780107,-73.20408655780106,0.8800000000000239,-1.0340909090909094
2011-11-10,-1,601,795,123.88,124.88,123.89,124.86,stop,-1.0,-0.008071676487206393,-80.71676487206393,0.9699999999999989,-1.0309278350515476
2011-11-11,1,602,959,126.36000000000001,126.67999999999999,126.35000000000001,126.69,eod,0.31999999999997897,0.0025326474079935017,25.326474079935018,0.5700000000000074,0.5614035087718856
2011-11-14,-1,712,959,125.54999999999998,125.49000000000001,125.55999999999999,125.48,eod,0.05999999999997385,0.00047785919082489535,4.778591908248954,0.8100000000000165,0.07407407407404029
2011-11-15,-1,680,753,124.96,125.9,124.97,125.88000000000001,stop,-0.9400000000000119,-0.007521805233256077,-75.21805233256077,0.9100000000000108,-1.0329670329670337
2011-11-16,1,645,931,125.41000000000001,124.62,125.4,124.64,stop,-0.7900000000000063,-0.006299840510366876,-62.99840510366876,0.7600000000000051,-1.0394736842105274
2011-11-17,1,633,747,123.98,122.94,123.97,122.96,stop,-1.0400000000000063,-0.008389126401548812,-83.89126401548812,1.0100000000000051,-1.0297029702970306
2011-11-18,-1,625,650,121.83999999999999,122.68,121.85,122.66000000000001,stop,-0.8400000000000176,-0.006893721789085086,-68.93721789085086,0.8100000000000165,-1.0370370370370376
2011-11-21,-1,605,959,119.44999999999999,119.67,119.46,119.66,eod,-0.22000000000001307,-0.0018416206261511225,-18.416206261511224,0.9000000000000057,-0.24444444444445743
2011-11-22,-1,648,800,119.145,120.06,119.155,120.04,stop,-0.9150000000000063,-0.007679073475724949,-76.79073475724948,0.8850000000000051,-1.0338983050847468
2011-11-23,-1,600,959,117.38999999999999,116.64,117.39999999999999,116.63,eod,0.7499999999999858,0.006388415672912997,63.88415672912997,0.8200000000000074,0.9146341463414378
2011-11-28,1,612,890,120.02000000000001,119.28,120.01,119.3,stop,-0.7400000000000091,-0.006166152820598359,-61.661528205983586,0.710000000000008,-1.0422535211267616
2011-11-29,1,600,959,120.33000000000001,120.02,120.32000000000001,120.03,eod,-0.3100000000000165,-0.0025764627659575837,-25.764627659575837,0.7200000000000131,-0.4305555555555706
2011-11-30,1,600,959,124.11000000000001,125.07969999999999,124.10000000000001,125.0897,eod,0.9696999999999747,0.007813859790491335,78.13859790491335,0.8900000000000148,1.0895505617977064
2011-12-01,1,600,673,125.42000000000002,124.6799,125.41000000000001,124.6999,stop,-0.7401000000000124,-0.005901443266087332,-59.01443266087332,0.7101000000000113,-1.0422475707646819
2011-12-02,1,602,674,126.21000000000001,125.67,126.2,125.69,stop,-0.5400000000000063,-0.004278922345483409,-42.789223454834094,0.5100000000000051,-1.0588235294117663
2011-12-05,1,612,828,126.91000000000001,126.44,126.9,126.46,stop,-0.4700000000000131,-0.0037037037037038066,-37.03703703703807,0.44000000000001194,-1.068181818181819
2011-12-06,1,623,959,126.44000000000001,126.3,126.43,126.31,eod,-0.14000000000001478,-0.0011073321205411276,-11.073321205411276,0.6800000000000068,-0.20588235294119614
2011-12-07,-1,626,690,125.10999999999999,125.89,125.11999999999999,125.87,stop,-0.7800000000000153,-0.006234015345268665,-62.34015345268665,0.7500000000000142,-1.0400000000000007
2011-12-08,-1,604,959,125.60999999999999,123.98,125.61999999999999,123.97,eod,1.6299999999999812,0.012975640821525086,129.75640821525087,0.5700000000000216,2.8596491228068763
2011-12-09,1,602,959,125.36000000000001,126.02,125.35000000000001,126.03,eod,0.6599999999999824,0.005265257279616931,52.65257279616931,0.960000000000008,0.6874999999999759
2011-12-12,-1,604,959,124.07999999999998,124.2,124.08999999999999,124.19,eod,-0.12000000000001876,-0.0009670400515756207,-9.670400515756207,0.8900000000000148,-0.13483146067417615
2011-12-13,1,602,644,125.54,124.81,125.53,124.83,stop,-0.730000000000004,-0.005815342945909376,-58.153429459093765,0.7000000000000028,-1.0428571428571443
2011-12-14,-1,609,959,122.07,121.75,122.08,121.74,eod,0.3199999999999932,0.0026212319790300882,26.21231979030088,0.960000000000008,0.3333333333333235
2011-12-15,1,600,603,123.16000000000001,122.76,123.15,122.78,stop,-0.4000000000000057,-0.0032480714575721125,-32.48071457572112,0.37000000000000455,-1.0810810810810831
2011-12-16,1,603,717,122.60000000000001,122.03999999999999,122.59,122.05999999999999,stop,-0.5600000000000165,-0.004568072436577343,-45.68072436577343,0.5300000000000153,-1.056603773584906
2011-12-19,-1,603,959,121.85999999999999,120.34,121.86999999999999,120.33,eod,1.5199999999999818,0.012472306556166258,124.72306556166258,0.46000000000000796,3.3043478260868597
2011-12-20,1,628,959,123.19000000000001,123.92,123.18,123.93,eod,0.7299999999999898,0.005926286734859472,59.262867348594725,1.0200000000000102,0.7156862745097867
2011-12-21,-1,600,917,123.10999999999999,124.08,123.11999999999999,124.06,stop,-0.9700000000000131,-0.007878492527615442,-78.78492527615441,0.9400000000000119,-1.0319148936170222
2011-12-22,1,601,959,125.08900000000001,125.3,125.07900000000001,125.31,eod,0.2109999999999843,0.0016869338578017438,16.869338578017437,0.7290000000000134,0.2894375857338552
2011-12-23,1,673,959,125.81000000000002,126.36999999999999,125.80000000000001,126.38,eod,0.5599999999999739,0.004451510333863067,44.515103338630674,0.4000000000000199,1.399999999999865
2011-12-28,-1,616,959,125.63,124.97,125.64,124.96,eod,0.6599999999999966,0.0052531041069722745,52.53104106972275,0.9000000000000057,0.733333333333325
2011-12-29,1,605,959,125.60000000000001,126.14999999999999,125.59,126.16,eod,0.549999999999983,0.004379329564455633,43.79329564455633,0.4200000000000017,1.3095238095237636
2011-12-30,1,602,860,126.22000000000001,125.86,126.21000000000001,125.88,stop,-0.36000000000001364,-0.0028523888756834927,-28.52388875683493,0.3300000000000125,-1.0909090909090908
2012-01-03,1,602,757,128.14,127.7,128.13,127.72,stop,-0.4399999999999835,-0.00343401233122597,-34.3401233122597,0.4099999999999966,-1.0731707317072858
2012-01-04,-1,612,727,127.02,127.48,127.03,127.46000000000001,stop,-0.46000000000000796,-0.0036211918444462566,-36.21191844446257,0.4300000000000068,-1.0697674418604666
2012-01-05,-1,602,682,126.44999999999999,127.18,126.46,127.16000000000001,stop,-0.7300000000000182,-0.005772576308714362,-57.72576308714362,0.700000000000017,-1.0428571428571434
2012-01-09,-1,601,617,127.63999999999999,128.08,127.64999999999999,128.06,stop,-0.44000000000002615,-0.003446925186055826,-34.46925186055826,0.4100000000000108,-1.0731707317073527
2012-01-10,1,604,745,129.51999999999998,129.12,129.51,129.14000000000001,stop,-0.39999999999997726,-0.0030885645896068046,-30.885645896068045,0.3699999999999761,-1.0810810810810894
2012-01-11,-1,601,639,128.55,129.08,128.56,129.06,stop,-0.5300000000000011,-0.004122588674548858,-41.22588674548858,0.5,-1.0600000000000023
2012-01-12,-1,607,959,129.08,129.54,129.09,129.53,eod,-0.45999999999997954,-0.003563405376094039,-35.63405376094039,0.6199999999999761,-0.7419354838709633
2012-01-13,-1,606,711,128.22000000000003,128.74,128.23000000000002,128.72,stop,-0.5199999999999818,-0.0040552132886218645,-40.552132886218644,0.4899999999999807,-1.061224489795923
2012-01-17,-1,600,959,129.96,129.34,129.97,129.33,eod,0.6200000000000045,0.004770331614988109,47.70331614988109,0.3599999999999852,1.7222222222223056
2012-01-18,1,600,959,129.89999999999998,130.77,129.89,130.78,eod,0.870000000000033,0.006697975209793156,66.97975209793157,0.8199999999999648,1.0609756097561833
2012-01-19,-1,602,643,130.96,131.3,130.97,131.28,stop,-0.3400000000000034,-0.0025960143544323387,-25.960143544323387,0.3100000000000023,-1.0967741935483901
2012-01-20,-1,605,946,131.07000000000002,131.43,131.08,131.41,stop,-0.3599999999999852,-0.002746414403417647,-27.46414403417647,0.3299999999999841,-1.0909090909090988
2012-01-23,1,601,698,132.15999999999997,131.44,132.14999999999998,131.46,stop,-0.7199999999999704,-0.005448354143019074,-54.48354143019074,0.6899999999999693,-1.0434782608695687
2012-01-24,1,603,959,130.95999999999998,131.45000000000002,130.95,131.46,eod,0.4900000000000375,0.003741886216113307,37.41886216113307,0.3599999999999852,1.3611111111112713
2012-01-25,-1,600,665,130.76000000000002,131.29,130.77,131.26999999999998,stop,-0.5299999999999727,-0.004052917335780169,-40.52917335780169,0.4999999999999716,-1.0600000000000056
2012-01-26,-1,620,959,132.87,131.89,132.88,131.88,eod,0.9800000000000182,0.007375075255870095,73.75075255870095,0.5300000000000011,1.8490566037736154
2012-01-30,-1,608,648,130.13000000000002,130.58,130.14000000000001,130.56,stop,-0.44999999999998863,-0.0034578146611340755,-34.578146611340756,0.4199999999999875,-1.0714285714285763
2012-01-31,-1,600,959,131.58,131.25,131.59,131.24,eod,0.3300000000000125,0.0025077893456950566,25.077893456950566,0.5999999999999943,0.550000000000026
2012-02-01,1,606,959,132.52999999999997,132.44,132.51999999999998,132.45,eod,-0.08999999999997499,-0.0006791427709023167,-6.791427709023167,0.39999999999997726,-0.22499999999995027
2012-02-02,1,609,736,132.82,132.34,132.81,132.36,stop,-0.47999999999998977,-0.0036141856787891705,-36.141856787891705,0.44999999999998863,-1.0666666666666709
2012-02-03,1,600,959,134.07,134.54000000000002,134.06,134.55,eod,0.4700000000000273,0.003505892883783584,35.05892883783584,0.29999999999998295,1.5666666666668467
2012-02-06,1,605,959,134.26999999999998,134.44,134.26,134.45,eod,0.17000000000001592,0.0012661999106213014,12.661999106213015,0.4399999999999693,0.38636363636369947
2012-02-07,-1,603,646,133.76000000000002,134.32,133.77,134.29999999999998,stop,-0.5599999999999739,-0.004186289900575419,-41.862899005754194,0.5299999999999727,-1.0566037735849108
2012-02-08,1,604,664,135.2,134.7446,135.19,134.7646,stop,-0.45539999999999736,-0.0033685923515052694,-33.68592351505269,0.4253999999999962,-1.0705218617771541
2012-02-09,-1,603,782,135.05,135.52,135.06,135.5,stop,-0.46999999999999886,-0.0034799348437731296,-34.7993484377313,0.4399999999999977,-1.068181818181821
2012-02-10,-1,600,714,133.96,134.38,133.97,134.35999999999999,stop,-0.4199999999999875,-0.0031350302306485593,-31.35030230648559,0.38999999999998636,-1.0769230769230824
2012-02-13,-1,613,876,135.02,135.48,135.03,135.45999999999998,stop,-0.45999999999997954,-0.0034066503739908134,-34.066503739908136,0.4299999999999784,-1.0697674418604712
2012-02-14,-1,602,949,134.88000000000002,135.17,134.89000000000001,135.14999999999998,stop,-0.2899999999999636,-0.0021498999184518023,-21.498999184518023,0.2599999999999625,-1.1153846153846365
2012-02-15,-1,620,701,135.25000000000003,135.74,135.26000000000002,135.72,stop,-0.4899999999999807,-0.0036226526689337618,-36.22652668933762,0.45999999999997954,-1.0652173913043532
2012-02-16,1,600,959,134.83999999999997,136.04000000000002,134.82999999999998,136.05,eod,1.2000000000000455,0.00890009641771153,89.0009641771153,0.5099999999999625,2.3529411764708503
2012-02-17,-1,603,959,136.24,136.41,136.25,136.4,eod,-0.1699999999999875,-0.0012477064220182568,-12.477064220182568,0.3299999999999841,-0.5151515151515021
2012-02-21,1,638,876,136.83999999999997,136.32,136.82999999999998,136.34,stop,-0.5199999999999818,-0.0038003361835853384,-38.00336183585338,0.4899999999999807,-1.061224489795923
2012-02-22,-1,601,618,136.15,136.49,136.16,136.47,stop,-0.3400000000000034,-0.0024970622796710003,-24.970622796710003,0.3100000000000023,-1.0967741935483901
2012-02-23,1,615,959,135.99999999999997,136.62,135.98999999999998,136.63,eod,0.620000000000033,0.004559158761673896,45.591587616738956,0.4999999999999716,1.2400000000001363
2012-02-24,1,606,870,137.04,136.7,137.03,136.72,stop,-0.3400000000000034,-0.0024812084944902824,-24.812084944902825,0.3100000000000023,-1.0967741935483901
2012-02-27,1,600,959,136.14999999999998,137.10000000000002,136.14,137.11,eod,0.9500000000000455,0.006978110768327057,69.78110768327058,0.3499999999999659,2.7142857142861088
2012-02-28,1,600,959,137.54,137.55,137.53,137.56,eod,0.010000000000019327,7.271140842012162e-05,0.7271140842012161,0.6099999999999852,0.0163934426229829
2012-02-29,1,600,606,138.14,137.7,138.13,137.72,stop,-0.4399999999999977,-0.003185405053210727,-31.854050532107273,0.4099999999999966,-1.0731707317073205
2012-03-01,-1,600,740,137.25000000000003,137.85,137.26000000000002,137.82999999999998,stop,-0.5999999999999659,-0.0043712662101119465,-43.71266210111946,0.5699999999999648,-1.0526315789473737
2012-03-02,-1,608,618,137.39000000000001,137.77,137.4,137.75,stop,-0.37999999999999545,-0.0027656477438136495,-27.656477438136495,0.3499999999999943,-1.0857142857142903
2012-03-05,1,603,620,137.14,136.77,137.13,136.79000000000002,stop,-0.3699999999999761,-0.002698169620068374,-26.98169620068374,0.339999999999975,-1.088235294117657
2012-03-06,-1,604,959,135.00000000000003,134.70999999999998,135.01000000000002,134.7,eod,0.2900000000000489,0.00214798903784941,21.4798903784941,0.4299999999999784,0.6744186046513103
2012-03-07,1,618,959,135.24999999999997,135.71,135.23999999999998,135.72,eod,0.4600000000000364,0.0034013605442179567,34.01360544217957,0.31999999999996476,1.437500000000272
2012-03-08,-1,603,675,136.4,136.79,136.41,136.76999999999998,stop,-0.38999999999998636,-0.002859027930503529,-28.59027930503529,0.3599999999999852,-1.08333333333334
2012-03-09,1,610,959,137.54,137.55,137.53,137.56,eod,0.010000000000019327,7.271140842012162e-05,0.7271140842012161,0.4099999999999966,0.024390243902486366
2012-03-12,-1,601,959,137.37,137.57999999999998,137.38,137.57,eod,-0.20999999999997954,-0.0015286067841023406,-15.286067841023407,0.38999999999998636,-0.5384615384615048
2012-03-13,-1,600,635,138.10000000000002,138.42,138.11,138.39999999999998,stop,-0.31999999999996476,-0.002316993700673121,-23.16993700673121,0.2899999999999636,-1.1034482758620858
2012-03-14,1,607,659,140.35999999999999,139.97,140.35,139.99,stop,-0.38999999999998636,-0.0027787673672959486,-27.787673672959485,0.3599999999999852,-1.08333333333334
2012-03-15,1,616,959,140.17999999999998,140.67000000000002,140.17,140.68,eod,0.4900000000000375,0.003495755154455572,34.95755154455572,0.4199999999999875,1.1666666666667906
2012-03-16,-1,618,764,140.04000000000002,140.48,140.05,140.45999999999998,stop,-0.4399999999999693,-0.0031417350946088486,-31.417350946088487,0.40999999999996817,-1.0731707317073256
2012-03-19,1,699,959,140.64,140.84,140.63,140.85,eod,0.20000000000001705,0.0014221716561190149,14.22171656119015,0.5299999999999727,0.37735849056608933
2012-03-20,1,608,959,140.11999999999998,140.41,140.10999999999999,140.42,eod,0.29000000000002046,0.002069802298194422,20.698022981944224,0.47999999999998977,0.6041666666667221
2012-03-21,-1,601,959,140.26000000000002,140.22,140.27,140.21,eod,0.040000000000020464,0.00028516432594297044,2.8516432594297045,0.38999999999998636,0.10256410256415863
2012-03-22,1,603,617,139.49999999999997,139.10999999999999,139.48999999999998,139.13,stop,-0.38999999999998636,-0.002795899347623388,-27.958993476233882,0.3599999999999852,-1.08333333333334
2012-03-23,-1,600,687,138.95000000000002,139.4,138.96,139.38,stop,-0.44999999999998863,-0.003238341968911835,-32.38341968911835,0.4199999999999875,-1.0714285714285763
2012-03-26,1,609,959,140.85999999999999,141.55,140.85,141.56,eod,0.6900000000000261,0.004898828541001251,48.98828541001251,0.2599999999999909,2.6538461538463474
2012-03-27,-1,602,959,141.61,141.17,141.62,141.16,eod,0.44000000000002615,0.003106905804265119,31.06905804265119,0.21999999999999886,2.0000000000001292
2012-03-28,-1,632,959,140.81000000000003,140.48,140.82000000000002,140.47,eod,0.3300000000000409,0.0023434171282491188,23.43417128249119,0.5099999999999625,0.6470588235295396
2012-03-29,-1,616,910,139.33,139.91,139.34,139.89,stop,-0.5799999999999841,-0.004162480264102082,-41.62480264102082,0.549999999999983,-1.0545454545454582
2012-03-30,-1,601,843,140.56000000000003,141.0,140.57000000000002,140.98,stop,-0.4399999999999693,-0.00313011311090538,-31.3011311090538,0.40999999999996817,-1.0731707317073256
2012-04-02,1,603,959,140.83999999999997,141.79000000000002,140.82999999999998,141.8,eod,0.9500000000000455,0.006745721792232092,67.45721792232092,0.47999999999996135,1.9791666666669208
2012-04-03,1,607,618,141.79999999999998,141.42,141.79,141.44,stop,-0.37999999999999545,-0.002680019747513897,-26.800197475138972,0.3499999999999943,-1.0857142857142903
2012-04-04,-1,610,959,139.98000000000002,139.89,139.99,139.88,eod,0.09000000000003183,0.0006429030645048349,6.429030645048349,0.35899999999998045,0.2506963788301859
2012-04-05,1,603,959,139.83999999999997,139.786,139.82999999999998,139.796,eod,-0.053999999999973625,-0.00038618322248425683,-3.8618322248425683,0.5799999999999841,-0.09310344827581915
2012-04-09,1,624,959,138.29,138.24,138.28,138.25,eod,-0.04999999999998295,-0.000361585189470516,-3.61585189470516,0.44999999999998863,-0.11111111111107602
2012-04-10,-1,605,959,137.81000000000003,135.87,137.82000000000002,135.86,eod,1.9400000000000261,0.014076331446814873,140.76331446814874,0.5299999999999727,3.6603773584908037
2012-04-11,1,619,709,137.45,137.0,137.44,137.02,stop,-0.44999999999998863,-0.00327415599534334,-32.741559953433395,0.4199999999999875,-1.0714285714285763
2012-04-12,1,600,959,137.89,138.82000000000002,137.88,138.83,eod,0.9300000000000352,0.00674499564839016,67.4499564839016,0.8599999999999852,1.081395348837269
2012-04-13,-1,600,959,137.85000000000002,137.14,137.86,137.13,eod,0.7100000000000364,0.005150152328449415,51.50152328449415,0.629999999999967,1.1269841269842438
2012-04-16,-1,600,959,137.19000000000003,137.0,137.20000000000002,136.99,eod,0.19000000000002615,0.001384839650145963,13.84839650145963,0.8499999999999659,0.2235294117647456
2012-04-17,-1,602,617,137.78000000000003,138.18,137.79000000000002,138.16,stop,-0.39999999999997726,-0.00290296828507132,-29.0296828507132,0.3699999999999761,-1.0810810810810894
2012-04-18,1,615,959,138.92,138.61,138.91,138.62,eod,-0.30999999999997385,-0.0022316607875601025,-22.316607875601026,0.539999999999992,-0.5740740740740341
2012-04-19,-1,603,637,138.24,138.948,138.25,138.928,stop,-0.7079999999999984,-0.005121157323688958,-51.21157323688958,0.6779999999999973,-1.0442477876106213
2012-04-20,1,600,845,138.54999999999998,138.10999999999999,138.54,138.13,stop,-0.4399999999999977,-0.0031759780568788635,-31.759780568788635,0.4099999999999966,-1.0731707317073205
2012-04-23,-1,605,749,136.08,136.66,136.09,136.64,stop,-0.5799999999999841,-0.004261885516937204,-42.61885516937204,0.549999999999983,-1.0545454545454582
2012-04-24,1,604,959,137.20999999999998,137.32000000000002,137.2,137.33,eod,0.11000000000004206,0.0008017492711373329,8.017492711373329,0.40999999999996817,0.2682926829269527
2012-04-26,1,600,959,139.20999999999998,140.13,139.2,140.14,eod,0.9200000000000159,0.006609195402298966,66.09195402298965,0.39999999999997726,2.3000000000001704
2012-04-27,-1,601,814,140.01000000000002,140.63,140.02,140.60999999999999,stop,-0.6199999999999761,-0.004427938865876132,-44.27938865876132,0.589999999999975,-1.0508474576271227
2012-04-30,-1,601,959,139.63000000000002,139.82999999999998,139.64000000000001,139.82,eod,-0.1999999999999602,-0.0014322543683755384,-14.322543683755384,0.5799999999999841,-0.3448275862068374
2012-05-01,1,600,959,140.1,140.71,140.09,140.72,eod,0.6100000000000136,0.004354343636233947,43.54343636233947,0.46999999999999886,1.297872340425564
2012-05-02,-1,601,655,139.75000000000003,140.09,139.76000000000002,140.07,stop,-0.339999999999975,-0.002432741843159523,-24.32741843159523,0.30999999999997385,-1.096774193548399
2012-05-03,-1,600,959,140.08,139.29999999999998,140.09,139.29,eod,0.7800000000000296,0.005567849239774642,55.67849239774642,0.3699999999999761,2.108108108108324
2012-05-04,-1,600,959,137.95000000000002,137.01,137.96,137.0,eod,0.9400000000000261,0.006813569150478589,68.1356915047859,0.7099999999999795,1.323943661971906
2012-05-08,-1,605,919,135.98000000000002,136.54,135.99,136.51999999999998,stop,-0.5599999999999739,-0.004117949849253429,-41.17949849253429,0.5299999999999727,-1.0566037735849108
2012-05-09,1,603,609,135.45,134.9,135.44,134.92000000000002,stop,-0.549999999999983,-0.004060838747784871,-40.60838747784871,0.5199999999999818,-1.057692307692312
2012-05-10,-1,615,959,136.39000000000001,136.04,136.4,136.03,eod,0.35000000000002274,0.0025659824046922485,25.659824046922484,0.45999999999997954,0.7608695652174746
2012-05-11,1,601,959,135.90999999999997,135.56,135.89999999999998,135.57,eod,-0.3499999999999659,-0.002575423105224179,-25.754231052241792,0.7999999999999545,-0.43749999999998224
2012-05-14,-1,612,684,134.01000000000002,134.64000000000001,134.02,134.62,stop,-0.6299999999999955,-0.00470079092672732,-47.0079092672732,0.5999999999999943,-1.0500000000000023
2012-05-15,1,601,672,134.48999999999998,133.91,134.48,133.93,stop,-0.5799999999999841,-0.004312908982748246,-43.12908982748246,0.549999999999983,-1.0545454545454582
2012-05-16,1,600,665,134.48999999999998,133.71,134.48,133.73000000000002,stop,-0.7799999999999727,-0.005800118976799322,-58.00118976799322,0.7499999999999716,-1.040000000000003
2012-05-17,-1,600,959,132.27,130.84,132.28,130.83,eod,1.4300000000000068,0.01081040217719993,108.1040217719993,0.75,1.9066666666666758
2012-05-18,1,652,692,131.45999999999998,130.83,131.45,130.85000000000002,stop,-0.629999999999967,-0.004792696842905797,-47.92696842905797,0.5999999999999659,-1.0500000000000047
2012-05-21,1,604,959,130.51,131.94,130.5,131.95,eod,1.4300000000000068,0.01095785440613032,109.5785440613032,0.5600000000000023,2.5535714285714306
2012-05-22,1,603,930,132.54,131.94,132.53,131.96,stop,-0.5999999999999943,-0.004527276842978906,-45.27276842978905,0.5699999999999932,-1.052631578947371
2012-05-23,1,600,617,131.54,130.89,131.53,130.91,stop,-0.6500000000000057,-0.004941838363871403,-49.41838363871403,0.6200000000000045,-1.048387096774195
2012-05-24,1,633,721,132.68999999999997,131.91,132.67999999999998,131.93,stop,-0.7799999999999727,-0.00587880615013546,-58.7880615013546,0.7499999999999716,-1.040000000000003
2012-05-25,-1,610,959,132.34000000000003,132.14999999999998,132.35000000000002,132.14,eod,0.19000000000005457,0.0014355874574994677,14.355874574994676,0.5099999999999625,0.37254901960797754
2012-05-29,-1,600,605,132.94000000000003,133.48,132.95000000000002,133.45999999999998,stop,-0.5399999999999636,-0.004061677322301343,-40.61677322301343,0.5099999999999625,-1.0588235294117712
2012-05-30,-1,600,959,132.00000000000003,131.79999999999998,132.01000000000002,131.79,eod,0.20000000000004547,0.0015150367396412805,15.150367396412806,0.6199999999999761,0.3225806451613761
2012-05-31,-1,604,788,130.775,131.9,130.785,131.88,stop,-1.125,-0.008601903888060558,-86.01903888060558,1.0949999999999989,-1.0273972602739736
2012-06-01,-1,627,959,129.09000000000003,128.23,129.10000000000002,128.22,eod,0.8600000000000421,0.0066615027110770095,66.6150271107701,0.7698999999999785,1.1170281854787194
2012-06-04,-1,600,959,127.82,128.17999999999998,127.83,128.17,eod,-0.3599999999999852,-0.0028162403191737875,-28.162403191737873,0.9200000000000017,-0.39130434782607015
2012-06-05,1,600,959,128.48999999999998,129.00900000000001,128.48,129.019,eod,0.5190000000000339,0.004039539227895656,40.395392278956564,0.7099999999999937,0.730985915493012
2012-06-06,1,602,959,130.80999999999997,132.0,130.79999999999998,132.01,eod,1.1900000000000261,0.009097859327217326,90.97859327217326,0.879999999999967,1.3522727272728077
2012-06-07,-1,600,959,133.18,132.03,133.19,132.02,eod,1.1500000000000057,0.00863428185299201,86.3428185299201,0.3499999999999943,3.2857142857143553
2012-06-08,1,605,959,131.80999999999997,133.08,131.79999999999998,133.09,eod,1.2700000000000387,0.00963581183611562,96.3581183611562,0.5199999999999818,2.442307692307852
2012-06-11,-1,600,959,133.16000000000003,131.48,133.17000000000002,131.47,eod,1.6800000000000352,0.012615453931065819,126.15453931065818,1.089999999999975,1.5412844036697926
2012-06-12,1,602,608,132.02999999999997,131.45,132.01999999999998,131.47,stop,-0.5799999999999841,-0.004393273746401941,-43.93273746401941,0.549999999999983,-1.0545454545454582
2012-06-13,1,609,917,132.61999999999998,132.06,132.60999999999999,132.08,stop,-0.5599999999999739,-0.004222909282859316,-42.22909282859316,0.5299999999999727,-1.0566037735849108
2012-06-14,1,600,959,132.76999999999998,133.48000000000002,132.76,133.49,eod,0.7100000000000364,0.005347996384453423,53.47996384453423,0.789999999999992,0.898734177215245
2012-06-15,1,600,959,133.52999999999997,134.09,133.51999999999998,134.1,eod,0.5600000000000307,0.004194128220491543,41.941282204915424,0.4299999999999784,1.3023255813954857
2012-06-18,1,604,959,134.01,134.41,134.0,134.42,eod,0.4000000000000057,0.002985074626865714,29.85074626865714,0.7299999999999898,0.5479452054794676
2012-06-19,1,600,959,135.45999999999998,135.69,135.45,135.7,eod,0.2300000000000182,0.0016980435585088093,16.98043558508809,0.5299999999999727,0.43396226415100003
2012-06-20,-1,657,785,135.31000000000003,135.89000000000001,135.32000000000002,135.87,stop,-0.5799999999999841,-0.0042861365651787175,-42.861365651787175,0.549999999999983,-1.0545454545454582
2012-06-21,-1,600,959,135.24,132.47,135.25,132.46,eod,2.7700000000000102,0.020480591497227432,204.8059149722743,0.539999999999992,5.129629629629724
2012-06-22,1,602,630,133.23999999999998,132.76,133.23,132.78,stop,-0.47999999999998977,-0.003602792163926967,-36.02792163926967,0.44999999999998863,-1.0666666666666709
2012-06-25,-1,611,959,131.42000000000002,131.29,131.43,131.28,eod,0.13000000000002387,0.000989119683481883,9.89119683481883,0.6799999999999784,0.19117647058827647
2012-06-26,-1,600,763,131.54000000000002,132.0,131.55,131.98,stop,-0.45999999999997954,-0.0034967692892434775,-34.967692892434776,0.4299999999999784,-1.0697674418604712
2012-06-27,1,604,959,132.76,133.17000000000002,132.75,133.18,eod,0.410000000000025,0.0030885122410548023,30.88512241054802,0.44999999999998863,0.9111111111111897
2012-06-28,1,603,607,132.43999999999997,131.99,132.42999999999998,132.01000000000002,stop,-0.4499999999999602,-0.0033980215963147343,-33.980215963147344,0.4199999999999591,-1.0714285714285812
2012-06-29,1,611,959,135.30999999999997,136.21,135.29999999999998,136.22,eod,0.9000000000000341,0.006651884700665442,66.51884700665441,0.45999999999997954,1.956521739130596
2012-07-02,-1,600,959,136.29000000000002,136.45,136.3,136.44,eod,-0.15999999999996817,-0.0011738811445338824,-11.738811445338824,0.3599999999999852,-0.44444444444437425
2012-07-05,-1,600,665,136.53000000000003,137.11,136.54000000000002,137.09,stop,-0.5799999999999841,-0.004247839460963703,-42.47839460963703,0.549999999999983,-1.0545454545454582
2012-07-06,-1,608,959,135.35000000000002,135.53,135.36,135.52,eod,-0.1799999999999784,-0.0013297872340423936,-13.297872340423936,0.4199999999999875,-0.4285714285713899
2012-07-09,-1,600,959,134.91000000000003,135.32,134.92000000000002,135.31,eod,-0.40999999999996817,-0.003038837829824845,-30.38837829824845,0.6599999999999682,-0.6212121212121029
2012-07-10,-1,600,959,135.84000000000003,134.17,135.85000000000002,134.16,eod,1.6700000000000443,0.012292970187707353,122.92970187707354,0.38999999999995794,4.2820512820518575
2012-07-11,1,605,651,134.54,133.96,134.53,133.98000000000002,stop,-0.5799999999999841,-0.0043113060283950354,-43.113060283950354,0.549999999999983,-1.0545454545454582
2012-07-12,-1,606,715,132.75000000000003,133.42,132.76000000000002,133.39999999999998,stop,-0.6699999999999591,-0.005046700813497732,-50.46700813497732,0.6399999999999579,-1.0468750000000049
2012-07-13,1,600,959,134.89,135.69,134.88,135.7,eod,0.8000000000000114,0.0059311981020166915,59.31198102016692,1.049999999999983,0.7619047619047851
2012-07-16,-1,600,638,134.98000000000002,135.57,134.99,135.54999999999998,stop,-0.589999999999975,-0.0043706941254905915,-43.706941254905914,0.5599999999999739,-1.053571428571433
2012-07-17,-1,600,804,135.59000000000003,136.27,135.60000000000002,136.25,stop,-0.6799999999999784,-0.005014749262536713,-50.14749262536713,0.6499999999999773,-1.0461538461538495
2012-07-18,1,603,959,136.95,137.34,136.94,137.35,eod,0.3900000000000148,0.0028479626113627485,28.479626113627486,0.9899999999999807,0.39393939393941657
2012-07-19,-1,601,736,137.52,137.99,137.53,137.97,stop,-0.46999999999999886,-0.003417436195739103,-34.17436195739103,0.4399999999999977,-1.068181818181821
2012-07-20,1,604,635,137.1,136.71,137.09,136.73000000000002,stop,-0.38999999999998636,-0.0028448464512363146,-28.448464512363145,0.3599999999999852,-1.08333333333334
2012-07-23,1,649,959,134.51999999999998,135.12,134.51,135.13,eod,0.6000000000000227,0.004460634897033847,44.60634897033847,0.6799999999999784,0.8823529411765321
2012-07-24,-1,601,959,134.63000000000002,134.0,134.64000000000001,133.99,eod,0.6300000000000239,0.0046791443850269145,46.79144385026915,0.6199999999999761,1.0161290322581422
2012-07-25,-1,600,959,133.9,133.97,133.91,133.96,eod,-0.06999999999999318,-0.0005227391531625209,-5.227391531625209,0.6599999999999966,-0.10606060606059628
2012-07-26,-1,600,609,135.86,136.3,135.87,136.28,stop,-0.4399999999999977,-0.0032383896371531444,-32.38389637153144,0.4099999999999966,-1.0731707317073205
2012-07-27,1,600,959,137.18999999999997,138.69,137.17999999999998,138.7,eod,1.5000000000000284,0.010934538562472873,109.34538562472872,0.5399999999999636,2.7777777777780175
2012-07-30,1,600,681,138.99999999999997,138.48,138.98999999999998,138.5,stop,-0.5199999999999818,-0.0037412763508164752,-37.41276350816475,0.4899999999999807,-1.061224489795923
2012-07-31,-1,603,674,138.36,138.88,138.37,138.85999999999999,stop,-0.5199999999999818,-0.003758040037580269,-37.58040037580269,0.4899999999999807,-1.061224489795923
2012-08-01,-1,600,959,138.26000000000002,137.63,138.27,137.62,eod,0.6300000000000239,0.004556302885658667,45.56302885658667,0.46999999999997044,1.3404255319150287
2012-08-02,1,608,698,137.13,136.18,137.12,136.20000000000002,stop,-0.9499999999999886,-0.006928238039673196,-69.28238039673195,0.9199999999999875,-1.0326086956521756
2012-08-03,1,600,959,139.07,139.34,139.06,139.35,eod,0.27000000000001023,0.001941607939019202,19.41607939019202,0.5799999999999841,0.46551724137934075
2012-08-06,1,630,959,140.14999999999998,139.55,140.14,139.57000000000002,stop,-0.5999999999999659,-0.004281432852861181,-42.81432852861181,0.5699999999999648,-1.0526315789473737
2012-08-07,1,600,959,140.49999999999997,140.28,140.48999999999998,140.29,eod,-0.21999999999997044,-0.0015659477542883512,-15.659477542883511,0.3499999999999659,-0.6285714285714054
2012-08-08,1,611,959,140.2,140.46,140.19,140.47,eod,0.2600000000000193,0.0018546258648977768,18.54625864897777,0.38999999999998636,0.6666666666667396
2012-08-09,1,619,712,140.76999999999998,140.22,140.76,140.24,stop,-0.549999999999983,-0.003907360045467341,-39.07360045467341,0.5199999999999818,-1.057692307692312
2012-08-10,1,610,959,140.17,140.83,140.16,140.84,eod,0.660000000000025,0.0047089041095892195,47.08904109589219,0.3599999999999852,1.833333333333478
2012-08-13,-1,611,959,140.45000000000002,140.76999999999998,140.46,140.76,eod,-0.31999999999996476,-0.0022782286772032234,-22.782286772032233,0.38999999999998636,-0.8205128205127589
2012-08-14,-1,633,959,140.83,140.76999999999998,140.84,140.76,eod,0.060000000000030695,0.0004260153365523338,4.260153365523339,0.549999999999983,0.10909090909096829
2012-08-15,1,604,959,141.08999999999997,140.91,141.07999999999998,140.92,eod,-0.1799999999999784,-0.0012758718457611172,-12.758718457611172,0.5399999999999636,-0.3333333333333158
2012-08-16,-1,600,639,140.89000000000001,141.32,140.9,141.29999999999998,stop,-0.4299999999999784,-0.003051809794180116,-30.518097941801162,0.39999999999997726,-1.075000000000007
2012-08-17,-1,644,959,141.87,142.28,141.88,142.26,stop,-0.4099999999999966,-0.0028897659994361192,-28.89765999436119,0.37999999999999545,-1.0789473684210567
2012-08-20,-1,606,870,141.74,142.15,141.75,142.13,stop,-0.4099999999999966,-0.002892416225749535,-28.92416225749535,0.37999999999999545,-1.0789473684210567
2012-08-21,1,600,703,142.77999999999997,142.43,142.76999999999998,142.45000000000002,stop,-0.3499999999999659,-0.0024514954122012043,-24.514954122012043,0.31999999999996476,-1.093750000000014
2012-08-22,1,630,680,141.73999999999998,141.22,141.73,141.24,stop,-0.5199999999999818,-0.003668947999717645,-36.68947999717645,0.4899999999999807,-1.061224489795923
2012-08-23,-1,611,959,140.89000000000001,140.7,140.9,140.69,eod,0.19000000000002615,0.0013484740951030954,13.484740951030954,0.589999999999975,0.32203389830514273
2012-08-24,1,611,959,140.51,141.51000000000002,140.5,141.52,eod,1.0000000000000284,0.007117437722420131,71.17437722420131,0.28999999999999204,3.448275862069158
2012-08-27,-1,600,676,141.41000000000003,141.93,141.42000000000002,141.91,stop,-0.5199999999999818,-0.0036769905246781345,-36.76990524678134,0.4899999999999807,-1.061224489795923
2012-08-28,-1,600,622,141.04000000000002,141.59,141.05,141.57,stop,-0.549999999999983,-0.0038993264799715203,-38.993264799715206,0.5199999999999818,-1.057692307692312
2012-08-29,-1,600,791,141.3,141.71,141.31,141.69,stop,-0.4099999999999966,-0.002901422404642252,-29.01422404642252,0.37999999999999545,-1.0789473684210567
2012-08-30,-1,600,959,140.62,140.48,140.63,140.47,eod,0.14000000000001478,0.0009955201592833306,9.955201592833307,0.3199999999999932,0.4375000000000555
2012-08-31,-1,600,657,141.19100000000003,141.62,141.20100000000002,141.6,stop,-0.4289999999999736,-0.00303822210890839,-30.3822210890839,0.3989999999999725,-1.0751879699248201
2012-09-04,-1,600,875,140.83,141.2,140.84,141.17999999999998,stop,-0.3699999999999761,-0.002627094575404545,-26.270945754045453,0.339999999999975,-1.088235294117657
2012-09-05,1,612,959,141.21999999999997,140.9,141.20999999999998,140.91,eod,-0.31999999999996476,-0.0022661284611568927,-22.661284611568927,0.589999999999975,-0.5423728813558955
2012-09-06,1,600,959,142.58999999999997,143.73000000000002,142.57999999999998,143.74,eod,1.1400000000000432,0.007995511291906602,79.95511291906601,0.839999999999975,1.357142857142949
2012-09-10,1,602,882,144.29999999999998,143.97,144.29,143.99,stop,-0.3299999999999841,-0.00228706078037275,-22.8706078037275,0.29999999999998295,-1.1000000000000094
2012-09-11,1,643,959,144.08999999999997,143.87,144.07999999999998,143.88,eod,-0.21999999999997044,-0.001526929483620006,-15.26929483620006,0.5299999999999727,-0.4150943396226071
2012-09-12,-1,603,959,144.3,144.34,144.31,144.33,eod,-0.03999999999999204,-0.00027718106853296407,-2.7718106853296405,0.25,-0.15999999999996817
2012-09-13,1,603,736,144.39,144.12,144.38,144.14000000000001,stop,-0.2699999999999818,-0.0018700651059702302,-18.700651059702302,0.23999999999998067,-1.1250000000000149
2012-09-14,1,611,924,147.67999999999998,146.8,147.67,146.82000000000002,stop,-0.879999999999967,-0.005959233425881811,-59.59233425881811,0.8499999999999659,-1.0352941176470616
2012-09-18,1,600,959,146.57999999999998,146.61,146.57,146.62,eod,0.03000000000002956,0.00020468035750855946,2.0468035750855944,0.3299999999999841,0.09090909090918486
2012-09-19,1,602,959,146.82,146.69,146.81,146.7,eod,-0.12999999999999545,-0.0008854982630610683,-8.854982630610683,0.4099999999999966,-0.3170731707316989
2012-09-20,1,613,959,146.17,146.71,146.16,146.72,eod,0.5400000000000205,0.0036945812807883172,36.94581280788317,0.539999999999992,1.0000000000000526
2012-09-21,-1,653,959,146.33,145.89,146.34,145.88,eod,0.44000000000002615,0.0030066967336341817,30.06696733634182,0.339999999999975,1.2941176470589957
2012-09-24,1,604,959,145.43499999999997,145.6099,145.42499999999998,145.6199,eod,0.17490000000003647,0.0012026817947398073,12.026817947398072,0.3949999999999818,0.442784810126695
2012-09-25,1,600,736,146.02999999999997,145.74,146.01999999999998,145.76000000000002,stop,-0.2899999999999636,-0.0019860293110530317,-19.860293110530318,0.2599999999999625,-1.1153846153846365
2012-09-26,-1,616,959,143.54000000000002,143.34,143.55,143.33,eod,0.20000000000001705,0.001393242772553236,13.93242772553236,0.5699999999999932,0.35087719298249026
2012-09-27,-1,603,717,143.59000000000003,143.99,143.60000000000002,143.97,stop,-0.39999999999997726,-0.002785515320334103,-27.855153203341033,0.3699999999999761,-1.0810810810810894
2012-09-28,-1,628,731,143.51000000000002,144.18,143.52,144.16,stop,-0.6699999999999875,-0.004668338907469254,-46.68338907469254,0.6399999999999864,-1.0468750000000029
2012-10-01,1,600,794,144.92999999999998,144.4,144.92,144.42000000000002,stop,-0.5299999999999727,-0.003657190173888854,-36.57190173888854,0.4999999999999716,-1.0600000000000056
2012-10-02,-1,600,959,144.67000000000002,144.48999999999998,144.68,144.48,eod,0.18000000000003524,0.0012441249654412167,12.441249654412166,0.47999999999998977,0.37500000000008143
2012-10-03,-1,602,620,144.3,144.92,144.31,144.89999999999998,stop,-0.6199999999999761,-0.004296306562261632,-42.96306562261632,0.589999999999975,-1.0508474576271227
2012-10-04,1,603,959,145.76,146.19,145.75,146.2,eod,0.4300000000000068,0.002950257289879978,29.50257289879978,0.3199999999999932,1.34375000000005
2012-10-05,1,618,701,147.02999999999997,146.64,147.01999999999998,146.66,stop,-0.38999999999998636,-0.0026527003128825086,-26.527003128825086,0.3599999999999852,-1.08333333333334
2012-10-08,1,601,700,145.65999999999997,145.34,145.64999999999998,145.36,stop,-0.31999999999996476,-0.0021970477171298648,-21.970477171298647,0.2899999999999636,-1.1034482758620858
2012-10-09,-1,637,959,145.23000000000002,144.22,145.24,144.21,eod,1.0100000000000193,0.006954007160561961,69.54007160561962,0.4199999999999875,2.4047619047620223
2012-10-10,1,630,697,144.29,143.74,144.28,143.76000000000002,stop,-0.549999999999983,-0.0038120321596893745,-38.120321596893746,0.5199999999999818,-1.057692307692312
2012-10-11,-1,605,643,144.02,144.36,144.03,144.34,stop,-0.3400000000000034,-0.002360619315420422,-23.60619315420422,0.3100000000000023,-1.0967741935483901
2012-10-12,1,600,670,143.83999999999997,143.22,143.82999999999998,143.24,stop,-0.6199999999999761,-0.004310644510880736,-43.10644510880736,0.589999999999975,-1.0508474576271227
2012-10-15,-1,612,695,142.93,143.43,142.94,143.41,stop,-0.5,-0.003497971176717504,-34.97971176717504,0.46999999999999886,-1.0638297872340452
2012-10-16,1,600,959,145.14999999999998,145.56,145.14,145.57,eod,0.410000000000025,0.0028248587570623195,28.248587570623194,0.4899999999999807,0.8367346938776351
2012-10-17,1,603,959,145.96999999999997,146.18,145.95999999999998,146.19,eod,0.21000000000003638,0.0014387503425598548,14.387503425598547,0.549999999999983,0.3818181818182598
2012-10-18,1,600,617,146.01999999999998,145.72,146.01,145.74,stop,-0.29999999999998295,-0.0020546537908361275,-20.546537908361277,0.2699999999999818,-1.1111111111111227
2012-10-19,-1,618,959,144.83,143.35999999999999,144.84,143.35,eod,1.4700000000000273,0.010149130074565225,101.49130074565225,0.7299999999999898,2.013698630137052
2012-10-22,1,602,679,143.48999999999998,142.99,143.48,143.01000000000002,stop,-0.4999999999999716,-0.003484806244772593,-34.84806244772593,0.46999999999997044,-1.063829787234049
2012-10-23,-1,616,888,141.35000000000002,141.95,141.36,141.92999999999998,stop,-0.5999999999999659,-0.004244482173174631,-42.44482173174631,0.5699999999999648,-1.0526315789473737
2012-10-24,-1,601,959,141.56000000000003,141.01999999999998,141.57000000000002,141.01,eod,0.5400000000000489,0.0038143674507314317,38.143674507314316,0.5399999999999636,1.0000000000001579
2012-10-25,-1,600,959,141.76000000000002,141.42999999999998,141.77,141.42,eod,0.3300000000000409,0.002327713902800599,23.27713902800599,0.5199999999999818,0.6346153846154855
2012-10-26,-1,601,930,141.16000000000003,141.81,141.17000000000002,141.79,stop,-0.6499999999999773,-0.004604377700644451,-46.04377700644451,0.6199999999999761,-1.0483870967741973
2012-10-31,-1,612,959,141.54000000000002,141.26,141.55,141.25,eod,0.28000000000002956,0.0019780996114449278,19.780996114449277,0.4899999999999807,0.5714285714286543
2012-11-01,1,600,959,142.32999999999998,142.87,142.32,142.88,eod,0.5400000000000205,0.0037942664418213917,37.942664418213916,0.8099999999999739,0.6666666666667135
2012-11-02,-1,605,959,142.98000000000002,141.54999999999998,142.99,141.54,eod,1.4300000000000352,0.010000699349605114,100.00699349605114,0.7399999999999807,1.9324324324325306
2012-11-05,-1,606,638,140.93,141.45,140.94,141.42999999999998,stop,-0.5199999999999818,-0.0036895132680572003,-36.895132680572004,0.4899999999999807,-1.061224489795923
2012-11-06,1,646,959,142.6,142.91,142.59,142.92,eod,0.3100000000000023,0.0021740655024896716,21.740655024896714,0.46999999999999886,0.6595744680851128
2012-11-07,-1,602,959,140.8,139.73,140.81,139.72,eod,1.0700000000000216,0.007598892124139064,75.98892124139064,0.8799999999999955,1.2159090909091217
2012-11-08,-1,621,959,139.67000000000002,138.04999999999998,139.68,138.04,eod,1.620000000000033,0.011597938144330132,115.97938144330132,0.7399999999999807,2.1891891891892907
2012-11-09,1,601,959,138.18999999999997,138.18,138.17999999999998,138.19,eod,-0.009999999999962483,-7.23693732809559e-05,-0.723693732809559,0.6399999999999579,-0.015624999999942407
2012-11-12,-1,611,798,138.4,138.8,138.41,138.78,stop,-0.4000000000000057,-0.0028899645979337165,-28.899645979337166,0.37000000000000455,-1.0810810810810831
2012-11-13,1,610,959,138.45,137.82000000000002,138.44,137.83,eod,-0.629999999999967,-0.004550707887893434,-45.507078878934344,1.089999999999975,-0.5779816513761298
2012-11-14,-1,616,959,137.75000000000003,135.92999999999998,137.76000000000002,135.92,eod,1.82000000000005,0.0132113821138215,132.113821138215,0.6799999999999784,2.676470588235453
2012-11-15,-1,600,959,135.67000000000002,135.67999999999998,135.68,135.67,eod,-0.009999999999962483,-7.370283018840273e-05,-0.7370283018840273,0.8200999999999965,-0.012193634922524723
2012-11-16,-1,602,710,135.19000000000003,135.95,135.20000000000002,135.92999999999998,stop,-0.7599999999999625,-0.0056213017751476505,-56.21301775147651,0.7299999999999613,-1.0410958904109626
2012-11-19,1,600,959,138.51,139.10000000000002,138.5,139.11,eod,0.5900000000000318,0.004259927797834165,42.599277978341654,0.6899999999999977,0.8550724637681649
2012-11-20,1,600,791,138.95,138.47,138.94,138.49,stop,-0.47999999999998977,-0.0034547286598531003,-34.547286598531,0.44999999999998863,-1.0666666666666709
2012-11-21,-1,607,763,139.11,139.55,139.12,139.53,stop,-0.4399999999999977,-0.0031627372052903803,-31.6273720529038,0.4099999999999966,-1.0731707317073205
2012-11-26,1,601,664,140.85999999999999,140.41,140.85,140.43,stop,-0.44999999999998863,-0.0031948881789136572,-31.94888178913657,0.4199999999999875,-1.0714285714285763
2012-11-27,-1,616,721,140.73000000000002,141.38,140.74,141.35999999999999,stop,-0.6499999999999773,-0.0046184453602385765,-46.184453602385766,0.6199999999999761,-1.0483870967741973
2012-11-28,-1,600,624,139.39000000000001,139.8,139.4,139.78,stop,-0.4099999999999966,-0.0029411764705882105,-29.411764705882106,0.37999999999999545,-1.0789473684210567
2012-11-29,1,600,608,142.43999999999997,141.95,142.42999999999998,141.97,stop,-0.4899999999999807,-0.0034402864565048147,-34.40286456504815,0.45999999999997954,-1.0652173913043532
2012-11-30,1,601,649,142.26999999999998,141.88,142.26,141.9,stop,-0.38999999999998636,-0.002741459299873375,-27.414592998733752,0.3599999999999852,-1.08333333333334
2012-12-03,-1,600,959,142.50000000000003,141.47,142.51000000000002,141.46,eod,1.0300000000000296,0.007227562978036835,72.27562978036835,0.4199999999999591,2.4523809523812616
2012-12-04,1,612,632,141.77999999999997,141.23,141.76999999999998,141.25,stop,-0.549999999999983,-0.003879523171333731,-38.79523171333731,0.5199999999999818,-1.057692307692312
2012-12-05,-1,603,715,141.14000000000001,141.7,141.15,141.67999999999998,stop,-0.5599999999999739,-0.003967410556145759,-39.67410556145759,0.5299999999999727,-1.0566037735849108
2012-12-06,-1,621,646,141.19000000000003,141.75,141.20000000000002,141.73,stop,-0.5599999999999739,-0.003966005665722194,-39.66005665722194,0.5299999999999727,-1.0566037735849108
2012-12-07,-1,631,959,142.02,142.41,142.03,142.4,eod,-0.38999999999998636,-0.002745898753784316,-27.458987537843157,0.6699999999999875,-0.5820895522387964
2012-12-10,1,601,959,142.57999999999998,142.5,142.57,142.51,eod,-0.07999999999998408,-0.0005611278670125839,-5.61127867012584,0.4299999999999784,-0.1860465116278793
2012-12-11,1,600,959,143.481,143.42000000000002,143.471,143.43,eod,-0.06099999999997863,-0.0004251730314835655,-4.251730314835655,0.49099999999998545,-0.124236252545785
2012-12-12,-1,601,750,143.74,144.05,143.75,144.03,stop,-0.3100000000000023,-0.0021565217391304506,-21.565217391304508,0.28000000000000114,-1.1071428571428608
2012-12-13,1,610,670,143.64999999999998,143.24,143.64,143.26000000000002,stop,-0.40999999999996817,-0.002854358117515791,-28.54358117515791,0.37999999999996703,-1.0789473684210624
2012-12-14,-1,698,959,142.09000000000003,142.12,142.10000000000002,142.11,eod,-0.029999999999972715,-0.00021111893033056095,-2.1111893033056095,0.4899999999999807,-0.061224489795865096
2012-12-17,1,610,959,143.07,143.76000000000002,143.06,143.77,eod,0.6900000000000261,0.004823151125402112,48.231511254021115,0.6399999999999864,1.078125000000064
2012-12-18,1,618,959,144.14,145.34,144.13,145.35,eod,1.200000000000017,0.008325816970790377,83.25816970790376,0.3499999999999943,3.428571428571533
2012-12-19,-1,600,959,145.05,144.29,145.06,144.28,eod,0.7600000000000193,0.005239211360816347,52.39211360816347,0.5300000000000011,1.4339622641509768
2012-12-20,1,608,959,144.52999999999997,145.08,144.51999999999998,145.09,eod,0.5500000000000398,0.003805701632992249,38.05701632992249,0.549999999999983,1.0000000000001033
2012-12-21,1,614,697,142.74999999999997,142.01,142.73999999999998,142.03,stop,-0.7399999999999807,-0.005184251085890296,-51.842510858902955,0.7099999999999795,-1.0422535211267634
2012-12-26,-1,615,959,142.46,141.72,142.47,141.71,eod,0.7400000000000091,0.005194075945813218,51.94075945813218,0.25,2.9600000000000364
2012-12-27,-1,600,959,141.58,141.5999,141.59,141.5899,eod,-0.01989999999997849,-0.00014054664877447906,-1.4054664877447907,0.5,-0.03979999999995698
2012-12-28,1,605,611,140.90999999999997,140.44,140.89999999999998,140.46,stop,-0.46999999999997044,-0.0033356990773596206,-33.35699077359621,0.4399999999999693,-1.0681818181818254
2012-12-31,1,628,959,140.57999999999998,142.45000000000002,140.57,142.46,eod,1.870000000000033,0.01330298072134903,133.0298072134903,1.039999999999992,1.7980769230769686
2013-01-02,1,603,669,145.6,144.905,145.59,144.925,stop,-0.6949999999999932,-0.0047736795109553755,-47.73679510955375,0.664999999999992,-1.0451127819548895
2013-01-03,1,632,919,146.01,145.58,146.0,145.60000000000002,stop,-0.4299999999999784,-0.0029452054794519068,-29.452054794519068,0.39999999999997726,-1.075000000000007
2013-01-04,1,600,959,146.17999999999998,146.37,146.17,146.38,eod,0.19000000000002615,0.001299856331668784,12.998563316687841,0.5099999999999909,0.37254901960790104
2013-01-07,1,610,714,145.90999999999997,145.56,145.89999999999998,145.58,stop,-0.3499999999999659,-0.0023989033584644686,-23.989033584644687,0.31999999999996476,-1.093750000000014
2013-01-08,-1,600,959,145.49,145.54999999999998,145.5,145.54,eod,-0.05999999999997385,-0.00041237113402043887,-4.123711340204388,0.4199999999999875,-0.14285714285708484
2013-01-09,1,600,764,146.21999999999997,145.77,146.20999999999998,145.79000000000002,stop,-0.4499999999999602,-0.0030777648587645185,-30.777648587645185,0.4199999999999591,-1.0714285714285812
2013-01-10,-1,630,892,146.41000000000003,146.86,146.42000000000002,146.84,stop,-0.44999999999998863,-0.0030733506351590533,-30.73350635159053,0.4199999999999875,-1.0714285714285763
2013-01-11,-1,608,945,146.67000000000002,147.14000000000001,146.68,147.12,stop,-0.46999999999999886,-0.0032042541587128364,-32.04254158712836,0.4399999999999977,-1.068181818181821
2013-01-14,-1,601,959,146.54000000000002,146.97,146.55,146.96,eod,-0.4299999999999784,-0.002934152166495929,-29.341521664959288,0.5299999999999727,-0.8113207547169822
2013-01-15,1,600,959,146.51999999999998,147.03,146.51,147.04,eod,0.5100000000000193,0.0034809910586309422,34.80991058630942,0.3199999999999932,1.5937500000000944
2013-01-16,1,600,959,146.89,147.03,146.88,147.04,eod,0.14000000000001478,0.0009531590413944361,9.531590413944361,0.2799999999999727,0.5000000000001015
2013-01-17,-1,600,614,147.41000000000003,147.76,147.42000000000002,147.73999999999998,stop,-0.3499999999999659,-0.002374169040835476,-23.741690408354756,0.31999999999996476,-1.093750000000014
2013-01-18,-1,653,880,147.67000000000002,148.1,147.68,148.07999999999998,stop,-0.4299999999999784,-0.00291170097508111,-29.117009750811103,0.39999999999997726,-1.075000000000007
2013-01-22,-1,601,734,148.23000000000002,148.57,148.24,148.54999999999998,stop,-0.339999999999975,-0.002293577981651207,-22.93577981651207,0.30999999999997385,-1.096774193548399
2013-01-23,1,611,626,149.26,149.02,149.25,149.04000000000002,stop,-0.23999999999998067,-0.0016080402010048957,-16.080402010048957,0.20999999999997954,-1.1428571428571621
2013-01-24,1,600,826,149.79999999999998,149.09,149.79,149.11,stop,-0.7099999999999795,-0.004739969290339673,-47.399692903396726,0.6799999999999784,-1.0441176470588267
2013-01-25,-1,603,823,149.73000000000002,150.14000000000001,149.74,150.12,stop,-0.4099999999999966,-0.0027380793375183423,-27.380793375183423,0.37999999999999545,-1.0789473684210567
2013-01-28,-1,600,959,149.9,150.04999999999998,149.91,150.04,eod,-0.14999999999997726,-0.001000600360215978,-10.006003602159781,0.4300000000000068,-0.3488372093022672
2013-01-29,-1,608,678,149.68,150.21,149.69,150.19,stop,-0.5300000000000011,-0.0035406506780680147,-35.40650678068015,0.5,-1.0600000000000023
2013-01-30,-1,608,959,150.47000000000003,150.10999999999999,150.48000000000002,150.1,eod,0.36000000000004206,0.0023923444976079347,23.923444976079345,0.46999999999997044,0.7659574468086483
2013-01-31,-1,676,959,149.69000000000003,149.82,149.70000000000002,149.81,eod,-0.12999999999996703,-0.0008684034736136741,-8.684034736136741,0.6899999999999693,-0.18840579710140987
2013-02-01,1,600,959,150.73999999999998,151.21,150.73,151.22,eod,0.4700000000000273,0.003118158296291563,31.18158296291563,0.3499999999999943,1.3428571428572427
2013-02-04,1,601,636,150.58999999999997,150.15,150.57999999999998,150.17000000000002,stop,-0.4399999999999693,-0.0029220347987778546,-29.220347987778545,0.40999999999996817,-1.0731707317073256
2013-02-05,1,606,959,150.82999999999998,151.05,150.82,151.06,eod,0.22000000000002728,0.001458692481103483,14.58692481103483,0.539999999999992,0.40740740740746395
2013-02-06,1,626,959,150.92,151.16,150.91,151.17,eod,0.2400000000000091,0.0015903518653502691,15.903518653502692,0.5099999999999909,0.4705882352941439
2013-02-07,-1,608,959,150.9,150.95,150.91,150.94,eod,-0.04999999999998295,-0.0003313233052811805,-3.313233052811805,0.44999999999998863,-0.11111111111107602
2013-02-08,1,639,959,151.85999999999999,151.77,151.85,151.78,eod,-0.08999999999997499,-0.0005926901547578202,-5.926901547578201,0.6399999999999864,-0.14062499999996392
2013-02-11,-1,616,646,151.47000000000003,151.8,151.48000000000002,151.78,stop,-0.3299999999999841,-0.00217850541325577,-21.7850541325577,0.29999999999998295,-1.1000000000000094
2013-02-12,1,603,959,151.92,152.0,151.91,152.01,eod,0.0800000000000125,0.0005266276084524554,5.266276084524554,0.30999999999997385,0.25806451612909437
2013-02-13,1,600,677,152.52999999999997,152.1,152.51999999999998,152.12,stop,-0.4299999999999784,-0.0028193023865721117,-28.193023865721116,0.39999999999997726,-1.075000000000007
2013-02-14,1,602,959,152.01,152.28,152.0,152.29,eod,0.27000000000001023,0.0017763157894737514,17.763157894737514,0.4899999999999807,0.5510204081633079
2013-02-15,1,600,632,152.55999999999997,152.26,152.54999999999998,152.28,stop,-0.29999999999998295,-0.0019665683382496424,-19.665683382496425,0.2699999999999818,-1.1111111111111227
2013-02-19,1,629,959,152.89,153.21,152.88,153.22,eod,0.3200000000000216,0.002093144950287949,20.931449502879488,0.5299999999999727,0.6037735849057322
2013-02-20,-1,649,959,152.865,151.32,152.875,151.31,eod,1.545000000000016,0.010106295993458813,101.06295993458814,0.32499999999998863,4.753846153846369
2013-02-21,-1,600,959,150.28000000000003,150.42,150.29000000000002,150.41,eod,-0.13999999999995794,-0.0009315323707496035,-9.315323707496036,0.6799999999999784,-0.20588235294112114
2013-02-22,-1,605,759,150.86,151.4,150.87,151.38,stop,-0.539999999999992,-0.003579240405647193,-35.79240405647193,0.5099999999999909,-1.058823529411768
2013-02-25,1,600,621,152.70999999999998,152.33,152.7,152.35000000000002,stop,-0.37999999999996703,-0.0024885396201700526,-24.885396201700527,0.3499999999999659,-1.0857142857142974
2013-02-26,1,600,613,150.01,149.57,150.0,149.59,stop,-0.4399999999999977,-0.002933333333333318,-29.333333333333183,0.4099999999999966,-1.0731707317073205
2013-02-27,1,600,959,150.48999999999998,151.9,150.48,151.91,eod,1.410000000000025,0.009370015948963485,93.70015948963484,0.7299999999999898,1.9315068493151297
2013-03-01,1,600,959,151.14,152.12,151.13,152.13,eod,0.9800000000000182,0.006484483557202529,64.84483557202529,0.7299999999999898,1.3424657534247013
2013-03-04,1,650,751,152.10999999999999,151.57,152.1,151.59,stop,-0.539999999999992,-0.0035502958579881135,-35.50295857988114,0.5099999999999909,-1.058823529411768
2013-03-05,1,600,959,154.10999999999999,154.3,154.1,154.31,eod,0.19000000000002615,0.0012329656067490342,12.329656067490342,0.46999999999999886,0.40425531914899276
2013-03-06,-1,632,959,154.50000000000003,154.51999999999998,154.51000000000002,154.51,eod,-0.01999999999995339,-0.00012944146009936824,-1.2944146009936823,0.4199999999999591,-0.04761904761894128
2013-03-07,1,715,851,154.92999999999998,154.51,154.92,154.53,stop,-0.4199999999999875,-0.002711076684740431,-27.110766847404307,0.38999999999998636,-1.0769230769230824
2013-03-08,-1,600,943,154.89000000000001,155.63,154.9,155.60999999999999,stop,-0.7399999999999807,-0.004777275661717112,-47.77275661717112,0.7099999999999795,-1.0422535211267634
2013-03-11,1,649,959,155.43999999999997,155.99,155.42999999999998,156.0,eod,0.5500000000000398,0.003538570417551566,35.385704175515656,0.30999999999997385,1.7741935483873748
2013-03-12,1,600,661,155.96999999999997,155.71,155.95999999999998,155.73000000000002,stop,-0.2599999999999625,-0.0016670941266989133,-16.670941266989132,0.22999999999996135,-1.1304347826087224
2013-03-14,1,600,620,156.60999999999999,156.22,156.6,156.24,stop,-0.38999999999998636,-0.0024904214559386103,-24.9042145593861,0.3599999999999852,-1.08333333333334
2013-03-15,-1,600,687,155.42000000000002,155.92,155.43,155.89999999999998,stop,-0.4999999999999716,-0.0032168821977737344,-32.168821977737345,0.46999999999997044,-1.063829787234049
2013-03-18,1,602,959,154.89999999999998,154.94,154.89,154.95,eod,0.040000000000020464,0.00025824778875344095,2.5824778875344094,0.6999999999999886,0.057142857142887304
2013-03-19,-1,624,959,155.16000000000003,154.64999999999998,155.17000000000002,154.64,eod,0.5100000000000477,0.0032867177933882047,32.86717793388205,0.3499999999999659,1.4571428571431355
2013-03-20,-1,600,864,155.35000000000002,155.75,155.36,155.73,stop,-0.39999999999997726,-0.002574665293511697,-25.74665293511697,0.3699999999999761,-1.0810810810810894
2013-03-21,1,600,616,155.18999999999997,154.67,155.17999999999998,154.69,stop,-0.5199999999999818,-0.0033509472870214066,-33.50947287021407,0.4899999999999807,-1.061224489795923
2013-03-22,1,601,633,155.04999999999998,154.7,155.04,154.72,stop,-0.3499999999999943,-0.0022574819401444423,-22.574819401444422,0.3199999999999932,-1.0937500000000056
2013-03-25,1,600,628,156.26999999999998,155.78,156.26,155.8,stop,-0.4899999999999807,-0.0031357993088441103,-31.357993088441102,0.45999999999997954,-1.0652173913043532
2013-03-26,1,610,645,155.95,155.52009999999999,155.94,155.5401,stop,-0.4299000000000035,-0.002756829549826879,-27.56829549826879,0.39990000000000236,-1.0750187546886745
2013-03-27,1,606,959,155.42,156.12,155.41,156.13,eod,0.700000000000017,0.004504214658001525,45.04214658001525,0.4199999999999875,1.666666666666757
2013-03-28,1,632,959,156.39,156.57000000000002,156.38,156.58,eod,0.18000000000003524,0.0011510423327793532,11.510423327793532,0.6399999999999864,0.28125000000006106
2013-04-01,-1,600,959,156.52,156.07,156.53,156.06,eod,0.45000000000001705,0.0028748482718968698,28.7484827189687,0.38999999999998636,1.153846153846238
2013-04-02,1,600,942,156.96999999999997,156.48,156.95999999999998,156.5,stop,-0.4899999999999807,-0.0031218144750253616,-31.218144750253614,0.45999999999997954,-1.0652173913043532
2013-04-03,-1,601,959,156.42000000000002,155.26999999999998,156.43,155.26,eod,1.150000000000034,0.007351531036246462,73.51531036246462,0.6099999999999852,1.8852459016394458
2013-04-04,1,600,629,156.01999999999998,155.28,156.01,155.3,stop,-0.7399999999999807,-0.0047432856868148245,-47.43285686814824,0.7099999999999795,-1.0422535211267634
2013-04-05,1,632,959,154.33999999999997,155.18,154.32999999999998,155.19,eod,0.8400000000000318,0.005442882135683483,54.42882135683483,0.5699999999999648,1.4736842105264627
2013-04-08,-1,618,823,154.79000000000002,155.33,154.8,155.31,stop,-0.539999999999992,-0.003488372093023204,-34.883720930232045,0.5099999999999909,-1.058823529411768
2013-04-10,1,600,959,157.65999999999997,158.69,157.64999999999998,158.7,eod,1.0300000000000296,0.006533460196638311,65.33460196638312,0.5299999999999727,1.9433962264152502
2013-04-11,1,603,959,158.99999999999997,159.20000000000002,158.98999999999998,159.21,eod,0.20000000000004547,0.0012579407509909146,12.579407509909146,0.45999999999997954,0.4347826086957704
2013-04-12,-1,600,959,158.56000000000003,158.808,158.57000000000002,158.798,eod,-0.24799999999996203,-0.0015639780538561014,-15.639780538561014,0.47999999999996135,-0.5166666666666292
2013-04-15,-1,605,959,157.58,155.10999999999999,157.59,155.1,eod,2.4700000000000273,0.015673583349197457,156.73583349197457,0.549999999999983,4.4909090909092795
2013-04-16,-1,619,679,156.14000000000001,156.6,156.15,156.57999999999998,stop,-0.45999999999997954,-0.002945885366634515,-29.45885366634515,0.4299999999999784,-1.0697674418604712
2013-04-17,-1,614,959,155.65,155.07,155.66,155.06,eod,0.5800000000000125,0.003726069638956781,37.26069638956781,0.6699999999999875,0.8656716417910796
2013-04-18,-1,600,959,154.48000000000002,154.17999999999998,154.49,154.17,eod,0.3000000000000398,0.0019418732604054617,19.418732604054618,0.9299999999999784,0.3225806451613406
2013-04-19,1,605,959,154.76999999999998,155.44,154.76,155.45,eod,0.6700000000000159,0.004329284052726906,43.292840527269064,0.6499999999999773,1.0307692307692913
2013-04-22,-1,602,760,155.17000000000002,156.02,155.18,156.0,stop,-0.8499999999999943,-0.00547750998840053,-54.7750998840053,0.8199999999999932,-1.0365853658536601
2013-04-23,1,618,789,157.49999999999997,156.85999999999999,157.48999999999998,156.88,stop,-0.6399999999999864,-0.004063750079370033,-40.637500793700326,0.6099999999999852,-1.0491803278688556
2013-04-24,-1,608,858,157.73000000000002,158.18,157.74,158.16,stop,-0.44999999999998863,-0.0028527957398249565,-28.527957398249566,0.4199999999999875,-1.0714285714285763
2013-04-25,1,601,959,158.51,158.54000000000002,158.5,158.55,eod,0.03000000000002956,0.0001892744479497133,1.892744479497133,0.4099999999999966,0.07317073170738977
2013-04-26,1,600,612,158.57,158.07,158.56,158.09,stop,-0.5,-0.003153380423814329,-31.53380423814329,0.46999999999999886,-1.0638297872340452
2013-04-29,1,603,959,158.85,159.32000000000002,158.84,159.33,eod,0.4700000000000273,0.0029589524049359562,29.58952404935956,0.4300000000000068,1.0930232558139996
2013-04-30,-1,601,693,158.75000000000003,159.4,158.76000000000002,159.38,stop,-0.6499999999999773,-0.004094230284706331,-40.94230284706331,0.6199999999999761,-1.0483870967741973
2013-05-01,-1,606,959,159.06000000000003,158.2825,159.07000000000002,158.2725,eod,0.7775000000000318,0.004887785251776147,48.877852517761475,0.3499999999999659,2.221428571428879
2013-05-02,1,610,959,159.04999999999998,159.71,159.04,159.72,eod,0.660000000000025,0.004149899396378427,41.49899396378427,0.5199999999999818,1.2692307692308618
2013-05-03,1,621,959,161.67999999999998,161.37,161.67,161.38,eod,-0.30999999999997385,-0.0019174862373970054,-19.174862373970054,0.6399999999999864,-0.48437499999996947
2013-05-06,1,622,959,161.73999999999998,161.78,161.73,161.79,eod,0.040000000000020464,0.00024732578989686803,2.47325789896868,0.3199999999999932,0.1250000000000666
2013-05-07,1,600,612,162.40999999999997,161.97,162.39999999999998,161.99,stop,-0.4399999999999693,-0.0027093596059111413,-27.093596059111412,0.40999999999996817,-1.0731707317073256
2013-05-08,1,600,959,162.79999999999998,163.33,162.79,163.34,eod,0.5300000000000296,0.003255728238835491,32.55728238835491,0.46999999999997044,1.127659574468219
2013-05-09,-1,606,810,163.16000000000003,163.5,163.17000000000002,163.48,stop,-0.339999999999975,-0.0020837163694305016,-20.837163694305016,0.30999999999997385,-1.096774193548399
2013-05-10,1,600,634,163.32,162.76,163.31,162.78,stop,-0.5600000000000023,-0.0034290612944706525,-34.290612944706524,0.5300000000000011,-1.0566037735849076
2013-05-13,1,613,959,163.35,163.53,163.34,163.54,eod,0.18000000000000682,0.001101995836904658,11.019958369046579,0.5300000000000011,0.3396226415094461
2013-05-14,1,601,959,164.32,165.26000000000002,164.31,165.27,eod,0.9400000000000261,0.005720893433144825,57.20893433144825,0.6500000000000057,1.4461538461538737
2013-05-15,1,601,959,165.24999999999997,166.09,165.23999999999998,166.1,eod,0.8400000000000318,0.005083514887436649,50.835148874366496,0.339999999999975,2.470588235294393
2013-05-16,-1,604,676,165.74,166.3,165.75,166.28,stop,-0.5600000000000023,-0.0033785822021116275,-33.785822021116275,0.5300000000000011,-1.0566037735849076
2013-05-17,1,600,959,166.23,166.96,166.22,166.97,eod,0.7300000000000182,0.004391769943448551,43.91769943448551,0.5,1.4600000000000364
2013-05-20,1,606,826,167.10999999999999,166.69,167.1,166.71,stop,-0.4199999999999875,-0.0025134649910232647,-25.134649910232646,0.38999999999998636,-1.0769230769230824
2013-05-21,-1,612,786,166.99,167.55,167.0,167.53,stop,-0.5600000000000023,-0.003353293413173666,-33.53293413173666,0.5300000000000011,-1.0566037735849076
2013-05-22,1,600,813,167.76999999999998,167.2665,167.76,167.28650000000002,stop,-0.5034999999999741,-0.0030013113972339896,-30.013113972339895,0.47349999999997294,-1.0633579725448845
2013-05-23,-1,600,609,164.01000000000002,164.64000000000001,164.02,164.62,stop,-0.6299999999999955,-0.0038409950006096536,-38.40995000609654,0.5999999999999943,-1.0500000000000023
2013-05-24,-1,600,700,164.17000000000002,164.79,164.18,164.76999999999998,stop,-0.6199999999999761,-0.0037763430381287373,-37.76343038128737,0.589999999999975,-1.0508474576271227
2013-05-28,1,600,698,167.51,166.9,167.5,166.92000000000002,stop,-0.6099999999999852,-0.003641791044776031,-36.41791044776031,0.5799999999999841,-1.0517241379310378
2013-05-29,1,601,632,165.64999999999998,164.92,165.64,164.94,stop,-0.7299999999999898,-0.004407148031876297,-44.07148031876297,0.6999999999999886,-1.0428571428571451
2013-05-30,1,600,959,166.32989999999998,165.81,166.3199,165.82,eod,-0.5198999999999785,-0.0031259037553532593,-31.259037553532593,1.109899999999982,-0.4684205784304775
2013-05-31,1,668,871,165.95,165.09,165.94,165.11,stop,-0.8599999999999852,-0.005182596119079097,-51.82596119079097,0.8299999999999841,-1.036144578313255
2013-06-03,-1,600,608,163.20000000000002,163.91,163.21,163.89,stop,-0.7099999999999795,-0.004350223638257334,-43.502236382573344,0.6799999999999784,-1.0441176470588267
2013-06-04,1,632,660,165.02999999999997,164.26,165.01999999999998,164.28,stop,-0.7699999999999818,-0.0046661010786570225,-46.66101078657022,0.7399999999999807,-1.0405405405405432
2013-06-05,1,605,612,163.39,162.81,163.38,162.83,stop,-0.5799999999999841,-0.0035500061207001106,-35.5000612070011,0.549999999999983,-1.0545454545454582
2013-06-06,1,600,729,161.83999999999997,160.91,161.82999999999998,160.93,stop,-0.9299999999999784,-0.005746771303219295,-57.46771303219295,0.8999999999999773,-1.0333333333333354
2013-06-07,1,600,959,163.90999999999997,164.8,163.89999999999998,164.81,eod,0.8900000000000432,0.0054301403294694526,54.30140329469452,0.7699999999999818,1.1558441558442392
2013-06-10,-1,600,959,164.63000000000002,164.76999999999998,164.64000000000001,164.76,eod,-0.13999999999995794,-0.0008503401360541662,-8.503401360541663,0.7699999999999818,-0.18181818181813147
2013-06-11,1,601,959,163.42999999999998,163.11,163.42,163.12,eod,-0.31999999999996476,-0.0019581446579363896,-19.581446579363895,0.6909999999999741,-0.4630969609261603
2013-06-12,-1,600,959,163.71,161.78,163.72,161.77,eod,1.9300000000000068,0.011788419252382158,117.88419252382158,0.6799999999999784,2.838235294117747
2013-06-13,1,601,959,162.04999999999998,164.20000000000002,162.04,164.21,eod,2.150000000000034,0.013268328807702014,132.68328807702014,0.7499999999999716,2.866666666666821
2013-06-14,1,600,647,164.49999999999997,163.85999999999999,164.48999999999998,163.88,stop,-0.6399999999999864,-0.003890814031248018,-38.90814031248018,0.6099999999999852,-1.0491803278688556
2013-06-17,1,613,864,164.98,164.26,164.97,164.28,stop,-0.7199999999999989,-0.0043644298963447835,-43.64429896344784,0.6899999999999977,-1.043478260869567
2013-06-18,1,614,959,164.98,165.73000000000002,164.97,165.74,eod,0.7500000000000284,0.004546281142025995,45.46281142025995,0.45999999999997954,1.63043478260883
2013-06-20,-1,611,959,161.37,159.39,161.38,159.38,eod,1.9800000000000182,0.012269178336844827,122.69178336844827,0.7299999999999898,2.7123287671233505
2013-06-21,-1,612,959,159.05,158.995,159.06,158.985,eod,0.05500000000000682,0.0003457814661134592,3.4578146611345923,0.7099999999999795,0.07746478873240621
2013-06-24,-1,600,844,156.32000000000002,157.52,156.33,157.5,stop,-1.1999999999999886,-0.007676069852235582,-76.76069852235582,1.1699999999999875,-1.0256410256410269
2013-06-25,-1,606,669,157.70000000000002,158.65,157.71,158.63,stop,-0.9499999999999886,-0.006023714412529253,-60.23714412529253,0.9199999999999875,-1.0326086956521756
2013-06-26,-1,609,809,159.76000000000002,160.19,159.77,160.17,stop,-0.4299999999999784,-0.0026913688427112623,-26.91368842711262,0.39999999999997726,-1.075000000000007
2013-06-27,1,600,729,161.54999999999998,161.02,161.54,161.04000000000002,stop,-0.5299999999999727,-0.0032809211340842684,-32.80921134084269,0.4999999999999716,-1.0600000000000056
2013-06-28,-1,606,639,159.961,160.86,159.971,160.84,stop,-0.8990000000000009,-0.005619768583055684,-56.19768583055684,0.8689999999999998,-1.034522439585732
2013-07-01,1,600,941,161.98999999999998,161.13,161.98,161.15,stop,-0.8599999999999852,-0.005309297444128814,-53.092974441288135,0.8299999999999841,-1.036144578313255
2013-07-02,1,601,851,162.1,161.0,162.09,161.02,stop,-1.0999999999999943,-0.006786353260534236,-67.86353260534236,1.0699999999999932,-1.0280373831775713
2013-07-05,-1,600,851,162.08,162.67,162.09,162.64999999999998,stop,-0.589999999999975,-0.0036399531124682275,-36.39953112468228,0.5599999999999739,-1.053571428571433
2013-07-08,1,600,715,164.17999999999998,163.63,164.17,163.65,stop,-0.549999999999983,-0.0033501857830296826,-33.50185783029683,0.5199999999999818,-1.057692307692312
2013-07-09,-1,600,755,164.64000000000001,165.16,164.65,165.14,stop,-0.5199999999999818,-0.00315821439416934,-31.5821439416934,0.4899999999999807,-1.061224489795923
2013-07-10,1,600,618,165.24999999999997,164.94,165.23999999999998,164.96,stop,-0.30999999999997385,-0.0018760590656013913,-18.760590656013914,0.2799999999999727,-1.1071428571428716
2013-07-11,-1,605,865,166.66000000000003,167.18,166.67000000000002,167.16,stop,-0.5199999999999818,-0.0031199376012478654,-31.199376012478655,0.4899999999999807,-1.061224489795923
2013-07-12,1,618,710,167.55999999999997,167.17,167.54999999999998,167.19,stop,-0.38999999999998636,-0.0023276633840643773,-23.276633840643772,0.3599999999999852,-1.08333333333334
2013-07-15,1,692,959,168.14,168.18,168.13,168.19,eod,0.040000000000020464,0.00023791114018926107,2.3791114018926107,0.45999999999997954,0.08695652173917878
2013-07-16,-1,656,959,167.85000000000002,167.53,167.86,167.52,eod,0.3200000000000216,0.0019063505302038698,19.0635053020387,0.5099999999999909,0.6274509803922104
2013-07-17,1,625,711,168.27999999999997,167.73,168.26999999999998,167.75,stop,-0.549999999999983,-0.0032685564865988174,-32.68556486598818,0.5199999999999818,-1.057692307692312
2013-07-18,1,600,959,168.67999999999998,168.88,168.67,168.89,eod,0.20000000000001705,0.001185747317246796,11.857473172467959,0.47999999999998977,0.4166666666667111
2013-07-19,1,612,959,168.7,169.16,168.69,169.17,eod,0.46000000000000796,0.0027268954887664236,27.268954887664236,0.38999999999998636,1.1794871794872412
2013-07-22,-1,601,665,169.04000000000002,169.51,169.05,169.48999999999998,stop,-0.46999999999997044,-0.002780242531795152,-27.802425317951517,0.4399999999999693,-1.0681818181818254
2013-07-23,-1,602,959,169.53000000000003,169.23999999999998,169.54000000000002,169.23,eod,0.2900000000000489,0.001710510793913229,17.10510793913229,0.29999999999998295,0.9666666666668846
2013-07-24,-1,600,959,169.09000000000003,168.54,169.10000000000002,168.53,eod,0.5500000000000398,0.0032525133057364855,32.525133057364854,0.7699999999999818,0.7142857142857828
2013-07-25,1,600,699,168.57,167.94,168.56,167.96,stop,-0.6299999999999955,-0.0037375415282391755,-37.37541528239176,0.5999999999999943,-1.0500000000000023
2013-07-26,1,601,627,168.45999999999998,168.12,168.45,168.14000000000001,stop,-0.339999999999975,-0.0020184030869692788,-20.184030869692787,0.30999999999997385,-1.096774193548399
2013-07-29,-1,612,959,168.61,168.57999999999998,168.62,168.57,eod,0.03000000000002956,0.00017791483809767263,1.7791483809767263,0.44999999999998863,0.06666666666673404
2013-07-30,-1,657,959,168.82000000000002,168.59,168.83,168.58,eod,0.2300000000000182,0.0013623171237340413,13.623171237340413,0.45999999999997954,0.5000000000000618
2013-07-31,1,626,786,169.26989999999998,168.88,169.2599,168.9,stop,-0.38989999999998304,-0.0023035580193535685,-23.035580193535687,0.3598999999999819,-1.0833564879133166
2013-08-01,1,601,959,170.29999999999998,170.65,170.29,170.66,eod,0.35000000000002274,0.002055317399730006,20.55317399730006,0.39999999999997726,0.8750000000001066
2013-08-02,1,612,959,170.40999999999997,170.92000000000002,170.39999999999998,170.93,eod,0.5100000000000477,0.0029929577464791537,29.92957746479154,0.3599999999999568,1.4166666666669694
2013-08-05,1,600,959,170.68999999999997,170.72,170.67999999999998,170.73,eod,0.03000000000002956,0.00017576751816281676,1.7576751816281675,0.339999999999975,0.08823529411774049
2013-08-06,-1,606,959,170.00000000000003,169.76,170.01000000000002,169.75,eod,0.24000000000003752,0.0014116816657845862,14.116816657845863,0.5199999999999818,0.4615384615385498
2013-08-07,-1,600,959,168.82000000000002,169.20999999999998,168.83,169.2,eod,-0.38999999999995794,-0.0023100159924181597,-23.100159924181597,0.6099999999999852,-0.6393442622950285
2013-08-08,-1,605,959,169.67000000000002,169.79999999999998,169.68,169.79,eod,-0.12999999999996703,-0.0007661480433755718,-7.6614804337557185,0.5099999999999909,-0.25490196078425365
2013-08-09,-1,620,959,169.49,169.31,169.5,169.3,eod,0.18000000000000682,0.0010619469026549074,10.619469026549075,0.6099999999999852,0.29508196721313307
2013-08-12,1,601,959,169.07,169.10000000000002,169.06,169.11,eod,0.03000000000002956,0.0001774517922632767,1.774517922632767,0.6899999999999977,0.0434782608696082
2013-08-13,-1,601,760,168.97000000000003,169.53,168.98000000000002,169.51,stop,-0.5599999999999739,-0.0033140016570006735,-33.140016570006736,0.5299999999999727,-1.0566037735849108
2013-08-14,-1,610,959,169.32000000000002,168.75,169.33,168.74,eod,0.5700000000000216,0.0033662079962205253,33.662079962205254,0.47999999999998977,1.1875000000000704
2013-08-15,-1,601,959,166.53000000000003,166.35999999999999,166.54000000000002,166.35,eod,0.17000000000004434,0.0010207757896003621,10.20775789600362,0.8999999999999773,0.18888888888894292
2013-08-16,1,603,785,166.39999999999998,165.84,166.39,165.86,stop,-0.5599999999999739,-0.0033655868742110337,-33.655868742110336,0.5299999999999727,-1.0566037735849108
2013-08-19,1,600,813,166.10999999999999,165.37,166.1,165.39000000000001,stop,-0.7399999999999807,-0.004455147501505001,-44.55147501505001,0.7099999999999795,-1.0422535211267634
2013-08-20,1,600,959,165.17,165.57000000000002,165.16,165.58,eod,0.4000000000000341,0.002421893921046465,24.218939210464647,0.30999999999997385,1.2903225806453802
2013-08-21,1,604,687,165.43999999999997,164.88,165.42999999999998,164.9,stop,-0.5599999999999739,-0.0033851175723869547,-33.851175723869545,0.5299999999999727,-1.0566037735849108
2013-08-22,1,612,959,165.51999999999998,165.98000000000002,165.51,165.99,eod,0.4600000000000364,0.0027792882605282847,27.79288260528285,0.6299999999999955,0.7301587301587932
2013-08-23,-1,601,931,165.99,166.59,166.0,166.57,stop,-0.5999999999999943,-0.003614457831325267,-36.14457831325267,0.5699999999999932,-1.052631578947371
2013-08-26,1,611,914,167.01999999999998,166.5,167.01,166.52,stop,-0.5199999999999818,-0.0031135860128134953,-31.135860128134954,0.4899999999999807,-1.061224489795923
2013-08-27,-1,625,959,164.28000000000003,163.32999999999998,164.29000000000002,163.32,eod,0.9500000000000455,0.005782457848925956,57.82457848925956,0.6999999999999602,1.3571428571429993
2013-08-28,1,619,959,163.79999999999998,163.91,163.79,163.92,eod,0.11000000000001364,0.0006715916722633472,6.715916722633472,0.7499999999999716,0.14666666666669043
2013-08-29,1,613,959,164.43999999999997,164.16,164.42999999999998,164.17,eod,-0.2799999999999727,-0.0017028522775647556,-17.028522775647556,1.0399999999999636,-0.2692307692307524
2013-08-30,-1,600,959,164.02,163.57999999999998,164.03,163.57,eod,0.44000000000002615,0.0026824361397306965,26.824361397306966,0.5099999999999909,0.8627450980392823
2013-09-03,-1,600,959,165.15,164.39,165.16,164.38,eod,0.7600000000000193,0.004601598449988008,46.015984499880076,0.4300000000000068,1.7674418604651332
2013-09-04,1,600,959,164.98,165.75,164.97,165.76,eod,0.7700000000000102,0.00466751530581324,46.6751530581324,0.8449999999999989,0.9112426035503092
2013-09-06,-1,603,828,164.82000000000002,166.72,164.83,166.7,stop,-1.8999999999999773,-0.011527027846872397,-115.27027846872397,1.8699999999999761,-1.0160427807486638
2013-09-09,1,600,959,167.07,167.63,167.06,167.64,eod,0.5600000000000023,0.0033520890697952966,33.520890697952964,0.6299999999999955,0.8888888888888989
2013-09-10,1,606,959,168.70999999999998,168.88,168.7,168.89,eod,0.17000000000001592,0.0010077059869591934,10.077059869591935,0.44999999999998863,0.3777777777778227
2013-09-11,-1,620,691,168.41000000000003,168.87,168.42000000000002,168.85,stop,-0.45999999999997954,-0.0027312670704190685,-27.312670704190683,0.4299999999999784,-1.0697674418604712
2013-09-12,1,625,697,169.46999999999997,169.04,169.45999999999998,169.06,stop,-0.4299999999999784,-0.002537471969786253,-25.37471969786253,0.39999999999997726,-1.075000000000007
2013-09-13,-1,605,959,169.00000000000003,169.35,169.01000000000002,169.34,eod,-0.3499999999999659,-0.0020708833796814737,-20.708833796814737,0.45999999999997954,-0.760869565217351
2013-09-16,-1,602,959,170.55,170.32,170.56,170.31,eod,0.2300000000000182,0.0013484990619138026,13.484990619138026,0.6899999999999977,0.3333333333333608
2013-09-17,1,613,959,170.90999999999997,171.03,170.89999999999998,171.04,eod,0.12000000000003297,0.0007021650087772557,7.0216500877725565,0.4499999999999602,0.26666666666676353
2013-09-18,1,607,626,171.14999999999998,170.89,171.14,170.91,stop,-0.2599999999999909,-0.0015192240271122528,-15.192240271122527,0.22999999999998977,-1.1304347826087064
2013-09-19,-1,617,959,173.04000000000002,172.82,173.05,172.81,eod,0.22000000000002728,0.0012713088702688662,12.713088702688662,0.5599999999999739,0.3928571428572099
2013-09-20,-1,611,959,171.72500000000002,170.72,171.735,170.71,eod,1.0050000000000239,0.0058520394794306565,58.52039479430656,0.6049999999999898,1.661157024793456
2013-09-23,-1,604,959,170.04000000000002,169.94,170.05,169.93,eod,0.10000000000002274,0.000588062334607602,5.88062334607602,0.6099999999999852,0.16393442622954943
2013-09-24,-1,600,646,169.55,169.95,169.56,169.92999999999998,stop,-0.39999999999997726,-0.002359046945034072,-23.59046945034072,0.3699999999999761,-1.0810810810810894
2013-09-25,-1,610,677,169.01000000000002,169.69,169.02,169.67,stop,-0.6799999999999784,-0.00402319252159495,-40.231925215949495,0.6499999999999773,-1.0461538461538495
2013-09-26,1,602,656,169.95,169.29,169.94,169.31,stop,-0.6599999999999966,-0.0038837236671766307,-38.837236671766306,0.6299999999999955,-1.0476190476190497
2013-09-27,-1,602,635,168.57000000000002,169.02,168.58,169.0,stop,-0.44999999999998863,-0.0026693557954679593,-26.693557954679594,0.4199999999999875,-1.0714285714285763
2013-09-30,1,606,959,167.85999999999999,168.0,167.85,168.01,eod,0.14000000000001478,0.0008340780458743806,8.340780458743806,0.7099999999999795,0.1971830985915758
2013-10-01,1,620,959,168.71999999999997,169.32000000000002,168.70999999999998,169.33,eod,0.6000000000000512,0.0035563985537315585,35.56398553731559,0.7199999999999704,0.8333333333334386
2013-10-02,-1,607,678,168.13000000000002,168.61,168.14000000000001,168.59,stop,-0.47999999999998977,-0.002854763887236765,-28.547638872367653,0.44999999999998863,-1.0666666666666709
2013-10-03,-1,600,959,168.23000000000002,167.67999999999998,168.24,167.67,eod,0.5500000000000398,0.0032691393247743683,32.69139324774368,0.7099999999999795,0.774647887324022
2013-10-04,1,605,959,168.29,168.85000000000002,168.28,168.86,eod,0.5600000000000307,0.003327787021630798,33.27787021630798,0.7599999999999909,0.7368421052632071
2013-10-07,1,607,959,167.89999999999998,167.44,167.89,167.45,eod,-0.45999999999997954,-0.0027398892131751717,-27.398892131751715,0.6499999999999773,-0.707692307692301
2013-10-08,-1,648,959,167.03000000000003,165.48999999999998,167.04000000000002,165.48,eod,1.5400000000000489,0.009219348659004123,92.19348659004123,0.589999999999975,2.610169491525617
2013-10-09,-1,646,804,165.15500000000003,165.85,165.16500000000002,165.82999999999998,stop,-0.6949999999999648,-0.004207913298822176,-42.07913298822176,0.6649999999999636,-1.0451127819548913
2013-10-10,1,604,959,167.92,169.15,167.91,169.16,eod,1.2300000000000182,0.007325352867607756,73.25352867607756,0.6899999999999977,1.7826086956522063
2013-10-11,1,600,959,169.54999999999998,170.23000000000002,169.54,170.24,eod,0.6800000000000352,0.004010852896071932,40.10852896071932,0.7799999999999727,0.8717948717949475
2013-10-14,1,692,959,169.68999999999997,170.96,169.67999999999998,170.97,eod,1.2700000000000387,0.007484677039132713,74.84677039132713,0.6099999999999568,2.081967213114965
2013-10-15,1,608,870,170.71999999999997,169.98,170.70999999999998,170.0,stop,-0.7399999999999807,-0.0043348368578289545,-43.348368578289545,0.7099999999999795,-1.0422535211267634
2013-10-16,1,649,959,171.85999999999999,172.06,171.85,172.07,eod,0.20000000000001705,0.001163805644457475,11.63805644457475,1.2249999999999943,0.16326530612246365
2013-10-17,1,605,959,171.83999999999997,173.21,171.82999999999998,173.22,eod,1.370000000000033,0.007972996566373933,79.72996566373934,0.4999999999999716,2.740000000000222
2013-10-18,1,600,634,174.07999999999998,173.49,174.07,173.51000000000002,stop,-0.589999999999975,-0.003389441029470759,-33.89441029470759,0.5599999999999739,-1.053571428571433
2013-10-21,1,603,641,174.7,174.21,174.69,174.23000000000002,stop,-0.4899999999999807,-0.002804968801877501,-28.04968801877501,0.45999999999997954,-1.0652173913043532
2013-10-22,1,601,655,175.48,174.82,175.47,174.84,stop,-0.6599999999999966,-0.00376132672251665,-37.6132672251665,0.6299999999999955,-1.0476190476190497
2013-10-23,-1,600,959,174.17000000000002,174.63,174.18,174.62,eod,-0.45999999999997954,-0.0026409461476632192,-26.409461476632192,0.7199999999999704,-0.6388888888888867
2013-10-24,1,669,959,175.04,175.14000000000001,175.03,175.15,eod,0.10000000000002274,0.0005713306290351525,5.713306290351525,0.5300000000000011,0.18867924528306138
2013-10-25,1,600,622,175.7,175.37,175.69,175.39000000000001,stop,-0.3299999999999841,-0.0018783083840855147,-18.783083840855145,0.29999999999998295,-1.1000000000000094
2013-10-28,1,610,658,176.08499999999998,175.69,176.075,175.71,stop,-0.3949999999999818,-0.0022433622036063146,-22.433622036063145,0.3649999999999807,-1.0821917808219252
2013-10-29,-1,600,748,176.48000000000002,176.9,176.49,176.88,stop,-0.4199999999999875,-0.0023797382287947615,-23.797382287947617,0.38999999999998636,-1.0769230769230824
2013-10-30,-1,608,959,177.11,176.355,177.12,176.345,eod,0.7550000000000239,0.0042626467931347325,42.62646793134733,0.39999999999997726,1.887500000000167
2013-10-31,-1,600,856,175.81500000000003,176.71,175.82500000000002,176.69,stop,-0.8949999999999818,-0.005090288639271899,-50.902886392719,0.8649999999999807,-1.0346820809248576
2013-11-01,1,606,617,176.39999999999998,175.97,176.39,175.99,stop,-0.4299999999999784,-0.002437779919496448,-24.377799194964478,0.39999999999997726,-1.075000000000007
2013-11-04,-1,606,956,176.3,176.83,176.31,176.81,stop,-0.5300000000000011,-0.003006068855992293,-30.06068855992293,0.5,-1.0600000000000023
2013-11-05,-1,601,640,175.65,176.26,175.66,176.23999999999998,stop,-0.6099999999999852,-0.0034726175566434318,-34.726175566434314,0.5799999999999841,-1.0517241379310378
2013-11-06,-1,631,959,176.86,177.16,176.87,177.15,eod,-0.29999999999998295,-0.001696161022219613,-16.96161022219613,0.6399999999999864,-0.46874999999998335
2013-11-07,-1,600,959,177.09000000000003,174.95,177.10000000000002,174.94,eod,2.140000000000043,0.012083568605307978,120.83568605307978,0.5499999999999545,3.890909090909491
2013-11-08,1,616,959,175.54999999999998,177.22,175.54,177.23,eod,1.670000000000016,0.009513501196308624,95.13501196308624,0.6999999999999886,2.3857142857143474
2013-11-12,1,618,707,177.23999999999998,176.71,177.23,176.73000000000002,stop,-0.5299999999999727,-0.0029904643683347784,-29.904643683347786,0.4999999999999716,-1.0600000000000056
2013-11-13,1,600,959,176.73,178.35000000000002,176.72,178.36,eod,1.620000000000033,0.009167043911272255,91.67043911272255,0.6399999999999864,2.5312500000001057
2013-11-14,-1,608,634,178.28000000000003,178.78,178.29000000000002,178.76,stop,-0.4999999999999716,-0.0028044197655503478,-28.044197655503478,0.46999999999997044,-1.063829787234049
2013-11-15,1,612,959,179.61999999999998,180.05,179.60999999999999,180.06,eod,0.43000000000003524,0.002394076053672041,23.94076053672041,0.2899999999999636,1.4827586206899628
2013-11-18,-1,600,959,179.89000000000001,179.48,179.9,179.47,eod,0.410000000000025,0.0022790439132852973,22.790439132852974,0.6099999999999852,0.6721311475410409
2013-11-19,1,600,809,179.51,178.85,179.5,178.87,stop,-0.6599999999999966,-0.0036768802228412064,-36.76880222841206,0.6299999999999955,-1.0476190476190497
2013-11-20,1,620,840,179.55999999999997,179.06,179.54999999999998,179.08,stop,-0.4999999999999716,-0.002784739626844732,-27.84739626844732,0.46999999999997044,-1.063829787234049
2013-11-21,1,612,959,179.38,179.87,179.37,179.88,eod,0.4900000000000091,0.002731783464347489,27.31783464347489,0.5199999999999818,0.9423076923077428
2013-11-22,1,612,959,180.1,180.75,180.09,180.76,eod,0.6500000000000057,0.0036093064578822014,36.093064578822016,0.3299999999999841,1.9696969696970819
2013-11-25,-1,600,959,180.82000000000002,180.665,180.83,180.655,eod,0.15500000000002956,0.0008571586573026021,8.571586573026021,0.3499999999999659,0.44285714285727046
2013-11-26,-1,601,738,180.63000000000002,180.97,180.64000000000001,180.95,stop,-0.339999999999975,-0.0018821966341894096,-18.821966341894097,0.30999999999997385,-1.096774193548399
2013-12-02,-1,600,716,180.65,181.25,180.66,181.23,stop,-0.5999999999999943,-0.003321155762205216,-33.21155762205216,0.5699999999999932,-1.052631578947371
2013-12-03,1,600,687,180.30999999999997,179.81,180.29999999999998,179.83,stop,-0.4999999999999716,-0.002773155851358689,-27.73155851358689,0.46999999999997044,-1.063829787234049
2013-12-04,1,600,803,179.46999999999997,179.0,179.45999999999998,179.02,stop,-0.46999999999997044,-0.0026189680151564167,-26.189680151564165,0.4399999999999693,-1.0681818181818254
2013-12-05,1,602,646,179.64,179.04,179.63,179.06,stop,-0.5999999999999943,-0.0033401992985581156,-33.40199298558115,0.5699999999999932,-1.052631578947371
2013-12-06,-1,632,759,180.34000000000003,180.83,180.35000000000002,180.81,stop,-0.4899999999999807,-0.00271693928472404,-27.169392847240402,0.45999999999997954,-1.0652173913043532
2013-12-09,1,600,630,181.67,181.2,181.66,181.22,stop,-0.46999999999999886,-0.002587250908290206,-25.872509082902063,0.4399999999999977,-1.068181818181821
2013-12-10,1,602,711,181.21999999999997,180.82,181.20999999999998,180.84,stop,-0.39999999999997726,-0.0022073836984712616,-22.073836984712617,0.3699999999999761,-1.0810810810810894
2013-12-11,-1,606,959,180.00000000000003,178.69,180.01000000000002,178.68,eod,1.3100000000000307,0.007277373479251323,72.77373479251322,0.8499999999999659,1.5411764705883333
2013-12-12,-1,615,959,178.27,178.19,178.28,178.18,eod,0.0800000000000125,0.00044873233116453056,4.487323311645306,0.5900000000000034,0.13559322033900345
2013-12-13,-1,617,959,177.98000000000002,178.12,177.99,178.11,eod,-0.13999999999998636,-0.0007865610427551343,-7.865610427551342,0.6799999999999784,-0.20588235294116294
2013-12-16,1,601,959,179.79,179.19,179.78,179.2,eod,-0.5999999999999943,-0.0033374123929246543,-33.374123929246544,0.8899999999999864,-0.6741573033707905
2013-12-17,-1,649,959,178.60000000000002,178.64,178.61,178.63,eod,-0.03999999999996362,-0.00022395162644848338,-2.2395162644848337,0.8099999999999739,-0.049382716049339394
2013-12-18,-1,651,842,178.72000000000003,179.12,178.73000000000002,179.1,stop,-0.39999999999997726,-0.0022380126447713155,-22.380126447713156,0.3699999999999761,-1.0810810810810894
2013-12-19,-1,601,715,180.99,181.45,181.0,181.42999999999998,stop,-0.45999999999997954,-0.002541436464088285,-25.414364640882848,0.4299999999999784,-1.0697674418604712
2013-12-20,1,607,959,181.45999999999998,181.54000000000002,181.45,181.55,eod,0.08000000000004093,0.0004408928079362961,4.408928079362961,0.799999999999983,0.1000000000000533
2013-12-23,-1,600,691,182.16000000000003,182.55,182.17000000000002,182.53,stop,-0.38999999999998636,-0.002140857440851876,-21.408574408518763,0.3599999999999852,-1.08333333333334
2013-12-26,1,625,959,183.51,183.86,183.5,183.87,eod,0.35000000000002274,0.0019073569482290068,19.07356948229007,0.18999999999999773,1.8421052631580364
2013-12-27,-1,630,959,183.97000000000003,183.84,183.98000000000002,183.83,eod,0.13000000000002387,0.0007065985433200557,7.065985433200558,0.20999999999997954,0.619047619047793
2013-12-30,-1,600,959,183.65,183.82,183.66,183.81,eod,-0.1699999999999875,-0.0009256234346073587,-9.256234346073587,0.37000000000000455,-0.45945945945942
2013-12-31,1,600,887,184.2,183.94,184.19,183.96,stop,-0.2599999999999909,-0.0014115858624246208,-14.115858624246208,0.22999999999998977,-1.1304347826087064
2014-01-02,-1,603,959,183.27,182.95999999999998,183.28,182.95,eod,0.3100000000000307,0.0016914011348757676,16.914011348757676,0.799999999999983,0.38750000000004664
2014-01-03,1,602,677,183.54999999999998,183.07,183.54,183.09,stop,-0.47999999999998977,-0.0026152337365151455,-26.152337365151457,0.44999999999998863,-1.0666666666666709
2014-01-06,-1,601,959,182.70000000000002,182.41,182.71,182.4,eod,0.29000000000002046,0.0015872147118385445,15.872147118385445,0.8599999999999852,0.33720930232561097
2014-01-07,1,600,959,183.52999999999997,183.43,183.51999999999998,183.44,eod,-0.0999999999999659,-0.0005448997384479398,-5.448997384479398,0.5799999999999841,-0.1724137931033942
2014-01-08,1,620,959,183.6,183.52,183.59,183.53,eod,-0.07999999999998408,-0.00043575358134966,-4.3575358134966,0.710000000000008,-0.11267605633800448
2014-01-09,-1,608,959,183.75000000000003,183.64,183.76000000000002,183.63,eod,0.11000000000004206,0.0005986068785374513,5.986068785374513,0.38999999999995794,0.2820512820514203
2014-01-10,-1,600,959,183.65,184.07999999999998,183.66,184.07,eod,-0.4299999999999784,-0.0023412828051833736,-23.412828051833735,0.5699999999999932,-0.7543859649122518
2014-01-13,1,607,745,184.01999999999998,183.58,184.01,183.60000000000002,stop,-0.4399999999999693,-0.0023911743926958826,-23.911743926958827,0.40999999999996817,-1.0731707317073256
2014-01-14,1,608,959,182.57999999999998,183.67000000000002,182.57,183.68,eod,1.0900000000000318,0.00597031275675101,59.7031275675101,0.6299999999999955,1.730158730158793
2014-01-15,1,600,959,184.33999999999997,184.66,184.32999999999998,184.67,eod,0.3200000000000216,0.0017360169261651473,17.360169261651475,0.3299999999999841,0.969696969697082
2014-01-16,-1,650,801,184.01000000000002,184.51,184.02,184.48999999999998,stop,-0.4999999999999716,-0.002717095967829429,-27.17095967829429,0.46999999999997044,-1.063829787234049
2014-01-17,1,663,909,184.32,183.75,184.31,183.77,stop,-0.5699999999999932,-0.0030926157018067017,-30.926157018067016,0.539999999999992,-1.0555555555555585
2014-01-21,-1,603,959,184.48000000000002,184.2,184.49,184.19,eod,0.28000000000002956,0.0015176974361755626,15.176974361755626,0.28999999999999204,0.9655172413794387
2014-01-22,-1,615,939,184.09000000000003,184.55,184.10000000000002,184.53,stop,-0.45999999999997954,-0.002498642042368167,-24.98642042368167,0.4299999999999784,-1.0697674418604712
2014-01-23,-1,605,959,182.71,182.79,182.72,182.78,eod,-0.07999999999998408,-0.00043782837127837173,-4.378283712783717,0.6899999999999977,-0.11594202898548456
2014-01-24,-1,617,959,180.96,178.89999999999998,180.97,178.89,eod,2.0600000000000307,0.011383102171630827,113.83102171630827,0.6999999999999886,2.9428571428572345
2014-01-27,-1,614,959,178.86,178.01999999999998,178.87,178.01,eod,0.8400000000000318,0.004696148040476501,46.96148040476501,0.6599999999999966,1.2727272727273276
2014-01-28,1,600,959,178.95999999999998,179.06,178.95,179.07,eod,0.10000000000002274,0.0005588153115396633,5.588153115396633,0.839999999999975,0.11904761904764966
2014-01-29,1,601,849,178.23,177.24,178.22,177.26000000000002,stop,-0.9899999999999807,-0.005554932106385258,-55.549321063852574,0.9599999999999795,-1.0312500000000018
2014-01-30,-1,600,680,178.44000000000003,179.02,178.45000000000002,179.0,stop,-0.5799999999999841,-0.0032502101428970804,-32.5021014289708,0.549999999999983,-1.0545454545454582
2014-01-31,1,602,959,177.73,178.09,177.72,178.1,eod,0.36000000000001364,0.002025658338960239,20.256583389602387,0.8100000000000023,0.44444444444446
2014-02-03,-1,600,959,177.38000000000002,174.17999999999998,177.39000000000001,174.17,eod,3.2000000000000455,0.018039348328541885,180.39348328541885,0.9899999999999807,3.2323232323233415
2014-02-04,1,663,959,175.31499999999997,175.38,175.30499999999998,175.39,eod,0.06500000000002615,0.00037078235076025304,3.7078235076025305,0.9749999999999659,0.06666666666669582
2014-02-05,1,602,612,175.20999999999998,174.34,175.2,174.36,stop,-0.8699999999999761,-0.0049657534246573985,-49.65753424657399,0.839999999999975,-1.035714285714288
2014-02-06,1,604,707,176.48999999999998,175.55,176.48,175.57000000000002,stop,-0.9399999999999693,-0.005326382592928203,-53.263825929282035,0.9099999999999682,-1.0329670329670353
2014-02-07,-1,614,710,178.04000000000002,178.9,178.05,178.88,stop,-0.8599999999999852,-0.004830103903397839,-48.30103903397839,0.8299999999999841,-1.036144578313255
2014-02-10,-1,646,853,179.32000000000002,179.87,179.33,179.85,stop,-0.549999999999983,-0.003066971505046467,-30.669715050464667,0.5199999999999818,-1.057692307692312
2014-02-11,1,623,959,180.74999999999997,181.94,180.73999999999998,181.95,eod,1.1900000000000261,0.0065840433772271015,65.84043377227101,0.6899999999999693,1.724637681159535
2014-02-12,1,600,622,182.82999999999998,182.18,182.82,182.20000000000002,stop,-0.6499999999999773,-0.003555409692593684,-35.55409692593684,0.6199999999999761,-1.0483870967741973
2014-02-13,1,602,959,181.63,183.04000000000002,181.62,183.05,eod,1.410000000000025,0.007763462173769546,77.63462173769545,0.799999999999983,1.7625000000000688
2014-02-14,1,610,959,183.24999999999997,184.0,183.23999999999998,184.01,eod,0.7500000000000284,0.004092992796332834,40.92992796332834,0.5799999999999841,1.2931034482759465
2014-02-18,-1,600,691,183.88000000000002,184.49,183.89000000000001,184.47,stop,-0.6099999999999852,-0.003317200500299011,-33.17200500299011,0.5799999999999841,-1.0517241379310378
2014-02-19,1,600,742,184.48,183.60999999999999,184.47,183.63,stop,-0.8700000000000045,-0.0047162140185396245,-47.16214018539625,0.8400000000000034,-1.035714285714287
2014-02-20,-1,600,633,182.83,183.67,182.84,183.64999999999998,stop,-0.839999999999975,-0.004594180704440905,-45.941807044409046,0.8099999999999739,-1.0370370370370396
2014-02-21,1,600,863,184.73999999999998,184.13,184.73,184.15,stop,-0.6099999999999852,-0.0033021166026091335,-33.021166026091336,0.5799999999999841,-1.0517241379310378
2014-02-24,1,636,959,185.46999999999997,184.98000000000002,185.45999999999998,184.99,eod,-0.48999999999995225,-0.0026420791545344133,-26.420791545344134,1.2699999999999818,-0.38582677165351126
2014-02-25,-1,604,674,184.26500000000001,185.29,184.275,185.26999999999998,stop,-1.0249999999999773,-0.005562338895672105,-55.62338895672105,0.9949999999999761,-1.0301507537688461
2014-02-26,1,625,868,185.38,184.51,185.37,184.53,stop,-0.8700000000000045,-0.004693316070561604,-46.93316070561604,0.8400000000000034,-1.035714285714287
2014-02-27,1,635,959,185.07,185.83,185.06,185.84,eod,0.7600000000000193,0.004106776180698256,41.06776180698256,0.6999999999999886,1.085714285714331
2014-02-28,1,600,902,186.48,185.71,186.47,185.73000000000002,stop,-0.7699999999999818,-0.004129350565774558,-41.29350565774558,0.7399999999999807,-1.0405405405405432
2014-03-03,1,600,671,185.42999999999998,184.38,185.42,184.4,stop,-1.049999999999983,-0.00566281954481708,-56.6281954481708,1.0199999999999818,-1.029411764705884
2014-03-04,1,600,959,187.32,187.68,187.31,187.69,eod,0.36000000000001364,0.0019219475735412612,19.219475735412612,0.5699999999999932,0.6315789473684525
2014-03-05,1,626,959,187.92,187.72,187.91,187.73,eod,-0.19999999999998863,-0.0010643393113724052,-10.643393113724052,0.46999999999999886,-0.4255319148935939
2014-03-06,-1,617,959,188.13000000000002,188.19,188.14000000000001,188.18,eod,-0.05999999999997385,-0.00031891144892087726,-3.1891144892087726,0.47999999999998977,-0.1249999999999482
2014-03-07,-1,661,959,187.88000000000002,188.22,187.89000000000001,188.21,eod,-0.339999999999975,-0.001809569428921044,-18.095694289210442,1.079999999999984,-0.3148148148147963
2014-03-10,-1,611,951,187.68,188.25,187.69,188.23,stop,-0.5699999999999932,-0.003036922585113715,-30.36922585113715,0.539999999999992,-1.0555555555555585
2014-03-11,-1,603,650,187.66000000000003,188.51,187.67000000000002,188.48999999999998,stop,-0.8499999999999659,-0.004529226834336686,-45.29226834336686,0.8199999999999648,-1.0365853658536615
2014-03-12,1,605,959,186.64,187.25,186.63,187.26,eod,0.6100000000000136,0.0032684991694797924,32.68499169479792,0.7399999999999807,0.8243243243243643
2014-03-13,-1,611,959,187.48000000000002,185.2,187.49,185.19,eod,2.2800000000000296,0.01216064856792378,121.6064856792378,0.5099999999999909,4.470588235294255
2014-03-14,1,609,671,185.73,184.76,185.72,184.78,stop,-0.9699999999999989,-0.005222916217962518,-52.22916217962518,0.9399999999999977,-1.0319148936170226
2014-03-17,1,602,959,186.55999999999997,186.33,186.54999999999998,186.34,eod,-0.22999999999996135,-0.0012329134280351722,-12.329134280351722,1.049999999999983,-0.2190476190475858
2014-03-18,1,600,959,187.29,187.68,187.28,187.69,eod,0.3900000000000148,0.0020824434002563795,20.824434002563795,0.7800000000000011,0.5000000000000182
2014-03-19,1,604,841,187.92,187.41,187.91,187.43,stop,-0.5099999999999909,-0.0027140652439997387,-27.140652439997385,0.47999999999998977,-1.0625000000000038
2014-03-20,1,605,959,186.57,187.75,186.56,187.76,eod,1.1800000000000068,0.006325042881646692,63.250428816466915,0.6500000000000057,1.81538461538461
2014-03-21,-1,601,959,187.65,186.22,187.66,186.21,eod,1.4300000000000068,0.007620164126611994,76.20164126611994,0.5199999999999818,2.7500000000001092
2014-03-24,-1,600,959,186.17000000000002,185.42,186.18,185.41,eod,0.7500000000000284,0.004028359651949878,40.28359651949878,0.8999999999999773,0.833333333333386
2014-03-25,1,601,625,186.77999999999997,186.33,186.76999999999998,186.35000000000002,stop,-0.4499999999999602,-0.002409380521496816,-24.093805214968157,0.4199999999999591,-1.0714285714285812
2014-03-26,-1,600,959,186.78000000000003,184.97,186.79000000000002,184.96,eod,1.8100000000000307,0.009690026232667865,96.90026232667866,0.5599999999999739,3.232142857143063
2014-03-27,1,608,959,184.95999999999998,184.61,184.95,184.62,eod,-0.3499999999999659,-0.0018924033522571826,-18.924033522571825,1.0599999999999739,-0.33018867924525896
2014-03-28,1,600,859,186.05999999999997,185.02,186.04999999999998,185.04000000000002,stop,-1.0399999999999636,-0.005589895189465003,-55.898951894650025,1.0099999999999625,-1.029702970297032
2014-03-31,1,600,683,187.10999999999999,186.57,187.1,186.59,stop,-0.539999999999992,-0.002886157135221764,-28.86157135221764,0.5099999999999909,-1.058823529411768
2014-04-01,1,600,720,188.01999999999998,187.5,188.01,187.52,stop,-0.5199999999999818,-0.00276581032923771,-27.6581032923771,0.4899999999999807,-1.061224489795923
2014-04-02,1,629,959,188.60999999999999,188.87,188.6,188.88,eod,0.2600000000000193,0.0013785790031814386,13.785790031814386,0.46999999999999886,0.5531914893617446
2014-04-03,-1,605,959,188.84500000000003,188.64,188.85500000000002,188.63,eod,0.20500000000004093,0.001085488867120494,10.85488867120494,0.3749999999999716,0.5466666666668173
2014-04-04,-1,668,959,188.64000000000001,186.39999999999998,188.65,186.39,eod,2.2400000000000375,0.011873840445269216,118.73840445269215,1.0599999999999739,2.113207547169899
2014-04-07,1,611,655,186.07,185.19,186.06,185.21,stop,-0.8799999999999955,-0.0047296570998602355,-47.296570998602355,0.8499999999999943,-1.0352941176470605
2014-04-08,-1,621,664,184.04000000000002,184.79,184.05,184.76999999999998,stop,-0.7499999999999716,-0.00407497962510172,-40.749796251017194,0.7199999999999704,-1.0416666666666698
2014-04-09,-1,610,632,185.09000000000003,185.73,185.10000000000002,185.70999999999998,stop,-0.6399999999999579,-0.0034575904916259205,-34.575904916259205,0.6099999999999568,-1.0491803278688578
2014-04-10,-1,602,959,186.57000000000002,183.16,186.58,183.15,eod,3.410000000000025,0.018276342587630105,182.76342587630106,0.5999999999999659,5.683333333333698
2014-04-11,-1,619,652,181.84000000000003,183.01,181.85000000000002,182.98999999999998,stop,-1.169999999999959,-0.006433874072037168,-64.33874072037167,1.139999999999958,-1.026315789473686
2014-04-14,-1,600,651,182.17000000000002,183.06,182.18,183.04,stop,-0.8899999999999864,-0.004885278296190506,-48.852782961905056,0.8599999999999852,-1.0348837209302344
2014-04-15,-1,620,951,183.13000000000002,184.32,183.14000000000001,184.29999999999998,stop,-1.1899999999999693,-0.006497761275526751,-64.97761275526751,1.1599999999999682,-1.025862068965519
2014-04-16,-1,644,727,184.76000000000002,185.69,184.77,185.67,stop,-0.9299999999999784,-0.005033284624127176,-50.33284624127176,0.8999999999999773,-1.0333333333333354
2014-04-17,1,629,959,186.2,186.38,186.19,186.39,eod,0.18000000000000682,0.0009667543906762276,9.667543906762276,0.6399999999999864,0.28125000000001665
2014-04-21,1,600,636,186.85999999999999,186.31,186.85,186.33,stop,-0.549999999999983,-0.0029435375970028525,-29.435375970028524,0.5199999999999818,-1.057692307692312
2014-04-22,1,600,959,187.68999999999997,187.85000000000002,187.67999999999998,187.86,eod,0.16000000000005343,0.0008525149190113675,8.525149190113675,0.5599999999999739,0.28571428571439444
2014-04-23,-1,600,959,187.47000000000003,187.47,187.48000000000002,187.46,eod,2.842170943040401e-14,1.5159862081504164e-16,1.5159862081504163e-12,0.4499999999999602,6.315935428979226e-14
2014-04-24,-1,607,959,187.04000000000002,187.82999999999998,187.05,187.82,eod,-0.7899999999999636,-0.004223469660518384,-42.234696605183835,1.349999999999966,-0.585185185185173
2014-04-25,-1,600,959,186.71,186.32,186.72,186.31,eod,0.3900000000000148,0.0020886889460155033,20.886889460155032,0.6200000000000045,0.6290322580645353
2014-04-28,1,613,716,187.24999999999997,186.37,187.23999999999998,186.39000000000001,stop,-0.879999999999967,-0.004699850459303392,-46.99850459303392,0.8499999999999659,-1.0352941176470616
2014-04-29,-1,615,755,187.33,188.0,187.34,187.98,stop,-0.6699999999999875,-0.0035763851820219254,-35.76385182021925,0.6399999999999864,-1.0468750000000029
2014-04-30,-1,604,625,187.20000000000002,187.74,187.21,187.72,stop,-0.539999999999992,-0.0028844613001441804,-28.844613001441804,0.5099999999999909,-1.058823529411768
2014-05-01,-1,601,652,187.98000000000002,188.56,187.99,188.54,stop,-0.5799999999999841,-0.003085270493111251,-30.85270493111251,0.549999999999983,-1.0545454545454582
2014-05-02,1,608,649,188.95,188.06,188.94,188.08,stop,-0.8899999999999864,-0.004710490102678027,-47.10490102678027,0.8599999999999852,-1.0348837209302344
2014-05-05,1,600,959,187.42,188.43,187.41,188.44,eod,1.0100000000000193,0.005389253508350778,53.89253508350778,0.799999999999983,1.262500000000051
2014-05-06,1,630,660,188.04999999999998,187.48,188.04,187.5,stop,-0.5699999999999932,-0.0030312699425653756,-30.312699425653758,0.539999999999992,-1.0555555555555585
2014-05-07,-1,606,705,186.895,187.72,186.905,187.7,stop,-0.8249999999999886,-0.004414007115914441,-44.14007115914441,0.7949999999999875,-1.0377358490566058
2014-05-08,1,601,887,188.67,187.51,188.66,187.53,stop,-1.1599999999999966,-0.006148627159970299,-61.486271599702995,1.1299999999999955,-1.0265486725663728
2014-05-09,-1,670,758,186.83,187.77,186.84,187.75,stop,-0.9399999999999977,-0.005031042603296927,-50.31042603296927,0.9099999999999966,-1.0329670329670344
2014-05-12,1,609,959,189.40999999999997,189.77,189.39999999999998,189.78,eod,0.36000000000004206,0.0019007391763465793,19.007391763465794,0.6599999999999682,0.5454545454546355
2014-05-13,1,616,705,190.30999999999997,189.81,190.29999999999998,189.83,stop,-0.4999999999999716,-0.002627430373094964,-26.274303730949637,0.46999999999997044,-1.063829787234049
2014-05-14,-1,619,959,189.38000000000002,189.06,189.39000000000001,189.05,eod,0.3200000000000216,0.0016896351444111177,16.896351444111176,0.4999999999999716,0.6400000000000796
2014-05-15,-1,607,959,187.60000000000002,187.39,187.61,187.38,eod,0.21000000000003638,0.001119343318586623,11.193433185866231,1.1199999999999761,0.18750000000003647
2014-05-16,-1,605,694,186.91000000000003,187.56,186.92000000000002,187.54,stop,-0.6499999999999773,-0.003477423496682951,-34.77423496682951,0.6199999999999761,-1.0483870967741973
2014-05-19,1,620,959,188.40999999999997,188.73000000000002,188.39999999999998,188.74,eod,0.32000000000005,0.0016985138004248941,16.98513800424894,0.8899999999999579,0.359550561797826
2014-05-21,1,635,959,188.85,189.11,188.84,189.12,eod,0.2600000000000193,0.0013768269434442878,13.768269434442878,0.789999999999992,0.3291139240506607
2014-05-22,1,649,959,189.57,189.585,189.56,189.595,eod,0.01500000000001478,7.913061827397542e-05,0.7913061827397542,0.7099999999999795,0.021126760563401705
2014-05-23,1,600,959,189.93999999999997,190.36,189.92999999999998,190.37,eod,0.42000000000004434,0.0022113410203761616,22.113410203761617,0.2599999999999625,1.615384615385019
2014-05-27,1,614,959,191.30999999999997,191.53,191.29999999999998,191.54,eod,0.22000000000002728,0.001150026136957801,11.50026136957801,0.3599999999999852,0.611111111111212
2014-05-28,-1,600,734,191.32000000000002,191.76,191.33,191.73999999999998,stop,-0.4399999999999693,-0.002299691632258241,-22.99691632258241,0.40999999999996817,-1.0731707317073256
2014-05-29,-1,607,863,191.64000000000001,191.99,191.65,191.97,stop,-0.3499999999999943,-0.0018262457605008834,-18.262457605008834,0.3199999999999932,-1.0937500000000056
2014-05-30,1,602,959,192.32,192.64000000000001,192.31,192.65,eod,0.3200000000000216,0.0016639800322397254,16.639800322397253,0.28999999999999204,1.1034482758621738
2014-06-02,-1,600,946,192.46,193.01,192.47,192.98999999999998,stop,-0.549999999999983,-0.002857588195562856,-28.57588195562856,0.5199999999999818,-1.057692307692312
2014-06-03,1,602,701,192.71999999999997,192.25,192.70999999999998,192.27,stop,-0.46999999999997044,-0.002438897825748381,-24.38897825748381,0.4399999999999693,-1.0681818181818254
2014-06-04,1,600,959,192.70999999999998,193.16,192.7,193.17,eod,0.45000000000001705,0.0023352361183187186,23.352361183187185,0.4449999999999932,1.0112359550562335
2014-06-05,-1,609,666,192.98000000000002,193.58950000000002,192.99,193.5695,stop,-0.609499999999997,-0.0031581947251152756,-31.581947251152755,0.5794999999999959,-1.0517687661777417
2014-06-06,1,600,959,195.20999999999998,195.37,195.2,195.38,eod,0.160000000000025,0.0008196721311476691,8.196721311476692,0.4299999999999784,0.37209302325589083
2014-06-09,1,649,851,195.73999999999998,195.26,195.73,195.28,stop,-0.47999999999998977,-0.002452357839881417,-24.52357839881417,0.44999999999998863,-1.0666666666666709
2014-06-10,-1,602,654,195.15,195.5,195.16,195.48,stop,-0.3499999999999943,-0.0017934002869440168,-17.934002869440167,0.3199999999999932,-1.0937500000000056
2014-06-11,-1,631,959,194.78000000000003,194.95,194.79000000000002,194.94,eod,-0.16999999999995907,-0.0008727347399761746,-8.727347399761747,0.339999999999975,-0.4999999999999164
2014-06-12,-1,615,959,194.39000000000001,193.54,194.4,193.53,eod,0.8500000000000227,0.004372427983539212,43.72427983539212,0.4099999999999966,2.07317073170739
2014-06-13,-1,602,624,193.42000000000002,193.97,193.43,193.95,stop,-0.549999999999983,-0.0028434058832651756,-28.434058832651758,0.5199999999999818,-1.057692307692312
2014-06-16,1,603,694,194.43999999999997,193.7,194.42999999999998,193.72,stop,-0.7399999999999807,-0.003805997016921158,-38.05997016921158,0.7099999999999795,-1.0422535211267634
2014-06-17,1,603,959,194.48999999999998,194.81,194.48,194.82,eod,0.3200000000000216,0.0016454134101194036,16.454134101194036,0.6799999999999784,0.4705882352941644
2014-06-18,-1,657,841,194.66000000000003,195.11,194.67000000000002,195.09,stop,-0.44999999999998863,-0.0023116042533517676,-23.116042533517675,0.4199999999999875,-1.0714285714285763
2014-06-19,-1,602,959,196.25500000000002,196.5,196.26500000000001,196.49,eod,-0.24499999999997613,-0.0012483122309121652,-12.48312230912165,0.34499999999997044,-0.7101449275362235
2014-06-20,-1,626,664,195.75000000000003,196.07,195.76000000000002,196.04999999999998,stop,-0.31999999999996476,-0.001634654679198839,-16.34654679198839,0.2899999999999636,-1.1034482758620858
2014-06-23,1,600,689,196.01999999999998,195.58,196.01,195.60000000000002,stop,-0.4399999999999693,-0.00224478342941671,-22.447834294167098,0.40999999999996817,-1.0731707317073256
2014-06-24,1,604,867,195.89,195.49,195.88,195.51000000000002,stop,-0.39999999999997726,-0.0020420665713701104,-20.420665713701105,0.3699999999999761,-1.0810810810810894
2014-06-25,1,651,959,195.11999999999998,195.55,195.10999999999999,195.56,eod,0.43000000000003524,0.002203884987955693,22.03884987955693,0.8699999999999761,0.49425287356327247
2014-06-27,1,641,797,195.39,194.95,195.38,194.97,stop,-0.4399999999999977,-0.0022520217013000192,-22.52021701300019,0.4099999999999966,-1.0731707317073205
2014-06-30,1,600,945,195.85,195.52,195.84,195.54000000000002,stop,-0.3299999999999841,-0.001685049019607762,-16.85049019607762,0.29999999999998295,-1.1000000000000094
2014-07-01,1,601,959,196.64,197.05,196.63,197.06,eod,0.410000000000025,0.002085134516604918,20.851345166049178,0.5099999999999909,0.8039215686275144
2014-07-02,1,642,959,197.35,197.23000000000002,197.34,197.24,eod,-0.11999999999997613,-0.0006080875646091828,-6.080875646091828,0.38999999999998636,-0.30769230769225725
2014-07-07,1,611,656,197.88,197.51,197.87,197.53,stop,-0.37000000000000455,-0.0018699145903876512,-18.699145903876513,0.3400000000000034,-1.0882352941176494
2014-07-08,-1,604,959,196.45000000000002,196.28,196.46,196.27,eod,0.17000000000001592,0.0008653160948794458,8.653160948794458,0.7699999999999818,0.22077922077924667
2014-07-09,-1,601,859,196.41000000000003,197.03,196.42000000000002,197.01,stop,-0.6199999999999761,-0.0031565013746053154,-31.565013746053154,0.589999999999975,-1.0508474576271227
2014-07-10,1,605,959,195.61999999999998,196.32500000000002,195.60999999999999,196.335,eod,0.7050000000000409,0.0036041102193141504,36.041102193141505,0.5599999999999739,1.2589285714287033
2014-07-14,1,653,959,197.79999999999998,197.58,197.79,197.59,eod,-0.21999999999997044,-0.0011122908134889046,-11.122908134889046,0.3599999999999852,-0.6111111111110541
2014-07-15,-1,613,959,197.60000000000002,197.23999999999998,197.61,197.23,eod,0.36000000000004206,0.001821770153332534,18.21770153332534,0.4999999999999716,0.7200000000001251
2014-07-16,-1,642,959,197.72000000000003,197.98,197.73000000000002,197.97,eod,-0.2599999999999625,-0.0013149243918472789,-13.14924391847279,0.5399999999999636,-0.48148148148144443
2014-07-17,1,600,674,197.92,197.27,197.91,197.29000000000002,stop,-0.6499999999999773,-0.0032843211560809322,-32.84321156080932,0.6199999999999761,-1.0483870967741973
2014-07-18,1,630,959,196.64,197.71,196.63,197.72,eod,1.0700000000000216,0.0054416925189443195,54.4169251894432,0.39999999999997726,2.675000000000206
2014-07-21,-1,611,809,196.82000000000002,197.32,196.83,197.29999999999998,stop,-0.4999999999999716,-0.0025402631712643986,-25.402631712643984,0.46999999999997044,-1.063829787234049
2014-07-22,1,602,959,198.24999999999997,198.18,198.23999999999998,198.19,eod,-0.06999999999996476,-0.0003531073446325906,-3.531073446325906,0.37999999999996703,-0.18421052631571272
2014-07-23,1,630,959,198.63,198.64000000000001,198.62,198.65,eod,0.010000000000019327,5.034739703967036e-05,0.5034739703967036,0.5300000000000011,0.018867924528338312
2014-07-24,-1,600,685,198.58,198.985,198.59,198.965,stop,-0.40500000000000114,-0.0020393776121657744,-20.393776121657744,0.375,-1.080000000000003
2014-07-25,1,623,660,198.21999999999997,197.72,198.20999999999998,197.74,stop,-0.4999999999999716,-0.0025225770647291845,-25.225770647291846,0.46999999999997044,-1.063829787234049
2014-07-28,-1,603,813,196.89990000000003,197.83,196.90990000000002,197.81,stop,-0.9300999999999817,-0.004723480129744526,-47.234801297445266,0.9000999999999806,-1.0333296300411086
2014-07-29,1,608,667,198.36499999999998,197.8,198.355,197.82000000000002,stop,-0.5649999999999693,-0.002848428322956161,-28.48428322956161,0.5349999999999682,-1.0560747663551457
2014-07-30,-1,601,959,197.16000000000003,197.0,197.17000000000002,196.99,eod,0.160000000000025,0.000811482477050388,8.11482477050388,0.7499999999999716,0.21333333333337476
2014-07-31,-1,600,959,195.20000000000002,193.06,195.21,193.05,eod,2.140000000000015,0.010962553147892089,109.62553147892089,0.5799999999999841,3.6896551724139197
2014-08-01,1,600,669,193.55999999999997,192.43,193.54999999999998,192.45000000000002,stop,-1.129999999999967,-0.0058382846809608225,-58.382846809608225,1.099999999999966,-1.0272727272727291
2014-08-04,1,602,618,193.07,192.6,193.06,192.62,stop,-0.46999999999999886,-0.002434476328602501,-24.34476328602501,0.4399999999999977,-1.068181818181821
2014-08-05,-1,604,631,192.60000000000002,193.44,192.61,193.42,stop,-0.839999999999975,-0.00436114428118984,-43.6114428118984,0.8099999999999739,-1.0370370370370396
2014-08-06,1,604,959,192.13,192.04000000000002,192.12,192.05,eod,-0.08999999999997499,-0.0004684572142409691,-4.684572142409691,1.049999999999983,-0.08571428571426329
2014-08-07,-1,644,959,192.39000000000001,191.01999999999998,192.4,191.01,eod,1.370000000000033,0.007120582120582292,71.20582120582291,0.7399999999999807,1.8513513513514444
2014-08-08,1,605,628,191.63,190.96,191.62,190.98000000000002,stop,-0.6699999999999875,-0.003496503496503431,-34.96503496503431,0.6399999999999864,-1.0468750000000029
2014-08-11,1,601,841,194.23999999999998,193.7401,194.23,193.76010000000002,stop,-0.49989999999996826,-0.0025737527673375294,-25.737527673375293,0.4698999999999671,-1.063843370929992
2014-08-12,1,605,661,194.13,193.38,194.12,193.4,stop,-0.75,-0.003863589532248094,-38.63589532248094,0.7199999999999989,-1.0416666666666683
2014-08-13,-1,616,662,193.97000000000003,194.57,193.98000000000002,194.54999999999998,stop,-0.5999999999999659,-0.0030931023816886576,-30.931023816886576,0.5699999999999648,-1.0526315789473737
2014-08-14,-1,606,625,195.04000000000002,195.36,195.05,195.34,stop,-0.3199999999999932,-0.0016406049730837897,-16.406049730837896,0.28999999999999204,-1.1034482758620758
2014-08-15,1,602,642,196.51999999999998,196.17,196.51,196.19,stop,-0.3499999999999943,-0.001781079843264945,-17.81079843264945,0.3199999999999932,-1.0937500000000056
2014-08-18,1,600,959,197.14,197.35000000000002,197.13,197.36,eod,0.21000000000003638,0.0010652868665349585,10.652868665349585,0.44999999999998863,0.4666666666667593
2014-08-19,1,601,959,198.07,198.38,198.06,198.39,eod,0.3100000000000023,0.0015651822679996076,15.651822679996076,0.42499999999998295,0.729411764705917
2014-08-20,1,624,959,198.49999999999997,198.9,198.48999999999998,198.91,eod,0.4000000000000341,0.0020152148722859297,20.152148722859298,0.4199999999999591,0.9523809523811264
2014-08-21,1,600,614,199.45,198.92,199.44,198.94,stop,-0.5300000000000011,-0.002657440834336147,-26.574408343361473,0.5,-1.0600000000000023
2014-08-22,1,607,657,199.48,198.97,199.47,198.99,stop,-0.5099999999999909,-0.002556775454955587,-25.56775454955587,0.47999999999998977,-1.0625000000000038
2014-08-25,1,610,784,200.35,199.88,200.34,199.9,stop,-0.46999999999999886,-0.0023460117799740383,-23.460117799740384,0.4399999999999977,-1.068181818181821
2014-08-26,1,601,959,200.57999999999998,200.33,200.57,200.34,eod,-0.24999999999997158,-0.0012464476242706865,-12.464476242706866,0.29999999999998295,-0.833333333333286
2014-08-27,-1,600,959,200.12,200.28,200.13,200.27,eod,-0.1599999999999966,-0.0007994803377804257,-7.994803377804256,0.44999999999998863,-0.35555555555555696
2014-08-28,1,606,959,199.89,200.13,199.88,200.14,eod,0.2400000000000091,0.0012007204322594012,12.007204322594012,0.5,0.4800000000000182
2014-08-29,-1,608,694,199.99,200.58,200.0,200.56,stop,-0.5900000000000034,-0.002950000000000017,-29.500000000000167,0.5600000000000023,-1.0535714285714304
2014-09-02,-1,602,959,200.46,200.6,200.47,200.59,eod,-0.13999999999998636,-0.000698358856686718,-6.98358856686718,0.5349999999999966,-0.26168224299063036
2014-09-03,-1,620,959,201.05,200.51999999999998,201.06,200.51,eod,0.5300000000000296,0.0026360290460560507,26.360290460560506,0.3599999999999852,1.4722222222223649
2014-09-04,1,611,868,201.39999999999998,200.67,201.39,200.69,stop,-0.7299999999999898,-0.0036248075872684334,-36.24807587268433,0.6999999999999886,-1.0428571428571451
2014-09-05,-1,632,714,199.54000000000002,200.33,199.55,200.31,stop,-0.789999999999992,-0.0039589075419693915,-39.58907541969391,0.7599999999999909,-1.0394736842105283
2014-09-08,1,603,618,201.2,200.83,201.19,200.85000000000002,stop,-0.3699999999999761,-0.0018390576072368217,-18.390576072368216,0.339999999999975,-1.088235294117657
2014-09-09,-1,600,828,199.74,200.45,199.75,200.42999999999998,stop,-0.7099999999999795,-0.003554443053817169,-35.54443053817169,0.6799999999999784,-1.0441176470588267
2014-09-10,-1,604,738,198.89000000000001,199.62,198.9,199.6,stop,-0.7299999999999898,-0.003670186023127148,-36.70186023127148,0.6999999999999886,-1.0428571428571451
2014-09-11,1,600,638,199.90999999999997,199.17,199.89999999999998,199.19,stop,-0.7399999999999807,-0.003701850925462635,-37.01850925462635,0.7099999999999795,-1.0422535211267634
2014-09-12,-1,602,959,199.48000000000002,199.13989999999998,199.49,199.1299,eod,0.34010000000003515,0.0017048473607701395,17.048473607701396,0.6399999999999864,0.5314062500000662
2014-09-15,-1,601,875,198.42000000000002,199.22,198.43,199.2,stop,-0.799999999999983,-0.004031648440255923,-40.31648440255923,0.7699999999999818,-1.0389610389610413
2014-09-16,1,600,959,199.29999999999998,200.48000000000002,199.29,200.49,eod,1.1800000000000352,0.005921019619649933,59.21019619649933,0.799999999999983,1.4750000000000756
2014-09-17,1,602,638,201.01999999999998,200.63,201.01,200.65,stop,-0.38999999999998636,-0.001940201980000927,-19.40201980000927,0.3599999999999852,-1.08333333333334
2014-09-18,1,600,959,201.52999999999997,201.76000000000002,201.51999999999998,201.77,eod,0.2300000000000466,0.0011413259229855431,11.41325922985543,0.4299999999999784,0.5348837209303678
2014-09-19,-1,618,959,201.28000000000003,200.73999999999998,201.29000000000002,200.73,eod,0.5400000000000489,0.0026826966068858307,26.826966068858308,0.4499999999999602,1.2000000000002147
2014-09-22,-1,601,959,199.81000000000003,199.14999999999998,199.82000000000002,199.14,eod,0.6600000000000534,0.0033029726754081343,33.029726754081345,0.5699999999999648,1.1578947368422705
2014-09-23,1,601,795,199.12499999999997,198.26,199.11499999999998,198.28,stop,-0.8649999999999807,-0.004344223187605056,-43.44223187605056,0.8349999999999795,-1.0359281437125771
2014-09-24,-1,603,668,197.70270000000002,198.38,197.7127,198.35999999999999,stop,-0.677299999999974,-0.003425677763744939,-34.25677763744939,0.6472999999999729,-1.0463463618106015
2014-09-25,-1,604,959,197.85000000000002,196.32999999999998,197.86,196.32,eod,1.5200000000000387,0.00768219953502496,76.8219953502496,1.1999999999999886,1.2666666666667108
2014-09-26,1,601,959,196.96999999999997,197.94,196.95999999999998,197.95,eod,0.9700000000000273,0.004924857839155298,49.248578391552975,0.549999999999983,1.763636363636468
2014-09-29,1,601,959,196.67999999999998,197.51000000000002,196.67,197.52,eod,0.8300000000000409,0.004220267453094223,42.20267453094223,0.629999999999967,1.3174603174604513
2014-09-30,-1,600,646,196.89000000000001,197.955,196.9,197.935,stop,-1.0649999999999977,-0.005408836973082772,-54.088369730827715,1.0349999999999966,-1.028985507246378
2014-10-01,-1,604,959,195.4,194.35,195.41,194.34,eod,1.0500000000000114,0.005373317639834253,53.73317639834253,1.3700000000000045,0.7664233576642393
2014-10-02,-1,605,884,194.14000000000001,194.8,194.15,194.78,stop,-0.6599999999999966,-0.003399433427762022,-33.99433427762022,0.6299999999999955,-1.0476190476190497
2014-10-03,1,601,959,196.23999999999998,196.52,196.23,196.53,eod,0.28000000000002956,0.0014268970086124934,14.268970086124934,1.1599999999999682,0.24137931034485968
2014-10-06,-1,602,959,197.21,196.26999999999998,197.22,196.26,eod,0.9400000000000261,0.004766250887334075,47.66250887334075,0.38999999999998636,2.4102564102565616
2014-10-07,1,610,869,195.39999999999998,194.5,195.39,194.52,stop,-0.8999999999999773,-0.004606172270842814,-46.061722708428135,0.8699999999999761,-1.034482758620692
2014-10-08,-1,602,825,193.11,193.95,193.12,193.92999999999998,stop,-0.839999999999975,-0.004349627174813458,-43.49627174813458,0.8099999999999739,-1.0370370370370396
2014-10-09,-1,610,959,195.47000000000003,192.69,195.48000000000002,192.68,eod,2.7800000000000296,0.014221403724166306,142.21403724166305,1.129999999999967,2.4601769911505404
2014-10-10,-1,609,959,192.09000000000003,190.53,192.10000000000002,190.52,eod,1.5600000000000307,0.008120770432066791,81.20770432066791,1.5599999999999739,1.0000000000000364
2014-10-13,-1,619,959,189.53000000000003,187.39,189.54000000000002,187.38,eod,2.140000000000043,0.01129049277197448,112.9049277197448,1.6199999999999761,1.3209876543210337
2014-10-14,-1,601,675,187.57000000000002,189.06,187.58,189.04,stop,-1.4899999999999807,-0.00794327753491833,-79.4327753491833,1.4599999999999795,-1.0205479452054804
2014-10-15,1,600,763,186.08999999999997,183.62,186.07999999999998,183.64000000000001,stop,-2.4699999999999704,-0.013273860705072929,-132.73860705072929,2.4399999999999693,-1.0122950819672136
2014-10-16,1,622,959,185.24999999999997,186.23000000000002,185.23999999999998,186.24,eod,0.9800000000000466,0.00529043403152692,52.9043403152692,2.359999999999985,0.41525423728815797
2014-10-17,1,604,959,188.54,188.53,188.53,188.54,eod,-0.009999999999990905,-5.304195618729595e-05,-0.5304195618729595,0.9199999999999875,-0.010869565217381567
2014-10-20,1,622,959,189.17,190.31,189.16,190.32,eod,1.1400000000000148,0.006026644110805745,60.26644110805745,1.0999999999999943,1.0363636363636552
2014-10-21,1,613,959,192.38,194.04000000000002,192.37,194.05,eod,1.660000000000025,0.008629204137859463,86.29204137859463,0.9000000000000057,1.8444444444444605
2014-10-22,1,672,757,194.73999999999998,193.89,194.73,193.91,stop,-0.8499999999999943,-0.004365018230370227,-43.65018230370227,0.8199999999999932,-1.0365853658536601
2014-10-23,1,604,959,194.89,194.94,194.88,194.95,eod,0.05000000000001137,0.0002565681444992373,2.5656814449923733,0.6299999999999955,0.07936507936509798
2014-10-24,-1,603,699,194.88000000000002,195.85,194.89000000000001,195.82999999999998,stop,-0.9699999999999704,-0.004977166606803686,-49.771666068036865,0.9399999999999693,-1.0319148936170235
2014-10-27,-1,603,642,195.12,195.87,195.13,195.85,stop,-0.75,-0.0038435914518526113,-38.43591451852611,0.7199999999999989,-1.0416666666666683
2014-10-28,1,601,959,197.26999999999998,198.36,197.26,198.37,eod,1.0900000000000318,0.005525702119030883,55.257021190308826,0.539999999999992,2.0185185185186074
2014-10-29,-1,626,959,198.45000000000002,198.14999999999998,198.46,198.14,eod,0.3000000000000398,0.0015116396251135735,15.116396251135734,0.6699999999999875,0.4477611940299185
2014-10-30,-1,600,661,197.55,198.41,197.56,198.39,stop,-0.8599999999999852,-0.0043531079165822295,-43.5310791658223,0.8299999999999841,-1.036144578313255
2014-10-31,-1,611,959,200.79000000000002,201.67,200.8,201.66,eod,-0.879999999999967,-0.004382470119521748,-43.82470119521748,1.0299999999999727,-0.8543689320388256
2014-11-03,1,600,616,202.05999999999997,201.60999999999999,202.04999999999998,201.63,stop,-0.44999999999998863,-0.0022271714922048437,-22.27171492204844,0.4199999999999875,-1.0714285714285763
2014-11-04,1,603,627,201.54999999999998,201.04,201.54,201.06,stop,-0.5099999999999909,-0.002530515034236335,-25.305150342363348,0.47999999999998977,-1.0625000000000038
2014-11-05,-1,600,959,201.74,202.38,201.75,202.37,eod,-0.6399999999999864,-0.0031722428748450376,-31.722428748450376,0.8499999999999943,-0.7529411764705772
2014-11-06,-1,602,679,202.11,202.73,202.12,202.70999999999998,stop,-0.6199999999999761,-0.003067484662576569,-30.67484662576569,0.589999999999975,-1.0508474576271227
2014-11-07,-1,631,655,202.63000000000002,203.3,202.64000000000001,203.28,stop,-0.6699999999999875,-0.0033063560994867126,-33.063560994867125,0.6399999999999864,-1.0468750000000029
2014-11-10,1,642,959,203.54999999999998,203.96,203.54,203.97,eod,0.410000000000025,0.0020143460744817972,20.143460744817972,0.4199999999999875,0.9761904761905648
2014-11-11,1,625,959,204.13,204.16,204.12,204.17,eod,0.030000000000001137,0.00014697236919459697,1.4697236919459697,0.47999999999998977,0.0625000000000037
2014-11-12,1,600,959,203.71999999999997,203.97,203.70999999999998,203.98,eod,0.2500000000000284,0.001227234794561035,12.27234794561035,0.40999999999996817,0.6097560975610923
2014-11-13,1,624,675,204.7,204.1,204.69,204.12,stop,-0.5999999999999943,-0.0029312619082514746,-29.312619082514747,0.5699999999999932,-1.052631578947371
2014-11-14,1,602,634,204.29999999999998,203.83,204.29,203.85000000000002,stop,-0.46999999999997044,-0.002300651035292821,-23.00651035292821,0.4399999999999693,-1.0681818181818254
2014-11-17,1,600,690,204.14999999999998,203.71,204.14,203.73000000000002,stop,-0.4399999999999693,-0.0021553835603016036,-21.553835603016037,0.40999999999996817,-1.0731707317073256
2014-11-18,1,600,959,205.21999999999997,205.54000000000002,205.20999999999998,205.55,eod,0.32000000000005,0.0015593781979438138,15.593781979438138,0.7799999999999727,0.41025641025648873
2014-11-19,-1,601,842,204.69000000000003,205.35,204.70000000000002,205.32999999999998,stop,-0.6599999999999682,-0.0032242305813383883,-32.24230581338388,0.629999999999967,-1.047619047619052
2014-11-20,1,600,959,204.93999999999997,205.58,204.92999999999998,205.59,eod,0.6400000000000432,0.00312301761577145,31.2301761577145,0.7599999999999625,0.8421052631579932
2014-11-21,-1,604,959,207.24,206.69,207.25,206.68,eod,0.5500000000000114,0.0026537997587455313,26.537997587455312,0.47999999999998977,1.1458333333333814
2014-11-25,-1,602,959,207.31000000000003,207.19,207.32000000000002,207.18,eod,0.12000000000003297,0.0005788153579009886,5.788153579009886,0.47999999999996135,0.2500000000000888
2014-12-01,-1,653,959,205.44000000000003,205.81,205.45000000000002,205.8,eod,-0.3699999999999761,-0.0018009247992211053,-18.00924799221105,1.099999999999966,-0.3363636363636251
2014-12-02,1,602,959,206.40999999999997,207.08,206.39999999999998,207.09,eod,0.6700000000000443,0.003246124031007967,32.46124031007967,0.6199999999999761,1.0806451612904358
2014-12-03,1,625,959,207.64999999999998,207.9,207.64,207.91,eod,0.2500000000000284,0.0012040069350800831,12.040069350800831,0.549999999999983,0.4545454545455203
2014-12-04,-1,629,752,207.33,207.8,207.34,207.78,stop,-0.46999999999999886,-0.0022668081412173186,-22.668081412173187,0.4399999999999977,-1.068181818181821
2014-12-05,1,619,947,208.18999999999997,207.6,208.17999999999998,207.62,stop,-0.589999999999975,-0.002834085887212869,-28.34085887212869,0.5599999999999739,-1.053571428571433
2014-12-08,1,605,736,207.96999999999997,207.3,207.95999999999998,207.32000000000002,stop,-0.6699999999999591,-0.0032217734179647967,-32.21773417964797,0.6399999999999579,-1.0468750000000049
2014-12-09,1,600,632,205.07,204.07,205.06,204.09,stop,-1.0,-0.004876621476640983,-48.76621476640983,0.9699999999999989,-1.0309278350515476
2014-12-10,-1,604,959,205.12,203.17999999999998,205.13,203.17,eod,1.9400000000000261,0.009457417247599211,94.57417247599211,0.8599999999999852,2.2558139534884414
2014-12-11,1,615,951,205.48999999999998,203.85,205.48,203.87,stop,-1.6399999999999864,-0.007981312049834467,-79.81312049834467,1.6099999999999852,-1.0186335403726716
2014-12-12,-1,658,959,202.42000000000002,200.88,202.43,200.87,eod,1.5400000000000205,0.007607568048214298,76.07568048214299,1.3989999999999725,1.1007862759114015
2014-12-15,-1,600,959,201.83,199.48999999999998,201.84,199.48,eod,2.340000000000032,0.011593341260404438,115.93341260404438,0.6999999999999886,3.3428571428572424
2014-12-16,1,616,953,199.45999999999998,198.15,199.45,198.17000000000002,stop,-1.3099999999999739,-0.006568062170970037,-65.68062170970038,1.2799999999999727,-1.0234375000000013
2014-12-17,1,682,959,199.54999999999998,201.89000000000001,199.54,201.9,eod,2.340000000000032,0.011726972035682228,117.26972035682229,1.259999999999991,1.8571428571428958
2014-12-18,1,609,667,205.14,204.17,205.13,204.19,stop,-0.9699999999999989,-0.004728708623799536,-47.28708623799536,0.9399999999999977,-1.0319148936170226
2014-12-19,1,609,959,206.6,206.52,206.59,206.53,eod,-0.07999999999998408,-0.0003872404279005958,-3.872404279005958,0.9799999999999898,-0.0816326530612091
2014-12-22,-1,662,847,206.49,207.07,206.5,207.04999999999998,stop,-0.5799999999999841,-0.0028087167070217148,-28.08716707021715,0.549999999999983,-1.0545454545454582
2014-12-23,-1,614,883,207.76500000000001,208.24,207.775,208.22,stop,-0.4749999999999943,-0.0022861268198772437,-22.861268198772436,0.4449999999999932,-1.0674157303370821
2014-12-26,1,600,959,208.74999999999997,208.41,208.73999999999998,208.42,eod,-0.339999999999975,-0.001628820542301308,-16.288205423013082,0.4999999999999716,-0.6799999999999886
2014-12-29,1,600,959,208.82,208.72,208.81,208.73,eod,-0.09999999999999432,-0.00047890426703699207,-4.789042670369921,0.6800000000000068,-0.14705882352940192
2014-12-30,-1,600,959,208.02,207.62,208.03,207.61,eod,0.4000000000000057,0.001922799596212112,19.22799596212112,0.3499999999999943,1.1428571428571777
2014-12-31,1,652,723,208.10999999999999,207.68,208.1,207.70000000000002,stop,-0.4299999999999784,-0.002066314271984519,-20.66314271984519,0.39999999999997726,-1.075000000000007
