date,direction,entry_time,exit_time,entry_px,exit_px,entry_px_raw,exit_px_raw,exit_reason,pnl_ps,ret,bps,risk_ps,r_mult
2003-01-02,-1,571,602,88.97999999999999,89.55999999999999,88.99,89.53999999999999,stop,-0.5799999999999983,-0.006517586245645559,-65.17586245645559,0.5499999999999972,-1.054545454545457
2003-01-09,-1,571,600,91.82,92.38000000000001,91.83,92.36000000000001,stop,-0.5600000000000165,-0.006098224980943226,-60.98224980943226,0.5300000000000153,-1.056603773584906
2003-01-10,1,571,618,91.92,92.97999999999999,91.91,92.99,target,1.059999999999988,0.011533021434011404,115.33021434011404,0.9999999999999858,1.0600000000000032
2003-01-13,-1,571,629,93.55999999999999,93.04,93.57,93.03,target,0.5199999999999818,0.00555733675323268,55.5733675323268,0.4800000000000182,1.0833333333332544
2003-01-17,1,571,854,91.11,90.14,91.1,90.16,stop,-0.9699999999999989,-0.010647639956092195,-106.47639956092195,0.9399999999999977,-1.0319148936170226
2003-01-23,-1,571,621,88.74,88.07000000000001,88.75,88.06,target,0.6699999999999875,0.007549295774647746,75.49295774647746,0.6899999999999977,0.9710144927536083
2003-01-24,1,571,588,88.55000000000001,88.08000000000001,88.54,88.10000000000001,stop,-0.46999999999999886,-0.005308335215721695,-53.08335215721695,0.4399999999999977,-1.068181818181821
2003-01-27,1,571,598,85.91000000000001,86.32,85.9,86.33,target,0.4099999999999824,0.004772991850989317,47.72991850989317,0.769999999999996,0.5324675324675123
2003-01-28,-1,571,856,85.69,86.18999999999998,85.7,86.16999999999999,stop,-0.4999999999999858,-0.0058343057176194375,-58.34305717619438,0.46999999999998465,-1.063829787234047
2003-01-29,1,571,756,85.29,86.1,85.28,86.11,target,0.8099999999999881,0.00949812382739198,94.9812382739198,0.5100000000000051,1.5882352941176077
2003-01-31,1,571,585,84.39,84.75999999999999,84.38,84.77,target,0.36999999999999034,0.004384925337757648,43.84925337757648,0.8499999999999801,0.43529411764705767
2003-02-04,1,571,666,85.31,84.33000000000001,85.3,84.35000000000001,stop,-0.9799999999999898,-0.011488862837045602,-114.88862837045602,0.9499999999999886,-1.0315789473684227
2003-02-05,-1,571,605,85.78,85.15,85.79,85.14,target,0.6299999999999955,0.007343513229980131,73.43513229980131,0.5699999999999932,1.105263157894742
2003-02-07,-1,571,593,84.83,84.21000000000001,84.84,84.2,target,0.6199999999999903,0.007307873644507194,73.07873644507194,0.7799999999999869,0.7948717948717958
2003-02-18,-1,571,585,84.69,85.2,84.7,85.18,stop,-0.5100000000000051,-0.00602125147579699,-60.212514757969906,0.480000000000004,-1.0625000000000018
2003-02-25,1,571,607,82.91000000000001,82.2,82.9,82.22,stop,-0.710000000000008,-0.008564535585042315,-85.64535585042314,0.6800000000000068,-1.0441176470588247
2003-02-27,-1,571,602,83.88,83.17,83.89,83.16,target,0.7099999999999937,0.0084634640600786,84.634640600786,0.3500000000000085,2.0285714285713614
2003-03-03,-1,571,655,85.30999999999999,84.62,85.32,84.61,target,0.6899999999999835,0.008087201125175617,80.87201125175616,0.5900000000000176,1.169491525423666
2003-03-06,1,571,632,82.82000000000001,83.49,82.81,83.5,target,0.6699999999999875,0.008090810288612336,80.90810288612336,0.5699999999999932,1.1754385964912202
2003-03-07,1,571,613,81.57000000000001,82.69,81.56,82.7,target,1.1199999999999903,0.013732221677292671,137.3222167729267,1.0400000000000063,1.076923076923061
2003-03-10,1,571,710,82.73,81.80999999999999,82.72,81.82999999999998,stop,-0.9200000000000159,-0.01112185686653791,-111.21856866537911,0.8900000000000148,-1.03370786516854
2003-03-13,-1,571,910,82.28,83.41000000000001,82.29,83.39000000000001,stop,-1.1300000000000097,-0.013731923684530436,-137.31923684530435,1.1000000000000085,-1.027272727272728
2003-03-20,1,571,622,87.36,86.69,87.35,86.71,stop,-0.6700000000000017,-0.0076702919290211995,-76.702919290212,0.6400000000000006,-1.0468750000000018
2003-03-21,-1,571,629,88.64999999999999,88.14,88.66,88.13,target,0.5099999999999909,0.005752312203925004,57.52312203925004,0.8100000000000023,0.6296296296296167
2003-03-24,1,571,959,87.93,86.57,87.92,86.58,eod,-1.3600000000000136,-0.015468607825295879,-154.6860782529588,1.6200000000000045,-0.8395061728395122
2003-03-27,1,571,777,86.42,87.19,86.41,87.2,target,0.769999999999996,0.008911005670639927,89.11005670639926,0.8099999999999881,0.9506172839506264
2003-03-28,1,571,677,86.56,87.08999999999999,86.55,87.1,target,0.5299999999999869,0.006123627960716198,61.23627960716198,0.7099999999999937,0.7464788732394247
2003-03-31,1,571,959,85.45,84.97,85.44,84.98,eod,-0.480000000000004,-0.005617977528089934,-56.17977528089934,1.3900000000000148,-0.34532374100719343
2003-04-02,-1,571,959,87.57,88.4,87.58,88.39,eod,-0.8300000000000125,-0.009477049554692996,-94.77049554692996,1.40000000000002,-0.5928571428571434
2003-04-04,-1,571,610,88.25999999999999,87.85000000000001,88.27,87.84,target,0.4099999999999824,0.004644839696385889,46.44839696385888,0.7500000000000142,0.5466666666666328
2003-04-07,-1,571,959,90.25,88.24000000000001,90.26,88.23,eod,2.009999999999991,0.022269000664746186,222.69000664746187,2.299999999999997,0.873913043478258
2003-04-11,-1,571,617,88.19999999999999,87.46000000000001,88.21,87.45,target,0.7399999999999807,0.008389071533839483,83.89071533839483,0.6599999999999966,1.1212121212120978
2003-04-16,-1,571,590,89.86,89.43,89.87,89.42,target,0.4299999999999926,0.004784688995215228,47.84688995215228,0.5299999999999869,0.8113207547169872
2003-04-24,1,571,959,91.56,91.41,91.55,91.42,eod,-0.15000000000000568,-0.0016384489350082544,-16.384489350082543,0.6899999999999977,-0.21739130434783505
2003-05-08,1,571,631,92.59,93.3,92.58,93.31,target,0.7099999999999937,0.007669042989846552,76.69042989846552,0.8500000000000085,0.8352941176470431
2003-05-09,-1,571,685,92.83999999999999,93.39999999999999,92.85,93.38,stop,-0.5600000000000023,-0.00603123317178247,-60.3123317178247,0.5300000000000011,-1.0566037735849076
2003-05-14,-1,571,591,95.08,94.65,95.09,94.64,target,0.4299999999999926,0.004522031759385767,45.22031759385767,0.45000000000000284,0.9555555555555331
2003-05-15,-1,571,725,94.94999999999999,94.37,94.96,94.36,target,0.5799999999999841,0.006107834877843135,61.078348778431355,0.46000000000000796,1.260869565217335
2003-05-19,1,571,612,94.18,93.52000000000001,94.17,93.54,stop,-0.6599999999999966,-0.007008601465434815,-70.08601465434815,0.6299999999999955,-1.0476190476190497
2003-05-27,1,571,603,93.27000000000001,93.74,93.26,93.75,target,0.46999999999998465,0.005039674029594517,50.39674029594517,0.4100000000000108,1.1463414634145666
2003-05-30,-1,571,600,95.86999999999999,96.45,95.88,96.43,stop,-0.5800000000000125,-0.006049228201919196,-60.49228201919196,0.5500000000000114,-1.0545454545454556
2003-06-02,-1,571,694,97.74,98.16,97.75,98.14,stop,-0.4200000000000017,-0.004296675191815875,-42.96675191815875,0.39000000000000057,-1.0769230769230798
2003-06-05,1,571,648,98.64,99.11999999999999,98.63,99.13,target,0.47999999999998977,0.00486667342593521,48.6667342593521,0.5999999999999943,0.7999999999999905
2003-06-06,-1,571,610,100.5,101.29,100.51,101.27000000000001,stop,-0.7900000000000063,-0.007859914436374552,-78.59914436374552,0.7600000000000051,-1.0394736842105274
2003-06-16,-1,571,640,100.0,100.50999999999998,100.01,100.48999999999998,stop,-0.5099999999999767,-0.005099490050994668,-50.994900509946675,0.47999999999997556,-1.0625000000000056
2003-07-03,1,571,601,99.03,99.58999999999999,99.02,99.6,target,0.5599999999999881,0.005655423146838902,56.55423146838902,0.480000000000004,1.166666666666632
2003-07-07,-1,571,617,99.75999999999999,100.706,99.77,100.686,stop,-0.9460000000000122,-0.009481808158765282,-94.81808158765281,0.916000000000011,-1.0327510917030576
2003-07-10,1,571,710,99.82000000000001,99.09000000000002,99.81,99.11000000000001,stop,-0.7299999999999898,-0.007313896403165912,-73.13896403165913,0.6999999999999886,-1.0428571428571451
2003-07-14,-1,571,908,101.27,100.15,101.28,100.14,target,1.1199999999999903,0.01105845181674556,110.5845181674556,0.980000000000004,1.1428571428571284
2003-07-15,-1,571,605,101.36,100.74000000000001,101.37,100.73,target,0.6199999999999903,0.006116207951070241,61.16207951070241,0.6599999999999824,0.9393939393939499
2003-07-17,1,571,760,99.24000000000001,98.52000000000001,99.23,98.54,stop,-0.7199999999999989,-0.007255870200544179,-72.55870200544179,0.6899999999999977,-1.043478260869567
2003-07-18,-1,571,619,99.1,98.501,99.11,98.491,target,0.5989999999999895,0.006043789728584295,60.43789728584295,0.43899999999999295,1.3644646924829138
2003-07-24,-1,571,875,99.88,99.241,99.89,99.231,target,0.6389999999999958,0.006397036740414414,63.97036740414414,0.8589999999999947,0.7438882421420253
2003-07-31,-1,571,672,99.99,100.87,100.0,100.85000000000001,stop,-0.8800000000000097,-0.008800000000000096,-88.00000000000097,0.8500000000000085,-1.0352941176470598
2003-08-18,-1,571,646,99.94999999999999,100.36000000000001,99.96,100.34000000000002,stop,-0.410000000000025,-0.004101640656262755,-41.01640656262755,0.3800000000000239,-1.0789473684210507
2003-08-20,1,571,690,100.31,100.80999999999999,100.3,100.82,target,0.4999999999999858,0.004985044865403647,49.85044865403647,0.5399999999999778,0.9259259259259376
2003-08-21,-1,571,680,100.92999999999999,100.51,100.94,100.5,target,0.4199999999999875,0.004160887656033163,41.60887656033163,0.6599999999999966,0.6363636363636207
2003-08-22,-1,571,625,101.74,100.88000000000001,101.75,100.87,target,0.8599999999999852,0.008452088452088306,84.52088452088306,0.8799999999999955,0.9772727272727155
2003-09-05,1,571,681,102.93,103.42,102.92,103.43,target,0.4899999999999949,0.004760979401476825,47.60979401476825,0.4700000000000131,1.0425531914893218
2003-09-08,-1,571,592,103.05,103.43,103.06,103.41000000000001,stop,-0.38000000000000966,-0.0036871725208617277,-36.87172520861728,0.3500000000000085,-1.085714285714287
2003-09-09,1,571,613,103.364,102.92000000000002,103.354,102.94000000000001,stop,-0.4439999999999884,-0.0042959150105461655,-42.95915010546165,0.41399999999998727,-1.072463768115947
2003-09-10,1,571,713,102.63000000000001,102.13300000000001,102.62,102.153,stop,-0.4969999999999999,-0.004843110504774897,-48.431105047748964,0.46699999999999875,-1.0642398286937929
2003-09-11,-1,571,780,102.16,102.53999999999998,102.17,102.51999999999998,stop,-0.37999999999998124,-0.0037192913771163867,-37.192913771163866,0.3499999999999801,-1.0857142857142938
2003-09-22,1,571,959,102.79,102.47999999999999,102.78,102.49,eod,-0.3100000000000165,-0.0030161510021406547,-30.161510021406546,0.9400000000000119,-0.32978723404256655
2003-10-03,-1,571,959,103.69,103.27000000000001,103.7,103.26,eod,0.4199999999999875,0.004050144648023023,40.50144648023023,1.2999999999999972,0.32307692307691416
2003-10-07,1,571,676,103.28,103.71199999999999,103.27,103.722,target,0.43199999999998795,0.004183209063619521,41.83209063619521,0.47199999999998,0.9152542372881488
2003-10-09,-1,571,959,104.89,104.179,104.9,104.169,eod,0.7109999999999985,0.00677788369876071,67.77883698760711,1.1499999999999915,0.6182608695652206
2003-10-13,-1,571,627,104.77,105.25,104.78,105.23,stop,-0.480000000000004,-0.004581026913533155,-45.810269135331545,0.45000000000000284,-1.0666666666666689
2003-10-15,-1,571,603,105.829,105.30000000000001,105.839,105.29,target,0.5289999999999822,0.004998157578964107,49.98157578964107,0.590999999999994,0.8950930626057318
2003-10-22,1,571,959,104.03,103.39,104.02,103.4,eod,-0.6400000000000006,-0.006152662949432807,-61.52662949432807,0.9199999999999875,-0.6956521739130536
2003-10-23,1,571,596,103.03,103.39,103.02,103.4,target,0.35999999999999943,0.003494467093768195,34.94467093768195,0.6400000000000006,0.5624999999999987
2003-10-24,1,571,959,102.88000000000001,103.27,102.87,103.28,eod,0.38999999999998636,0.0037911927675705875,37.911927675705876,0.9500000000000028,0.4105263157894581
2003-10-27,-1,571,934,103.75999999999999,103.29,103.77,103.28,target,0.46999999999998465,0.004529247374000045,45.292473740000446,0.4299999999999926,1.0930232558139366
2003-10-28,-1,571,898,103.92,104.54,103.93,104.52000000000001,stop,-0.6200000000000045,-0.0059655537380929905,-59.65553738092991,0.5900000000000034,-1.0508474576271203
2003-10-30,-1,571,596,105.71,105.26,105.72,105.25,target,0.44999999999998863,0.0042565266742337175,42.56526674233717,0.6100000000000136,0.7377049180327517
2003-11-07,-1,571,591,106.58,106.27000000000001,106.59,106.26,target,0.30999999999998806,0.002908340369640567,29.08340369640567,0.4299999999999926,0.7209302325581242
2003-11-13,1,571,902,106.01,106.36999999999999,106.0,106.38,target,0.3599999999999852,0.0033962264150942004,33.962264150942005,0.3599999999999852,1.0
2003-11-17,1,571,679,104.91000000000001,104.25,104.9,104.27,stop,-0.6600000000000108,-0.0062917063870353744,-62.91706387035374,0.6300000000000097,-1.0476190476190488
2003-11-18,-1,571,638,105.25,104.87,105.26,104.86,target,0.37999999999999545,0.0036101083032490542,36.10108303249054,0.3599999999999852,1.0555555555555862
2003-11-20,1,571,656,103.91000000000001,104.83999999999999,103.9,104.85,target,0.9299999999999784,0.008950914340712015,89.50914340712015,0.75,1.2399999999999711
2003-11-21,-1,571,613,104.24,103.91000000000001,104.25,103.9,target,0.3299999999999841,0.003165467625899128,31.65467625899128,0.3499999999999943,0.9428571428571126
2003-11-24,-1,571,614,104.69999999999999,105.35999999999999,104.71,105.33999999999999,stop,-0.6599999999999966,-0.00630312291089673,-63.0312291089673,0.6299999999999955,-1.0476190476190497
2003-11-26,-1,571,604,106.33,106.02000000000001,106.34,106.01,target,0.30999999999998806,0.0029151777318035363,29.151777318035364,0.4899999999999949,0.6326530612244721
2003-12-01,-1,571,611,106.89999999999999,107.26999999999998,106.91,107.24999999999999,stop,-0.36999999999999034,-0.003460854924702931,-34.60854924702931,0.3399999999999892,-1.0882352941176532
2003-12-03,-1,571,705,107.58999999999999,108.05000000000001,107.6,108.03000000000002,stop,-0.46000000000002217,-0.0042750929368031805,-42.750929368031805,0.43000000000002103,-1.0697674418604644
2003-12-05,1,571,959,107.14,106.8,107.13,106.81,eod,-0.3400000000000034,-0.0031737141790348497,-31.737141790348495,0.5699999999999932,-0.5964912280701885
2003-12-09,-1,571,616,107.88,107.53,107.89,107.52,target,0.3499999999999943,0.003244044860506018,32.44044860506018,0.3900000000000148,0.8974358974358488
2003-12-15,-1,571,893,109.1,108.14,109.11,108.13,target,0.9599999999999937,0.00879846026945279,87.9846026945279,1.1000000000000085,0.8727272727272603
2003-12-29,-1,571,602,110.11999999999999,110.51999999999998,110.13,110.49999999999999,stop,-0.3999999999999915,-0.003632071188595219,-36.32071188595219,0.36999999999999034,-1.0810810810810862
2004-01-02,-1,571,885,111.66,111.16000000000001,111.67,111.15,target,0.4999999999999858,0.004477478284230194,44.77478284230194,0.6400000000000006,0.7812499999999771
2004-01-05,-1,571,929,111.75999999999999,112.39999999999999,111.77,112.38,stop,-0.6400000000000006,-0.005726044555784205,-57.26044555784205,0.6099999999999994,-1.0491803278688543
2004-01-08,-1,571,591,113.19,112.91000000000001,113.2,112.9,target,0.2799999999999869,0.002473498233215432,24.73498233215432,0.45999999999999375,0.6086956521738929
2004-01-09,1,571,690,112.79,113.30999999999999,112.78,113.32,target,0.5199999999999818,0.0046107465862740005,46.10746586274001,0.5199999999999818,1.0
2004-01-14,-1,571,681,112.74,113.13000000000001,112.75,113.11000000000001,stop,-0.3900000000000148,-0.003458980044346029,-34.58980044346029,0.36000000000001364,-1.0833333333333333
2004-01-16,-1,571,959,113.96,114.26,113.97,114.25,eod,-0.30000000000001137,-0.0026322716504344245,-26.322716504344246,0.539999999999992,-0.5555555555555848
2004-01-29,-1,571,601,113.58999999999999,113.24000000000001,113.6,113.23,target,0.3499999999999801,0.0030809859154927828,30.80985915492783,0.3500000000000085,0.9999999999999188
2004-02-04,1,571,959,113.19000000000001,113.02,113.18,113.03,eod,-0.17000000000001592,-0.001502032161159356,-15.020321611593559,0.7600000000000051,-0.22368421052633522
2004-02-17,-1,571,959,115.89999999999999,116.15,115.91,116.14,eod,-0.2500000000000142,-0.0021568458286602902,-21.5684582866029,0.6699999999999875,-0.3731343283582371
2004-02-19,-1,571,929,116.33999999999999,115.67,116.35,115.66,target,0.6699999999999875,0.005758487322733026,57.584873227330256,0.6500000000000057,1.0307692307692025
2004-03-01,-1,571,605,115.42,115.75999999999999,115.43,115.74,stop,-0.3399999999999892,-0.0029455081001471817,-29.455081001471818,0.30999999999998806,-1.0967741935483946
2004-03-05,1,571,601,115.44000000000001,116.03,115.43,116.04,target,0.5899999999999892,0.005111322879667237,51.113228796672374,0.730000000000004,0.8082191780821726
2004-03-11,1,571,736,112.43,112.99,112.42,113.0,target,0.5599999999999881,0.004981320049813095,49.813200498130946,0.6199999999999903,0.9032258064516078
2004-03-12,-1,571,594,111.74,112.15,111.75,112.13000000000001,stop,-0.4100000000000108,-0.0036689038031320876,-36.68903803132088,0.38000000000000966,-1.0789473684210535
2004-03-15,1,571,633,112.26,111.83,112.25,111.85,stop,-0.4300000000000068,-0.0038307349665924885,-38.30734966592488,0.4000000000000057,-1.0750000000000017
2004-03-16,-1,571,885,111.74,111.04,111.75,111.03,target,0.6999999999999886,0.0062639821029081754,62.63982102908175,0.7800000000000011,0.8974358974358816
2004-03-17,-1,571,590,112.17,112.65,112.18,112.63000000000001,stop,-0.480000000000004,-0.004278837582456801,-42.788375824568014,0.45000000000000284,-1.0666666666666689
2004-03-19,1,571,807,112.4,111.89,112.39,111.91,stop,-0.5100000000000051,-0.004537770264258431,-45.37770264258431,0.480000000000004,-1.0625000000000018
2004-03-22,1,571,601,110.49000000000001,109.78000000000002,110.48,109.80000000000001,stop,-0.7099999999999937,-0.006426502534395309,-64.26502534395308,0.6799999999999926,-1.0441176470588256
2004-03-23,-1,571,695,110.14,109.76,110.15,109.75,target,0.37999999999999545,0.003449841125737589,34.49841125737589,0.5999999999999943,0.6333333333333317
2004-03-25,-1,571,764,110.07,110.77,110.08,110.75,stop,-0.7000000000000028,-0.006359011627907003,-63.59011627907003,0.6700000000000017,-1.0447761194029868
2004-03-29,-1,571,592,111.72,112.10999999999999,111.73,112.08999999999999,stop,-0.38999999999998636,-0.003490557594200182,-34.905575942001825,0.3599999999999852,-1.08333333333334
2004-04-02,-1,571,959,114.72,114.43,114.73,114.42,eod,0.28999999999999204,0.0025276736686131963,25.27673668613196,1.4000000000000057,0.2071428571428506
2004-04-06,1,571,959,114.83,115.07,114.82,115.08,eod,0.23999999999999488,0.002090228183243293,20.90228183243293,0.5,0.47999999999998977
2004-04-08,-1,571,681,115.36,114.51,115.37,114.5,target,0.8499999999999943,0.007367599895986775,73.67599895986775,0.9499999999999886,0.8947368421052678
2004-04-13,-1,571,585,115.25999999999999,114.86,115.27,114.85,target,0.3999999999999915,0.00347011364622184,34.7011364622184,0.38000000000000966,1.0526315789473193
2004-04-14,1,571,610,112.66000000000001,113.28,112.65,113.29,target,0.6199999999999903,0.005503772747447761,55.03772747447761,0.7200000000000131,0.8611111111110821
2004-05-06,1,571,667,111.98,111.36000000000001,111.97,111.38000000000001,stop,-0.6199999999999903,-0.0055371974636062365,-55.37197463606236,0.5899999999999892,-1.0508474576271214
2004-05-07,1,571,581,111.29,111.83999999999999,111.28,111.85,target,0.549999999999983,0.00494248741912278,49.424874191227794,0.6899999999999977,0.7971014492753402
2004-05-10,1,571,670,109.42,108.56,109.41,108.58,stop,-0.8599999999999994,-0.007860341833470428,-78.60341833470427,0.8299999999999983,-1.0361445783132543
2004-05-13,1,571,624,109.83,110.28999999999999,109.82,110.3,target,0.45999999999999375,0.004188672372973901,41.88672372973901,0.5999999999999801,0.7666666666666817
2004-05-17,1,571,959,108.91000000000001,108.851,108.9,108.861,eod,-0.05900000000001171,-0.0005417814508724675,-5.417814508724675,1.1600000000000108,-0.05086206896552686
2004-05-18,-1,571,959,109.42999999999999,109.7,109.44,109.69,eod,-0.27000000000001023,-0.0024671052631579883,-24.671052631579883,0.6789999999999878,-0.39764359351990436
2004-05-19,-1,571,930,110.50999999999999,109.7,110.52,109.69,target,0.8099999999999881,0.0073289902280129215,73.28990228012921,0.7900000000000063,1.0253164556961794
2004-05-21,-1,571,694,109.92,110.44,109.93,110.42,stop,-0.519999999999996,-0.004730282907304612,-47.30282907304612,0.4899999999999949,-1.0612244897959213
2004-05-24,-1,571,691,110.53,109.94000000000001,110.54,109.93,target,0.5899999999999892,0.005337434412882117,53.37434412882117,0.5899999999999892,1.0
2004-05-27,-1,571,605,112.53999999999999,113.01,112.55,112.99000000000001,stop,-0.4700000000000131,-0.004175921812527882,-41.75921812527882,0.44000000000001194,-1.068181818181819
2004-06-04,-1,571,959,113.03999999999999,112.92,113.05,112.91,eod,0.11999999999999034,0.0010614772224678492,10.614772224678491,0.6800000000000068,0.17647058823527814
2004-06-07,-1,571,675,113.42,113.97000000000001,113.43,113.95000000000002,stop,-0.5500000000000114,-0.004848805430662182,-48.48805430662183,0.5200000000000102,-1.0576923076923088
2004-06-14,1,571,671,113.78,113.32,113.77,113.33999999999999,stop,-0.46000000000000796,-0.004043245143711066,-40.43245143711066,0.4300000000000068,-1.0697674418604666
2004-06-15,-1,571,959,113.92,113.96000000000001,113.93,113.95,eod,-0.04000000000000625,-0.0003510927762661832,-3.5109277626618316,0.6800000000000068,-0.05882352941177331
2004-06-18,1,571,606,113.28,113.83999999999999,113.27,113.85,target,0.5599999999999881,0.004943939260174698,49.43939260174698,0.7199999999999847,0.7777777777777778
2004-06-28,-1,571,849,114.46,114.14,114.47,114.13,target,0.3199999999999932,0.0027954922687166346,27.954922687166345,0.4399999999999977,0.7272727272727155
2004-07-06,1,571,669,112.37,111.92000000000002,112.36,111.94000000000001,stop,-0.44999999999998863,-0.004004983980063979,-40.04983980063979,0.4199999999999875,-1.0714285714285763
2004-07-08,1,571,676,111.80000000000001,112.13,111.79,112.14,target,0.3299999999999841,0.0029519635029965478,29.519635029965478,0.3100000000000023,1.064516129032199
2004-07-09,-1,571,959,111.69,111.65,111.7,111.64,eod,0.03999999999999204,0.00035810205908676847,3.5810205908676846,0.4999999999999858,0.07999999999998636
2004-07-14,1,571,626,111.26,111.88,111.25,111.89,target,0.6199999999999903,0.0055730337078650815,55.73033707865081,0.6199999999999903,1.0
2004-07-16,-1,571,637,111.66,111.05000000000001,111.67,111.04,target,0.6099999999999852,0.005462523506760859,54.62523506760859,0.4299999999999784,1.4186046511628276
2004-07-21,-1,571,737,111.82,111.25,111.83,111.24,target,0.5699999999999932,0.005097022265939311,50.97022265939311,0.5699999999999932,1.0
2004-07-22,1,571,589,109.37,109.78,109.36,109.79,target,0.4099999999999966,0.0037490855888807294,37.490855888807296,0.4300000000000068,0.9534883720930002
2004-07-23,1,571,602,109.57000000000001,109.23000000000002,109.56,109.25000000000001,stop,-0.3399999999999892,-0.0031033223804307155,-31.033223804307156,0.30999999999998806,-1.0967741935483946
2004-07-29,-1,571,873,110.42999999999999,110.04,110.44,110.03,target,0.38999999999998636,0.0035313292285402607,35.3132922854026,0.6100000000000136,0.6393442622950453
2004-08-02,1,571,642,110.13000000000001,110.66,110.12,110.67,target,0.5299999999999869,0.004812931347620658,48.12931347620658,0.4100000000000108,1.2926829268292024
2004-08-04,1,571,841,109.94000000000001,110.33999999999999,109.93,110.35,target,0.39999999999997726,0.003638679159464907,36.38679159464907,0.5,0.7999999999999545
2004-08-06,1,571,927,107.75,106.72,107.74,106.74,stop,-1.0300000000000011,-0.009560051976981633,-95.60051976981633,1.0,-1.0300000000000011
2004-08-11,1,571,959,107.67,108.08,107.66,108.09,eod,0.4099999999999966,0.0038082853427456494,38.08285342745649,0.6699999999999875,0.611940298507469
2004-08-12,1,571,622,107.66000000000001,107.25000000000001,107.65,107.27000000000001,stop,-0.4099999999999966,-0.003808639108221055,-38.08639108221055,0.37999999999999545,-1.0789473684210567
2004-08-24,-1,571,633,110.61999999999999,110.21000000000001,110.63,110.2,target,0.4099999999999824,0.0037060471843078945,37.06047184307894,0.45000000000000284,0.9111111111110662
2004-09-07,-1,571,778,112.6,113.01,112.61,112.99000000000001,stop,-0.4100000000000108,-0.0036408844685197656,-36.40884468519766,0.38000000000000966,-1.0789473684210535
2004-09-15,1,571,619,113.32000000000001,112.97,113.31,112.99,stop,-0.3500000000000085,-0.0030888712381961746,-30.888712381961746,0.3200000000000074,-1.0937500000000013
2004-09-20,1,571,959,112.64,112.50999999999999,112.63,112.52,eod,-0.13000000000000966,-0.0011542217881559947,-11.542217881559946,0.3999999999999915,-0.3250000000000311
2004-09-22,1,571,715,112.47,111.74000000000001,112.46,111.76,stop,-0.7299999999999898,-0.006491196869998131,-64.91196869998132,0.6999999999999886,-1.0428571428571451
2004-10-01,-1,571,602,112.27,112.80000000000001,112.28,112.78000000000002,stop,-0.5300000000000153,-0.00472034200213765,-47.2034200213765,0.5000000000000142,-1.0600000000000005
2004-10-04,-1,571,959,114.08999999999999,113.86,114.1,113.85,eod,0.22999999999998977,0.0020157756354074476,20.157756354074476,0.6199999999999903,0.37096774193547316
2004-10-12,1,571,959,112.22,112.52,112.21,112.53,eod,0.29999999999999716,0.002673558506371956,26.73558506371956,0.6799999999999926,0.4411764705882359
2004-10-13,-1,571,616,113.0,112.54,113.01,112.53,target,0.45999999999999375,0.00407043624458007,40.7043624458007,0.45999999999999375,1.0
2004-10-15,-1,571,592,111.02,110.71000000000001,111.03,110.7,target,0.30999999999998806,0.0027920381878770426,27.920381878770428,0.30999999999998806,1.0
2004-11-03,-1,571,959,115.07,114.78,115.08,114.77,eod,0.28999999999999204,0.0025199860966283634,25.199860966283634,1.480000000000004,0.19594594594594003
2004-11-05,-1,571,629,116.94999999999999,117.55,116.96,117.53,stop,-0.6000000000000085,-0.00512995896032839,-51.2995896032839,0.5700000000000074,-1.0526315789473697
2004-11-15,1,571,959,118.47,118.66,118.46,118.67,eod,0.18999999999999773,0.0016039169339861366,16.039169339861367,0.36999999999999034,0.5135135135135208
2004-11-17,-1,571,618,118.41,119.0,118.42,118.98,stop,-0.5900000000000034,-0.004982266509035664,-49.822665090356644,0.5600000000000023,-1.0535714285714304
2004-11-29,-1,571,668,118.8,118.36,118.81,118.35,target,0.4399999999999977,0.003703391970372845,37.03391970372845,0.4200000000000159,1.0476190476190026
2004-12-01,-1,571,587,118.11,118.60999999999999,118.12,118.58999999999999,stop,-0.4999999999999858,-0.004232983406704925,-42.32983406704925,0.46999999999998465,-1.063829787234047
2004-12-02,1,571,628,119.13000000000001,119.46,119.12,119.47,target,0.3299999999999841,0.00277031564808583,27.7031564808583,0.3900000000000148,0.8461538461537733
2004-12-09,1,571,786,118.17,118.61,118.16,118.62,target,0.4399999999999977,0.003723764387271477,37.23764387271477,0.5,0.8799999999999955
2004-12-10,1,571,594,118.88000000000001,119.28999999999999,118.87,119.3,target,0.4099999999999824,0.0034491461260198735,34.49146126019873,0.3500000000000085,1.1714285714284924
2004-12-13,-1,571,959,119.75,120.30000000000001,119.76,120.29,eod,-0.5500000000000114,-0.004592518370073575,-45.92518370073575,0.5900000000000034,-0.9322033898305223
2004-12-17,1,571,959,119.42,119.41,119.41,119.42,eod,-0.010000000000005116,-8.374507997659423e-05,-0.8374507997659423,1.190000000000012,-0.00840336134454203
2005-01-03,-1,571,617,121.49,121.05000000000001,121.5,121.04,target,0.4399999999999835,0.0036213991769545968,36.21399176954597,0.5799999999999983,0.7586206896551462
2005-01-04,-1,571,626,120.44999999999999,120.07000000000001,120.46,120.06,target,0.37999999999998124,0.003154574132491958,31.545741324919582,0.3999999999999915,0.9499999999999733
2005-01-11,1,571,586,118.59,118.32000000000001,118.58,118.34,stop,-0.269999999999996,-0.0022769438353853603,-22.7694383538536,0.23999999999999488,-1.1250000000000073
2005-01-18,1,571,630,118.07000000000001,118.41,118.06,118.42,target,0.3399999999999892,0.00287989158055217,28.798915805521702,0.38000000000000966,0.894736842105212
2005-01-20,1,571,797,117.9,117.35000000000001,117.89,117.37,stop,-0.5499999999999972,-0.004665366019170389,-46.65366019170389,0.519999999999996,-1.0576923076923104
2005-01-25,-1,571,600,116.86,117.41999999999999,116.87,117.39999999999999,stop,-0.5599999999999881,-0.004791648840592008,-47.916488405920084,0.5299999999999869,-1.0566037735849092
2005-01-26,-1,571,959,117.32,117.42,117.33,117.41,eod,-0.10000000000000853,-0.0008522969402540571,-8.522969402540571,0.4399999999999835,-0.22727272727275516
2005-01-31,-1,571,959,117.94999999999999,118.08,117.96,118.07,eod,-0.13000000000000966,-0.001102068497795945,-11.02068497795945,0.8500000000000085,-0.15294117647059807
2005-02-10,-1,571,677,119.66,119.31,119.67,119.3,target,0.3499999999999943,0.0029247096181164393,29.24709618116439,0.3499999999999943,1.0
2005-02-22,1,571,638,119.89,120.33999999999999,119.88,120.35,target,0.44999999999998863,0.003753753753753659,37.53753753753659,0.4299999999999784,1.0465116279070028
2005-02-23,-1,571,692,118.96,119.28999999999999,118.97,119.27,stop,-0.3299999999999983,-0.002773808523157084,-27.738085231570842,0.29999999999999716,-1.1000000000000048
2005-03-02,1,571,657,120.82000000000001,121.28999999999999,120.81,121.3,target,0.46999999999998465,0.0038904064233092014,38.904064233092015,0.5899999999999892,0.796610169491514
2005-03-03,-1,571,681,121.6,121.30000000000001,121.61,121.29,target,0.29999999999998295,0.0024669023928951808,24.66902392895181,0.4199999999999875,0.714285714285695
2005-03-04,-1,571,839,121.96,122.75999999999999,121.97,122.74,stop,-0.7999999999999972,-0.006558989915552982,-65.58989915552982,0.769999999999996,-1.0389610389610406
2005-03-15,-1,571,697,121.36999999999999,121.05000000000001,121.38,121.04,target,0.31999999999997897,0.0026363486571097296,26.363486571097297,0.4200000000000017,0.7619047619047087
2005-03-16,1,571,683,119.79,119.21000000000001,119.78,119.23,stop,-0.5799999999999983,-0.0048422107196526825,-48.422107196526824,0.5499999999999972,-1.054545454545457
2005-03-24,-1,571,758,117.39,117.85999999999999,117.4,117.83999999999999,stop,-0.46999999999998465,-0.004003407155025423,-40.034071550254225,0.4399999999999835,-1.0681818181818232
2005-03-30,-1,571,608,116.78999999999999,117.17,116.8,117.15,stop,-0.38000000000000966,-0.0032534246575343295,-32.534246575343296,0.3500000000000085,-1.085714285714287
2005-04-01,-1,571,655,118.57,117.97,118.58,117.96,target,0.5999999999999943,0.005059875189745272,50.598751897452715,0.7199999999999989,0.8333333333333267
2005-04-06,-1,571,670,118.44999999999999,118.83,118.46,118.81,stop,-0.38000000000000966,-0.003207833867972393,-32.07833867972393,0.3500000000000085,-1.085714285714287
2005-04-15,1,571,657,115.83,116.19,115.82,116.2,target,0.35999999999999943,0.003108271455707127,31.08271455707127,0.5400000000000063,0.6666666666666579
2005-04-19,-1,571,959,115.02,115.30000000000001,115.03,115.29,eod,-0.28000000000001535,-0.0024341476136661338,-24.34147613666134,0.5699999999999932,-0.4912280701754714
2005-04-21,-1,571,856,114.80999999999999,115.78000000000002,114.82,115.76000000000002,stop,-0.9700000000000273,-0.00844800557394206,-84.4800557394206,0.9400000000000261,-1.0319148936170215
2005-04-25,-1,571,611,115.88,116.44999999999999,115.89,116.42999999999999,stop,-0.5699999999999932,-0.004918457157649436,-49.18457157649436,0.539999999999992,-1.0555555555555585
2005-04-29,-1,571,626,115.07,114.4,115.08,114.39,target,0.6699999999999875,0.0058220368439345456,58.22036843934546,0.6699999999999875,1.0
2005-05-06,-1,571,717,117.91,117.4,117.92,117.39,target,0.5099999999999909,0.004324966078697345,43.24966078697345,0.5500000000000114,0.9272727272726916
2005-05-10,1,571,880,117.35000000000001,116.68,117.34,116.7,stop,-0.6700000000000017,-0.005709902846429194,-57.09902846429194,0.6400000000000006,-1.0468750000000018
2005-05-18,-1,571,630,118.03999999999999,118.56999999999998,118.05,118.54999999999998,stop,-0.5299999999999869,-0.004489623041084176,-44.89623041084176,0.4999999999999858,-1.060000000000004
2005-05-26,-1,571,959,119.72999999999999,120.05000000000001,119.74,120.04,eod,-0.3200000000000216,-0.0026724569901454952,-26.724569901454952,0.5100000000000193,-0.6274509803921754
2005-06-08,-1,571,834,120.44,120.07000000000001,120.45,120.06,target,0.36999999999999034,0.00307181403071806,30.7181403071806,0.3500000000000085,1.0571428571428039
2005-06-15,-1,571,609,121.13,120.84,121.14,120.83,target,0.28999999999999204,0.0023939243850090147,23.939243850090147,0.3499999999999943,0.8285714285714193
2005-06-20,1,571,883,121.14,121.58,121.13,121.59,target,0.4399999999999977,0.0036324609923222796,36.324609923222795,0.5600000000000023,0.7857142857142785
2005-06-22,-1,571,650,121.67,121.31,121.68,121.3,target,0.35999999999999943,0.0029585798816568,29.585798816567998,0.38000000000000966,0.947368421052606
2005-06-28,-1,571,600,119.38,119.78,119.39,119.76,stop,-0.4000000000000057,-0.003350364352123341,-33.503643521233414,0.37000000000000455,-1.0810810810810831
2005-06-30,-1,571,661,120.22,119.95,120.23,119.94,target,0.269999999999996,0.0022456957498128254,22.456957498128254,0.269999999999996,1.0
2005-07-01,-1,571,959,119.42999999999999,119.51,119.44,119.5,eod,-0.0800000000000125,-0.0006697923643671509,-6.697923643671509,0.4000000000000057,-0.20000000000002843
2005-07-07,1,571,821,118.39,119.47,118.38,119.48,target,1.0799999999999983,0.009123162696401406,91.23162696401405,1.279999999999987,0.8437500000000073
2005-07-14,-1,571,959,122.96,122.75,122.97,122.74,eod,0.20999999999999375,0.001707733593559354,17.07733593559354,0.6400000000000148,0.3281249999999827
2005-07-19,-1,571,959,122.75999999999999,123.01,122.77,123.0,eod,-0.2500000000000142,-0.0020363280931824895,-20.363280931824896,0.44999999999998863,-0.5555555555556012
2005-07-20,1,571,795,122.64,122.99,122.63,123.0,target,0.3499999999999943,0.002854114001467784,28.54114001467784,0.44999999999998863,0.7777777777777848
2005-08-02,-1,571,604,123.83999999999999,124.14,123.85,124.12,stop,-0.30000000000001137,-0.0024222850222043713,-24.222850222043714,0.27000000000001023,-1.1111111111111112
2005-08-04,1,571,720,124.24000000000001,123.78,124.23,123.8,stop,-0.46000000000000796,-0.00370280930532084,-37.0280930532084,0.4300000000000068,-1.0697674418604666
2005-08-08,-1,571,652,123.17999999999999,122.79,123.19,122.78,target,0.38999999999998636,0.0031658413832290474,31.658413832290474,0.37000000000000455,1.0540540540540042
2005-08-09,-1,571,959,123.03,123.35000000000001,123.04,123.34,eod,-0.3200000000000074,-0.002600780234070281,-26.00780234070281,0.5899999999999892,-0.5423728813559546
2005-08-10,-1,571,646,123.83,124.33999999999999,123.84,124.32,stop,-0.5099999999999909,-0.0041182170542634925,-41.18217054263493,0.47999999999998977,-1.0625000000000038
2005-08-12,1,571,703,123.57000000000001,123.17,123.56,123.19,stop,-0.4000000000000057,-0.0032372936225316096,-32.372936225316096,0.37000000000000455,-1.0810810810810831
2005-08-19,-1,571,959,122.55,122.28,122.56,122.27,eod,0.269999999999996,0.002203002610966025,22.030026109660252,0.6099999999999994,0.442622950819666
2005-08-29,1,571,611,120.47,120.80999999999999,120.46,120.82,target,0.3399999999999892,0.0028225136974928543,28.225136974928542,0.45999999999999375,0.7391304347825952
2005-08-30,1,571,623,121.2,120.88000000000001,121.19,120.9,stop,-0.3199999999999932,-0.0026404818879444936,-26.404818879444935,0.28999999999999204,-1.1034482758620758
2005-09-06,-1,571,625,122.71,123.25000000000001,122.72,123.23000000000002,stop,-0.5400000000000205,-0.004400260756193127,-44.00260756193127,0.5100000000000193,-1.0588235294117647
2005-09-08,1,571,959,123.67,123.57,123.66,123.58,eod,-0.10000000000000853,-0.0008086689309397423,-8.086689309397423,0.35999999999999943,-0.2777777777778019
2005-09-15,-1,571,642,123.53999999999999,123.19000000000001,123.55,123.18,target,0.3499999999999801,0.002832861189801539,28.32861189801539,0.29000000000000625,1.2068965517240433
2005-09-26,-1,571,803,122.03,121.57000000000001,122.04,121.56,target,0.45999999999999375,0.0037692559816453106,37.692559816453105,0.480000000000004,0.9583333333333124
2005-09-28,-1,571,730,121.91,121.51,121.92,121.5,target,0.3999999999999915,0.0032808398950130535,32.80839895013054,0.4200000000000017,0.9523809523809282
2005-10-07,-1,571,648,119.67,119.16000000000001,119.68,119.15,target,0.5099999999999909,0.00426136363636356,42.6136363636356,0.5699999999999932,0.894736842105258
2005-10-13,1,571,638,117.56,117.83999999999999,117.55,117.85,target,0.2799999999999869,0.0023819651212248997,23.819651212248996,0.480000000000004,0.5833333333333013
2005-10-21,-1,571,716,118.32,117.73,118.33,117.72,target,0.5899999999999892,0.004986055945237803,49.86055945237803,0.4899999999999949,1.2040816326530517
2005-11-03,-1,571,959,122.19,122.16000000000001,122.2,122.15,eod,0.029999999999986926,0.00024549918166928746,2.4549918166928744,0.480000000000004,0.062499999999972244
2005-11-08,1,571,959,121.95,122.05999999999999,121.94,122.07,eod,0.10999999999998522,0.0009020829916351092,9.020829916351092,0.47999999999998977,0.22916666666664076
2005-11-18,-1,571,571,124.97999999999999,125.52999999999999,124.99,125.50999999999999,stop,-0.5499999999999972,-0.00440035202816223,-44.0035202816223,0.519999999999996,-1.0576923076923104
2005-11-29,-1,571,816,126.61999999999999,126.16000000000001,126.63,126.15,target,0.45999999999997954,0.0036326304983019786,36.32630498301979,0.47999999999998977,0.9583333333333112
2005-12-01,-1,571,766,126.00999999999999,126.72999999999999,126.02,126.71,stop,-0.7199999999999989,-0.005713378828757331,-57.13378828757331,0.6899999999999977,-1.043478260869567
2005-12-06,-1,571,729,127.08,127.45,127.09,127.43,stop,-0.37000000000000455,-0.002911322684711657,-29.11322684711657,0.3400000000000034,-1.0882352941176494
2005-12-21,-1,571,626,126.17999999999999,126.58,126.19,126.56,stop,-0.4000000000000057,-0.003169823282352054,-31.69823282352054,0.37000000000000455,-1.0810810810810831
2005-12-30,1,571,577,124.76,124.67,124.75,124.69,stop,-0.09000000000000341,-0.0007214428857715704,-7.2144288577157045,0.060000000000002274,-1.5
2006-01-03,-1,571,628,125.19,124.57000000000001,125.2,124.56,target,0.6199999999999903,0.004952076677316217,49.520766773162165,0.4399999999999835,1.4090909090909398
2006-01-06,-1,571,959,127.99999999999999,128.42,128.01,128.41,eod,-0.4200000000000017,-0.0032809936723693597,-32.809936723693596,0.8600000000000136,-0.4883720930232501
2006-01-10,1,571,804,128.39999999999998,128.92000000000002,128.39,128.93,target,0.5200000000000387,0.004050159669756513,40.50159669756513,0.5199999999999818,1.0000000000001092
2006-01-17,1,571,959,128.16,128.25,128.15,128.26,eod,0.09000000000000341,0.0007023019898556645,7.023019898556645,0.4600000000000364,0.1956521739130354
2006-01-18,1,571,959,127.58,127.78,127.57,127.79,eod,0.20000000000000284,0.001567766716312635,15.677667163126351,0.6499999999999773,0.3076923076923228
2006-01-19,-1,571,771,128.11,128.41,128.12,128.39,stop,-0.29999999999998295,-0.0023415547923820086,-23.415547923820085,0.2699999999999818,-1.1111111111111227
2006-01-25,-1,571,622,127.05,126.61,127.06,126.6,target,0.4399999999999977,0.0034629308987879563,34.62930898787956,0.4200000000000159,1.0476190476190026
2006-01-26,-1,571,959,127.22,127.42,127.23,127.41,eod,-0.20000000000000284,-0.001571956299614893,-15.71956299614893,0.8599999999999994,-0.2325581395348872
2006-02-03,1,571,801,126.61,127.11,126.6,127.12,target,0.5,0.003949447077409163,39.49447077409163,0.5,1.0
2006-02-28,1,571,631,129.20999999999998,128.67999999999998,129.2,128.7,stop,-0.5300000000000011,-0.004102167182662548,-41.02167182662548,0.5,-1.0600000000000023
2006-03-01,-1,571,674,128.60000000000002,128.97,128.61,128.95,stop,-0.3699999999999761,-0.002876914703366582,-28.76914703366582,0.339999999999975,-1.088235294117657
2006-03-02,1,571,666,128.84,129.39000000000001,128.83,129.4,target,0.5500000000000114,0.004269191958394872,42.69191958394872,0.4300000000000068,1.2790697674418665
2006-03-03,1,571,630,128.70999999999998,129.21,128.7,129.22,target,0.5000000000000284,0.003885003885004106,38.85003885004106,0.5999999999999943,0.8333333333333885
2006-04-03,-1,571,645,130.09,130.69040000000004,130.1,130.67040000000003,stop,-0.600400000000036,-0.004614911606456849,-46.149116064568496,0.5704000000000349,-1.0525946704067308
2006-04-18,-1,571,607,128.99,129.39999999999998,129.0,129.37999999999997,stop,-0.40999999999996817,-0.003178294573643164,-31.782945736431643,0.37999999999996703,-1.0789473684210624
2006-04-21,-1,571,850,131.67000000000002,131.16,131.68,131.15,target,0.5100000000000193,0.003873025516403549,38.73025516403549,0.629999999999967,0.8095238095238826
2006-04-27,1,571,603,129.84,130.57000000000002,129.83,130.58,target,0.7300000000000182,0.0056227374258647315,56.227374258647316,0.6100000000000136,1.196721311475413
2006-05-02,-1,571,820,130.95000000000002,131.45000000000002,130.96,131.43,stop,-0.5,-0.0038179596823457542,-38.179596823457544,0.46999999999999886,-1.0638297872340452
2006-05-05,-1,571,888,131.96,132.82,131.97,132.79999999999998,stop,-0.8599999999999852,-0.006516632568007769,-65.16632568007769,0.8299999999999841,-1.036144578313255
2006-05-12,1,571,620,130.42,130.09999999999997,130.41,130.11999999999998,stop,-0.3200000000000216,-0.0024537995552489965,-24.537995552489964,0.29000000000002046,-1.1034482758620656
2006-05-15,1,571,582,128.85,129.24,128.84,129.25,target,0.3900000000000148,0.00302701024526556,30.2701024526556,0.5100000000000193,0.7647058823529411
2006-05-17,1,571,675,128.67999999999998,127.95999999999997,128.67,127.97999999999996,stop,-0.7200000000000131,-0.005595709955700732,-55.95709955700732,0.6900000000000261,-1.0434782608695445
2006-05-19,-1,571,622,126.72,126.37,126.73,126.36,target,0.3499999999999943,0.0027617770062336802,27.617770062336803,0.6500000000000057,0.538461538461525
2006-05-22,1,571,711,126.37,125.58000000000001,126.36,125.60000000000001,stop,-0.789999999999992,-0.006251978474200634,-62.51978474200634,0.7599999999999909,-1.0394736842105283
2006-05-23,-1,571,944,127.11999999999999,126.43,127.13,126.42,target,0.6899999999999835,0.00542751514198052,54.275151419805205,0.8100000000000165,0.8518518518518141
2006-05-25,-1,571,959,126.88,127.64,126.89,127.63,eod,-0.7600000000000051,-0.005989439672157026,-59.89439672157026,0.8499999999999943,-0.8941176470588356
2006-06-16,1,571,959,125.2625,124.97,125.2525,124.98,eod,-0.292500000000004,-0.0023352827288876787,-23.352827288876785,0.8725000000000023,-0.33524355300859965
2006-06-29,-1,571,670,125.25999999999999,125.84,125.27,125.82000000000001,stop,-0.5800000000000125,-0.004629999201724375,-46.29999201724375,0.5500000000000114,-1.0545454545454556
2006-07-05,1,571,646,127.37,126.74000000000001,127.36,126.76,stop,-0.6299999999999955,-0.004946608040200969,-49.466080402009695,0.5999999999999943,-1.0500000000000023
2006-07-10,-1,571,655,126.97999999999999,127.39,126.99,127.37,stop,-0.4100000000000108,-0.003228600677218764,-32.28600677218764,0.38000000000000966,-1.0789473684210535
2006-07-13,1,571,591,125.41000000000001,125.02000000000001,125.4,125.04,stop,-0.39000000000000057,-0.0031100478468899565,-31.100478468899563,0.35999999999999943,-1.0833333333333366
2006-07-19,-1,571,592,124.22,124.7,124.23,124.68,stop,-0.480000000000004,-0.0038638010142477983,-38.63801014247798,0.45000000000000284,-1.0666666666666689
2006-07-28,-1,571,664,126.99,127.63999999999999,127.0,127.61999999999999,stop,-0.6499999999999915,-0.005118110236220406,-51.18110236220406,0.6199999999999903,-1.0483870967741962
2006-08-03,1,571,662,127.23,127.91,127.22,127.92,target,0.6799999999999926,0.0053450715296336476,53.450715296336476,0.480000000000004,1.4166666666666394
2006-08-04,-1,571,793,128.94,128.13,128.95,128.12,target,0.8100000000000023,0.0062815044590926895,62.815044590926895,1.0500000000000114,0.7714285714285652
2006-08-09,-1,571,890,128.21,127.34,128.22,127.33,target,0.8700000000000045,0.006785212915301861,67.85212915301861,0.8499999999999943,1.023529411764718
2006-08-14,-1,571,959,127.63,127.07000000000001,127.64,127.06,eod,0.5599999999999881,0.004387339392040019,43.87339392040019,0.7799999999999869,0.7179487179487147
2006-08-15,-1,571,959,128.20000000000002,128.72,128.21,128.71,eod,-0.5199999999999818,-0.004055845877856499,-40.55845877856499,1.1500000000000057,-0.4521739130434602
2006-08-16,-1,571,959,129.26000000000002,129.75,129.27,129.74,eod,-0.4899999999999807,-0.0037905159743171707,-37.90515974317171,0.6999999999999886,-0.6999999999999837
2006-08-24,-1,571,720,130.07000000000002,129.57,130.08,129.56,target,0.5000000000000284,0.003843788437884597,38.43788437884597,0.3599999999999852,1.388888888889025
2006-09-01,-1,571,778,131.17000000000002,131.58999999999997,131.18,131.56999999999996,stop,-0.4199999999999591,-0.0032017075773742875,-32.017075773742874,0.38999999999995794,-1.0769230769230882
2006-09-06,1,571,894,131.14999999999998,130.52,131.14,130.54000000000002,stop,-0.629999999999967,-0.00480402623150806,-48.040262315080604,0.5999999999999659,-1.0500000000000047
2006-09-07,1,571,640,130.13,129.68,130.12,129.70000000000002,stop,-0.44999999999998863,-0.0034583461420226607,-34.583461420226605,0.4199999999999875,-1.0714285714285763
2006-09-11,1,571,748,129.84,130.29000000000002,129.83,130.3,target,0.45000000000001705,0.0034660710159440575,34.660710159440576,0.4099999999999966,1.0975609756098068
2006-09-20,-1,571,843,132.29000000000002,132.77,132.3,132.75,stop,-0.47999999999998977,-0.003628117913832122,-36.28117913832122,0.44999999999998863,-1.0666666666666709
2006-09-25,-1,571,612,131.75,131.41,131.76,131.4,target,0.3400000000000034,0.0025804493017608033,25.80449301760803,0.29999999999998295,1.133333333333409
2006-10-06,1,571,575,134.92,134.57999999999996,134.91,134.59999999999997,stop,-0.34000000000003183,-0.0025201986509527227,-25.201986509527227,0.3100000000000307,-1.0967741935483812
2006-10-11,1,571,772,134.87,135.34,134.86,135.35,target,0.46999999999999886,0.0034850956547530683,34.850956547530686,0.5300000000000011,0.8867924528301846
2006-10-12,-1,571,684,135.47,135.92999999999998,135.48,135.90999999999997,stop,-0.45999999999997954,-0.0033953351048123677,-33.95335104812368,0.4299999999999784,-1.0697674418604712
2006-10-17,1,571,591,136.47,136.03,136.46,136.05,stop,-0.4399999999999977,-0.0032243880990766357,-32.24388099076636,0.4099999999999966,-1.0731707317073205
2006-10-18,-1,571,643,137.08,136.47,137.09,136.46,target,0.6100000000000136,0.004449631628857055,44.49631628857055,0.5299999999999727,1.1509433962265
2006-10-23,1,571,595,136.53,136.84,136.52,136.85,target,0.3100000000000023,0.0022707295634339457,22.707295634339456,0.25,1.240000000000009
2006-10-24,1,571,590,137.34,137.67000000000002,137.33,137.68,target,0.3300000000000125,0.002402970945896836,24.02970945896836,0.43000000000003524,0.7674418604650824
2006-10-26,-1,571,625,138.69,138.20999999999998,138.7,138.2,target,0.4800000000000182,0.0034607065609229865,34.60706560922986,0.4399999999999977,1.090909090909138
2006-11-01,-1,571,615,138.21,137.79,138.22,137.78,target,0.4200000000000159,0.0030386340616409776,30.386340616409775,0.4399999999999977,0.9545454545454957
2006-11-02,1,571,680,136.57,136.9,136.56,136.91,target,0.3300000000000125,0.0024165202108964007,24.165202108964007,0.45000000000001705,0.7333333333333333
2006-11-03,-1,571,633,137.24,136.82,137.25,136.81,target,0.4200000000000159,0.003060109289617602,30.60109289617602,0.4800000000000182,0.875
2006-11-06,-1,571,595,137.02,137.33,137.03,137.31,stop,-0.3100000000000023,-0.002262278333211722,-22.62278333211722,0.28000000000000114,-1.1071428571428608
2006-11-08,1,571,648,138.0,138.43,137.99,138.44,target,0.4300000000000068,0.003116167838249198,31.161678382491978,0.4300000000000068,1.0
2006-11-16,-1,571,959,140.37,140.23999999999998,140.38,140.23,eod,0.13000000000002387,0.0009260578429977481,9.26057842997748,0.549999999999983,0.2363636363636871
2006-11-24,1,571,795,140.28,140.34,140.27,140.35,eod,0.060000000000002274,0.000427746488914253,4.27746488914253,0.7300000000000182,0.08219178082191887
2006-11-29,-1,571,605,139.45000000000002,139.94,139.46,139.92,stop,-0.4899999999999807,-0.0035135522730530664,-35.13552273053067,0.45999999999997954,-1.0652173913043532
2006-12-13,-1,571,633,142.21,141.63,142.22,141.62,target,0.5800000000000125,0.004078188721698865,40.78188721698865,0.6400000000000148,0.9062499999999987
2006-12-19,1,571,660,141.48,141.93,141.47,141.94,target,0.45000000000001705,0.0031808864070122077,31.808864070122077,0.30999999999997385,1.451612903225984
2006-12-27,-1,571,584,141.87,142.20000000000005,141.88,142.18000000000004,stop,-0.3300000000000409,-0.0023259092190586477,-23.259092190586475,0.3000000000000398,-1.0999999999999905
2007-01-03,-1,571,851,142.02,141.51999999999998,142.03,141.51,target,0.5000000000000284,0.003520383017672523,35.203830176725226,0.9400000000000261,0.5319148936170367
2007-01-10,1,571,820,140.64,141.12,140.63,141.13,target,0.4800000000000182,0.003413211974685474,34.13211974685474,0.6800000000000068,0.7058823529411962
2007-01-30,-1,571,681,142.29000000000002,142.73,142.3,142.70999999999998,stop,-0.4399999999999693,-0.003092059030217634,-30.92059030217634,0.40999999999996817,-1.0731707317073256
2007-02-01,-1,571,899,144.10000000000002,144.50000000000003,144.11,144.48000000000002,stop,-0.4000000000000057,-0.00277565748386653,-27.7565748386653,0.37000000000000455,-1.0810810810810831
2007-02-07,-1,571,878,145.08,144.79999999999998,145.09,144.79,target,0.28000000000002956,0.0019298366531120652,19.298366531120653,0.36000000000001364,0.7777777777778304
2007-02-13,-1,571,599,143.79000000000002,144.12,143.8,144.1,stop,-0.3299999999999841,-0.002294853963838554,-22.94853963838554,0.29999999999998295,-1.1000000000000094
2007-02-16,1,571,959,145.45999999999998,145.68,145.45,145.69,eod,0.22000000000002728,0.0015125472671022847,15.125472671022846,0.4000000000000057,0.5500000000000604
2007-02-21,1,571,959,145.6,145.88,145.59,145.89,eod,0.28000000000000114,0.0019232090116079478,19.23209011607948,0.46999999999997044,0.5957446808511038
2007-02-26,-1,571,643,145.87,145.37,145.88,145.36,target,0.5,0.0034274746366876885,34.27474636687688,0.4399999999999977,1.1363636363636422
2007-02-27,1,571,810,143.89,142.54999999999998,143.88,142.57,stop,-1.3400000000000034,-0.009313316652766218,-93.13316652766218,1.3100000000000023,-1.0229007633587794
2007-03-01,1,571,656,139.34,140.92000000000002,139.33,140.93,target,1.5800000000000125,0.011339984210148656,113.39984210148657,1.5600000000000307,1.012820512820501
2007-03-05,1,571,611,137.85,138.95000000000002,137.84,138.96,target,1.1000000000000227,0.007980266976204459,79.80266976204459,0.9399999999999977,1.170212765957474
2007-03-06,-1,571,908,138.86,139.89000000000001,138.87,139.87,stop,-1.0300000000000011,-0.007417008713185001,-74.17008713185001,1.0,-1.0300000000000011
2007-03-08,-1,571,959,140.54000000000002,140.56,140.55,140.55,eod,-0.01999999999998181,-0.00014229811454985277,-1.4229811454985277,1.0599999999999739,-0.01886792452828519
2007-03-09,-1,571,606,141.33,140.56,141.34,140.55,target,0.7700000000000102,0.005447856233196619,54.478562331966195,0.710000000000008,1.0845070422535235
2007-03-13,1,571,750,140.09,139.43,140.08,139.45000000000002,stop,-0.6599999999999966,-0.0047115933752141384,-47.11593375214139,0.6299999999999955,-1.0476190476190497
2007-03-19,-1,571,700,139.38,140.08000000000004,139.39,140.06000000000003,stop,-0.7000000000000455,-0.005021881053160524,-50.21881053160524,0.6700000000000443,-1.0447761194029839
2007-03-28,1,571,633,142.28,141.72999999999996,142.27,141.74999999999997,stop,-0.5500000000000398,-0.003865888802980528,-38.65888802980528,0.5200000000000387,-1.0576923076923055
2007-03-29,-1,571,801,142.51000000000002,141.54999999999998,142.52,141.54,target,0.9600000000000364,0.006735896716250606,67.35896716250606,1.0199999999999818,0.9411764705882878
2007-04-03,-1,571,646,142.97,143.66,142.98,143.64,stop,-0.6899999999999977,-0.004825849769198474,-48.25849769198474,0.6599999999999966,-1.0454545454545474
2007-04-16,-1,571,650,145.87,146.49000000000004,145.88,146.47000000000003,stop,-0.620000000000033,-0.00425006854949296,-42.5006854949296,0.5900000000000318,-1.0508474576271178
2007-04-18,1,571,620,146.75,147.06,146.74,147.07,target,0.3100000000000023,0.0021125800735995793,21.125800735995792,0.6100000000000136,0.5081967213114678
2007-04-19,1,571,710,146.48999999999998,147.14000000000001,146.48,147.15,target,0.6500000000000341,0.004437465865647421,44.37465865647421,0.5500000000000114,1.1818181818182194
2007-04-20,-1,571,959,148.25,148.48,148.26,148.47,eod,-0.22999999999998977,-0.0015513287467961,-15.513287467961,1.1500000000000057,-0.1999999999999901
2007-04-25,-1,571,903,148.72,149.44,148.73,149.42,stop,-0.7199999999999989,-0.004840987023465333,-48.409870234653326,0.6899999999999977,-1.043478260869567
2007-04-27,1,571,607,148.98999999999998,149.38,148.98,149.39,target,0.3900000000000148,0.0026178010471205183,26.178010471205184,0.28999999999999204,1.3448275862069845
2007-05-04,-1,571,583,150.74,151.26000000000002,150.75,151.24,stop,-0.5200000000000102,-0.003449419568822622,-34.49419568822622,0.4900000000000091,-1.0612244897959195
2007-05-08,1,571,616,150.48999999999998,150.14,150.48,150.16,stop,-0.3499999999999943,-0.002325890483785183,-23.25890483785183,0.3199999999999932,-1.0937500000000056
2007-05-10,1,571,714,150.76999999999998,150.05999999999997,150.76,150.07999999999998,stop,-0.710000000000008,-0.004709472008490369,-47.09472008490369,0.6800000000000068,-1.0441176470588247
2007-05-11,-1,571,631,149.75,150.19,149.76,150.17,stop,-0.4399999999999977,-0.002938034188034173,-29.380341880341728,0.4099999999999966,-1.0731707317073205
2007-05-18,-1,571,621,151.9,151.45,151.91,151.44,target,0.45000000000001705,0.002962280297544711,29.622802975447108,0.5300000000000011,0.8490566037736152
2007-05-30,1,571,684,151.41,152.07000000000002,151.4,152.08,target,0.660000000000025,0.004359313077939399,43.59313077939399,0.5600000000000023,1.1785714285714683
2007-06-01,-1,571,959,153.9285,153.97,153.9385,153.96,eod,-0.04149999999998499,-0.0002695881796950405,-2.695881796950405,0.4714999999999918,-0.0880169671261627
2007-06-05,1,571,722,153.76,153.17999999999998,153.75,153.2,stop,-0.5800000000000125,-0.003772357723577317,-37.72357723577317,0.5500000000000114,-1.0545454545454556
2007-06-06,1,571,606,152.92,152.35999999999999,152.91,152.38,stop,-0.5600000000000023,-0.0036622850042508813,-36.622850042508816,0.5300000000000011,-1.0566037735849076
2007-06-07,1,571,668,151.63,151.0,151.62,151.02,stop,-0.6299999999999955,-0.004155124653739582,-41.55124653739582,0.5999999999999943,-1.0500000000000023
2007-06-12,1,571,838,150.64999999999998,151.29000000000002,150.64,151.3,target,0.6400000000000432,0.004248539564524981,42.48539564524982,0.6000000000000227,1.0666666666666982
2007-06-13,-1,571,857,150.45000000000002,151.23000000000002,150.46,151.21,stop,-0.7800000000000011,-0.005184102086933411,-51.841020869334116,0.75,-1.0400000000000016
2007-06-15,-1,571,571,153.29000000000002,152.72,153.3,152.71,target,0.5700000000000216,0.003718199608610708,37.18199608610708,0.46999999999999886,1.2127659574468574
2007-06-26,-1,571,619,150.15,149.62,150.16,149.61,target,0.5300000000000011,0.0035295684603090112,35.29568460309011,0.6500000000000057,0.81538461538461
2007-06-27,1,571,632,148.31,149.05,148.3,149.06,target,0.7400000000000091,0.004989885367498375,49.89885367498375,0.8799999999999955,0.8409090909091056
2007-07-02,-1,571,959,150.95000000000002,151.79000000000002,150.96,151.77,stop,-0.8400000000000034,-0.005564387917329116,-55.64387917329116,0.8100000000000023,-1.0370370370370383
2007-07-10,1,571,826,152.28,151.40999999999997,152.27,151.42999999999998,stop,-0.870000000000033,-0.005713535167794266,-57.13535167794266,0.8400000000000318,-1.0357142857142858
2007-07-12,-1,571,587,152.39000000000001,152.92000000000002,152.4,152.9,stop,-0.5300000000000011,-0.003477690288713918,-34.77690288713918,0.5,-1.0600000000000023
2007-07-18,1,571,646,154.23,153.73,154.22,153.75,stop,-0.5,-0.003242121644404098,-32.42121644404098,0.46999999999999886,-1.0638297872340452
2007-07-19,-1,571,959,155.32000000000002,155.22,155.33,155.21,eod,0.10000000000002274,0.0006437906392842512,6.437906392842511,0.48999999999995225,0.2040816326531275
2007-07-23,-1,571,959,154.26000000000002,154.07,154.27,154.06,eod,0.19000000000002615,0.0012316069229275047,12.316069229275048,0.9599999999999795,0.19791666666669813
2007-07-24,1,571,628,153.14,154.05,153.13,154.06,target,0.910000000000025,0.005942663096715373,59.42663096715373,0.9499999999999886,0.9578947368421431
2007-07-25,-1,571,637,152.09,151.13,152.1,151.12,target,0.960000000000008,0.006311637080867903,63.11637080867903,0.8200000000000216,1.170731707317052
2007-07-26,1,571,584,150.23999999999998,148.61999999999998,150.23,148.64,stop,-1.6200000000000045,-0.01078346535312524,-107.8346535312524,1.5900000000000034,-1.0188679245283025
2007-07-31,-1,571,613,148.35000000000002,149.39,148.36,149.36999999999998,stop,-1.0399999999999636,-0.007009975734699134,-70.09975734699134,1.0099999999999625,-1.029702970297032
2007-08-09,1,571,654,147.45999999999998,149.63,147.45,149.64,target,2.170000000000016,0.014716853170566403,147.16853170566404,2.2299999999999613,0.9730941704036115
2007-08-10,1,571,641,143.94,145.71,143.93,145.72,target,1.7700000000000102,0.01229764468839026,122.9764468839026,1.1699999999999875,1.5128205128205376
2007-08-16,1,571,633,139.57999999999998,138.65999999999997,139.57,138.67999999999998,stop,-0.9200000000000159,-0.00659167442860225,-65.91674428602249,0.8900000000000148,-1.03370786516854
2007-08-17,-1,571,585,145.19,149.29000000000002,145.2,149.27,stop,-4.100000000000023,-0.028236914600551125,-282.36914600551125,4.070000000000022,-1.0073710073710076
2007-08-30,1,571,672,145.47,146.70000000000002,145.46,146.71,target,1.2300000000000182,0.00845593290251628,84.5593290251628,1.2700000000000387,0.9685039370078589
2007-08-31,-1,571,959,147.64000000000001,147.48,147.65,147.47,eod,0.160000000000025,0.001083643752116661,10.83643752116661,1.5100000000000193,0.10596026490067746
2007-09-05,1,571,701,148.1,147.14999999999998,148.09,147.17,stop,-0.950000000000017,-0.006415017894523716,-64.15017894523716,0.9200000000000159,-1.0326086956521745
2007-09-07,1,571,959,146.53,145.83,146.52,145.84,eod,-0.6999999999999886,-0.0047775047775047,-47.775047775047,1.8100000000000023,-0.38674033149170595
2007-09-10,-1,571,610,146.51000000000002,145.85,146.52,145.84,target,0.660000000000025,0.0045045045045046745,45.04504504504674,0.7199999999999704,0.916666666666739
2007-09-13,-1,571,959,148.5,148.82,148.51,148.81,eod,-0.3199999999999932,-0.0021547370547437424,-21.547370547437424,0.9500000000000455,-0.3368421052631346
2007-09-14,1,571,646,147.88,148.8,147.87,148.81,target,0.9200000000000159,0.006221681206465246,62.21681206465246,0.7400000000000091,1.2432432432432494
2007-09-18,-1,571,678,148.82000000000002,149.53,148.83,149.51,stop,-0.7099999999999795,-0.004770543573204189,-47.70543573204189,0.6799999999999784,-1.0441176470588267
2007-09-19,-1,571,620,153.46,152.41,153.47,152.4,target,1.0500000000000114,0.006841728025021251,68.41728025021251,1.009999999999991,1.0396039603960603
2007-09-25,1,571,644,150.78,151.54000000000002,150.77,151.55,target,0.7600000000000193,0.00504079060821131,50.4079060821131,0.6599999999999966,1.1515151515151867
2007-10-03,1,571,600,153.84,153.18999999999997,153.83,153.20999999999998,stop,-0.6500000000000341,-0.004225443671585738,-42.25443671585738,0.620000000000033,-1.0483870967741928
2007-10-05,-1,571,841,154.99,155.90000000000003,155.0,155.88000000000002,stop,-0.910000000000025,-0.005870967741935645,-58.70967741935645,0.8800000000000239,-1.0340909090909094
2007-10-11,-1,571,858,156.95000000000002,156.04,156.96,156.03,target,0.910000000000025,0.0057976554536189155,57.976554536189155,0.8499999999999659,1.07058823529419
2007-10-17,-1,571,754,155.0,153.76999999999998,155.01,153.76,target,1.2300000000000182,0.007934971937294486,79.34971937294486,1.1899999999999977,1.0336134453781685
2007-10-18,1,571,839,153.45999999999998,154.02,153.45,154.03,target,0.5600000000000307,0.003649397197784495,36.49397197784495,0.5800000000000125,0.9655172413793425
2007-10-19,1,571,605,153.07,152.35999999999999,153.06,152.38,stop,-0.710000000000008,-0.004638703776296929,-46.387037762969285,0.6800000000000068,-1.0441176470588247
2007-10-22,1,571,611,148.82999999999998,149.96,148.82,149.97,target,1.1300000000000239,0.007593065448192608,75.93065448192608,1.129999999999967,1.0000000000000504
2007-10-23,-1,571,672,151.39000000000001,150.6,151.4,150.59,target,0.7900000000000205,0.005217965653897097,52.17965653897097,0.6100000000000136,1.2950819672131193
2007-10-24,1,571,641,151.23999999999998,150.45000000000002,151.23,150.47000000000003,stop,-0.7899999999999636,-0.0052238312504130375,-52.23831250413038,0.7599999999999625,-1.0394736842105297
2007-10-26,-1,571,959,153.22,153.45999999999998,153.23,153.45,eod,-0.23999999999998067,-0.0015662729230567166,-15.662729230567166,1.5800000000000125,-0.15189873417720176
2007-10-31,-1,571,858,153.8,153.07,153.81,153.06,target,0.7300000000000182,0.004746115337104338,47.46115337104338,1.089999999999975,0.6697247706422339
2007-11-01,1,571,611,153.28,151.84,153.27,151.86,stop,-1.4399999999999977,-0.009395184967704036,-93.95184967704036,1.4099999999999966,-1.0212765957446817
2007-11-05,1,571,830,149.41,148.11999999999998,149.4,148.14,stop,-1.2900000000000205,-0.008634538152610578,-86.34538152610578,1.2600000000000193,-1.0238095238095244
2007-11-07,1,571,798,150.5,148.75,150.49,148.77,stop,-1.75,-0.011628679646488138,-116.28679646488139,1.7199999999999989,-1.017441860465117
2007-11-09,1,571,924,145.6,147.52,145.59,147.53,target,1.920000000000016,0.01318771893674027,131.8771893674027,2.1000000000000227,0.9142857142857119
2007-11-13,-1,571,823,145.26000000000002,146.54999999999998,145.27,146.52999999999997,stop,-1.2899999999999636,-0.008880016520960718,-88.80016520960719,1.2599999999999625,-1.0238095238095255
2007-11-14,-1,571,671,149.15,148.20999999999998,149.16,148.2,target,0.9400000000000261,0.0063019576293914335,63.019576293914334,1.0800000000000125,0.8703703703703844
2007-11-16,-1,571,599,146.16,145.35999999999999,146.17,145.35,target,0.8000000000000114,0.00547307929123631,54.7307929123631,1.0400000000000205,0.769230769230765
2007-11-21,1,571,654,143.12,141.94000000000003,143.11,141.96000000000004,stop,-1.1799999999999784,-0.008245405632031152,-82.45405632031152,1.1499999999999773,-1.0260869565217405
2007-11-28,-1,571,621,144.27,145.35000000000002,144.28,145.33,stop,-1.0800000000000125,-0.0074854449681176355,-74.85444968117635,1.0500000000000114,-1.0285714285714294
2007-11-30,-1,571,959,148.99,148.45,149.0,148.44,eod,0.5400000000000205,0.003624161073825641,36.241610738256405,1.8099999999999739,0.2983425414364797
2007-12-05,-1,571,959,147.91,148.87,147.92,148.86,eod,-0.960000000000008,-0.006489994591671228,-64.89994591671228,1.3599999999999852,-0.70588235294119
2007-12-12,-1,571,903,151.35000000000002,148.23999999999998,151.36,148.23,target,3.110000000000042,0.02054704016913347,205.4704016913347,3.450000000000017,0.9014492753623266
2007-12-13,1,571,658,148.25,147.45999999999998,148.24,147.48,stop,-0.7900000000000205,-0.005329195898543041,-53.29195898543041,0.7600000000000193,-1.0394736842105268
2007-12-14,1,571,959,147.97,147.17000000000002,147.96,147.18,eod,-0.799999999999983,-0.005406866720735219,-54.068667207352185,1.1699999999999875,-0.6837606837606764
2007-12-18,-1,571,688,146.03,145.07999999999998,146.04,145.07,target,0.950000000000017,0.006505067104902884,65.05067104902884,1.0700000000000216,0.8878504672897176
2007-12-20,-1,571,656,146.76000000000002,145.63,146.77,145.62,target,1.1300000000000239,0.007699121073789084,76.99121073789084,1.289999999999992,0.8759689922480859
2007-12-21,-1,571,921,147.16,148.23000000000002,147.17,148.21,stop,-1.0700000000000216,-0.007270503499354635,-72.70503499354635,1.0400000000000205,-1.0288461538461544
2007-12-28,-1,571,606,148.57000000000002,147.53,148.58,147.52,target,1.0400000000000205,0.0069995961771437635,69.99596177143763,0.9799999999999613,1.061224489795981
2008-01-04,1,571,632,143.35,142.2,143.34,142.22,stop,-1.1500000000000057,-0.008022882656620661,-80.2288265662066,1.1200000000000045,-1.0267857142857153
2008-01-07,-1,571,619,141.71,140.94,141.72,140.93,target,0.7700000000000102,0.005433248659328325,54.33248659328326,0.9699999999999989,0.7938144329897022
2008-01-08,-1,571,605,142.15,142.76,142.16,142.73999999999998,stop,-0.6099999999999852,-0.004290939786156339,-42.90939786156339,0.5799999999999841,-1.0517241379310378
2008-01-10,1,571,637,139.45999999999998,140.77,139.45,140.78,target,1.3100000000000307,0.009394048045894807,93.94048045894807,0.8300000000000125,1.5783132530120614
2008-01-11,1,571,779,140.67999999999998,141.79000000000002,140.67,141.8,target,1.110000000000042,0.007890808274685733,78.90808274685733,0.9699999999999989,1.1443298969072613
2008-01-14,-1,571,959,141.19,141.47,141.2,141.46,eod,-0.28000000000000114,-0.001983002832861198,-19.83002832861198,1.1100000000000136,-0.2522522522522502
2008-01-15,1,571,901,139.70999999999998,138.0,139.7,138.02,stop,-1.7099999999999795,-0.012240515390121543,-122.40515390121543,1.6799999999999784,-1.0178571428571437
2008-01-18,-1,571,596,134.06,133.23999999999998,134.07,133.23,target,0.8200000000000216,0.006116207951070498,61.16207951070498,1.0999999999999943,0.7454545454545689
2008-01-22,1,571,959,126.68,131.01000000000002,126.67,131.02,eod,4.3300000000000125,0.03418331096550101,341.83310965501005,6.260000000000005,0.6916932907348257
2008-01-23,1,571,902,127.21000000000001,131.01000000000002,127.2,131.02,target,3.8000000000000114,0.029874213836478074,298.74213836478077,3.980000000000004,0.9547738693467356
2008-01-25,-1,571,635,136.41,135.01,136.42,135.0,target,1.4000000000000057,0.010262424864389429,102.62424864389429,1.5800000000000125,0.8860759493670852
2008-01-31,1,571,681,133.37,135.35000000000002,133.36,135.36,target,1.9800000000000182,0.014847030593881358,148.47030593881357,1.8800000000000523,1.0531914893616825
2008-02-05,1,571,959,135.95,133.70000000000002,135.94,133.72000000000003,stop,-2.2499999999999716,-0.016551419744004498,-165.514197440045,2.2199999999999704,-1.0135135135135143
2008-02-13,-1,571,959,136.19,136.72,136.2,136.71,eod,-0.5300000000000011,-0.0038913362701909044,-38.913362701909044,0.9800000000000182,-0.5408163265306034
2008-02-19,-1,571,899,136.69,135.07,136.7,135.06,target,1.6200000000000045,0.011850768105340196,118.50768105340197,1.579999999999984,1.0253164556962158
2008-02-20,1,571,733,134.09,135.03,134.08,135.04,target,0.9399999999999977,0.007010739856801892,70.10739856801892,1.1200000000000045,0.8392857142857089
2008-02-28,1,571,959,137.34,136.98000000000002,137.33,136.99,eod,-0.3599999999999852,-0.0026214228500690685,-26.214228500690684,0.950000000000017,-0.3789473684210303
2008-02-29,1,571,813,135.53,134.17,135.52,134.19,stop,-1.3600000000000136,-0.010035419126328318,-100.35419126328318,1.3300000000000125,-1.0225563909774442
2008-03-04,1,571,692,132.37,133.4,132.36,133.41,target,1.0300000000000011,0.007781807192505296,77.81807192505296,1.3100000000000307,0.7862595419847153
2008-03-07,1,571,595,129.76,130.81,129.75,130.82,target,1.0500000000000114,0.008092485549133036,80.92485549133036,1.1299999999999955,0.9292035398230226
2008-03-11,-1,571,959,130.65,132.39999999999998,130.66,132.39,eod,-1.7499999999999716,-0.01339354048675931,-133.9354048675931,2.9199999999999875,-0.5993150684931435
2008-03-13,1,571,806,129.76999999999998,131.3,129.76,131.31,target,1.5300000000000296,0.011790998766954606,117.90998766954606,1.849999999999966,0.8270270270270582
2008-03-17,1,571,939,126.75,129.24,126.74,129.25,target,2.490000000000009,0.01964652043553739,196.4652043553739,3.2900000000000063,0.7568389057750773
2008-03-18,-1,571,956,130.48000000000002,133.32,130.49,133.29999999999998,stop,-2.839999999999975,-0.021764119855927463,-217.6411985592746,2.809999999999974,-1.0106761565836304
2008-04-01,-1,571,715,133.66,135.28,133.67,135.26,stop,-1.6200000000000045,-0.012119398518740216,-121.19398518740216,1.5900000000000034,-1.0188679245283025
2008-04-07,-1,571,902,137.96,136.98,137.97,136.97,target,0.9800000000000182,0.0071029934043634,71.029934043634,0.8000000000000114,1.2250000000000054
2008-04-08,1,571,959,136.23,136.45000000000002,136.22,136.46,eod,0.22000000000002728,0.0016150345030100373,16.15034503010037,0.9099999999999966,0.24175824175827265
2008-04-11,1,571,959,134.42999999999998,133.27,134.42,133.28,eod,-1.1599999999999682,-0.008629668204136054,-86.29668204136054,1.4399999999999693,-0.8055555555555506
2008-04-15,-1,571,626,133.60000000000002,132.82,133.61,132.81,target,0.7800000000000296,0.00583788638574979,58.378863857497905,0.7199999999999704,1.083333333333419
2008-04-16,-1,571,742,134.62,135.6,134.63,135.57999999999998,stop,-0.9799999999999898,-0.007279209685805465,-72.79209685805465,0.9499999999999886,-1.0315789473684227
2008-04-18,-1,571,959,138.86,138.94,138.87,138.93,eod,-0.07999999999998408,-0.0005760783466550305,-5.760783466550305,2.549999999999983,-0.03137254901960181
2008-04-21,1,571,948,138.26,138.92000000000002,138.25,138.93,target,0.660000000000025,0.004773960216998372,47.73960216998372,0.7400000000000091,0.8918918918919148
2008-04-22,1,571,639,138.19,137.57,138.18,137.59,stop,-0.6200000000000045,-0.004486901143436131,-44.869011434361305,0.5900000000000034,-1.0508474576271203
2008-04-25,-1,571,603,139.44,138.76,139.45,138.75,target,0.6800000000000068,0.004876299749014033,48.76299749014033,0.6000000000000227,1.1333333333333018
2008-05-02,-1,571,783,142.16,140.95,142.17,140.94,target,1.210000000000008,0.008510937609903693,85.10937609903694,1.5500000000000398,0.7806451612903077
2008-05-06,1,571,666,140.06,140.70000000000002,140.05,140.71,target,0.6400000000000148,0.004569796501249659,45.69796501249659,0.7400000000000375,0.864864864864841
2008-05-09,1,571,959,138.54999999999998,138.92000000000002,138.54,138.93,eod,0.37000000000003297,0.002670708820557478,26.707088205574777,1.1800000000000068,0.31355932203392445
2008-05-14,-1,571,592,141.08,141.8,141.09,141.78,stop,-0.7199999999999989,-0.0051031256644694795,-51.03125664469479,0.6899999999999977,-1.043478260869567
2008-05-20,1,571,610,142.26999999999998,141.66999999999996,142.26,141.68999999999997,stop,-0.6000000000000227,-0.004217629692113193,-42.17629692113193,0.5700000000000216,-1.0526315789473684
2008-06-06,1,571,642,139.66,138.46,139.65,138.48000000000002,stop,-1.1999999999999886,-0.008592910848549865,-85.92910848549865,1.1699999999999875,-1.0256410256410269
2008-06-10,1,571,708,135.70999999999998,136.62,135.7,136.63,target,0.910000000000025,0.006705969049373803,67.05969049373803,0.9900000000000091,0.919191919191936
2008-06-12,-1,571,585,134.78,135.26,134.79,135.23999999999998,stop,-0.47999999999998977,-0.0035610950367237167,-35.610950367237166,0.44999999999998863,-1.0666666666666709
2008-06-13,-1,571,604,135.11,135.92,135.12,135.89999999999998,stop,-0.8099999999999739,-0.0059946714031969646,-59.94671403196965,0.7799999999999727,-1.0384615384615412
2008-06-16,1,571,655,135.54,136.39000000000001,135.53,136.4,target,0.8500000000000227,0.006271674168081036,62.71674168081036,0.8100000000000023,1.0493827160494078
2008-06-18,1,571,795,134.67999999999998,133.87999999999997,134.67,133.89999999999998,stop,-0.8000000000000114,-0.005940447018638237,-59.404470186382376,0.7700000000000102,-1.03896103896104
2008-06-20,1,571,959,133.06,131.58,133.05,131.59,eod,-1.4799999999999898,-0.011123637730176548,-111.23637730176549,2.0900000000000034,-0.70813397129186
2008-06-26,1,571,752,130.48,129.11999999999998,130.47,129.14,stop,-1.3600000000000136,-0.010423852226565599,-104.23852226565599,1.3300000000000125,-1.0225563909774442
2008-07-01,1,571,600,126.55000000000001,127.83,126.54,127.84,target,1.279999999999987,0.010115378536431064,101.15378536431064,1.3400000000000176,0.9552238805969926
2008-07-11,1,571,902,123.85000000000001,125.36999999999999,123.84,125.38,target,1.5199999999999818,0.012273901808785383,122.73901808785382,1.3799999999999955,1.1014492753623093
2008-07-14,-1,571,602,125.39999999999999,124.03,125.41,124.02,target,1.3699999999999903,0.010924168726576752,109.24168726576751,1.0900000000000176,1.2568807339449248
2008-07-15,1,571,600,121.75,120.8,121.74,120.82,stop,-0.9500000000000028,-0.007803515689173673,-78.03515689173672,0.9200000000000017,-1.0326086956521752
2008-07-22,1,571,620,125.13000000000001,125.99,125.12,126.0,target,0.8599999999999852,0.006873401534526736,68.73401534526735,0.8400000000000034,1.023809523809502
2008-07-31,1,571,598,127.33,128.44,127.32,128.45,target,1.1099999999999994,0.008718190386427894,87.18190386427894,0.9899999999999807,1.1212121212121424
2008-08-05,-1,571,708,125.99,127.13000000000001,126.0,127.11000000000001,stop,-1.1400000000000148,-0.009047619047619165,-90.47619047619165,1.1100000000000136,-1.0270270270270276
2008-08-07,1,571,934,127.98,126.80999999999999,127.97,126.82999999999998,stop,-1.170000000000016,-0.009142767836211737,-91.42767836211736,1.1400000000000148,-1.026315789473685
2008-08-14,1,571,628,127.81,128.81,127.8,128.82,target,1.0,0.00782472613458529,78.24726134585289,0.9399999999999835,1.0638297872340612
2008-08-19,1,571,718,127.39,126.59000000000002,127.38,126.61000000000001,stop,-0.799999999999983,-0.006280420788192675,-62.80420788192675,0.7699999999999818,-1.0389610389610413
2008-08-21,1,571,793,126.65,127.69999999999999,126.64,127.71,target,1.049999999999983,0.008291219204042822,82.91219204042821,0.8700000000000045,1.206896551724112
2008-08-22,-1,571,579,128.62,128.0,128.63,127.99,target,0.6200000000000045,0.0048200264324030516,48.20026432403051,0.7599999999999909,0.8157894736842263
2008-08-25,1,571,652,128.64,128.01999999999998,128.63,128.04,stop,-0.6200000000000045,-0.0048200264324030516,-48.20026432403051,0.5900000000000034,-1.0508474576271203
2008-08-28,-1,571,715,129.20000000000002,129.94,129.21,129.92,stop,-0.7399999999999807,-0.005727110904728586,-57.27110904728586,0.7099999999999795,-1.0422535211267634
2008-08-29,1,571,643,129.7,129.04,129.69,129.06,stop,-0.6599999999999966,-0.0050890585241730015,-50.890585241730015,0.6299999999999955,-1.0476190476190497
2008-09-02,-1,571,830,130.06,128.7,130.07,128.69,target,1.3600000000000136,0.010455908357038622,104.55908357038622,1.3600000000000136,1.0
2008-09-04,1,571,637,126.76,125.96000000000001,126.75,125.98,stop,-0.7999999999999972,-0.006311637080867827,-63.116370808678276,0.769999999999996,-1.0389610389610406
2008-09-05,1,571,623,123.22,122.5,123.21,122.52,stop,-0.7199999999999989,-0.0058436815193571865,-58.43681519357187,0.6899999999999977,-1.043478260869567
2008-09-08,-1,571,637,127.99999999999999,124.65,128.01,124.64,target,3.34999999999998,0.02616983048199344,261.6983048199344,3.4500000000000455,0.9710144927536046
2008-09-10,-1,571,656,123.85,122.95,123.86,122.94,target,0.8999999999999915,0.007266268367511638,72.66268367511637,0.980000000000004,0.9183673469387631
2008-09-11,1,571,697,122.15,123.58999999999999,122.14,123.6,target,1.4399999999999835,0.011789749467823674,117.89749467823674,1.4999999999999858,0.9599999999999981
2008-09-12,1,571,675,124.28,125.5,124.27,125.51,target,1.2199999999999989,0.009817333226040064,98.17333226040064,1.1999999999999886,1.0166666666666753
2008-09-15,1,571,959,122.05000000000001,120.33,122.04,120.34,eod,-1.720000000000013,-0.014093739757456678,-140.93739757456677,4.109999999999999,-0.4184914841849181
2008-09-16,1,571,655,117.34,120.33,117.33,120.34,target,2.989999999999995,0.025483678513594094,254.83678513594094,3.269999999999996,0.9143730886850149
2008-09-17,1,571,688,119.51,117.34000000000002,119.5,117.36000000000001,stop,-2.1699999999999875,-0.018158995815899477,-181.58995815899476,2.1399999999999864,-1.0140186915887857
2008-09-18,-1,571,679,117.94999999999999,116.31,117.96,116.3,target,1.6399999999999864,0.01390301797219385,139.0301797219385,1.8600000000000136,0.8817204301075131
2008-09-19,-1,571,934,126.91,120.60000000000001,126.92,120.59,target,6.309999999999988,0.04971635676016379,497.1635676016379,6.329999999999998,0.996840442338071
2008-09-26,1,571,944,118.88000000000001,121.0,118.87,121.01,target,2.1199999999999903,0.017834609236981495,178.34609236981495,2.2400000000000233,0.9464285714285573
2008-09-29,1,571,593,119.25,116.98000000000002,119.24,117.00000000000001,stop,-2.269999999999982,-0.019037235826903573,-190.37235826903574,2.2399999999999807,-1.0133928571428579
2008-10-06,1,571,637,106.80000000000001,104.25000000000001,106.79,104.27000000000001,stop,-2.549999999999997,-0.023878640322127512,-238.78640322127512,2.519999999999996,-1.0119047619047623
2008-10-08,1,571,579,96.84,99.78,96.83,99.79,target,2.9399999999999977,0.030362490963544334,303.6249096354433,1.4399999999999977,2.0416666666666683
2008-10-10,1,571,607,87.67,91.74,87.66,91.75,target,4.069999999999993,0.04642938626511514,464.2938626511514,5.77000000000001,0.7053726169843997
2008-10-13,-1,571,650,94.07,90.47,94.08,90.46,target,3.5999999999999943,0.03826530612244892,382.6530612244892,3.200000000000017,1.1249999999999922
2008-10-14,-1,571,638,105.08,100.87,105.09,100.86,target,4.209999999999994,0.04006090018079735,400.6090018079735,3.4699999999999847,1.2132564841498594
2008-10-15,1,571,663,97.59,94.99,97.58,95.00999999999999,stop,-2.6000000000000085,-0.02664480426316877,-266.4480426316877,2.5700000000000074,-1.0116731517509732
2008-10-17,1,571,601,92.24000000000001,94.39999999999999,92.23,94.41,target,2.1599999999999824,0.023419711590588553,234.19711590588554,2.6400000000000006,0.8181818181818113
2008-10-22,1,571,685,93.08,95.49,93.07,95.5,target,2.4099999999999966,0.02589448801977003,258.9448801977003,2.1699999999999875,1.1105990783410187
2008-10-24,1,571,959,84.95,87.61999999999999,84.94,87.63,eod,2.6699999999999875,0.03143395337885552,314.3395337885552,7.989999999999995,0.33416770963704495
2008-10-28,-1,571,655,87.55999999999999,84.87,87.57,84.86,target,2.6899999999999835,0.03071828251684348,307.1828251684348,2.250000000000014,1.1955555555555406
2008-10-30,-1,571,959,96.0,95.48,96.01,95.47,eod,0.519999999999996,0.005416102489323987,54.16102489323987,3.2099999999999937,0.16199376947040406
2008-11-04,-1,571,959,98.80999999999999,100.41000000000001,98.82,100.4,eod,-1.6000000000000227,-0.016191054442420794,-161.91054442420796,2.480000000000004,-0.6451612903225887
2008-11-10,-1,571,707,95.17999999999999,93.22,95.19,93.21,target,1.9599999999999937,0.020590398151066225,205.90398151066225,2.019999999999996,0.9702970297029692
2008-11-12,1,571,847,88.28,86.34000000000002,88.27,86.36000000000001,stop,-1.9399999999999835,-0.021978021978021792,-219.78021978021792,1.9099999999999824,-1.0157068062827233
2008-11-14,1,571,737,89.35000000000001,87.28000000000002,89.34,87.30000000000001,stop,-2.069999999999993,-0.02316991269308253,-231.6991269308253,2.039999999999992,-1.0147058823529418
2008-11-21,-1,571,626,77.02,75.76,77.03,75.75,target,1.259999999999991,0.016357263403868505,163.57263403868504,2.1399999999999864,0.5887850467289715
2008-11-25,-1,571,665,87.49,84.95,87.5,84.94,target,2.539999999999992,0.029028571428571338,290.28571428571337,2.1599999999999966,1.175925925925924
2008-11-26,1,571,653,84.54,86.03999999999999,84.53,86.05,target,1.4999999999999858,0.017745179226310016,177.45179226310015,1.980000000000004,0.7575757575757489
2008-12-01,1,571,662,87.4,85.10000000000001,87.39,85.12,stop,-2.299999999999997,-0.026318800778121033,-263.18800778121033,2.269999999999996,-1.0132158590308376
2008-12-03,1,571,647,83.4,85.39,83.39,85.4,target,1.9899999999999949,0.023863772634608406,238.63772634608407,2.010000000000005,0.990049751243776
2008-12-08,-1,571,959,90.38,91.26,90.39,91.25,eod,-0.8800000000000097,-0.009735590220157204,-97.35590220157204,2.25,-0.3911111111111154
2008-12-12,1,571,758,85.32000000000001,87.94,85.31,87.95,target,2.6199999999999903,0.030711522681983242,307.1152268198324,2.239999999999995,1.1696428571428554
2009-01-06,-1,571,665,93.67999999999999,92.81,93.69,92.8,target,0.8699999999999903,0.009285943003522151,92.85943003522151,0.769999999999996,1.1298701298701233
2009-01-07,1,571,890,91.93,90.56000000000002,91.92,90.58000000000001,stop,-1.3699999999999903,-0.014904264577893716,-149.04264577893716,1.3399999999999892,-1.0223880597014936
2009-01-14,1,571,641,85.65,84.00000000000001,85.64,84.02000000000001,stop,-1.6499999999999915,-0.01926669780476403,-192.6669780476403,1.6199999999999903,-1.0185185185185193
2009-01-16,-1,571,696,85.83,84.5,85.84,84.49,target,1.3299999999999983,0.015493942218080129,154.9394221808013,1.4100000000000108,0.9432624113475093
2009-01-20,1,571,585,84.44000000000001,83.47999999999999,84.43,83.49999999999999,stop,-0.9600000000000222,-0.01137036598365536,-113.70365983655361,0.930000000000021,-1.0322580645161294
2009-01-21,-1,571,657,81.94,80.63000000000001,81.95,80.62,target,1.309999999999988,0.015985356924954095,159.85356924954095,1.309999999999988,1.0
2009-01-22,1,571,860,82.29,84.03,82.28,84.04,target,1.7399999999999949,0.021147301895964934,211.47301895964935,1.5000000000000142,1.1599999999999857
2009-01-23,1,571,677,80.83,82.77,80.82,82.78,target,1.9399999999999977,0.024003959415986115,240.03959415986117,1.799999999999983,1.0777777777777868
2009-01-28,-1,571,959,86.30999999999999,87.44000000000001,86.32,87.43,eod,-1.1300000000000239,-0.013090824837813068,-130.90824837813068,1.90000000000002,-0.5947368421052694
2009-01-29,1,571,830,86.07000000000001,84.79,86.06,84.81,stop,-1.2800000000000011,-0.014873344178480142,-148.7334417848014,1.25,-1.024000000000001
2009-02-02,1,571,723,81.60000000000001,82.67999999999999,81.59,82.69,target,1.079999999999984,0.013236916288760682,132.36916288760682,1.1400000000000148,0.9473684210526053
2009-02-10,1,571,666,86.23,85.36099999999999,86.22,85.38099999999999,stop,-0.869000000000014,-0.010078868012062328,-100.78868012062328,0.8390000000000128,-1.035756853396902
2009-02-12,1,571,954,82.12,83.66,82.11,83.67,target,1.539999999999992,0.018755328218243723,187.55328218243724,1.4399999999999977,1.0694444444444406
2009-02-17,1,571,959,80.23,79.21,80.22,79.22,eod,-1.0200000000000102,-0.012715033657442162,-127.15033657442162,2.680000000000007,-0.380597014925376
2009-02-19,-1,571,703,79.8,79.07000000000001,79.81,79.06,target,0.7299999999999898,0.009146723468236934,91.46723468236934,0.8100000000000023,0.9012345679012194
2009-02-20,1,571,891,76.97,78.27,76.96,78.28,target,1.2999999999999972,0.016891891891891855,168.91891891891854,1.7999999999999972,0.7222222222222218
2009-02-23,-1,571,602,78.11999999999999,77.42,78.13,77.41,target,0.6999999999999886,0.008959426596697666,89.59426596697666,0.960000000000008,0.7291666666666488
2009-02-26,-1,571,789,77.83999999999999,76.86,77.85,76.85,target,0.9799999999999898,0.012588310854206678,125.88310854206678,0.960000000000008,1.0208333333333142
2009-02-27,1,571,891,74.18,75.66,74.17,75.67,target,1.4799999999999898,0.019954159363623967,199.54159363623967,1.8000000000000114,0.8222222222222113
2009-03-02,1,571,714,72.33,71.05,72.32,71.07,stop,-1.2800000000000011,-0.017699115044247805,-176.99115044247804,1.25,-1.024000000000001
2009-03-03,-1,571,656,71.615,70.59,71.625,70.58,target,1.0249999999999915,0.014310645724258171,143.1064572425817,1.0150000000000006,1.0098522167487596
2009-03-04,-1,571,891,71.27,72.44,71.28,72.42,stop,-1.1700000000000017,-0.016414141414141437,-164.14141414141437,1.1400000000000006,-1.0263157894736852
2009-03-05,1,571,935,70.14,68.44999999999999,70.13,68.46999999999998,stop,-1.690000000000012,-0.024098103522030685,-240.98103522030686,1.6600000000000108,-1.0180722891566272
2009-03-09,1,571,586,68.18,68.83,68.17,68.84,target,0.6499999999999915,0.009534986064251011,95.34986064251011,1.0700000000000074,0.6074766355140065
2009-03-10,-1,571,613,69.47,71.01,69.48,70.99000000000001,stop,-1.5400000000000063,-0.022164651698330543,-221.64651698330545,1.5100000000000051,-1.019867549668875
2009-03-19,-1,571,593,80.69999999999999,79.9,80.71,79.89,target,0.799999999999983,0.009912030727295044,99.12030727295044,1.2600000000000193,0.6349206349206117
2009-03-23,-1,571,891,78.67999999999999,80.77000000000001,78.69,80.75000000000001,stop,-2.0900000000000176,-0.02655991866819186,-265.59918668191864,2.0600000000000165,-1.014563106796117
2009-03-24,1,571,800,81.15,82.25999999999999,81.14,82.27,target,1.1099999999999852,0.013680059157012389,136.80059157012388,0.9099999999999966,1.2197802197802081
2009-03-26,-1,571,802,82.25,83.17999999999999,82.26,83.16,stop,-0.9299999999999926,-0.011305616338439005,-113.05616338439005,0.8999999999999915,-1.033333333333335
2009-03-27,1,571,959,81.94000000000001,81.61,81.93,81.62,eod,-0.3300000000000125,-0.004027828634200079,-40.2782863420008,1.019999999999996,-0.3235294117647194
2009-03-30,1,571,899,79.65,77.94000000000001,79.64,77.96000000000001,stop,-1.7099999999999937,-0.021471622300351503,-214.71622300351504,1.6799999999999926,-1.0178571428571437
2009-04-01,1,571,614,78.58,79.49,78.57,79.5,target,0.9099999999999966,0.011582028764159306,115.82028764159307,1.009999999999991,0.9009900990099057
2009-04-02,-1,571,959,82.94999999999999,83.42,82.96,83.41,eod,-0.4700000000000131,-0.0056653809064611035,-56.65380906461103,2.1700000000000017,-0.21658986175115794
2009-04-06,1,571,737,83.33,82.39,83.32,82.41,stop,-0.9399999999999977,-0.011281805088814184,-112.81805088814184,0.9099999999999966,-1.0329670329670344
2009-04-07,1,571,959,82.15,81.55,82.14,81.56,eod,-0.6000000000000085,-0.007304601899196597,-73.04601899196598,1.1500000000000057,-0.5217391304347875
2009-04-09,-1,571,959,84.55999999999999,85.83,84.57,85.82,eod,-1.2700000000000102,-0.015017145559891337,-150.17145559891338,2.250000000000014,-0.5644444444444454
2009-04-13,1,571,833,85.0,85.80999999999999,84.99,85.82,target,0.8099999999999881,0.00953053300388267,95.3053300388267,0.9899999999999949,0.8181818181818103
2009-04-14,1,571,776,85.19000000000001,84.17,85.18,84.19,stop,-1.0200000000000102,-0.01197464193472658,-119.7464193472658,0.9900000000000091,-1.0303030303030312
2009-04-20,1,571,762,85.55000000000001,83.95,85.54,83.97,stop,-1.6000000000000085,-0.018704699555763486,-187.04699555763486,1.5700000000000074,-1.0191082802547777
2009-04-22,1,571,605,84.19000000000001,85.05,84.18,85.06,target,0.8599999999999852,0.010216203373722798,102.16203373722797,0.6599999999999966,1.3030303030302874
2009-04-24,-1,571,697,85.92,86.68,85.93,86.66000000000001,stop,-0.7600000000000051,-0.008844408239264577,-88.44408239264577,0.730000000000004,-1.0410958904109602
2009-04-27,1,571,642,85.57000000000001,86.64,85.56,86.65,target,1.0699999999999932,0.012505843852267334,125.05843852267334,0.8300000000000125,1.2891566265059964
2009-04-28,1,571,602,85.02000000000001,85.83999999999999,85.01,85.85,target,0.819999999999979,0.009645924008939877,96.45924008939876,0.9200000000000017,0.8913043478260625
2009-04-29,-1,571,641,86.39,87.46999999999998,86.4,87.44999999999999,stop,-1.079999999999984,-0.012499999999999815,-124.99999999999815,1.049999999999983,-1.02857142857143
2009-04-30,-1,571,799,88.36,87.45,88.37,87.44,target,0.9099999999999966,0.010297612311870505,102.97612311870505,1.289999999999992,0.705426356589149
2009-05-04,-1,571,600,88.49,89.24000000000001,88.5,89.22000000000001,stop,-0.7500000000000142,-0.008474576271186602,-84.74576271186602,0.7200000000000131,-1.0416666666666674
2009-05-06,-1,571,959,91.58999999999999,92.15,91.6,92.14,eod,-0.5600000000000165,-0.006113537117904111,-61.13537117904111,1.269999999999996,-0.44094488188977815
2009-05-07,-1,571,606,93.0,92.15,93.01,92.14,target,0.8499999999999943,0.009138802279324742,91.38802279324742,0.8899999999999864,0.9550561797752891
2009-05-08,-1,571,890,92.07,93.24,92.08,93.22,stop,-1.1700000000000017,-0.012706342311033902,-127.06342311033903,1.1400000000000006,-1.0263157894736852
2009-05-11,1,571,959,91.64,91.17999999999999,91.63,91.19,eod,-0.46000000000000796,-0.005020189894139561,-50.20189894139561,1.2800000000000011,-0.3593750000000059
2009-05-13,1,571,959,89.67,88.69,89.66,88.7,eod,-0.980000000000004,-0.010930180682578675,-109.30180682578676,1.279999999999987,-0.7656250000000109
2009-05-18,-1,571,665,89.61999999999999,88.71000000000001,89.63,88.7,target,0.9099999999999824,0.010152850608055142,101.52850608055142,0.7900000000000063,1.1518987341771838
2009-05-20,-1,571,624,91.92999999999999,92.81,91.94,92.79,stop,-0.8800000000000097,-0.009571459647596365,-95.71459647596365,0.8500000000000085,-1.0352941176470598
2009-05-21,1,571,885,89.43,88.29,89.42,88.31,stop,-1.1400000000000006,-0.01274882576604787,-127.4882576604787,1.1099999999999994,-1.027027027027028
2009-05-26,1,571,586,88.48,89.03999999999999,88.47,89.05,target,0.5599999999999881,0.00632982932067354,63.2982932067354,0.7999999999999972,0.6999999999999875
2009-05-28,-1,571,605,90.42,89.69000000000001,90.43,89.68,target,0.7299999999999898,0.008072542297909872,80.72542297909872,0.789999999999992,0.9240506329113888
2009-06-01,-1,571,621,93.57,94.67,93.58,94.65,stop,-1.1000000000000085,-0.01175464842915162,-117.5464842915162,1.0700000000000074,-1.0280373831775709
2009-06-03,1,571,752,93.99000000000001,93.22,93.98,93.24,stop,-0.7700000000000102,-0.00819323260268153,-81.93232602681529,0.7400000000000091,-1.0405405405405417
2009-06-05,-1,571,598,95.53,94.56,95.54,94.55,target,0.9699999999999989,0.010152815574628415,101.52815574628416,0.9099999999999966,1.0659340659340686
2009-06-10,-1,571,604,95.39999999999999,94.68,95.41,94.67,target,0.7199999999999847,0.007546378786290585,75.46378786290585,0.8800000000000097,0.8181818181817918
2009-06-15,1,571,639,93.92,92.78999999999999,93.91,92.80999999999999,stop,-1.1300000000000097,-0.01203279735917378,-120.3279735917378,1.1000000000000085,-1.027272727272728
2009-06-22,1,571,633,91.1401,90.25000000000001,91.1301,90.27000000000001,stop,-0.8900999999999897,-0.009767354584270067,-97.67354584270068,0.8600999999999885,-1.0348796651552163
2009-06-24,-1,571,620,90.14999999999999,90.89,90.16,90.87,stop,-0.7400000000000091,-0.008207630878438434,-82.07630878438434,0.710000000000008,-1.0422535211267616
2009-07-02,1,571,923,91.02000000000001,89.89999999999999,91.01,89.91999999999999,stop,-1.1200000000000188,-0.012306339962641674,-123.06339962641674,1.0900000000000176,-1.027522935779817
2009-07-06,1,571,946,88.96000000000001,89.80999999999999,88.95,89.82,target,0.8499999999999801,0.009555930297919957,95.55930297919957,0.8900000000000006,0.9550561797752579
2009-07-08,-1,571,660,88.47999999999999,88.11,88.49,88.1,target,0.36999999999999034,0.004181263419595326,41.81263419595326,0.6099999999999994,0.606557377049165
2009-07-09,-1,571,627,88.58999999999999,88.02000000000001,88.6,88.01,target,0.569999999999979,0.006433408577877867,64.33408577877867,0.6099999999999994,0.9344262295081631
2009-07-10,1,571,589,87.84,88.22,87.83,88.23,target,0.37999999999999545,0.004326539906637772,43.26539906637772,0.6599999999999966,0.5757575757575718
2009-07-15,-1,571,829,91.72999999999999,92.96,91.74,92.94,stop,-1.230000000000004,-0.013407455853499064,-134.07455853499064,1.2000000000000028,-1.0250000000000008
2009-07-20,-1,571,951,94.69999999999999,95.27,94.71,95.25,stop,-0.5700000000000074,-0.006018371872030487,-60.18371872030487,0.5400000000000063,-1.055555555555557
2009-07-21,-1,571,603,95.86,95.14,95.87,95.13,target,0.7199999999999989,0.00751017002190465,75.1017002190465,0.7400000000000091,0.9729729729729595
2009-07-22,1,571,593,94.93,95.57,94.92,95.58,target,0.6399999999999864,0.006742520016856156,67.42520016856156,0.5800000000000125,1.1034482758620217
2009-07-24,1,571,661,97.11,96.67999999999999,97.1,96.69999999999999,stop,-0.4300000000000068,-0.004428424304840441,-44.28424304840441,0.4000000000000057,-1.0750000000000017
2009-07-28,1,571,599,97.67,98.33999999999999,97.66,98.35,target,0.6699999999999875,0.006860536555396145,68.60536555396145,0.6899999999999977,0.9710144927536083
2009-07-29,1,571,959,97.33,97.64829999999999,97.32,97.6583,eod,0.3182999999999936,0.003270653514179959,32.70653514179959,0.5,0.6365999999999872
2009-07-30,-1,571,959,98.75999999999999,98.72,98.77,98.71,eod,0.03999999999999204,0.0004049812696161997,4.049812696161997,1.2317000000000036,0.03247544044815452
2009-08-03,-1,571,959,99.78999999999999,100.4,99.8,100.39,eod,-0.6100000000000136,-0.006112224448897932,-61.12224448897932,1.0699999999999932,-0.5700934579439416
2009-08-06,-1,571,589,100.8,100.42,100.81,100.41,target,0.37999999999999545,0.0037694673147504756,37.69467314750476,0.5200000000000102,0.7307692307692076
2009-08-07,-1,571,809,100.91,101.98,100.92,101.96000000000001,stop,-1.0700000000000074,-0.010602457391993732,-106.02457391993732,1.0400000000000063,-1.0288461538461549
2009-08-13,-1,571,585,101.11,100.79,101.12,100.78,target,0.3199999999999932,0.0031645569620252488,31.645569620252488,0.6200000000000045,0.5161290322580497
2009-08-17,1,571,959,98.74040000000001,98.22,98.7304,98.23,eod,-0.5204000000000093,-0.0052709195951805045,-52.70919595180504,1.7404000000000082,-0.2990117214433503
2009-08-19,1,571,604,98.32000000000001,99.17999999999999,98.31,99.19,target,0.8599999999999852,0.008747838470145307,87.47838470145307,0.8799999999999955,0.9772727272727155
2009-08-21,-1,571,604,101.85,102.63999999999999,101.86,102.61999999999999,stop,-0.789999999999992,-0.007755743176909405,-77.55743176909405,0.7599999999999909,-1.0394736842105283
2009-08-28,-1,571,600,104.17999999999999,103.46000000000001,104.19,103.45,target,0.7199999999999847,0.006910452058738695,69.10452058738696,0.8200000000000074,0.8780487804877782
2009-08-31,1,571,959,102.32000000000001,102.47,102.31,102.48,eod,0.14999999999999147,0.0014661323428794006,14.661323428794006,0.8999999999999915,0.16666666666665877
2009-09-01,1,571,583,102.08,102.47,102.07,102.48,target,0.39000000000000057,0.003820907220534933,38.20907220534933,0.6300000000000097,0.6190476190476104
2009-09-03,-1,571,605,100.38,99.85000000000001,100.39,99.84,target,0.5299999999999869,0.00527941029983053,52.7941029983053,0.5899999999999892,0.898305084745757
2009-09-08,-1,571,959,102.92999999999999,102.91000000000001,102.94,102.9,eod,0.01999999999998181,0.00019428793471907722,1.9428793471907722,0.9900000000000091,0.020202020202001642
2009-09-14,1,571,647,104.12,104.74,104.11,104.75,target,0.6199999999999903,0.005955239650369709,59.55239650369709,1.1000000000000085,0.5636363636363505
2009-09-21,1,571,609,105.9,106.72,105.89,106.73,target,0.8199999999999932,0.007743885163849213,77.43885163849212,0.8400000000000034,0.9761904761904641
2009-09-22,-1,571,959,107.015,107.11,107.025,107.1,eod,-0.09499999999999886,-0.0008876430740481089,-8.876430740481089,0.6849999999999881,-0.13868613138686206
2009-10-02,1,571,634,102.14,102.97999999999999,102.13,102.99,target,0.8399999999999892,0.008224811514736015,82.24811514736014,1.0799999999999983,0.777777777777769
2009-10-06,-1,571,594,104.75,105.51,104.76,105.49000000000001,stop,-0.7600000000000051,-0.0072546773577701895,-72.5467735777019,0.730000000000004,-1.0410958904109602
2009-10-08,-1,571,959,106.5183,106.62,106.5283,106.61,eod,-0.10170000000000812,-0.0009546758936358518,-9.546758936358518,0.7716999999999956,-0.13178696384606545
2009-10-12,-1,571,959,107.67999999999999,107.75,107.69,107.74,eod,-0.07000000000000739,-0.000650013928869973,-6.50013928869973,0.5900000000000176,-0.11864406779661915
2009-10-14,-1,571,959,108.66,109.33070000000001,108.67,109.3207,eod,-0.6707000000000107,-0.00617189656759005,-61.7189656759005,1.269999999999996,-0.5281102362204826
2009-10-15,1,571,874,108.81,109.3107,108.8,109.3207,target,0.5006999999999948,0.0046020220588234816,46.020220588234814,0.5406999999999869,0.9260218235620621
2009-10-16,1,571,959,108.80000000000001,108.88,108.79,108.89,eod,0.07999999999998408,0.0007353617060390117,7.353617060390117,0.8200000000000074,0.09756097560973581
2009-10-29,-1,571,729,105.14,105.96000000000001,105.15,105.94000000000001,stop,-0.8200000000000074,-0.007798383262006727,-77.98383262006728,0.7900000000000063,-1.0379746835443049
2009-11-03,1,571,596,103.71000000000001,104.35,103.7,104.36,target,0.6399999999999864,0.006171648987463706,61.71648987463706,0.5800000000000125,1.1034482758620217
2009-11-04,-1,571,883,105.47999999999999,106.35,105.49,106.33,stop,-0.8700000000000045,-0.00824722722532946,-82.47227225329459,0.8400000000000034,-1.035714285714287
2009-11-05,-1,571,636,105.66,106.49999999999999,105.67,106.47999999999999,stop,-0.8399999999999892,-0.007949276048074091,-79.49276048074091,0.8099999999999881,-1.037037037037039
2009-11-09,-1,571,675,107.94,108.77,107.95,108.75,stop,-0.8299999999999983,-0.007688744789254269,-76.88744789254268,0.7999999999999972,-1.0375000000000016
2009-11-11,-1,571,959,110.2599,110.14,110.2699,110.13,eod,0.11990000000000123,0.001087332082463131,10.87332082463131,0.7700999999999993,0.15569406570575423
2009-11-16,-1,571,594,110.36,111.14999999999999,110.37,111.13,stop,-0.789999999999992,-0.007157742140074223,-71.57742140074222,0.7599999999999909,-1.0394736842105283
2009-11-19,1,571,583,110.54,109.72000000000001,110.53,109.74000000000001,stop,-0.8199999999999932,-0.007418800325703367,-74.18800325703367,0.789999999999992,-1.0379746835443056
2009-11-20,1,571,959,109.32000000000001,109.50999999999999,109.31,109.52,eod,0.18999999999998352,0.0017381758302075154,17.381758302075152,0.6099999999999994,0.31147540983603883
2009-11-23,-1,571,959,110.8,110.92,110.81,110.91,eod,-0.12000000000000455,-0.0010829347531811618,-10.829347531811617,1.0899999999999892,-0.11009174311927132
2009-12-01,-1,571,959,111.05,111.26,111.06,111.25,eod,-0.21000000000000796,-0.0018908698001081214,-18.908698001081213,0.8300000000000125,-0.25301204819277684
2009-12-04,-1,571,705,111.8498,110.44000000000001,111.8598,110.43,target,1.40979999999999,0.012603276601602988,126.03276601602988,1.390199999999993,1.014098690835849
2009-12-08,1,571,585,109.97,109.35,109.96,109.36999999999999,stop,-0.6200000000000045,-0.005638413968715938,-56.38413968715938,0.5900000000000034,-1.0508474576271203
2009-12-10,-1,571,959,110.82,110.66000000000001,110.83,110.65,eod,0.15999999999998238,0.0014436524406747486,14.436524406747486,0.5600000000000023,0.2857142857142531
2009-12-11,-1,571,705,111.22999999999999,110.66000000000001,111.24,110.65,target,0.569999999999979,0.005124056094929693,51.24056094929693,0.3299999999999983,1.7272727272726724
2009-12-14,-1,571,959,111.82,111.89,111.83,111.88,eod,-0.07000000000000739,-0.0006259501028347259,-6.259501028347259,0.710000000000008,-0.09859154929578395
2009-12-15,1,571,651,111.39,111.86999999999999,111.38,111.88,target,0.47999999999998977,0.004309570838570568,43.09570838570568,0.3400000000000034,1.4117647058823086
2009-12-16,-1,571,929,111.78999999999999,111.32000000000001,111.8,111.31,target,0.46999999999998465,0.004203935599284299,42.03935599284299,0.4899999999999949,0.9591836734693664
2009-12-17,1,571,959,110.61,110.14999999999999,110.6,110.16,eod,-0.46000000000000796,-0.004159132007233345,-41.59132007233345,0.6700000000000017,-0.6865671641791146
2009-12-21,-1,571,575,110.89999999999999,111.31,110.91,111.29,stop,-0.4100000000000108,-0.0036966910107295177,-36.96691010729518,0.38000000000000966,-1.0789473684210535
2009-12-28,-1,571,640,112.848,112.60000000000001,112.858,112.59,target,0.24799999999999045,0.002197451664923979,21.974516649239792,0.35200000000000387,0.7045454545454197
2009-12-30,1,571,582,112.25,112.57,112.24,112.58,target,0.3199999999999932,0.0028510334996435602,28.510334996435603,0.3599999999999852,0.8888888888889064
2010-01-04,-1,571,693,112.4099,113.32000000000001,112.4199,113.30000000000001,stop,-0.9101000000000141,-0.008095541803542026,-80.95541803542025,0.880100000000013,-1.0340870355641412
2010-01-08,1,571,621,113.83,114.19,113.82,114.2,target,0.35999999999999943,0.0031628887717448555,31.628887717448556,0.2600000000000051,1.3846153846153553
2010-01-11,-1,571,606,115.1,114.58,115.11,114.57,target,0.519999999999996,0.004517418121796508,45.174181217965085,0.45999999999999375,1.1304347826087024
2010-01-12,1,571,959,114.03,113.64999999999999,114.02,113.66,eod,-0.38000000000000966,-0.003332748640589455,-33.327486405894554,0.8300000000000125,-0.45783132530120957
2010-01-13,-1,571,610,113.99,113.67,114.0,113.66,target,0.3199999999999932,0.0028070175438595895,28.070175438595896,0.2400000000000091,1.3333333333332544
2010-01-20,1,571,629,114.09,113.46,114.08,113.47999999999999,stop,-0.6300000000000097,-0.005522440392706957,-55.224403927069574,0.6000000000000085,-1.0500000000000012
2010-01-22,1,571,609,111.23,110.71999999999998,111.22,110.73999999999998,stop,-0.5100000000000193,-0.0045855062039203325,-45.855062039203325,0.4800000000000182,-1.0625
2010-01-25,-1,571,959,110.22,109.76,110.23,109.75,eod,0.45999999999999375,0.004173092624512326,41.730926245123264,0.9500000000000028,0.48421052631578143
2010-02-01,-1,571,798,108.28,108.9,108.29,108.88000000000001,stop,-0.6200000000000045,-0.005725367069904927,-57.253670699049266,0.5900000000000034,-1.0508474576271203
2010-02-04,1,571,593,108.91000000000001,108.06,108.9,108.08,stop,-0.8500000000000085,-0.007805325987144247,-78.05325987144246,0.8200000000000074,-1.0365853658536597
2010-02-09,-1,571,959,107.08999999999999,107.25,107.1,107.24,eod,-0.1600000000000108,-0.0014939309056957125,-14.939309056957125,1.269999999999996,-0.12598425196851284
2010-02-12,1,571,959,106.94000000000001,108.00999999999999,106.93,108.02,eod,1.069999999999979,0.010006546338726071,100.0654633872607,1.0400000000000205,1.0288461538461133
2010-02-16,-1,571,935,108.77,109.72,108.78,109.7,stop,-0.9500000000000028,-0.008733223018937331,-87.3322301893733,0.9200000000000017,-1.0326086956521752
2010-02-25,1,571,959,109.13000000000001,110.69999999999999,109.12,110.71,eod,1.569999999999979,0.014387829912023267,143.87829912023267,1.460000000000008,1.0753424657534043
2010-03-01,-1,571,606,111.27,111.64999999999999,111.28,111.63,stop,-0.37999999999999545,-0.003414809489575804,-34.14809489575804,0.3499999999999943,-1.0857142857142903
2010-03-02,-1,571,959,112.32,112.18,112.33,112.17,eod,0.13999999999998636,0.001246327784207125,12.46327784207125,0.5150000000000148,0.27184466019414044
2010-03-05,-1,571,885,113.2897,114.12999999999998,113.2997,114.10999999999999,stop,-0.840299999999985,-0.007416612753608217,-74.16612753608217,0.8102999999999838,-1.0370233246945597
2010-03-09,1,571,605,113.94000000000001,114.25999999999999,113.93,114.27,target,0.31999999999997897,0.0028087422101288418,28.087422101288418,0.38000000000000966,0.842105263157818
2010-03-12,-1,571,602,115.77,115.47,115.78,115.46,target,0.29999999999999716,0.0025911210917256623,25.91121091725662,0.6400000000000006,0.46874999999999517
2010-03-17,-1,571,680,116.78999999999999,117.13000000000001,116.8,117.11000000000001,stop,-0.3400000000000176,-0.00291095890410974,-29.1095890410974,0.3100000000000165,-1.0967741935483857
2010-03-22,1,571,597,115.31500000000001,115.94999999999999,115.305,115.96,target,0.6349999999999767,0.005507133255279273,55.07133255279273,0.644999999999996,0.9844961240309776
2010-03-24,1,571,959,117.04,116.80999999999999,117.03,116.82,eod,-0.2300000000000182,-0.001965308040673487,-19.65308040673487,0.5300000000000153,-0.43396226415096517
2010-03-25,-1,571,945,117.58999999999999,116.83,117.6,116.82,target,0.7599999999999909,0.006462585034013529,64.62585034013529,0.8600000000000136,0.8837209302325335
2010-03-29,-1,571,959,117.19,117.35000000000001,117.2,117.34,eod,-0.1600000000000108,-0.0013651877133106724,-13.651877133106725,0.46999999999998465,-0.3404255319149277
2010-03-31,1,571,695,117.01,117.36,117.0,117.37,target,0.3499999999999943,0.0029914529914529427,29.914529914529428,0.46999999999999886,0.7446808510638195
2010-04-01,-1,571,959,117.78,117.82000000000001,117.79,117.81,eod,-0.04000000000000625,-0.00033958740130746455,-3.3958740130746454,0.8199999999999932,-0.04878048780488608
2010-04-05,-1,571,637,118.28999999999999,118.71,118.3,118.69,stop,-0.4200000000000017,-0.0035502958579881803,-35.5029585798818,0.39000000000000057,-1.0769230769230798
2010-04-06,1,571,680,118.38000000000001,118.77,118.37,118.78,target,0.38999999999998636,0.0032947537382781644,32.94753738278165,0.28999999999999204,1.3448275862068864
2010-04-08,1,571,727,117.86,118.36999999999999,117.85,118.38,target,0.5099999999999909,0.004327535002121264,43.27535002121264,0.3499999999999943,1.4571428571428549
2010-04-14,-1,571,752,120.27,120.73,120.28,120.71000000000001,stop,-0.46000000000000796,-0.0038244097106751576,-38.244097106751575,0.4300000000000068,-1.0697674418604666
2010-04-16,1,571,638,120.91000000000001,120.39,120.9,120.41,stop,-0.5200000000000102,-0.004301075268817288,-43.010752688172886,0.4900000000000091,-1.0612244897959195
2010-04-19,1,571,575,119.02000000000001,119.35,119.01,119.36,target,0.3299999999999841,0.002772876228888195,27.72876228888195,0.3499999999999943,0.9428571428571126
2010-04-20,-1,571,959,120.53999999999999,120.88000000000001,120.55,120.87,eod,-0.3400000000000176,-0.0028204064703444016,-28.204064703444015,0.7200000000000131,-0.47222222222223814
2010-04-22,1,571,840,119.72,120.64,119.71,120.65,target,0.9200000000000017,0.0076852393283769254,76.85239328376926,0.7200000000000131,1.277777777777757
2010-04-27,1,571,685,120.64,119.94000000000001,120.63,119.96000000000001,stop,-0.6999999999999886,-0.005802868274890066,-58.02868274890066,0.6699999999999875,-1.0447761194029876
2010-04-28,-1,571,697,119.11,118.5,119.12,118.49,target,0.6099999999999994,0.005120886501007382,51.20886501007382,0.4899999999999949,1.2448979591836853
2010-04-29,-1,571,650,120.11,120.88999999999999,120.12,120.86999999999999,stop,-0.7799999999999869,-0.006493506493506385,-64.93506493506385,0.7499999999999858,-1.0400000000000023
2010-05-03,-1,571,741,119.50999999999999,119.97,119.52,119.95,stop,-0.46000000000000796,-0.0038487282463186743,-38.487282463186745,0.4300000000000068,-1.0697674418604666
2010-05-04,1,571,643,118.84,117.63,118.83,117.64999999999999,stop,-1.210000000000008,-0.01018261381805948,-101.8261381805948,1.1800000000000068,-1.0254237288135601
2010-05-05,1,571,709,116.56,117.53999999999999,116.55,117.55,target,0.9799999999999898,0.00840840840840832,84.0840840840832,1.0,0.9799999999999898
2010-05-06,1,571,584,116.4299,116.82,116.4199,116.83,target,0.3900999999999897,0.0033508017100168414,33.508017100168416,0.7298999999999864,0.5344567749006671
2010-05-10,-1,571,959,115.72,116.17,115.73,116.16,eod,-0.45000000000000284,-0.003888360839885966,-38.88360839885966,4.590000000000003,-0.09803921568627505
2010-05-11,1,571,672,114.95,116.14999999999999,114.94,116.16,target,1.1999999999999886,0.010440229685052973,104.40229685052974,0.960000000000008,1.2499999999999778
2010-05-20,1,571,959,109.30000000000001,107.52799999999999,109.29,107.538,eod,-1.7720000000000198,-0.0162137432518988,-162.137432518988,2.3200000000000216,-0.7637931034482772
2010-05-21,1,571,590,105.87,107.52799999999999,105.86,107.538,target,1.657999999999987,0.01566219535235204,156.6219535235204,1.578000000000003,1.0506970849176072
2010-05-25,1,571,957,105.05000000000001,107.7101,105.04,107.7201,target,2.6600999999999857,0.025324638233053937,253.24638233053938,2.5401000000000096,1.047242234557685
2010-05-27,-1,571,959,109.25999999999999,110.79,109.27,110.78,eod,-1.5300000000000153,-0.014002013361398512,-140.02013361398514,1.9599999999999937,-0.7806122448979695
2010-06-01,1,571,621,108.42,109.33999999999999,108.41,109.35,target,0.9199999999999875,0.008486302001660248,84.86302001660248,1.0600000000000023,0.8679245283018732
2010-06-04,1,571,943,108.6983,106.49000000000001,108.6883,106.51,stop,-2.208299999999994,-0.020317734291547426,-203.17734291547424,2.178299999999993,-1.0137722076848925
2010-06-10,-1,571,959,107.89999999999999,109.2,107.91,109.19,eod,-1.3000000000000114,-0.012047076267259859,-120.47076267259858,1.7999999999999972,-0.7222222222222296
2010-06-11,1,571,607,108.16000000000001,109.17999999999999,108.15,109.19,target,1.0199999999999818,0.009431345353675282,94.31345353675283,0.9399999999999977,1.0851063829787067
2010-06-14,-1,571,935,110.53999999999999,109.67,110.55,109.66,target,0.8699999999999903,0.00786974219810032,78.6974219810032,0.8299999999999983,1.048192771084328
2010-06-21,-1,571,904,113.11,111.72,113.12,111.71,target,1.3900000000000006,0.012287835926449792,122.87835926449792,1.3900000000000006,1.0
2010-06-29,1,571,625,106.03,104.53999999999999,106.02,104.55999999999999,stop,-1.490000000000009,-0.014053952084512442,-140.53952084512443,1.460000000000008,-1.0205479452054802
2010-07-06,-1,571,851,103.64,102.27000000000001,103.65,102.26,target,1.3699999999999903,0.013217559093101692,132.17559093101693,1.3699999999999903,1.0
2010-07-08,-1,571,711,106.88,106.14,106.89,106.13,target,0.7399999999999949,0.006923004958368368,69.23004958368368,0.9599999999999937,0.770833333333333
2010-07-13,-1,571,959,109.08,109.67,109.09,109.66,eod,-0.5900000000000034,-0.005408378403153391,-54.08378403153391,1.190000000000012,-0.495798319327729
2010-07-16,1,571,587,109.09,108.44000000000001,109.08,108.46000000000001,stop,-0.6499999999999915,-0.005958929226255881,-59.589292262558814,0.6199999999999903,-1.0483870967741962
2010-07-20,1,571,815,105.9,107.30999999999999,105.89,107.32,target,1.4099999999999824,0.013315704976862616,133.15704976862617,1.4699999999999847,0.9591836734693858
2010-07-22,-1,571,604,108.39999999999999,109.60000000000001,108.41,109.58000000000001,stop,-1.200000000000017,-0.01106908956738324,-110.6908956738324,1.170000000000016,-1.0256410256410262
2010-07-29,-1,571,665,111.64999999999999,110.82000000000001,111.66,110.81,target,0.8299999999999841,0.007433279598781875,74.33279598781876,0.5699999999999932,1.4561403508771824
2010-07-30,1,571,640,109.24000000000001,110.27,109.23,110.28,target,1.029999999999987,0.009429643870731363,94.29643870731364,1.1700000000000017,0.8803418803418679
2010-08-02,-1,571,959,112.02,112.75,112.03,112.74,eod,-0.730000000000004,-0.006516111755779737,-65.16111755779737,1.6100000000000136,-0.4534161490683216
2010-08-05,1,571,959,112.28160000000001,112.83,112.2716,112.84,eod,0.5483999999999867,0.004884583456546327,48.84583456546327,0.7616000000000156,0.7200630252100518
2010-08-06,1,571,959,111.78,112.38,111.77,112.39,eod,0.5999999999999943,0.005368166771047637,53.68166771047637,1.1499999999999915,0.5217391304347815
2010-08-10,1,571,959,112.02000000000001,112.41,112.01,112.42,eod,0.38999999999998636,0.003481831979287442,34.81831979287442,0.9300999999999959,0.41930975163959583
2010-08-11,1,571,959,110.62,109.28009999999999,110.61,109.2901,eod,-1.3399000000000143,-0.012113732935539412,-121.13732935539412,1.7299999999999898,-0.7745086705202441
2010-08-12,1,571,959,107.73,108.63,107.72,108.64,eod,0.8999999999999915,0.008354994430003634,83.54994430003634,1.730099999999993,0.520201144442515
2010-08-16,1,571,619,107.49000000000001,108.28999999999999,107.48,108.3,target,0.799999999999983,0.007443245254930991,74.4324525493099,0.6400000000000148,1.2499999999999445
2010-08-17,-1,571,795,109.11,110.10000000000001,109.12,110.08000000000001,stop,-0.9900000000000091,-0.009072580645161372,-90.72580645161372,0.960000000000008,-1.0312500000000009
2010-08-19,1,571,600,109.29010000000001,108.64,109.2801,108.66,stop,-0.650100000000009,-0.005948933062835859,-59.48933062835859,0.6201000000000079,-1.0483792936623137
2010-08-23,-1,571,590,108.03,108.56,108.04,108.54,stop,-0.5300000000000011,-0.0049055905220288885,-49.055905220288885,0.5,-1.0600000000000023
2010-08-24,1,571,959,105.98,105.57,105.97,105.58,eod,-0.4100000000000108,-0.0038690195338304313,-38.690195338304314,1.170000000000016,-0.3504273504273549
2010-08-25,1,571,600,105.12,104.28,105.11,104.3,stop,-0.8400000000000034,-0.007991627818475915,-79.91627818475915,0.8100000000000023,-1.0370370370370383
2010-08-27,-1,571,598,105.83999999999999,105.21000000000001,105.85,105.2,target,0.6299999999999812,0.005951818611242147,59.518186112421475,0.730000000000004,0.8630136986301066
2010-09-01,-1,571,607,106.75,108.08,106.76,108.06,stop,-1.3299999999999983,-0.012457849381790917,-124.57849381790916,1.2999999999999972,-1.023076923076924
2010-09-03,-1,571,959,110.58,110.92,110.59,110.91,eod,-0.3400000000000034,-0.0030744190252283516,-30.744190252283516,1.0300000000000153,-0.3300970873786392
2010-09-09,-1,571,959,111.55,110.94000000000001,111.56,110.93,eod,0.6099999999999852,0.00546790964503393,54.6790964503393,1.3500000000000085,0.45185185185183807
2010-09-13,-1,571,959,112.55,112.75,112.56,112.74,eod,-0.20000000000000284,-0.0017768301350391154,-17.768301350391155,1.0799999999999983,-0.18518518518518812
2010-09-23,1,571,648,112.49000000000001,113.42,112.48,113.43,target,0.9299999999999926,0.008268136557610176,82.68136557610175,0.930000000000021,0.9999999999999695
2010-09-24,-1,571,959,113.69999999999999,114.81,113.71,114.8,eod,-1.1100000000000136,-0.009761674434966262,-97.61674434966262,1.2800000000000011,-0.8671875000000099
2010-09-30,-1,571,583,115.13,115.68999999999998,115.14,115.66999999999999,stop,-0.5599999999999881,-0.004863644259162654,-48.63644259162654,0.5299999999999869,-1.0566037735849092
2010-10-01,-1,571,630,115.05,114.11,115.06,114.1,target,0.9399999999999977,0.008169650617069335,81.69650617069335,0.7800000000000011,1.2051282051282004
2010-10-05,-1,571,700,114.83,115.88,114.84,115.86,stop,-1.0499999999999972,-0.009143155694879808,-91.43155694879809,1.019999999999996,-1.0294117647058836
2010-10-13,-1,571,666,117.72,118.29999999999998,117.73,118.27999999999999,stop,-0.5799999999999841,-0.004926526798606847,-49.26526798606847,0.549999999999983,-1.0545454545454582
2010-10-15,-1,571,595,118.32,117.53,118.33,117.52,target,0.789999999999992,0.006676244401250672,66.76244401250672,0.710000000000008,1.1126760563380045
2010-10-19,1,571,959,117.02000000000001,116.6965,117.01,116.7065,eod,-0.3235000000000099,-0.002764720964020254,-27.64720964020254,1.1800000000000068,-0.27415254237288816
2010-10-21,-1,571,609,118.33999999999999,118.95,118.35,118.93,stop,-0.6100000000000136,-0.005154203633291201,-51.54203633291201,0.5800000000000125,-1.0517241379310354
2010-10-25,-1,571,959,119.125,118.69000000000001,119.135,118.68,eod,0.43499999999998806,0.0036513199311704204,36.513199311704206,0.7650000000000006,0.5686274509803761
2010-10-26,1,571,625,118.05000000000001,118.67,118.04,118.68,target,0.6199999999999903,0.005252456794306933,52.52456794306933,0.5400000000000063,1.148148148148117
2010-10-27,1,571,959,117.89500000000001,118.36999999999999,117.885,118.38,eod,0.4749999999999801,0.004029350638333801,40.293506383338006,0.8149999999999977,0.5828220858895478
2010-10-28,-1,571,625,118.99,118.39,119.0,118.38,target,0.5999999999999943,0.005042016806722642,50.42016806722641,0.7400000000000091,0.8108108108107932
2010-11-01,-1,571,605,119.11999999999999,119.68999999999998,119.13,119.66999999999999,stop,-0.5699999999999932,-0.004784688995215254,-47.84688995215254,0.539999999999992,-1.0555555555555585
2010-11-02,-1,571,959,119.52,119.48,119.53,119.47,eod,0.03999999999999204,0.00033464402242108294,3.3464402242108293,0.7600000000000051,0.05263157894735759
2010-11-04,-1,571,959,121.22,122.25,121.23,122.24,eod,-1.0300000000000011,-0.008496246803596478,-84.96246803596478,1.3599999999999994,-0.7573529411764718
2010-11-11,1,571,959,121.03,121.64,121.02,121.65,eod,0.6099999999999994,0.005040489175342914,50.40489175342914,0.9900999999999982,0.6160993839006167
2010-11-12,1,571,742,120.78,119.95,120.77,119.97,stop,-0.8299999999999983,-0.006872567690651638,-68.72567690651638,0.7999999999999972,-1.0375000000000016
2010-11-16,1,571,656,119.25,118.53000000000002,119.24,118.55000000000001,stop,-0.7199999999999847,-0.006038242200603696,-60.38242200603696,0.6899999999999835,-1.0434782608695679
2010-11-18,-1,571,959,119.44,119.98,119.45,119.97,eod,-0.5400000000000063,-0.004520719966513238,-45.20719966513238,1.0499999999999972,-0.5142857142857217
2010-11-22,1,571,748,119.81,119.08,119.8,119.1,stop,-0.730000000000004,-0.006093489148581001,-60.93489148581001,0.7000000000000028,-1.0428571428571443
2010-11-23,1,571,959,118.84,118.41,118.83,118.42,eod,-0.4300000000000068,-0.0036186148279054686,-36.186148279054684,1.440000000000012,-0.2986111111111134
2010-11-24,-1,571,645,119.365,120.0,119.375,119.98,stop,-0.6350000000000051,-0.005319371727748734,-53.193717277487345,0.605000000000004,-1.0495867768595057
2010-11-26,1,571,959,119.18,118.72999999999999,119.17,118.74,eod,-0.45000000000001705,-0.003776118150541387,-37.761181505413866,1.0300000000000153,-0.43689320388350517
2010-11-30,1,571,800,117.98,119.16,117.97,119.17,target,1.1799999999999926,0.010002543019411652,100.02543019411652,1.2000000000000028,0.9833333333333248
2010-12-01,-1,571,959,120.24,121.02000000000001,120.25,121.01,eod,-0.7800000000000153,-0.0064864864864866145,-64.86486486486615,1.7000000000000028,-0.45882352941177296
2010-12-07,-1,571,959,123.86,122.84,123.87,122.83,eod,1.019999999999996,0.008234439331557245,82.34439331557245,1.279999999999987,0.796875000000005
2010-12-09,-1,571,656,124.0,123.26,124.01,123.25,target,0.7399999999999949,0.005967260704781831,59.67260704781831,0.6799999999999926,1.0882352941176514
2010-12-13,-1,571,959,124.97999999999999,124.56,124.99,124.55,eod,0.4199999999999875,0.0033602688215056205,33.602688215056205,0.5999999999999943,0.6999999999999857
2010-12-17,1,571,959,124.0998,124.33,124.0898,124.34,eod,0.2301999999999964,0.0018551081555453906,18.551081555453905,0.7198000000000064,0.3198110586273886
2010-12-21,-1,571,934,125.00999999999999,125.42989999999999,125.02,125.4099,stop,-0.4198999999999984,-0.00335866261398175,-33.586626139817504,0.38989999999999725,-1.0769428058476567
2010-12-27,1,571,798,125.16000000000001,125.58,125.15,125.59,target,0.4199999999999875,0.0033559728326007787,33.559728326007786,0.4800000000000182,0.8749999999999408
2010-12-31,1,571,687,125.57900000000001,125.75,125.569,125.76,target,0.17099999999999227,0.0013618010814770546,13.618010814770546,0.3089999999999975,0.5533980582524066
2011-01-03,-1,571,959,126.71,127.06,126.72,127.05,eod,-0.3500000000000085,-0.0027619949494950167,-27.619949494950166,0.8999999999999915,-0.38888888888890205
2011-01-04,-1,571,581,127.30999999999999,127.06,127.32,127.05,target,0.2499999999999858,0.001963556393339505,19.63556393339505,0.29000000000000625,0.8620689655171738
2011-01-05,1,571,607,126.58,126.92,126.57,126.93,target,0.3400000000000034,0.0026862605672750527,26.862605672750526,0.36000000000001364,0.9444444444444181
2011-01-10,1,571,924,126.58500000000001,127.11,126.575,127.12,target,0.5249999999999915,0.004147738494963393,41.47738494963393,0.5150000000000006,1.0194174757281376
2011-01-11,-1,571,846,127.475,126.99000000000001,127.485,126.98,target,0.4849999999999852,0.0038043691414675076,38.043691414675074,0.41499999999999204,1.1686746987951675
2011-01-12,-1,571,959,128.23000000000002,128.60999999999999,128.24,128.6,eod,-0.37999999999996703,-0.0029631940112286883,-29.631940112286884,0.7699999999999818,-0.49350649350646236
2011-01-21,-1,571,959,128.81,128.41,128.82,128.4,eod,0.4000000000000057,0.0031051079024996564,31.051079024996564,0.8499999999999943,0.47058823529412747
2011-01-25,1,571,599,128.69,129.12,128.68,129.13,target,0.4300000000000068,0.0033416226297793505,33.41622629779351,0.3100000000000023,1.3870967741935603
2011-01-26,-1,571,624,129.44,129.86000000000004,129.45,129.84000000000003,stop,-0.42000000000004434,-0.0032444959443804124,-32.44495944380412,0.3900000000000432,-1.0769230769230713
2011-01-31,-1,571,726,128.15,128.47,128.16,128.45,stop,-0.3199999999999932,-0.00249687890137323,-24.9687890137323,0.28999999999999204,-1.1034482758620758
2011-02-01,-1,571,651,129.405,130.27000000000004,129.415,130.25000000000003,stop,-0.8650000000000375,-0.0066839238109959245,-66.83923810995924,0.8350000000000364,-1.0359281437125747
2011-02-09,1,571,647,132.22,132.58,132.21,132.59,target,0.36000000000001364,0.002722940776038224,27.22940776038224,0.37999999999999545,0.9473684210526788
2011-02-10,1,571,690,131.64999999999998,132.26000000000002,131.64,132.27,target,0.6100000000000421,0.004633849893649667,46.33849893649667,0.710000000000008,0.8591549295775144
2011-02-11,1,571,630,131.87,132.32000000000002,131.86,132.33,target,0.45000000000001705,0.0034127104504779082,34.12710450477908,0.5900000000000034,0.7627118644068042
2011-02-15,1,571,959,133.10999999999999,133.0,133.1,133.01,eod,-0.10999999999998522,-0.0008264462809916245,-8.264462809916244,0.4899999999999807,-0.22448979591834603
2011-02-16,-1,571,635,133.49,133.91,133.5,133.89,stop,-0.4199999999999875,-0.0031460674157302434,-31.460674157302435,0.38999999999998636,-1.0769230769230824
2011-02-22,1,571,828,133.081,131.71,133.071,131.73000000000002,stop,-1.370999999999981,-0.010302770701354772,-103.02770701354773,1.3409999999999798,-1.022371364653245
2011-02-25,-1,571,601,131.49,132.04999999999998,131.5,132.02999999999997,stop,-0.5599999999999739,-0.004258555133079649,-42.585551330796484,0.5299999999999727,-1.0566037735849108
2011-02-28,-1,571,622,132.74,133.34,132.75,133.32,stop,-0.5999999999999943,-0.004519774011299392,-45.19774011299392,0.5699999999999932,-1.052631578947371
2011-03-01,-1,571,583,133.60000000000002,133.14999999999998,133.61,133.14,target,0.4500000000000455,0.0033680113763943226,33.680113763943226,0.38999999999998636,1.1538461538463107
2011-03-03,-1,571,898,132.44,133.6,132.45,133.57999999999998,stop,-1.1599999999999966,-0.008758021895054712,-87.58021895054712,1.1299999999999955,-1.0265486725663728
2011-03-10,1,571,959,130.82999999999998,129.91,130.82,129.92,eod,-0.9199999999999875,-0.0070325638281607365,-70.32563828160737,1.2299999999999613,-0.74796747967481
2011-03-14,1,571,693,130.04,129.12,130.03,129.14000000000001,stop,-0.9199999999999875,-0.007075290317618914,-70.75290317618915,0.8899999999999864,-1.0337078651685412
2011-03-15,1,571,959,126.78,128.62,126.77,128.63,eod,1.8400000000000034,0.01451447503352531,145.1447503352531,3.6799999999999926,0.5000000000000019
2011-03-17,-1,571,959,128.04000000000002,127.81,128.05,127.8,eod,0.2300000000000182,0.0017961733697775726,17.961733697775724,1.740000000000009,0.1321839080459868
2011-03-18,-1,571,856,128.83,127.81,128.84,127.8,target,1.0200000000000102,0.007916796026078936,79.16796026078936,1.039999999999992,0.9807692307692482
2011-03-21,-1,571,959,129.26000000000002,129.73499999999999,129.27,129.725,eod,-0.4749999999999659,-0.003674479771021628,-36.74479771021628,1.6599999999999966,-0.28614457831323303
2011-03-24,-1,571,959,130.29000000000002,130.91,130.3,130.9,eod,-0.6199999999999761,-0.004758250191864743,-47.58250191864743,0.8400000000000034,-0.7380952380952067
2011-03-30,-1,571,959,132.55,132.76999999999998,132.56,132.76,eod,-0.21999999999997044,-0.001659625829812692,-16.59625829812692,0.6599999999999966,-0.3333333333332903
2011-04-01,-1,571,959,133.34,133.17,133.35,133.16,eod,0.17000000000001592,0.0012748406449195045,12.748406449195045,0.9000000000000057,0.18888888888890537
2011-04-06,-1,571,719,133.82000000000002,133.23,133.83,133.22,target,0.5900000000000318,0.004408578046775998,44.08578046775998,0.7099999999999795,0.8309859154930266
2011-04-08,-1,571,621,133.95000000000002,133.37,133.96,133.36,target,0.5800000000000125,0.004329650641982774,43.29650641982774,0.47999999999998977,1.2083333333333852
2011-04-12,1,571,959,131.69,131.46,131.68,131.47,eod,-0.22999999999998977,-0.0017466585662210643,-17.466585662210644,0.710000000000008,-0.32394366197181296
2011-04-13,-1,571,698,132.10000000000002,131.48,132.11,131.47,target,0.620000000000033,0.004693058814624426,46.93058814624426,0.5599999999999739,1.1071428571429678
2011-04-14,1,571,896,130.79,131.45000000000002,130.78,131.46,target,0.660000000000025,0.005046643217617564,50.46643217617564,0.8400000000000318,0.7857142857142857
2011-04-18,1,571,959,130.48999999999998,130.54000000000002,130.48,130.55,eod,0.05000000000003979,0.00038320049049693283,3.8320049049693283,1.3900000000000148,0.03597122302161098
2011-04-20,-1,571,959,132.87,133.14,132.88,133.13,eod,-0.2699999999999818,-0.0020319084888619945,-20.319084888619944,1.5900000000000034,-0.16981132075470518
2011-04-21,-1,571,959,133.68,133.76,133.69,133.75,eod,-0.07999999999998408,-0.0005983992819207426,-5.983992819207426,0.7599999999999909,-0.10526315789471716
2011-04-26,-1,571,643,133.99,134.51000000000002,134.0,134.49,stop,-0.5200000000000102,-0.0038805970149254493,-38.80597014925449,0.4900000000000091,-1.0612244897959195
2011-05-02,-1,571,743,136.97,136.47,136.98,136.46,target,0.5,0.0036501679077237557,36.501679077237554,0.6999999999999886,0.7142857142857258
2011-05-05,1,571,722,134.17,134.83,134.16,134.84,target,0.660000000000025,0.004919499105545804,49.19499105545804,0.839999999999975,0.7857142857143389
2011-05-06,-1,571,862,135.03,133.64999999999998,135.04,133.64,target,1.3800000000000239,0.010219194312796385,102.19194312796385,1.1800000000000352,1.1694915254237142
2011-05-10,-1,571,622,135.14000000000001,135.63,135.15,135.60999999999999,stop,-0.4899999999999807,-0.0036256011838696313,-36.25601183869631,0.45999999999997954,-1.0652173913043532
2011-05-16,1,571,602,133.48,134.02,133.47,134.03,target,0.5400000000000205,0.0040458530006744625,40.458530006744624,0.36000000000001364,1.5
2011-05-17,1,571,618,132.66,133.20000000000002,132.65,133.21,target,0.5400000000000205,0.004070863173765702,40.70863173765702,0.5,1.080000000000041
2011-05-23,1,571,959,131.88,132.03,131.87,132.04,eod,0.15000000000000568,0.0011374838856449965,11.374838856449966,1.5300000000000296,0.09803921568627633
2011-05-25,1,571,587,131.48999999999998,131.95000000000002,131.48,131.96,target,0.4600000000000364,0.0034986309704900854,34.986309704900854,0.6000000000000227,0.7666666666666982
2011-05-31,-1,571,959,134.75,134.89999999999998,134.76,134.89,eod,-0.14999999999997726,-0.0011130899376667947,-11.130899376667948,1.2600000000000193,-0.11904761904759918
2011-06-03,1,571,959,130.13,130.42000000000002,130.12,130.43,eod,0.29000000000002046,0.002228711958192595,22.28711958192595,1.5199999999999818,0.19078947368422627
2011-06-07,-1,571,950,129.56,129.06,129.57,129.05,target,0.5,0.003858917959404183,38.58917959404183,0.7599999999999909,0.6578947368421131
2011-06-10,1,571,593,128.91,128.29,128.9,128.31,stop,-0.6200000000000045,-0.004809930178432929,-48.099301784329285,0.5900000000000034,-1.0508474576271203
2011-06-14,-1,571,959,128.91,129.32,128.92,129.31,eod,-0.4099999999999966,-0.003180266832143939,-31.80266832143939,1.110000000000042,-0.3693693693693523
2011-06-15,1,571,742,128.09179999999998,127.15000000000002,128.0818,127.17000000000002,stop,-0.941799999999958,-0.007353113400966867,-73.53113400966868,0.9117999999999711,-1.032901952182483
2011-06-17,-1,571,626,127.82,127.31,127.83,127.3,target,0.5099999999999909,0.003989673785496291,39.896737854962915,0.730000000000004,0.6986301369862851
2011-06-21,-1,571,643,128.28,129.02000000000004,128.29,129.00000000000003,stop,-0.7400000000000375,-0.00576818146387121,-57.681814638712105,0.7100000000000364,-1.04225352112676
2011-06-23,1,571,959,127.07000000000001,128.3,127.06,128.31,eod,1.230000000000004,0.009680465921611868,96.80465921611868,1.4099999999999966,0.8723404255319198
2011-06-29,-1,571,725,130.16,130.84000000000003,130.17,130.82000000000002,stop,-0.6800000000000352,-0.005223937927326076,-52.23937927326076,0.6500000000000341,-1.0461538461538455
2011-07-07,-1,571,959,135.06,135.41,135.07,135.4,eod,-0.3499999999999943,-0.0025912489820092864,-25.912489820092866,1.289999999999992,-0.2713178294573616
2011-07-08,1,571,959,133.94379999999998,134.4,133.9338,134.41,eod,0.4562000000000239,0.0034061603568331816,34.06160356833182,1.6938000000000102,0.2693352225764678
2011-07-11,1,571,959,132.81,131.98000000000002,132.8,131.99,eod,-0.8299999999999841,-0.00624999999999988,-62.4999999999988,1.6900000000000261,-0.49112426035501255
2011-07-13,-1,571,618,132.19,132.79800000000003,132.2,132.77800000000002,stop,-0.6080000000000325,-0.004599092284417796,-45.99092284417796,0.5780000000000314,-1.0519031141868505
2011-07-15,-1,571,620,131.58,130.95,131.59,130.94,target,0.6300000000000239,0.004787597841781472,47.87597841781472,0.789999999999992,0.797468354430418
2011-07-18,1,571,606,131.16,130.43,131.15,130.45000000000002,stop,-0.7299999999999898,-0.00556614563476927,-55.6614563476927,0.6999999999999886,-1.0428571428571451
2011-07-19,-1,571,618,131.44,132.12,131.45,132.1,stop,-0.6800000000000068,-0.005173069608216104,-51.73069608216104,0.6500000000000057,-1.0461538461538475
2011-07-21,-1,571,604,133.31,134.17000000000002,133.32,134.15,stop,-0.8600000000000136,-0.006450645064506553,-64.50645064506553,0.8300000000000125,-1.036144578313254
2011-07-25,1,571,959,133.375,133.83,133.365,133.84,eod,0.4550000000000125,0.003411689723690717,34.11689723690717,1.3449999999999989,0.3382899628252884
2011-07-27,1,571,606,132.6,131.82999999999998,132.59,131.85,stop,-0.7700000000000102,-0.0058073761218795554,-58.07376121879555,0.7400000000000091,-1.0405405405405417
2011-07-29,1,571,668,128.76999999999998,130.21,128.76,130.22,target,1.4400000000000261,0.011183597390494146,111.83597390494145,1.1799999999999784,1.220338983050892
2011-08-01,-1,571,600,130.83,129.32999999999998,130.84,129.32,target,1.5000000000000284,0.011464383980434334,114.64383980434334,1.5200000000000102,0.98684210526317
2011-08-02,1,571,768,127.87,126.79,127.86,126.81,stop,-1.0799999999999983,-0.008446738620366013,-84.46738620366013,1.0499999999999972,-1.0285714285714298
2011-08-04,1,571,689,124.28,122.62,124.27,122.64,stop,-1.6599999999999966,-0.013358010782972532,-133.58010782972534,1.6299999999999955,-1.018404907975461
2011-08-05,-1,571,591,121.67999999999999,120.21000000000001,121.69,120.2,target,1.4699999999999847,0.012079875092447899,120.79875092447898,1.6300000000000097,0.9018404907975313
2011-08-08,1,571,855,117.03,113.79,117.02,113.81,stop,-3.239999999999995,-0.02768757477354294,-276.8757477354294,3.2099999999999937,-1.0093457943925237
2011-08-09,-1,571,582,114.16,112.29,114.17,112.28,target,1.8699999999999903,0.016379083822370064,163.79083822370063,1.6700000000000017,1.1197604790419093
2011-08-10,1,571,623,114.98,113.03000000000002,114.97,113.05000000000001,stop,-1.9499999999999886,-0.016960946333826117,-169.60946333826118,1.9199999999999875,-1.0156250000000007
2011-08-18,1,571,959,116.65,114.395,116.64,114.405,eod,-2.2550000000000097,-0.019332990397805297,-193.32990397805298,3.2901999999999845,-0.6853686705975383
2011-08-19,1,571,599,113.16000000000001,114.395,113.15,114.405,target,1.2349999999999852,0.010914714980114761,109.1471498011476,1.6350000000000193,0.7553516819571686
2011-08-22,-1,571,701,115.0,112.72,115.01,112.71,target,2.280000000000001,0.019824363098860976,198.24363098860977,2.5999999999999943,0.8769230769230792
2011-08-29,-1,571,876,119.64,121.17,119.65,121.15,stop,-1.5300000000000011,-0.012787296280819064,-127.87296280819064,1.5,-1.0200000000000007
2011-09-02,1,571,959,118.69500000000001,117.80999999999999,118.685,117.82,eod,-0.8850000000000193,-0.007456713148249731,-74.56713148249732,2.7549999999999955,-0.3212341197822217
2011-09-06,1,571,959,114.60000000000001,117.00999999999999,114.59,117.02,eod,2.4099999999999824,0.021031503621607314,210.31503621607314,3.6299999999999955,0.6639118457300235
2011-09-07,-1,571,959,118.705,120.29990000000001,118.715,120.2899,eod,-1.5949000000000098,-0.013434696542138818,-134.34696542138818,1.7650000000000006,-0.9036260623229514
2011-09-09,1,571,702,117.87,116.31000000000002,117.86,116.33000000000001,stop,-1.559999999999988,-0.013236042762599593,-132.36042762599592,1.529999999999987,-1.0196078431372557
2011-09-12,1,571,597,114.57000000000001,115.88,114.56,115.89,target,1.309999999999988,0.011435055865921683,114.35055865921683,1.4899999999999949,0.8791946308724782
2011-09-15,-1,571,959,120.53999999999999,121.45,120.55,121.44,eod,-0.9100000000000108,-0.007548734964745009,-75.48734964745009,1.3599999999999994,-0.6691176470588317
2011-09-19,1,571,959,119.38000000000001,120.30999999999999,119.37,120.32,eod,0.9299999999999784,0.007790902236742719,77.90902236742718,1.8299999999999983,0.5081967213114641
2011-09-22,1,571,959,113.31,112.89,113.3,112.9,eod,-0.4200000000000017,-0.003706972639011489,-37.06972639011489,3.3300000000000125,-0.12612612612612617
2011-09-26,-1,571,608,114.67,113.45,114.68,113.44,target,1.2199999999999989,0.010638297872340415,106.38297872340415,1.0999999999999943,1.1090909090909138
2011-09-27,-1,571,959,118.6,117.56,118.61,117.55,eod,1.039999999999992,0.008768232020908795,87.68232020908795,2.240000000000009,0.46428571428570886
2011-09-29,-1,571,819,117.07,115.12,117.08,115.11,target,1.9499999999999886,0.01665527844209078,166.55278442090778,1.9099999999999966,1.0209424083769592
2011-09-30,1,571,959,114.58,113.14,114.57,113.15,eod,-1.4399999999999977,-0.012568735271013334,-125.68735271013334,1.6899999999999835,-0.8520710059171668
2011-10-04,1,571,671,108.60000000000001,109.91,108.59,109.92,target,1.309999999999988,0.012063725941615139,120.6372594161514,1.8299999999999983,0.7158469945355133
2011-10-10,-1,571,959,117.78999999999999,119.60000000000001,117.8,119.59,eod,-1.8100000000000165,-0.01536502546689318,-153.6502546689318,1.8800000000000097,-0.9627659574468124
2011-10-14,-1,571,959,121.91,122.59,121.92,122.58,eod,-0.6800000000000068,-0.005577427821522366,-55.77427821522366,1.4199999999999875,-0.47887323943662874
2011-10-21,-1,571,959,122.94999999999999,123.96000000000001,122.96,123.95,eod,-1.0100000000000193,-0.008214053350683306,-82.14053350683307,1.5900000000000176,-0.6352201257861686
2011-10-26,-1,571,642,124.46,123.07000000000001,124.47,123.06,target,1.3899999999999864,0.011167349562143379,111.67349562143379,1.1699999999999875,1.1880341880341891
2011-10-27,-1,571,959,127.75,128.60999999999999,127.76,128.6,eod,-0.8599999999999852,-0.006731371321227185,-67.31371321227185,3.1899999999999835,-0.26959247648902496
2011-10-31,1,571,957,127.15,125.68999999999998,127.14,125.70999999999998,stop,-1.4600000000000222,-0.011483404121441106,-114.83404121441106,1.430000000000021,-1.0209790209790215
2011-11-01,1,571,959,121.56500000000001,122.0,121.555,122.01,eod,0.43499999999998806,0.0035786269589896595,35.7862695898966,2.844999999999999,0.15289982425307144
2011-11-02,-1,571,959,123.91,124.0,123.92,123.99,eod,-0.09000000000000341,-0.0007262750161394723,-7.262750161394723,1.7299999999999898,-0.052023121387285515
2011-11-03,-1,571,601,125.19999999999999,124.0,125.21,123.99,target,1.1999999999999886,0.009583899049596587,95.83899049596587,1.3200000000000216,0.9090909090908856
2011-11-04,1,571,633,125.24000000000001,124.19999999999999,125.23,124.21999999999998,stop,-1.0400000000000205,-0.008304719316457881,-83.04719316457881,1.0100000000000193,-1.0297029702970302
2011-11-09,1,571,959,124.92,123.16,124.91,123.17,eod,-1.7600000000000051,-0.01409014490433116,-140.9014490433116,3.0,-0.5866666666666683
2011-11-10,-1,571,633,124.78999999999999,123.18,124.8,123.17,target,1.6099999999999852,0.012900641025640907,129.00641025640908,1.6299999999999955,0.987730061349687
2011-11-11,-1,571,959,125.89999999999999,126.7,125.91,126.69,eod,-0.8000000000000114,-0.006353744738305229,-63.53744738305229,1.4799999999999898,-0.540540540540552
2011-11-16,1,571,821,124.94000000000001,126.11,124.93,126.12,target,1.1699999999999875,0.009365244536940586,93.65244536940585,1.3900000000000148,0.841726618705018
2011-11-21,1,571,959,120.12,119.64999999999999,120.11,119.66,eod,-0.4700000000000131,-0.003913079676962893,-39.13079676962893,1.6899999999999977,-0.2781065088757478
2011-11-23,1,571,673,118.02000000000001,116.93,118.01,116.95,stop,-1.0900000000000034,-0.009236505380899953,-92.36505380899953,1.0600000000000023,-1.0283018867924538
2011-11-28,-1,571,959,119.46,119.72,119.47,119.71,eod,-0.2600000000000051,-0.002176278563656191,-21.762785636561908,3.690000000000012,-0.07046070460704723
2011-11-30,-1,571,959,123.36,125.0997,123.37,125.0897,eod,-1.7396999999999991,-0.014101483342789973,-141.01483342789973,3.5600000000000023,-0.48867977528089834
2011-12-02,-1,571,945,126.1,124.98,126.11,124.97,target,1.1199999999999903,0.008881135516612404,88.81135516612405,1.1600000000000108,0.9655172413792931
2011-12-05,-1,571,959,126.6,126.22,126.61,126.21,eod,0.37999999999999545,0.0030013427059473615,30.013427059473614,2.2400000000000233,0.16964285714285335
2011-12-08,1,571,667,125.98,125.13000000000001,125.97,125.15,stop,-0.8499999999999943,-0.00674763832658565,-67.4763832658565,0.8199999999999932,-1.0365853658536601
2011-12-12,1,571,620,124.89,123.85000000000001,124.88,123.87,stop,-1.039999999999992,-0.008327994875080014,-83.27994875080013,1.009999999999991,-1.029702970297031
2011-12-15,-1,571,959,123.03999999999999,122.199,123.05,122.189,eod,0.840999999999994,0.006834620073140951,68.34620073140951,1.2700000000000102,0.6622047244094388
2011-12-20,-1,571,884,122.25,124.05000000000001,122.26,124.03000000000002,stop,-1.8000000000000114,-0.014722722067724615,-147.22722067724615,1.7700000000000102,-1.0169491525423735
2012-01-03,-1,571,959,127.83,127.60000000000001,127.84,127.59,eod,0.22999999999998977,0.0017991239048810214,17.991239048810215,2.109999999999985,0.1090047393364888
2012-01-05,1,571,768,127.07000000000001,127.67,127.06,127.68,target,0.5999999999999943,0.004722178498347193,47.22178498347193,0.7199999999999989,0.8333333333333267
2012-01-10,-1,571,959,129.3,129.17,129.31,129.16,eod,0.13000000000002387,0.0010053360142295558,10.053360142295558,1.490000000000009,0.0872483221476665
2012-01-13,1,571,959,128.47,128.94,128.46,128.95,eod,0.46999999999999886,0.003658726451813785,36.58726451813785,0.75,0.6266666666666652
2012-01-17,-1,571,959,129.99,129.34,130.0,129.33,eod,0.6500000000000057,0.0050000000000000435,50.00000000000043,1.2300000000000182,0.5284552845528423
2012-01-19,-1,571,959,131.1466,131.48999999999998,131.1566,131.48,eod,-0.34339999999997417,-0.002618244144785502,-26.182441447855023,0.48340000000001737,-0.7103847745137812
2012-01-24,1,571,959,130.85,131.45000000000002,130.84,131.46,eod,0.6000000000000227,0.004585753592173821,45.85753592173821,0.839999999999975,0.7142857142857626
2012-01-26,-1,571,634,133.08,132.57999999999998,133.09,132.57,target,0.5000000000000284,0.003756856262679603,37.56856262679603,0.6599999999999966,0.7575757575758045
2012-01-27,1,571,915,131.37,131.87,131.36,131.88,target,0.5,0.003806333739342265,38.06333739342265,0.7599999999999909,0.6578947368421131
2012-01-30,1,571,959,130.32999999999998,131.35000000000002,130.32,131.36,eod,1.0200000000000387,0.007826887661142102,78.26887661142102,1.0100000000000193,1.0099009900990288
2012-01-31,-1,571,600,132.0,131.37,132.01,131.36,target,0.6299999999999955,0.004772365729868915,47.72365729868915,0.6700000000000159,0.9402985074626574
2012-02-01,-1,571,959,132.36100000000002,132.45999999999998,132.371,132.45,eod,-0.09899999999996112,-0.0007478979534789426,-7.478979534789426,0.9489999999999839,-0.10432033719701032
2012-02-03,-1,571,959,133.99,134.56,134.0,134.55,eod,-0.5699999999999932,-0.004253731343283531,-42.53731343283531,1.3300000000000125,-0.4285714285714194
2012-02-06,1,571,959,133.92,134.44,133.91,134.45,eod,0.5200000000000102,0.003883205137779182,38.83205137779182,0.47999999999998977,1.0833333333333777
2012-02-10,1,571,959,134.12,134.36,134.11,134.37,eod,0.2400000000000091,0.0017895757214227803,17.895757214227803,1.1400000000000148,0.21052631578947895
2012-02-13,-1,571,959,135.371,135.34,135.381,135.33,eod,0.03100000000000591,0.00022898338762459956,2.2898338762459955,0.8889999999999816,0.03487064116986114
2012-02-15,-1,571,620,135.62,135.23999999999998,135.63,135.23,target,0.3800000000000239,0.0028017400280175766,28.017400280175767,0.4000000000000057,0.9500000000000461
2012-02-17,-1,571,661,136.46,136.06,136.47,136.05,target,0.4000000000000057,0.0029310471165824407,29.310471165824406,0.5200000000000102,0.769230769230765
2012-02-27,1,571,669,136.14,136.86,136.13,136.87,target,0.7200000000000273,0.005289061926100252,52.89061926100252,0.9399999999999977,0.7659574468085415
2012-03-01,-1,571,594,137.3201,137.76000000000002,137.3301,137.74,stop,-0.43990000000002283,-0.0032032307556757247,-32.032307556757246,0.4099000000000217,-1.0731885825811163
2012-03-06,1,571,959,135.32999999999998,134.69,135.32,134.7,eod,-0.6399999999999864,-0.004729530002955856,-47.29530002955856,1.4299999999999784,-0.4475524475524448
2012-03-08,-1,571,959,136.59,137.03,136.6,137.02,eod,-0.4399999999999977,-0.0032210834553440537,-32.210834553440534,0.7200000000000273,-0.6111111111110848
2012-03-13,-1,571,904,138.34,139.09,138.35,139.07,stop,-0.75,-0.005421033610408385,-54.21033610408385,0.7199999999999989,-1.0416666666666683
2012-03-20,1,571,959,140.07,140.41,140.06,140.42,eod,0.3400000000000034,0.0024275310581179737,24.27531058117974,0.8099999999999739,0.4197530864197708
2012-03-22,1,571,959,139.22,139.16,139.21,139.17,eod,-0.060000000000002274,-0.00043100351986209516,-4.310035198620952,1.0600000000000023,-0.05660377358490768
2012-03-26,-1,571,959,140.65,141.57,140.66,141.56,eod,-0.9199999999999875,-0.006540594340963938,-65.40594340963938,0.9900000000000091,-0.9292929292929081
2012-03-29,1,571,935,139.67,140.46,139.66,140.47,target,0.7900000000000205,0.005656594586853934,56.565945868539345,0.8899999999999864,0.8876404494382388
2012-03-30,-1,571,635,140.89000000000001,140.23,140.9,140.22,target,0.660000000000025,0.004684173172462917,46.84173172462917,0.7199999999999704,0.916666666666739
2012-04-04,1,571,959,140.07999999999998,139.87,140.07,139.88,eod,-0.20999999999997954,-0.0014992503748124477,-14.992503748124477,0.950000000000017,-0.22105263157892185
2012-04-05,1,571,607,139.42999999999998,139.87,139.42,139.88,target,0.44000000000002615,0.003155931717113945,31.559317171139448,0.539999999999992,0.8148148148148753
2012-04-09,1,571,959,138.0,138.24,137.99,138.25,eod,0.2400000000000091,0.0017392564678600556,17.392564678600557,1.745999999999981,0.13745704467354622
2012-04-11,-1,571,959,137.22,136.95,137.23,136.94,eod,0.27000000000001023,0.0019674998178241658,19.67499817824166,1.4899999999999807,0.1812080536912844
2012-04-16,-1,571,600,137.8,137.14,137.81,137.13,target,0.660000000000025,0.004789202525216058,47.892025252160586,0.7400000000000091,0.8918918918919148
2012-04-17,-1,571,660,137.82000000000002,138.73,137.83,138.70999999999998,stop,-0.9099999999999682,-0.006602336211274527,-66.02336211274527,0.879999999999967,-1.0340909090909116
2012-04-18,1,571,959,138.559,138.61,138.549,138.62,eod,0.051000000000016144,0.00036810081631780914,3.6810081631780913,0.7189999999999941,0.07093184979139995
2012-04-20,-1,571,959,138.36,137.94,138.37,137.93,eod,0.4200000000000159,0.0030353400303535154,30.353400303535153,0.5450000000000159,0.7706422018348691
2012-04-23,1,571,959,136.42999999999998,136.76000000000002,136.42,136.77,eod,0.3300000000000409,0.0024190001466063695,24.190001466063695,1.2700000000000102,0.2598425196850695
2012-04-25,-1,571,959,138.60000000000002,139.2,138.61,139.19,eod,-0.5999999999999659,-0.004328692013562989,-43.286920135629884,1.3399999999999466,-0.44776119402984316
2012-05-02,1,571,959,139.92,140.33,139.91,140.34,eod,0.410000000000025,0.0029304552926883356,29.304552926883357,0.8100000000000023,0.5061728395062023
2012-05-04,1,571,621,138.48999999999998,137.70999999999998,138.48,137.73,stop,-0.7800000000000011,-0.005632582322357028,-56.32582322357028,0.75,-1.0400000000000016
2012-05-07,1,571,580,136.51,136.99,136.5,137.0,target,0.4800000000000182,0.0035164835164836496,35.1648351648365,0.4800000000000182,1.0
2012-05-08,1,571,634,136.32,135.42,136.31,135.44,stop,-0.9000000000000057,-0.006602597021495163,-66.02597021495163,0.8700000000000045,-1.0344827586206908
2012-05-09,1,571,833,135.04999999999998,136.51000000000002,135.04,136.52,target,1.4600000000000364,0.010811611374407852,108.11611374407852,1.3600000000000136,1.0735294117647218
2012-05-10,-1,571,954,136.64000000000001,135.73999999999998,136.65,135.73,target,0.9000000000000341,0.006586169045005738,65.86169045005738,1.0,0.9000000000000341
2012-05-11,1,571,602,135.17,136.02,135.16,136.03,target,0.8500000000000227,0.006288842852915232,62.888428529152314,0.8500000000000227,1.0
2012-05-14,1,571,959,134.25,134.13,134.24,134.14,eod,-0.12000000000000455,-0.0008939213349225606,-8.939213349225605,1.1899999999999977,-0.1008403361344578
2012-05-16,-1,571,621,133.93,134.55999999999997,133.94,134.53999999999996,stop,-0.629999999999967,-0.0047035986262503136,-47.03598626250314,0.5999999999999659,-1.0500000000000047
2012-05-18,-1,571,692,131.27,130.84,131.28,130.83,target,0.4300000000000068,0.003275441803778236,32.75441803778236,0.6299999999999955,0.6825396825396983
2012-05-23,1,571,639,131.20999999999998,130.41,131.2,130.43,stop,-0.799999999999983,-0.006097560975609627,-60.97560975609627,0.7699999999999818,-1.0389610389610413
2012-05-29,-1,571,959,133.14000000000001,133.69899999999998,133.15,133.689,eod,-0.5589999999999691,-0.004198272624858949,-41.982726248589486,1.0300000000000011,-0.5427184466019112
2012-05-30,1,571,959,132.5,131.78,132.49,131.79,eod,-0.7199999999999989,-0.005434372405464554,-54.34372405464554,1.0589999999999975,-0.6798866855524085
2012-06-01,1,571,959,129.5,128.21,129.49,128.22,eod,-1.289999999999992,-0.009962159240095698,-99.62159240095698,2.200000000000017,-0.5863636363636282
2012-06-06,-1,571,646,130.12,130.941,130.13,130.921,stop,-0.820999999999998,-0.006309075539844755,-63.09075539844755,0.7909999999999968,-1.0379266750948182
2012-06-07,-1,571,947,133.45000000000002,132.01999999999998,133.46,132.01,target,1.4300000000000352,0.010714820920126144,107.14820920126144,1.4699999999999989,0.9727891156462832
2012-06-11,-1,571,607,134.21,133.1,134.22,133.09,target,1.1100000000000136,0.008270004470272789,82.70004470272788,1.0299999999999727,1.077669902912663
2012-06-19,-1,571,630,135.06,135.74,135.07,135.72,stop,-0.6800000000000068,-0.005034426593618174,-50.34426593618174,0.6500000000000057,-1.0461538461538475
2012-06-22,-1,571,959,133.20000000000002,133.47,133.21,133.46,eod,-0.2699999999999818,-0.0020268748592446647,-20.26874859244665,0.589999999999975,-0.45762711864405636
2012-06-25,1,571,959,132.0,131.27,131.99,131.28,eod,-0.7299999999999898,-0.0055307220243957095,-55.3072202439571,1.3499999999999943,-0.5407407407407354
2012-06-28,1,571,856,132.315,131.37999999999997,132.305,131.39999999999998,stop,-0.9350000000000307,-0.007067004270435967,-70.67004270435967,0.9050000000000296,-1.0331491712707184
2012-06-29,-1,571,959,135.09,136.23,135.1,136.22,eod,-1.1399999999999864,-0.008438193930421809,-84.3819393042181,2.509999999999991,-0.4541832669322671
2012-07-06,1,571,959,135.54,135.51000000000002,135.53,135.52,eod,-0.029999999999972715,-0.0002213532059320646,-2.213532059320646,1.3950000000000102,-0.021505376344066306
2012-07-10,-1,571,638,136.02,135.32,136.03,135.31,target,0.700000000000017,0.005145923693303073,51.45923693303073,0.6799999999999784,1.0294117647059402
2012-07-12,1,571,959,133.35999999999999,133.58,133.35,133.59,eod,0.22000000000002728,0.0016497937757782323,16.497937757782324,0.789999999999992,0.2784810126582652
2012-07-17,-1,571,600,136.02,135.42999999999998,136.03,135.42,target,0.5900000000000318,0.004337278541498433,43.37278541498433,0.4900000000000091,1.2040816326531039
2012-07-20,1,571,959,136.95999999999998,136.45000000000002,136.95,136.46,eod,-0.5099999999999625,-0.0037239868565167034,-37.239868565167036,0.7600000000000193,-0.671052631578881
2012-07-23,1,571,959,134.32,135.12,134.31,135.13,eod,0.8000000000000114,0.005956369592733313,59.563695927333136,1.8300000000000125,0.4371584699453584
2012-07-26,-1,571,959,135.89000000000001,136.119,135.9,136.109,eod,-0.228999999999985,-0.0016850625459895877,-16.850625459895877,1.919999999999959,-0.11927083333332807
2012-07-27,-1,571,666,136.86,137.69099999999997,136.87,137.67099999999996,stop,-0.8309999999999604,-0.006071454665010305,-60.71454665010305,0.8009999999999593,-1.0374531835206027
2012-08-01,-1,571,619,138.66,137.98999999999998,138.67,137.98,target,0.6700000000000159,0.004831614624648561,48.31614624648561,0.75,0.8933333333333545
2012-08-02,1,571,959,136.63,136.65,136.62,136.66,eod,0.020000000000010232,0.00014639145073935171,1.4639145073935171,1.1399999999999864,0.017543859649131993
2012-08-03,-1,571,959,138.662,139.35999999999999,138.672,139.35,eod,-0.6979999999999791,-0.0050334602515286365,-50.33460251528636,1.788000000000011,-0.39038031319909106
2012-08-07,-1,571,703,140.20000000000002,140.75000000000003,140.21,140.73000000000002,stop,-0.5500000000000114,-0.003922687397475297,-39.22687397475297,0.5200000000000102,-1.0576923076923088
2012-08-10,1,571,917,140.11499999999998,140.57000000000002,140.105,140.58,target,0.4550000000000409,0.0032475643267552263,32.475643267552265,0.6050000000000182,0.7520661157025244
2012-08-14,-1,571,932,141.27,140.76999999999998,141.28,140.76,target,0.5000000000000284,0.0035390713476785704,35.390713476785706,0.539999999999992,0.9259259259259922
2012-08-22,1,571,845,141.54,141.76000000000002,141.53,141.77,target,0.22000000000002728,0.0015544407546105228,15.544407546105228,0.5200000000000387,0.4230769230769441
2012-08-24,1,571,637,140.41,140.68,140.4,140.69,target,0.27000000000001023,0.0019230769230769958,19.23076923076996,0.46999999999999886,0.5744680851064061
2012-08-27,-1,571,584,141.76000000000002,141.53,141.77,141.52,target,0.2300000000000182,0.0016223460534670112,16.22346053467011,0.48999999999995225,0.46938775510212366
2012-08-28,1,571,589,141.16,141.51000000000002,141.15,141.52,target,0.35000000000002274,0.002479631597591376,24.79631597591376,0.3100000000000023,1.1290322580645813
2012-08-30,1,571,651,140.73,140.23999999999995,140.72,140.25999999999996,stop,-0.4900000000000375,-0.0034820920977830976,-34.82092097783097,0.4600000000000364,-1.0652173913043452
2012-08-31,-1,571,606,141.28,140.48,141.29,140.47,target,0.8000000000000114,0.0056621133838205915,56.621133838205914,0.8199999999999932,0.9756097560975829
2012-09-06,-1,571,600,141.92000000000002,142.63,141.93,142.60999999999999,stop,-0.7099999999999795,-0.005002466004368206,-50.02466004368206,0.6799999999999784,-1.0441176470588267
2012-09-12,-1,571,959,144.38,144.34,144.39,144.33,eod,0.03999999999999204,0.00027702749497882155,2.7702749497882153,0.5099999999999909,0.0784313725490054
2012-09-20,1,571,921,145.98,146.69,145.97,146.7,target,0.710000000000008,0.004864013153387737,48.640131533877366,0.6099999999999852,1.1639344262295495
2012-09-24,1,571,642,145.14999999999998,145.87,145.14,145.88,target,0.7200000000000273,0.004960727573377617,49.60727573377617,0.6999999999999886,1.0285714285714842
2012-09-27,-1,571,730,143.82500000000002,144.46999999999997,143.835,144.44999999999996,stop,-0.6449999999999534,-0.0044843049327351015,-44.84304932735102,0.6149999999999523,-1.0487804878048836
2012-09-28,1,571,628,144.06,143.47,144.05,143.49,stop,-0.5900000000000034,-0.004095800069420364,-40.95800069420363,0.5600000000000023,-1.0535714285714304
2012-10-01,-1,571,600,144.56,145.16000000000003,144.57,145.14000000000001,stop,-0.6000000000000227,-0.004150238638721884,-41.50238638721884,0.5700000000000216,-1.0526315789473684
2012-10-02,-1,571,656,144.87,144.34,144.88,144.33,target,0.5300000000000011,0.003658199889563785,36.58199889563785,0.629999999999967,0.8412698412698871
2012-10-03,-1,571,585,144.762,144.48999999999998,144.772,144.48,target,0.2720000000000198,0.0018788163457023443,18.788163457023444,0.5279999999999916,0.5151515151515609
2012-10-04,-1,571,610,145.555,146.19,145.565,146.17,stop,-0.6349999999999909,-0.004362312369044694,-43.623123690446945,0.6049999999999898,-1.0495867768595069
2012-10-05,-1,571,893,146.84,146.20999999999998,146.85,146.2,target,0.6300000000000239,0.004290091930541531,42.900919305415314,0.7700000000000102,0.8181818181818383
2012-10-08,1,571,959,145.48,145.63,145.47,145.64,eod,0.15000000000000568,0.001031140441328148,10.31140441328148,0.39999999999997726,0.3750000000000355
2012-10-11,-1,571,959,144.28,143.41,144.29,143.4,eod,0.8700000000000045,0.0060295238755284815,60.295238755284814,0.9399999999999977,0.9255319148936241
2012-10-16,-1,571,690,144.77,145.45999999999998,144.78,145.43999999999997,stop,-0.6899999999999693,-0.00476585163696622,-47.6585163696622,0.6599999999999682,-1.0454545454545494
2012-10-23,1,571,959,141.82999999999998,141.39000000000001,141.82,141.4,eod,-0.4399999999999693,-0.003102524326610981,-31.02524326610981,1.5299999999999727,-0.2875816993463903
2012-10-24,-1,571,608,141.97,141.41,141.98,141.4,target,0.5600000000000023,0.0039442174954219065,39.44217495421906,0.4800000000000182,1.1666666666666272
2012-10-25,-1,571,688,142.04000000000002,141.01999999999998,142.05,141.01,target,1.0200000000000387,0.0071805702217531756,71.80570221753176,0.9800000000000182,1.0408163265306323
2012-10-31,-1,571,644,141.7449,141.31,141.7549,141.3,target,0.43489999999999895,0.0030679715480734634,30.679715480734632,0.6450999999999851,0.6741590451092992
2012-11-02,-1,571,614,143.54000000000002,142.89,143.55,142.88,target,0.6500000000000341,0.004528039010797869,45.28039010797869,0.9300000000000068,0.6989247311828273
2012-11-07,1,571,620,141.44,140.39999999999998,141.43,140.42,stop,-1.0400000000000205,-0.007353461076150891,-73.5346107615089,1.0100000000000193,-1.0297029702970302
2012-11-13,1,571,597,137.42,138.26000000000002,137.41,138.27,target,0.8400000000000318,0.006113092205807669,61.13092205807669,0.6200000000000045,1.3548387096774608
2012-11-19,-1,571,959,137.88,139.12,137.89,139.11,eod,-1.240000000000009,-0.008992675320908037,-89.92675320908036,1.5200000000000387,-0.8157894736841957
2012-11-28,1,571,603,139.73999999999998,139.07999999999998,139.73,139.1,stop,-0.6599999999999966,-0.0047233951191583525,-47.23395119158352,0.6299999999999955,-1.0476190476190497
2012-11-29,-1,571,701,142.10000000000002,141.47,142.11,141.46,target,0.6300000000000239,0.004433185560481485,44.33185560481485,0.4099999999999966,1.5365853658537296
2012-12-03,-1,571,654,142.79000000000002,142.069,142.8,142.059,target,0.7210000000000321,0.005049019607843362,50.49019607843362,0.7410000000000139,0.9730094466936823
2012-12-07,-1,571,631,142.52,141.97,142.53,141.96,target,0.5500000000000114,0.0038588367361258075,38.58836736125807,0.5699999999999932,0.9649122807017859
2012-12-11,-1,571,607,143.04000000000002,143.65,143.05,143.63,stop,-0.6099999999999852,-0.0042642432715832585,-42.642432715832584,0.5799999999999841,-1.0517241379310378
2012-12-12,-1,571,935,143.92000000000002,143.44,143.93,143.43,target,0.4800000000000182,0.0033349544917669572,33.349544917669576,0.6399999999999864,0.7500000000000444
2012-12-28,1,571,959,140.76,139.94,140.75,139.95,eod,-0.8199999999999932,-0.005825932504440449,-58.25932504440449,1.0599000000000274,-0.7736578922539598
2013-01-02,-1,571,959,145.15,146.1,145.16,146.09,eod,-0.9499999999999886,-0.006544502617800969,-65.44502617800968,2.6000000000000227,-0.3653846153846078
2013-01-07,1,571,959,145.82999999999998,145.955,145.82,145.965,eod,0.12500000000002842,0.0008572212316556606,8.572212316556605,0.5,0.25000000000005684
2013-01-10,-1,571,959,146.78,147.07999999999998,146.79,147.07,eod,-0.29999999999998295,-0.0020437359493152324,-20.437359493152325,0.7199999999999989,-0.41666666666664365
2013-01-15,1,571,900,146.35,146.95000000000002,146.34,146.96,target,0.6000000000000227,0.004100041000410159,41.000410004101596,0.7200000000000273,0.8333333333333334
2013-01-17,-1,571,860,147.68,148.38,147.69,148.35999999999999,stop,-0.6999999999999886,-0.004739657390479983,-47.39657390479983,0.6699999999999875,-1.0447761194029876
2013-01-25,-1,571,959,149.79000000000002,150.20999999999998,149.8,150.2,eod,-0.4199999999999591,-0.002803738317756736,-28.03738317756736,0.5799999999999841,-0.724137931034432
2013-02-01,-1,571,959,150.63,151.23,150.64,151.22,eod,-0.5999999999999943,-0.003983005841741864,-39.83005841741864,0.8500000000000227,-0.7058823529411509
2013-02-04,1,571,959,150.33499999999998,149.53,150.325,149.54,eod,-0.8049999999999784,-0.0053550640279393215,-53.550640279393214,0.9050000000000011,-0.8895027624309142
2013-02-05,-1,571,813,150.34,151.18,150.35,151.16,stop,-0.8400000000000034,-0.005586963751247113,-55.86963751247113,0.8100000000000023,-1.0370370370370383
2013-02-06,1,571,662,150.55499999999998,151.05,150.545,151.06,target,0.49500000000003297,0.0032880534059585706,32.880534059585706,0.6049999999999898,0.8181818181818865
2013-02-14,1,571,640,151.64,152.15,151.63,152.16,target,0.5100000000000193,0.0033634505045177033,33.63450504517703,0.4099999999999966,1.2439024390244477
2013-02-22,-1,571,959,151.21,151.85,151.22,151.84,eod,-0.6399999999999864,-0.004232244412114709,-42.32244412114709,0.6700000000000159,-0.9552238805969718
2013-02-25,-1,571,649,152.66,151.85,152.67,151.84,target,0.8100000000000023,0.005305561013951676,53.05561013951676,0.75,1.080000000000003
2013-02-26,-1,571,667,149.77,149.01999999999998,149.78,149.01,target,0.7500000000000284,0.005007344104687064,50.07344104687064,0.6900000000000261,1.0869565217391304
2013-03-01,1,571,578,151.13,150.54999999999998,151.12,150.57,stop,-0.5800000000000125,-0.0038380095288513267,-38.38009528851327,0.5500000000000114,-1.0545454545454556
2013-03-05,-1,571,641,153.74,154.47,153.75,154.45,stop,-0.7299999999999898,-0.00474796747967473,-47.479674796747304,0.6999999999999886,-1.0428571428571451
2013-03-06,-1,571,721,154.83,154.32,154.84,154.31,target,0.5100000000000193,0.003293722552312189,32.93722552312189,0.549999999999983,0.9272727272727912
2013-03-08,-1,571,607,155.55,154.79999999999998,155.56,154.79,target,0.7500000000000284,0.004821290820262461,48.21290820262461,0.5700000000000216,1.3157894736842106
2013-03-15,1,571,959,155.73999999999998,155.83,155.73,155.84,eod,0.09000000000003183,0.0005779233288385786,5.779233288385786,0.7599999999999909,0.11842105263162225
2013-03-18,1,571,959,154.26,154.94,154.25,154.95,eod,0.6800000000000068,0.004408427876823383,44.08427876823384,1.4099999999999966,0.4822695035461053
2013-03-20,-1,571,959,155.59,155.66,155.6,155.65,eod,-0.06999999999999318,-0.000449871465295586,-4.49871465295586,0.8000000000000398,-0.08749999999998712
2013-03-21,1,571,959,154.73,154.35000000000002,154.72,154.36,eod,-0.37999999999996703,-0.0024560496380556297,-24.560496380556298,0.8500000000000227,-0.447058823529361
2013-03-22,-1,571,614,154.84,155.35999999999999,154.85,155.33999999999997,stop,-0.5199999999999818,-0.0033580884727154136,-33.580884727154135,0.4899999999999807,-1.061224489795923
2013-03-25,-1,571,645,156.01000000000002,155.51999999999998,156.02,155.51,target,0.4900000000000375,0.0031406229970519003,31.406229970519004,0.4899999999999807,1.000000000000116
2013-03-26,-1,571,933,155.70010000000002,156.20000000000002,155.7101,156.18,stop,-0.4998999999999967,-0.003210453271817285,-32.10453271817285,0.46989999999999554,-1.0638433709299882
2013-03-27,1,571,881,155.20999999999998,156.13,155.2,156.14,target,0.9200000000000159,0.005927835051546495,59.27835051546495,0.8199999999999932,1.1219512195122239
2013-04-02,-1,571,654,156.56,157.18000000000004,156.57,157.16000000000003,stop,-0.620000000000033,-0.0039598901449832856,-39.59890144983286,0.5900000000000318,-1.0508474576271178
2013-04-05,1,571,959,153.89999999999998,155.18,153.89,155.19,eod,1.2800000000000296,0.008317629475599646,83.17629475599647,1.8410000000000082,0.6952743074416208
2013-04-12,1,571,648,158.78,158.13,158.77,158.15,stop,-0.6500000000000057,-0.004093972412924391,-40.93972412924391,0.6200000000000045,-1.048387096774195
2013-04-15,1,571,716,157.92499999999998,157.20199999999997,157.915,157.22199999999998,stop,-0.7230000000000132,-0.00457841243707066,-45.78412437070659,0.693000000000012,-1.0432900432900443
2013-04-16,-1,571,959,156.3,157.39999999999998,156.31,157.39,eod,-1.099999999999966,-0.007037297677691548,-70.37297677691548,1.1900000000000261,-0.9243697478991106
2013-04-17,1,571,643,156.17999999999998,155.17,156.17,155.19,stop,-1.009999999999991,-0.006467311263366786,-64.67311263366786,0.9799999999999898,-1.0306122448979607
2013-04-23,-1,571,647,157.001,157.72,157.011,157.7,stop,-0.7189999999999941,-0.004579296991930464,-45.79296991930464,0.688999999999993,-1.0435413642960834
2013-05-03,-1,571,959,161.15,161.39,161.16,161.38,eod,-0.23999999999998067,-0.0014892032762470878,-14.892032762470878,1.3999999999999773,-0.1714285714285604
2013-05-17,-1,571,889,166.01000000000002,166.60999999999999,166.02,166.58999999999997,stop,-0.5999999999999659,-0.0036140224069387173,-36.14022406938717,0.5699999999999648,-1.0526315789473737
2013-05-23,1,571,889,164.26,165.84,164.25,165.85,target,1.5800000000000125,0.009619482496194902,96.19482496194901,1.7600000000000193,0.8977272727272699
2013-05-24,1,571,959,164.42,165.31,164.41,165.32,eod,0.8900000000000148,0.005413296028222218,54.13296028222218,0.9199999999999875,0.9673913043478553
2013-05-28,-1,571,959,167.04000000000002,166.31,167.05,166.3,eod,0.7300000000000182,0.004369949117030938,43.69949117030938,1.7099999999999795,0.4269005847953374
2013-05-29,1,571,650,165.23,164.51999999999995,165.22,164.53999999999996,stop,-0.7100000000000364,-0.004297300568938605,-42.97300568938605,0.6800000000000352,-1.044117647058823
2013-06-07,-1,571,959,163.61,164.82,163.62,164.81,eod,-1.2099999999999795,-0.007395183962840603,-73.95183962840603,1.3799999999999955,-0.8768115942028866
2013-06-11,1,571,959,163.06,163.11,163.05,163.12,eod,0.05000000000001137,0.00030665440049071677,3.0665440049071675,1.2900000000000205,0.03875968992248882
2013-06-12,-1,571,648,164.23000000000002,163.13,164.24,163.12,target,1.1000000000000227,0.006697515830492101,66.97515830492101,1.079999999999984,1.0185185185185546
2013-06-17,-1,571,959,164.55,164.45999999999998,164.56,164.45,eod,0.09000000000003183,0.0005469129800682538,5.469129800682538,0.839999999999975,0.10714285714289823
2013-06-20,1,571,861,161.85999999999999,160.24,161.85,160.26000000000002,stop,-1.6199999999999761,-0.010009267840592995,-100.09267840592995,1.589999999999975,-1.018867924528303
2013-06-24,1,571,683,157.34,155.83499999999995,157.33,155.85499999999996,stop,-1.5050000000000523,-0.009565880633064591,-95.6588063306459,1.4750000000000512,-1.0203389830508476
2013-06-25,-1,571,935,158.43,159.95,158.44,159.92999999999998,stop,-1.5199999999999818,-0.00959353698560958,-95.9353698560958,1.4899999999999807,-1.0201342281879204
2013-06-26,-1,571,959,159.91,160.14999999999998,159.92,160.14,eod,-0.23999999999998067,-0.001500750375187473,-15.00750375187473,1.2300000000000182,-0.1951219512194936
2013-06-27,-1,571,959,161.06,161.14,161.07,161.13,eod,-0.07999999999998408,-0.0004966784627800589,-4.966784627800589,0.9900000000000091,-0.080808080808064
2013-07-01,-1,571,605,161.41,162.32000000000002,161.42,162.3,stop,-0.910000000000025,-0.005637467476149331,-56.37467476149331,0.8800000000000239,-1.0340909090909094
2013-07-05,-1,571,622,162.44,161.48,162.45,161.47,target,0.960000000000008,0.005909510618651942,59.095106186519416,1.0200000000000102,0.9411764705882336
2013-07-08,-1,571,959,163.91,163.92,163.92,163.91,eod,-0.009999999999990905,-6.100536847237009e-05,-0.6100536847237009,0.8000000000000398,-0.01249999999998801
2013-07-09,-1,571,959,164.95000000000002,165.1,164.96,165.09,eod,-0.14999999999997726,-0.0009093113482054878,-9.093113482054878,1.089999999999975,-0.13761467889906487
2013-07-11,-1,571,959,167.03,167.44,167.04,167.43,eod,-0.4099999999999966,-0.0024545019157087918,-24.545019157087918,2.0200000000000387,-0.2029702970296974
2013-07-17,-1,571,959,168.09,167.97,168.1,167.96,eod,0.12000000000000455,0.0007138607971445839,7.13860797144584,0.6999999999999886,0.1714285714285807
2013-07-24,-1,571,594,169.71,169.23999999999998,169.72,169.23,target,0.4700000000000273,0.0027692670280463545,27.692670280463545,0.6299999999999955,0.7460317460317947
2013-07-26,1,571,922,168.2,168.94,168.19,168.95,target,0.7400000000000091,0.004399785956358934,43.99785956358934,0.6999999999999886,1.0571428571428874
2013-07-29,1,571,679,168.73999999999998,168.21,168.73,168.23000000000002,stop,-0.5299999999999727,-0.003141113020802304,-31.41113020802304,0.4999999999999716,-1.0600000000000056
2013-07-30,-1,571,799,169.15,168.57999999999998,169.16,168.57,target,0.5700000000000216,0.003369590919839333,33.69590919839333,0.46999999999999886,1.2127659574468574
2013-07-31,-1,571,626,168.98000000000002,169.36,168.99,169.34,stop,-0.37999999999999545,-0.0022486537664950317,-22.486537664950315,0.3499999999999943,-1.0857142857142903
2013-08-01,-1,571,959,169.98100000000002,170.67,169.991,170.66,eod,-0.6889999999999645,-0.004053155755304484,-40.53155755304484,1.3789999999999907,-0.49963741841912196
2013-08-02,1,571,769,170.31,170.65,170.3,170.66,target,0.3400000000000034,0.001996476805637131,19.96476805637131,0.4000000000000057,0.8499999999999964
2013-08-06,1,571,606,170.42999999999998,169.99,170.42,170.01000000000002,stop,-0.4399999999999693,-0.0025818565896019796,-25.818565896019795,0.40999999999996817,-1.0731707317073256
2013-08-07,1,571,612,169.17,168.60999999999999,169.16,168.63,stop,-0.5600000000000023,-0.0033104752896666013,-33.104752896666014,0.5300000000000011,-1.0566037735849076
2013-08-08,-1,571,632,170.10000000000002,169.20999999999998,170.11,169.2,target,0.8900000000000432,0.005231908764917072,52.31908764917072,0.6499999999999773,1.3692307692308836
2013-08-12,1,571,660,168.41,169.29000000000002,168.4,169.3,target,0.8800000000000239,0.005225653206650973,52.25653206650973,0.7800000000000011,1.128205128205157
2013-08-15,1,571,855,167.20999999999998,166.07999999999996,167.2,166.09999999999997,stop,-1.1300000000000239,-0.00675837320574177,-67.58373205741769,1.1000000000000227,-1.0272727272727278
2013-08-21,1,571,708,165.04999999999998,164.67999999999995,165.04,164.69999999999996,stop,-0.37000000000003297,-0.0022418807561805196,-22.418807561805195,0.34000000000003183,-1.088235294117642
2013-08-23,-1,571,601,166.42000000000002,166.0,166.43,165.99,target,0.4200000000000159,0.0025235834885538417,25.235834885538416,0.6800000000000068,0.6176470588235466
2013-08-27,1,571,959,164.42999999999998,163.31,164.42,163.32,eod,-1.1199999999999761,-0.00681182337915081,-68.1182337915081,1.67999999999995,-0.6666666666666723
2013-09-03,-1,571,959,165.37,164.39,165.38,164.38,eod,0.9800000000000182,0.005925746765026111,59.25746765026111,1.5699999999999932,0.6242038216560652
2013-09-06,-1,571,582,166.45000000000002,165.92499999999998,166.46,165.915,target,0.5250000000000341,0.003153910849453527,31.539108494535267,0.6449999999999818,0.8139534883721689
2013-09-10,-1,571,959,168.56,168.89999999999998,168.57,168.89,eod,-0.339999999999975,-0.0020169662454765083,-20.16966245476508,1.0699999999999932,-0.31775700934577306
2013-09-16,-1,571,959,171.21,170.32,171.22,170.31,eod,0.8900000000000148,0.0051979908889149325,51.97990888914933,1.759999999999991,0.5056818181818292
2013-09-20,1,571,597,172.17,171.83,172.16,171.85000000000002,stop,-0.339999999999975,-0.0019749070631968806,-19.749070631968806,0.30999999999997385,-1.096774193548399
2013-09-27,1,571,959,168.92,168.93,168.91,168.94,eod,0.010000000000019327,5.9203125925163264e-05,0.5920312592516327,0.8999999999999773,0.011111111111132867
2013-09-30,1,571,959,167.26999999999998,168.0,167.26,168.01,eod,0.7300000000000182,0.0043644625134522195,43.644625134522194,1.240000000000009,0.5887096774193652
2013-10-02,1,571,959,168.39999999999998,169.14000000000001,168.39,169.15,eod,0.7400000000000375,0.004394560247045772,43.94560247045772,1.0200000000000102,0.7254901960784609
2013-10-07,1,571,959,167.45999999999998,167.44,167.45,167.45,eod,-0.01999999999998181,-0.00011943863839941362,-1.1943863839941362,1.490000000000009,-0.01342281879193402
2013-10-10,-1,571,912,167.29000000000002,169.01999999999998,167.3,168.99999999999997,stop,-1.7299999999999613,-0.010340705319784586,-103.40705319784587,1.6999999999999602,-1.0176470588235305
2013-10-14,1,571,785,169.17,170.23000000000002,169.16,170.24,target,1.0600000000000307,0.0062662567982976515,62.66256798297651,0.9799999999999898,1.0816326530612672
2013-10-16,-1,571,597,170.66,171.75,170.67,171.73,stop,-1.0900000000000034,-0.006386594011835727,-63.865940118357265,1.0600000000000023,-1.0283018867924538
2013-10-17,1,571,626,171.48999999999998,172.06,171.48,172.07,target,0.5700000000000216,0.003324002799160378,33.24002799160378,0.8299999999999557,0.68674698795187
2013-10-18,-1,571,882,173.92000000000002,174.52000000000004,173.93,174.50000000000003,stop,-0.6000000000000227,-0.003449663657793496,-34.49663657793496,0.5700000000000216,-1.0526315789473684
2013-10-23,1,571,598,174.84,174.17,174.83,174.19,stop,-0.6700000000000159,-0.0038322942286793792,-38.32294228679379,0.6400000000000148,-1.0468750000000007
2013-11-04,-1,571,660,176.68,176.16,176.69,176.15,target,0.5200000000000102,0.002943007527307772,29.430075273077723,0.539999999999992,0.9629629629629961
2013-11-05,1,571,959,176.19,176.31,176.18,176.32,eod,0.12000000000000455,0.0006811215802020918,6.811215802020918,0.7200000000000273,0.16666666666666666
2013-11-06,-1,571,959,177.03,177.16,177.04,177.15,eod,-0.12999999999999545,-0.000734297333935808,-7.34297333935808,0.700000000000017,-0.1857142857142747
2013-11-07,-1,571,591,177.43,177.16,177.44,177.15,target,0.27000000000001023,0.0015216411181244941,15.216411181244942,0.4099999999999966,0.6585365853658841
2013-11-13,1,571,644,176.26,176.97,176.25,176.98,target,0.710000000000008,0.004028368794326286,40.28368794326286,1.049999999999983,0.6761904761904948
2013-11-21,-1,571,635,178.89000000000001,179.52,178.9,179.5,stop,-0.6299999999999955,-0.0035215204024594492,-35.21520402459449,0.5999999999999943,-1.0500000000000023
2013-12-03,1,571,806,179.965,179.32999999999998,179.955,179.35,stop,-0.6350000000000193,-0.003528659942763576,-35.28659942763576,0.6050000000000182,-1.0495867768595044
2013-12-04,1,571,605,179.16,179.87,179.15,179.88,target,0.710000000000008,0.00396315936366178,39.6315936366178,0.8300000000000125,0.8554216867469846
2013-12-06,-1,571,959,180.68,180.94,180.69,180.93,eod,-0.2599999999999909,-0.001438928551663019,-14.38928551663019,1.6399999999999864,-0.15853658536584944
2013-12-09,-1,571,959,181.39000000000001,181.39,181.4,181.38,eod,2.842170943040401e-14,1.5667976532747522e-16,1.5667976532747523e-12,0.6099999999999852,4.659296627935196e-14
2013-12-10,1,571,959,180.94,180.76000000000002,180.93,180.77,eod,-0.1799999999999784,-0.0009948598905652926,-9.948598905652926,0.35000000000002274,-0.5142857142856192
2013-12-16,-1,571,592,179.02,179.79,179.03,179.76999999999998,stop,-0.7699999999999818,-0.004300955147181935,-43.00955147181934,0.7399999999999807,-1.0405405405405432
2013-12-19,1,571,941,181.14999999999998,181.69,181.14,181.7,target,0.5400000000000205,0.0029811195760186624,29.811195760186624,0.45999999999997954,1.1739130434783576
2013-12-20,1,571,647,180.73999999999998,181.51500000000001,180.73,181.525,target,0.7750000000000341,0.004288164665523345,42.88164665523345,0.9150000000000205,0.846994535519144
2013-12-23,-1,571,959,182.42000000000002,182.47,182.43,182.46,eod,-0.04999999999998295,-0.0002740777284436932,-2.740777284436932,0.839999999999975,-0.059523809523790994
2014-01-02,1,571,581,183.89999999999998,183.37999999999997,183.89,183.39999999999998,stop,-0.5200000000000102,-0.0028277774756648557,-28.277774756648558,0.4900000000000091,-1.0612244897959195
2014-01-06,-1,571,582,183.52,182.81,183.53,182.8,target,0.710000000000008,0.003868577344303427,38.68577344303427,0.6099999999999852,1.1639344262295495
2014-01-07,-1,571,644,183.095,183.8,183.105,183.78,stop,-0.7050000000000125,-0.0038502498566397015,-38.502498566397016,0.6750000000000114,-1.0444444444444454
2014-01-09,-1,571,617,184.025,183.54,184.035,183.53,target,0.48500000000001364,0.002635368272339575,26.35368272339575,0.6349999999999909,0.7637795275590875
2014-01-10,-1,571,600,184.065,183.64,184.075,183.63,target,0.42500000000001137,0.002308841504821466,23.08841504821466,0.23500000000001364,1.8085106382978158
2014-01-13,1,571,607,183.73999999999998,184.06,183.73,184.07,target,0.3200000000000216,0.0017416861699233745,17.416861699233745,0.37999999999996703,0.8421052631580247
2014-01-14,-1,571,658,182.32000000000002,182.86,182.33,182.84,stop,-0.539999999999992,-0.0029616629188832996,-29.616629188832995,0.5099999999999909,-1.058823529411768
2014-01-15,-1,571,604,184.05,184.54,184.06,184.51999999999998,stop,-0.4899999999999807,-0.002662175377594158,-26.621753775941578,0.45999999999997954,-1.0652173913043532
2014-01-16,1,571,661,184.32,183.82999999999998,184.31,183.85,stop,-0.4900000000000091,-0.002658564375237421,-26.58564375237421,0.46000000000000796,-1.0652173913043492
2014-01-21,-1,571,669,184.65,183.62,184.66,183.61,target,1.0300000000000011,0.005577818693815667,55.77818693815667,1.129999999999967,0.9115044247787887
2014-01-23,1,571,660,183.26,182.35000000000002,183.25,182.37000000000003,stop,-0.9099999999999682,-0.004965893587994369,-49.65893587994369,0.879999999999967,-1.0340909090909116
2014-01-24,1,571,647,181.54,180.39999999999998,181.53,180.42,stop,-1.1400000000000148,-0.006279953726656832,-62.79953726656832,1.1100000000000136,-1.0270270270270276
2014-01-29,1,571,959,177.57,177.31,177.56,177.32,eod,-0.2599999999999909,-0.0014642937598557722,-14.642937598557722,1.509999999999991,-0.17218543046357118
2014-01-30,-1,571,959,178.75,179.32999999999998,178.76,179.32,eod,-0.5799999999999841,-0.0032445737301408824,-32.445737301408826,1.6400000000000432,-0.35365853658534685
2014-01-31,1,571,959,177.06,178.09,177.05,178.1,eod,1.0300000000000011,0.005817565659418249,58.17565659418249,2.329999999999984,0.44206008583691336
2014-02-04,-1,571,766,174.88,175.77000000000004,174.89,175.75000000000003,stop,-0.8900000000000432,-0.0050889130310483345,-50.889130310483345,0.8600000000000421,-1.0348837209302322
2014-02-07,-1,571,820,178.29000000000002,179.22000000000003,178.3,179.20000000000002,stop,-0.9300000000000068,-0.005215928210880577,-52.15928210880577,0.9000000000000057,-1.0333333333333343
2014-02-13,1,571,616,180.88,182.07000000000002,180.87,182.08,target,1.1900000000000261,0.006579311107425367,65.79311107425367,1.2500000000000284,0.9519999999999993
2014-03-03,1,571,959,184.64,184.92000000000002,184.63,184.93,eod,0.28000000000002956,0.0015165466067271276,15.165466067271277,1.5800000000000125,0.17721518987343501
2014-03-04,-1,571,959,186.86,187.7,186.87,187.69,eod,-0.839999999999975,-0.004495103547920881,-44.951035479208805,1.6999999999999886,-0.4941176470588121
2014-03-07,-1,571,589,188.82000000000002,188.19,188.83,188.18,target,0.6300000000000239,0.00333633426891926,33.3633426891926,0.710000000000008,0.8873239436619955
2014-03-12,1,571,684,186.4201,187.19,186.4101,187.2,target,0.7699000000000069,0.0041301410170372045,41.301410170372044,0.990099999999984,0.7775982224017971
2014-03-13,-1,571,638,187.74,187.26999999999998,187.75,187.26,target,0.4700000000000273,0.0025033288948070696,25.033288948070695,0.6700000000000159,0.7014925373134568
2014-03-17,-1,571,602,185.60000000000002,186.59,185.61,186.57,stop,-0.9899999999999807,-0.005333764344593398,-53.33764344593398,0.9599999999999795,-1.0312500000000018
2014-03-24,-1,571,589,186.83,186.22,186.84,186.21,target,0.6100000000000136,0.003264825519160852,32.64825519160852,0.5699999999999932,1.0701754385965279
2014-03-25,-1,571,716,186.51000000000002,185.42,186.52,185.41,target,1.0900000000000318,0.005843877332189748,58.43877332189748,0.8100000000000023,1.3456790123457145
2014-03-26,-1,571,806,187.0,186.35,187.01,186.34,target,0.6500000000000057,0.0034757499598952234,34.757499598952236,0.710000000000008,0.9154929577464767
2014-03-31,-1,571,959,186.76500000000001,187.03,186.775,187.02,eod,-0.26499999999998636,-0.0014188194351491706,-14.188194351491706,1.045000000000016,-0.25358851674639454
2014-04-04,-1,571,669,189.66,188.64,189.67,188.63,target,1.0200000000000102,0.005377761375019825,53.77761375019825,0.9799999999999898,1.0408163265306336
2014-04-11,1,571,654,182.07,183.14000000000001,182.06,183.15,target,1.0700000000000216,0.005877183346149739,58.771833461497394,0.870000000000033,1.2298850574712425
2014-04-14,-1,571,914,183.0,181.48999999999998,183.01,181.48,target,1.5100000000000193,0.008250915250532865,82.50915250532864,1.370000000000033,1.1021897810218855
2014-04-16,-1,571,959,185.4,186.14,185.41,186.13,eod,-0.7399999999999807,-0.0039911547381477844,-39.911547381477845,1.3000000000000114,-0.5692307692307493
2014-04-24,-1,571,586,188.24,187.47,188.25,187.46,target,0.7700000000000102,0.004090305444887173,40.90305444887173,1.0300000000000011,0.7475728155339897
2014-04-28,-1,571,716,187.14000000000001,186.32,187.15,186.31,target,0.8200000000000216,0.004381512156024695,43.81512156024694,0.6400000000000148,1.2812500000000042
2014-05-05,1,571,642,187.19,188.06,187.18,188.07,target,0.8700000000000045,0.00464793247141791,46.47932471417911,0.9700000000000273,0.8969072164948249
2014-05-07,-1,571,607,187.39000000000001,186.82999999999998,187.4,186.82,target,0.5600000000000307,0.0029882604055497903,29.882604055497904,0.6400000000000148,0.8750000000000278
2014-05-12,-1,571,617,188.87,189.51999999999998,188.88,189.49999999999997,stop,-0.6499999999999773,-0.003441338415925335,-34.41338415925335,0.6199999999999761,-1.0483870967741973
2014-05-21,-1,571,586,188.132,188.69,188.142,188.67,stop,-0.5579999999999927,-0.0029658449469017697,-29.658449469017697,0.5279999999999916,-1.056818181818185
2014-05-27,-1,571,959,191.02,191.54999999999998,191.03,191.54,eod,-0.5299999999999727,-0.002774433335078117,-27.74433335078117,0.700000000000017,-0.7571428571427997
2014-05-29,-1,571,615,191.7699,191.35999999999999,191.7799,191.35,target,0.4099000000000217,0.002137345988813331,21.373459888133308,0.5100999999999942,0.8035679278573346
2014-06-03,1,571,881,192.34,192.89000000000001,192.33,192.9,target,0.5500000000000114,0.0028596682784797554,28.596682784797554,0.4300000000000068,1.2790697674418665
2014-06-06,-1,571,660,194.89000000000001,195.31000000000003,194.9,195.29000000000002,stop,-0.4200000000000159,-0.0021549512570549815,-21.549512570549815,0.3900000000000148,-1.0769230769230769
2014-06-11,1,571,959,194.85,194.93,194.84,194.94,eod,0.0800000000000125,0.0004105933073291547,4.105933073291547,0.6399999999999864,0.1250000000000222
2014-06-13,-1,571,596,193.85000000000002,193.54,193.86,193.53,target,0.3100000000000307,0.0015990921283401975,15.990921283401976,0.4099999999999966,0.7560975609756909
2014-06-20,1,571,959,195.94,195.94,195.93,195.95,eod,0.0,0.0,0.0,0.36000000000001364,0.0
2014-06-24,1,571,604,195.60999999999999,195.872,195.6,195.882,target,0.2620000000000289,0.0013394683026586344,13.394683026586344,0.42199999999999704,0.6208530805687932
2014-06-25,1,571,575,194.45999999999998,194.69,194.45,194.7,target,0.2300000000000182,0.0011828233479044391,11.82823347904439,0.6499999999999773,0.3538461538461942
2014-06-27,1,571,662,195.075,195.43,195.065,195.44,target,0.3550000000000182,0.0018199061851178746,18.199061851178747,0.5450000000000159,0.6513761467890051
2014-07-01,-1,571,605,196.25,196.69,196.26,196.67,stop,-0.4399999999999977,-0.002241923978395994,-22.419239783959938,0.4099999999999966,-1.0731707317073205
2014-07-08,1,571,577,197.13,196.74,197.12,196.76000000000002,stop,-0.38999999999998636,-0.0019784902597401906,-19.784902597401906,0.3599999999999852,-1.08333333333334
2014-07-09,-1,571,866,196.66,197.20999999999998,196.67,197.18999999999997,stop,-0.549999999999983,-0.002796562770122454,-27.965627701224538,0.5199999999999818,-1.057692307692312
2014-07-10,1,571,959,195.13,196.32500000000002,195.12,196.335,eod,1.1950000000000216,0.006124436244362554,61.24436244362554,1.8100000000000023,0.6602209944751493
2014-07-14,-1,571,959,197.601,197.6,197.611,197.59,eod,0.0010000000000047748,5.060447039915667e-06,0.05060447039915667,1.0190000000000339,0.0009813542688957228
2014-07-16,-1,571,959,198.17000000000002,197.98,198.18,197.97,eod,0.19000000000002615,0.0009587243919670307,9.587243919670307,0.8100000000000307,0.2345679012345913
2014-07-17,1,571,600,197.38,197.96,197.37,197.97,target,0.5800000000000125,0.0029386431575214697,29.386431575214697,0.6400000000000148,0.9062499999999987
2014-07-18,-1,571,659,196.27,197.0,196.28,196.98,stop,-0.7299999999999898,-0.0037191766863663633,-37.19176686366363,0.6999999999999886,-1.0428571428571451
2014-07-21,1,571,643,197.06,196.44,197.05,196.46,stop,-0.6200000000000045,-0.003146409540725727,-31.46409540725727,0.5900000000000034,-1.0508474576271203
2014-07-22,-1,571,959,198.03900000000002,198.2,198.049,198.19,eod,-0.16099999999997294,-0.0008129301334516859,-8.129301334516859,0.6709999999999638,-0.2399403874813437
2014-07-25,1,571,677,198.14999999999998,197.51,198.14,197.53,stop,-0.6399999999999864,-0.0032300393661047057,-32.30039366104705,0.6099999999999852,-1.0491803278688556
2014-07-30,-1,571,602,197.71,196.95999999999998,197.72,196.95,target,0.7500000000000284,0.0037932429698565064,37.932429698565066,0.6300000000000239,1.1904761904761905
2014-07-31,1,571,659,195.45999999999998,194.21,195.45,194.23000000000002,stop,-1.2499999999999716,-0.0063954975697107785,-63.954975697107784,1.2199999999999704,-1.0245901639344277
2014-08-05,1,571,819,193.14999999999998,192.29999999999998,193.14,192.32,stop,-0.8499999999999943,-0.004400952676814717,-44.00952676814717,0.8199999999999932,-1.0365853658536601
2014-08-06,1,571,588,191.20999999999998,191.97,191.2,191.98,target,0.7600000000000193,0.003974895397489641,39.74895397489641,0.9599999999999511,0.7916666666667271
2014-08-07,-1,571,652,192.93,192.06,192.94,192.05,target,0.8700000000000045,0.004509173836425856,45.09173836425855,0.8799999999999955,0.9886363636363739
2014-08-11,-1,571,959,193.94,193.79999999999998,193.95,193.79,eod,0.14000000000001478,0.0007218355246198236,7.218355246198236,0.7400000000000091,0.18918918918920682
2014-08-13,-1,571,695,194.36,195.06,194.37,195.04,stop,-0.6999999999999886,-0.0036013788136028636,-36.01378813602864,0.6699999999999875,-1.0447761194029876
2014-08-15,-1,571,647,196.43,195.75,196.44,195.74,target,0.6800000000000068,0.0034616167786601856,34.61616778660186,0.7599999999999909,0.8947368421052828
2014-08-18,-1,571,959,196.77,197.37,196.78,197.36,eod,-0.5999999999999943,-0.003049090354710816,-30.490903547108157,1.0900000000000318,-0.550458715596309
2014-08-25,-1,571,959,200.11,200.17999999999998,200.12,200.17,eod,-0.06999999999996476,-0.0003497901259242692,-3.4979012592426924,0.9999999999999716,-0.06999999999996674
2014-08-28,1,571,766,199.64999999999998,200.26000000000002,199.64,200.27,target,0.6100000000000421,0.0030554998998198863,30.55499899819886,0.7299999999999898,0.8356164383562337
2014-09-03,-1,571,689,201.3,200.6,201.31,200.59,target,0.700000000000017,0.003477224181610536,34.772241816105364,0.879999999999967,0.7954545454545946
2014-09-11,1,571,749,199.22,200.07000000000002,199.21,200.08,target,0.8500000000000227,0.004266854073590797,42.668540735907975,0.75,1.1333333333333637
2014-09-16,1,571,589,198.54,198.98000000000002,198.53,198.99,target,0.44000000000002615,0.0022162897295120443,22.162897295120445,0.29999999999998295,1.466666666666837
2014-09-18,-1,571,959,201.26000000000002,201.78,201.27,201.77,eod,-0.5199999999999818,-0.0025835941769761107,-25.835941769761106,0.7300000000000182,-0.712328767123245
2014-09-23,1,571,601,198.39,199.13,198.38,199.14,target,0.7400000000000091,0.003730214739389097,37.30214739389097,0.6599999999999682,1.121212121212189
2014-09-25,1,571,584,198.97,198.48999999999998,198.96,198.51,stop,-0.4800000000000182,-0.0024125452352232518,-24.125452352232518,0.45000000000001705,-1.0666666666666667
2014-09-29,1,571,959,196.14999999999998,197.51000000000002,196.14,197.52,eod,1.360000000000042,0.006933822779647406,69.33822779647406,1.6899999999999977,0.8047337278106769
2014-10-03,-1,571,959,195.57000000000002,196.54,195.58,196.53,eod,-0.9699999999999704,-0.004959607321811894,-49.596073218118946,1.3900000000000148,-0.6978417266186764
2014-10-06,-1,571,655,197.275,196.54,197.285,196.53,target,0.7350000000000136,0.003725574676229889,37.25574676229889,0.8650000000000091,0.8497109826589664
2014-10-07,1,571,870,195.20999999999998,194.28,195.2,194.3,stop,-0.9299999999999784,-0.0047643442622949716,-47.64344262294971,0.8999999999999773,-1.0333333333333354
2014-10-14,-1,571,703,188.3,189.48,188.31,189.45999999999998,stop,-1.1799999999999784,-0.006266263076841264,-62.66263076841263,1.1499999999999773,-1.0260869565217405
2014-10-15,1,571,801,185.29999999999998,182.54999999999998,185.29,182.57,stop,-2.75,-0.0148415996545955,-148.415996545955,2.719999999999999,-1.0110294117647063
2014-10-16,1,571,682,182.98999999999998,186.28,182.98,186.29,target,3.2900000000000205,0.017980107115531864,179.80107115531865,3.1499999999999773,1.0444444444444585
2014-10-17,-1,571,959,188.22,188.54999999999998,188.23,188.54,eod,-0.3299999999999841,-0.0017531743080273288,-17.531743080273287,2.369999999999976,-0.13924050632910862
2014-10-21,-1,571,694,191.62,193.06000000000003,191.63,193.04000000000002,stop,-1.4400000000000261,-0.007514481031153922,-75.14481031153922,1.410000000000025,-1.0212765957446812
2014-10-23,-1,571,959,194.64000000000001,194.95999999999998,194.65,194.95,eod,-0.31999999999996476,-0.0016439763678395313,-16.439763678395312,1.8799999999999955,-0.17021276595742849
2014-10-31,-1,571,959,201.71,201.67,201.72,201.66,eod,0.040000000000020464,0.00019829466587358946,1.9829466587358946,2.390000000000015,0.016736401673648624
2014-11-05,-1,571,959,202.42000000000002,202.38,202.43,202.37,eod,0.040000000000020464,0.00019759917008358674,1.9759917008358674,1.5199999999999818,0.02631578947369799
2014-11-12,1,571,727,203.42999999999998,204.16,203.42,204.17,target,0.7300000000000182,0.003588634352571125,35.88634352571125,0.8899999999999864,0.8202247191011566
2014-11-20,1,571,606,204.39,205.18,204.38,205.19,target,0.7900000000000205,0.003865348859966829,38.653488599668286,1.0500000000000114,0.7523809523809637
2014-11-21,-1,571,959,207.63,206.69,207.64,206.68,eod,0.9399999999999977,0.004527066075900587,45.27066075900587,2.049999999999983,0.45853658536585634
2014-11-24,-1,571,959,207.11100000000002,207.29,207.121,207.28,eod,-0.17899999999997362,-0.0008642291221072398,-8.642291221072398,0.5389999999999588,-0.33209647495359423
2014-12-01,1,571,589,206.47,205.86999999999998,206.46,205.89,stop,-0.6000000000000227,-0.0029061319383901127,-29.06131938390113,0.5700000000000216,-1.0526315789473684
2014-12-08,1,571,605,207.51999999999998,207.99,207.51,208.0,target,0.4700000000000273,0.002264951086694749,22.649510866947487,0.46999999999997044,1.000000000000121
2014-12-09,1,571,959,204.51999999999998,206.45000000000002,204.51,206.46,eod,1.9300000000000352,0.009437191335387195,94.37191335387195,2.3899999999999864,0.8075313807531574
2014-12-10,1,571,589,205.76,205.33999999999997,205.75,205.35999999999999,stop,-0.4200000000000159,-0.002041312272175047,-20.41312272175047,0.3900000000000148,-1.0769230769230769
2014-12-11,-1,571,577,204.11,204.63,204.12,204.60999999999999,stop,-0.5199999999999818,-0.0025475210660394956,-25.475210660394957,0.4899999999999807,-1.061224489795923
2014-12-12,1,571,947,202.54,201.08999999999997,202.53,201.10999999999999,stop,-1.450000000000017,-0.007159433170394594,-71.59433170394594,1.420000000000016,-1.021126760563381
2014-12-15,-1,571,637,202.08,200.88,202.09,200.87,target,1.200000000000017,0.005937948438814474,59.37948438814474,0.9999999999999716,1.2000000000000512
2014-12-16,1,571,616,198.45,199.47,198.44,199.48,target,1.0200000000000102,0.005140092723241334,51.40092723241334,0.7800000000000011,1.3076923076923188
2014-12-18,-1,571,959,204.75,207.60000000000002,204.76,207.58,stop,-2.8500000000000227,-0.01391873412775944,-139.1873412775944,2.8200000000000216,-1.0106382978723407
