date,direction,entry_time,exit_time,entry_px,exit_px,entry_px_raw,exit_px_raw,exit_reason,pnl_ps,ret,bps,risk_ps,r_mult
2003-01-02,1,930,959,90.9,91.1,90.89,91.11,eod,0.19999999999998863,0.0022004620970402533,22.00462097040253,2.825714285714284,0.07077856420626498
2003-01-06,1,930,959,93.46000000000001,93.11,93.45,93.12,eod,-0.3500000000000085,-0.003745318352060016,-37.45318352060016,2.9857142857142946,-0.11722488038277762
2003-01-07,-1,930,959,92.61999999999999,92.57000000000001,92.63,92.56,eod,0.04999999999998295,0.0005397819281008631,5.397819281008632,3.1400000000000006,0.01592356687897546
2003-01-08,-1,930,959,91.28,91.23,91.29,91.22,eod,0.04999999999999716,0.0005477051155657482,5.477051155657482,3.001428571428576,0.016658733936219874
2003-01-09,1,930,959,92.78,92.97999999999999,92.77,92.99,eod,0.19999999999998863,0.002155869354317006,21.558693543170058,3.0542857142857116,0.06548175865294302
2003-01-15,-1,930,959,92.28999999999999,92.14,92.3,92.13,eod,0.14999999999999147,0.001625135427952237,16.25135427952237,3.1457142857142912,0.04768392370571928
2003-01-17,-1,930,959,90.42,90.5,90.43,90.49,eod,-0.0799999999999983,-0.0008846621696339521,-8.846621696339522,3.2242857142857133,-0.024811696942843964
2003-01-22,-1,930,959,88.28,88.07000000000001,88.29,88.06,eod,0.20999999999999375,0.0023785253143050597,23.785253143050596,3.2914285714285683,0.0638020833333315
2003-01-23,1,930,959,89.22,89.07,89.21,89.08,eod,-0.15000000000000568,-0.0016814258491201176,-16.814258491201176,3.359999999999985,-0.04464285714285903
2003-01-24,-1,930,959,86.44,86.34,86.45,86.33,eod,0.09999999999999432,0.0011567379988431962,11.567379988431963,3.117142857142852,0.03208065994500281
2003-01-28,1,930,959,86.23,86.1,86.22,86.11,eod,-0.13000000000000966,-0.001507770818835649,-15.07770818835649,3.38428571428571,-0.03841283241874499
2003-01-30,-1,930,959,84.92999999999999,84.78,84.94,84.77,eod,0.14999999999999147,0.0017659524370142628,17.659524370142627,3.5,0.04285714285714042
2003-01-31,1,930,959,85.33,85.8,85.32,85.81,eod,0.46999999999999886,0.005508673230192204,55.08673230192204,3.5614285714285643,0.13196951464099474
2003-02-03,1,930,959,86.26,86.25999999999999,86.25,86.27,eod,-1.4210854715202004e-14,-1.647635329298783e-16,-1.647635329298783e-12,3.6328571428571337,-3.9117570981680804e-15
2003-02-04,-1,930,959,84.67999999999999,85.15,84.69,85.14,eod,-0.4700000000000131,-0.00554965167079954,-55.496516707995404,3.5528571428571354,-0.1322878970647406
2003-02-06,-1,930,959,84.25,84.21000000000001,84.26,84.2,eod,0.03999999999999204,0.00047472110135286067,4.747211013528607,3.657142857142844,0.010937499999997862
2003-02-10,1,930,959,83.5,83.92999999999999,83.49,83.94,eod,0.4299999999999926,0.005150317403281742,51.50317403281742,3.722857142857137,0.11550268610897747
2003-02-14,1,930,959,83.37,83.86999999999999,83.36,83.88,eod,0.4999999999999858,0.005998080614203285,59.98080614203285,3.5714285714285694,0.1399999999999961
2003-02-18,1,930,959,85.15,85.49,85.14,85.5,eod,0.3399999999999892,0.003993422598073634,39.934225980736336,3.5514285714285734,0.09573612228479175
2003-02-19,-1,930,959,84.78,84.94000000000001,84.79,84.93,eod,-0.1600000000000108,-0.0018870149781815165,-18.870149781815165,3.6328571428571337,-0.04404246952418712
2003-02-21,1,930,959,85.35000000000001,85.33,85.34,85.34,eod,-0.020000000000010232,-0.0002343566908836446,-2.343566908836446,3.308571428571426,-0.0060449050086386754
2003-02-24,-1,930,959,83.99,83.69000000000001,84.0,83.68,eod,0.29999999999998295,0.0035714285714283684,35.71428571428368,3.3100000000000023,0.09063444108760808
2003-02-26,-1,930,959,83.22,83.17,83.23,83.16,eod,0.04999999999999716,0.0006007449237053605,6.0074492370536055,3.510000000000005,0.014245014245013414
2003-02-27,1,930,959,83.98,84.16,83.97,84.17,eod,0.1799999999999926,0.0021436227224007694,21.436227224007695,3.442857142857136,0.05228215767634651
2003-02-28,1,930,959,84.48,84.6,84.47,84.61,eod,0.11999999999999034,0.0014206227062861412,14.206227062861412,3.4728571428571513,0.034553681612502274
2003-03-04,-1,930,959,82.89,82.74000000000001,82.9,82.73,eod,0.14999999999999147,0.0018094089264172673,18.094089264172673,3.4200000000000017,0.0438596491228045
2003-03-05,1,930,959,83.29,83.49,83.28,83.5,eod,0.19999999999998863,0.002401536983669412,24.01536983669412,3.357142857142861,0.05957446808510292
2003-03-06,-1,930,959,82.66,82.71000000000001,82.67,82.7,eod,-0.05000000000001137,-0.0006048143220032825,-6.048143220032825,3.3028571428571354,-0.015138408304501746
2003-03-10,-1,930,959,81.58,81.24000000000001,81.59,81.23,eod,0.3399999999999892,0.004167177350165329,41.67177350165329,3.2242857142857133,0.10544971200708574
2003-03-12,-1,930,959,80.24,80.98,80.25,80.97,eod,-0.7400000000000091,-0.009221183800623166,-92.21183800623166,3.308571428571426,-0.22366148531951932
2003-03-13,1,930,959,83.36,83.77,83.35,83.78,eod,0.4099999999999966,0.004919016196760607,49.190161967606066,3.355714285714285,0.12217965091528211
2003-03-17,1,930,959,86.54,86.82,86.53,86.83,eod,0.2799999999999869,0.003235871951924037,32.35871951924037,3.421428571428578,0.08183716075156179
2003-03-24,-1,930,959,86.8,86.59,86.81,86.58,eod,0.20999999999999375,0.0024190761433013908,24.190761433013908,3.6871428571428453,0.05695466873304769
2003-03-25,1,930,959,87.38000000000001,87.66,87.37,87.67,eod,0.2799999999999869,0.0032047613597343126,32.04761359734313,3.9571428571428697,0.07075812274367878
2003-03-28,-1,930,959,86.64999999999999,86.60000000000001,86.66,86.59,eod,0.04999999999998295,0.0005769674590351137,5.769674590351137,4.001428571428576,0.012495537308099972
2003-03-31,-1,930,959,85.64,84.99000000000001,85.65,84.98,eod,0.6499999999999915,0.007589025102159854,75.89025102159853,3.8642857142856997,0.1682070240295733
2003-04-02,1,930,959,88.51,88.38,88.5,88.39,eod,-0.13000000000000966,-0.0014689265536724256,-14.689265536724255,3.904285714285706,-0.03329674350530807
2003-04-07,1,930,959,88.9,88.22,88.89,88.23,eod,-0.6800000000000068,-0.007649904376195374,-76.49904376195374,3.480000000000004,-0.19540229885057644
2003-04-14,1,930,959,88.43,88.83,88.42,88.84,eod,0.3999999999999915,0.004523863379325848,45.23863379325848,3.2657142857142816,0.12248468941382082
2003-04-23,1,930,959,92.16000000000001,92.19,92.15,92.2,eod,0.029999999999986926,0.00032555615843718856,3.2555615843718857,3.3671428571428663,0.0089096308867165
2003-04-24,-1,930,959,91.69999999999999,91.43,91.71,91.42,eod,0.2699999999999818,0.002944062806673011,29.44062806673011,3.221428571428575,0.08381374722837563
2003-04-25,-1,930,959,90.14999999999999,90.16000000000001,90.16,90.15,eod,-0.010000000000019327,-0.00011091393078992155,-1.1091393078992156,3.1685714285714255,-0.003155996393153082
2003-04-28,1,930,959,92.17,91.85,92.16,91.86,eod,-0.3200000000000074,-0.0034722222222223027,-34.722222222223024,3.2371428571428567,-0.09885260370697493
2003-04-29,1,930,959,92.4,92.08999999999999,92.39,92.1,eod,-0.3100000000000165,-0.003355341487174115,-33.55341487174115,3.1485714285714295,-0.09845735027223751
2003-05-02,1,930,959,93.39,93.33,93.38,93.34,eod,-0.060000000000002274,-0.0006425358749197074,-6.425358749197074,3.147142857142839,-0.01906491148434037
2003-05-06,1,930,959,93.53,93.78999999999999,93.52,93.8,eod,0.2599999999999909,0.002780153977758671,27.801539777586708,3.088571428571427,0.08418131359851698
2003-05-07,-1,930,959,93.32,93.32000000000001,93.33,93.31,eod,-1.4210854715202004e-14,-1.5226459568415305e-16,-1.5226459568415305e-12,3.142857142857139,-4.521635591200643e-15
2003-05-08,-1,930,959,92.47,92.35000000000001,92.48,92.34,eod,0.11999999999999034,0.0012975778546711757,12.975778546711757,3.059999999999988,0.0392156862745068
2003-05-09,1,930,959,93.58,93.69999999999999,93.57,93.71,eod,0.11999999999999034,0.0012824623276690215,12.824623276690215,2.9314285714285546,0.04093567251461682
2003-05-13,-1,930,959,94.44,94.65,94.45,94.64,eod,-0.21000000000000796,-0.00222339862361046,-22.2339862361046,2.864285714285714,-0.07331670822942922
2003-05-15,1,930,959,94.93,95.11999999999999,94.92,95.13,eod,0.18999999999998352,0.0020016856300040403,20.016856300040402,2.892857142857139,0.0656790123456734
2003-05-16,-1,930,959,94.94,94.87,94.95,94.86,eod,0.06999999999999318,0.0007372301211163052,7.372301211163052,2.838571428571427,0.02466029189733027
2003-05-19,-1,930,959,92.58999999999999,92.52000000000001,92.6,92.51,eod,0.06999999999997897,0.0007559395248377859,7.559395248377859,2.7042857142857173,0.025884838880076717
2003-05-22,1,930,959,93.98,93.67,93.97,93.68,eod,-0.3100000000000023,-0.0032989251888900957,-32.98925188890096,2.7642857142857196,-0.11214470284237787
2003-05-28,1,930,959,96.11,95.80999999999999,96.1,95.82,eod,-0.30000000000001137,-0.0031217481789803476,-31.217481789803475,2.858571428571423,-0.10494752623688573
2003-05-30,1,930,959,96.89,96.91,96.88,96.92,eod,0.01999999999999602,0.00020644095788600352,2.064409578860035,2.877142857142843,0.00695134061568882
2003-06-02,1,930,959,97.08,97.17,97.07,97.18,eod,0.09000000000000341,0.0009271659627073598,9.271659627073598,2.914285714285711,0.030882352941177676
2003-06-03,1,930,959,97.35000000000001,97.67,97.34,97.68,eod,0.3199999999999932,0.0032874460653379203,32.8744606533792,2.8799999999999955,0.11111111111110891
2003-06-04,1,930,959,99.2,99.11999999999999,99.19,99.13,eod,-0.0800000000000125,-0.0008065329166247858,-8.065329166247858,2.8999999999999915,-0.027586206896556116
2003-06-09,-1,930,959,97.82,98.12,97.83,98.11,eod,-0.30000000000001137,-0.0030665440049065865,-30.665440049065865,3.1657142857142873,-0.09476534296029235
2003-06-10,1,930,959,98.56,99.03999999999999,98.55,99.05,eod,0.47999999999998977,0.004870624048706137,48.706240487061365,2.942857142857136,0.16310679611650175
2003-06-13,-1,930,959,99.47,99.44000000000001,99.48,99.43,eod,0.029999999999986926,0.00030156815440276363,3.015681544027636,3.031428571428563,0.009896324222427382
2003-06-16,1,930,959,101.11,101.63,101.1,101.64,eod,0.519999999999996,0.005143422354104808,51.43422354104808,3.137142857142848,0.1657559198542797
2003-06-18,-1,930,959,101.27,101.56,101.28,101.55,eod,-0.29000000000000625,-0.0028633491311217045,-28.633491311217046,3.102714285714285,-0.09346655002532549
2003-06-19,-1,930,959,100.11,100.01,100.12,100.0,eod,0.09999999999999432,0.0009988014382740142,9.988014382740142,2.988428571428557,0.03346240260050498
2003-06-23,-1,930,959,98.13,98.37,98.14,98.36,eod,-0.2400000000000091,-0.0024454860403506124,-24.454860403506125,2.9627142857142843,-0.08100679878490112
2003-06-24,1,930,959,98.99000000000001,98.64,98.98,98.65,eod,-0.3500000000000085,-0.003536067892503622,-35.36067892503622,3.0727142857142837,-0.11390580687154499
2003-06-26,1,930,959,98.727,98.86,98.717,98.87,eod,0.13299999999999557,0.0013472856752129376,13.472856752129376,3.0211428571428485,0.04402307546812803
2003-06-27,-1,930,959,97.83699999999999,97.87,97.847,97.86,eod,-0.03300000000001546,-0.00033726123437627587,-3.372612343762759,2.912714285714287,-0.011329638530585518
2003-07-02,1,930,959,99.37,99.58999999999999,99.36,99.6,eod,0.21999999999998465,0.0022141706924314075,22.141706924314075,2.9995714285714286,0.07334381102061688
2003-07-07,1,930,959,100.57000000000001,100.72999999999999,100.56,100.74,eod,0.15999999999998238,0.0015910898965789814,15.910898965789814,3.0128571428571433,0.05310573731625778
2003-07-10,-1,930,959,99.04599999999999,99.23,99.056,99.22,eod,-0.1840000000000117,-0.0018575351316428253,-18.575351316428254,3.070285714285717,-0.05992927600968178
2003-07-11,1,930,959,100.0,100.13,99.99,100.14,eod,0.12999999999999545,0.0013001300130012546,13.001300130012547,3.08342857142857,0.04216085989621797
2003-07-14,1,930,959,101.21000000000001,100.72,101.2,100.73,eod,-0.4900000000000091,-0.004841897233201671,-48.41897233201671,3.055571428571426,-0.1603628033101158
2003-07-17,-1,930,959,98.46,98.501,98.47,98.491,eod,-0.04100000000001103,-0.00041637046816300424,-4.163704681630042,3.1769999999999925,-0.012905256531322356
2003-07-18,1,930,959,99.69000000000001,99.57,99.68,99.58,eod,-0.12000000000001876,-0.0012038523274480212,-12.038523274480212,3.238571428571433,-0.03705337450375519
2003-07-21,-1,930,959,98.11999999999999,98.25,98.13,98.24,eod,-0.13000000000000966,-0.0013247732599613745,-13.247732599613744,3.191428571428574,-0.04073410922113102
2003-07-22,1,930,959,99.11,99.11,99.1,99.12,eod,0.0,0.0,0.0,3.2744285714285724,0.0
2003-07-25,1,930,959,100.06,100.22,100.05,100.23,eod,0.1599999999999966,0.001599200399800066,15.992003998000659,3.1764285714285734,0.05037103665392289
2003-07-29,-1,930,959,99.36,99.32900000000001,99.37,99.319,eod,0.0309999999999917,0.0003119653819059243,3.119653819059243,3.1192857142857093,0.009938172658573037
2003-07-31,1,930,959,99.96000000000001,99.39999999999999,99.95,99.41,eod,-0.5600000000000165,-0.005602801400700515,-56.02801400700515,3.036428571428573,-0.18442719360151089
2003-08-01,-1,930,959,98.39,98.39,98.4,98.38,eod,-0.0,-0.0,-0.0,3.0821428571428413,-0.0
2003-08-05,-1,930,959,97.38,96.86,97.39,96.85,eod,0.519999999999996,0.005339357223534203,53.39357223534203,3.0522857142857163,0.17036412992604932
2003-08-06,1,930,959,97.44500000000001,97.11999999999999,97.435,97.13,eod,-0.32500000000001705,-0.0033355570380255253,-33.35557038025525,3.0772857142857077,-0.10561255280628216
2003-08-07,1,930,959,97.82000000000001,97.88,97.81,97.89,eod,0.05999999999998806,0.0006134342091809432,6.134342091809432,3.0875714285714366,0.01943274880858351
2003-08-13,-1,930,959,98.78,98.9,98.79,98.89,eod,-0.12000000000000455,-0.0012146978439113731,-12.146978439113731,2.8999999999999915,-0.04137931034482928
2003-08-18,1,930,959,100.59,100.49,100.58,100.5,eod,-0.10000000000000853,-0.0009942334460132088,-9.942334460132088,2.6611428571428632,-0.037577839811040264
2003-08-20,-1,930,959,100.53,100.51,100.54,100.5,eod,0.01999999999999602,0.00019892580067630813,1.9892580067630814,2.6097142857142757,0.007663674184364609
2003-08-21,1,930,959,100.83,100.86,100.82,100.87,eod,0.030000000000001137,0.00029756000793494485,2.9756000793494484,2.421999999999997,0.01238645747316316
2003-08-28,1,930,959,100.77000000000001,100.83,100.76,100.84,eod,0.05999999999998806,0.0005954743946009136,5.954743946009136,2.342714285714294,0.025611317763273064
2003-08-29,1,930,959,101.30000000000001,101.36,101.29,101.37,eod,0.05999999999998806,0.0005923585743902464,5.923585743902464,2.4317142857142926,0.024673951357062344
2003-09-02,1,930,959,102.86,102.75999999999999,102.85,102.77,eod,-0.10000000000000853,-0.0009722897423433012,-9.722897423433011,2.4002857142857152,-0.04166170693965358
2003-09-03,1,930,959,103.02000000000001,103.17999999999999,103.01,103.19,eod,0.15999999999998238,0.0015532472575476397,15.532472575476397,2.4974285714285713,0.06406589635052493
2003-09-05,-1,930,959,102.69999999999999,102.68,102.71,102.67,eod,0.01999999999998181,0.00019472300652304363,1.9472300652304364,2.377428571428581,0.00841245042662373
2003-09-08,1,930,959,103.67,103.78999999999999,103.66,103.8,eod,0.11999999999999034,0.001157630715801566,11.576307158015661,2.4061428571428394,0.04987235053137437
2003-09-09,-1,930,959,102.8,102.93700000000001,102.81,102.927,eod,-0.13700000000001467,-0.0013325551989107544,-13.325551989107545,2.4547142857142745,-0.05581097596462242
2003-09-10,-1,930,959,101.55999999999999,101.69000000000001,101.57,101.68,eod,-0.13000000000002387,-0.0012799054839029624,-12.799054839029624,2.4704285714285703,-0.05262244838953146
2003-09-11,1,930,959,102.56,102.25699999999999,102.55,102.267,eod,-0.3030000000000115,-0.002954656265236582,-29.54656265236582,2.543428571428578,-0.11913053246461891
2003-09-16,1,930,959,103.45,103.53999999999999,103.44,103.55,eod,0.0899999999999892,0.000870069605568341,8.70069605568341,2.2265714285714324,0.0404208905427899
2003-09-18,1,930,959,104.65,104.58,104.64,104.59,eod,-0.07000000000000739,-0.0006689602446483887,-6.689602446483887,2.337285714285713,-0.02994926960455058
2003-09-19,-1,930,959,103.83999999999999,103.87,103.85,103.86,eod,-0.030000000000015348,-0.0002888781896968257,-2.888781896968257,2.280142857142863,-0.01315707035900676
2003-09-22,-1,930,959,102.33999999999999,102.5,102.35,102.49,eod,-0.1600000000000108,-0.0015632633121642483,-15.632633121642483,2.3401428571428653,-0.0683718942677536
2003-09-23,1,930,959,103.22,103.08,103.21,103.09,eod,-0.14000000000000057,-0.0013564577075864798,-13.564577075864799,2.3215714285714313,-0.06030398129345904
2003-09-24,-1,930,959,101.3,101.21000000000001,101.31,101.2,eod,0.0899999999999892,0.0008883624518802606,8.883624518802606,2.3415714285714273,0.03843572692330698
2003-09-26,-1,930,959,100.32,99.99000000000001,100.33,99.98,eod,0.3299999999999841,0.003289145818797808,32.89145818797808,2.573142857142855,0.12824783477680937
2003-09-29,1,930,959,100.66000000000001,100.86,100.65,100.87,eod,0.19999999999998863,0.001987083954296956,19.87083954296956,2.5160000000000053,0.07949125596183951
2003-09-30,-1,930,959,100.00999999999999,99.87,100.02,99.86,eod,0.13999999999998636,0.0013997200559886659,13.99720055988666,2.5174285714285674,0.055612302803308714
2003-10-01,1,930,959,101.93,101.99,101.92,102.0,eod,0.05999999999998806,0.0005886970172683287,5.886970172683287,2.5521428571428544,0.0235096557514647
2003-10-03,1,930,959,103.72,103.25,103.71,103.26,eod,-0.46999999999999886,-0.004531867708032001,-45.318677080320015,2.6721428571428447,-0.17588879978615382
2003-10-06,1,930,959,103.77000000000001,103.71199999999999,103.76,103.722,eod,-0.058000000000021146,-0.0005589822667696718,-5.589822667696717,2.8221428571428646,-0.02055175904834963
2003-10-08,-1,930,959,103.72999999999999,103.72,103.74,103.71,eod,0.009999999999990905,9.639483323685084e-05,0.9639483323685084,2.787142857142868,0.003587903639156128
2003-10-09,1,930,959,104.15,104.15899999999999,104.14,104.169,eod,0.00899999999998613,8.642212406362714e-05,0.8642212406362714,2.732857142857142,0.0032932566649191285
2003-10-13,1,930,959,104.92,104.85,104.91,104.86,eod,-0.07000000000000739,-0.0006672385854542693,-6.672385854542693,2.6185714285714283,-0.026732133115114663
2003-10-17,-1,930,959,104.19,104.24000000000001,104.2,104.23,eod,-0.05000000000001137,-0.0004798464491363855,-4.798464491363855,2.5128571428571433,-0.019897669130192128
2003-10-20,1,930,959,104.55000000000001,104.78999999999999,104.54,104.8,eod,0.23999999999998067,0.002295771953319119,22.957719533191188,2.587142857142865,0.09276642738817556
2003-10-22,-1,930,959,103.32,103.41000000000001,103.33,103.4,eod,-0.09000000000001762,-0.0008709958385756084,-8.709958385756083,2.2264285714285705,-0.04042348411935345
2003-10-24,-1,930,959,102.82,103.29,102.83,103.28,eod,-0.4700000000000131,-0.0045706505883498305,-45.7065058834983,2.2550000000000097,-0.20842572062084747
2003-10-27,1,930,959,103.47,103.42999999999999,103.46,103.44,eod,-0.04000000000000625,-0.00038662284941046063,-3.866228494104606,2.344999999999999,-0.01705756929637794
2003-10-28,1,930,959,104.65,105.00999999999999,104.64,105.02,eod,0.3599999999999852,0.003440366972476923,34.40366972476923,2.3321428571428697,0.15436447166921183
2003-10-31,1,930,959,105.66000000000001,105.41,105.65,105.42,eod,-0.2500000000000142,-0.0023663038334123445,-23.663038334123446,2.350571428571442,-0.10635711681050745
2003-11-03,1,930,959,106.49000000000001,106.30999999999999,106.48,106.32,eod,-0.18000000000002103,-0.0016904583020287474,-16.904583020287475,2.247714285714281,-0.08008135248507373
2003-11-04,-1,930,959,105.78999999999999,105.79,105.8,105.78,eod,-1.4210854715202004e-14,-1.343180974971834e-16,-1.343180974971834e-12,2.284857142857149,-6.2195812808811905e-15
2003-11-11,-1,930,959,104.97999999999999,105.09,104.99,105.08,eod,-0.11000000000001364,-0.0010477188303649266,-10.477188303649266,2.222714285714275,-0.04948904171219867
2003-11-12,1,930,959,106.36,106.36999999999999,106.35,106.38,eod,0.009999999999990905,9.402914903611571e-05,0.9402914903611571,2.0555714285714117,0.004864827298626514
2003-11-13,-1,930,959,106.17,106.36,106.18,106.35,eod,-0.18999999999999773,-0.0017894142022979631,-17.894142022979633,2.085571428571427,-0.09110213028289506
2003-11-17,-1,930,959,104.66,104.87,104.67,104.86,eod,-0.21000000000000796,-0.0020063055316710417,-20.063055316710418,2.085571428571427,-0.10069182820741536
2003-11-20,-1,930,959,104.02,103.91000000000001,104.03,103.9,eod,0.10999999999998522,0.0010573872921271288,10.573872921271288,2.154285714285706,0.05106100795755302
2003-11-21,1,930,959,104.11,104.03,104.1,104.04,eod,-0.0799999999999983,-0.0007684918347742392,-7.684918347742392,2.2742857142856963,-0.03517587939698445
2003-11-24,1,930,959,105.62,105.72,105.61,105.73,eod,0.09999999999999432,0.0009468800303001071,9.468800303001071,2.2357142857142804,0.044728434504789895
2003-11-25,1,930,959,106.36,106.0,106.35,106.01,eod,-0.35999999999999943,-0.003385049365303239,-33.85049365303239,2.367142857142852,-0.1520820760410381
2003-11-26,1,930,959,106.34,106.36999999999999,106.33,106.38,eod,0.029999999999986926,0.00028214050597185107,2.8214050597185105,2.3542857142857088,0.012742718446596418
2003-12-01,1,930,959,107.51,107.55999999999999,107.5,107.57,eod,0.04999999999998295,0.0004651162790696088,4.6511627906960875,2.256999999999991,0.022153300841817967
2003-12-04,1,930,959,107.43,107.67,107.42,107.68,eod,0.23999999999999488,0.00223422081549055,22.3422081549055,2.2627142857142815,0.10606730222867398
2003-12-05,-1,930,959,106.91,106.82000000000001,106.92,106.81,eod,0.0899999999999892,0.0008417508417507408,8.417508417507408,2.275571428571439,0.03955050536756366
2003-12-08,1,930,959,107.45,107.50999999999999,107.44,107.52,eod,0.05999999999998806,0.0005584512285925919,5.584512285925919,2.16985714285714,0.027651589966417606
2003-12-11,1,930,959,108.05000000000001,107.83,108.04,107.84,eod,-0.22000000000001307,-0.0020362828582007873,-20.36282858200787,2.07414285714286,-0.10606791101316133
2003-12-16,1,930,959,108.28,108.16,108.27,108.17,eod,-0.12000000000000455,-0.0011083402604600032,-11.083402604600032,2.0912857142857035,-0.05738096864540174
2003-12-18,1,930,959,109.66000000000001,109.58999999999999,109.65,109.6,eod,-0.0700000000000216,-0.0006383948928410543,-6.383948928410542,2.007000000000005,-0.034877927254619544
2003-12-19,-1,930,959,109.03999999999999,109.04,109.05,109.03,eod,-1.4210854715202004e-14,-1.3031503636132052e-16,-1.3031503636132051e-12,2.1385714285714243,-6.64502224491745e-15
2003-12-22,1,930,959,109.32000000000001,109.44999999999999,109.31,109.46,eod,0.12999999999998124,0.0011892781996156,11.892781996156002,2.1185714285714283,0.0613621038435515
2003-12-29,1,930,959,110.91000000000001,111.14,110.9,111.15,eod,0.22999999999998977,0.0020739404869250656,20.739404869250656,1.9257142857142924,0.1194362017804097
2003-12-30,-1,930,959,111.00999999999999,111.13000000000001,111.02,111.12,eod,-0.12000000000001876,-0.001080886326788135,-10.80886326788135,1.9885714285714187,-0.06034482758621663
2003-12-31,1,930,959,111.37,111.14,111.36,111.15,eod,-0.23000000000000398,-0.0020653735632184264,-20.653735632184265,1.875714285714281,-0.12261995430312506
2004-01-05,1,930,959,112.37,112.36,112.36,112.37,eod,-0.010000000000005116,-8.899964400146952e-05,-0.8899964400146952,1.7957142857142827,-0.005568814638029907
2004-01-07,-1,930,959,112.52,112.91000000000001,112.53,112.9,eod,-0.3900000000000148,-0.003465742468675151,-34.65742468675151,1.7071428571428555,-0.22845188284519716
2004-01-08,1,930,959,113.41000000000001,113.30999999999999,113.4,113.32,eod,-0.10000000000002274,-0.0008818342151677489,-8.81834215167749,1.751428571428562,-0.057096247960861574
2004-01-09,-1,930,959,112.50999999999999,112.54,112.52,112.53,eod,-0.030000000000015348,-0.00026661926768588117,-2.666192676858812,1.7399999999999949,-0.0172413793103537
2004-01-14,1,930,959,113.34,113.3,113.33,113.31,eod,-0.04000000000000625,-0.0003529515573988022,-3.529515573988022,1.7942857142857065,-0.02229299363057683
2004-01-16,1,930,959,114.15,114.24,114.14,114.25,eod,0.0899999999999892,0.0007885053443139057,7.885053443139057,1.9642857142857082,0.045818181818176464
2004-01-26,1,930,959,115.65,115.78999999999999,115.64,115.8,eod,0.13999999999998636,0.0012106537530265165,12.106537530265165,2.0999999999999943,0.06666666666666035
2004-01-29,1,930,959,113.58,113.74,113.57,113.75,eod,0.1599999999999966,0.0014088227524874227,14.088227524874227,2.365714285714276,0.06763285024154474
2004-01-30,-1,930,959,113.36999999999999,113.45,113.38,113.44,eod,-0.0800000000000125,-0.0007055918151350547,-7.055918151350547,2.488571428571433,-0.03214695752009682
2004-02-02,1,930,959,114.27000000000001,113.82,114.26,113.83,eod,-0.45000000000001705,-0.003938386136880947,-39.38386136880947,2.4257142857142924,-0.1855123674911726
2004-02-04,-1,930,959,113.19,113.04,113.2,113.03,eod,0.14999999999999147,0.0013250883392225395,13.250883392225395,2.4299999999999926,0.061728395061725075
2004-02-10,1,930,959,114.75,114.89,114.74,114.9,eod,0.14000000000000057,0.001220149904131084,12.201499041310841,2.415714285714273,0.057953873447664644
2004-02-17,1,930,959,116.22,116.13,116.21,116.14,eod,-0.09000000000000341,-0.0007744600292574083,-7.7446002925740824,2.359999999999985,-0.038135593220340665
2004-02-20,-1,930,959,115.08,115.01,115.09,115.0,eod,0.06999999999999318,0.0006082196541836231,6.082196541836231,2.142857142857139,0.03266666666666355
2004-02-24,-1,930,959,114.19,114.46000000000001,114.2,114.45,eod,-0.27000000000001023,-0.002364273204903767,-23.642732049037672,2.1700000000000017,-0.12442396313364518
2004-02-25,1,930,959,115.03,114.89999999999999,115.02,114.91,eod,-0.13000000000000966,-0.0011302382194401815,-11.302382194401815,2.2257142857142895,-0.05840821566110822
2004-02-27,1,930,959,115.45,115.07,115.44,115.08,eod,-0.38000000000000966,-0.0032917532917533755,-32.917532917533755,2.181428571428569,-0.17419777341192344
2004-03-01,1,930,959,116.17,116.1,116.16,116.11,eod,-0.07000000000000739,-0.0006026170798898708,-6.0261707988987085,2.1371428571428623,-0.032754010695190544
2004-03-04,1,930,959,115.98,116.03,115.97,116.04,eod,0.04999999999999716,0.00043114598603084554,4.311459860308456,2.1400000000000006,0.023364485981307078
2004-03-09,-1,930,959,114.42,114.67,114.43,114.66,eod,-0.25,-0.0021847417635235513,-21.847417635235512,2.1471428571428532,-0.11643379906852983
2004-03-11,-1,930,959,111.83999999999999,111.34,111.85,111.33,eod,0.4999999999999858,0.004470272686633758,44.70272686633758,2.2457142857142856,0.22264631043256367
2004-03-12,1,930,959,112.52000000000001,112.67999999999999,112.51,112.69,eod,0.15999999999998238,0.0014220958137052917,14.220958137052916,2.4200000000000017,0.06611570247933152
2004-03-15,-1,930,959,111.25999999999999,111.04,111.27,111.03,eod,0.21999999999998465,0.0019771726431202,19.771726431202,2.480000000000004,0.0887096774193485
2004-03-16,1,930,959,111.46000000000001,111.72,111.45,111.73,eod,0.2599999999999909,0.0023328847016598556,23.328847016598555,2.5799999999999983,0.10077519379844616
2004-03-17,1,930,959,113.18,112.99,113.17,113.0,eod,-0.19000000000001194,-0.0016788901652382427,-16.788901652382428,2.6285714285714334,-0.07228260869565659
2004-03-19,-1,930,959,111.66,111.29,111.67,111.28,eod,0.36999999999999034,0.0033133339303303513,33.133339303303515,2.740000000000009,0.135036496350361
2004-03-22,-1,930,959,109.57,109.76,109.58,109.75,eod,-0.19000000000001194,-0.0017338930461764186,-17.338930461764186,2.799999999999997,-0.0678571428571472
2004-03-23,1,930,959,110.26,109.67999999999999,110.25,109.69,eod,-0.5800000000000125,-0.005260770975056802,-52.60770975056802,2.9385714285714215,-0.19737481769567805
2004-03-25,1,930,959,111.24000000000001,111.1,111.23,111.11,eod,-0.14000000000001478,-0.0012586532410322284,-12.586532410322285,3.0728571428571456,-0.045560204556025226
2004-03-29,1,930,959,112.53,112.47,112.52,112.48,eod,-0.060000000000002274,-0.0005332385353715097,-5.332385353715098,3.0428571428571303,-0.019718309859155757
2004-03-30,1,930,959,112.96000000000001,112.96,112.95,112.97,eod,-1.4210854715202004e-14,-1.2581544679240375e-16,-1.2581544679240375e-12,3.1200000000000045,-4.554761126667302e-15
2004-04-01,1,930,959,113.33,113.47999999999999,113.32,113.49,eod,0.14999999999999147,0.0013236851394280928,13.236851394280928,2.824285714285722,0.053110773899845094
2004-04-02,1,930,959,114.35000000000001,114.41,114.34,114.42,eod,0.05999999999998806,0.0005247507433967821,5.247507433967821,2.7814285714285774,0.02157164869028842
2004-04-05,1,930,959,115.11,115.33,115.1,115.34,eod,0.21999999999999886,0.0019113814074717538,19.11381407471754,2.6985714285714266,0.08152461619904676
2004-04-06,-1,930,959,114.89999999999999,115.09,114.91,115.08,eod,-0.19000000000001194,-0.0016534679314246972,-16.534679314246972,2.660000000000011,-0.07142857142857563
2004-04-07,-1,930,959,114.72,114.51,114.73,114.5,eod,0.20999999999999375,0.0018303843807198966,18.303843807198966,2.555714285714288,0.08216880939071856
2004-04-12,1,930,959,114.84,114.83999999999999,114.83,114.85,eod,-1.4210854715202004e-14,-1.237555927475573e-16,-1.237555927475573e-12,2.4942857142857235,-5.697364433357025e-15
2004-04-13,-1,935,959,113.44,113.30000000000001,113.45,113.29,eod,0.13999999999998636,0.0012340237990302895,12.340237990302896,2.144285714285715,0.0652898067954633
2004-04-14,-1,930,959,112.83999999999999,113.16000000000001,112.85,113.15,eod,-0.3200000000000216,-0.0028356225077538467,-28.35622507753847,2.450000000000003,-0.13061224489796786
2004-04-21,1,930,959,112.69000000000001,112.8,112.68,112.81,eod,0.10999999999998522,0.0009762158324457332,9.762158324457332,2.471428571428575,0.04450867052022517
2004-04-27,1,930,959,114.29,114.21,114.28,114.22,eod,-0.0800000000000125,-0.0007000350017501969,-7.000350017501969,2.609999999999985,-0.03065134099617355
2004-04-28,-1,930,959,112.57,112.59,112.58,112.58,eod,-0.020000000000010232,-0.00017765144785939093,-1.7765144785939093,2.6985714285714266,-0.007411328745371717
2004-05-03,1,930,959,111.76,112.13,111.75,112.14,eod,0.36999999999999034,0.003310961968680003,33.10961968680003,2.887142857142848,0.12815437902028404
2004-05-06,-1,930,959,111.83,111.86,111.84,111.85,eod,-0.030000000000001137,-0.0002682403433476496,-2.6824034334764963,2.7442857142857093,-0.010931806350859361
2004-05-07,-1,930,959,110.44999999999999,110.31,110.46,110.3,eod,0.13999999999998636,0.0012674271229403075,12.674271229403075,2.847142857142856,0.04917210235824911
2004-05-10,-1,930,959,108.74,109.14,108.75,109.13,eod,-0.4000000000000057,-0.0036781609195402822,-36.78160919540282,3.0657142857142787,-0.13047530288909814
2004-05-11,1,930,959,109.71000000000001,110.0,109.7,110.01,eod,0.28999999999999204,0.002643573381950702,26.43573381950702,3.017142857142858,0.09611742424242159
2004-05-12,-1,930,959,109.72,110.31,109.73,110.3,eod,-0.5900000000000034,-0.005376834047206811,-53.76834047206811,2.9542857142857173,-0.19970986460348258
2004-05-17,-1,930,959,109.05999999999999,108.87100000000001,109.07,108.861,eod,0.18899999999997874,0.0017328321261573187,17.328321261573187,3.0314285714285774,0.062346842601312374
2004-05-18,1,930,959,109.76,109.67999999999999,109.75,109.69,eod,-0.0800000000000125,-0.0007289293849659454,-7.289293849659455,3.0828571428571365,-0.025949953660801144
2004-05-20,1,930,959,109.74000000000001,109.50999999999999,109.73,109.52,eod,-0.2300000000000182,-0.002096053950606199,-20.960539506061988,2.988428571428571,-0.07696352598117155
2004-05-21,1,930,959,109.76,109.92,109.75,109.93,eod,0.1599999999999966,0.0014578587699316317,14.578587699316317,2.9041428571428725,0.05509370849525162
2004-05-24,1,930,959,110.13000000000001,110.08,110.12,110.09,eod,-0.05000000000001137,-0.00045405012713413883,-4.540501271341388,2.9027142857142962,-0.017225257148485572
2004-05-27,1,930,959,112.54,112.71,112.53,112.72,eod,0.1699999999999875,0.0015107082555761797,15.107082555761798,2.91985714285714,0.05822202651792718
2004-06-02,1,930,959,113.26,113.11,113.25,113.12,eod,-0.15000000000000568,-0.0013245033112583282,-13.245033112583283,2.582714285714289,-0.05807843354168032
2004-06-03,-1,930,959,112.53999999999999,112.24000000000001,112.55,112.23,eod,0.29999999999998295,0.0026654820079962944,26.654820079962946,2.398428571428582,0.1250818988623427
2004-06-04,1,930,959,113.16000000000001,112.89999999999999,113.15,112.91,eod,-0.2600000000000193,-0.0022978347326559376,-22.978347326559376,2.3770000000000095,-0.10938157341187138
2004-06-07,1,930,959,114.56,114.64,114.55,114.65,eod,0.0799999999999983,0.0006983849847228136,6.983849847228136,2.3698571428571427,0.03375730906021991
2004-06-08,-1,930,959,114.42999999999999,114.86,114.44,114.85,eod,-0.4300000000000068,-0.003757427472911629,-37.57427472911629,2.392714285714291,-0.17971222162517408
2004-06-09,-1,930,959,113.92,113.78,113.93,113.77,eod,0.14000000000000057,0.001228824716931454,12.28824716931454,2.335714285714289,0.05993883792048946
2004-06-10,1,930,959,114.13000000000001,114.28999999999999,114.12,114.3,eod,0.15999999999998238,0.0014020329477741182,14.020329477741182,2.230000000000004,0.07174887892375878
2004-06-14,-1,930,959,113.05,113.2,113.06,113.19,eod,-0.15000000000000568,-0.0013267291703520758,-13.267291703520758,2.1999999999999886,-0.06818181818182112
2004-06-15,1,930,959,113.76,113.94,113.75,113.95,eod,0.1799999999999926,0.0015824175824175175,15.824175824175175,2.239999999999995,0.08035714285713974
2004-06-17,-1,930,959,113.85,113.86,113.86,113.85,eod,-0.010000000000005116,-8.782715615672858e-05,-0.8782715615672858,1.9864285714285614,-0.0050341603739688
2004-06-18,-1,930,959,113.72999999999999,113.72,113.74,113.71,eod,0.009999999999990905,8.791981712670042e-05,0.8791981712670042,1.9707142857142799,0.005074302283431428
2004-06-30,1,930,959,114.52000000000001,114.44,114.51,114.45,eod,-0.0800000000000125,-0.0006986289407039778,-6.986289407039778,2.0321428571428584,-0.03936731107206237
2004-07-01,-1,930,959,113.02,113.21000000000001,113.03,113.2,eod,-0.19000000000001194,-0.0016809696540742451,-16.80969654074245,1.9449999999999932,-0.09768637532134324
2004-07-02,-1,930,959,112.83999999999999,112.81,112.85,112.8,eod,0.029999999999986926,0.0002658396101017893,2.6583961010178934,2.16357142857143,0.013865962363810389
2004-07-06,-1,930,959,112.1,111.97,112.11,111.96,eod,0.12999999999999545,0.0011595754170011191,11.59575417001119,2.04785714285714,0.06348099058248828
2004-07-07,1,930,959,112.18,112.13,112.17,112.14,eod,-0.05000000000001137,-0.00044575198359642835,-4.457519835964283,2.0457142857142827,-0.0244413407821285
2004-07-08,-1,930,959,111.69,111.23,111.7,111.22,eod,0.45999999999999375,0.004118173679498601,41.18173679498601,2.0814285714285745,0.22100205902539133
2004-07-09,1,930,959,111.65,111.63,111.64,111.64,eod,-0.020000000000010232,-0.00017914725904702824,-1.7914725904702824,2.135714285714286,-0.009364548494988066
2004-07-13,1,930,959,111.87,111.88,111.86,111.89,eod,0.009999999999990905,8.939746111202312e-05,0.8939746111202311,2.0742857142857076,0.0048209366391140885
2004-07-14,-1,930,959,111.17999999999999,111.51,111.19,111.5,eod,-0.3300000000000125,-0.0029678927961148713,-29.678927961148712,2.0057142857142907,-0.16452991452992036
2004-07-23,-1,930,959,109.19999999999999,108.93,109.21,108.92,eod,0.2699999999999818,0.0024723010713302977,24.723010713302976,2.1857142857142833,0.1235294117646977
2004-07-27,1,930,959,109.94000000000001,109.86999999999999,109.93,109.88,eod,-0.0700000000000216,-0.0006367688529065914,-6.367688529065914,2.280000000000001,-0.030701754385974372
2004-07-29,1,930,959,110.49000000000001,110.53999999999999,110.48,110.55,eod,0.04999999999998295,0.00045257060101360375,4.525706010136037,2.4571428571428697,0.02034883720929528
2004-07-30,-1,930,959,110.17999999999999,110.68,110.19,110.67,eod,-0.5000000000000142,-0.004537616843633852,-45.376168436338524,2.4571428571428555,-0.20348837209302917
2004-08-03,-1,930,959,110.39999999999999,110.36,110.41,110.35,eod,0.03999999999999204,0.00036228602481652066,3.622860248165207,2.567142857142869,0.01558152476349154
2004-08-06,-1,930,959,106.72999999999999,106.84,106.74,106.83,eod,-0.11000000000001364,-0.00103054150271701,-10.3054150271701,2.6185714285714283,-0.042007637752323815
2004-08-09,1,930,959,107.29,107.0,107.28,107.01,eod,-0.29000000000000625,-0.0027032065622670234,-27.032065622670235,2.751428571428576,-0.10539979231568225
2004-08-10,1,930,959,108.08,108.36,108.07,108.37,eod,0.28000000000000114,0.0025909132969371813,25.90913296937181,2.682857142857145,0.10436634717784911
2004-08-11,-1,930,959,108.14,108.10000000000001,108.15,108.09,eod,0.03999999999999204,0.0003698566805362186,3.698566805362186,2.5728571428571314,0.015546918378675488
2004-08-12,-1,930,959,107.05,106.86,107.06,106.85,eod,0.18999999999999773,0.0017747057724640176,17.747057724640175,2.5328571428571394,0.07501410039481025
2004-08-16,1,930,959,108.38000000000001,108.52,108.37,108.53,eod,0.13999999999998636,0.0012918704438496479,12.918704438496478,2.460000000000008,0.05691056910568533
2004-08-20,1,930,959,110.49000000000001,110.42999999999999,110.48,110.44,eod,-0.060000000000016485,-0.000543084721216659,-5.43084721216659,2.481428571428566,-0.024179620034549012
2004-08-27,1,930,959,111.5,111.44999999999999,111.49,111.46,eod,-0.05000000000001137,-0.0004484707148624215,-4.484707148624215,2.105714285714285,-0.023744911804618705
2004-08-30,-1,930,959,110.75999999999999,110.59,110.77,110.58,eod,0.1699999999999875,0.0015347115645029114,15.347115645029115,2.105714285714285,0.0807327001356793
2004-08-31,1,930,959,110.7,111.05999999999999,110.69,111.07,eod,0.3599999999999852,0.0032523263167403126,32.52326316740313,2.0428571428571445,0.17622377622376884
2004-09-07,1,930,959,112.45,112.8,112.44,112.81,eod,0.3499999999999943,0.0031127712557808104,31.127712557808106,1.9642857142857082,0.17818181818181583
2004-09-08,-1,930,959,112.44,112.36,112.45,112.35,eod,0.0799999999999983,0.0007114273010226616,7.114273010226616,1.9857142857142804,0.04028776978417191
2004-09-09,1,930,959,112.61,112.49,112.6,112.5,eod,-0.12000000000000455,-0.0010657193605684242,-10.657193605684242,1.8885714285714101,-0.06354009077156127
2004-09-13,1,930,959,113.27000000000001,113.3,113.26,113.31,eod,0.029999999999986926,0.00026487727352981566,2.6487727352981567,1.8685714285714283,0.01605504587155264
2004-09-15,-1,930,959,112.92999999999999,112.75,112.94,112.74,eod,0.1799999999999926,0.0015937666017353694,15.937666017353694,1.815714285714293,0.09913453973248963
2004-09-16,1,930,959,113.03,113.08999999999999,113.02,113.1,eod,0.05999999999998806,0.0005308794903555837,5.308794903555837,1.7628571428571291,0.03403565640193839
2004-09-20,-1,930,959,112.58999999999999,112.53,112.6,112.52,eod,0.05999999999998806,0.0005328596802840858,5.328596802840858,1.7999999999999972,0.033333333333326755
2004-09-22,-1,930,959,111.63,111.64,111.64,111.63,eod,-0.010000000000005116,-8.957362952351412e-05,-0.8957362952351412,1.7285714285714278,-0.005785123966945111
2004-09-23,-1,930,959,111.42,111.15,111.43,111.14,eod,0.269999999999996,0.002423045858386395,24.23045858386395,1.8714285714285523,0.1442748091603047
2004-09-24,1,930,959,111.5,111.33,111.49,111.34,eod,-0.1700000000000017,-0.0015248004305319016,-15.248004305319016,1.7428571428571331,-0.0975409836065589
2004-09-27,-1,930,959,110.86999999999999,110.68,110.88,110.67,eod,0.18999999999998352,0.001713564213564065,17.13564213564065,1.7128571428571462,0.11092577147622035
2004-10-01,1,930,959,113.34,113.47,113.33,113.48,eod,0.12999999999999545,0.0011470925615458876,11.470925615458876,1.6385714285714386,0.07933740191804382
2004-10-04,1,930,959,114.12,113.83999999999999,114.11,113.85,eod,-0.28000000000001535,-0.0024537726754886983,-24.537726754886982,1.808571428571426,-0.15481832543444787
2004-10-07,-1,930,959,113.5,113.39,113.51,113.38,eod,0.10999999999999943,0.0009690776143071045,9.690776143071044,1.8614285714285614,0.05909439754412894
2004-10-11,1,930,959,112.81,112.86,112.8,112.87,eod,0.04999999999999716,0.00044326241134749257,4.432624113474926,2.0214285714285722,0.02473498233215406
2004-10-12,-1,930,959,112.74,112.54,112.75,112.53,eod,0.19999999999998863,0.0017738359201772828,17.738359201772827,1.9485714285714266,0.10263929618767756
2004-10-14,-1,930,959,110.61999999999999,110.71000000000001,110.63,110.7,eod,-0.09000000000001762,-0.0008135225526531468,-8.135225526531467,1.9885714285714329,-0.045258620689663936
2004-10-20,-1,930,959,110.52,110.73,110.53,110.72,eod,-0.21000000000000796,-0.0018999366687777793,-18.999366687777794,2.262857142857129,-0.09280303030303438
2004-10-21,1,930,959,111.15,111.03,111.14,111.04,eod,-0.12000000000000455,-0.0010797192729890637,-10.797192729890638,2.3328571428571507,-0.05143906919779724
2004-11-03,1,930,959,114.47,114.75999999999999,114.46,114.77,eod,0.28999999999999204,0.0025336362047876293,25.336362047876293,2.4371428571428595,0.11899179366939873
2004-11-04,1,930,959,116.38000000000001,116.55999999999999,116.37,116.57,eod,0.1799999999999784,0.0015467904098992729,15.46790409899273,2.5,0.07199999999999136
2004-11-05,1,930,959,117.04,117.08999999999999,117.03,117.1,eod,0.04999999999998295,0.00042724087840710027,4.272408784071002,2.6185714285714283,0.019094380796501945
2004-11-11,1,930,959,118.05000000000001,117.97999999999999,118.04,117.99,eod,-0.0700000000000216,-0.0005930193154864588,-5.930193154864588,2.3728571428571428,-0.029500301023488936
2004-11-15,-1,930,959,118.5,118.68,118.51,118.67,eod,-0.18000000000000682,-0.0015188591680027578,-15.188591680027578,2.4299999999999926,-0.07407407407407711
2004-11-16,-1,930,959,117.99,117.77000000000001,118.0,117.76,eod,0.21999999999998465,0.001864406779660887,18.64406779660887,2.2942857142857207,0.09589041095889715
2004-11-17,1,930,959,118.16000000000001,118.39,118.15,118.4,eod,0.22999999999998977,0.0019466779517561554,19.466779517561555,2.125714285714295,0.1081989247311775
2004-11-19,-1,930,959,117.19,117.33,117.2,117.32,eod,-0.14000000000000057,-0.0011945392491467626,-11.945392491467626,2.155714285714282,-0.0649436713055007
2004-11-24,1,930,959,118.49000000000001,118.53,118.48,118.54,eod,0.03999999999999204,0.0003376097231599598,3.3760972315995983,2.114285714285714,0.01891891891891516
2004-11-30,-1,930,959,117.94,117.74000000000001,117.95,117.73,eod,0.19999999999998863,0.0016956337431113914,16.956337431113916,1.9928571428571331,0.10035842293906289
2004-12-01,1,930,959,119.34,119.46,119.33,119.47,eod,0.11999999999999034,0.0010056146819742758,10.056146819742759,1.972857142857137,0.06082548877624437
2004-12-03,1,930,959,119.51,119.42,119.5,119.43,eod,-0.09000000000000341,-0.0007531380753138361,-7.531380753138361,2.0600000000000023,-0.04368932038835112
2004-12-08,1,930,959,118.48,118.61,118.47,118.62,eod,0.12999999999999545,0.0010973242171013376,10.973242171013375,2.1314285714285717,0.0609919571045555
2004-12-13,1,930,959,120.11,120.28,120.1,120.29,eod,0.1700000000000017,0.001415487094088274,14.154870940882741,2.0914285714285654,0.08128415300546553
2004-12-14,1,930,959,120.77000000000001,120.78,120.76,120.79,eod,0.009999999999990905,8.280887711155104e-05,0.8280887711155105,2.1085714285714374,0.004742547425469921
2004-12-16,-1,930,959,120.75999999999999,120.71000000000001,120.77,120.7,eod,0.04999999999998295,0.0004140101018463439,4.140101018463439,2.1128571428571377,0.023664638269092732
2004-12-17,-1,930,959,119.47,119.43,119.48,119.42,eod,0.03999999999999204,0.00033478406427847374,3.3478406427847376,2.1714285714285495,0.01842105263157547
2004-12-21,1,930,959,120.27000000000001,120.39,120.26,120.4,eod,0.11999999999999034,0.0009978380176283912,9.978380176283911,2.2271428571428658,0.053880692751759406
2004-12-28,1,930,959,121.11,121.22999999999999,121.1,121.24,eod,0.11999999999999034,0.0009909165978529344,9.909165978529344,2.09571428571428,0.05725971370142704
2005-01-06,1,930,959,118.72,118.69,118.71,118.7,eod,-0.030000000000001137,-0.00025271670457418193,-2.527167045741819,2.0342857142857156,-0.014747191011236505
2005-01-10,1,930,959,118.82000000000001,118.92999999999999,118.81,118.94,eod,0.10999999999998522,0.0009258479925930916,9.258479925930917,1.952857142857141,0.05632772494512782
2005-01-11,-1,930,959,118.42999999999999,118.30000000000001,118.44,118.29,eod,0.12999999999998124,0.0010976021614317903,10.976021614317903,1.952857142857141,0.06656912948060494
2005-01-13,-1,930,959,117.85,117.69000000000001,117.86,117.68,eod,0.15999999999998238,0.001357542847445973,13.57542847445973,1.9857142857142804,0.08057553956833666
2005-01-14,1,930,959,118.36,118.41,118.35,118.42,eod,0.04999999999999716,0.00042247570764678634,4.2247570764678635,2.114285714285714,0.023648648648647307
2005-01-19,-1,930,959,118.53,118.42,118.54,118.41,eod,0.10999999999999943,0.0009279568078285762,9.279568078285763,2.2099999999999937,0.04977375565610848
2005-01-20,-1,930,959,117.58999999999999,117.58,117.6,117.57,eod,0.009999999999990905,8.503401360536484e-05,0.8503401360536484,2.3085714285714403,0.00433168316831287
2005-01-25,1,930,959,116.91000000000001,116.86,116.9,116.87,eod,-0.05000000000001137,-0.00042771599657836926,-4.277159965783692,2.3900000000000006,-0.02092050209205496
2005-01-26,1,930,959,117.46000000000001,117.39999999999999,117.45,117.41,eod,-0.060000000000016485,-0.0005108556832696167,-5.108556832696167,2.239999999999995,-0.026785714285721705
2005-01-31,1,930,959,117.84,118.05999999999999,117.83,118.07,eod,0.21999999999998465,0.0018670966646862823,18.670966646862823,2.1671428571428493,0.10151615029663139
2005-02-01,1,930,959,118.79,118.89999999999999,118.78,118.91,eod,0.10999999999998522,0.0009260818319581177,9.260818319581176,2.1671428571428493,0.05075807514831242
2005-02-03,-1,930,959,118.89,119.06,118.9,119.05,eod,-0.1700000000000017,-0.0014297729184188537,-14.297729184188537,2.0957142857142657,-0.08111792774369621
2005-02-04,1,930,959,120.07000000000001,120.32,120.06,120.33,eod,0.2499999999999858,0.0020822921872395953,20.822921872395952,2.020014285714282,0.12376150097947707
2005-02-08,1,930,959,120.37,120.33,120.36,120.34,eod,-0.04000000000000625,-0.00033233632436030454,-3.3233632436030454,1.950014285714289,-0.020512670236851254
2005-02-10,1,930,959,119.99000000000001,119.82,119.98,119.83,eod,-0.17000000000001592,-0.001416902817136322,-14.16902817136322,1.8771571428571434,-0.09056247669348871
2005-02-22,-1,930,959,118.72,118.68,118.73,118.67,eod,0.03999999999999204,0.000336898846121385,3.36898846121385,1.7457285714285717,0.02291306945114559
2005-02-23,1,930,959,119.5,119.33,119.49,119.34,eod,-0.1700000000000017,-0.001422713197757149,-14.227131977571489,1.8714428571428527,-0.09083900122899938
2005-03-01,1,930,959,121.48,121.28999999999999,121.47,121.3,eod,-0.19000000000001194,-0.0015641722235944014,-15.641722235944014,2.0728571428571314,-0.09166092350104003
2005-03-03,1,930,959,121.53,121.35,121.52,121.36,eod,-0.18000000000000682,-0.00148123765635292,-14.8123765635292,2.135714285714272,-0.08428093645485324
2005-03-04,1,930,959,122.74000000000001,122.55,122.73,122.56,eod,-0.19000000000001194,-0.001548113745620565,-15.48113745620565,2.1985714285714266,-0.08641975308642526
2005-03-07,1,930,959,123.02000000000001,122.77,123.01,122.78,eod,-0.2500000000000142,-0.0020323550930819788,-20.32355093081979,2.182857142857131,-0.11452879581152546
2005-03-08,-1,930,959,122.42999999999999,122.22,122.44,122.21,eod,0.20999999999999375,0.001715125775890181,17.15125775890181,2.2271428571428515,0.09429121231558435
2005-03-09,-1,930,959,121.39999999999999,121.01,121.41,121.0,eod,0.38999999999998636,0.003212255992092796,32.12255992092796,2.2428571428571473,0.17388535031846492
2005-03-10,1,930,959,121.15,121.19,121.14,121.2,eod,0.03999999999999204,0.0003301964668977385,3.301964668977385,2.2971428571428447,0.017412935323379713
2005-03-14,1,930,959,120.91000000000001,121.03,120.9,121.04,eod,0.11999999999999034,0.0009925558312654287,9.925558312654287,2.4399999999999977,0.049180327868848545
2005-03-16,-1,930,959,118.97999999999999,119.19000000000001,118.99,119.18,eod,-0.21000000000002217,-0.0017648541894278694,-17.648541894278694,2.3528571428571325,-0.08925318761385316
2005-03-18,-1,930,959,118.49,118.82000000000001,118.5,118.81,eod,-0.3300000000000125,-0.002784810126582384,-27.84810126582384,2.2642857142857054,-0.14574132492114175
2005-03-21,-1,930,959,118.58,118.27000000000001,118.59,118.26,eod,0.30999999999998806,0.0026140484020574085,26.140484020574085,2.2442857142857093,0.1381285805219555
2005-03-24,1,930,959,117.43,117.14,117.42,117.15,eod,-0.29000000000000625,-0.0024697666496338463,-24.697666496338464,2.307142857142864,-0.12569659442724693
2005-03-28,1,930,959,117.67,117.35,117.66,117.36,eod,-0.3200000000000074,-0.002719700832908443,-27.19700832908443,2.2271428571428515,-0.14368184733804087
2005-03-29,-1,930,959,116.64,116.42,116.65,116.41,eod,0.21999999999999886,0.0018859837119588414,18.859837119588413,2.1714285714285637,0.10131578947368405
2005-03-30,1,930,959,117.81,118.11,117.8,118.12,eod,0.29999999999999716,0.0025466893039048995,25.466893039048994,2.3542857142857088,0.1274271844660185
2005-04-05,1,930,959,118.08,118.08,118.07,118.09,eod,0.0,0.0,0.0,2.462857142857132,0.0
2005-04-06,1,930,959,118.34,118.36999999999999,118.33,118.38,eod,0.029999999999986926,0.00025352826840181633,2.5352826840181635,2.394285714285715,0.012529832935555395
2005-04-13,-1,930,959,117.25999999999999,117.44000000000001,117.27,117.43,eod,-0.18000000000002103,-0.001534919416730801,-15.34919416730801,2.2700000000000102,-0.07929515418503093
2005-04-15,-1,930,959,114.75999999999999,114.29,114.77,114.28,eod,0.46999999999998465,0.004095146815369736,40.95146815369736,2.4542857142857315,0.19150174621652324
2005-04-19,1,930,959,115.28,115.28,115.27,115.29,eod,0.0,0.0,0.0,2.5799999999999983,0.0
2005-04-20,-1,930,959,113.96,113.83,113.97,113.82,eod,0.12999999999999545,0.001140651048521501,11.40651048521501,2.4271428571428544,0.05356091818716711
2005-04-21,1,930,959,115.85000000000001,115.99,115.84,116.0,eod,0.13999999999998636,0.0012085635359114844,12.085635359114844,2.642857142857153,0.05297297297296761
2005-04-22,-1,930,959,114.36999999999999,115.30000000000001,114.38,115.29,eod,-0.930000000000021,-0.008130792096520555,-81.30792096520555,2.662857142857149,-0.3492489270386337
2005-04-25,1,930,959,115.94000000000001,116.27,115.93,116.28,eod,0.3299999999999841,0.0028465453290777544,28.465453290777543,2.7600000000000193,0.11956521739129775
2005-04-26,-1,930,959,115.75999999999999,115.23,115.77,115.22,eod,0.5299999999999869,0.004578042670812706,45.78042670812706,2.7914285714285825,0.1898669396110488
2005-04-28,-1,930,959,114.69999999999999,114.4,114.71,114.39,eod,0.29999999999998295,0.00261529073315302,26.1529073315302,3.0128571428571433,0.09957325746798863
2005-04-29,1,930,959,115.5,115.69999999999999,115.49,115.71,eod,0.19999999999998863,0.001731751666810881,17.31751666810881,3.0428571428571445,0.06572769953051266
2005-05-02,1,930,959,116.14,116.35,116.13,116.36,eod,0.20999999999999375,0.0018083182640144127,18.083182640144127,3.218571428571437,0.06524633821571027
2005-05-04,1,930,959,117.65,117.63,117.64,117.64,eod,-0.020000000000010232,-0.0001700102006121237,-1.700102006121237,2.988571428571433,-0.006692160611858099
2005-05-10,-1,930,959,116.61,116.7,116.62,116.69,eod,-0.09000000000000341,-0.0007717372663351347,-7.717372663351347,2.892857142857139,-0.031111111111112335
2005-05-12,-1,930,959,116.19,116.09,116.2,116.08,eod,0.09999999999999432,0.0008605851979345465,8.605851979345465,2.739999999999995,0.036496350364961495
2005-05-13,-1,930,959,115.67,115.61,115.68,115.6,eod,0.060000000000002274,0.0005186721991701441,5.186721991701441,2.7171428571428606,0.022082018927445605
2005-05-16,1,930,959,116.79,116.77,116.78,116.78,eod,-0.020000000000010232,-0.0001712622024320109,-1.712622024320109,2.8042857142857116,-0.007131940906778999
2005-05-18,1,930,959,118.80000000000001,118.78999999999999,118.79,118.8,eod,-0.010000000000019327,-8.418217021651086e-05,-0.8418217021651087,2.7357142857142946,-0.0036553524804248073
2005-05-19,1,930,959,119.26,119.36,119.25,119.37,eod,0.09999999999999432,0.0008385744234800362,8.385744234800363,2.767142857142858,0.03613835828600723
2005-05-20,-1,930,959,119.19999999999999,119.16000000000001,119.21,119.15,eod,0.03999999999997783,0.00033554232027495877,3.355423202749588,2.6085714285714374,0.01533406352682606
2005-05-23,1,930,959,119.81,119.64,119.8,119.65,eod,-0.1700000000000017,-0.0014190317195325686,-14.190317195325687,2.5842857142857127,-0.06578220011055902
2005-05-25,-1,930,959,119.25999999999999,119.34,119.27,119.33,eod,-0.0800000000000125,-0.00067074704452094,-6.7074704452094,2.4099999999999966,-0.033195020746893206
2005-05-26,1,930,959,120.02000000000001,120.03,120.01,120.04,eod,0.009999999999990905,8.332638946746858e-05,0.8332638946746858,2.335714285714303,0.00428134556574531
2005-05-31,-1,930,959,119.83,119.45,119.84,119.44,eod,0.37999999999999545,0.003170894526034675,31.708945260346752,2.2742857142857105,0.16708542713567667
2005-06-01,1,930,948,120.17,120.53,120.16,120.54,eod,0.35999999999999943,0.0029960053262316866,29.960053262316865,2.1485714285714295,0.16755319148936137
2005-06-07,1,930,959,120.37,120.05,120.36,120.06,eod,-0.3200000000000074,-0.002658690594882082,-26.58690594882082,1.8128571428571547,-0.1765169424743922
2005-06-14,1,930,959,120.75,120.82,120.74,120.83,eod,0.06999999999999318,0.0005797581580254528,5.797581580254528,1.8757142857142952,0.03731911652703349
2005-06-21,-1,930,959,121.22,121.31,121.23,121.3,eod,-0.09000000000000341,-0.0007423904974016614,-7.423904974016614,1.9657142857142844,-0.045784883720932
2005-06-24,-1,930,959,119.38,119.10000000000001,119.39,119.09,eod,0.2799999999999869,0.002345255046486196,23.45255046486196,1.9185714285714255,0.1459419210722198
2005-06-28,1,930,959,120.14,120.14,120.13,120.15,eod,0.0,0.0,0.0,1.8857142857142861,0.0
2005-07-01,1,930,959,119.25,119.49,119.24,119.5,eod,0.23999999999999488,0.002012747400201232,20.12747400201232,1.902857142857144,0.12612612612612337
2005-07-08,1,930,959,121.29,121.21,121.28,121.22,eod,-0.0800000000000125,-0.0006596306068602614,-6.596306068602614,2.075714285714284,-0.03854094975912512
2005-07-11,1,930,959,121.74000000000001,122.00999999999999,121.73,122.02,eod,0.2699999999999818,0.00221802349461909,22.1802349461909,2.2042857142857173,0.12248865845754181
2005-07-14,1,930,959,122.83,122.72999999999999,122.82,122.74,eod,-0.10000000000000853,-0.0008141996417522271,-8.141996417522272,2.1899999999999977,-0.04566210045662494
2005-07-18,-1,930,959,122.30999999999999,122.21000000000001,122.32,122.2,eod,0.0999999999999801,0.0008175277959448995,8.175277959448994,2.0728571428571456,0.0482425913163239
2005-07-19,1,930,959,122.92,122.99,122.91,123.0,eod,0.06999999999999318,0.0005695224147749832,5.6952241477498315,2.0742857142857076,0.033746556473826024
2005-07-21,-1,930,959,122.94,122.71000000000001,122.95,122.7,eod,0.22999999999998977,0.001870679137860836,18.706791378608358,2.17285714285714,0.10585141354371667
2005-07-22,1,930,959,123.4,123.42,123.39,123.43,eod,0.01999999999999602,0.00016208768943995477,1.6208768943995477,2.1200000000000045,0.009433962264149047
2005-07-26,1,930,959,123.402,123.22,123.392,123.23,eod,-0.18200000000000216,-0.001474974066390059,-14.74974066390059,2.0905714285714225,-0.08705753724204038
2005-07-27,1,930,959,123.82000000000001,123.78,123.81,123.79,eod,-0.04000000000000625,-0.0003230756804782025,-3.230756804782025,2.0028571428571382,-0.01997146932953241
2005-07-28,1,930,959,124.53,124.49,124.52,124.5,eod,-0.04000000000000625,-0.0003212335367812902,-3.212335367812902,1.88428571428571,-0.021228203184233845
2005-08-01,1,930,959,123.88000000000001,123.55,123.87,123.56,eod,-0.3300000000000125,-0.002664083313150985,-26.64083313150985,1.8400000000000034,-0.17934782608696298
2005-08-02,1,930,959,124.41000000000001,124.44999999999999,124.4,124.46,eod,0.03999999999997783,0.0003215434083599504,3.215434083599504,1.7828571428571394,0.022435897435885047
2005-08-04,-1,930,959,123.91,123.67,123.92,123.66,eod,0.23999999999999488,0.0019367333763718115,19.367333763718115,1.78857142857143,0.13418530351437402
2005-08-05,-1,930,959,122.86,122.79,122.87,122.78,eod,0.06999999999999318,0.0005697078212744622,5.697078212744622,1.8299999999999983,0.03825136612021489
2005-08-09,1,930,959,122.98,123.33,122.97,123.34,eod,0.3499999999999943,0.002846222655932295,28.46222655932295,1.902857142857144,0.18393393393393084
2005-08-11,1,930,959,123.79,123.96,123.78,123.97,eod,0.1699999999999875,0.0013734044272094644,13.734044272094645,1.9414285714285597,0.08756438557762469
2005-08-12,-1,930,959,123.55999999999999,123.25,123.57,123.24,eod,0.30999999999998806,0.0025086995225377363,25.08699522537736,1.960000000000008,0.1581632653061157
2005-08-16,-1,930,959,122.3,122.12,122.31,122.11,eod,0.1799999999999926,0.0014716703458424708,14.716703458424707,2.049999999999997,0.087804878048777
2005-08-17,1,930,959,122.43,122.28999999999999,122.42,122.3,eod,-0.14000000000001478,-0.0011436039862768729,-11.436039862768729,2.135714285714286,-0.06555183946488985
2005-08-18,-1,930,959,122.13,122.12,122.14,122.11,eod,0.009999999999990905,8.187326019314643e-05,0.8187326019314642,2.1228571428571428,0.004710632570655205
2005-08-19,1,930,959,122.48,122.25999999999999,122.47,122.27,eod,-0.22000000000001307,-0.0017963582918266766,-17.963582918266766,2.0742857142857076,-0.1060606060606127
2005-08-23,-1,930,959,122.17999999999999,122.08,122.19,122.07,eod,0.09999999999999432,0.000818397577543124,8.18397577543124,2.135714285714286,0.04682274247491372
2005-08-26,-1,930,959,121.08,120.83,121.09,120.82,eod,0.25,0.0020645800644148978,20.645800644148977,2.186342857142847,0.1143462010924968
2005-08-30,-1,930,959,120.66,121.19000000000001,120.67,121.18,eod,-0.5300000000000153,-0.004392143863429314,-43.921438634293146,2.174285714285716,-0.24375821287779922
2005-09-01,1,930,959,122.56,122.52,122.55,122.53,eod,-0.04000000000000625,-0.0003263973888209405,-3.2639738882094047,2.221428571428575,-0.018006430868169988
2005-09-06,1,930,959,123.60000000000001,123.74,123.59,123.75,eod,0.13999999999998636,0.00113277773282617,11.3277773282617,2.1842857142857213,0.06409417920208642
2005-09-08,-1,930,959,123.44,123.59,123.45,123.58,eod,-0.15000000000000568,-0.0012150668286756232,-12.150668286756233,2.162857142857135,-0.06935270805812706
2005-09-09,1,930,959,124.64,124.47,124.63,124.48,eod,-0.1700000000000017,-0.0013640375511514218,-13.640375511514218,2.161428571428573,-0.07865168539325916
2005-09-12,1,930,959,124.64,124.41,124.63,124.42,eod,-0.23000000000000398,-0.0018454625692048783,-18.454625692048783,2.2357142857142946,-0.10287539936102373
2005-09-13,-1,930,959,123.78,123.56,123.79,123.55,eod,0.21999999999999886,0.0017772033282171327,17.77203328217133,2.0900000000000034,0.10526315789473613
2005-09-19,-1,930,959,122.72,122.97,122.73,122.96,eod,-0.25,-0.002036991770553247,-20.36991770553247,2.03857142857143,-0.12263489838822696
2005-09-21,-1,930,959,121.05,120.89150000000001,121.06,120.8815,eod,0.15849999999998943,0.0013092681315049514,13.092681315049514,2.074285714285722,0.07641184573002217
2005-09-22,1,930,959,121.59,121.44,121.58,121.45,eod,-0.15000000000000568,-0.0012337555519000302,-12.337555519000302,2.0028571428571382,-0.07489300998573768
2005-09-27,1,930,959,121.82000000000001,121.49,121.81,121.5,eod,-0.3300000000000125,-0.002709137180855533,-27.09137180855533,1.9757142857142895,-0.16702819956616652
2005-09-28,1,930,959,121.77000000000001,121.67,121.76,121.68,eod,-0.10000000000000853,-0.0008212877792379149,-8.21287779237915,1.998571428571438,-0.050035739814156995
2005-10-04,-1,930,959,121.69999999999999,121.39,121.71,121.38,eod,0.30999999999998806,0.002547038041245486,25.47038041245486,2.142857142857139,0.14466666666666136
2005-10-05,-1,930,959,120.11,119.65,120.12,119.64,eod,0.45999999999999375,0.0038295038295037775,38.29503829503778,2.2271428571428515,0.20654265554842619
2005-10-07,1,930,959,119.52000000000001,119.64999999999999,119.51,119.66,eod,0.12999999999998124,0.0010877750815829741,10.87775081582974,2.578571428571422,0.05041551246536681
2005-10-10,-1,930,959,118.83,118.78,118.84,118.77,eod,0.04999999999999716,0.0004207337596768525,4.207337596768525,2.5600000000000023,0.019531249999998872
2005-10-17,1,930,959,118.96000000000001,119.05999999999999,118.95,119.07,eod,0.0999999999999801,0.0008406893652793619,8.406893652793618,2.5985714285714323,0.038482682792735555
2005-10-18,-1,930,959,118.3,117.91000000000001,118.31,117.9,eod,0.38999999999998636,0.0032964246471134,32.964246471134,2.5471428571428447,0.1531127313516499
2005-10-21,1,930,959,118.24000000000001,118.00999999999999,118.23,118.02,eod,-0.2300000000000182,-0.001945360737545616,-19.453607375456162,2.969999999999999,-0.0774410774410836
2005-10-24,1,930,959,119.49000000000001,120.03,119.48,120.04,eod,0.539999999999992,0.0045195848677602275,45.19584867760228,3.0242857142857105,0.17855455833726733
2005-10-28,1,930,959,119.64,119.89999999999999,119.63,119.91,eod,0.2599999999999909,0.00217336788430988,21.7336788430988,2.951428571428565,0.08809293320425655
2005-10-31,1,930,959,121.15,120.69999999999999,121.14,120.71,eod,-0.45000000000001705,-0.003714710252600438,-37.14710252600438,3.0857142857142748,-0.14583333333333937
2005-11-01,-1,930,959,120.42,120.33,120.43,120.32,eod,0.09000000000000341,0.0007473220958233281,7.473220958233282,3.141428571428577,0.02864938608458494
2005-11-02,1,930,959,121.57000000000001,121.61,121.56,121.62,eod,0.03999999999999204,0.0003290556103980918,3.290556103980918,3.0028571428571524,0.013320647002851732
2005-11-03,1,930,959,122.04,122.14,122.03,122.15,eod,0.09999999999999432,0.0008194706219781555,8.194706219781555,3.0400000000000063,0.032894736842103325
2005-11-08,-1,930,959,122.27,122.08,122.28,122.07,eod,0.18999999999999773,0.001553810925744175,15.53810925744175,2.96142857142857,0.06415822479498239
2005-11-15,-1,930,959,123.05,123.16000000000001,123.06,123.15,eod,-0.11000000000001364,-0.0008938729075248955,-8.938729075248954,2.25,-0.04888888888889495
2005-11-16,1,930,959,123.44000000000001,123.46,123.43,123.47,eod,0.01999999999998181,0.00016203516162992634,1.6203516162992633,2.232857142857142,0.008957133717202349
2005-11-17,1,930,959,124.4,124.52,124.39,124.53,eod,0.11999999999999034,0.0009647077739367339,9.647077739367338,2.0999999999999943,0.05714285714285269
2005-11-18,1,930,959,124.79,125.08,124.78,125.09,eod,0.28999999999999204,0.0023240903991023566,23.240903991023565,1.9928571428571473,0.14551971326164442
2005-11-23,1,930,959,126.98,126.86999999999999,126.97,126.88,eod,-0.11000000000001364,-0.0008663463810349975,-8.663463810349976,1.942857142857136,-0.05661764705883075
2005-11-28,-1,930,959,126.11999999999999,126.16000000000001,126.13,126.15,eod,-0.040000000000020464,-0.0003171331166258659,-3.171331166258659,1.874285714285719,-0.02134146341464501
2005-11-29,1,930,959,126.38000000000001,126.1,126.37,126.11,eod,-0.28000000000001535,-0.0022157157553217956,-22.157157553217957,1.9200000000000017,-0.1458333333333412
2005-12-01,1,930,959,126.86,126.89,126.85,126.9,eod,0.030000000000001137,0.00023649980291683988,2.3649980291683987,2.0128571428571433,0.01490418736692746
2005-12-05,-1,930,959,126.44999999999999,126.64,126.46,126.63,eod,-0.19000000000001194,-0.0015024513680216033,-15.024513680216034,2.0057142857142907,-0.09472934472935045
2005-12-06,1,930,959,126.99000000000001,126.72,126.98,126.73,eod,-0.27000000000001023,-0.002126319105371005,-21.263191053710052,2.0157142857142816,-0.13394755492559005
2005-12-08,-1,930,959,125.78999999999999,126.04,125.8,126.03,eod,-0.2500000000000142,-0.001987281399046218,-19.87281399046218,2.07714285714286,-0.12035763411279897
2005-12-09,1,930,959,126.62,126.39999999999999,126.61,126.41,eod,-0.22000000000001307,-0.0017376194613380703,-17.376194613380704,2.114285714285714,-0.10405405405406026
2005-12-16,-1,930,959,126.69999999999999,126.61,126.71,126.6,eod,0.0899999999999892,0.0007102833241258717,7.1028332412587165,2.115714285714276,0.0425388251181585
2005-12-21,1,930,959,125.94000000000001,126.11,125.93,126.12,eod,0.1699999999999875,0.001349956324942329,13.49956324942329,2.0614285714285643,0.08246708246707668
2005-12-22,1,930,959,126.59,126.64999999999999,126.58,126.66,eod,0.05999999999998806,0.00047400853215348446,4.740085321534845,1.9585714285714317,0.030634573304151404
2005-12-28,1,930,959,125.93,125.63,125.92,125.64,eod,-0.30000000000001137,-0.0023824650571792516,-23.824650571792517,1.9899999999999949,-0.1507537688442272
2005-12-30,-1,930,959,124.835,124.57000000000001,124.845,124.56,eod,0.26499999999998636,0.002122632063758952,21.22632063758952,1.7950000000000017,0.14763231197770812
2006-01-03,1,930,959,126.65,126.75,126.64,126.76,eod,0.09999999999999432,0.0007896399241945224,7.8963992419452245,1.778571428571425,0.05622489959839049
2006-01-04,1,930,959,127.25,127.25,127.24,127.26,eod,0.0,0.0,0.0,2.0228571428571342,0.0
2006-01-06,1,930,959,128.48999999999998,128.4,128.48,128.41,eod,-0.08999999999997499,-0.0007004981320047867,-7.004981320047867,1.9142857142856968,-0.04701492537312169
2006-01-09,1,930,959,128.66,128.92000000000002,128.65,128.93,eod,0.2600000000000193,0.0020209871745046197,20.209871745046197,1.9699999999999989,0.13197969543148197
2006-01-10,-1,930,959,128.70000000000002,128.89,128.71,128.88,eod,-0.1899999999999693,-0.0014761867764740057,-14.761867764740057,1.9285714285714164,-0.09851851851850323
2006-01-12,-1,930,959,128.54000000000002,128.6,128.55,128.59,eod,-0.05999999999997385,-0.00046674445740936484,-4.667444574093649,1.8871428571428623,-0.0317940953822722
2006-01-17,-1,930,959,128.24,128.26999999999998,128.25,128.26,eod,-0.029999999999972715,-0.00023391812865475802,-2.3391812865475803,1.9042857142857201,-0.01575393848460678
2006-01-18,-1,930,959,127.72,127.80000000000001,127.73,127.79,eod,-0.0800000000000125,-0.0006263211461677954,-6.263211461677955,1.9599999999999937,-0.04081632653061876
2006-01-19,1,930,959,128.48999999999998,128.36,128.48,128.37,eod,-0.12999999999996703,-0.0010118306351180498,-10.118306351180497,1.882857142857148,-0.06904400606978503
2006-01-20,-1,930,959,126.3,126.14,126.31,126.13,eod,0.1599999999999966,0.0012667247248831968,12.667247248831968,1.952857142857141,0.08193123628383155
2006-01-23,1,930,959,126.47,126.32,126.46,126.33,eod,-0.15000000000000568,-0.001186145816859131,-11.861458168591309,2.190000000000012,-0.06849315068493372
2006-01-24,1,930,959,126.74000000000001,126.58999999999999,126.73,126.6,eod,-0.1500000000000199,-0.0011836187169574678,-11.836187169574679,2.152857142857158,-0.06967485069675726
2006-01-26,1,930,959,127.48,127.39999999999999,127.47,127.41,eod,-0.0800000000000125,-0.0006275986506629992,-6.275986506629992,2.005714285714305,-0.03988603988604574
2006-01-27,1,930,959,128.39,128.29000000000002,128.38,128.3,eod,-0.0999999999999659,-0.0007789375292098917,-7.789375292098916,2.065714285714293,-0.048409405255861605
2006-01-30,1,930,959,128.5,128.52,128.49,128.53,eod,0.020000000000010232,0.00015565413650875734,1.5565413650875735,2.0514285714285734,0.009749303621174895
2006-02-02,-1,930,959,127.19,127.13000000000001,127.2,127.12,eod,0.05999999999998806,0.00047169811320745334,4.716981132074533,2.029999999999987,0.029556650246299727
2006-02-03,-1,930,959,126.52,126.41000000000001,126.53,126.4,eod,0.10999999999998522,0.0008693590452855861,8.693590452855862,2.125714285714281,0.05174731182795015
2006-02-06,1,930,959,126.56,126.55,126.55,126.56,eod,-0.010000000000005116,-7.90201501383257e-05,-0.790201501383257,2.1699999999999875,-0.00460829493087796
2006-02-07,-1,930,959,125.47999999999999,125.58,125.49,125.57,eod,-0.10000000000000853,-0.0007968762451192009,-7.968762451192009,2.1214285714285666,-0.04713804713805127
2006-02-08,1,930,959,126.61,126.61,126.6,126.62,eod,0.0,0.0,0.0,2.154285714285706,0.0
2006-02-09,1,930,959,126.75,126.49,126.74,126.5,eod,-0.2600000000000051,-0.0020514439008995195,-20.514439008995193,2.1771428571428544,-0.1194225721784802
2006-02-13,-1,930,959,126.19,126.47,126.2,126.46,eod,-0.28000000000000114,-0.002218700475435825,-22.18700475435825,2.147142857142839,-0.1304058549567548
2006-02-14,1,930,959,127.79,127.69999999999999,127.78,127.71,eod,-0.09000000000001762,-0.0007043355767727158,-7.043355767727158,2.144285714285715,-0.04197201865423872
2006-02-17,-1,930,959,128.8,128.89,128.81,128.88,eod,-0.08999999999997499,-0.0006987035168075071,-6.987035168075071,2.1599999999999966,-0.04166666666665515
2006-02-22,1,930,959,129.42,129.42000000000002,129.41,129.43,eod,2.842170943040401e-14,2.196252950344178e-16,2.196252950344178e-12,2.202857142857141,1.290220272456733e-14
2006-02-27,1,930,959,129.95999999999998,129.67000000000002,129.95,129.68,eod,-0.2899999999999636,-0.00223162754905705,-22.3162754905705,2.1585714285714204,-0.13434811383188305
2006-02-28,-1,930,959,128.37,128.26,128.38,128.25,eod,0.11000000000001364,0.0008568312821312793,8.568312821312793,2.182857142857131,0.05039267015707459
2006-03-01,1,930,959,129.39,129.39000000000001,129.38,129.4,eod,2.842170943040401e-14,2.1967622067092294e-16,2.1967622067092293e-12,2.2242857142857133,1.2777904047066675e-14
2006-03-02,-1,930,959,129.26000000000002,129.23,129.27,129.22,eod,0.03000000000002956,0.000232072406591085,2.32072406591085,2.2285714285714278,0.01346153846155173
2006-03-06,-1,930,959,128.17000000000002,128.16,128.18,128.15,eod,0.010000000000019327,7.801529099718619e-05,0.7801529099718619,2.1485714285714153,0.00465425531915796
2006-03-07,-1,930,959,127.72,127.87,127.73,127.86,eod,-0.15000000000000568,-0.0011743521490644772,-11.743521490644772,2.2042857142857173,-0.0680492546986415
2006-03-08,1,930,959,128.34,128.20000000000002,128.33,128.21,eod,-0.13999999999998636,-0.0010909374269460481,-10.909374269460482,2.058571428571426,-0.06800832755030574
2006-03-10,1,930,959,128.35,128.51000000000002,128.34,128.52,eod,0.160000000000025,0.0012466884837153266,12.466884837153266,2.0928571428571416,0.07645051194540449
2006-03-13,1,930,959,128.67,128.8,128.66,128.81,eod,0.13000000000002387,0.0010104150474119686,10.104150474119686,2.219999999999999,0.05855855855856934
2006-03-14,1,930,959,130.1,130.11,130.09,130.12,eod,0.010000000000019327,7.6869859328306e-05,0.7686985932830599,2.152857142857144,0.004644990046458876
2006-03-16,1,930,959,131.07,131.0,131.06,131.01,eod,-0.06999999999999318,-0.0005341065160994443,-5.341065160994443,2.2457142857142856,-0.03117048346055676
2006-03-17,-1,930,959,130.47,130.57999999999998,130.48,130.57,eod,-0.10999999999998522,-0.000843041079092468,-8.43041079092468,2.2142857142857224,-0.04967741935483185
2006-03-21,-1,930,959,129.51000000000002,129.60999999999999,129.52,129.6,eod,-0.0999999999999659,-0.0007720815318094957,-7.7208153180949575,2.087142857142851,-0.047912388774795575
2006-03-22,1,930,959,130.26,130.41,130.25,130.42,eod,0.15000000000000568,0.001151631477927107,11.516314779271069,2.1399999999999864,0.07009345794392834
2006-03-23,-1,930,959,130.06,130.09,130.07,130.08,eod,-0.030000000000001137,-0.0002306450372876231,-2.306450372876231,2.1657142857143015,-0.013852242744063749
2006-03-29,1,930,959,130.42999999999998,130.20000000000002,130.42,130.21,eod,-0.22999999999996135,-0.0017635332004290857,-17.635332004290856,2.0028571428571524,-0.1148359486447733
2006-04-03,1,930,959,130.25,129.68,130.24,129.69,eod,-0.5699999999999932,-0.004376535626535574,-43.76535626535574,2.0642857142857167,-0.2761245674740448
2006-04-05,1,930,959,131.14999999999998,131.03,131.14,131.04,eod,-0.11999999999997613,-0.0009150526155252107,-9.150526155252107,2.0814857142857193,-0.05765112831492827
2006-04-06,-1,930,959,130.83,130.82999999999998,130.84,130.82,eod,2.842170943040401e-14,2.17224926860318e-16,2.17224926860318e-12,2.107200000000006,1.348790310858197e-14
2006-04-12,1,930,959,128.82,128.83,128.81,128.84,eod,0.010000000000019327,7.763372408989462e-05,0.7763372408989462,2.360057142857144,0.004237185540309874
2006-04-18,1,930,959,130.76999999999998,130.72,130.76,130.73,eod,-0.04999999999998295,-0.00038237993270100147,-3.823799327010015,2.4400571428571425,-0.020491323388204065
2006-04-24,-1,930,959,130.88,130.84,130.89,130.83,eod,0.03999999999999204,0.00030560012223998815,3.0560012223998814,2.5286285714285555,0.015818851551374323
2006-04-26,1,930,959,130.39999999999998,130.57000000000002,130.39,130.58,eod,0.17000000000004434,0.0013037809647982541,13.037809647982542,2.3999999999999773,0.07083333333335248
2006-05-02,1,930,959,131.31,131.36,131.3,131.37,eod,0.05000000000001137,0.00038080731150046734,3.808073115004673,2.5214285714285722,0.0198300283286164
2006-05-03,-1,930,959,130.71,130.8312,130.72,130.8212,eod,-0.12119999999998754,-0.0009271725826192437,-9.271725826192437,2.3799999999999955,-0.05092436974789402
2006-05-04,1,930,959,131.39,131.27,131.38,131.28,eod,-0.11999999999997613,-0.0009133810321203846,-9.133810321203846,2.457142857142827,-0.04883720930231646
2006-05-05,1,930,959,132.59,132.70000000000002,132.58,132.71,eod,0.11000000000001364,0.0008296877357068459,8.296877357068459,2.416971428571429,0.045511501997783255
2006-05-11,-1,930,959,130.61,130.79,130.62,130.78,eod,-0.1799999999999784,-0.0013780431786861,-13.780431786861,2.059828571428568,-0.0873859128360093
2006-05-12,-1,930,959,129.54000000000002,129.26,129.55,129.25,eod,0.28000000000002956,0.0021613276727134663,21.613276727134664,2.212685714285726,0.1265430504622822
2006-05-17,-1,930,959,127.58999999999999,127.21000000000001,127.6,127.2,eod,0.37999999999998124,0.0029780564263321417,29.780564263321416,2.296971428571453,0.16543523148492675
2006-05-19,1,930,959,126.75,126.94999999999999,126.74,126.96,eod,0.19999999999998863,0.0015780337699225868,15.780337699225868,2.4098285714285907,0.08299345537322804
2006-05-23,1,930,959,126.79,125.86,126.78,125.87,eod,-0.9300000000000068,-0.007335541883577905,-73.35541883577905,2.5612571428571584,-0.3631029405202807
2006-05-25,1,930,959,127.33,127.61999999999999,127.32,127.63,eod,0.28999999999999204,0.002277725416273893,22.77725416273893,2.8400000000000034,0.1021126760563351
2006-05-26,1,930,959,128.29,128.29000000000002,128.28,128.3,eod,2.842170943040401e-14,2.2155994255070165e-16,2.2155994255070165e-12,2.838571428571427,1.0012680725356223e-14
2006-05-30,-1,930,959,126.55999999999999,126.30000000000001,126.57,126.29,eod,0.2599999999999767,0.0020541992573277768,20.541992573277767,2.9342857142857213,0.0886075949367007
2006-05-31,1,930,959,126.88000000000001,127.28999999999999,126.87,127.3,eod,0.4099999999999824,0.003231654449436292,32.31654449436292,3.1500000000000057,0.13015873015872434
2006-06-01,1,930,959,128.57999999999998,128.81,128.57,128.82,eod,0.2300000000000182,0.0017889087656530933,17.889087656530933,3.192857142857136,0.07203579418345105
2006-06-05,-1,930,959,127.17999999999999,126.91000000000001,127.19,126.9,eod,0.2699999999999818,0.0021228083968864047,21.22808396886405,3.0628571428571547,0.08815298507462059
2006-06-06,-1,930,959,126.11,126.75,126.12,126.74,eod,-0.6400000000000006,-0.0050745321915635945,-50.74532191563595,3.2385714285714187,-0.19761799735333116
2006-06-15,1,930,959,125.75,125.99,125.74,126.0,eod,0.23999999999999488,0.00190870049308092,19.0870049308092,3.335714285714289,0.07194860813704336
2006-06-16,-1,930,959,125.27,124.99000000000001,125.28,124.98,eod,0.2799999999999869,0.002234993614303855,22.34993614303855,3.528571428571439,0.07935222672064383
2006-06-21,1,930,959,125.38000000000001,125.11999999999999,125.37,125.13,eod,-0.2600000000000193,-0.0020738613703439367,-20.738613703439366,3.5900000000000176,-0.07242339832869583
2006-06-28,1,930,959,124.47,124.57,124.46,124.58,eod,0.09999999999999432,0.0008034709946970458,8.034709946970457,3.3128571428571405,0.0301854247520466
2006-06-29,1,930,959,127.08,127.21,127.07,127.22,eod,0.12999999999999545,0.0010230581569213462,10.230581569213463,3.0942857142857036,0.04201292705447698
2006-07-05,-1,930,959,127.0,127.04,127.01,127.03,eod,-0.04000000000000625,-0.000314935831824315,-3.14935831824315,2.944285714285698,-0.013585638039788711
2006-07-06,1,930,959,127.25,127.36,127.24,127.37,eod,0.10999999999999943,0.0008645080163470562,8.645080163470562,2.952857142857141,0.037252056119980476
2006-07-07,-1,930,959,126.36,126.54,126.37,126.53,eod,-0.18000000000000682,-0.0014243886998497018,-14.243886998497018,2.661428571428587,-0.06763285024154805
2006-07-10,1,930,959,126.78,126.72,126.77,126.73,eod,-0.060000000000002274,-0.00047329809891932063,-4.732980989193206,2.6328571428571337,-0.022788931090614074
2006-07-13,-1,930,959,124.33,124.2,124.34,124.19,eod,0.12999999999999545,0.0010455203474344173,10.455203474344172,2.537142857142854,0.051238738738737015
2006-07-14,-1,930,959,123.39999999999999,123.64,123.41,123.63,eod,-0.2400000000000091,-0.0019447370553440492,-19.447370553440493,2.614285714285714,-0.09180327868852808
2006-07-19,1,930,959,126.14,125.96,126.13,125.97,eod,-0.18000000000000682,-0.0014270990248157205,-14.270990248157204,2.7257142857142753,-0.06603773584905936
2006-07-21,-1,930,959,124.11,124.12,124.12,124.11,eod,-0.010000000000005116,-8.056719303903574e-05,-0.8056719303903574,2.704285714285703,-0.0036978341257282673
2006-07-24,1,930,959,126.27000000000001,126.11999999999999,126.26,126.13,eod,-0.1500000000000199,-0.0011880247109141446,-11.880247109141447,2.8014285714285734,-0.053544110147890796
2006-07-28,1,930,959,127.88000000000001,127.83999999999999,127.87,127.85,eod,-0.040000000000020464,-0.0003128177054822903,-3.128177054822903,3.097142857142856,-0.012915129151298124
2006-08-01,-1,930,959,126.88,127.18,126.89,127.17,eod,-0.30000000000001137,-0.002364252502167321,-23.64252502167321,3.2171428571428606,-0.09325044404973701
2006-08-02,1,930,959,127.81,127.91,127.8,127.92,eod,0.09999999999999432,0.0007824726134584845,7.824726134584846,3.1199999999999903,0.03205128205128033
2006-08-07,-1,930,959,127.58,127.77000000000001,127.59,127.76,eod,-0.19000000000001194,-0.0014891449173133626,-14.891449173133626,3.1899999999999977,-0.059561128526649555
2006-08-11,-1,930,959,126.77,126.85000000000001,126.78,126.84,eod,-0.0800000000000125,-0.000631014355576688,-6.310143555766881,2.9742857142857133,-0.026897214217103158
2006-08-14,1,930,959,127.11,127.05,127.1,127.06,eod,-0.060000000000002274,-0.00047206923682141836,-4.720692368214183,2.785714285714292,-0.021538461538462308
2006-08-15,1,930,959,128.76,128.70000000000002,128.75,128.71,eod,-0.05999999999997385,-0.00046601941747552504,-4.66019417475525,2.748571428571424,-0.021829521829512356
2006-08-16,1,930,959,129.76999999999998,129.73000000000002,129.76,129.74,eod,-0.03999999999996362,-0.00030826140567172955,-3.0826140567172953,2.828571428571422,-0.014141414141401312
2006-08-21,-1,930,959,130.08,130.10999999999999,130.09,130.1,eod,-0.029999999999972715,-0.00023060957798426256,-2.3060957798426256,2.5914285714285654,-0.01157662624034231
2006-08-24,1,930,959,129.78,129.87,129.77,129.88,eod,0.09000000000000341,0.0006935347152654959,6.935347152654959,2.4371428571428453,0.03692848769050568
2006-09-01,1,930,959,131.45,131.46,131.44,131.47,eod,0.010000000000019327,7.608034084007401e-05,0.7608034084007401,1.9042857142856917,0.005251312828217263
2006-09-06,-1,930,959,130.42000000000002,130.42999999999998,130.43,130.42,eod,-0.009999999999962483,-7.666947788056798e-05,-0.7666947788056798,1.6842857142856928,-0.0059372349448463336
2006-09-07,-1,930,959,130.0,129.82999999999998,130.01,129.82,eod,0.17000000000001592,0.001307591723713683,13.07591723713683,1.7214285714285609,0.09875518672200155
2006-09-08,1,930,959,130.39999999999998,130.29000000000002,130.39,130.3,eod,-0.1099999999999568,-0.0008436229772218484,-8.436229772218484,1.75,-0.06285714285711817
2006-09-12,1,930,959,131.76,131.63,131.75,131.64,eod,-0.12999999999999545,-0.0009867172675521476,-9.867172675521475,1.8028571428571354,-0.0721077654516618
2006-09-13,1,930,959,132.17,132.22,132.16,132.23,eod,0.05000000000001137,0.00037832929782090927,3.7832929782090927,1.8899999999999864,0.02645502645503266
2006-09-14,-1,930,959,131.98000000000002,132.06,131.99,132.05,eod,-0.07999999999998408,-0.0006061065232213355,-6.061065232213355,1.8342857142856985,-0.04361370716510073
2006-09-18,1,930,959,132.01999999999998,132.02,132.01,132.03,eod,2.842170943040401e-14,2.152996699523067e-16,2.152996699523067e-12,1.8293999999999926,1.5536082557343458e-14
2006-09-19,-1,930,959,131.56,131.76,131.57,131.75,eod,-0.19999999999998863,-0.0015201033670288716,-15.201033670288716,1.7665428571428379,-0.1132154814083954
2006-09-20,1,930,959,132.51,132.4,132.5,132.41,eod,-0.10999999999998522,-0.0008301886792451714,-8.301886792451715,1.7636857142857139,-0.06236938877998159
2006-09-22,-1,930,959,131.38,131.41,131.39,131.4,eod,-0.030000000000001137,-0.0002283278788340143,-2.283278788340143,1.9793999999999983,-0.015156107911488918
2006-09-25,1,930,959,132.78,132.53,132.77,132.54,eod,-0.25,-0.0018829554869322887,-18.829554869322887,1.956542857142864,-0.12777639860395112
2006-10-06,-1,930,959,134.81,135.04,134.82,135.03,eod,-0.22999999999998977,-0.0017059783414922845,-17.059783414922844,2.0357142857142776,-0.1129824561403463
2006-10-11,-1,930,959,134.9,135.0,134.91,134.99,eod,-0.09999999999999432,-0.0007412348973389246,-7.412348973389246,1.952857142857141,-0.0512070226773929
2006-10-12,1,930,959,136.31,136.25,136.3,136.26,eod,-0.060000000000002274,-0.0004402054292003101,-4.402054292003101,1.924285714285702,-0.03118040089086998
2006-10-17,-1,930,959,136.58,136.47,136.59,136.46,eod,0.11000000000001364,0.0008053298191669496,8.053298191669496,1.7814285714285631,0.061748195669615
2006-10-25,1,930,959,138.17,138.19,138.16,138.2,eod,0.020000000000010232,0.00014475969889990036,1.4475969889990035,1.7571428571428669,0.011382113821143972
2006-10-26,1,930,959,138.87,138.85000000000002,138.86,138.86,eod,-0.01999999999998181,-0.00014402995823118112,-1.4402995823118112,1.8385714285714414,-0.010878010878000909
2006-10-27,-1,930,959,137.82000000000002,137.92,137.83,137.91,eod,-0.0999999999999659,-0.0007255314517881876,-7.255314517881875,1.8457142857142799,-0.05417956656344919
2006-11-02,-1,930,959,136.70000000000002,136.82,136.71,136.81,eod,-0.11999999999997613,-0.0008777704630237446,-8.777704630237446,1.962857142857132,-0.061135371179027474
2006-11-06,1,930,959,138.22,138.08,138.21,138.09,eod,-0.13999999999998636,-0.0010129513059835493,-10.129513059835492,2.0500000000000114,-0.06829268292682224
2006-11-07,1,930,959,138.51,138.43,138.5,138.44,eod,-0.07999999999998408,-0.0005776173285197407,-5.776173285197407,2.114285714285728,-0.03783783783783006
2006-11-13,1,930,959,138.70999999999998,138.67000000000002,138.7,138.68,eod,-0.03999999999996362,-0.00028839221340997567,-2.8839221340997567,2.135714285714272,-0.018729096989949644
2006-11-15,1,930,959,140.14,139.96,140.13,139.97,eod,-0.1799999999999784,-0.0012845215157352345,-12.845215157352346,2.2728571428571342,-0.07919547454430255
2006-11-16,1,930,959,140.47,140.22,140.46,140.23,eod,-0.25,-0.001779866154065214,-17.79866154065214,2.2485714285714096,-0.1111817026683618
2006-11-22,1,930,959,140.84,140.91,140.83,140.92,eod,0.06999999999999318,0.0004970531846907135,4.970531846907135,1.9314285714285688,0.03624260355029237
2006-11-27,-1,930,959,138.56,138.51,138.57,138.5,eod,0.05000000000001137,0.0003608284621491764,3.608284621491764,1.8457142857143083,0.027089783281739575
2006-11-29,1,930,959,140.23999999999998,140.35000000000002,140.23,140.36,eod,0.11000000000004206,0.0007844255865367045,7.844255865367044,1.8999999999999773,0.05789473684212809
2006-11-30,1,930,959,141.01,140.45000000000002,141.0,140.46,eod,-0.5599999999999739,-0.003971631205673573,-39.71631205673573,1.9357142857142833,-0.28929889298891676
2006-12-04,1,930,959,141.25,141.32000000000002,141.24,141.33,eod,0.0700000000000216,0.0004956103086945738,4.956103086945737,2.092857142857156,0.033447098976119326
2006-12-05,1,930,959,141.79999999999998,141.88,141.79,141.89,eod,0.0800000000000125,0.0005642146836872312,5.642146836872312,2.2071428571428555,0.036245954692562324
2006-12-06,-1,930,959,141.67000000000002,141.76999999999998,141.68,141.76,eod,-0.0999999999999659,-0.0007058159232069868,-7.058159232069868,2.0557142857142594,-0.04864489228629397
2006-12-11,1,930,959,141.78,141.73000000000002,141.77,141.74,eod,-0.04999999999998295,-0.00035268392466659336,-3.5268392466659337,2.1285714285714334,-0.023489932885897975
2006-12-13,1,930,959,141.76999999999998,141.83,141.76,141.84,eod,0.060000000000030695,0.00042325056433430234,4.232505643343023,2.2171428571428464,0.02706185567011707
2006-12-14,1,930,959,143.13,142.97,143.12,142.98,eod,-0.1599999999999966,-0.0011179429849077459,-11.179429849077458,2.2428571428571615,-0.07133757961783228
2006-12-15,-1,930,959,142.42000000000002,142.39,142.43,142.38,eod,0.03000000000002956,0.00021062978305153097,2.1062978305153095,2.3499999999999943,0.01276595744682112
2006-12-22,-1,930,959,141.10000000000002,140.85999999999999,141.11,140.85,eod,0.24000000000003752,0.0017008007937073027,17.008007937073028,1.9871428571428567,0.12077641984185931
2006-12-26,1,930,959,141.38,141.53,141.37,141.54,eod,0.15000000000000568,0.0010610454834830989,10.610454834830989,1.8985714285714437,0.07900677200903171
2006-12-27,1,930,959,142.51,142.58,142.5,142.59,eod,0.0700000000000216,0.0004912280701755902,4.912280701755902,1.912857142857149,0.036594473487688545
2006-12-28,-1,930,959,142.34,142.2,142.35,142.19,eod,0.14000000000001478,0.0009834913944504024,9.834913944504024,1.9628571428571604,0.07132459970888608
2007-01-05,-1,930,959,140.82000000000002,140.76999999999998,140.83,140.76,eod,0.05000000000003979,0.00035503798906511247,3.550379890651125,2.201428571428579,0.022712524334865498
2007-01-11,1,930,959,142.26999999999998,142.26000000000002,142.26,142.27,eod,-0.009999999999962483,-7.029382820162016e-05,-0.7029382820162016,2.3014285714285734,-0.004345127250138878
2007-01-12,1,930,959,142.97,142.95000000000002,142.96,142.96,eod,-0.01999999999998181,-0.00013989927252365563,-1.3989927252365564,2.280000000000001,-0.008771929824553422
2007-01-23,1,930,959,142.69,142.74,142.68,142.75,eod,0.05000000000001137,0.00035043453882822656,3.5043453882822657,2.2714285714285722,0.0220125786163572
2007-01-24,1,930,959,143.81,143.9,143.8,143.91,eod,0.09000000000000341,0.000625869262865114,6.258692628651141,2.257142857142867,0.039873417721520324
2007-01-25,-1,930,959,142.31,142.35999999999999,142.32,142.35,eod,-0.04999999999998295,-0.00035132096683518094,-3.5132096683518093,2.1057142857142708,-0.023744911804605365
2007-01-30,1,930,959,142.67,142.75,142.66,142.76,eod,0.0800000000000125,0.0005607738679378418,5.607738679378418,2.085714285714289,0.03835616438356758
2007-02-01,1,930,959,144.5,144.56,144.49,144.57,eod,0.060000000000002274,0.0004152536507716954,4.152536507716954,2.114285714285728,0.028378378378379268
2007-02-07,1,930,959,144.89999999999998,145.03,144.89,145.04,eod,0.13000000000002387,0.0008972323831874104,8.972323831874103,2.0,0.06500000000001194
2007-02-08,-1,930,959,144.86,144.89,144.87,144.88,eod,-0.029999999999972715,-0.00020708221163783194,-2.0708221163783196,1.9884714285714153,-0.015086965580152049
2007-02-12,-1,930,959,143.41,143.42999999999998,143.42,143.42,eod,-0.01999999999998181,-0.00013945056477466053,-1.3945056477466053,2.107142857142861,-0.009491525423720162
2007-02-13,1,930,959,144.35999999999999,144.51000000000002,144.35,144.52,eod,0.1500000000000341,0.0010391409767927546,10.391409767927545,2.0842857142856985,0.07196710075395796
2007-02-14,1,930,959,145.79,145.63,145.78,145.64,eod,-0.1599999999999966,-0.0010975442447523432,-10.975442447523431,2.0900000000000034,-0.07655502392344322
2007-02-16,-1,930,959,145.64000000000001,145.7,145.65,145.69,eod,-0.05999999999997385,-0.0004119464469617154,-4.119464469617154,1.9442857142857122,-0.030859662013212153
2007-02-21,-1,930,959,145.84,145.89999999999998,145.85,145.89,eod,-0.05999999999997385,-0.00041138155639337576,-4.113815563933757,1.9828571428571706,-0.0302593659942227
2007-02-23,-1,930,959,145.43,145.37,145.44,145.36,eod,0.060000000000002274,0.00041254125412542816,4.125412541254281,1.8971428571428532,0.031626506024097646
2007-02-27,-1,930,959,140.67000000000002,140.01,140.68,140.0,eod,0.660000000000025,0.004691498436167366,46.91498436167366,2.05714285714285,0.3208333333333466
2007-02-28,1,930,959,141.35999999999999,140.92000000000002,141.35,140.93,eod,-0.4399999999999693,-0.003112840466925853,-31.12840466925853,2.8314285714285745,-0.1553985872855591
2007-03-01,-1,930,959,140.55,140.6,140.56,140.59,eod,-0.04999999999998295,-0.0003557199772338001,-3.5571997723380013,3.008571428571429,-0.01661918328584428
2007-03-02,-1,930,959,139.57000000000002,138.97,139.58,138.96,eod,0.6000000000000227,0.004298610116062636,42.986101160626355,3.334285714285727,0.17994858611825806
2007-03-06,1,930,959,140.0,139.8,139.99,139.81,eod,-0.19999999999998863,-0.0014286734766768242,-14.286734766768243,3.44285714285715,-0.058091286307050516
2007-03-08,1,930,959,140.60999999999999,140.54000000000002,140.6,140.55,eod,-0.06999999999996476,-0.0004978662873397209,-4.97866287339721,3.592857142857156,-0.01948310139164022
2007-03-13,-1,930,959,138.72,138.16,138.73,138.15,eod,0.5600000000000023,0.004036617890867168,40.366178908671685,3.842857142857156,0.14572490706319713
2007-03-14,1,930,959,139.06,139.13,139.05,139.14,eod,0.06999999999999318,0.0005034160373965708,5.034160373965708,4.162857142857149,0.016815374056278365
2007-03-15,1,930,959,139.5,139.56,139.49,139.57,eod,0.060000000000002274,0.0004301383611728602,4.301383611728602,4.334285714285727,0.013843111404087498
2007-03-19,1,930,959,139.81,140.06,139.8,140.07,eod,0.25,0.0017882689556509297,17.8826895565093,4.394285714285701,0.05689206762028626
2007-03-27,-1,930,959,142.87,142.72,142.88,142.71,eod,0.15000000000000568,0.0010498320268757398,10.498320268757398,3.1771428571428544,0.04721223021582917
2007-03-28,-1,930,959,141.93,141.54999999999998,141.94,141.54,eod,0.3800000000000239,0.002677187544032858,26.77187544032858,3.1971428571428646,0.11885612153709388
2007-03-29,1,930,959,141.94,142.11,141.93,142.12,eod,0.17000000000001592,0.00119777355034183,11.977735503418298,3.162857142857149,0.053748870822046484
2007-04-02,1,930,959,142.39,142.29000000000002,142.38,142.3,eod,-0.0999999999999659,-0.0007023458350889584,-7.023458350889585,3.342857142857156,-0.029914529914519594
2007-04-03,1,930,959,143.67,143.65,143.66,143.66,eod,-0.01999999999998181,-0.00013921759710414737,-1.3921759710414736,3.0471142857142866,-0.006563587094106491
2007-04-09,1,930,959,144.48999999999998,144.42000000000002,144.48,144.43,eod,-0.06999999999996476,-0.00048449612403076385,-4.844961240307638,2.785714285714306,-0.025128205128192294
2007-04-10,1,930,959,144.73999999999998,144.79000000000002,144.73,144.8,eod,0.05000000000003979,0.00034547087680536026,3.4547087680536026,2.6192857142857235,0.019089173711495898
2007-04-11,-1,930,959,143.83,143.84,143.84,143.83,eod,-0.009999999999990905,-6.952169076745623e-05,-0.6952169076745623,2.5528571428571354,-0.003917179630662369
2007-04-13,1,930,959,145.20999999999998,145.24,145.2,145.25,eod,0.03000000000002956,0.00020661157024813747,2.0661157024813748,2.415714285714273,0.012418687167368894
2007-04-16,1,930,959,146.73,146.77,146.72,146.78,eod,0.040000000000020464,0.00027262813522369457,2.7262813522369456,2.4642857142857224,0.016231884057979266
2007-04-20,1,930,959,148.1,148.46,148.09,148.47,eod,0.36000000000001364,0.002430954149503772,24.30954149503772,2.30714285714285,0.15603715170279278
2007-04-25,1,930,959,149.57,149.45000000000002,149.56,149.46,eod,-0.11999999999997613,-0.000802353570473229,-8.02353570473229,2.071428571428555,-0.05793103448274755
2007-05-02,1,930,959,149.72,149.62,149.71,149.63,eod,-0.09999999999999432,-0.0006679580522342816,-6.679580522342817,2.480000000000018,-0.0403225806451587
2007-05-03,1,930,959,150.34,150.25,150.33,150.26,eod,-0.09000000000000341,-0.0005986828976252471,-5.986828976252472,2.465714285714313,-0.03650057937427676
2007-05-04,1,930,959,150.67,150.64000000000001,150.66,150.65,eod,-0.029999999999972715,-0.00019912385503765244,-1.9912385503765244,2.515714285714296,-0.011925042589426926
2007-05-07,1,930,959,150.98999999999998,150.95000000000002,150.98,150.96,eod,-0.03999999999996362,-0.00026493575307963717,-2.6493575307963715,2.4771428571428658,-0.01614763552478341
2007-05-10,-1,930,959,149.63,149.34,149.64,149.33,eod,0.28999999999999204,0.001937984496123978,19.37984496123978,2.6171428571428805,0.1108078602620047
2007-05-11,1,930,959,150.5,150.8,150.49,150.81,eod,0.30000000000001137,0.001993487939398042,19.93487939398042,2.701428571428579,0.11105235325225138
2007-05-16,1,930,959,151.31,151.60000000000002,151.3,151.61,eod,0.29000000000002046,0.0019167217448778616,19.167217448778615,2.855714285714299,0.10155077538770053
2007-05-18,1,930,959,152.25,152.49,152.24,152.5,eod,0.2400000000000091,0.0015764582238571275,15.764582238571275,2.917142857142835,0.08227228207639943
2007-05-25,1,930,959,151.73,151.85000000000002,151.72,151.86,eod,0.12000000000003297,0.0007909306617455376,7.9093066174553766,3.3871428571428623,0.035428089413759155
2007-06-01,1,930,959,153.76,153.95000000000002,153.75,153.96,eod,0.19000000000002615,0.0012357723577237473,12.357723577237474,3.244285714285695,0.05856450902686882
2007-06-05,-1,930,959,153.4,153.45,153.41,153.44,eod,-0.04999999999998295,-0.00032592399452436574,-3.2592399452436576,3.085714285714289,-0.01620370370369816
2007-06-06,-1,930,959,152.23000000000002,152.10999999999999,152.24,152.1,eod,0.12000000000003297,0.0007882291119287504,7.882291119287505,3.0828571428571365,0.03892493049120633
2007-06-08,1,930,959,150.67,151.04000000000002,150.66,151.05,eod,0.37000000000003297,0.0024558608788001657,24.558608788001656,3.4728571428571513,0.10654051830523342
2007-06-11,1,930,959,151.7,151.29000000000002,151.69,151.3,eod,-0.40999999999996817,-0.002702880875469498,-27.028808754694982,3.5785714285714505,-0.11457085828342353
2007-06-12,-1,930,959,150.13,149.67999999999998,150.14,149.67,eod,0.45000000000001705,0.0029972026108966107,29.972026108966105,3.0257142857142867,0.14872521246459483
2007-06-13,1,930,959,151.39,151.94,151.38,151.95,eod,0.5500000000000114,0.0036332408508390236,36.33240850839024,3.1842857142857213,0.17272319425751778
2007-06-14,1,930,959,152.85,152.70000000000002,152.84,152.71,eod,-0.14999999999997726,-0.0009814184768383752,-9.814184768383752,3.3114285714285643,-0.04529767040551523
2007-06-15,1,930,959,153.17,153.04000000000002,153.16,153.05,eod,-0.12999999999996703,-0.0008487855837031016,-8.487855837031017,3.105714285714299,-0.04185832566696252
2007-06-20,-1,930,959,151.76000000000002,151.01,151.77,151.0,eod,0.7500000000000284,0.004941688080648536,49.41688080648536,2.9728571428571513,0.25228255646324765
2007-06-22,-1,930,959,150.25,150.25,150.26,150.24,eod,-0.0,-0.0,-0.0,3.392857142857167,-0.0
2007-06-25,-1,930,959,149.54000000000002,149.62,149.55,149.61,eod,-0.07999999999998408,-0.0005349381477765568,-5.349381477765569,3.5671428571428407,-0.022426912294749347
2007-07-02,1,930,959,151.59,151.79000000000002,151.58,151.8,eod,0.20000000000001705,0.001319435281699545,13.194352816995451,3.6985714285714266,0.05407493240633913
2007-07-10,-1,930,959,151.43,150.91,151.44,150.9,eod,0.5200000000000102,0.0034337031167459738,34.337031167459735,3.5242857142857247,0.14754762869882695
2007-07-12,1,930,959,154.14999999999998,154.72,154.14,154.73,eod,0.5700000000000216,0.003697936940443893,36.979369404438934,3.5071428571428385,0.16252545824847953
2007-07-17,1,930,959,155.23,154.86,155.22,154.87,eod,-0.3699999999999761,-0.002383713438989667,-23.837134389896672,3.3128571428571263,-0.11168607158257204
2007-07-18,-1,930,959,153.82000000000002,154.59,153.83,154.58,eod,-0.7699999999999818,-0.005005525580185801,-50.05525580185801,3.267142857142858,-0.23567993003934726
2007-07-19,1,930,959,155.23999999999998,155.20000000000002,155.23,155.21,eod,-0.03999999999996362,-0.00025768214906888887,-2.576821490688889,3.1242857142856906,-0.01280292638316175
2007-07-20,-1,930,959,153.73000000000002,153.34,153.74,153.33,eod,0.3900000000000148,0.0025367503577469414,25.367503577469414,3.019999999999982,0.1291390728476878
2007-07-23,1,930,959,154.42,154.05,154.41,154.06,eod,-0.3699999999999761,-0.0023962178615373106,-23.962178615373105,3.09571428571428,-0.11952007383478716
2007-07-24,-1,930,959,151.32000000000002,151.13,151.33,151.12,eod,0.19000000000002615,0.001255534262869399,12.55534262869399,3.0228571428571342,0.0628544423440542
2007-07-25,1,930,959,151.82,151.73000000000002,151.81,151.74,eod,-0.08999999999997499,-0.000592846321059054,-5.9284632105905395,3.425714285714264,-0.026271893244363173
2007-07-26,-1,930,959,147.9,148.56,147.91,148.55,eod,-0.6599999999999966,-0.004462172943005859,-44.621729430058586,3.598571428571404,-0.18340611353711822
2007-07-27,-1,930,959,147.5,146.03,147.51,146.02,eod,1.4699999999999989,0.009965426072808616,99.65426072808616,4.9957142857142856,0.29425221618530145
2007-08-02,1,930,959,147.64,147.28,147.63,147.29,eod,-0.3599999999999852,-0.002438528754318128,-24.38528754318128,5.714285714285722,-0.06299999999999732
2007-08-03,-1,930,959,144.43,143.35,144.44,143.34,eod,1.0800000000000125,0.007477153143173723,74.77153143173723,5.9585714285714175,0.18125149844162314
2007-08-06,1,930,959,145.85999999999999,146.76000000000002,145.85,146.77,eod,0.9000000000000341,0.00617072334590356,61.7072334590356,6.44285714285715,0.13968957871397408
2007-08-08,1,930,959,148.09,149.63,148.08,149.64,eod,1.539999999999992,0.010399783900594218,103.99783900594218,7.507142857142895,0.20513796384395602
2007-08-09,-1,930,959,146.63,145.73,146.64,145.72,eod,0.9000000000000057,0.0061374795417349,61.374795417349006,7.825714285714298,0.11500547645126012
2007-08-13,1,930,959,146.16,145.49,146.15,145.5,eod,-0.6699999999999875,-0.004584331166609562,-45.843311666095616,8.302857142857164,-0.08069511355815383
2007-08-16,-1,930,959,139.67000000000002,141.73999999999998,139.68,141.73,eod,-2.0699999999999648,-0.014819587628865726,-148.19587628865725,7.171428571428578,-0.28864541832668805
2007-08-17,1,930,959,144.5,144.73000000000002,144.49,144.74,eod,0.2300000000000182,0.0015918056612915646,15.918056612915647,7.34714285714287,0.03130468598094739
2007-08-22,1,930,959,146.31,146.65,146.3,146.66,eod,0.3400000000000034,0.002323991797676031,23.239917976760314,8.469999999999999,0.04014167650531328
2007-08-27,-1,930,959,147.25,146.92999999999998,147.26,146.92,eod,0.3200000000000216,0.002173027298655586,21.73027298655586,7.5,0.042666666666669545
2007-08-28,-1,930,959,144.22,143.67,144.23,143.66,eod,0.5500000000000114,0.003813353671219659,38.13353671219659,7.178571428571416,0.07661691542288729
2007-08-29,1,930,959,146.14,146.70000000000002,146.13,146.71,eod,0.5600000000000307,0.0038322042017383887,38.322042017383886,7.2085714285714175,0.07768529528339717
2007-08-30,-1,930,959,146.18,146.14999999999998,146.19,146.14,eod,0.03000000000002956,0.00020521239482884984,2.0521239482884983,7.0428571428571445,0.00425963488844233
2007-08-31,1,930,959,148.07,147.46,148.06,147.47,eod,-0.6099999999999852,-0.004119951371065684,-41.199513710656845,6.80857142857144,-0.08959295006294354
2007-09-04,1,930,959,149.89,149.22,149.88,149.23,eod,-0.6699999999999875,-0.004470242860955348,-44.70242860955348,6.925714285714292,-0.09674092409240734
2007-09-05,-1,930,959,147.53,147.57,147.54,147.56,eod,-0.03999999999999204,-0.0002711129185305141,-2.7111291853051407,6.821428571428584,-0.005863874345548561
2007-09-07,-1,930,959,145.43,145.85,145.44,145.84,eod,-0.4199999999999875,-0.0028877887788778017,-28.87788778877802,6.099999999999994,-0.06885245901639146
2007-09-11,1,930,959,147.54,147.63,147.53,147.64,eod,0.09000000000000341,0.0006100454144919909,6.100454144919909,4.805714285714288,0.018727705112961464
2007-09-13,1,930,959,148.95999999999998,148.8,148.95,148.81,eod,-0.15999999999996817,-0.0010741859684455736,-10.741859684455736,4.788571428571402,-0.03341288782815583
2007-09-17,-1,930,959,148.25,148.14,148.26,148.13,eod,0.11000000000001364,0.0007419398354243467,7.419398354243468,4.551428571428573,0.0241682360326458
2007-09-18,1,930,959,152.04999999999998,152.39000000000001,152.04,152.4,eod,0.34000000000003183,0.0022362536174692967,22.362536174692966,4.5085714285714005,0.07541191381496316
2007-09-19,1,930,959,153.54,153.36,153.53,153.37,eod,-0.1799999999999784,-0.001172409301113648,-11.72409301113648,4.638571428571453,-0.03880505081613311
2007-09-20,-1,930,959,152.47,152.34,152.48,152.33,eod,0.12999999999999545,0.0008525708289611455,8.525708289611455,5.107142857142861,0.025454545454544543
2007-09-24,-1,930,959,151.77,151.56,151.78,151.55,eod,0.21000000000000796,0.0013835814995388587,13.835814995388587,4.887142857142862,0.0429698918444915
2007-09-26,1,930,959,152.72,152.36,152.71,152.37,eod,-0.3599999999999852,-0.002357409468927937,-23.574094689279367,4.57714285714286,-0.07865168539325515
2007-09-27,1,930,959,153.01,152.94,153.0,152.95,eod,-0.06999999999999318,-0.0004575163398692365,-4.575163398692364,4.571428571428555,-0.015312499999998562
2007-10-01,1,930,959,154.54999999999998,154.51000000000002,154.54,154.52,eod,-0.03999999999996362,-0.0002588326646820475,-2.588326646820475,3.9299999999999784,-0.010178117048336856
2007-10-03,-1,930,959,153.69,153.81,153.7,153.8,eod,-0.12000000000000455,-0.0007807417046194181,-7.807417046194181,3.8742857142857474,-0.030973451327434537
2007-10-05,1,930,959,155.79999999999998,155.59,155.79,155.6,eod,-0.20999999999997954,-0.00134796841902548,-13.479684190254801,3.7014285714285506,-0.05673485140871729
2007-10-08,-1,930,959,154.99,155.2,155.0,155.19,eod,-0.20999999999997954,-0.0013548387096772873,-13.548387096772874,3.804285714285726,-0.05520090123919836
2007-10-09,1,930,959,156.26999999999998,156.4,156.26,156.41,eod,0.13000000000002387,0.0008319467554078067,8.319467554078066,3.298571428571421,0.03941100043309525
2007-10-12,1,930,959,155.64,156.04000000000002,155.63,156.05,eod,0.4000000000000341,0.00257019854783804,25.701985478380397,2.76857142857142,0.14447884416925943
2007-10-15,-1,930,959,154.19,154.84,154.2,154.83,eod,-0.6500000000000057,-0.004215304798962424,-42.153047989624234,2.717142857142875,-0.23922187171398582
2007-10-16,-1,930,959,153.68,153.76999999999998,153.69,153.76,eod,-0.08999999999997499,-0.0005855943782938056,-5.8559437829380565,2.8942857142857292,-0.031095755182617063
2007-10-18,-1,930,959,153.76000000000002,153.82999999999998,153.77,153.82,eod,-0.06999999999996476,-0.0004552253365413589,-4.552253365413589,3.38428571428571,-0.020683832840850735
2007-10-19,-1,930,959,150.43,149.98,150.44,149.97,eod,0.45000000000001705,0.002991225737835795,29.912257378357953,3.339999999999975,0.1347305389221618
2007-10-23,1,930,959,151.26,151.94,151.25,151.95,eod,0.6800000000000068,0.004495867768595087,44.95867768595087,4.15428571428572,0.16368638239339894
2007-10-24,-1,930,959,151.70000000000002,151.57,151.71,151.56,eod,0.13000000000002387,0.0008568980291346904,8.568980291346904,4.194285714285712,0.030994550408725053
2007-10-25,-1,930,959,151.20000000000002,151.32,151.21,151.31,eod,-0.11999999999997613,-0.0007935983069901205,-7.935983069901204,4.652857142857101,-0.02579060485108506
2007-10-26,1,930,959,152.98,153.44,152.97,153.45,eod,0.46000000000000796,0.0030071255801791723,30.07125580179172,4.72999999999999,0.09725158562368054
2007-10-29,1,930,959,154.29999999999998,153.99,154.29,154.0,eod,-0.30999999999997385,-0.0020092034480521997,-20.092034480521995,4.934285714285693,-0.06282570932251959
2007-10-30,-1,930,959,153.36,153.07,153.37,153.06,eod,0.29000000000002046,0.0018908521875205088,18.90852187520509,4.8642857142857,0.05961820851689132
2007-10-31,1,930,959,154.22,154.79000000000002,154.21,154.8,eod,0.5700000000000216,0.003696258349004744,36.96258349004744,4.878571428571433,0.11683748169839377
2007-11-01,-1,930,959,151.16,150.79,151.17,150.78,eod,0.37000000000000455,0.0024475755771648116,24.475755771648117,4.799999999999983,0.07708333333333456
2007-11-02,-1,930,959,150.23000000000002,151.13,150.24,151.12,eod,-0.8999999999999773,-0.005990415335463107,-59.90415335463107,5.254285714285686,-0.17128874388254145
2007-11-05,-1,930,959,150.72,150.2,150.73,150.19,eod,0.5200000000000102,0.0034498772639820225,34.498772639820224,5.2542857142857144,0.09896682979880564
2007-11-06,1,930,959,151.51999999999998,152.08,151.51,152.09,eod,0.5600000000000307,0.003696125668272924,36.96125668272924,5.285714285714278,0.10594594594595191
2007-11-07,-1,930,959,148.59,147.59,148.6,147.58,eod,1.0,0.006729475100942127,67.29475100942126,5.282857142857154,0.1892915089237422
2007-11-13,1,930,959,147.57999999999998,148.19,147.57,148.2,eod,0.6100000000000136,0.00413363149691681,41.3363149691681,5.645714285714291,0.10804655870445576
2007-11-14,1,930,959,148.70999999999998,147.09,148.7,147.1,eod,-1.6199999999999761,-0.010894418291862652,-108.94418291862651,5.698571428571427,-0.28428177488091844
2007-11-15,-1,930,959,145.53,145.35999999999999,145.54,145.35,eod,0.17000000000001592,0.0011680637625396174,11.680637625396173,5.728571428571428,0.029675810473818245
2007-11-19,-1,930,959,144.06,143.54999999999998,144.07,143.54,eod,0.5100000000000193,0.003539945859651693,35.39945859651693,5.990000000000009,0.08514190317195636
2007-11-21,-1,930,959,142.66,141.82,142.67,141.81,eod,0.8400000000000034,0.005887712903904139,58.877129039041385,6.767142857142886,0.12412919569347686
2007-11-27,1,930,959,141.72,143.08,141.71,143.09,eod,1.3600000000000136,0.00959706442735173,95.9706442735173,6.6671428571428635,0.20398542961217242
2007-11-28,1,930,959,147.37,147.24,147.36,147.25,eod,-0.12999999999999545,-0.0008821932681867226,-8.821932681867226,6.652857142857158,-0.01954047670173859
2007-11-30,1,930,959,147.95,148.43,147.94,148.44,eod,0.4800000000000182,0.0032445586048399228,32.44558604839923,6.2571428571428385,0.07671232876712643
2007-12-03,-1,930,959,147.77,147.56,147.78,147.55,eod,0.21000000000000796,0.001421031262687833,14.21031262687833,6.239999999999981,0.03365384615384753
2007-12-04,-1,930,959,146.87,146.57,146.88,146.56,eod,0.30000000000001137,0.0020424836601307963,20.424836601307963,6.002857142857152,0.049976201808664356
2007-12-05,1,930,959,148.5,148.85000000000002,148.49,148.86,eod,0.35000000000002274,0.0023570610815544664,23.570610815544665,5.592857142857156,0.06257982120051478
2007-12-06,1,930,959,150.81,151.10000000000002,150.8,151.11,eod,0.29000000000002046,0.0019230769230770587,19.230769230770587,5.585714285714289,0.051918158567778566
2007-12-10,1,930,959,151.78,152.02,151.77,152.03,eod,0.2400000000000091,0.0015813401858075316,15.813401858075316,5.362857142857138,0.04475226425146684
2007-12-14,-1,930,959,147.55,147.19,147.56,147.18,eod,0.36000000000001364,0.0024396855516401034,24.396855516401033,5.2542857142857144,0.06851549755302054
2007-12-17,-1,930,959,145.14000000000001,145.07999999999998,145.15,145.07,eod,0.060000000000030695,0.00041336548398229896,4.13365483982299,4.98857142857139,0.012027491408940954
2007-12-18,1,930,959,145.98999999999998,145.81,145.98,145.82,eod,-0.1799999999999784,-0.0012330456226878916,-12.330456226878916,4.9614285714285415,-0.03627987330837479
2007-12-20,1,930,959,146.07999999999998,146.52,146.07,146.53,eod,0.44000000000002615,0.0030122543985762044,30.122543985762043,4.875714285714281,0.09024318781131514
2007-12-21,1,930,959,148.2,148.18,148.19,148.19,eod,-0.01999999999998181,-0.00013496187327067825,-1.3496187327067826,4.744285714285695,-0.004215597711528854
2007-12-27,-1,930,959,147.92000000000002,147.53,147.93,147.52,eod,0.3900000000000148,0.002636382072602006,26.36382072602006,4.617142857142852,0.08446782178218151
2007-12-31,-1,930,959,147.14000000000001,146.42999999999998,147.15,146.42,eod,0.7100000000000364,0.004825008494733512,48.250084947335125,4.674285714285702,0.15189486552568054
2008-01-04,-1,930,959,141.57000000000002,140.94,141.58,140.93,eod,0.6300000000000239,0.004449781042520298,44.49781042520298,3.9285714285714164,0.16036363636364293
2008-01-09,1,930,959,139.73,140.77,139.72,140.78,eod,1.0400000000000205,0.007443458345262099,74.434583452621,4.390000000000015,0.2369020501138991
2008-01-11,-1,930,959,139.98000000000002,140.01999999999998,139.99,140.01,eod,-0.03999999999996362,-0.0002857346953351212,-2.857346953351212,4.579999999999984,-0.008733624454140559
2008-01-14,1,930,959,141.29,141.45000000000002,141.28,141.46,eod,0.160000000000025,0.0011325028312572552,11.325028312572552,4.734285714285733,0.0337960168980136
2008-01-15,-1,930,959,138.69,137.95999999999998,138.7,137.95,eod,0.7300000000000182,0.005263157894736974,52.63157894736974,4.758571428571429,0.15340738516962255
2008-01-22,-1,930,959,131.06,131.03,131.07,131.02,eod,0.030000000000001137,0.000228885328450455,2.28885328450455,8.53857142857143,0.0035134682951314692
2008-01-24,1,930,959,134.47,134.99,134.46,135.0,eod,0.5200000000000102,0.0038673211363975174,38.67321136397517,9.84142857142858,0.05283785745391303
2008-02-01,1,930,959,139.26,139.44,139.25,139.45,eod,0.18000000000000682,0.0012926391382406235,12.926391382406235,10.530000000000001,0.01709401709401774
2008-02-04,-1,930,959,138.4,138.01,138.41,138.0,eod,0.3900000000000148,0.0028177154829854404,28.177154829854405,10.44142857142856,0.037351210835957126
2008-02-05,-1,930,959,134.17000000000002,133.70999999999998,134.18,133.7,eod,0.4600000000000364,0.0034282307348340764,34.282307348340765,10.372857142857129,0.04434650874535545
2008-02-12,1,930,959,134.75,134.93,134.74,134.94,eod,0.18000000000000682,0.0013359061896987294,13.359061896987294,6.867142857142866,0.026211774495528313
2008-02-13,1,930,959,136.75,136.70000000000002,136.74,136.71,eod,-0.04999999999998295,-0.00036565745209874903,-3.6565745209874905,6.194285714285712,-0.008071955719554446
2008-02-15,-1,930,959,134.60000000000002,135.07,134.61,135.06,eod,-0.46999999999997044,-0.003491568234157718,-34.91568234157718,5.545714285714297,-0.08475012879958234
2008-02-28,-1,930,959,136.92000000000002,137.0,136.93,136.99,eod,-0.07999999999998408,-0.0005842401226903095,-5.842401226903095,5.6685714285714255,-0.014112903225803651
2008-02-29,-1,930,959,133.69,133.23999999999998,133.7,133.23,eod,0.45000000000001705,0.003365744203440666,33.657442034406664,5.465714285714284,0.08233141662310821
2008-03-03,-1,930,959,132.91,133.42,132.92,133.41,eod,-0.5099999999999909,-0.0038368943725548524,-38.368943725548526,5.764285714285734,-0.08847583643122489
2008-03-04,-1,930,959,132.45000000000002,132.92999999999998,132.46,132.92,eod,-0.47999999999996135,-0.003623735467310594,-36.23735467310594,5.665714285714273,-0.08472012102873769
2008-03-05,1,930,959,133.29,133.69,133.28,133.7,eod,0.4000000000000057,0.0030012004801921194,30.012004801921194,6.167142857142849,0.06485985638174759
2008-03-06,-1,930,959,131.75,130.82999999999998,131.76,130.82,eod,0.9200000000000159,0.006982392228293989,69.82392228293989,6.205714285714265,0.1482504604051596
2008-03-11,1,930,959,131.82999999999998,132.38,131.82,132.39,eod,0.5500000000000114,0.004172356243362247,41.723562433622476,5.845714285714266,0.0940860215053786
2008-03-14,-1,930,959,129.94,129.26,129.95,129.25,eod,0.6800000000000068,0.005232781839168964,52.32781839168964,6.065714285714307,0.11210551106924237
2008-03-17,-1,930,959,128.37,127.91000000000001,128.38,127.9,eod,0.45999999999999375,0.0035831126343666754,35.83112634366675,6.374285714285719,0.07216494845360721
2008-03-18,1,930,959,132.41,133.31,132.4,133.32,eod,0.9000000000000057,0.006797583081571039,67.9758308157104,6.489999999999995,0.1386748844375973
2008-03-24,1,930,959,134.81,134.76000000000002,134.8,134.77,eod,-0.04999999999998295,-0.00037091988130551147,-3.7091988130551146,7.3514285714285705,-0.006801399144964646
2008-03-26,-1,930,959,133.76000000000002,133.84,133.77,133.83,eod,-0.07999999999998408,-0.000598041414367826,-5.98041414367826,6.987142857142857,-0.011449601308523587
2008-03-31,1,930,959,132.01,131.93,132.0,131.94,eod,-0.07999999999998408,-0.0006060606060604855,-6.060606060604855,6.588571428571441,-0.012142237640934247
2008-04-01,1,930,959,136.32999999999998,136.8,136.32,136.81,eod,0.4700000000000273,0.0034477699530518434,34.477699530518436,6.498571428571438,0.07232358760167479
2008-04-07,1,930,959,137.26999999999998,137.04000000000002,137.26,137.05,eod,-0.22999999999996135,-0.0016756520472093936,-16.756520472093936,5.6142857142857,-0.040966921119586094
2008-04-08,-1,930,959,136.39000000000001,136.47,136.4,136.46,eod,-0.07999999999998408,-0.0005865102639295021,-5.865102639295021,5.430000000000007,-0.014732965009205153
2008-04-09,-1,930,959,135.15,135.39999999999998,135.16,135.39,eod,-0.24999999999997158,-0.0018496596626218673,-18.496596626218672,4.804285714285726,-0.05203687184061245
2008-04-11,-1,930,959,133.62,133.29,133.63,133.28,eod,0.3300000000000125,0.00246950535059502,24.6950535059502,4.168571428571454,0.07916381082933768
2008-04-15,1,930,959,133.19,133.49,133.18,133.5,eod,0.30000000000001137,0.002252590479050994,22.525904790509937,4.0442857142857065,0.07417873542917992
2008-04-16,1,930,959,136.09,136.21,136.08,136.22,eod,0.12000000000000455,0.0008818342151675818,8.818342151675818,4.02000000000001,0.02985074626865777
2008-04-18,1,930,959,138.59,138.92000000000002,138.58,138.93,eod,0.3300000000000125,0.0023812960023092255,23.812960023092256,3.9785714285714278,0.08294434470377336
2008-04-21,-1,930,959,138.70000000000002,138.79999999999998,138.71,138.79,eod,-0.0999999999999659,-0.0007209285559798565,-7.209285559798564,4.194285714285712,-0.023841961852852915
2008-04-22,-1,930,959,137.39000000000001,137.7,137.4,137.69,eod,-0.30999999999997385,-0.002256186317321498,-22.56186317321498,3.635714285714272,-0.0852652259331955
2008-04-29,-1,930,959,139.17000000000002,139.07999999999998,139.18,139.07,eod,0.09000000000003183,0.000646644632849776,6.46644632849776,3.7857142857142776,0.023773584905668835
2008-05-01,1,930,959,140.72,140.93,140.71,140.94,eod,0.21000000000000796,0.001492431241560713,14.924312415607131,3.7299999999999898,0.05630026809651703
2008-05-02,1,930,959,141.16,141.33,141.15,141.34,eod,0.17000000000001592,0.0012043924902587029,12.043924902587028,3.704285714285703,0.045892788276132475
2008-05-08,1,930,959,139.51999999999998,139.83,139.51,139.84,eod,0.3100000000000307,0.0022220629345568827,22.220629345568828,3.9785714285714278,0.07791741472173125
2008-05-09,-1,930,959,139.18,138.94,139.19,138.93,eod,0.2400000000000091,0.0017242618004167619,17.242618004167618,3.719999999999999,0.06451612903226053
2008-05-14,1,930,959,141.51,140.95000000000002,141.5,140.96,eod,-0.5599999999999739,-0.0039575971731446915,-39.57597173144691,3.6828571428571593,-0.15205585725367726
2008-05-15,1,930,959,142.06,142.54000000000002,142.05,142.55,eod,0.4800000000000182,0.003379091869060318,33.79091869060318,3.564285714285745,0.13466933867735864
2008-05-19,1,930,959,143.10999999999999,142.82000000000002,143.1,142.83,eod,-0.2899999999999636,-0.0020265548567432816,-20.265548567432816,3.5942857142856894,-0.0806836248012623
2008-05-20,-1,930,959,141.51000000000002,141.64999999999998,141.52,141.64,eod,-0.13999999999995794,-0.0009892594686260452,-9.892594686260452,3.710000000000008,-0.03773584905659236
2008-05-23,-1,930,959,138.13,137.88,138.14,137.87,eod,0.25,0.001809758216302302,18.09758216302302,3.6128571428571377,0.06919731119019386
2008-05-27,1,930,959,138.76,138.73000000000002,138.75,138.74,eod,-0.029999999999972715,-0.00021621621621601957,-2.162162162160196,3.695714285714274,-0.008117510630066088
2008-05-30,1,930,959,140.5,140.10000000000002,140.49,140.11,eod,-0.39999999999997726,-0.0028471777350699496,-28.471777350699497,3.5300000000000296,-0.1133144475920606
2008-06-02,-1,930,959,138.65,138.84,138.66,138.83,eod,-0.18999999999999773,-0.0013702581854896706,-13.702581854896705,3.412857142857149,-0.05567182921724494
2008-06-05,1,930,959,140.41,140.63,140.4,140.64,eod,0.21999999999999886,0.0015669515669515589,15.669515669515588,3.6185714285714425,0.06079747335175626
2008-06-06,-1,930,959,137.09,136.39,137.1,136.38,eod,0.700000000000017,0.005105762217359716,51.05762217359716,3.7700000000000102,0.18567639257294832
2008-06-11,-1,930,959,134.62,133.97,134.63,133.96,eod,0.6500000000000057,0.0048280472405853505,48.2804724058535,4.195714285714303,0.15491998638066126
2008-06-13,1,930,959,135.56,136.39000000000001,135.55,136.4,eod,0.8300000000000125,0.0061232017705644595,61.232017705644594,4.2442857142857235,0.19555705149781472
2008-06-18,-1,930,959,134.63,134.34,134.64,134.33,eod,0.28999999999999204,0.002153891859774154,21.53891859774154,4.195714285714274,0.06911814776983145
2008-06-20,-1,930,959,131.61,131.6,131.62,131.59,eod,0.010000000000019327,7.597629539598333e-05,0.7597629539598333,4.324285714285736,0.002312520647510239
2008-06-24,-1,930,959,131.28,131.25,131.29,131.24,eod,0.030000000000001137,0.00022850178993069647,2.2850178993069648,4.321428571428555,0.006942148760330867
2008-06-25,1,930,959,132.54999999999998,131.99,132.54,132.0,eod,-0.5599999999999739,-0.004225139580503801,-42.251395805038015,4.409999999999997,-0.12698412698412115
2008-06-26,-1,930,959,128.88,128.22,128.89,128.21,eod,0.6599999999999966,0.005120645511676598,51.20645511676598,4.310000000000002,0.15313225058004554
2008-07-11,-1,930,959,124.1,124.03,124.11,124.02,eod,0.06999999999999318,0.0005640157924421335,5.6401579244213345,5.1485714285714295,0.013596004439510326
2008-07-15,-1,930,959,122.42,121.46000000000001,122.43,121.45,eod,0.9599999999999937,0.007841215388385149,78.41215388385149,5.448571428571427,0.1761929732564226
2008-07-16,1,930,959,123.98,124.46,123.97,124.47,eod,0.47999999999998977,0.003871904493022423,38.71904493022423,5.622857142857143,0.08536585365853477
2008-07-17,1,930,959,125.55000000000001,125.89999999999999,125.54,125.91,eod,0.3499999999999801,0.0027879560299504547,27.879560299504547,5.800000000000011,0.060344827586203346
2008-07-24,-1,930,959,125.67,125.44000000000001,125.68,125.43,eod,0.22999999999998977,0.0018300445576065385,18.300445576065385,5.335714285714289,0.04310575635876646
2008-07-29,1,930,959,125.95,126.25999999999999,125.94,126.27,eod,0.30999999999998806,0.0024614895982212805,24.614895982212804,5.127142857142843,0.06046252438004799
2008-07-30,1,930,959,127.92,128.44,127.91,128.45,eod,0.519999999999996,0.004065358455163756,40.653584551637564,5.028571428571425,0.10340909090909019
2008-07-31,-1,930,959,127.67,126.85000000000001,127.68,126.84,eod,0.8199999999999932,0.0064223057644109734,64.22305764410973,5.017142857142858,0.16343963553530613
2008-08-01,-1,930,959,126.19999999999999,126.12,126.21,126.11,eod,0.07999999999998408,0.0006338641945961817,6.338641945961816,4.817142857142855,0.016607354685643203
2008-08-04,-1,930,959,125.21,124.92,125.22,124.91,eod,0.28999999999999204,0.0023159239738060377,23.159239738060375,4.624285714285719,0.06271238801359105
2008-08-05,1,930,959,127.83,128.41,127.82,128.42,eod,0.5799999999999983,0.004537631043655127,45.376310436551265,4.325714285714284,0.1340819022457064
2008-08-07,-1,930,959,127.27,126.89,127.28,126.88,eod,0.37999999999999545,0.002985543683218066,29.85543683218066,4.298571428571421,0.08840146227982629
2008-08-08,1,930,959,129.60999999999999,129.61,129.6,129.62,eod,2.842170943040401e-14,2.1930331350620377e-16,2.1930331350620376e-12,4.491428571428571,6.327988740866033e-15
2008-08-12,-1,930,959,129.16,129.26,129.17,129.25,eod,-0.09999999999999432,-0.000774173569714286,-7.74173569714286,4.652857142857158,-0.02149217070924034
2008-08-15,1,930,959,130.07999999999998,130.04000000000002,130.07,130.05,eod,-0.03999999999996362,-0.00030752671638320614,-3.0752671638320614,4.7071428571428555,-0.008497723823967995
2008-08-18,-1,930,959,128.08,128.26,128.09,128.25,eod,-0.1799999999999784,-0.0014052619252086689,-14.05261925208669,4.501428571428562,-0.03998730561725965
2008-08-19,-1,930,959,126.91,127.03,126.92,127.02,eod,-0.12000000000000455,-0.0009454774661204267,-9.454774661204267,4.51428571428572,-0.026582278481013636
2008-08-22,1,930,959,129.22,129.51000000000002,129.21,129.52,eod,0.29000000000002046,0.0022444083275289873,22.444083275289874,4.401428571428568,0.06588769879909591
2008-08-25,-1,930,959,127.03999999999999,127.09,127.05,127.08,eod,-0.05000000000001137,-0.0003935458480913921,-3.9354584809139213,4.468571428571423,-0.011189258312023019
2008-08-28,1,930,959,130.10999999999999,130.29000000000002,130.1,130.3,eod,0.18000000000003524,0.0013835511145275576,13.835511145275575,4.162857142857135,0.043239533287585764
2008-08-29,-1,930,959,128.88,128.7,128.89,128.69,eod,0.18000000000000682,0.0013965396850027685,13.965396850027686,3.914285714285711,0.045985401459855794
2008-09-04,-1,930,959,124.66,124.09,124.67,124.08,eod,0.5699999999999932,0.004572070265500868,45.72070265500868,3.9557142857143077,0.14409534127843734
2008-09-08,1,930,959,126.64,127.24,126.63,127.25,eod,0.5999999999999943,0.004738213693437529,47.382136934375296,4.3799999999999955,0.13698630136986187
2008-09-10,1,930,959,124.39,123.58999999999999,124.38,123.6,eod,-0.8000000000000114,-0.006431902235086119,-64.31902235086119,4.921428571428578,-0.1625544267053722
2008-09-15,-1,930,959,120.78999999999999,120.35000000000001,120.8,120.34,eod,0.4399999999999835,0.0036423841059601285,36.42384105960129,5.391428571428577,0.08161102278749023
2008-09-17,-1,930,959,118.71,116.31,118.72,116.3,eod,2.3999999999999915,0.020215633423180522,202.15633423180523,6.3114285714285785,0.3802625622453581
2008-09-18,1,930,959,120.27000000000001,120.58,120.26,120.59,eod,0.30999999999998806,0.0025777482122067855,25.777482122067855,6.932857142857145,0.04471460951988287
2008-09-19,1,930,934,124.33,116.52428571428571,124.32,116.5442857142857,stop,-7.805714285714288,-0.06278727707299138,-627.8727707299138,7.775714285714287,-1.0038581664523243
2008-09-22,-1,930,959,121.11,120.61,121.12,120.6,eod,0.5,0.004128137384412153,41.281373844121525,9.194285714285712,0.05438160348042263
2008-09-25,1,930,959,121.53,121.0,121.52,121.01,eod,-0.5300000000000011,-0.0043614219881501085,-43.614219881501086,9.477142857142866,-0.05592402773590601
2008-09-26,-1,930,959,120.49,121.37,120.5,121.36,eod,-0.8800000000000097,-0.007302904564315433,-73.02904564315433,9.561428571428593,-0.09203645599880553
2008-09-29,-1,930,959,111.32,112.84,111.33,112.83,eod,-1.5200000000000102,-0.013653103386329024,-136.53103386329025,9.42285714285714,-0.16130988477865488
2008-10-01,-1,930,959,115.89,116.0,115.9,115.99,eod,-0.10999999999999943,-0.0009490940465918846,-9.490940465918845,10.832857142857137,-0.01015429249637342
2008-10-02,-1,930,959,111.58,111.31,111.59,111.3,eod,0.269999999999996,0.002419571646204821,24.19571646204821,10.671428571428578,0.02530120481927672
2008-10-06,-1,930,959,104.85,106.28,104.86,106.27,eod,-1.4300000000000068,-0.013637230593171913,-136.37230593171913,10.991428571428571,-0.1301013776969073
2008-10-08,1,930,959,101.52000000000001,98.39,101.51,98.4,eod,-3.1300000000000097,-0.03083440055166988,-308.3440055166988,11.954285714285717,-0.26183078393881526
2008-10-10,-1,930,959,90.67999999999999,90.47,90.69,90.46,eod,0.20999999999999375,0.0023155805491233187,23.15580549123319,11.348571428571418,0.01850453172205385
2008-10-13,1,930,959,97.75,100.85,97.74,100.86,eod,3.0999999999999943,0.03171679967260072,317.16799672600723,12.149999999999991,0.2551440329218104
2008-10-15,-1,930,959,93.36,90.72,93.37,90.71,eod,2.6400000000000006,0.02827460640462676,282.7460640462676,14.082857142857137,0.18746195982958017
2008-10-16,1,930,959,93.08,94.39999999999999,93.07,94.41,eod,1.3199999999999932,0.01418287310626403,141.8287310626403,14.934285714285707,0.08838722020279277
2008-10-20,1,930,959,97.01,98.46,97.0,98.47,eod,1.4499999999999886,0.014948453608247305,149.48453608247306,15.179999999999993,0.09552042160737742
2008-10-21,-1,930,959,96.61,95.51,96.62,95.5,eod,1.0999999999999943,0.01138480645829015,113.8480645829015,14.934285714285707,0.07365601683566064
2008-10-22,-1,930,959,89.75,89.89,89.76,89.88,eod,-0.14000000000000057,-0.001559714795008919,-15.59714795008919,15.019999999999996,-0.009320905459387524
2008-10-24,-1,930,959,89.19,87.64,89.2,87.63,eod,1.5499999999999972,0.017376681614349743,173.76681614349744,15.61999999999999,0.09923175416133151
2008-10-28,1,930,959,91.05000000000001,93.99,91.04,94.0,eod,2.9399999999999835,0.03229349736379595,322.9349736379595,14.924285714285716,0.19699435244567706
2008-10-30,1,930,959,94.95,95.46,94.94,95.47,eod,0.5099999999999909,0.0053718137771222975,53.71813777122298,14.864285714285714,0.03431042767899987
2008-11-04,1,930,959,99.46000000000001,100.39,99.45,100.4,eod,0.9299999999999926,0.00935143288084457,93.51432880844571,12.032857142857154,0.07728837706280355
2008-11-05,-1,930,959,96.52,95.45,96.53,95.44,eod,1.0699999999999932,0.011084636900445387,110.84636900445386,11.281428571428563,0.09484614410535593
2008-11-06,-1,930,959,90.66,90.66000000000001,90.67,90.65,eod,-1.4210854715202004e-14,-1.567316059909783e-16,-1.567316059909783e-12,10.921428571428564,-1.3011900981872346e-15
2008-11-07,1,930,959,91.54,93.19999999999999,91.53,93.21,eod,1.6599999999999824,0.018136130230525318,181.3613023052532,10.698571428571427,0.15516090265722898
2008-11-11,-1,930,959,90.39999999999999,90.11,90.41,90.1,eod,0.28999999999999204,0.0032076097776793724,32.07609777679372,10.642857142857153,0.027248322147650234
2008-11-12,-1,930,959,85.72999999999999,85.69000000000001,85.74,85.68,eod,0.03999999999997783,0.00046652670865381194,4.66526708653812,9.934285714285721,0.004026459591599721
2008-11-14,-1,930,959,90.57,87.56,90.58,87.55,eod,3.009999999999991,0.03323029366306018,332.3029366306018,10.049999999999997,0.2995024875621882
2008-11-19,-1,930,959,82.72999999999999,81.14,82.74,81.13,eod,1.5899999999999892,0.019216823785351576,192.16823785351576,9.014285714285705,0.17638668779714636
2008-11-20,-1,930,959,77.72,75.76,77.73,75.75,eod,1.9599999999999937,0.025215489514987696,252.15489514987695,9.275714285714272,0.21130448174957608
2008-11-21,1,930,959,77.89,80.35,77.88,80.36,eod,2.4599999999999937,0.03158705701078575,315.8705701078575,9.732857142857128,0.2527520915896078
2008-11-24,1,930,959,86.05000000000001,84.92999999999999,86.04,84.94,eod,-1.1200000000000188,-0.013017201301720347,-130.17201301720348,10.441428571428574,-0.10726501573402832
2008-11-25,1,930,959,85.77000000000001,86.03999999999999,85.76,86.05,eod,0.2699999999999818,0.003148320895522176,31.48320895522176,10.792857142857144,0.02501654533421406
2008-12-01,-1,930,959,83.88,82.10000000000001,83.89,82.09,eod,1.779999999999987,0.021218262009774547,212.18262009774548,10.271428571428572,0.17329624478442152
2008-12-08,1,930,959,92.11,91.24,92.1,91.25,eod,-0.8700000000000045,-0.009446254071661287,-94.46254071661288,10.120000000000005,-0.08596837944664072
2008-12-09,-1,930,959,89.24,89.41000000000001,89.25,89.4,eod,-0.17000000000001592,-0.001904761904762083,-19.04761904762083,10.254285714285714,-0.016578434104208853
2008-12-15,-1,930,959,86.57,87.51,86.58,87.5,eod,-0.9400000000000119,-0.010857010857010995,-108.57010857010995,8.665714285714287,-0.10847345862182793
2008-12-16,1,930,959,91.46000000000001,91.83,91.45,91.84,eod,0.36999999999999034,0.004045926735921163,40.45926735921162,8.107142857142861,0.04563876651982257
2008-12-17,-1,930,959,91.36,91.02000000000001,91.37,91.01,eod,0.3399999999999892,0.0037211338513734177,37.21133851373418,8.245714285714271,0.04123354123354
2008-12-22,-1,930,959,85.61999999999999,86.96000000000001,85.63,86.95,eod,-1.3400000000000176,-0.015648721242555386,-156.48721242555385,7.332857142857151,-0.18273913890512591
2008-12-26,1,930,959,87.209,87.11999999999999,87.199,87.13,eod,-0.08900000000001285,-0.0010206539065816449,-10.206539065816449,6.443285714285722,-0.013812828414963289
2008-12-30,1,930,959,88.16000000000001,88.89,88.15,88.9,eod,0.7299999999999898,0.008281338627339645,82.81338627339645,5.2928571428571445,0.13792172739540964
2008-12-31,1,930,959,90.59,90.22999999999999,90.58,90.24,eod,-0.36000000000001364,-0.003974387281960848,-39.743872819608484,5.151428571428568,-0.06988352745424563
2009-01-05,-1,930,959,92.22999999999999,92.81,92.24,92.8,eod,-0.5800000000000125,-0.006287944492628063,-62.87944492628063,5.108571428571437,-0.11353467561521478
2009-01-06,1,930,959,93.29,93.42999999999999,93.28,93.44,eod,0.13999999999998636,0.0015008576329329584,15.008576329329584,4.822857142857146,0.029028436018954502
2009-01-07,-1,930,959,90.63,90.71000000000001,90.64,90.7,eod,-0.0800000000000125,-0.0008826125330981079,-8.82612533098108,4.667142857142849,-0.017141108050201668
2009-01-09,-1,930,959,89.58,89.02000000000001,89.59,89.01,eod,0.5599999999999881,0.006250697622502378,62.506976225023784,4.358571428571423,0.12848246476564804
2009-01-12,-1,930,959,86.82,87.01,86.83,87.0,eod,-0.19000000000001194,-0.0021881838074399623,-21.881838074399624,4.232857142857142,-0.04488693891326641
2009-01-14,-1,930,959,84.08999999999999,84.36,84.1,84.35,eod,-0.27000000000001023,-0.003210463733650538,-32.104637336505384,4.052857142857135,-0.06661966866408442
2009-01-16,1,930,959,84.77000000000001,84.97,84.76,84.98,eod,0.19999999999998863,0.002359603586597317,23.59603586597317,4.615714285714276,0.04333023831630837
2009-01-20,-1,930,959,81.13,80.63000000000001,81.14,80.62,eod,0.4999999999999858,0.006162188809464947,61.62188809464947,4.9310857142857145,0.10139754791758118
2009-01-21,1,930,959,83.06,84.03,83.05,84.04,eod,0.9699999999999989,0.011679711017459349,116.79711017459348,5.318228571428563,0.182391558950886
2009-01-22,-1,930,959,82.6,82.79,82.61,82.78,eod,-0.19000000000001194,-0.0022999636847840688,-22.999636847840687,5.548228571428567,-0.03424516447978466
2009-01-26,1,930,959,84.18,83.69,84.17,83.7,eod,-0.4900000000000091,-0.005821551621718059,-58.21551621718059,5.633942857142856,-0.08697283810374021
2009-01-27,1,930,959,84.95,84.57,84.94,84.58,eod,-0.38000000000000966,-0.004473746173769833,-44.73746173769833,5.745371428571431,-0.06614019732654526
2009-01-28,1,930,959,86.71000000000001,87.42,86.7,87.43,eod,0.7099999999999937,0.008189158016147563,81.89158016147563,5.7196571428571445,0.12413331468419572
2009-01-29,-1,930,959,85.02,84.58,85.03,84.57,eod,0.4399999999999977,0.005174644243208253,51.74644243208253,5.748228571428584,0.07654532079448023
2009-01-30,-1,930,959,82.52,82.7,82.53,82.69,eod,-0.18000000000000682,-0.002181025081788523,-21.81025081788523,5.948228571428572,-0.03026111015044209
2009-02-06,1,930,959,86.78,86.94999999999999,86.77,86.96,eod,0.1699999999999875,0.0019592024893394897,19.592024893394896,5.791085714285714,0.029355462582883855
2009-02-10,-1,930,959,82.8488,82.97,82.8588,82.96,eod,-0.12120000000000175,-0.0014627293661023542,-14.627293661023542,5.324057142857143,-0.022764594133368007
2009-02-11,1,930,959,83.58,83.66,83.57,83.67,eod,0.0799999999999983,0.0009572813210482027,9.572813210482026,5.457000000000008,0.014660069635330434
2009-02-12,-1,930,959,82.78,83.7,82.79,83.69,eod,-0.9200000000000017,-0.011112453194830313,-111.12453194830313,5.3126142857142895,-0.17317274519136414
2009-02-17,-1,930,959,79.44,79.23,79.45,79.22,eod,0.20999999999999375,0.0026431718061673223,26.431718061673223,5.038428571428568,0.04167966202614072
2009-02-20,-1,930,959,77.07,77.42,77.08,77.41,eod,-0.3500000000000085,-0.00454073689673078,-45.4073689673078,4.974142857142866,-0.0703638817886802
2009-02-24,1,930,959,77.68,77.55999999999999,77.67,77.57,eod,-0.12000000000001876,-0.0015449980687526556,-15.449980687526557,5.154142857142858,-0.023282241747280445
2009-02-27,-1,930,959,74.16,73.98,74.17,73.97,eod,0.1799999999999926,0.0024268572199001295,24.268572199001294,5.310571428571436,0.03389465755635516
2009-03-02,-1,930,959,70.91,70.59,70.92,70.58,eod,0.3199999999999932,0.004512126339537411,45.121263395374115,5.186885714285708,0.06169405258316179
2009-03-04,1,930,959,72.84,71.72,72.83,71.73,eod,-1.1200000000000045,-0.015378278182067892,-153.78278182067893,5.11888571428571,-0.21879761778512172
2009-03-05,-1,930,959,68.83999999999999,68.78,68.85,68.77,eod,0.05999999999998806,0.0008714596949889335,8.714596949889335,5.297457142857141,0.011326188845319765
2009-03-10,1,930,959,72.11,72.22,72.1,72.23,eod,0.10999999999999943,0.0015256588072121975,15.256588072121975,5.474599999999995,0.020092792167464204
2009-03-11,1,930,959,72.97,72.58999999999999,72.96,72.6,eod,-0.38000000000000966,-0.005208333333333467,-52.083333333334664,5.861742857142858,-0.06482713576167175
2009-03-13,1,930,959,76.23,76.08999999999999,76.22,76.1,eod,-0.14000000000001478,-0.0018367882445554289,-18.36788244555429,6.0146000000000015,-0.023276693379445806
2009-03-16,1,930,959,76.47,75.92,76.46,75.93,eod,-0.5499999999999972,-0.007193303688202945,-71.93303688202946,5.810314285714284,-0.09465925128220212
2009-03-19,-1,930,959,79.08999999999999,78.9,79.1,78.89,eod,0.18999999999998352,0.0024020227560048488,24.020227560048486,5.795314285714298,0.032785107180182065
2009-03-20,-1,930,959,77.16,76.72,77.17,76.71,eod,0.4399999999999977,0.005701697550861704,57.01697550861704,5.877142857142871,0.07486631016042723
2009-03-23,1,930,959,81.16000000000001,82.25999999999999,81.15,82.27,eod,1.09999999999998,0.013555144793591867,135.55144793591867,5.681571428571445,0.19360840813657787
2009-03-24,-1,930,959,81.33,80.62,81.34,80.61,eod,0.7099999999999937,0.008728792721907963,87.28792721907963,6.191571428571436,0.11467201956576799
2009-03-26,1,930,959,82.88000000000001,83.16,82.87,83.17,eod,0.2799999999999869,0.0033787860504402908,33.78786050440291,6.063000000000002,0.04618175820550665
2009-03-27,-1,930,959,81.78999999999999,81.63000000000001,81.8,81.62,eod,0.15999999999998238,0.0019559902200486845,19.559902200486846,5.864428571428576,0.027283135611796933
2009-03-30,-1,930,959,78.42,78.81,78.43,78.8,eod,-0.39000000000000057,-0.004972587020272861,-49.725870202728615,5.805657142857143,-0.06717585803009882
2009-03-31,1,930,959,80.83,79.49,80.82,79.5,eod,-1.3400000000000034,-0.016580054441969853,-165.80054441969853,5.71442857142857,-0.2344941376465595
2009-04-02,1,930,959,83.91000000000001,83.39999999999999,83.9,83.41,eod,-0.5100000000000193,-0.006078665077473413,-60.78665077473413,5.65728571428572,-0.09014923865559282
2009-04-06,-1,930,959,83.08999999999999,83.52000000000001,83.1,83.51,eod,-0.43000000000002103,-0.005174488567990626,-51.74488567990626,5.778714285714287,-0.07441101579689369
2009-04-07,-1,930,959,81.86,81.57000000000001,81.87,81.56,eod,0.28999999999999204,0.0035422010504457314,35.42201050445731,5.6615714285714205,0.051222527819130156
2009-04-08,1,930,959,81.96000000000001,82.53,81.95,82.54,eod,0.5699999999999932,0.006955460646735731,69.55460646735732,5.3901428571428625,0.10574858869364577
2009-04-09,1,930,959,85.35000000000001,85.80999999999999,85.34,85.82,eod,0.45999999999997954,0.005390203890320829,53.902038903208286,5.250142857142862,0.08761666349214589
2009-04-14,-1,930,959,84.61,84.32000000000001,84.62,84.31,eod,0.28999999999999204,0.003427085795320161,34.27085795320161,4.875714285714281,0.05947846469381618
2009-04-20,-1,930,959,83.52,83.42,83.53,83.41,eod,0.09999999999999432,0.0011971746677839617,11.971746677839617,4.6028571428571325,0.02172563625077473
2009-04-24,1,930,959,87.03,86.64,87.02,86.65,eod,-0.39000000000000057,-0.004481728338313038,-44.81728338313038,4.2728571428571485,-0.0912738214643932
2009-04-27,-1,930,959,85.78,85.86,85.79,85.85,eod,-0.0799999999999983,-0.0009325096165054003,-9.325096165054003,4.33142857142856,-0.018469656992084086
2009-04-29,1,930,959,87.27000000000001,87.42999999999999,87.26,87.44,eod,0.15999999999998238,0.0018336007334400913,18.336007334400914,4.217142857142861,0.03794037940378983
2009-05-04,1,930,959,90.21000000000001,90.92,90.2,90.93,eod,0.7099999999999937,0.00787139689578707,78.7139689578707,4.197142857142865,0.1691626957113665
2009-05-05,-1,930,959,90.25999999999999,90.52000000000001,90.27,90.51,eod,-0.2600000000000193,-0.0028802481444557366,-28.802481444557365,4.372857142857143,-0.05945769356419913
2009-05-06,1,930,959,91.55000000000001,92.13,91.54,92.14,eod,0.5799999999999841,0.006336027965916365,63.36027965916365,4.280000000000001,0.13551401869158503
2009-05-08,1,930,959,92.76,93.02,92.75,93.03,eod,0.2599999999999909,0.002803234501347611,28.03234501347611,4.36571428571429,0.059554973821987385
2009-05-11,-1,930,959,91.44999999999999,91.2,91.46,91.19,eod,0.2499999999999858,0.002733435381587424,27.33435381587424,4.165285714285716,0.060019892307161225
2009-05-13,-1,930,959,88.7299,88.71000000000001,88.7399,88.7,eod,0.0198999999999927,0.00022425087249357617,2.2425087249357616,4.057242857142853,0.0049048086842911984
2009-05-18,1,930,959,90.66000000000001,91.24,90.65,91.25,eod,0.5799999999999841,0.006398234969663365,63.982349696633655,4.178571428571431,0.13880341880341493
2009-05-21,-1,930,959,88.50999999999999,89.21000000000001,88.52,89.2,eod,-0.700000000000017,-0.007907817442386094,-79.07817442386094,4.134257142857152,-0.16931699597095035
2009-05-26,1,930,959,91.08,91.30999999999999,91.07,91.32,eod,0.22999999999998977,0.0025255298122322366,25.255298122322365,3.9913999999999987,0.057623891366435295
2009-05-28,1,930,959,90.91000000000001,90.94,90.9,90.95,eod,0.029999999999986926,0.00033003300330018616,3.3003300330018615,4.384257142857152,0.0068426643379855216
2009-06-01,1,930,959,94.84,94.75999999999999,94.83,94.77,eod,-0.0800000000000125,-0.0008436148898029369,-8.43614889802937,4.23129999999999,-0.01890671897525883
2009-06-03,-1,930,959,92.85,93.66000000000001,92.86,93.65,eod,-0.8100000000000165,-0.008722808528968517,-87.22808528968517,5.144257142857143,-0.1574571366683546
2009-06-11,1,930,959,95.5,94.86999999999999,95.49,94.88,eod,-0.6300000000000097,-0.006597549481621214,-65.97549481621213,4.93214285714285,-0.12773352643012525
2009-06-15,-1,930,959,92.72999999999999,92.87,92.74,92.86,eod,-0.14000000000001478,-0.0015095967220187059,-15.09596722018706,4.825714285714284,-0.029011249259920185
2009-06-18,1,930,959,92.42,92.17,92.41,92.18,eod,-0.25,-0.0027053349204631534,-27.053349204631534,4.5775714285714315,-0.05461411228661483
2009-06-22,-1,930,959,89.75999999999999,89.27000000000001,89.77,89.26,eod,0.4899999999999807,0.005458393672718956,54.58393672718956,4.2928571428571445,0.11414309484192557
2009-06-23,1,930,959,89.63000000000001,89.42,89.62,89.43,eod,-0.21000000000000796,-0.002343226958268332,-23.432269582683322,3.5600000000000023,-0.05898876404494602
2009-06-24,1,930,959,89.96000000000001,90.1,89.95,90.11,eod,0.13999999999998636,0.0015564202334628833,15.564202334628833,3.4171428571428635,0.040969899665547774
2009-06-25,1,930,959,91.88000000000001,92.02,91.87,92.03,eod,0.13999999999998636,0.0015238924567321907,15.238924567321908,3.45214285714286,0.04055452100144439
2009-07-01,1,930,959,92.51,92.33,92.5,92.34,eod,-0.18000000000000682,-0.0019459459459460198,-19.4594594594602,3.33642857142857,-0.053949903660888386
2009-07-02,-1,930,959,89.86999999999999,89.83,89.88,89.82,eod,0.03999999999999204,0.00044503782821530977,4.450378282153098,3.2571428571428527,0.012280701754383538
2009-07-06,-1,930,959,89.46,89.91000000000001,89.47,89.9,eod,-0.45000000000001705,-0.005029618866659406,-50.29618866659406,3.4642857142857224,-0.12989690721649946
2009-07-07,-1,930,959,88.52,88.11,88.53,88.1,eod,0.4099999999999966,0.004631198463797544,46.31198463797544,3.2714285714285865,0.12532751091702896
2009-07-09,1,930,959,88.39,88.22,88.38,88.23,eod,-0.1700000000000017,-0.0019235121068115152,-19.235121068115152,3.3314285714285745,-0.051029159519726024
2009-07-10,-1,930,959,87.77,87.95,87.78,87.94,eod,-0.18000000000000682,-0.0020505809979494967,-20.505809979494966,3.2800000000000153,-0.05487804878048963
2009-07-15,1,930,959,93.16000000000001,93.32,93.15,93.33,eod,0.15999999999998238,0.0017176596886739923,17.176596886739922,3.2257142857143037,0.04960141718334236
2009-07-17,-1,930,959,93.92999999999999,94.14,93.94,94.13,eod,-0.21000000000000796,-0.0022354694485842872,-22.354694485842874,3.2742857142857247,-0.0641361256544525
2009-07-20,1,930,959,95.10000000000001,95.11999999999999,95.09,95.13,eod,0.01999999999998181,0.00021032705857589452,2.103270585758945,3.2471428571428618,0.006159260888687746
2009-07-23,1,930,959,97.97,97.67,97.96,97.68,eod,-0.29999999999999716,-0.0030624744793793096,-30.624744793793095,3.1899999999999977,-0.0940438871473346
2009-07-29,-1,930,959,97.3299,97.6683,97.3399,97.6583,eod,-0.33840000000000714,-0.0034764777855741287,-34.764777855741286,3.0315285714285807,-0.11162685491053748
2009-07-30,1,930,959,99.52000000000001,98.69999999999999,99.51,98.71,eod,-0.8200000000000216,-0.008240377851472431,-82.40377851472431,3.0442857142857207,-0.26935710933834534
2009-07-31,1,930,959,99.34,98.82,99.33,98.83,eod,-0.5200000000000102,-0.005235075002516966,-52.35075002516966,3.2015714285714267,-0.16242024006068778
2009-08-03,1,930,959,100.36,100.38,100.35,100.39,eod,0.01999999999999602,0.00019930244145486818,1.9930244145486817,2.978814285714293,0.006714080866306911
2009-08-06,-1,930,959,99.94999999999999,99.89,99.96,99.88,eod,0.05999999999998806,0.000600240096038296,6.00240096038296,2.7723857142857184,0.021642010233574788
2009-08-07,1,930,959,101.51,101.17999999999999,101.5,101.19,eod,-0.3300000000000125,-0.003251231527093719,-32.512315270937194,2.8894285714285672,-0.11420943340255567
2009-08-10,-1,930,959,100.69,100.97,100.7,100.96,eod,-0.28000000000000114,-0.0027805362462760786,-27.805362462760787,3.0209571428571422,-0.0926858564220426
2009-08-11,-1,930,959,99.97999999999999,99.67,99.99,99.66,eod,0.30999999999998806,0.0031003100310029812,31.00310031002981,2.9652428571428686,0.10454455669735112
2009-08-12,1,930,959,101.42,100.77,101.41,100.78,eod,-0.6500000000000057,-0.006409624297406624,-64.09624297406624,2.9923857142857173,-0.21721798660409683
2009-08-14,-1,930,959,99.99,100.74000000000001,100.0,100.73,eod,-0.7500000000000142,-0.007500000000000142,-75.00000000000142,2.90381428571429,-0.2582809801886234
2009-08-17,-1,930,959,98.35,98.24000000000001,98.36,98.23,eod,0.10999999999998522,0.0011183407889384426,11.183407889384426,3.0338142857142856,0.036257987352079024
2009-08-18,1,930,959,99.27000000000001,99.17999999999999,99.26,99.19,eod,-0.09000000000001762,-0.0009067096514206893,-9.067096514206893,3.210242857142859,-0.028035262129706386
2009-08-20,1,930,959,101.04,101.00999999999999,101.03,101.02,eod,-0.030000000000015348,-0.00029694150252415467,-2.9694150252415468,3.209228571428568,-0.009348040917715324
2009-08-21,1,930,959,103.04,102.91,103.03,102.92,eod,-0.13000000000000966,-0.001261768416966026,-12.617684169660262,3.2385714285714187,-0.04014115571239834
2009-08-25,1,930,959,103.36,103.14999999999999,103.35,103.16,eod,-0.21000000000000796,-0.0020319303338172034,-20.319303338172034,3.3499999999999943,-0.06268656716418158
2009-08-31,-1,930,959,102.14999999999999,102.49000000000001,102.16,102.48,eod,-0.3400000000000176,-0.00332811276429148,-33.281127642914804,3.3335714285714317,-0.10199271480609047
2009-09-03,1,930,959,100.21000000000001,100.64999999999999,100.2,100.66,eod,0.4399999999999835,0.0043912175648700945,43.912175648700945,3.4549999999999983,0.12735166425469863
2009-09-08,1,930,959,102.92,102.89,102.91,102.9,eod,-0.030000000000001137,-0.00029151685939171254,-2.9151685939171252,3.2085714285714175,-0.009349955476402879
2009-09-09,1,930,959,103.58,103.75,103.57,103.76,eod,0.1700000000000017,0.001641401950371746,16.41401950371746,3.175714285714278,0.05353126405758051
2009-09-16,1,930,959,107.17500000000001,107.3,107.165,107.31,eod,0.12499999999998579,0.0011664256053747564,11.664256053747565,3.086428571428584,0.04049988428604012
2009-09-21,-1,930,959,106.57,106.46000000000001,106.58,106.45,eod,0.10999999999998522,0.0010320885719645827,10.320885719645826,2.981428571428566,0.036895064686147484
2009-09-22,1,930,959,107.21000000000001,107.08999999999999,107.2,107.1,eod,-0.12000000000001876,-0.001119402985074802,-11.19402985074802,2.962857142857146,-0.04050144648023772
2009-09-28,1,930,959,106.28,106.3,106.27,106.31,eod,0.01999999999999602,0.0001881998682600548,1.881998682600548,2.8685714285714283,0.006972111553783474
2009-09-30,-1,930,959,105.28999999999999,105.60000000000001,105.3,105.59,eod,-0.3100000000000165,-0.002943969610636434,-29.43969610636434,3.030000000000001,-0.10231023102310771
2009-10-01,-1,930,959,103.47,103.0,103.48,102.99,eod,0.46999999999999886,0.004541940471588702,45.41940471588702,3.068571428571417,0.15316573556797042
2009-10-02,-1,930,959,102.61,102.56,102.62,102.55,eod,0.04999999999999716,0.00048723445722078697,4.8723445722078695,3.289999999999992,0.015197568389056924
2009-10-05,1,930,959,104.17,104.02,104.16,104.03,eod,-0.15000000000000568,-0.0014400921658986722,-14.400921658986721,3.1185714285714283,-0.04809894640403298
2009-10-06,1,930,959,105.59,105.50999999999999,105.58,105.52,eod,-0.0800000000000125,-0.0007577192650124314,-7.577192650124314,3.1785714285714306,-0.025168539325846614
2009-10-08,1,930,959,106.76,106.6,106.75,106.61,eod,-0.1600000000000108,-0.0014988290398127476,-14.988290398127477,3.1414285714285626,-0.05093224192815274
2009-10-09,1,930,959,107.12,107.22999999999999,107.11,107.24,eod,0.10999999999998522,0.001026981607692888,10.26981607692888,3.232857142857142,0.034025629695090445
2009-10-12,1,930,959,107.65,107.72999999999999,107.64,107.74,eod,0.07999999999998408,0.0007432181345223345,7.432181345223345,3.1700000000000017,0.025236593059931874
2009-10-13,-1,930,959,107.55,107.51,107.56,107.5,eod,0.03999999999999204,0.0003718854592784682,3.718854592784682,3.1599999999999966,0.01265822784809876
2009-10-14,1,930,959,109.36,109.3107,109.35,109.3207,eod,-0.04930000000000234,-0.00045084590763605254,-4.508459076360525,3.008571428571429,-0.01638651471984883
2009-10-16,-1,930,959,109.00999999999999,108.9,109.02,108.89,eod,0.10999999999998522,0.0010089891762977915,10.089891762977915,2.951428571428579,0.03727008712487389
2009-10-20,-1,930,959,109.07,109.23,109.08,109.22,eod,-0.1600000000000108,-0.001466813348001566,-14.668133480015658,2.8771428571428572,-0.0556107249255251
2009-10-28,-1,930,959,104.69999999999999,104.43,104.71,104.42,eod,0.2699999999999818,0.0025785502817303203,25.785502817303204,3.0707142857142884,0.08792742498254809
2009-10-29,1,930,959,106.66000000000001,106.63,106.65,106.64,eod,-0.030000000000015348,-0.000281293952180172,-2.81293952180172,3.1690428571428697,-0.009466580716129097
2009-10-30,-1,930,959,103.80999999999999,103.64,103.82,103.63,eod,0.1699999999999875,0.0016374494317086064,16.374494317086064,3.3990428571428595,0.05001407959383153
2009-11-02,1,930,959,103.87,104.35,103.86,104.36,eod,0.47999999999998977,0.004621606008087712,46.21606008087712,3.7347571428571484,0.1285224130083013
2009-11-04,1,930,959,105.79,104.83,105.78,104.84,eod,-0.960000000000008,-0.009075439591605294,-90.75439591605294,3.8233285714285614,-0.2510901122058966
2009-11-05,1,930,959,106.69000000000001,106.85,106.68,106.86,eod,0.15999999999998238,0.0014998125234344053,14.998125234344053,3.934757142857137,0.040663246597171666
2009-11-09,1,930,959,109.34,109.57,109.33,109.58,eod,0.22999999999998977,0.002103722674471689,21.037226744716893,4.019042857142864,0.05722755595681721
2009-11-11,1,930,959,110.03,110.11999999999999,110.02,110.13,eod,0.0899999999999892,0.0008180330848935576,8.180330848935576,4.004042857142849,0.022477281890087006
2009-11-16,1,930,959,110.9,111.19999999999999,110.89,111.21,eod,0.29999999999998295,0.0027053837135898903,27.053837135898902,3.6411857142857116,0.08239074398841359
2009-11-18,-1,930,959,111.08999999999999,111.29,111.1,111.28,eod,-0.20000000000001705,-0.0018001800180019538,-18.00180018001954,3.5828571428571365,-0.05582137161085016
2009-11-19,-1,930,959,109.64,109.81,109.65,109.8,eod,-0.1700000000000017,-0.0015503875968992402,-15.503875968992402,3.357142857142861,-0.05063829787234087
2009-11-20,-1,930,959,109.52,109.53,109.53,109.52,eod,-0.010000000000005116,-9.129918743727852e-05,-0.9129918743727852,3.2208428571428556,-0.0031047773652875177
2009-11-23,1,930,959,110.87,110.89999999999999,110.86,110.91,eod,0.029999999999986926,0.0002706115821755992,2.706115821755992,2.9908428571428516,0.010030617265076203
2009-12-01,1,930,959,111.375,111.24,111.365,111.25,eod,-0.13500000000000512,-0.0012122300543259113,-12.122300543259113,2.9350142857142743,-0.04599636896389112
2009-12-04,1,930,959,111.03,111.01899999999999,111.02,111.029,eod,-0.01100000000000989,-9.908124662231932e-05,-0.9908124662231932,3.0251714285714257,-0.0036361575731278183
2009-12-08,-1,930,959,109.69999999999999,109.65,109.71,109.64,eod,0.04999999999998295,0.00045574696928249887,4.557469692824989,3.0323142857142926,0.016489055977983804
2009-12-10,1,930,959,110.54830000000001,110.64,110.5383,110.65,eod,0.09169999999998879,0.0008295767168482669,8.29576716848267,3.1506142857142834,0.029105435221245833
2009-12-11,1,930,959,111.23,111.19,111.22,111.2,eod,-0.04000000000000625,-0.0003596475454055588,-3.596475454055588,2.9999428571428552,-0.013333587306426977
2009-12-14,1,930,959,111.81,111.86999999999999,111.8,111.88,eod,0.05999999999998806,0.0005366726296957788,5.366726296957788,2.994328571428568,0.0200378811371935
2009-12-15,-1,930,959,111.28999999999999,111.32000000000001,111.3,111.31,eod,-0.030000000000015348,-0.0002695417789758791,-2.695417789758791,2.781471428571436,-0.010785658156274268
2009-12-17,-1,930,959,110.27,110.17,110.28,110.16,eod,0.09999999999999432,0.0009067827348566768,9.067827348566768,2.7783000000000015,0.03599323327214277
2009-12-21,1,930,959,111.24000000000001,111.33,111.23,111.34,eod,0.0899999999999892,0.0008091342263776786,8.091342263776786,2.511428571428567,0.03583617747439849
2009-12-22,1,930,959,111.69000000000001,111.71,111.68,111.72,eod,0.01999999999998181,0.00017908309455571105,1.7908309455571105,2.480000000000004,0.008064516129024911
2009-12-23,1,930,959,111.94500000000001,111.96,111.935,111.97,eod,0.014999999999986358,0.00013400634296677856,1.3400634296677856,2.4092857142857156,0.006225911651343282
2009-12-29,1,930,959,112.86,112.57,112.85,112.58,eod,-0.29000000000000625,-0.002569782897651806,-25.697828976518057,1.9385714285714215,-0.14959469417833834
2010-01-04,1,930,959,113.26,113.30999999999999,113.25,113.32,eod,0.04999999999998295,0.0004415011037526088,4.415011037526088,1.7278571428571468,0.0289375775113584
2010-01-12,-1,930,959,113.55,113.67,113.56,113.66,eod,-0.12000000000000455,-0.001056710109193418,-10.56710109193418,1.8149999999999977,-0.06611570247934143
2010-01-13,1,930,959,114.76,114.63,114.75,114.64,eod,-0.13000000000000966,-0.001132897603485923,-11.328976034859231,1.8207142857142884,-0.07140054923499932
2010-01-15,-1,930,959,113.64999999999999,113.67,113.66,113.66,eod,-0.020000000000010232,-0.00017596339961297054,-1.7596339961297054,1.980714285714285,-0.0100973674720571
2010-01-19,1,930,959,115.07000000000001,115.05,115.06,115.06,eod,-0.020000000000010232,-0.00017382235355475605,-1.7382235355475604,2.112142857142871,-0.009469056476163052
2010-01-20,-1,930,959,113.78,113.9,113.79,113.89,eod,-0.12000000000000455,-0.001054574215660467,-10.545742156604671,2.2478571428571428,-0.05338417540514979
2010-01-22,-1,930,959,109.69,109.23,109.7,109.22,eod,0.45999999999999375,0.004193254329990827,41.93254329990827,2.7948999999999984,0.16458549500876382
2010-01-25,1,930,959,110.10000000000001,109.74,110.09,109.75,eod,-0.36000000000001364,-0.003270051775819908,-32.70051775819908,2.959285714285727,-0.12165097755250227
2010-02-01,1,930,959,108.82000000000001,108.99,108.81,109.0,eod,0.1699999999999875,0.0015623564010659636,15.623564010659637,3.509285714285724,0.048442906574390765
2010-02-04,-1,930,959,106.82,106.48,106.83,106.47,eod,0.3399999999999892,0.0031826266030140337,31.82626603014034,3.5714285714285694,0.09519999999999702
2010-02-05,-1,930,959,106.255,106.76,106.265,106.75,eod,-0.5050000000000097,-0.004752270267727,-47.52270267727,3.9450000000000074,-0.12801013941698575
2010-02-08,-1,930,959,106.32,105.9,106.33,105.89,eod,0.4199999999999875,0.003949967083607519,39.49967083607519,4.032757142857136,0.10414710956346482
2010-02-09,1,930,959,107.60000000000001,107.22999999999999,107.59,107.24,eod,-0.37000000000001876,-0.003438981317966528,-34.38981317966528,4.01858571428572,-0.09207219313120563
2010-02-12,-1,930,959,107.44,108.03,107.45,108.02,eod,-0.5900000000000034,-0.0054909260120986824,-54.90926012098682,3.795728571428569,-0.15543787942085377
2010-02-16,1,930,959,109.51,109.72,109.5,109.73,eod,0.20999999999999375,0.0019178082191780251,19.178082191780252,3.8531428571428563,0.0545009639626263
2010-02-17,1,930,959,110.19000000000001,110.25,110.18,110.26,eod,0.05999999999998806,0.0005445634416408428,5.445634416408428,3.9085857142857066,0.015350821086177217
2010-02-24,1,930,959,110.635,110.80999999999999,110.625,110.82,eod,0.17499999999998295,0.001581920903954648,15.81920903954648,3.250728571428567,0.05383408554565272
2010-02-25,-1,930,959,110.44999999999999,110.72,110.46,110.71,eod,-0.27000000000001023,-0.002444323737099495,-24.44323737099495,3.2935857142857117,-0.08197752341130914
2010-03-01,1,930,959,111.84,111.88499999999999,111.83,111.895,eod,0.044999999999987494,0.0004023964946793123,4.023964946793122,2.8964428571428584,0.01553629821800693
2010-03-02,1,930,959,112.10000000000001,112.16,112.09,112.17,eod,0.05999999999998806,0.0005352841466677497,5.352841466677497,2.847857142857137,0.021068472535737008
2010-03-04,1,930,959,112.55000000000001,112.64,112.54,112.65,eod,0.0899999999999892,0.0007997156566553154,7.997156566553154,2.568571428571431,0.03503893214682557
2010-03-05,1,930,959,114.13000000000001,114.25,114.12,114.26,eod,0.11999999999999034,0.0010515247108306197,10.515247108306196,2.392857142857139,0.05014925373133933
2010-03-10,1,930,959,114.80000000000001,114.97,114.79,114.98,eod,0.1699999999999875,0.0014809652408745316,14.809652408745317,2.2642857142857196,0.0750788643533066
2010-03-16,1,930,959,116.31,116.39999999999999,116.3,116.41,eod,0.0899999999999892,0.000773860705072994,7.73860705072994,2.1391857142857162,0.042072083503063504
2010-03-17,1,930,959,116.87,117.08999999999999,116.86,117.1,eod,0.21999999999998465,0.0018825945575901477,18.82594557590148,2.113571428571433,0.10408921933084754
2010-03-19,-1,930,959,115.83999999999999,115.97,115.85,115.96,eod,-0.13000000000000966,-0.0011221406991800576,-11.221406991800576,1.9535714285714363,-0.06654478976234472
2010-03-24,-1,930,959,116.86,116.83,116.87,116.82,eod,0.030000000000001137,0.0002566954736031585,2.566954736031585,2.1185714285714283,0.014160485502360619
2010-03-25,1,930,959,117.27000000000001,116.63,117.26,116.64,eod,-0.6400000000000148,-0.005457956677468998,-54.57956677468999,2.1357142857143003,-0.29966555183946975
2010-03-29,1,930,959,117.39,117.33,117.38,117.34,eod,-0.060000000000002274,-0.0005111603339581042,-5.111603339581042,2.2343714285714213,-0.026853189775329418
2010-03-31,-1,930,959,117.07,117.0,117.08,116.99,eod,0.06999999999999318,0.000597881790228845,5.9788179022884504,2.2159428571428634,0.03158926222955407
2010-04-01,1,930,959,117.44000000000001,117.8,117.43,117.81,eod,0.3599999999999852,0.003065656135570001,30.65656135570001,2.184514285714286,0.16479635878520862
2010-04-05,1,930,959,118.72,118.77,118.71,118.78,eod,0.04999999999999716,0.00042119450762359665,4.211945076235966,2.2460428571428537,0.02226137397200032
2010-04-07,-1,930,959,118.05999999999999,118.39,118.07,118.38,eod,-0.3300000000000125,-0.0027949521470315283,-27.949521470315283,2.238800000000012,-0.14740039306771965
2010-04-09,1,930,959,119.345,119.53,119.335,119.54,eod,0.18500000000000227,0.0015502576779654106,15.502576779654106,2.412614285714284,0.07668030530012002
2010-04-14,1,930,959,120.96000000000001,121.16,120.95,121.17,eod,0.19999999999998863,0.0016535758577923823,16.535758577923822,2.1590428571428646,0.09263364056823563
2010-04-16,-1,930,959,119.44,119.37,119.45,119.36,eod,0.06999999999999318,0.0005860192549183188,5.860192549183187,2.06172857142856,0.03395209290400946
2010-04-19,1,930,959,119.71000000000001,119.83999999999999,119.7,119.85,eod,0.12999999999998124,0.0010860484544693504,10.860484544693504,2.251728571428572,0.057733423845799006
2010-04-20,1,930,959,120.80000000000001,120.86,120.79,120.87,eod,0.05999999999998806,0.0004967298617434229,4.9672986174342295,2.3245857142857176,0.025811050817037495
2010-04-27,-1,930,959,119.28,118.5,119.29,118.49,eod,0.7800000000000011,0.006538687232794041,65.38687232794041,2.5421571428571355,0.3068260363808028
2010-04-28,1,930,959,119.43,119.32,119.42,119.33,eod,-0.11000000000001364,-0.0009211187405795817,-9.211187405795817,2.763628571428569,-0.03980274380473374
2010-04-29,1,930,959,120.87,120.83,120.86,120.84,eod,-0.04000000000000625,-0.0003309614429919432,-3.309614429919432,2.768342857142855,-0.014449077323207488
2010-04-30,-1,930,959,119.3,118.84,119.31,118.83,eod,0.45999999999999375,0.003855502472550446,38.55502472550446,2.9136285714285606,0.15787873736234484
2010-05-03,1,930,959,120.29,120.38,120.28,120.39,eod,0.0899999999999892,0.0007482540738276454,7.482540738276454,3.1393428571428643,0.028668420142519496
2010-05-04,-1,930,959,117.5,117.56,117.51,117.55,eod,-0.060000000000002274,-0.0005105948429921051,-5.105948429921051,3.2650571428571453,-0.018376401200592227
2010-05-05,-1,930,959,116.67,116.84,116.68,116.83,eod,-0.1700000000000017,-0.0014569763455605218,-14.569763455605218,3.5704000000000065,-0.04761371274927218
2010-05-07,-1,930,959,111.11999999999999,111.31,111.13,111.3,eod,-0.19000000000001194,-0.0017097093494107076,-17.097093494107078,5.094285714285718,-0.03729669097027714
2010-05-10,1,930,959,115.52000000000001,116.14999999999999,115.51,116.16,eod,0.6299999999999812,0.005454073240411923,54.54073240411923,5.508571428571429,0.11436721991700903
2010-05-12,1,930,959,117.36,117.44,117.35,117.45,eod,0.0799999999999983,0.0006817213463996447,6.817213463996447,6.284285714285716,0.012730165946805818
2010-05-13,-1,930,959,116.3,116.01,116.31,116.0,eod,0.28999999999999204,0.0024933367724184682,24.93336772418468,6.247142857142862,0.046421221129657964
2010-05-14,-1,930,959,113.17,113.91000000000001,113.18,113.9,eod,-0.7400000000000091,-0.006538257642693135,-65.38257642693135,6.32714285714286,-0.11695642357191378
2010-05-20,-1,930,959,109.08,107.548,109.09,107.538,eod,1.5319999999999965,0.014043450362086318,140.43450362086318,6.932857142857145,0.22097671543375175
2010-05-24,-1,930,959,108.3701,107.73010000000001,108.3801,107.7201,eod,0.6399999999999864,0.005905143102838864,59.05143102838864,7.519900000000007,0.08510751472758757
2010-05-25,-1,930,959,107.28999999999999,107.81750000000001,107.3,107.8075,eod,-0.5275000000000176,-0.00491612301957146,-49.161230195714595,7.258571428571443,-0.07267270222397394
2010-05-27,1,930,959,109.985,110.77,109.975,110.78,eod,0.7849999999999966,0.007137985905887671,71.3798590588767,6.175714285714278,0.12711080268332137
2010-05-28,-1,930,959,110.25999999999999,109.36,110.27,109.35,eod,0.8999999999999915,0.008161784710256565,81.61784710256565,6.062385714285725,0.1484564068365337
2010-06-01,-1,930,959,108.52,107.53,108.53,107.52,eod,0.9899999999999949,0.009121901778310097,91.21901778310097,5.575714285714284,0.17755572636433428
2010-06-02,1,930,959,109.88000000000001,110.3,109.87,110.31,eod,0.4199999999999875,0.0038226995540182715,38.22699554018271,5.594285714285718,0.07507660878447167
2010-06-03,1,930,959,110.81,110.69999999999999,110.8,110.71,eod,-0.11000000000001364,-0.000992779783393625,-9.92779783393625,5.731528571428569,-0.019192087874840065
2010-06-04,-1,930,959,106.89999999999999,107.02000000000001,106.91,107.01,eod,-0.12000000000001876,-0.0011224394350389931,-11.22439435038993,5.697142857142865,-0.021063189568709385
2010-06-10,1,930,959,108.99000000000001,109.17999999999999,108.98,109.19,eod,0.18999999999998352,0.0017434391631490503,17.434391631490502,5.662842857142863,0.033552052351289566
2010-06-14,1,930,959,110.03,109.50999999999999,110.02,109.52,eod,-0.5200000000000102,-0.00472641337938566,-47.264133793856594,5.222142857142856,-0.09957598139789556
2010-06-15,1,930,959,111.83,111.97,111.82,111.98,eod,0.14000000000000057,0.0012520121624038686,12.520121624038687,5.204571428571427,0.026899429073342234
2010-06-18,-1,930,959,111.64,111.72,111.65,111.71,eod,-0.0799999999999983,-0.0007165248544558736,-7.165248544558736,4.545000000000002,-0.01760176017601722
2010-06-24,-1,930,959,107.53999999999999,107.45,107.55,107.44,eod,0.0899999999999892,0.0008368200836819079,8.36820083681908,4.316428571428574,0.020850570908486646
2010-06-28,-1,930,959,107.64,107.49000000000001,107.65,107.48,eod,0.14999999999999147,0.0013934045517881232,13.934045517881232,3.928842857142854,0.038179180347537485
2010-06-29,-1,930,959,103.94,104.23,103.95,104.22,eod,-0.29000000000000625,-0.00278980278980285,-27.8980278980285,3.7842857142857156,-0.07663269158173058
2010-07-01,-1,930,959,102.69999999999999,102.80000000000001,102.71,102.79,eod,-0.10000000000002274,-0.0009736150326163251,-9.736150326163251,3.7914285714285683,-0.02637528259231951
2010-07-07,1,930,959,105.65,106.11999999999999,105.64,106.13,eod,0.46999999999998465,0.004449072321090351,44.490723210903504,3.88428571428571,0.12100036778226908
2010-07-08,1,930,959,106.77000000000001,107.14,106.76,107.15,eod,0.36999999999999034,0.003465717497189868,34.65717497189868,4.191428571428574,0.0882753919563712
2010-07-13,1,930,959,109.95,109.64999999999999,109.94,109.66,eod,-0.30000000000001137,-0.002728761142441435,-27.28761142441435,4.0556142857142845,-0.0739715315277263
2010-07-15,-1,930,959,109.03999999999999,109.73,109.05,109.72,eod,-0.6900000000000119,-0.006327372764786904,-63.273727647869045,3.9285714285714306,-0.1756363636363666
2010-07-16,-1,930,959,106.58999999999999,106.67,106.6,106.66,eod,-0.0800000000000125,-0.0007504690431520873,-7.504690431520873,3.92285714285714,-0.020393299344504297
2010-07-19,1,930,959,107.15,107.30999999999999,107.14,107.32,eod,0.15999999999998238,0.0014933731566173453,14.933731566173453,4.14628571428571,0.03858875413450516
2010-07-22,1,930,959,109.76,109.44999999999999,109.75,109.46,eod,-0.3100000000000165,-0.002824601366742747,-28.246013667427473,4.089500000000001,-0.0758038880058727
2010-07-26,1,930,959,111.43,111.57,111.42,111.58,eod,0.13999999999998636,0.0012565069107878868,12.565069107878868,4.135714285714286,0.03385146804835594
2010-08-02,1,930,959,112.86,112.72999999999999,112.85,112.74,eod,-0.13000000000000966,-0.0011519716437750082,-11.519716437750082,3.9385714285714215,-0.03300689154878742
2010-08-03,-1,930,959,112.22,112.21000000000001,112.23,112.2,eod,0.009999999999990905,8.91027354538974e-05,0.891027354538974,4.02704285714286,0.0024832117150811227
2010-08-04,1,930,959,113.04,112.96,113.03,112.97,eod,-0.0800000000000125,-0.00070777669645238,-7.077766964523799,3.97418571428571,-0.020129909810817963
2010-08-05,-1,930,959,112.75,112.85000000000001,112.76,112.84,eod,-0.10000000000000853,-0.0008868393047180606,-8.868393047180605,3.8400000000000034,-0.026041666666668864
2010-08-06,-1,930,959,112.1,112.4,112.11,112.39,eod,-0.30000000000001137,-0.002675943270002777,-26.759432700027773,3.489999999999995,-0.08595988538682287
2010-08-10,-1,930,959,112.5,112.43,112.51,112.42,eod,0.06999999999999318,0.000622166918496073,6.22166918496073,3.3042857142857116,0.02118460873324482
2010-08-11,-1,930,959,109.30499999999999,109.3001,109.315,109.2901,eod,0.004899999999992133,4.482458948901919e-05,0.44824589489019195,3.1906142857142896,0.0015357544225673017
2010-08-12,-1,930,959,108.77499999999999,108.65,108.785,108.64,eod,0.12499999999998579,0.00114905547639827,11.490554763982699,3.256428571428586,0.038385610879574324
2010-08-16,-1,930,959,108.02,108.29,108.03,108.28,eod,-0.27000000000001023,-0.002499305748403316,-24.993057484033162,3.1828714285714312,-0.0848290627061849
2010-08-17,1,930,959,110.10000000000001,109.58999999999999,110.09,109.6,eod,-0.5100000000000193,-0.004632573349078202,-46.32573349078202,3.208585714285718,-0.15894853540278678
2010-08-19,-1,930,959,108.08999999999999,107.93,108.1,107.92,eod,0.15999999999998238,0.0014801110083254615,14.801110083254615,3.2043000000000035,0.04993290266204232
2010-08-20,-1,930,959,107.539,107.55000000000001,107.549,107.54,eod,-0.01100000000000989,-0.00010227896121776948,-1.0227896121776947,3.262442857142858,-0.0033717065651973853
2010-08-24,-1,930,959,106.11,105.59,106.12,105.58,eod,0.519999999999996,0.0049001130795325665,49.001130795325665,3.1396857142857044,0.1656216727788943
2010-08-31,-1,930,959,105.05999999999999,105.41000000000001,105.07,105.4,eod,-0.35000000000002274,-0.0033311125916058127,-33.311125916058124,3.702542857142859,-0.09452962828635755
2010-09-01,1,930,959,108.21000000000001,108.46,108.2,108.47,eod,0.2499999999999858,0.002310536044362161,23.10536044362161,3.453971428571421,0.07238044817973117
2010-09-02,1,930,959,109.23,109.44999999999999,109.22,109.46,eod,0.21999999999998465,0.002014283098333498,20.14283098333498,3.673099999999991,0.05989491165500128
2010-09-03,1,930,959,110.72,110.89999999999999,110.71,110.91,eod,0.1799999999999926,0.001625869388492391,16.25869388492391,3.705385714285711,0.04857793867613355
2010-09-07,-1,930,959,109.78,109.68,109.79,109.67,eod,0.09999999999999432,0.0009108297659166984,9.108297659166984,3.714671428571421,0.026920281355396234
2010-09-08,1,930,959,110.38000000000001,110.38,110.37,110.39,eod,-1.4210854715202004e-14,-1.2875649828034795e-16,-1.2875649828034794e-12,3.6125285714285695,-3.933769500840886e-15
2010-09-09,1,930,959,111.14,110.92,111.13,110.93,eod,-0.21999999999999886,-0.0019796634572122637,-19.796634572122638,3.5711000000000013,-0.06160566772143003
2010-09-10,1,930,959,111.575,111.50999999999999,111.565,111.52,eod,-0.06500000000001194,-0.0005826199973110916,-5.826199973110916,3.424671428571429,-0.018979922995744473
2010-09-13,1,930,959,112.62,112.72999999999999,112.61,112.74,eod,0.10999999999998522,0.0009768226622856337,9.768226622856337,3.3618142857142885,0.032720427320277565
2010-09-17,-1,930,959,112.33999999999999,112.5,112.35,112.49,eod,-0.1600000000000108,-0.0014241210502893707,-14.241210502893708,2.9664285714285796,-0.05393691307488912
2010-09-20,1,930,959,114.21000000000001,114.21,114.2,114.22,eod,-1.4210854715202004e-14,-1.24438307488634e-16,-1.2443830748863402e-12,2.719999999999999,-5.224578939412503e-15
2010-09-23,-1,930,959,112.42,112.5,112.43,112.49,eod,-0.0799999999999983,-0.0007115538557324405,-7.115538557324405,2.491428571428557,-0.03211009174311877
2010-09-24,1,930,959,114.66000000000001,114.78999999999999,114.65,114.8,eod,0.12999999999998124,0.0011338857392061163,11.338857392061163,2.5385714285714442,0.051209904333138045
2010-09-29,-1,930,959,114.30999999999999,114.44000000000001,114.32,114.43,eod,-0.13000000000002387,-0.0011371588523445056,-11.371588523445055,2.7057142857142935,-0.048046462513208266
2010-10-01,1,930,959,114.60000000000001,114.6199,114.59,114.6299,eod,0.0198999999999927,0.00017366262326549175,1.7366262326549176,2.847142857142856,0.006989463120920671
2010-10-04,-1,930,959,113.67,113.75,113.68,113.74,eod,-0.0799999999999983,-0.0007037297677691616,-7.037297677691615,2.8128571428571405,-0.02844083291010607
2010-10-05,1,930,959,116.30000000000001,116.02,116.29,116.03,eod,-0.28000000000001535,-0.00240777366927522,-24.0777366927522,2.8785714285714334,-0.09727047146402502
2010-10-07,-1,930,959,115.77,115.9,115.78,115.89,eod,-0.13000000000000966,-0.001122819139747881,-11.22819139747881,3.0814285714285745,-0.042188224385724005
2010-10-08,1,930,959,116.58,116.53999999999999,116.57,116.55,eod,-0.04000000000000625,-0.0003431414600669662,-3.431414600669662,3.13428571428571,-0.012762078395626443
2010-10-13,1,930,959,118.01,117.88,118.0,117.89,eod,-0.13000000000000966,-0.0011016949152543192,-11.016949152543193,2.9857142857142804,-0.04354066985646264
2010-10-14,-1,930,959,117.07,117.53,117.08,117.52,eod,-0.46000000000000796,-0.003928937478647147,-39.28937478647147,2.9885714285714187,-0.15391969407266093
2010-10-18,1,930,959,118.52990000000001,118.53999999999999,118.5199,118.55,eod,0.010099999999980014,8.521775668035506e-05,0.8521775668035506,2.947042857142847,0.003427164276047192
2010-10-19,-1,930,959,116.10249999999999,116.71650000000001,116.1125,116.7065,eod,-0.6140000000000185,-0.005287975024222358,-52.87975024222358,2.863214285714278,-0.21444430585007565
2010-10-20,1,930,959,118.32000000000001,117.86,118.31,117.87,eod,-0.46000000000000796,-0.0038880906094160084,-38.88090609416008,3.0999999999999943,-0.1483870967741964
2010-10-21,1,930,959,118.11,118.1,118.1,118.11,eod,-0.010000000000005116,-8.467400508048362e-05,-0.8467400508048363,3.038357142857137,-0.0032912523215100236
2010-10-25,1,930,959,119.235,118.67,119.225,118.68,eod,-0.5649999999999977,-0.004738938980918412,-47.389389809184124,2.9740714285714205,-0.18997526238681917
2010-10-27,-1,930,959,118.00999999999999,118.39,118.02,118.38,eod,-0.38000000000000966,-0.003219793255380526,-32.19793255380526,2.8162142857142953,-0.13493291399295196
2010-11-02,1,930,959,119.53,119.46,119.52,119.47,eod,-0.07000000000000739,-0.0005856760374833282,-5.856760374833282,2.8647857142857163,-0.024434637345104416
2010-11-04,1,930,959,122.19500000000001,122.22999999999999,122.185,122.24,eod,0.03499999999998238,0.0002864508736750205,2.864508736750205,2.8654999999999973,0.012214273250735442
2010-11-05,1,930,959,122.42500000000001,122.72999999999999,122.415,122.74,eod,0.3049999999999784,0.002491524731446133,24.91524731446133,2.966071428571425,0.10282962071040826
2010-11-08,-1,930,959,122.53999999999999,122.55000000000001,122.55,122.54,eod,-0.010000000000019327,-8.159934720538006e-05,-0.8159934720538007,2.880499999999998,-0.0034716195105083613
2010-11-11,-1,930,959,121.57,121.66000000000001,121.58,121.65,eod,-0.09000000000001762,-0.0007402533311401351,-7.402533311401351,2.5928571428571416,-0.034710743801659706
2010-11-12,-1,930,959,120.11,120.21000000000001,120.12,120.2,eod,-0.10000000000000853,-0.0008325008325009034,-8.325008325009033,2.7157285714285706,-0.036822531180796515
2010-11-16,-1,930,959,117.80999999999999,118.16000000000001,117.82,118.15,eod,-0.35000000000002274,-0.0029706331692414085,-29.706331692414086,2.8285857142857083,-0.12373674880430727
2010-11-18,1,930,959,120.14,119.96,120.13,119.97,eod,-0.18000000000000682,-0.0014983767585116693,-14.983767585116693,2.8985857142857157,-0.062099250373337106
2010-11-23,-1,930,959,118.3899,118.43,118.3999,118.42,eod,-0.04010000000000957,-0.0003386827184821066,-3.386827184821066,3.034399999999991,-0.013215133139997922
2010-11-24,1,930,959,120.13000000000001,120.17,120.12,120.18,eod,0.03999999999999204,0.00033300033300026676,3.3300033300026675,3.1260857142857077,0.012795554458791226
2010-11-26,-1,931,959,118.78999999999999,118.75,118.8,118.74,eod,0.03999999999999204,0.0003367003367002697,3.367003367002697,3.0614428571428647,0.01306573464425941
2010-11-30,-1,930,959,118.94,118.46000000000001,118.95,118.45,eod,0.47999999999998977,0.004035308953341654,40.353089533416544,3.2993000000000023,0.1454854059952079
2010-12-01,1,930,959,121.06,121.0,121.05,121.01,eod,-0.060000000000002274,-0.0004956629491945665,-4.956629491945665,3.2266571428571353,-0.018595096207486603
2010-12-02,1,930,959,122.54,122.55999999999999,122.53,122.57,eod,0.01999999999998181,0.00016322533257146667,1.6322533257146667,3.411442857142859,0.0058626220158153695
2010-12-07,1,930,959,123.07000000000001,122.82,123.06,122.83,eod,-0.2500000000000142,-0.002031529335283717,-20.31529335283717,3.2171428571428606,-0.0777087033747823
2010-12-08,1,930,959,123.055,123.24,123.045,123.25,eod,0.18499999999998806,0.0015035149741963352,15.035149741963352,3.046428571428578,0.060726846424380476
2010-12-09,1,930,959,123.61,123.78,123.6,123.79,eod,0.1700000000000017,0.0013754045307443504,13.754045307443503,3.0635714285714215,0.05549079039403193
2010-12-10,1,930,959,124.49000000000001,124.5,124.48,124.51,eod,0.009999999999990905,8.03341902312894e-05,0.803341902312894,2.882857142857148,0.003468780971255511
2010-12-13,1,930,959,124.92,124.53999999999999,124.91,124.55,eod,-0.38000000000000966,-0.003042190377071569,-30.42190377071569,2.8614285714285614,-0.13280079880180115
2010-12-17,-1,930,959,124.2601,124.35000000000001,124.2701,124.34,eod,-0.0899000000000143,-0.0007234242186979354,-7.234242186979354,2.411228571428566,-0.037283897953627756
2010-12-20,1,930,959,124.605,124.56009999999999,124.595,124.5701,eod,-0.044900000000012597,-0.00036036759099492433,-3.6036759099492435,2.286428571428573,-0.019637613245866166
2010-12-21,1,930,959,125.33,125.35,125.32,125.36,eod,0.01999999999999602,0.0001595914458984681,1.595914458984681,2.2285714285714278,0.008974358974357192
2010-12-22,1,930,959,125.7,125.77,125.69,125.78,eod,0.06999999999999318,0.0005569257697509203,5.569257697509204,1.9495571428571452,0.035905590280572997
2010-12-29,1,930,959,126.16000000000001,125.92,126.15,125.93,eod,-0.2400000000000091,-0.0019024970273484668,-19.02497027348467,1.637128571428562,-0.14659813785461245
2011-01-03,1,930,959,127.08,127.03999999999999,127.07,127.05,eod,-0.04000000000000625,-0.0003147871252066283,-3.147871252066283,1.4699857142857127,-0.027211148796396863
2011-01-04,-1,930,959,126.865,126.94000000000001,126.875,126.93,eod,-0.07500000000001705,-0.0005911330049262428,-5.911330049262427,1.6235571428571518,-0.04619486313123006
2011-01-06,-1,930,959,127.19999999999999,127.4,127.21,127.39,eod,-0.20000000000001705,-0.0015722034431256745,-15.722034431256745,1.6949857142857212,-0.11799509477535534
2011-01-07,-1,930,959,126.97,127.13000000000001,126.98,127.12,eod,-0.1600000000000108,-0.0012600409513310034,-12.600409513310034,1.636414285714281,-0.0977747514164313
2011-01-11,1,930,959,127.32000000000001,127.42,127.31,127.43,eod,0.09999999999999432,0.000785484251040722,7.85484251040722,1.7350857142857024,0.0576340403108916
2011-01-12,1,930,959,128.35,128.59,128.34,128.6,eod,0.2400000000000091,0.0018700327255727683,18.700327255727682,1.7342857142857042,0.13838550247117573
2011-01-19,-1,930,959,128.125,128.26999999999998,128.135,128.26,eod,-0.1449999999999818,-0.0011316189955904463,-11.316189955904463,1.9685714285714084,-0.07365747460086235
2011-01-20,-1,930,959,127.92,128.1,127.93,128.09,eod,-0.1799999999999926,-0.001407019463769191,-14.07019463769191,2.1378571428571433,-0.08419645840293671
2011-01-21,1,930,959,128.51,128.39000000000001,128.5,128.4,eod,-0.11999999999997613,-0.0009338521400776352,-9.338521400776353,2.2340714285714114,-0.0537135914569709
2011-01-26,1,930,959,129.92999999999998,129.66,129.92,129.67,eod,-0.2699999999999818,-0.0020782019704432097,-20.7820197044321,2.188571428571393,-0.12336814621409291
2011-01-27,1,930,959,130.04999999999998,130.01000000000002,130.04,130.02,eod,-0.03999999999996362,-0.0003075976622574871,-3.0759766225748706,2.134857142857129,-0.018736616702338543
2011-01-31,1,930,959,128.45,128.66,128.44,128.67,eod,0.21000000000000796,0.0016350046714419804,16.350046714419804,2.305714285714288,0.09107806691450152
2011-02-01,1,930,959,130.84,130.74,130.83,130.75,eod,-0.09999999999999432,-0.0007643506840938187,-7.643506840938187,2.3304857142857145,-0.04290950997339366
2011-02-07,1,930,959,131.89,131.97,131.88,131.98,eod,0.0800000000000125,0.0006066120715803193,6.066120715803193,2.491428571428571,0.03211009174312429
2011-02-09,-1,930,959,132.03900000000002,132.28,132.049,132.27,eod,-0.24099999999998545,-0.0018250800839081358,-18.250800839081357,2.4824285714285566,-0.09708235023306142
2011-02-15,-1,930,959,132.89000000000001,133.01999999999998,132.9,133.01,eod,-0.12999999999996703,-0.0009781790820163057,-9.781790820163057,2.469999999999999,-0.052631578947355095
2011-02-16,1,930,959,133.79999999999998,133.82000000000002,133.79,133.83,eod,0.020000000000038654,0.00014948800358800102,1.4948800358800103,2.454999999999984,0.008146639511217427
2011-02-22,-1,930,959,131.54000000000002,131.84,131.55,131.83,eod,-0.29999999999998295,-0.0022805017103761527,-22.80501710376153,2.1524285714285725,-0.13937744740159816
2011-02-23,-1,930,959,131.32000000000002,131.04,131.33,131.03,eod,0.28000000000002956,0.002132033807964894,21.32033807964894,2.2771428571428487,0.12296110414054041
2011-02-25,1,930,959,132.26999999999998,132.31,132.26,132.32,eod,0.040000000000020464,0.0003024345985182252,3.024345985182252,2.517142857142858,0.01589103291714774
2011-02-28,1,930,959,132.91,133.13,132.9,133.14,eod,0.21999999999999886,0.0016553799849510825,16.553799849510824,2.594999999999999,0.08477842003853524
2011-03-02,1,930,959,131.38,131.19,131.37,131.2,eod,-0.18999999999999773,-0.0014462967191900564,-14.462967191900564,2.819999999999993,-0.06737588652482206
2011-03-03,1,930,959,133.48,133.46,133.47,133.47,eod,-0.01999999999998181,-0.00014984640743224552,-1.4984640743224553,2.88428571428571,-0.006934125804847592
2011-03-04,-1,930,959,131.73000000000002,132.45,131.74,132.44,eod,-0.7199999999999704,-0.005465310459996739,-54.653104599967385,3.0628571428571547,-0.23507462686566108
2011-03-08,1,930,959,132.7883,132.56,132.7783,132.57,eod,-0.22829999999999018,-0.0017194074634182708,-17.19407463418271,3.3874999999999886,-0.06739483394833681
2011-03-10,-1,930,959,129.94,129.92999999999998,129.95,129.92,eod,0.010000000000019327,7.69526741055739e-05,0.7695267410557389,3.583485714285729,0.0027905790052835627
2011-03-14,-1,930,959,129.78,130.07999999999998,129.79,130.07,eod,-0.29999999999998295,-0.0023114261499343784,-23.114261499343783,3.9663428571428483,-0.07563642650299972
2011-03-15,-1,930,959,129.04500000000002,128.64,129.055,128.63,eod,0.40500000000002956,0.003138196892797873,31.381968927978733,3.7813428571428744,0.10710480781582483
2011-03-16,-1,930,959,126.58,126.22,126.59,126.21,eod,0.35999999999999943,0.002843826526581874,28.43826526581874,4.030628571428565,0.08931609390949302
2011-03-17,1,930,959,127.58,127.78999999999999,127.57,127.8,eod,0.20999999999999375,0.0016461550521281944,16.461550521281943,4.260628571428569,0.04928850203189191
2011-03-21,1,930,959,129.53,129.715,129.52,129.725,eod,0.18500000000000227,0.0014283508338480719,14.283508338480718,4.418485714285737,0.04186954806753475
2011-03-22,-1,930,959,129.39950000000002,129.31,129.4095,129.3,eod,0.08950000000001523,0.0006916030121437393,6.916030121437393,4.325414285714288,0.020691659593304233
2011-03-24,1,930,959,131.01999999999998,130.89000000000001,131.01,130.9,eod,-0.12999999999996703,-0.000992290664834494,-9.92290664834494,4.12205714285713,-0.03153765110346332
2011-03-25,1,930,959,131.42,131.27,131.41,131.28,eod,-0.14999999999997726,-0.0011414656418840064,-11.414656418840064,4.036342857142856,-0.03716235347414354
2011-03-30,1,930,959,132.89999999999998,132.75,132.89,132.76,eod,-0.14999999999997726,-0.0011287531040708651,-11.287531040708652,3.7311285714285702,-0.040202313355968175
2011-04-01,1,930,959,133.01999999999998,133.15,133.01,133.16,eod,0.13000000000002387,0.0009773701225473566,9.773701225473566,3.353985714285699,0.0387598550125936
2011-04-06,1,930,959,133.56,133.61,133.55,133.62,eod,0.05000000000001137,0.0003743916136279398,3.743916136279398,2.5325571428571436,0.01974289114898434
2011-04-12,-1,930,959,131.27,131.48,131.28,131.47,eod,-0.20999999999997954,-0.0015996343692868643,-15.996343692868642,2.341128571428584,-0.08970032768077965
2011-04-13,1,930,959,131.66,131.45000000000002,131.65,131.46,eod,-0.20999999999997954,-0.0015951386251422677,-15.951386251422676,2.31755714285714,-0.09061265248505868
2011-04-15,1,930,959,132.01,132.04000000000002,132.0,132.05,eod,0.03000000000002956,0.00022727272727295121,2.272727272729512,2.355714285714299,0.0127349909035904
2011-04-18,-1,930,959,130.63,130.56,130.64,130.55,eod,0.06999999999999318,0.000535823637476984,5.35823637476984,2.342857142857156,0.029878048780484726
2011-04-19,1,930,959,131.17,131.28,131.16,131.29,eod,0.11000000000001364,0.0008386703263191037,8.386703263191038,2.5170428571428545,0.04370207669998787
2011-04-20,1,930,959,133.13,133.12,133.12,133.13,eod,-0.009999999999990905,-7.512019230762398e-05,-0.7512019230762398,2.4485714285714266,-0.004084014002330012
2011-04-21,1,930,959,133.6,133.74,133.59,133.75,eod,0.14000000000001478,0.0010479826334307567,10.479826334307567,2.6657142857143015,0.05251875669882624
2011-04-26,1,930,959,134.79,134.77,134.78,134.78,eod,-0.01999999999998181,-0.0001483899688379716,-1.483899688379716,2.597142857142842,-0.007700770077000743
2011-04-28,1,930,959,136.0,136.10000000000002,135.99,136.11,eod,0.10000000000002274,0.0007353481873668853,7.353481873668853,2.7271428571428658,0.03666841278156925
2011-05-03,-1,930,959,135.52,135.73,135.53,135.72,eod,-0.20999999999997954,-0.0015494724415257104,-15.494724415257103,2.5129571428571467,-0.08356688477433272
2011-05-04,-1,930,959,135.01000000000002,134.85,135.02,134.84,eod,0.160000000000025,0.0011850096282034143,11.850096282034142,2.47071428571428,0.06475860075167261
2011-05-05,-1,930,959,133.03,133.64999999999998,133.04,133.64,eod,-0.6199999999999761,-0.00466025255562219,-46.6025255562219,2.5107142857143003,-0.24694167852061494
2011-05-06,1,930,959,134.04999999999998,134.16,134.04,134.17,eod,0.11000000000001364,0.0008206505520741095,8.206505520741095,2.5835714285714175,0.042576721039540986
2011-05-10,1,930,959,136.04,135.88,136.03,135.89,eod,-0.1599999999999966,-0.0011762111298977917,-11.762111298977917,2.5792857142857315,-0.06203267792854991
2011-05-11,-1,930,959,134.335,134.45999999999998,134.345,134.45,eod,-0.12499999999997158,-0.0009304402843423393,-9.304402843423393,2.641428571428577,-0.047322877230924786
2011-05-13,-1,930,959,133.96,134.04,133.97,134.03,eod,-0.07999999999998408,-0.0005971486153615293,-5.9714861536152934,2.8221428571428646,-0.028347253859776617
2011-05-16,-1,930,959,133.38,133.22,133.39,133.21,eod,0.1599999999999966,0.0011994902166578949,11.994902166578948,2.982142857142861,0.05365269461077723
2011-05-17,-1,930,959,132.92000000000002,133.2,132.93,133.19,eod,-0.2799999999999727,-0.002106371774618015,-21.06371774618015,3.0092857142857383,-0.0930453358651694
2011-05-19,1,930,959,134.6,134.65,134.59,134.66,eod,0.05000000000001137,0.0003714986254551703,3.714986254551703,3.085000000000008,0.01620745542950121
2011-05-20,-1,930,959,133.92000000000002,133.63,133.93,133.62,eod,0.29000000000002046,0.0021653102366909613,21.65310236690961,3.1464285714285722,0.09216799091941624
2011-05-23,-1,930,959,132.1705,132.04999999999998,132.1805,132.04,eod,0.12050000000002115,0.0009116321999086185,9.116321999086185,3.1709285714285897,0.038001486720885866
2011-05-24,1,930,959,132.29,131.95000000000002,132.28,131.96,eod,-0.339999999999975,-0.0025703054127606214,-25.703054127606215,3.287142857142868,-0.10343328987395989
2011-05-27,1,930,959,133.47,133.51000000000002,133.46,133.52,eod,0.040000000000020464,0.0002997152704931849,2.997152704931849,3.0314285714285916,0.013195098963248887
2011-05-31,1,930,959,134.42999999999998,134.88,134.42,134.89,eod,0.45000000000001705,0.003347716113673688,33.477161136736875,2.9957142857142856,0.1502145922746838
2011-06-01,-1,930,959,132.24,131.87,132.25,131.86,eod,0.37000000000000455,0.002797731568998144,27.97731568998144,3.0071428571428385,0.12304038004750821
2011-06-03,-1,930,959,130.42000000000002,130.44,130.43,130.43,eod,-0.01999999999998181,-0.0001533389557615718,-1.533389557615718,3.0420000000000016,-0.006574621959231361
2011-06-06,-1,930,959,129.03,129.06,129.04,129.05,eod,-0.030000000000001137,-0.0002324860508369586,-2.324860508369586,3.037142857142868,-0.009877704609595823
2011-06-07,1,930,959,129.58499999999998,128.93,129.575,128.94,eod,-0.6549999999999727,-0.0050549874590003685,-50.54987459000368,3.0107142857142577,-0.2175563463819621
2011-06-08,-1,930,959,128.29000000000002,128.42999999999998,128.3,128.42,eod,-0.13999999999995794,-0.0010911925175366946,-10.911925175366946,3.021428571428544,-0.04633569739951369
2011-06-09,1,930,959,129.70999999999998,129.36,129.7,129.37,eod,-0.3499999999999659,-0.0026985350809557896,-26.985350809557897,2.9242857142856877,-0.1196873473375566
2011-06-10,-1,930,959,128.06,127.54,128.07,127.53,eod,0.519999999999996,0.004060279534629468,40.602795346294684,2.994285714285695,0.17366412213740437
2011-06-13,1,930,959,127.96000000000001,127.67999999999999,127.95,127.69,eod,-0.28000000000001535,-0.0021883548261040667,-21.883548261040666,3.1099999999999994,-0.09003215434084097
2011-06-14,1,930,959,129.54999999999998,129.3,129.54,129.31,eod,-0.24999999999997158,-0.0019299058205957357,-19.29905820595736,2.989999999999995,-0.0836120401337699
2011-06-15,-1,930,959,127.08999999999999,127.04,127.1,127.03,eod,0.04999999999998295,0.0003933910306843662,3.933910306843662,3.1399999999999864,0.01592356687897553
2011-06-21,1,930,959,129.41,129.44,129.4,129.45,eod,0.030000000000001137,0.0002318392581143828,2.318392581143828,3.382857142857148,0.008868243243243566
2011-06-23,-1,930,959,127.72999999999999,128.32,127.74,128.31,eod,-0.5900000000000034,-0.004618756849851287,-46.187568498512874,3.2099999999999937,-0.1838006230529609
2011-06-24,-1,930,959,126.78,126.81,126.79,126.8,eod,-0.030000000000001137,-0.00023661172016721456,-2.3661172016721457,3.3328571428571507,-0.009001285897985746
2011-06-27,1,930,959,128.26999999999998,127.94,128.26,127.95,eod,-0.3299999999999841,-0.00257289879931377,-25.728987993137697,3.34999999999998,-0.098507462686563
2011-06-28,1,930,959,129.41,129.59,129.4,129.6,eod,0.18000000000000682,0.0013910355486862968,13.910355486862969,3.444285714285712,0.05226047283285145
2011-06-29,1,930,959,130.67,130.73000000000002,130.66,130.74,eod,0.060000000000030695,0.00045920710240341875,4.592071024034188,3.549999999999997,0.016901408450712887
2011-06-30,1,930,959,131.89,131.96,131.88,131.97,eod,0.0700000000000216,0.0005307855626328602,5.307855626328602,3.5142857142857054,0.019918699186998068
2011-07-07,1,930,959,135.52009999999999,135.39000000000001,135.5101,135.4,eod,-0.13009999999997035,-0.0009600760386124013,-9.600760386124012,3.1429571428571137,-0.04139413745925361
2011-07-08,-1,930,959,134.0,134.42,134.01,134.41,eod,-0.4199999999999875,-0.0031340944705618053,-31.340944705618053,3.1757142857142924,-0.1322537112010754
2011-07-11,-1,930,959,131.96,132.0,131.97,131.99,eod,-0.03999999999999204,-0.00030309918920960857,-3.0309918920960857,3.2642857142857054,-0.012253829321660616
2011-07-13,1,930,959,131.97,131.83,131.96,131.84,eod,-0.13999999999998636,-0.0010609275538040796,-10.609275538040796,3.3885714285714528,-0.04131534569982705
2011-07-15,1,930,959,131.495,131.70000000000002,131.485,131.71,eod,0.2050000000000125,0.0015591132068297714,15.591132068297714,3.4047142857142774,0.06021063231653972
2011-07-18,-1,930,959,130.33,130.60999999999999,130.34,130.6,eod,-0.2799999999999727,-0.002148227712137277,-21.48227712137277,3.3068571428571545,-0.08467254190425964
2011-07-19,1,930,959,132.67999999999998,132.71,132.67,132.72,eod,0.03000000000002956,0.00022612497173460136,2.2612497173460135,3.3482857142857085,0.008959808857419885
2011-07-21,1,930,959,134.64999999999998,134.48000000000002,134.64,134.49,eod,-0.16999999999995907,-0.0012626262626259587,-12.626262626259587,3.35971428571429,-0.05059954077726474
2011-07-25,-1,930,959,133.92000000000002,133.85,133.93,133.84,eod,0.0700000000000216,0.000522661091615184,5.22661091615184,3.2697142857142865,0.02140859839217717
2011-07-26,-1,930,959,133.58,133.34,133.59,133.33,eod,0.2400000000000091,0.0017965416573097468,17.965416573097468,3.3739999999999952,0.07113218731476273
2011-07-27,-1,930,959,130.75,130.62,130.76,130.61,eod,0.12999999999999545,0.0009941878250229082,9.941878250229081,3.35971428571429,0.03869376647673982
2011-07-29,-1,930,959,129.64000000000001,129.32999999999998,129.65,129.32,eod,0.3100000000000307,0.0023910528345548066,23.910528345548066,3.4997142857142762,0.08857865948241574
2011-08-02,-1,930,959,126.24,125.51,126.25,125.5,eod,0.7299999999999898,0.0057821782178217014,57.82178217821701,3.7680428571428592,0.19373452682900655
2011-08-04,-1,930,959,121.14099999999999,120.21000000000001,121.151,120.2,eod,0.9309999999999832,0.007684624972142064,76.84624972142063,4.030900000000017,0.23096578927782363
2011-08-05,-1,930,959,119.16,120.04,119.17,120.03,eod,-0.8800000000000097,-0.0073844088277251795,-73.8440882772518,4.781900000000007,-0.1840272694953906
2011-08-08,-1,930,959,114.03999999999999,112.29,114.05,112.28,eod,1.7499999999999858,0.015344147303813992,153.44147303813992,5.229042857142872,0.334669278453032
2011-08-09,1,930,959,114.49000000000001,117.46,114.48,117.47,eod,2.9699999999999847,0.02594339622641496,259.4339622641496,6.036285714285725,0.4920244237231944
2011-08-10,-1,930,959,113.83,112.26,113.84,112.25,eod,1.5699999999999932,0.013791286015460235,137.91286015460236,6.9747571428571575,0.22509744322894867
2011-08-11,1,930,959,118.21000000000001,117.32,118.2,117.33,eod,-0.8900000000000148,-0.00752961082910334,-75.29610829103339,7.453328571428585,-0.11940973639773776
2011-08-12,1,930,959,118.05000000000001,118.14999999999999,118.04,118.16,eod,0.0999999999999801,0.0008471704506945112,8.471704506945112,8.269042857142864,0.012093298066970268
2011-08-15,1,930,959,120.22,120.66,120.21,120.67,eod,0.4399999999999977,0.0036602612095499357,36.60261209549936,8.34261428571429,0.05274126130383902
2011-08-16,-1,930,959,120.05999999999999,119.58,120.07,119.57,eod,0.47999999999998977,0.003997668026984174,39.97668026984174,8.598328571428596,0.05582480315941668
2011-08-18,-1,930,959,114.11999999999999,114.415,114.13,114.405,eod,-0.2950000000000159,-0.002584771751511574,-25.84771751511574,8.606899999999996,-0.034274826011690164
2011-08-22,1,930,959,113.19000000000001,112.75999999999999,113.18,112.77,eod,-0.43000000000002103,-0.003799257819402907,-37.99257819402907,9.12788571428571,-0.04710838998860867
2011-08-24,1,930,959,117.73,118.08,117.72,118.09,eod,0.3499999999999943,0.002973156642881365,29.73156642881365,9.232885714285715,0.037907974909561784
2011-08-29,1,930,959,121.19000000000001,121.33999999999999,121.18,121.35,eod,0.14999999999997726,0.0012378280244262853,12.378280244262852,7.953600000000009,0.018859384429689336
2011-09-02,-1,930,959,117.72999999999999,117.83,117.74,117.82,eod,-0.10000000000000853,-0.0008493290300663201,-8.493290300663201,6.548528571428577,-0.015270606046724982
2011-09-06,-1,930,959,115.97,117.03,115.98,117.02,eod,-1.0600000000000023,-0.009139506811519246,-91.39506811519246,6.681457142857141,-0.1586480280178408
2011-09-07,1,930,959,120.08,120.2799,120.07,120.2899,eod,0.19989999999999952,0.0016648621637378156,16.648621637378156,6.832885714285723,0.029255574929646852
2011-09-08,-1,930,959,119.36,119.04,119.37,119.03,eod,0.3199999999999932,0.002680740554578145,26.807405545781453,6.9528857142857134,0.0460240557877295
2011-09-09,-1,930,959,115.38,115.9,115.39,115.89,eod,-0.5200000000000102,-0.004506456365369705,-45.06456365369705,6.35971428571429,-0.0817646794555027
2011-09-13,1,930,959,117.61,117.72999999999999,117.6,117.74,eod,0.11999999999999034,0.001020408163265224,10.20408163265224,6.412857142857135,0.018712408108708698
2011-09-15,1,930,959,120.965,121.42999999999999,120.955,121.44,eod,0.4649999999999892,0.003844404943987344,38.44404943987344,6.3685714285714425,0.07301480484522022
2011-09-19,-1,930,959,120.53999999999999,120.33,120.55,120.32,eod,0.20999999999999375,0.0017420157610949295,17.420157610949296,5.732857142857142,0.036630949414402106
2011-09-22,-1,930,959,111.78,112.91000000000001,111.79,112.9,eod,-1.1300000000000097,-0.010108238661776632,-101.08238661776632,5.738571428571433,-0.19691311924321786
2011-09-27,1,930,959,117.985,117.53999999999999,117.975,117.55,eod,-0.4450000000000074,-0.003771985590167471,-37.71985590167471,5.906428571428563,-0.07534163744104622
2011-09-30,-1,930,959,113.92,113.16000000000001,113.93,113.15,eod,0.7599999999999909,0.006670762749056358,66.70762749056358,6.091428571428565,0.12476547842401364
2011-10-03,-1,930,959,110.35,109.93,110.36,109.92,eod,0.4199999999999875,0.0038057267125769074,38.05726712576907,6.125714285714281,0.06856343283581891
2011-10-04,-1,930,959,109.17,112.33,109.18,112.32,eod,-3.1599999999999966,-0.02894302985894849,-289.4302985894849,6.457142857142841,-0.489380530973452
2011-10-07,1,930,959,116.93,115.67,116.92,115.68,eod,-1.2600000000000051,-0.010776599384194365,-107.76599384194365,6.964285714285708,-0.18092307692307782
2011-10-10,1,930,959,118.4,119.58,118.39,119.59,eod,1.1799999999999926,0.009967058028549646,99.67058028549646,6.866428571428557,0.17185061895349976
2011-10-12,1,930,959,121.39,120.69999999999999,121.38,120.71,eod,-0.6900000000000119,-0.005684626791893327,-56.84626791893327,6.750714285714281,-0.10221140620040392
2011-10-13,-1,930,959,120.21,120.49000000000001,120.22,120.48,eod,-0.28000000000001535,-0.002329063383796501,-23.290633837965007,6.362142857142857,-0.0440103289547571
2011-10-14,1,930,959,122.215,122.57,122.205,122.58,eod,0.35499999999998977,0.0029049547890838325,29.049547890838326,6.296428571428564,0.05638116846284586
2011-10-17,-1,930,959,120.49,120.22,120.5,120.21,eod,0.269999999999996,0.002240663900414905,22.40663900414905,6.1207142857142856,0.04411249854125271
2011-10-21,1,930,959,123.48,123.94,123.47,123.95,eod,0.45999999999999375,0.0037256013606543595,37.2560136065436,5.846428571428561,0.07868051313378038
2011-10-24,1,930,959,125.19000000000001,125.50139999999999,125.18,125.5114,eod,0.3113999999999777,0.0024876178303241546,24.876178303241545,5.61571428571429,0.05545153904858413
2011-10-25,-1,930,959,123.52,123.07000000000001,123.53,123.06,eod,0.44999999999998863,0.0036428397960008795,36.428397960008795,5.139285714285705,0.08756080611535583
2011-10-26,1,930,959,124.41000000000001,124.3,124.4,124.31,eod,-0.11000000000001364,-0.0008842443729904633,-8.842443729904634,5.080914285714286,-0.021649646857711084
2011-10-27,1,930,959,129.10999999999999,128.59,129.1,128.6,eod,-0.5199999999999818,-0.004027885360185762,-40.27885360185761,4.996628571428573,-0.10407017303095434
2011-10-31,-1,930,959,126.03999999999999,125.38000000000001,126.05,125.37,eod,0.6599999999999824,0.005236017453391371,52.360174533913714,4.995914285714278,0.13210795106858414
2011-11-01,-1,930,959,122.49,122.02000000000001,122.5,122.01,eod,0.46999999999998465,0.0038367346938774256,38.367346938774254,5.285914285714284,0.08891555454658184
2011-11-02,1,930,959,123.97,123.97999999999999,123.96,123.99,eod,0.009999999999990905,8.067118425291147e-05,0.8067118425291148,5.485199999999992,0.001823087581125742
2011-11-03,1,930,959,126.23,126.25,126.22,126.26,eod,0.01999999999999602,0.00015845349389950896,1.5845349389950896,5.5766285714285715,0.003586396286542103
2011-11-04,-1,930,959,125.14,125.48,125.15,125.47,eod,-0.3400000000000034,-0.0027167399121055006,-27.167399121055006,5.684771428571423,-0.05980891303583072
2011-11-08,1,930,959,127.7,127.86,127.69,127.87,eod,0.1599999999999966,0.0012530346933980468,12.530346933980468,5.335199999999986,0.029989503673713638
2011-11-09,-1,930,959,123.6,123.18,123.61,123.17,eod,0.4199999999999875,0.0033977833508614798,33.9778335086148,5.316628571428581,0.07899743123998848
2011-11-10,1,930,959,124.36,124.24,124.35,124.25,eod,-0.12000000000000455,-0.0009650180940893008,-9.650180940893009,5.716628571428572,-0.020991393528654045
2011-11-11,1,930,959,126.65,126.67999999999999,126.64,126.69,eod,0.029999999999986926,0.00023689197725826694,2.3689197725826694,5.625200000000007,0.00533314371044352
2011-11-14,-1,930,959,125.30999999999999,125.49000000000001,125.32,125.48,eod,-0.18000000000002103,-0.0014363230130866665,-14.363230130866665,5.743442857142867,-0.03134008720503991
2011-11-16,-1,930,959,124.795,124.10000000000001,124.805,124.09,eod,0.6949999999999932,0.005568687151956998,55.68687151956998,5.543785714285718,0.125365595969746
2011-11-17,-1,930,959,121.64,122.10000000000001,121.65,122.09,eod,-0.46000000000000796,-0.0037813399095767194,-37.813399095767195,5.157857142857154,-0.08918432350090151
2011-11-21,-1,930,959,120.03999999999999,119.67,120.05,119.66,eod,0.36999999999999034,0.0030820491461890074,30.820491461890075,5.135000000000005,0.07205452775072833
2011-11-23,-1,930,959,117.05999999999999,116.64,117.07,116.63,eod,0.4199999999999875,0.003587597164089754,35.87597164089754,4.954999999999998,0.08476286579212666
2011-11-28,1,930,959,119.04,119.69999999999999,119.03,119.71,eod,0.6599999999999824,0.005544820633453603,55.448206334536025,4.901857142857139,0.13464284673447033
2011-11-29,1,930,959,120.35000000000001,120.02,120.34,120.03,eod,-0.3300000000000125,-0.0027422303473492813,-27.422303473492814,5.198571428571427,-0.0634789777411401
2011-11-30,1,930,959,124.35000000000001,125.07969999999999,124.34,125.0897,eod,0.7296999999999798,0.005868586134791538,58.68586134791538,5.0621428571428595,0.14414844080710756
2011-12-05,1,930,959,125.56,126.19999999999999,125.55,126.21,eod,0.6399999999999864,0.00509757068896843,50.975706889684304,4.84571428571428,0.13207547169811054
2011-12-08,-1,930,959,124.75999999999999,123.98,124.77,123.97,eod,0.7799999999999869,0.006251502765087657,62.515027650876576,4.820000000000007,0.16182572614107588
2011-12-09,1,930,959,126.22,126.02,126.21,126.03,eod,-0.20000000000000284,-0.001584660486490792,-15.84660486490792,4.829999999999998,-0.04140786749482462
2011-12-12,-1,930,959,123.83,124.2,123.84,124.19,eod,-0.37000000000000455,-0.002987726098191251,-29.87726098191251,4.969999999999999,-0.07444668008048383
2011-12-14,-1,930,959,121.94999999999999,121.75,121.96,121.74,eod,0.19999999999998863,0.0016398819285010548,16.39881928501055,5.144285714285715,0.03887808941960345
2011-12-15,1,930,959,122.39,122.17899999999999,122.38,122.189,eod,-0.21100000000001273,-0.0017241379310345868,-17.241379310345867,4.992857142857147,-0.04226037195994529
2011-12-20,1,930,959,123.99000000000001,123.92,123.98,123.93,eod,-0.07000000000000739,-0.0005646071947088836,-5.646071947088836,4.654714285714292,-0.01503851701807848
2011-12-22,1,930,959,125.35000000000001,125.3,125.34,125.31,eod,-0.05000000000001137,-0.00039891495133246663,-3.989149513324666,4.4957142857143,-0.011121703209408277
2011-12-23,1,930,959,126.01,126.36999999999999,126.0,126.38,eod,0.3599999999999852,0.00285714285714274,28.5714285714274,4.420000000000002,0.08144796380090161
2011-12-27,1,930,959,126.66000000000001,126.44999999999999,126.65,126.46,eod,-0.21000000000002217,-0.0016581129095935424,-16.581129095935424,4.2442857142857235,-0.04947829013800579
2011-12-28,-1,930,959,124.77,124.97,124.78,124.96,eod,-0.20000000000000284,-0.0016028209648982436,-16.028209648982436,4.172600000000017,-0.04793174519484303
2011-12-29,1,930,959,126.015,126.14999999999999,126.005,126.16,eod,0.1349999999999909,0.0010713860561088124,10.713860561088124,4.094999999999985,0.03296703296703087
2012-01-03,1,930,959,127.78200000000001,127.58,127.772,127.59,eod,-0.2020000000000124,-0.0015809410512476316,-15.809410512476315,3.6105714285714328,-0.055946822821875644
2012-01-06,-1,930,959,127.82,127.80000000000001,127.83,127.79,eod,0.01999999999998181,0.00015645779550951897,1.5645779550951897,3.3292857142857173,0.006007294571974793
2012-01-10,1,930,959,129.17,129.15,129.16,129.16,eod,-0.01999999999998181,-0.00015484670176511159,-1.548467017651116,3.142857142857139,-0.006363636363630584
2012-01-13,-1,930,959,128.78,128.95999999999998,128.79,128.95,eod,-0.1799999999999784,-0.0013976240391333054,-13.976240391333054,2.5642857142857167,-0.07019498607241491
2012-01-17,1,930,959,129.29,129.32000000000002,129.28,129.33,eod,0.03000000000002956,0.0002320544554457732,2.320544554457732,2.661357142857142,0.011272444241670844
2012-01-18,1,930,959,130.73999999999998,130.77,130.73,130.78,eod,0.03000000000002956,0.00022948060888877504,2.2948060888877504,2.6885714285714357,0.011158342189171432
2012-01-19,1,930,959,131.42999999999998,131.47,131.42,131.48,eod,0.040000000000020464,0.0003043676761529483,3.043676761529483,2.8414285714285654,0.014077425842138957
2012-01-20,-1,930,959,131.29500000000002,131.54999999999998,131.305,131.54,eod,-0.25499999999996703,-0.0019420433342215986,-19.420433342215986,2.68214285714285,-0.0950732356857403
2012-01-23,1,930,959,131.69709999999998,131.59,131.6871,131.6,eod,-0.10709999999997422,-0.0008132915069127821,-8.13291506912782,2.5949571428571403,-0.04127235792497648
2012-01-30,-1,930,959,131.3,131.37,131.31,131.36,eod,-0.06999999999999318,-0.0005330896352143263,-5.330896352143263,2.5885714285714414,-0.027041942604853743
2012-02-01,1,930,959,132.68099999999998,132.44,132.671,132.45,eod,-0.24099999999998545,-0.001816523580887952,-18.16523580887952,2.693857142857155,-0.08946279896059238
2012-02-02,1,930,959,132.67499999999998,132.66,132.665,132.67,eod,-0.014999999999986358,-0.00011306674706958397,-1.1306674706958397,2.8478571428571513,-0.005267118133930483
2012-02-03,1,930,959,134.41,134.54000000000002,134.4,134.55,eod,0.13000000000002387,0.0009672619047620824,9.672619047620824,2.7928571428571445,0.046547314578013636
2012-02-06,-1,930,959,134.33,134.45999999999998,134.34,134.45,eod,-0.12999999999996703,-0.0009676939109719147,-9.676939109719147,2.8128571428571547,-0.0462163534789114
2012-02-08,1,930,959,135.09,135.12,135.08,135.13,eod,0.030000000000001137,0.0002220906129701002,2.2209061297010018,2.675714285714321,0.011211959423385221
2012-02-09,1,930,959,135.42999999999998,135.34,135.42,135.35,eod,-0.08999999999997499,-0.0006645990252545784,-6.645990252545784,2.6828571428571593,-0.03354632587858472
2012-02-10,-1,930,959,134.11,134.38,134.12,134.37,eod,-0.2699999999999818,-0.0020131225767967627,-20.131225767967628,2.7399000000000058,-0.09854374247234617
2012-02-13,1,930,959,135.39999999999998,135.32000000000002,135.39,135.33,eod,-0.07999999999995566,-0.0005908855897773518,-5.908855897773519,2.7642857142857054,-0.02894056847543625
2012-02-14,-1,930,959,134.31,135.23999999999998,134.32,135.23,eod,-0.9299999999999784,-0.006923764145324437,-69.23764145324436,2.8107142857143117,-0.3308767471410312
2012-02-17,1,930,959,136.53,136.39000000000001,136.52,136.4,eod,-0.13999999999998636,-0.0010254907705829648,-10.254907705829648,2.7200000000000273,-0.051470588235288585
2012-02-22,-1,930,959,136.10000000000002,136.03,136.11,136.02,eod,0.0700000000000216,0.0005142899125708735,5.142899125708735,2.490000000000009,0.02811244979920536
2012-02-24,1,930,959,136.7938,136.86,136.7838,136.87,eod,0.06620000000000914,0.0004839754415362721,4.839754415362721,2.3859428571428793,0.027745844709492484
2012-02-28,1,930,959,137.51999999999998,137.55,137.51,137.56,eod,0.03000000000002956,0.00021816595156737373,2.1816595156737373,2.334285714285727,0.012851897184835115
2012-03-01,1,930,959,137.59,137.72,137.58,137.73,eod,0.12999999999999545,0.0009449047826718669,9.449047826718669,2.329999999999984,0.05579399141630744
2012-03-02,-1,930,959,137.46,137.32999999999998,137.47,137.32,eod,0.13000000000002387,0.0009456608714630383,9.456608714630383,2.3414285714285654,0.055521659548515526
2012-03-05,-1,930,959,136.91500000000002,136.79999999999998,136.925,136.79,eod,0.11500000000003752,0.000839875844440661,8.39875844440661,2.2378571428571092,0.05138844557933449
2012-03-06,-1,930,959,134.57500000000002,134.70999999999998,134.585,134.7,eod,-0.13499999999996248,-0.0010030835531445739,-10.030835531445739,2.232142857142861,-0.06047999999998308
2012-03-07,1,930,959,135.78,135.71,135.77,135.72,eod,-0.06999999999999318,-0.0005155778154230918,-5.1557781542309185,2.430499999999995,-0.028800658300758415
2012-03-08,1,930,959,137.22,137.01000000000002,137.21,137.02,eod,-0.20999999999997954,-0.0015305006923692116,-15.305006923692115,2.382857142857148,-0.08812949640286892
2012-03-09,1,930,959,137.545,137.55,137.535,137.56,eod,0.005000000000023874,3.635438252098647e-05,0.36354382520986467,2.3335714285714175,0.0021426385062851107
2012-03-13,1,930,959,139.60999999999999,140.05,139.6,140.06,eod,0.44000000000002615,0.0031518624641835684,31.518624641835682,2.339285714285694,0.18809160305344794
2012-03-16,-1,930,959,140.26000000000002,140.31,140.27,140.3,eod,-0.04999999999998295,-0.0003564554074284091,-3.5645540742840907,2.617857142857133,-0.01909959072304949
2012-03-19,1,930,959,141.0,140.84,140.99,140.85,eod,-0.1599999999999966,-0.0011348322576068982,-11.348322576068982,2.476857142857142,-0.064597992848078
2012-03-20,-1,930,959,140.52,140.42999999999998,140.53,140.42,eod,0.09000000000003183,0.0006404326478334294,6.404326478334294,2.517142857142858,0.035754824063576766
2012-03-22,-1,930,959,138.99,139.17999999999998,139.0,139.17,eod,-0.1899999999999693,-0.0013669064748199232,-13.669064748199231,2.430814285714291,-0.07816310818830739
2012-03-26,1,930,959,141.39,141.55,141.38,141.56,eod,0.160000000000025,0.001131701796576779,11.317017965767791,2.5500000000000114,0.06274509803922522
2012-03-28,-1,930,959,140.16500000000002,140.48,140.175,140.47,eod,-0.3149999999999693,-0.002247191011235736,-22.471910112357357,2.4264285714285734,-0.1298204297909793
2012-03-29,-1,930,959,140.0,140.23,140.01,140.22,eod,-0.22999999999998977,-0.00164273980429962,-16.4273980429962,2.4278571428571354,-0.09473374521917818
2012-03-30,1,930,959,140.84,140.71,140.83,140.72,eod,-0.12999999999999545,-0.0009230987715685255,-9.230987715685254,2.498342857142859,-0.05203449143432032
2012-04-03,-1,930,959,140.77,141.29,140.78,141.28,eod,-0.5199999999999818,-0.0036937064923993593,-36.937064923993596,2.452057142857143,-0.2120668360094074
2012-04-04,-1,930,959,139.96,139.89,139.97,139.88,eod,0.0700000000000216,0.0005001071658214017,5.001071658214017,2.5034428571428577,0.02796149302960786
2012-04-09,-1,930,959,138.47,138.26,138.48,138.25,eod,0.21000000000000796,0.0015164644714038705,15.164644714038705,2.701914285714281,0.07772267281398682
2012-04-11,1,930,959,136.89999999999998,136.93,136.89,136.94,eod,0.03000000000002956,0.00021915406530812742,2.191540653081274,2.989914285714292,0.010033732452922993
2012-04-12,1,930,959,138.67,138.82000000000002,138.66,138.83,eod,0.1500000000000341,0.00108178277801842,10.8178277801842,3.1306285714285593,0.047913700580451336
2012-04-13,-1,930,959,137.64000000000001,137.14,137.65,137.13,eod,0.5000000000000284,0.003632401017072491,36.32401017072491,3.196628571428562,0.15641479415814025
2012-04-17,1,930,959,139.35,139.08,139.34,139.09,eod,-0.2699999999999818,-0.001937706329840547,-19.37706329840547,3.209914285714291,-0.08411439557798026
2012-04-18,-1,930,959,138.72,138.63,138.73,138.62,eod,0.09000000000000341,0.0006487421610322455,6.487421610322455,3.4413428571428426,0.02615258163341663
2012-04-20,1,930,959,138.01999999999998,137.92000000000002,138.01,137.93,eod,-0.0999999999999659,-0.0007245851749870727,-7.245851749870727,3.399428571428558,-0.029416708690526306
2012-04-23,-1,930,959,136.76000000000002,136.78,136.77,136.77,eod,-0.01999999999998181,-0.00014623089858873883,-1.4623089858873883,3.401571428571401,-0.005879635462596019
2012-04-24,1,930,959,137.17,137.32000000000002,137.16,137.33,eod,0.1500000000000341,0.0010936132983379566,10.936132983379565,3.4415714285714216,0.04358474118966588
2012-04-25,1,930,959,138.9715,139.18,138.9615,139.19,eod,0.208500000000015,0.001500415582733455,15.00415582733455,3.344071428571425,0.0623491466774935
2012-04-30,-1,930,959,139.67000000000002,139.82999999999998,139.68,139.82,eod,-0.15999999999996817,-0.0011454753722792681,-11.454753722792681,3.282142857142844,-0.04874863982588821
2012-05-02,-1,930,959,140.18,140.35,140.19,140.34,eod,-0.1699999999999875,-0.0012126399885868287,-12.126399885868286,3.107857142857142,-0.05470006894966273
2012-05-04,-1,930,959,137.12,137.01,137.13,137.0,eod,0.11000000000001364,0.0008021585356961544,8.021585356961545,2.9564285714285745,0.037207054844169835
2012-05-08,-1,930,959,136.55,136.53,136.56,136.52,eod,0.020000000000010232,0.000146455770357427,1.46455770357427,2.914999999999992,0.006861063464840579
2012-05-09,-1,930,959,135.79000000000002,135.73999999999998,135.8,135.73,eod,0.05000000000003979,0.0003681885125187024,3.681885125187024,3.107857142857114,0.01608825557344435
2012-05-10,1,930,959,136.26999999999998,136.02,136.26,136.03,eod,-0.24999999999997158,-0.001834727726405193,-18.34727726405193,3.1135714285713902,-0.08029364533148992
2012-05-14,-1,930,959,134.282,134.14999999999998,134.292,134.14,eod,0.13200000000003342,0.000982932713788114,9.82932713788114,3.1065714285714137,0.04249057297894962
2012-05-17,-1,930,959,131.51000000000002,130.84,131.52,130.83,eod,0.6700000000000159,0.005094282238442943,50.94282238442943,3.2085714285714175,0.20881567230632803
2012-05-21,1,930,959,131.87,131.94,131.86,131.95,eod,0.06999999999999318,0.0005308660700742695,5.308660700742695,3.5390285714285596,0.01977943907125256
2012-05-23,-1,930,959,131.58,132.26999999999998,131.59,132.26,eod,-0.6899999999999693,-0.005243559540998323,-52.43559540998323,3.665714285714273,-0.18823070927512867
2012-05-29,1,930,959,133.38,133.679,133.37,133.689,eod,0.2990000000000066,0.0022418834820424876,22.418834820424877,3.6599999999999966,0.08169398907104013
2012-05-30,-1,930,959,132.02,131.79999999999998,132.03,131.79,eod,0.22000000000002728,0.0016662879648566787,16.662879648566786,3.6014285714285847,0.061086870289574983
2012-06-01,-1,930,959,128.305,128.23,128.315,128.22,eod,0.07500000000001705,0.0005844990842849008,5.8449908428490085,3.7561857142856923,0.019967063852773234
2012-06-05,1,930,959,128.965,129.00900000000001,128.955,129.019,eod,0.04400000000001114,0.0003412042960723596,3.4120429607235963,3.967000000000013,0.011091504915556088
2012-06-06,1,930,959,131.35,132.0,131.34,132.01,eod,0.6500000000000057,0.004948987361047706,49.489873610477055,3.9434285714285693,0.1648311838863948
2012-06-07,1,930,959,132.42999999999998,132.01000000000002,132.42,132.02,eod,-0.4199999999999591,-0.0031717263253281916,-31.717263253281917,4.113671428571422,-0.10209857721811653
2012-06-12,1,930,959,132.64,132.94,132.63,132.95,eod,0.30000000000001137,0.002261931689663058,22.61931689663058,4.137142857142862,0.07251381215469879
2012-06-13,-1,930,959,131.73000000000002,132.1,131.74,132.09,eod,-0.3699999999999761,-0.0028085623197204807,-28.085623197204807,4.138571428571424,-0.08940283051431949
2012-06-14,1,930,959,133.0,133.48000000000002,132.99,133.49,eod,0.4800000000000182,0.0036092939318747136,36.092939318747135,4.034285714285744,0.11898016997167501
2012-06-19,1,930,959,135.85999999999999,135.69,135.85,135.7,eod,-0.1699999999999875,-0.001251380198748528,-12.513801987485278,4.074285714285708,-0.041725105189337815
2012-06-22,1,930,959,133.37,133.45000000000002,133.36,133.46,eod,0.0800000000000125,0.0005998800239952947,5.9988002399529465,3.9994285714286093,0.020002857551081662
2012-06-25,-1,930,959,131.49,131.29,131.5,131.28,eod,0.20000000000001705,0.0015209125475286467,15.209125475286466,3.943714285714293,0.05071361298268915
2012-06-26,1,930,959,132.2,131.96,132.19,131.97,eod,-0.23999999999998067,-0.0018155684998863808,-18.15568499886381,4.115142857142843,-0.05832118308685241
2012-06-27,1,930,959,133.28,133.17000000000002,133.27,133.18,eod,-0.10999999999998522,-0.0008253920612289728,-8.253920612289729,3.902142857142877,-0.028189639392271374
2012-06-28,-1,930,959,131.94,132.79999999999998,131.95,132.79,eod,-0.8599999999999852,-0.006517620310723647,-65.17620310723647,3.8407142857142844,-0.22391668216477212
2012-06-29,1,930,959,135.67999999999998,136.21,135.67,136.22,eod,0.5300000000000296,0.003906537922901376,39.06537922901376,3.8499999999999943,0.13766233766234554
2012-07-05,-1,930,959,137.02,136.815,137.03,136.805,eod,0.2050000000000125,0.0014960227687368642,14.960227687368642,3.75,0.05466666666667
2012-07-06,-1,930,959,135.47,135.53,135.48,135.52,eod,-0.060000000000002274,-0.00044286979627991053,-4.428697962799105,3.619000000000028,-0.01657916551533623
2012-07-09,-1,930,959,135.16500000000002,135.32,135.175,135.31,eod,-0.15499999999997272,-0.0011466617347880355,-11.466617347880355,3.7385714285714187,-0.04145968666411203
2012-07-12,-1,930,959,133.8905,133.6,133.9005,133.59,eod,0.29050000000000864,0.0021695213983518257,21.695213983518258,3.675928571428585,0.07902765093368257
2012-07-13,1,930,959,135.7,135.69,135.69,135.7,eod,-0.009999999999990905,-7.369739848176657e-05,-0.7369739848176656,3.3992857142857247,-0.002941794494639047
2012-07-17,1,930,959,136.28,136.38,136.27,136.39,eod,0.09999999999999432,0.0007338372349012571,7.3383723490125705,3.3092857142857213,0.030218001295055415
2012-07-18,1,930,959,137.32999999999998,137.34,137.32,137.35,eod,0.010000000000019327,7.282260413646467e-05,0.7282260413646466,3.4107142857142776,0.0029319371727805424
2012-07-19,1,930,959,137.7,137.70000000000002,137.69,137.71,eod,2.842170943040401e-14,2.064181090159344e-16,2.064181090159344e-12,3.4371428571428453,8.268992768612999e-15
2012-07-20,-1,930,959,136.489,136.47,136.499,136.46,eod,0.019000000000005457,0.0001391951589389333,1.391951589389333,3.297785714285709,0.005761441659989968
2012-07-23,-1,930,959,135.399,135.14,135.409,135.13,eod,0.25900000000001455,0.0019127236742019701,19.1272367420197,2.9960000000000093,0.08644859813084571
2012-07-24,-1,930,959,133.67000000000002,134.0,133.68,133.99,eod,-0.3299999999999841,-0.002468581687612089,-24.68581687612089,3.207857142857108,-0.10287241148964212
2012-07-26,1,930,959,136.14999999999998,136.09900000000002,136.14,136.109,eod,-0.0509999999999593,-0.0003746143675625041,-3.746143675625041,3.383571428571429,-0.01507283090562445
2012-07-27,1,930,959,138.97,138.69,138.96,138.7,eod,-0.28000000000000114,-0.0020149683362118676,-20.149683362118676,3.4714285714285893,-0.08065843621399169
2012-08-01,1,930,959,138.26,137.61,138.25,137.62,eod,-0.6499999999999773,-0.004701627486437448,-47.01627486437448,3.5057142857142765,-0.1854115729421293
2012-08-02,-1,930,959,136.29000000000002,136.67,136.3,136.66,eod,-0.37999999999996703,-0.002787967718268283,-27.87967718268283,3.4599999999999795,-0.10982658959536684
2012-08-03,1,930,959,139.34,139.34,139.33,139.35,eod,0.0,0.0,0.0,3.432857142857131,0.0
2012-08-06,1,930,959,140.04999999999998,139.62,140.04,139.63,eod,-0.4299999999999784,-0.0030705512710652557,-30.705512710652556,3.715714285714256,-0.11572472126104855
2012-08-07,1,930,959,140.51999999999998,140.28,140.51,140.29,eod,-0.23999999999998067,-0.0017080634830259817,-17.080634830259818,3.552285714285688,-0.06756213303305225
2012-08-15,1,930,959,140.97,140.91,140.96,140.92,eod,-0.060000000000002274,-0.0004256526674233986,-4.256526674233986,2.9114285714285586,-0.020608439646713335
2012-08-23,-1,930,959,140.749,140.7,140.759,140.69,eod,0.049000000000006594,0.00034811273169038285,3.4811273169038284,2.1791714285714363,0.022485610520384218
2012-08-30,-1,930,959,140.73000000000002,140.48,140.74,140.47,eod,0.2500000000000284,0.0017763251385535625,17.763251385535625,1.9885714285714187,0.1257183908046126
2012-08-31,1,930,959,141.06,141.15,141.05,141.16,eod,0.09000000000000341,0.0006380716058135655,6.380716058135655,2.034285714285744,0.044241573033708896
2012-09-06,1,930,959,143.48999999999998,143.73000000000002,143.48,143.74,eod,0.24000000000003752,0.0016727069974912011,16.727069974912013,2.19285714285715,0.10944625407167798
2012-09-07,1,930,959,144.16,144.32000000000002,144.15,144.33,eod,0.160000000000025,0.0011099549080820325,11.099549080820326,2.4085714285714346,0.06642941874259622
2012-09-11,1,930,959,143.85999999999999,143.87,143.85,143.88,eod,0.010000000000019327,6.951685783816007e-05,0.6951685783816007,2.472857142857123,0.004043905257084682
2012-09-12,1,930,959,144.17,144.32000000000002,144.16,144.33,eod,0.1500000000000341,0.0010405105438404142,10.405105438404142,2.3685714285714425,0.06332931242462199
2012-09-14,1,930,959,146.98,147.19,146.97,147.2,eod,0.21000000000000796,0.0014288630332721505,14.288630332721505,2.567142857142869,0.08180300500834996
2012-09-17,-1,930,959,146.41,146.78,146.42,146.77,eod,-0.37000000000000455,-0.00252697718890865,-25.269771889086503,2.5557142857143162,-0.14477361654555623
2012-09-18,-1,930,959,146.46,146.63,146.47,146.62,eod,-0.1699999999999875,-0.0011606472315149007,-11.606472315149007,2.558571428571412,-0.06644332774985597
2012-09-21,-1,930,959,146.05,145.89,146.06,145.88,eod,0.160000000000025,0.0010954402300426195,10.954402300426196,2.4885714285714187,0.06429391504019401
2012-09-26,-1,930,959,143.35000000000002,143.34,143.36,143.33,eod,0.010000000000019327,6.975446428584909e-05,0.6975446428584909,2.5557142857142594,0.003912800447184796
2012-09-27,1,930,959,144.7,144.68,144.69,144.69,eod,-0.01999999999998181,-0.00013822655332076722,-1.382265533207672,2.3027142857142735,-0.008685402320235338
2012-09-28,-1,930,959,143.93,143.91,143.94,143.9,eod,0.020000000000010232,0.0001389467833820358,1.3894678338203579,2.452857142857141,0.008153756552129979
2012-10-01,1,930,959,144.255,144.32000000000002,144.245,144.33,eod,0.06500000000002615,0.0004506222052759274,4.5062220527592745,2.483571428571423,0.0261719873454233
2012-10-04,1,930,959,146.095,146.19,146.085,146.2,eod,0.09499999999999886,0.000650306328507368,6.50306328507368,2.462142857142851,0.038584276182187044
2012-10-08,-1,930,959,145.72,145.64999999999998,145.73,145.64,eod,0.0700000000000216,0.0004803403554520113,4.803403554520113,2.517142857142858,0.0278093076050029
2012-10-09,-1,930,959,144.3,144.22,144.31,144.21,eod,0.0800000000000125,0.000554362137066125,5.54362137066125,2.5671428571428407,0.0311630495269945
2012-10-10,-1,930,959,143.28,143.34,143.29,143.33,eod,-0.060000000000002274,-0.000418731244329697,-4.18731244329697,2.67285714285714,-0.022447888829503816
2012-10-11,1,930,959,143.74699999999999,143.39000000000001,143.737,143.4,eod,-0.3569999999999709,-0.0024837028739988377,-24.837028739988376,2.6878571428571263,-0.1328195588625996
2012-10-15,1,930,959,143.89999999999998,144.07000000000002,143.89,144.08,eod,0.17000000000004434,0.0011814580582392407,11.814580582392407,2.789999999999992,0.060931899641593124
2012-10-16,1,930,959,145.35999999999999,145.56,145.35,145.57,eod,0.20000000000001705,0.0013759889920881806,13.759889920881806,2.6871428571428453,0.07442849548113374
2012-10-17,1,930,959,146.26,146.18,146.25,146.19,eod,-0.07999999999998408,-0.0005470085470084382,-5.470085470084382,2.7399999999999807,-0.0291970802919652
2012-10-18,-1,930,959,145.77,145.88,145.78,145.87,eod,-0.10999999999998522,-0.0007545616682671507,-7.545616682671507,2.6242857142856906,-0.0419161676646654
2012-10-19,-1,930,959,143.45000000000002,143.35999999999999,143.46,143.35,eod,0.09000000000003183,0.0006273525721457677,6.273525721457677,2.618571428571414,0.034369885433727564
2012-10-23,-1,930,959,141.63,141.41,141.64,141.4,eod,0.21999999999999886,0.0015532335498446687,15.532335498446686,2.765714285714296,0.07954545454545385
2012-10-31,1,930,959,141.54999999999998,141.24,141.54,141.25,eod,-0.30999999999997385,-0.002190193584852154,-21.901935848521543,3.1014285714285563,-0.09995393827728363
2012-11-01,1,930,959,142.755,142.87,142.745,142.88,eod,0.1150000000000091,0.0008056324214509026,8.056324214509026,3.0649999999999977,0.03752039151713187
2012-11-06,1,930,959,142.95999999999998,142.91,142.95,142.92,eod,-0.04999999999998295,-0.00034977264777882443,-3.497726477788244,3.28642857142853,-0.015214083894800478
2012-11-07,-1,930,959,140.53,139.73,140.54,139.72,eod,0.8000000000000114,0.005692329585883104,56.92329585883104,3.3085714285714403,0.24179620034542573
2012-11-19,1,930,959,138.79999999999998,139.10000000000002,138.79,139.11,eod,0.3000000000000398,0.0021615390157795214,21.615390157795215,3.825728571428556,0.07841643608501414
2012-11-26,-1,930,959,140.84,141.1,140.85,141.09,eod,-0.2599999999999909,-0.0018459353922612063,-18.459353922612063,3.7628714285714295,-0.06909616895911314
2012-11-29,1,930,959,142.0,142.13,141.99,142.14,eod,0.12999999999999545,0.000915557433622054,9.155574336220539,3.482342857142868,0.03733118918297884
2012-12-07,1,930,959,142.2,142.39000000000001,142.19,142.4,eod,0.19000000000002615,0.001336240241929996,13.362402419299961,2.93089999999998,0.06482650380430156
2012-12-11,1,930,959,143.32,143.42000000000002,143.31,143.43,eod,0.10000000000002274,0.0006977880120021125,6.9778801200211245,2.4823285714285532,0.0402847556729663
2012-12-12,1,930,959,143.57999999999998,143.5,143.57,143.51,eod,-0.07999999999998408,-0.0005572194748205342,-5.572194748205342,2.5299714285714003,-0.031620910456351556
2012-12-14,-1,930,959,142.01000000000002,142.12,142.02,142.11,eod,-0.10999999999998522,-0.0007745387973523815,-7.7453879735238145,2.593042857142848,-0.04242120399089318
2012-12-17,1,930,959,143.25,143.76000000000002,143.24,143.77,eod,0.5100000000000193,0.003560457972633477,35.60457972633477,2.5271428571428487,0.2018089315997822
2012-12-19,-1,930,959,144.70000000000002,144.29,144.71,144.28,eod,0.410000000000025,0.002833252712321367,28.33252712321367,2.4907142857142617,0.1646114138227819
2012-12-21,-1,930,959,142.75,142.81,142.76,142.8,eod,-0.060000000000002274,-0.00042028579434016727,-4.202857943401673,2.58642857142857,-0.023198011599006692
2012-12-28,-1,930,959,140.705,139.95999999999998,140.715,139.95,eod,0.745000000000033,0.00529438936858212,52.943893685821195,2.8895714285714575,0.2578237009937301
2012-12-31,1,930,959,141.6,142.45000000000002,141.59,142.46,eod,0.8500000000000227,0.006003248817007012,60.03248817007012,2.98784285714288,0.284486179709208
2013-01-02,1,930,959,145.30499999999998,146.08,145.295,146.09,eod,0.7750000000000341,0.00533397570460122,53.339757046012195,3.319985714285707,0.23343473939217685
2013-01-03,-1,930,959,145.54000000000002,145.78,145.55,145.77,eod,-0.23999999999998067,-0.0016489178976295477,-16.489178976295477,3.6278428571428663,-0.06615501537709778
2013-01-04,1,930,959,146.58499999999998,146.37,146.575,146.38,eod,-0.214999999999975,-0.001466825857069589,-14.66825857069589,3.5928428571428697,-0.05984119221149268
2013-01-07,-1,930,959,146.03,145.975,146.04,145.965,eod,0.05500000000000682,0.0003766091481786279,3.766091481786279,3.4949857142857184,0.01573683113358515
2013-01-08,-1,930,959,145.57000000000002,145.54999999999998,145.58,145.54,eod,0.020000000000038654,0.00013738150844922828,1.3738150844922827,3.529985714285715,0.005665745308571486
2013-01-09,1,930,959,145.85,145.94,145.84,145.95,eod,0.09000000000000341,0.0006171146461876262,6.171146461876262,3.412128571428582,0.026376497284896397
2013-01-10,1,930,959,146.97,147.06,146.96,147.07,eod,0.09000000000000341,0.0006124115405552763,6.124115405552763,3.27641428571431,0.027469053712901266
2013-01-14,-1,930,959,146.91500000000002,146.97,146.925,146.96,eod,-0.0549999999999784,-0.0003743406499913452,-3.743406499913452,3.154271428571434,-0.01743667317333177
2013-01-17,1,930,959,148.2,147.91,148.19,147.92,eod,-0.28999999999999204,-0.0019569471624265606,-19.569471624265606,2.747842857142871,-0.1055373305813877
2013-01-24,1,930,959,149.54,149.37,149.53,149.38,eod,-0.1699999999999875,-0.0011368956062327794,-11.368956062327795,1.8457142857143083,-0.09210526315788684
2013-01-25,1,930,959,150.105,150.19,150.095,150.2,eod,0.08500000000000796,0.0005663080049302638,5.663080049302638,1.8600000000000136,0.04569892473118674
2013-01-28,-1,930,959,149.96,150.04999999999998,149.97,150.04,eod,-0.08999999999997499,-0.0006001200240046342,-6.001200240046342,1.8535714285714278,-0.048554913294784216
2013-02-01,1,930,959,151.09,151.21,151.08,151.22,eod,0.12000000000000455,0.0007942811755361698,7.9428117553616975,1.8542857142857372,0.06471494607087992
2013-02-04,-1,930,959,149.93,149.54999999999998,149.94,149.54,eod,0.3800000000000239,0.0025343470721623574,25.343470721623575,1.9971428571428476,0.19027181688127182
2013-02-05,1,930,959,151.31,151.05,151.3,151.06,eod,-0.2599999999999909,-0.001718440185062729,-17.18440185062729,2.155714285714282,-0.12060967528163945
2013-02-07,-1,930,959,150.77,150.95,150.78,150.94,eod,-0.1799999999999784,-0.0011937922801431118,-11.937922801431117,2.3142857142857167,-0.07777777777776836
2013-02-08,1,930,959,151.67,151.77,151.66,151.78,eod,0.10000000000002274,0.0006593696426218037,6.593696426218036,2.339999999999975,0.04273504273505291
2013-02-19,1,930,959,153.09,153.21,153.08,153.22,eod,0.12000000000000455,0.0007839038411288512,7.839038411288512,2.229457142857143,0.053824761953584585
2013-02-20,-1,930,959,151.59,151.32,151.6,151.31,eod,0.27000000000001023,0.001781002638522495,17.810026385224948,2.2225571428571413,0.12148169097372222
2013-02-21,-1,930,959,150.83,150.42,150.84,150.41,eod,0.410000000000025,0.002718111906656225,27.18111906656225,2.3624571428571244,0.17354812181023374
2013-02-22,1,930,959,151.54999999999998,151.83,151.54,151.84,eod,0.28000000000002956,0.0018476969776958531,18.47696977695853,2.4567428571428422,0.11397204196033184
2013-02-26,1,930,959,149.95,150.0,149.94,150.01,eod,0.05000000000001137,0.0003334667200214177,3.334667200214177,2.7167428571428616,0.018404391813730676
2013-02-27,1,930,959,152.141,151.9,152.131,151.91,eod,-0.24099999999998545,-0.0015841610191215823,-15.841610191215823,2.6495999999999924,-0.0909571256038595
2013-02-28,1,930,959,152.41,151.60000000000002,152.4,151.61,eod,-0.8099999999999739,-0.005314960629921088,-53.14960629921088,2.8873142857142966,-0.28053752374919827
2013-03-05,1,930,959,154.2301,154.3,154.2201,154.31,eod,0.06990000000001828,0.00045324831199057894,4.532483119905789,3.125957142857146,0.02236115109886926
2013-03-06,1,930,959,154.57,154.5,154.56,154.51,eod,-0.06999999999999318,-0.00045289855072459356,-4.5289855072459355,3.288714285714292,-0.0212849137743778
2013-03-07,1,930,959,154.85999999999999,154.78,154.85,154.79,eod,-0.07999999999998408,-0.0005166289958022866,-5.166289958022866,3.2701428571428437,-0.02446376305097597
2013-03-08,1,930,959,155.48,155.43,155.47,155.44,eod,-0.04999999999998295,-0.0003216054544283974,-3.216054544283974,3.201571428571441,-0.01561733077506043
2013-03-14,1,930,959,156.565,156.72,156.555,156.73,eod,0.15500000000000114,0.0009900673884577376,9.900673884577376,2.9511428571428837,0.052522025365475754
2013-03-15,-1,930,959,155.64000000000001,155.85,155.65,155.84,eod,-0.20999999999997954,-0.0013491808544810763,-13.491808544810764,2.8642857142856997,-0.07331670822941966
2013-03-18,-1,930,959,154.985,154.95999999999998,154.995,154.95,eod,0.025000000000034106,0.00016129552566233817,1.6129552566233816,2.530714285714282,0.00987863392606486
2013-03-20,1,930,959,155.66,155.64000000000001,155.65,155.65,eod,-0.01999999999998181,-0.0001284934147123791,-1.2849341471237912,2.4571428571428555,-0.008139534883713533
2013-03-21,-1,930,959,154.73000000000002,154.37,154.74,154.36,eod,0.36000000000001364,0.002326483132997374,23.264831329973738,2.4514285714285506,0.14685314685315368
2013-03-22,1,930,959,155.13,155.5,155.12,155.51,eod,0.37000000000000455,0.0023852501289324687,23.852501289324685,2.407142857142844,0.1537091988130591
2013-03-26,1,930,959,156.07,156.13,156.06,156.14,eod,0.060000000000002274,0.0003844675124952087,3.844675124952087,2.4057142857143106,0.024940617577197836
2013-04-02,1,930,959,156.67999999999998,156.79000000000002,156.67,156.8,eod,0.11000000000004206,0.0007021127210062046,7.021127210062046,2.6474285714285486,0.041549751780719894
2013-04-03,-1,930,959,155.28,155.26999999999998,155.29,155.26,eod,0.010000000000019327,6.439564685439711e-05,0.643956468543971,2.7035714285714505,0.003698811096440408
2013-04-04,1,930,959,155.57,155.841,155.56,155.851,eod,0.271000000000015,0.0017420930830548663,17.420930830548663,2.882142857142867,0.09402726146221059
2013-04-05,-1,930,959,154.685,155.2,154.695,155.19,eod,-0.5149999999999864,-0.00332913151685566,-33.2913151685566,2.9099999999999966,-0.17697594501717764
2013-04-10,1,930,959,158.66,158.69,158.65,158.7,eod,0.030000000000001137,0.00018909549322408532,1.8909549322408532,2.8922857142857197,0.010372419243307694
2013-04-12,-1,930,959,158.62,158.808,158.63,158.798,eod,-0.18799999999998818,-0.00118514782827957,-11.8514782827957,2.9601428571428414,-0.0635104483374318
2013-04-15,-1,930,959,155.83,155.10999999999999,155.84,155.1,eod,0.7200000000000273,0.004620123203285596,46.20123203285596,2.95085714285716,0.24399690162665386
2013-04-16,1,930,959,157.1,157.38,157.09,157.39,eod,0.28000000000000114,0.001782417722324789,17.82417722324789,3.2048571428571506,0.08736738878488023
2013-04-17,-1,930,959,155.247,155.07,155.257,155.06,eod,0.17700000000002092,0.0011400452153527436,11.400452153527436,3.3735714285714096,0.05246665255135098
2013-04-18,-1,930,959,154.08,154.17999999999998,154.09,154.17,eod,-0.0999999999999659,-0.0006489713803619047,-6.489713803619047,3.627999999999986,-0.027563395810354545
2013-04-19,1,930,959,155.37,155.44,155.36,155.45,eod,0.06999999999999318,0.00045056642636452865,4.505664263645286,3.755571428571443,0.018638974476014696
2013-04-23,1,930,959,157.76999999999998,157.81,157.76,157.82,eod,0.040000000000020464,0.00025354969574049483,2.5354969574049484,3.8691428571428617,0.010338207059523812
2013-04-25,1,930,959,158.42999999999998,158.54000000000002,158.42,158.55,eod,0.11000000000004206,0.0006943567731349708,6.943567731349708,3.7541428571428526,0.029300962745930036
2013-04-29,1,930,959,159.38,159.32000000000002,159.37,159.33,eod,-0.05999999999997385,-0.0003764823994476617,-3.7648239944766173,3.569714285714298,-0.016808067872571456
2013-05-01,-1,930,959,158.25,158.2825,158.26,158.2725,eod,-0.03249999999999886,-0.00020535827119928514,-2.0535827119928514,3.444000000000017,-0.009436701509871866
2013-05-02,1,930,959,159.79,159.71,159.78,159.72,eod,-0.07999999999998408,-0.0005006884466139948,-5.006884466139948,3.49542857142859,-0.02288703612881664
2013-05-03,1,930,959,161.45999999999998,161.37,161.45,161.38,eod,-0.08999999999997499,-0.0005574481263547538,-5.574481263547538,3.5422142857142944,-0.025407836099285087
2013-05-07,1,930,959,162.6,162.58,162.59,162.59,eod,-0.01999999999998181,-0.00012300879512873984,-1.2300879512873983,3.071071428571429,-0.006512385161059317
2013-05-08,1,930,959,163.26999999999998,163.33,163.26,163.34,eod,0.060000000000030695,0.0003675119441383725,3.675119441383725,2.774485714285703,0.021625629460297228
2013-05-10,1,930,959,163.1,163.44,163.09,163.45,eod,0.3400000000000034,0.002084738487951459,20.84738487951459,2.618928571428569,0.1298240829128611
2013-05-14,1,930,959,164.98,165.26000000000002,164.97,165.27,eod,0.28000000000002956,0.001697278293023153,16.97278293023153,2.398214285714289,0.11675353685779326
2013-05-17,1,930,959,166.91,166.96,166.9,166.97,eod,0.05000000000001137,0.00029958058717801896,2.9958058717801896,2.6267857142857167,0.01903467029232246
2013-05-21,1,930,959,167.35,167.18,167.34,167.19,eod,-0.1699999999999875,-0.001015895781044505,-10.15895781044505,2.6425000000000125,-0.06433301797539705
2013-05-23,-1,930,959,165.49190000000002,165.44,165.5019,165.43,eod,0.0519000000000176,0.00031359156601838163,3.1359156601838163,2.933814285714277,0.0176902813012862
2013-05-24,-1,930,959,165.07000000000002,165.32999999999998,165.08,165.32,eod,-0.2599999999999625,-0.0015749939423307636,-15.749939423307636,2.9085714285714346,-0.08939096267189262
2013-05-28,1,930,959,166.29,166.29000000000002,166.28,166.3,eod,2.842170943040401e-14,1.7092680677414005e-16,1.7092680677414004e-12,3.0257142857142867,9.393388385874786e-15
2013-05-29,-1,930,959,165.58,165.23,165.59,165.22,eod,0.35000000000002274,0.0021136542061720074,21.136542061720075,3.2371428571428567,0.10812003530450837
2013-05-30,1,930,959,166.19,165.81,166.18,165.82,eod,-0.37999999999999545,-0.0022866770971235735,-22.866770971235734,3.36571428571429,-0.11290322580645011
2013-05-31,-1,930,959,164.72,163.45,164.73,163.44,eod,1.2700000000000102,0.007709585382140535,77.09585382140536,3.386714285714305,0.3749947272957363
2013-06-05,-1,930,959,161.78,161.26999999999998,161.79,161.26,eod,0.5100000000000193,0.003152234377897394,31.522343778973937,3.8957285714285774,0.13091261124822168
2013-06-06,1,930,959,162.19,162.69,162.18,162.7,eod,0.5,0.0030829942039708965,30.829942039708964,4.015014285714301,0.124532558147809
2013-06-07,1,930,959,164.38,164.8,164.37,164.81,eod,0.4200000000000159,0.0025552108048915003,25.552108048915002,4.199299999999994,0.10001666944491142
2013-06-11,-1,930,959,163.53,163.13,163.54,163.12,eod,0.4000000000000057,0.0024458847988260103,24.458847988260104,4.271457142857173,0.09364485856281965
2013-06-13,1,930,959,163.89999999999998,164.20000000000002,163.89,164.21,eod,0.3000000000000398,0.0018304960644337045,18.304960644337044,4.2255857142857,0.0709960749312956
2013-06-17,1,930,959,164.03,164.44,164.02,164.45,eod,0.4099999999999966,0.002499695159126915,24.99695159126915,4.436585714285712,0.09241340670592822
2013-06-18,1,930,959,165.92999999999998,165.73000000000002,165.92,165.74,eod,-0.1999999999999602,-0.001205400192863791,-12.054001928637911,4.371585714285686,-0.04574998937945794
2013-06-19,-1,930,959,164.63,163.47,164.64,163.46,eod,1.1599999999999966,0.007045675413022332,70.45675413022332,4.316585714285708,0.2687309083568028
2013-06-20,-1,930,959,159.46,159.39,159.47,159.38,eod,0.0700000000000216,0.00043895403524187374,4.389540352418737,4.479442857142857,0.01562694340176716
2013-06-24,-1,930,959,157.56,157.04,157.57,157.03,eod,0.5200000000000102,0.003300120581328998,33.00120581328998,4.735142857142847,0.1098171725095058
2013-06-25,1,930,959,158.905,158.58,158.895,158.59,eod,-0.32499999999998863,-0.0020453758771515063,-20.453758771515062,4.856571428571442,-0.06691963760442152
2013-06-26,1,930,959,160.37,160.13,160.36,160.14,eod,-0.2400000000000091,-0.001496632576702476,-14.966325767024761,4.960857142857151,-0.04837873639348215
2013-06-27,1,930,959,161.39,161.12,161.38,161.13,eod,-0.2699999999999818,-0.0016730697732059848,-16.73069773205985,4.867999999999995,-0.055464256368114646
2013-07-01,1,930,959,161.51999999999998,161.34,161.51,161.35,eod,-0.1799999999999784,-0.0011144820754131533,-11.144820754131533,4.859428571428538,-0.03704139228597888
2013-07-05,1,930,959,162.38,162.99,162.37,163.0,eod,0.6100000000000136,0.0037568516351543613,37.568516351543614,4.52928571428572,0.13467907270146948
2013-07-08,1,930,959,163.79999999999998,163.9,163.79,163.91,eod,0.10000000000002274,0.0006105378838758334,6.105378838758334,4.522142857142853,0.02211341020376433
2013-07-09,1,930,959,165.25,165.08,165.24,165.09,eod,-0.1699999999999875,-0.0010288065843620641,-10.288065843620641,4.439285714285717,-0.038294448913915105
2013-07-11,1,930,959,167.42999999999998,167.42000000000002,167.42,167.43,eod,-0.009999999999962483,-5.973002030798282e-05,-0.5973002030798282,4.233571428571423,-0.002362071874463893
2013-07-16,-1,930,959,167.43,167.53,167.44,167.52,eod,-0.09999999999999432,-0.0005972288580983893,-5.972288580983893,3.34571428571428,-0.02988898377455002
2013-07-17,1,930,959,167.95999999999998,167.95000000000002,167.95,167.96,eod,-0.009999999999962483,-5.954153021710321e-05,-0.5954153021710321,3.1214285714285666,-0.0032036613272191073
2013-07-18,1,930,959,168.89,168.88,168.88,168.89,eod,-0.009999999999990905,-5.921364282325264e-05,-0.5921364282325264,2.9657142857142844,-0.0033718689788023296
2013-07-29,-1,930,959,168.69,168.57999999999998,168.7,168.57,eod,0.11000000000001364,0.0006520450503853803,6.520450503853803,2.3992857142857247,0.04584697826734696
2013-07-30,1,930,959,168.79,168.57000000000002,168.78,168.58,eod,-0.21999999999997044,-0.0013034719753523547,-13.034719753523547,2.342142857142875,-0.09393107654771464
2013-07-31,1,930,959,169.45999999999998,168.60000000000002,169.45,168.61,eod,-0.8599999999999568,-0.005075243434641233,-50.75243434641233,2.342857142857156,-0.3670731707316868
2013-08-01,1,930,959,170.5,170.65,170.49,170.66,eod,0.15000000000000568,0.0008798169980644358,8.798169980644358,2.1971428571428646,0.06827048114434565
2013-08-05,-1,930,959,170.77,170.73999999999998,170.78,170.73,eod,0.03000000000002956,0.00017566459772824428,1.7566459772824428,2.4171428571428635,0.012411347517742692
2013-08-06,-1,930,959,169.8,169.76,169.81,169.75,eod,0.040000000000020464,0.00023555738766869126,2.3555738766869125,2.329999999999984,0.017167381974257826
2013-08-07,-1,930,959,169.33,169.20999999999998,169.34,169.2,eod,0.12000000000003297,0.0007086335183656133,7.086335183656133,2.3899999999999864,0.05020920502093458
2013-08-08,1,930,959,169.98,169.78,169.97,169.79,eod,-0.19999999999998863,-0.0011766782373359337,-11.766782373359337,2.3717857142857213,-0.08432464990211813
2013-08-12,-1,930,959,169.05,169.12,169.06,169.11,eod,-0.06999999999999318,-0.0004140541819471973,-4.140541819471973,2.519999999999982,-0.02777777777777527
2013-08-15,-1,930,959,166.31,166.35999999999999,166.32,166.35,eod,-0.04999999999998295,-0.00030062530062519813,-3.006253006251981,2.508571428571429,-0.019931662870152654
2013-08-20,1,930,959,166.01999999999998,165.57000000000002,166.01,165.58,eod,-0.4499999999999602,-0.002710680079513043,-27.10680079513043,2.719999999999999,-0.1654411764705737
2013-08-21,-1,930,959,165.3,164.59,165.31,164.58,eod,0.710000000000008,0.004294960982396757,42.94960982396757,2.7299999999999898,0.260073260073264
2013-08-22,1,930,959,166.08499999999998,165.98000000000002,166.075,165.99,eod,-0.10499999999996135,-0.0006322444678606735,-6.322444678606735,2.6835714285714403,-0.03912696300238096
2013-08-23,1,930,959,166.565,166.58,166.555,166.59,eod,0.01500000000001478,9.006034042817555e-05,0.9006034042817554,2.799285714285702,0.0053585098239399805
2013-08-27,-1,930,959,163.44500000000002,163.32999999999998,163.455,163.32,eod,0.11500000000003752,0.000703557554067098,7.035575540670981,2.867857142857133,0.04009962640100948
2013-08-28,1,930,959,164.28,163.91,164.27,163.92,eod,-0.37000000000000455,-0.0022523893589821912,-22.523893589821913,3.087142857142851,-0.11985192040722059
2013-08-29,1,930,959,164.29999999999998,164.16,164.29,164.17,eod,-0.13999999999998636,-0.0008521516829994909,-8.52151682999491,3.121285714285733,-0.04485331136435986
2013-09-03,1,930,959,164.29999999999998,164.37,164.29,164.38,eod,0.0700000000000216,0.00042607584149991846,4.260758414999184,3.2128571428571604,0.02178746109382608
2013-09-04,1,930,959,165.75,165.75,165.74,165.76,eod,0.0,0.0,0.0,3.277142857142877,0.0
2013-09-05,1,930,959,166.07,165.905,166.06,165.915,eod,-0.16499999999999204,-0.0009936167650246418,-9.936167650246418,3.4007142857142867,-0.04851921865154144
2013-09-09,1,930,959,167.57,167.63,167.56,167.64,eod,0.060000000000002274,0.0003580806875149336,3.580806875149336,3.303571428571445,0.01816216216216276
2013-09-10,1,930,959,168.785,168.88,168.775,168.89,eod,0.09499999999999886,0.000562879573396527,5.62879573396527,3.3614285714285757,0.028261793455163248
2013-09-13,1,930,959,169.26999999999998,169.33,169.26,169.34,eod,0.060000000000030695,0.0003544842254521488,3.544842254521488,3.093571428571437,0.019395058877867178
2013-09-16,1,930,959,170.26,170.3,170.25,170.31,eod,0.040000000000020464,0.00023494860499277806,2.3494860499277808,3.055000000000007,0.013093289689041039
2013-09-17,1,930,959,171.03,171.03,171.02,171.04,eod,0.0,0.0,0.0,3.116000000000014,0.0
2013-09-20,-1,930,959,170.69,170.72,170.7,170.71,eod,-0.030000000000001137,-0.00017574692442882917,-1.7574692442882918,2.9535714285714505,-0.010157194679565001
2013-09-23,-1,930,959,169.81,169.94,169.82,169.93,eod,-0.12999999999999545,-0.0007655164291602607,-7.655164291602606,3.072857142857174,-0.04230590423058851
2013-09-25,-1,930,959,169.17000000000002,169.09,169.18,169.08,eod,0.0800000000000125,0.00047286913346738683,4.728691334673869,2.892142857142858,0.027661150901461467
2013-09-27,-1,930,959,168.83,168.95,168.84,168.94,eod,-0.11999999999997613,-0.0007107320540154947,-7.107320540154947,2.755000000000024,-0.043557168784019995
2013-09-30,-1,930,959,167.85000000000002,168.01999999999998,167.86,168.01,eod,-0.16999999999995907,-0.0010127487191704937,-10.127487191704937,2.683671428571415,-0.06334605577645333
2013-10-01,1,930,959,168.82,169.32000000000002,168.81,169.33,eod,0.5000000000000284,0.002961909839464655,29.61909839464655,2.749285714285719,0.1818654195895138
2013-10-02,-1,930,959,168.81,169.16,168.82,169.15,eod,-0.3499999999999943,-0.0020732140741617955,-20.732140741617954,2.828571428571422,-0.12373737373737201
2013-10-03,-1,930,959,168.0,167.67999999999998,168.01,167.67,eod,0.3200000000000216,0.0019046485328255557,19.046485328255557,2.927857142857164,0.1092949499878085
2013-10-04,1,930,959,168.85,168.85000000000002,168.84,168.86,eod,2.842170943040401e-14,1.6833516601755513e-16,1.6833516601755512e-12,3.1450000000000102,9.037109516821594e-15
2013-10-07,-1,930,959,167.93,167.45999999999998,167.94,167.45,eod,0.4700000000000273,0.0027986185542457262,27.986185542457264,3.1021428571428373,0.15150817407323103
2013-10-10,1,930,959,169.04999999999998,169.15,169.04,169.16,eod,0.10000000000002274,0.0005915759583531871,5.91575958353187,3.204285714285703,0.031208203299160124
2013-10-11,1,930,959,170.0,170.23000000000002,169.99,170.24,eod,0.2300000000000182,0.0013530207659275145,13.530207659275145,3.4114285714285586,0.06742043551089336
2013-10-15,-1,930,959,170.25,169.72,170.26,169.71,eod,0.5300000000000011,0.003112886174086698,31.128861740866977,3.541428571428554,0.14965711980637458
2013-10-16,1,930,959,171.69,172.06,171.68,172.07,eod,0.37000000000000455,0.00215517241379313,21.5517241379313,3.625714285714281,0.10204885736800769
2013-10-18,1,930,959,174.26,174.36,174.25,174.37,eod,0.10000000000002274,0.0005738880918222252,5.738880918222252,3.9209999999999923,0.0255036980362211
2013-10-22,1,930,959,175.67999999999998,175.42000000000002,175.67,175.43,eod,-0.2599999999999625,-0.0014800478169292566,-14.800478169292566,3.759999999999991,-0.06914893617020296
2013-10-23,-1,930,959,174.44,174.63,174.45,174.62,eod,-0.18999999999999773,-0.0010891372886213686,-10.891372886213686,3.7442857142857235,-0.05074399084318889
2013-10-25,1,930,959,175.56,175.92000000000002,175.55,175.93,eod,0.36000000000001364,0.002050697806892701,20.50697806892701,3.5305714285714487,0.10196649672250875
2013-10-29,1,930,959,176.94,177.21,176.93,177.22,eod,0.27000000000001023,0.0015260272424123113,15.260272424123112,3.2164285714285654,0.08394403730846436
2013-10-31,-1,930,959,176.16,175.73,176.17,175.72,eod,0.4300000000000068,0.002440824203894005,24.40824203894005,2.857142857142861,0.15050000000000216
2013-11-01,1,930,959,176.045,176.14000000000001,176.035,176.15,eod,0.09500000000002728,0.0005396654074475377,5.396654074475377,2.829999999999984,0.033568904593649404
2013-11-04,1,930,959,176.63,176.81,176.62,176.82,eod,0.18000000000000682,0.0010191371305628288,10.191371305628287,2.7445571428571327,0.06558435136556262
2013-11-05,-1,930,959,176.44500000000002,176.32999999999998,176.455,176.32,eod,0.11500000000003752,0.0006517242356410275,6.517242356410275,2.615014285714267,0.043976815204520514
2013-11-06,1,930,959,177.04,177.14000000000001,177.03,177.15,eod,0.10000000000002274,0.0005648760097159958,5.648760097159958,2.438585714285722,0.04100737546939719
2013-11-12,-1,930,959,176.815,176.98999999999998,176.825,176.98,eod,-0.17499999999998295,-0.0009896790612186227,-9.896790612186226,2.6535857142857253,-0.06594850095019007
2013-11-14,1,930,959,179.29,179.3,179.28,179.31,eod,0.010000000000019327,5.577867023660936e-05,0.5577867023660936,2.8035857142857026,0.0035668608058117197
2013-11-15,1,930,959,179.98,180.05,179.97,180.06,eod,0.0700000000000216,0.0003889537145080936,3.889537145080936,2.8500142857142805,0.024561280394592114
2013-11-21,1,930,959,179.98,179.87,179.97,179.88,eod,-0.10999999999998522,-0.0006112129799410191,-6.112129799410192,2.89858571428573,-0.037949541894810396
2013-11-27,1,930,959,181.14999999999998,181.13,181.14,181.14,eod,-0.01999999999998181,-0.00011041183614873475,-1.1041183614873475,2.8628571428571377,-0.006986027944105435
2013-12-02,-1,930,959,180.66,180.54,180.67,180.53,eod,0.12000000000000455,0.0006641943875574503,6.641943875574503,2.3235714285714266,0.05164463572087504
2013-12-03,-1,930,959,179.47,179.89,179.48,179.88,eod,-0.4199999999999875,-0.00234009360374408,-23.4009360374408,2.403571428571439,-0.174739970282312
2013-12-04,-1,930,959,179.73000000000002,179.70999999999998,179.74,179.7,eod,0.020000000000038654,0.00011127183709824554,1.1127183709824553,2.464528571428559,0.00811514227584941
2013-12-05,-1,930,959,178.98000000000002,179.0,178.99,178.99,eod,-0.01999999999998181,-0.00011173808592648645,-1.1173808592648644,2.429285714285726,-0.00823287268449703
2013-12-06,1,930,959,180.76,180.92000000000002,180.75,180.93,eod,0.160000000000025,0.0008852005532504841,8.85200553250484,2.4007000000000005,0.06664722789187527
2013-12-09,1,930,959,181.22,181.37,181.21,181.38,eod,0.15000000000000568,0.0008277688869268014,8.277688869268014,2.6048857142857287,0.057584100207304624
2013-12-10,-1,930,959,181.01000000000002,180.78,181.02,180.77,eod,0.2300000000000182,0.001270577836703227,12.70577836703227,2.499271428571433,0.09202681924447265
2013-12-11,-1,930,959,178.9,178.69,178.91,178.68,eod,0.21000000000000796,0.001173774523503482,11.737745235034819,2.4214142857142917,0.086726175375669
2013-12-16,1,930,959,179.315,179.19,179.305,179.2,eod,-0.125,-0.0006971361646356766,-6.971361646356766,2.3914142857142906,-0.052270324195484934
2013-12-17,-1,930,959,178.9,178.64,178.91,178.63,eod,0.2600000000000193,0.001453244648147221,14.53244648147221,2.519985714285724,0.10317518806796684
2013-12-18,1,930,959,180.92,181.69,180.91,181.7,eod,0.7700000000000102,0.004256260018793932,42.562600187939324,2.569271428571426,0.29969585596806636
2013-12-19,-1,930,959,181.46,181.535,181.47,181.525,eod,-0.07499999999998863,-0.0004132914531326866,-4.132914531326866,3.114985714285723,-0.02407715696930135
2013-12-23,1,930,959,182.44,182.45000000000002,182.43,182.46,eod,0.010000000000019327,5.4815545688863273e-05,0.5481554568886328,3.1421285714285716,0.0031825559561596225
2013-12-31,1,930,959,184.14,184.55,184.13,184.56,eod,0.410000000000025,0.0022266876663228426,22.266876663228427,2.6234571428571485,0.15628233192843516
2014-01-02,-1,930,959,182.98000000000002,182.95999999999998,182.99,182.95,eod,0.020000000000038654,0.00010929558992315784,1.0929558992315784,2.6413142857142873,0.007571987971370881
2014-01-03,1,930,959,183.37,182.79000000000002,183.36,182.8,eod,-0.5799999999999841,-0.003163176265270419,-31.63176265270419,2.6027428571428572,-0.22284183718274614
2014-01-07,1,930,959,183.60999999999999,183.43,183.6,183.44,eod,-0.1799999999999784,-0.0009803921568626276,-9.803921568626276,2.6734571428571314,-0.06732855264985167
2014-01-08,-1,930,959,183.01000000000002,183.54,183.02,183.53,eod,-0.5299999999999727,-0.0028958583761336068,-28.95858376133607,2.6241714285714295,-0.20196851251006073
2014-01-09,1,930,959,183.69,183.62,183.68,183.63,eod,-0.06999999999999318,-0.0003810975609755726,-3.810975609755726,2.5927428571428663,-0.026998435192733043
2014-01-13,-1,930,959,181.73000000000002,181.73,181.74,181.72,eod,2.842170943040401e-14,1.563866481259162e-16,1.5638664812591619e-12,2.176314285714284,1.3059561119903126e-14
2014-01-14,1,930,959,183.745,183.67000000000002,183.735,183.68,eod,-0.07499999999998863,-0.00040819658747646677,-4.081965874764668,2.4070285714286115,-0.03115874937681977
2014-01-15,1,930,959,184.63,184.66,184.62,184.67,eod,0.030000000000001137,0.00016249593760156612,1.6249593760156613,2.53917142857145,0.011814877744146357
2014-01-16,-1,930,959,184.27,184.41,184.28,184.4,eod,-0.13999999999998636,-0.000759713479487662,-7.59713479487662,2.576571428571441,-0.054335772898641596
2014-01-17,-1,930,959,183.58,183.62,183.59,183.61,eod,-0.03999999999999204,-0.00021787679067483,-2.1787679067483,2.6049999999999898,-0.01535508637235785
2014-01-21,1,930,959,183.95,184.18,183.94,184.19,eod,0.2300000000000182,0.0012504077416549864,12.504077416549864,2.682242857142853,0.08574913318811707
2014-01-23,-1,930,959,182.38,182.79,182.39,182.78,eod,-0.4099999999999966,-0.0022479302593343747,-22.479302593343746,2.835000000000008,-0.14462081128747634
2014-01-24,-1,930,959,179.35000000000002,178.89999999999998,179.36,178.89,eod,0.4500000000000455,0.002508920606601502,25.08920606601502,2.9092857142857156,0.15467714215567477
2014-01-28,1,930,959,179.1001,179.06,179.0901,179.07,eod,-0.04009999999999536,-0.00022390964101307308,-2.2390964101307307,3.4608142857142923,-0.011586868490898797
2014-01-29,-1,930,959,177.17000000000002,177.32999999999998,177.18,177.32,eod,-0.15999999999996817,-0.0009030364600968967,-9.030364600968968,3.4464285714285836,-0.04642487046631184
2014-01-30,1,930,959,179.59,179.31,179.58,179.32,eod,-0.28000000000000114,-0.0015591936741285283,-15.591936741285284,3.615000000000009,-0.07745504840940537
2014-01-31,-1,930,959,178.46,178.10999999999999,178.47,178.1,eod,0.35000000000002274,0.0019611139127025425,19.611139127025425,3.798571428571421,0.09213990221888545
2014-02-03,-1,930,959,174.365,174.17999999999998,174.375,174.17,eod,0.1850000000000307,0.001060931899641753,10.60931899641753,3.963571428571413,0.04667507659038457
2014-02-04,1,930,959,174.958,175.38,174.948,175.39,eod,0.42199999999999704,0.0024121453231817284,24.121453231817284,4.209428571428589,0.10025113690354874
2014-02-06,1,930,959,177.291,177.41,177.281,177.42,eod,0.11899999999999977,0.0006712507262481584,6.712507262481584,4.2274285714285895,0.02814949986482816
2014-02-07,1,930,959,179.56,179.68,179.55,179.69,eod,0.12000000000000455,0.0006683375104427989,6.683375104427989,4.435714285714312,0.027053140096619223
2014-02-11,1,930,959,182.20999999999998,181.94,182.2,181.95,eod,-0.2699999999999818,-0.001481888035126135,-14.81888035126135,4.511428571428581,-0.05984800506649362
2014-02-24,1,930,959,185.265,184.98000000000002,185.255,184.99,eod,-0.28499999999996817,-0.0015384200156539267,-15.384200156539267,3.8948571428571483,-0.07317341549294946
2014-02-25,-1,930,959,184.52,184.81,184.53,184.8,eod,-0.28999999999999204,-0.0015715601799165017,-15.715601799165016,3.5662857142857263,-0.08131709661912905
2014-03-03,-1,930,959,184.59,184.94,184.6,184.93,eod,-0.3499999999999943,-0.0018959913326110202,-18.9599133261102,3.2648571428571245,-0.10720224030804122
2014-03-04,1,930,959,187.85,187.68,187.84,187.69,eod,-0.1699999999999875,-0.000905025553662625,-9.050255536626251,3.5105714285714384,-0.04842516480833031
2014-03-06,1,930,959,188.30499999999998,188.17000000000002,188.295,188.18,eod,-0.13499999999996248,-0.0007169600892215008,-7.1696008922150085,3.530714285714282,-0.038235889136141545
2014-03-11,-1,930,959,187.05,187.20999999999998,187.06,187.2,eod,-0.15999999999996817,-0.0008553405324493113,-8.553405324493113,3.3442857142856894,-0.047842802221263796
2014-03-12,-1,930,959,186.83,187.26999999999998,186.84,187.26,eod,-0.4399999999999693,-0.0023549561121813814,-23.549561121813813,3.3100000000000023,-0.13293051359515679
2014-03-17,1,930,959,186.45999999999998,186.33,186.45,186.34,eod,-0.12999999999996703,-0.0006972378653792815,-6.972378653792815,3.447142857142836,-0.03771239121424678
2014-03-18,1,930,959,187.70999999999998,187.68,187.7,187.69,eod,-0.029999999999972715,-0.0001598295151836586,-1.598295151836586,3.5514285714285734,-0.008447304907474211
2014-03-25,1,930,959,186.37,186.33,186.36,186.34,eod,-0.03999999999999204,-0.00021463833440648228,-2.146383344064823,3.569999999999993,-0.011204481792714879
2014-03-27,-1,930,959,184.62,184.63,184.63,184.62,eod,-0.009999999999990905,-5.416237881162815e-05,-0.5416237881162815,3.9257142857142924,-0.00254730713245765
2014-03-28,1,930,959,185.33499999999998,185.47,185.325,185.48,eod,0.13500000000001933,0.0007284500202348271,7.284500202348271,3.9278571428571354,0.03436988543372021
2014-03-31,1,930,959,187.09,187.01000000000002,187.08,187.02,eod,-0.07999999999998408,-0.0004276245456488351,-4.276245456488351,4.015714285714267,-0.019921736036993636
2014-04-01,1,930,959,188.14999999999998,188.24,188.14,188.25,eod,0.09000000000003183,0.0004783671733816936,4.783671733816936,4.011857142857139,0.022433500694378217
2014-04-07,-1,930,959,185.09,184.32,185.1,184.31,eod,0.7700000000000102,0.0041599135602377645,41.59913560237764,3.8314285714285745,0.20096942580164306
2014-04-09,1,930,959,186.78099999999998,187.11,186.771,187.12,eod,0.32900000000003615,0.0017615154386924961,17.61515438692496,3.855999999999966,0.0853215767634956
2014-04-10,-1,930,959,183.245,183.16,183.255,183.15,eod,0.08500000000000796,0.0004638345474885158,4.638345474885158,3.8721428571428476,0.02195166943368593
2014-04-11,-1,930,959,181.98000000000002,181.48999999999998,181.99,181.48,eod,0.4900000000000375,0.0026924556294303944,26.924556294303944,4.177142857142854,0.11730506155951659
2014-04-14,1,930,959,182.0,182.94,181.99,182.95,eod,0.9399999999999977,0.0051651189625803486,51.65118962580348,4.1185714285714425,0.22823447797433097
2014-04-15,1,930,959,184.22,184.22,184.21,184.23,eod,0.0,0.0,0.0,4.155714285714282,0.0
2014-04-16,1,930,959,185.85,186.12,185.84,186.13,eod,0.27000000000001023,0.0014528626775721601,14.528626775721602,4.227142857142866,0.06387293004393606
2014-04-21,1,930,959,186.87,187.04000000000002,186.86,187.05,eod,0.17000000000001592,0.0009097720218346136,9.097720218346137,4.22999999999999,0.040189125295512135
2014-04-22,1,930,959,188.0299,187.85000000000002,188.0199,187.86,eod,-0.17989999999997508,-0.0009568136138779729,-9.56813613877973,4.097142857142842,-0.04390864714085879
2014-04-23,-1,930,959,187.53,187.47,187.54,187.46,eod,0.060000000000002274,0.00031993174789379477,3.1993174789379477,4.098571428571432,0.014639247124434141
2014-04-25,-1,930,959,186.37,186.32,186.38,186.31,eod,0.05000000000001137,0.00026826912758885806,2.6826912758885806,4.07714285714286,0.012263489838825484
2014-04-28,1,930,959,187.04,186.89000000000001,187.03,186.9,eod,-0.14999999999997726,-0.0008020103726673649,-8.020103726673648,3.8514285714285563,-0.038946587537086234
2014-04-29,1,930,959,187.92,187.72,187.91,187.73,eod,-0.19999999999998863,-0.0010643393113724052,-10.643393113724052,3.894285714285701,-0.05135730007336483
2014-05-01,-1,930,959,188.055,188.32999999999998,188.065,188.32,eod,-0.27499999999997726,-0.001462260388695277,-14.62260388695277,3.6935714285714027,-0.07445368400695626
2014-05-06,-1,930,959,187.04500000000002,186.82999999999998,187.055,186.82,eod,0.21500000000003183,0.0011493945630965856,11.493945630965856,3.132885714285692,0.06862682510876479
2014-05-12,1,930,959,189.671,189.77,189.661,189.78,eod,0.09900000000001796,0.0005219839608565703,5.219839608565702,3.1167142857142665,0.03176422056195306
2014-05-14,-1,930,959,189.11,189.06,189.12,189.05,eod,0.05000000000001137,0.0002643824027073359,2.643824027073359,3.1928571428571217,0.015659955257274358
2014-05-15,-1,930,959,187.15,187.39,187.16,187.38,eod,-0.23999999999998067,-0.0012823252831800636,-12.823252831800636,3.1399999999999864,-0.07643312101910246
2014-05-20,-1,930,959,187.5,187.54,187.51,187.53,eod,-0.03999999999999204,-0.00021332195616229557,-2.1332195616229557,3.0728571428571456,-0.013017201301717529
2014-05-21,1,930,959,189.10999999999999,189.11,189.1,189.12,eod,2.842170943040401e-14,1.5029989122371236e-16,1.5029989122371235e-12,3.132857142857148,9.07213707308836e-15
2014-05-22,1,930,959,189.765,189.585,189.755,189.595,eod,-0.1799999999999784,-0.0009485916049641823,-9.485916049641823,3.22071428571428,-0.055888223552887605
2014-05-23,1,930,959,190.42499999999998,190.36,190.415,190.37,eod,-0.0649999999999693,-0.0003413596617911893,-3.413596617911893,3.181428571428569,-0.0204310731926262
2014-05-27,1,930,959,191.45,191.53,191.44,191.54,eod,0.0800000000000125,0.0004178854993732371,4.178854993732371,3.032142857142844,0.026383981154303415
2014-05-29,1,930,959,192.32999999999998,192.37,192.32,192.38,eod,0.040000000000020464,0.0002079866888520199,2.079866888520199,2.790714285714273,0.014333248016388253
2014-06-05,1,930,959,194.345,194.44,194.335,194.45,eod,0.09499999999999886,0.000488846579360377,4.888465793603769,2.453571428571422,0.0387190684133912
2014-06-06,1,930,959,195.345,195.37,195.335,195.38,eod,0.025000000000005684,0.00012798525609852656,1.2798525609852656,2.365000000000009,0.010570824524315259
2014-06-09,1,930,959,195.59,195.57000000000002,195.58,195.58,eod,-0.01999999999998181,-0.0001022599447795368,-1.022599447795368,2.3085714285714403,-0.00866336633662574
2014-06-11,-1,930,959,194.93,194.95,194.94,194.94,eod,-0.01999999999998181,-0.00010259567046261317,-1.0259567046261318,2.088142857142884,-0.00957788875965457
2014-06-12,-1,930,959,193.37,193.54,193.38,193.53,eod,-0.1699999999999875,-0.0008790981487226575,-8.790981487226574,2.015714285714296,-0.08433734939758374
2014-06-18,1,930,959,195.95,196.24,195.94,196.25,eod,0.29000000000002046,0.00148004491170777,14.8004491170777,2.159285714285744,0.13430367184916409
2014-06-20,-1,930,959,195.835,195.95999999999998,195.845,195.95,eod,-0.12499999999997158,-0.0006382598483493149,-6.382598483493149,2.3100000000000023,-0.054112554112541754
2014-06-24,-1,930,959,194.66,194.70999999999998,194.67,194.7,eod,-0.04999999999998295,-0.0002568449170390042,-2.568449170390042,2.265000000000015,-0.022075055187630296
2014-06-25,1,930,959,195.54,195.55,195.53,195.56,eod,0.010000000000019327,5.1143047102845226e-05,0.5114304710284523,2.405714285714282,0.0041567695962075645
2014-06-26,-1,930,959,195.29000000000002,195.45,195.3,195.44,eod,-0.15999999999996817,-0.0008192524321554949,-8.192524321554949,2.3458571428571418,-0.06820534681199547
2014-07-01,1,930,959,197.30499999999998,197.05,197.295,197.06,eod,-0.25499999999996703,-0.0012924808028584964,-12.924808028584964,2.4201428571428494,-0.10536568089249601
2014-07-07,-1,930,959,197.405,197.54999999999998,197.415,197.54,eod,-0.1449999999999818,-0.0007344933262415815,-7.3449332624158155,2.3485714285714323,-0.061739659367388754
2014-07-08,-1,930,959,196.215,196.28,196.225,196.27,eod,-0.06499999999999773,-0.000331252388839331,-3.31252388839331,2.319571428571436,-0.02802241793434641
2014-07-09,1,930,959,197.13,197.12,197.12,197.13,eod,-0.009999999999990905,-5.073051948047334e-05,-0.5073051948047334,2.422142857142859,-0.004128575641399958
2014-07-10,-1,930,959,196.36,196.345,196.37,196.335,eod,0.01500000000001478,7.63864134033446e-05,0.7638641340334459,2.2871428571428396,0.006558400999381903
2014-07-14,1,930,959,197.54999999999998,197.58,197.54,197.59,eod,0.03000000000002956,0.00015186797610625474,1.5186797610625475,2.474285714285685,0.012124711316409319
2014-07-16,1,930,959,198.07,197.96,198.06,197.97,eod,-0.10999999999998522,-0.0005553872563868788,-5.553872563868788,2.549999999999983,-0.043137254901955274
2014-07-17,-1,930,959,195.94500000000002,195.73,195.955,195.72,eod,0.21500000000003183,0.001097190681534188,10.971906815341882,2.473428571428542,0.08692387663164149
2014-07-18,1,930,959,197.70999999999998,197.71,197.7,197.72,eod,2.842170943040401e-14,1.4376180794336878e-16,1.4376180794336879e-12,2.6455714285714294,1.0743126843394783e-14
2014-07-21,-1,930,959,197.47,197.31,197.48,197.3,eod,0.1599999999999966,0.0008102086287218787,8.102086287218787,2.8212857142857217,0.05671173223960571
2014-07-22,1,930,959,198.29999999999998,198.18,198.29,198.19,eod,-0.11999999999997613,-0.000605174239749741,-6.05174239749741,2.8998571428571154,-0.04138134883491013
2014-07-25,-1,930,959,197.585,197.72,197.595,197.71,eod,-0.1349999999999909,-0.0006832156684126162,-6.832156684126162,2.78857142857143,-0.04841188524589835
2014-07-31,-1,930,959,193.18,193.06,193.19,193.05,eod,0.12000000000000455,0.0006211501630519413,6.211501630519413,2.8428571428571274,0.04221105527638374
2014-08-04,1,930,959,194.01299999999998,193.87,194.003,193.88,eod,-0.14299999999997226,-0.0007371020035771214,-7.371020035771213,3.3929999999999723,-0.04214559386972397
2014-08-05,-1,930,959,191.68,191.98999999999998,191.69,191.98,eod,-0.30999999999997385,-0.0016171944285042197,-16.171944285042198,3.462857142857132,-0.08952145214520725
2014-08-08,1,930,959,193.10999999999999,193.23000000000002,193.1,193.24,eod,0.12000000000003297,0.0006214396685656809,6.214396685656809,3.61571428571429,0.03318846305808889
2014-08-11,1,930,959,193.885,193.78,193.875,193.79,eod,-0.10499999999998977,-0.0005415860735009144,-5.415860735009144,3.7721428571428532,-0.027835637189923466
2014-08-13,1,930,959,194.77499999999998,194.9,194.765,194.91,eod,0.12500000000002842,0.0006417990912126328,6.417990912126328,3.8707142857142856,0.03229378114043916
2014-08-14,1,930,959,195.62,195.73000000000002,195.61,195.74,eod,0.11000000000001364,0.0005623434384745853,5.6234343847458526,3.9957142857142856,0.027529495888455328
2014-08-18,1,930,959,197.17499999999998,197.35000000000002,197.165,197.36,eod,0.1750000000000398,0.0008875814672991647,8.875814672991647,4.046428571428578,0.04324801412181029
2014-08-19,1,930,959,198.47,198.38,198.46,198.39,eod,-0.09000000000000341,-0.00045349188753402906,-4.53491887534029,4.071528571428587,-0.02210472023494235
2014-08-21,1,930,959,199.67,199.48000000000002,199.66,199.49,eod,-0.1899999999999693,-0.0009516177501751443,-9.516177501751443,3.5900000000000034,-0.052924791086342377
2014-08-25,1,930,959,200.07999999999998,200.16,200.07,200.17,eod,0.0800000000000125,0.0003998600489829185,3.998600489829185,3.2028571428571126,0.024977698483501017
2014-08-26,1,930,959,200.37,200.33,200.36,200.34,eod,-0.03999999999999204,-0.000199640646835656,-1.99640646835656,3.040699999999987,-0.013154865655931929
2014-08-27,-1,930,959,200.14000000000001,200.28,200.15,200.27,eod,-0.13999999999998636,-0.0006994753934548406,-6.994753934548406,2.8949857142856956,-0.048359478704553725
2014-08-28,-1,930,959,200.11,200.14999999999998,200.12,200.14,eod,-0.03999999999996362,-0.0001998800719566441,-1.998800719566441,2.6114142857142895,-0.015317370445119773
2014-09-09,-1,930,959,199.27,199.34,199.28,199.33,eod,-0.06999999999999318,-0.00035126455238856474,-3.5126455238856473,2.24712857142859,-0.03115086554904661
2014-09-12,-1,930,959,199.065,199.13989999999998,199.075,199.1299,eod,-0.07489999999998531,-0.0003762401105110401,-3.762401105110401,2.4314142857142826,-0.03080511636377992
2014-09-16,1,930,959,200.505,200.48000000000002,200.495,200.49,eod,-0.024999999999977263,-0.0001246913888125752,-1.246913888125752,2.4757142857142753,-0.01009809578764233
2014-09-17,1,930,959,201.279,200.71,201.269,200.72,eod,-0.5689999999999884,-0.0028270622897713427,-28.270622897713427,2.7112428571428495,-0.20986685073265976
2014-09-18,1,930,959,201.73,201.76000000000002,201.72,201.77,eod,0.03000000000002956,0.00014872099940526254,1.4872099940526253,2.8978571428571342,0.010352477199911636
2014-09-19,-1,930,959,200.87,200.73999999999998,200.88,200.73,eod,0.13000000000002387,0.0006471525288730778,6.471525288730779,2.9335714285714403,0.04431458485513336
2014-09-22,-1,930,959,199.04000000000002,199.14999999999998,199.05,199.14,eod,-0.1099999999999568,-0.000552624968600637,-5.52624968600637,3.0049999999999955,-0.03660565723792245
2014-09-25,-1,930,959,196.49,196.32999999999998,196.5,196.32,eod,0.160000000000025,0.0008142493638678117,8.142493638678117,3.1914285714285597,0.05013428827216559
2014-09-26,1,930,959,198.07999999999998,197.94,198.07,197.95,eod,-0.13999999999998636,-0.0007068208209218274,-7.068208209218274,3.4014285714285677,-0.041159176816459704
2014-09-30,-1,930,959,197.29000000000002,197.01,197.3,197.0,eod,0.28000000000002956,0.0014191586416625926,14.191586416625926,3.5542857142856974,0.0787781350482402
2014-10-01,-1,930,959,194.34,194.35,194.35,194.34,eod,-0.009999999999990905,-5.145356315920198e-05,-0.5145356315920198,3.6014285714285847,-0.0027766759222505387
2014-10-03,1,930,959,196.69,196.52,196.68,196.53,eod,-0.1699999999999875,-0.0008643481797843578,-8.643481797843577,4.000714285714281,-0.04249241206927027
2014-10-07,-1,930,959,193.92000000000002,193.26999999999998,193.93,193.26,eod,0.6500000000000341,0.0033517248491725577,33.517248491725574,4.1847142857142785,0.1553272112791536
2014-10-09,-1,930,959,193.21200000000002,192.69,193.222,192.68,eod,0.5220000000000198,0.0027015557234684445,27.015557234684444,4.826999999999998,0.10814170292107313
2014-10-13,-1,930,959,189.12,187.39,189.13,187.38,eod,1.7300000000000182,0.009147147464706911,91.47147464706912,5.360428571428571,0.32273538896144044
2014-10-15,-1,930,959,185.82000000000002,186.29999999999998,185.83,186.29,eod,-0.47999999999996135,-0.002583005973201105,-25.83005973201105,5.8104285714285595,-0.08261008531457567
2014-10-17,1,930,959,188.73,188.53,188.72,188.54,eod,-0.19999999999998863,-0.0010597710894446196,-10.597710894446196,6.553285714285721,-0.030519041702088787
2014-10-20,1,930,959,190.01,190.31,190.0,190.32,eod,0.30000000000001137,0.0015789473684211124,15.789473684211124,6.77328571428572,0.04429164996941931
2014-10-21,1,930,959,194.165,194.04000000000002,194.155,194.05,eod,-0.12499999999997158,-0.0006438155082278158,-6.438155082278158,6.876857142857148,-0.018176908056001504
2014-10-23,1,930,959,194.95,194.94,194.94,194.95,eod,-0.009999999999990905,-5.129783523130658e-05,-0.5129783523130659,6.93685714285715,-0.0014415750236817057
2014-10-27,-1,930,959,195.875,196.12,195.885,196.11,eod,-0.24500000000000455,-0.0012507338489420046,-12.507338489420045,7.068571428571431,-0.03466046887631429
2014-10-28,1,930,959,198.13,198.36,198.12,198.37,eod,0.2300000000000182,0.0011609125782355047,11.609125782355047,6.83642857142857,0.033643297461083015
2014-10-31,1,930,959,201.295,201.65,201.285,201.66,eod,0.3550000000000182,0.0017636684303351873,17.636684303351874,6.187142857142845,0.057377049180330916
2014-11-04,-1,930,959,201.03,201.12,201.04,201.11,eod,-0.09000000000000341,-0.00044767210505373766,-4.4767210505373765,5.742142857142852,-0.015673591242692485
2014-11-05,1,930,959,202.10999999999999,202.36,202.1,202.37,eod,0.2500000000000284,0.0012370113805048413,12.370113805048414,5.140714285714239,0.04863137418369362
2014-11-07,-1,930,959,202.81,203.38,202.82,203.37,eod,-0.5699999999999932,-0.0028103737304013077,-28.103737304013077,4.41214285714284,-0.12918892666342782
2014-11-18,1,930,959,205.82,205.54000000000002,205.81,205.55,eod,-0.2799999999999727,-0.0013604781108788335,-13.604781108788336,2.8549857142857036,-0.09807404590464883
2014-11-19,-1,930,959,205.10000000000002,205.2,205.11,205.19,eod,-0.0999999999999659,-0.0004875432694649987,-4.875432694649987,2.738557142857104,-0.03651557911099021
2014-11-21,1,930,959,206.66,206.67000000000002,206.65,206.68,eod,0.010000000000019327,4.839099927422853e-05,0.4839099927422853,2.4478428571428594,0.004085229560728993
2014-11-24,1,930,959,207.13,207.27,207.12,207.28,eod,0.14000000000001478,0.0006759366550792525,6.7593665507925245,2.5735571428571404,0.0543994138185671
2014-11-25,1,930,959,207.42,207.17000000000002,207.41,207.18,eod,-0.24999999999997158,-0.0012053420760810547,-12.053420760810548,2.4385571428571495,-0.10251963983384767
2014-12-01,-1,930,959,206.13,205.81,206.14,205.8,eod,0.3199999999999932,0.001552343067817955,15.52343067817955,2.232857142857142,0.14331413947536487
2014-12-02,1,930,959,207.07999999999998,207.08,207.07,207.09,eod,2.842170943040401e-14,1.3725652885692765e-16,1.3725652885692765e-12,2.3235714285714266,1.2231906917480985e-14
2014-12-03,1,930,959,208.03,207.9,208.02,207.91,eod,-0.12999999999999545,-0.0006249399096240528,-6.249399096240528,2.455814285714297,-0.052935598899402816
2014-12-04,-1,930,959,207.21,207.67,207.22,207.66,eod,-0.45999999999997954,-0.0022198629475918327,-22.198629475918327,2.4742857142857133,-0.1859122401847493
2014-12-05,1,930,959,208.01999999999998,207.99,208.01,208.0,eod,-0.029999999999972715,-0.00014422383539239804,-1.4422383539239805,2.4684285714285465,-0.012153481104219637
2014-12-09,-1,930,959,206.10000000000002,206.47,206.11,206.46,eod,-0.3699999999999761,-0.0017951579253795357,-17.95157925379536,2.657857142857125,-0.13920988981455792
2014-12-10,-1,930,959,203.85500000000002,203.17999999999998,203.865,203.17,eod,0.6750000000000398,0.0033110146420427234,33.110146420427235,2.839999999999975,0.23767605633804428
2014-12-11,1,930,959,205.029,204.16,205.019,204.17,eod,-0.8689999999999998,-0.0042386315414668875,-42.38631541466887,3.169714285714292,-0.27415720209121985
2014-12-12,-1,930,959,202.23000000000002,200.88,202.24,200.87,eod,1.3500000000000227,0.006675237341772264,66.75237341772264,3.3635714285713902,0.40135909959652866
2014-12-16,-1,930,959,199.17000000000002,197.94,199.18,197.93,eod,1.2300000000000182,0.006175318807109239,61.75318807109239,3.9878571428571377,0.3084363245566949
2014-12-17,1,930,959,201.685,201.89000000000001,201.675,201.9,eod,0.2050000000000125,0.0010164869220280774,10.164869220280774,4.499185714285716,0.045563800433732045
2014-12-18,1,930,959,205.725,206.79000000000002,205.715,206.8,eod,1.0650000000000261,0.005177065357412081,51.77065357412081,5.014999999999986,0.21236291126620718
2014-12-23,1,930,959,207.92999999999998,207.74,207.92,207.75,eod,-0.1899999999999693,-0.0009138130050017762,-9.138130050017763,6.400000000000006,-0.029687499999995176
2014-12-26,1,930,959,208.74099999999999,208.41,208.731,208.42,eod,-0.33099999999998886,-0.0015857730763518061,-15.857730763518061,6.225999999999999,-0.05316415033729343
2014-12-29,1,930,959,208.82,208.72,208.81,208.73,eod,-0.09999999999999432,-0.00047890426703699207,-4.789042670369921,6.22278571428572,-0.016069973254972152
2014-12-30,-1,930,959,207.83,207.62,207.84,207.61,eod,0.21000000000000796,0.0010103926096998073,10.103926096998073,6.034999999999997,0.03479701739851004
