date,direction,entry_time,exit_time,entry_px,exit_px,entry_px_raw,exit_px_raw,exit_reason,pnl_ps,ret,bps,risk_ps,r_mult
2003-01-02,1,575,583,89.22,88.82000000000001,89.21,88.84,stop,-0.3999999999999915,-0.004483802264320048,-44.83802264320048,0.36999999999999034,-1.0810810810810862
2003-01-03,-1,575,579,90.83,91.06,90.84,91.04,stop,-0.23000000000000398,-0.0025319242624394977,-25.319242624394978,0.1700000000000017,-1.352941176470598
2003-01-06,1,575,959,91.56,93.11,91.55,93.12,eod,1.5499999999999972,0.016930638995084624,169.30638995084624,0.37999999999999545,4.078947368421094
2003-01-07,-1,575,575,92.85,92.94,92.86,92.92,stop,-0.09000000000000341,-0.0009692009476631856,-9.692009476631856,0.060000000000002274,-1.5
2003-01-08,-1,575,687,91.99,92.3,92.0,92.28,stop,-0.3100000000000023,-0.003369565217391329,-33.69565217391329,0.28000000000000114,-1.1071428571428608
2003-01-09,1,575,959,91.99000000000001,92.97999999999999,91.98,92.99,eod,0.9899999999999807,0.01076320939334617,107.63209393346169,0.18999999999999773,5.210526315789434
2003-01-10,1,575,959,92.23,93.02,92.22,93.03,eod,0.789999999999992,0.008566471481240425,85.66471481240426,0.4200000000000017,1.8809523809523543
2003-01-13,1,575,587,93.77000000000001,93.46000000000001,93.76,93.48,stop,-0.3100000000000023,-0.0033063139931740855,-33.06313993174086,0.28000000000000114,-1.1071428571428608
2003-01-14,1,575,578,92.9,92.67,92.89,92.69,stop,-0.23000000000000398,-0.0024760469372376356,-24.760469372376356,0.20000000000000284,-1.1500000000000035
2003-01-15,-1,575,959,93.19,92.14,93.2,92.13,eod,1.0499999999999972,0.011266094420600828,112.66094420600828,0.36999999999999034,2.8378378378379043
2003-01-16,-1,575,590,92.49,92.66,92.5,92.64,stop,-0.1700000000000017,-0.0018378378378378563,-18.378378378378564,0.14000000000000057,-1.2142857142857215
2003-01-17,1,575,575,91.07000000000001,90.92,91.06,90.94,stop,-0.15000000000000568,-0.0016472655392049823,-16.472655392049823,0.12000000000000455,-1.25
2003-01-21,-1,575,578,90.75,90.94,90.76,90.92,stop,-0.18999999999999773,-0.0020934332304979914,-20.934332304979915,0.1599999999999966,-1.187500000000011
2003-01-22,1,575,581,88.82000000000001,88.69,88.81,88.71,stop,-0.13000000000000966,-0.0014637991217206357,-14.637991217206357,0.10000000000000853,-1.2999999999999858
2003-01-23,1,575,586,88.86,88.63000000000001,88.85,88.65,stop,-0.22999999999998977,-0.0025886325267303295,-25.886325267303295,0.19999999999998863,-1.1500000000000141
2003-01-24,-1,575,716,88.53,86.70999999999994,88.54,86.69999999999993,target,1.8200000000000642,0.02055568104811457,205.5568104811457,0.14000000000000057,13.000000000000407
2003-01-27,1,575,575,85.77000000000001,85.63000000000001,85.76,85.65,stop,-0.14000000000000057,-0.0016324626865671706,-16.324626865671707,0.10999999999999943,-1.2727272727272845
2003-01-28,-1,575,580,85.44999999999999,85.77,85.46,85.75,stop,-0.3200000000000074,-0.003744441844137695,-37.444418441376946,0.29000000000000625,-1.1034482758620707
2003-01-29,-1,575,613,85.19999999999999,85.6,85.21,85.58,stop,-0.4000000000000057,-0.004694284708367629,-46.94284708367629,0.37000000000000455,-1.0810810810810831
2003-01-30,1,575,578,86.86,86.60000000000001,86.85,86.62,stop,-0.2599999999999909,-0.0029936672423718012,-29.93667242371801,0.22999999999998977,-1.1304347826087064
2003-01-31,1,575,959,84.46000000000001,85.8,84.45,85.81,eod,1.3399999999999892,0.01586737714624025,158.6737714624025,0.29999999999999716,4.466666666666673
2003-02-03,1,575,590,86.31,86.0,86.3,86.02,stop,-0.3100000000000023,-0.003592120509849389,-35.92120509849389,0.28000000000000114,-1.1071428571428608
2003-02-04,-1,575,959,85.28999999999999,85.15,85.3,85.14,eod,0.13999999999998636,0.0016412661195778003,16.412661195778004,0.13000000000000966,1.076923076922892
2003-02-05,-1,575,575,85.63,85.81,85.64,85.79,stop,-0.18000000000000682,-0.002101821578701621,-21.01821578701621,0.15000000000000568,-1.2
2003-02-06,1,575,585,84.47,84.33,84.46,84.35,stop,-0.14000000000000057,-0.0016575893914279017,-16.575893914279018,0.10999999999999943,-1.2727272727272845
2003-02-07,-1,575,582,84.91,84.99,84.92,84.97,stop,-0.0799999999999983,-0.0009420631182289012,-9.420631182289013,0.04999999999999716,-1.600000000000057
2003-02-11,-1,575,580,84.25,84.47,84.26,84.45,stop,-0.21999999999999886,-0.0026109660574412394,-26.109660574412395,0.18999999999999773,-1.157894736842113
2003-02-12,1,575,585,83.31,83.14,83.3,83.16,stop,-0.1700000000000017,-0.002040816326530633,-20.408163265306328,0.14000000000000057,-1.2142857142857215
2003-02-13,-1,575,577,82.08999999999999,82.28,82.1,82.26,stop,-0.19000000000001194,-0.002314250913520243,-23.142509135202427,0.1600000000000108,-1.1874999999999944
2003-02-14,1,575,579,82.57000000000001,82.28,82.56,82.3,stop,-0.29000000000000625,-0.003512596899224882,-35.125968992248815,0.2600000000000051,-1.1153846153846174
2003-02-18,1,575,959,84.78,85.49,84.77,85.5,eod,0.7099999999999937,0.008375604577090879,83.75604577090878,0.28000000000000114,2.535714285714253
2003-02-19,-1,575,586,85.24,85.46,85.25,85.44,stop,-0.21999999999999886,-0.002580645161290309,-25.806451612903093,0.18999999999999773,-1.157894736842113
2003-02-20,1,575,575,85.27000000000001,85.16000000000001,85.26,85.18,stop,-0.10999999999999943,-0.0012901712409101504,-12.901712409101505,0.0799999999999983,-1.3750000000000222
2003-02-21,-1,575,593,84.33999999999999,84.53999999999999,84.35,84.52,stop,-0.20000000000000284,-0.0023710729104920313,-23.71072910492031,0.1700000000000017,-1.176470588235299
2003-02-24,-1,575,959,84.89,83.69000000000001,84.9,83.68,eod,1.1999999999999886,0.014134275618374423,141.34275618374423,0.09999999999999432,12.000000000000568
2003-02-25,-1,575,576,82.83999999999999,83.00999999999999,82.85,82.99,stop,-0.1700000000000017,-0.002051901025950534,-20.51901025950534,0.14000000000000057,-1.2142857142857215
2003-02-26,-1,575,576,83.89999999999999,84.1,83.91,84.08,stop,-0.20000000000000284,-0.002383506137528338,-23.83506137528338,0.1700000000000017,-1.176470588235299
2003-02-27,1,575,575,83.76,83.67,83.75,83.69,stop,-0.09000000000000341,-0.0010746268656716825,-10.746268656716826,0.060000000000002274,-1.5
2003-02-28,-1,575,583,84.38,84.6,84.39,84.58,stop,-0.21999999999999886,-0.0026069439507050464,-26.069439507050465,0.18999999999999773,-1.157894736842113
2003-03-03,1,575,581,85.39,85.23,85.38,85.25,stop,-0.1599999999999966,-0.0018739751698289599,-18.7397516982896,0.12999999999999545,-1.2307692307692475
2003-03-04,-1,575,959,83.77,82.74000000000001,83.78,82.73,eod,1.029999999999987,0.012294103604678764,122.94103604678764,0.23000000000000398,4.478260869565083
2003-03-06,-1,575,580,82.69,82.94,82.7,82.92,stop,-0.25,-0.003022974607013301,-30.22974607013301,0.21999999999999886,-1.1363636363636422
2003-03-07,-1,575,577,81.55,81.72999999999999,81.56,81.71,stop,-0.1799999999999926,-0.0022069641981362505,-22.069641981362505,0.14999999999999147,-1.200000000000019
2003-03-10,1,575,582,82.74000000000001,82.56,82.73,82.58,stop,-0.18000000000000682,-0.002175752447721586,-21.75752447721586,0.15000000000000568,-1.2
2003-03-11,-1,575,578,81.39,81.56,81.4,81.54,stop,-0.1700000000000017,-0.002088452088452109,-20.88452088452109,0.14000000000000057,-1.2142857142857215
2003-03-12,-1,575,576,80.27,80.53999999999999,80.28,80.52,stop,-0.269999999999996,-0.00336322869955152,-33.6322869955152,0.23999999999999488,-1.1250000000000073
2003-03-13,1,575,586,82.30000000000001,82.08,82.29,82.1,stop,-0.22000000000001307,-0.0026734718677848225,-26.734718677848225,0.19000000000001194,-1.1578947368421013
2003-03-14,-1,575,608,84.03999999999999,84.42,84.05,84.4,stop,-0.38000000000000966,-0.004521118381915642,-45.21118381915642,0.3500000000000085,-1.085714285714287
2003-03-17,-1,575,578,83.33,83.55,83.34,83.53,stop,-0.21999999999999886,-0.0026397888168946345,-26.397888168946345,0.18999999999999773,-1.157894736842113
2003-03-18,-1,575,575,87.13,87.27,87.14,87.25,stop,-0.14000000000000057,-0.0016066100527886225,-16.066100527886224,0.10999999999999943,-1.2727272727272845
2003-03-19,1,575,586,87.55000000000001,87.13000000000001,87.54,87.15,stop,-0.4200000000000017,-0.004797806716929423,-47.97806716929423,0.39000000000000057,-1.0769230769230798
2003-03-20,1,575,579,87.53,87.29,87.52,87.31,stop,-0.23999999999999488,-0.002742230347349119,-27.42230347349119,0.20999999999999375,-1.1428571428571526
2003-03-21,-1,575,713,88.63,88.82,88.64,88.8,stop,-0.18999999999999773,-0.002143501805054126,-21.435018050541263,0.1599999999999966,-1.187500000000011
2003-03-24,-1,575,588,87.78999999999999,88.07,87.8,88.05,stop,-0.28000000000000114,-0.0031890660592255255,-31.890660592255255,0.25,-1.1200000000000045
2003-03-25,1,575,576,86.81,86.68,86.8,86.7,stop,-0.12999999999999545,-0.0014976958525345098,-14.976958525345099,0.09999999999999432,-1.3000000000000285
2003-03-26,-1,575,602,87.39999999999999,87.63,87.41,87.61,stop,-0.23000000000000398,-0.002631277885825466,-26.31277885825466,0.20000000000000284,-1.1500000000000035
2003-03-27,-1,575,575,86.39,86.49,86.4,86.47,stop,-0.09999999999999432,-0.0011574074074073416,-11.574074074073417,0.06999999999999318,-1.4285714285714866
2003-03-31,1,575,578,85.47,85.28,85.46,85.3,stop,-0.18999999999999773,-0.0022232623449566784,-22.232623449566784,0.1599999999999966,-1.187500000000011
2003-04-01,-1,575,578,85.17,85.38,85.18,85.36,stop,-0.20999999999999375,-0.002465367457149492,-24.653674571494918,0.1799999999999926,-1.1666666666666798
2003-04-02,1,575,575,87.58,87.48,87.57,87.5,stop,-0.09999999999999432,-0.0011419435879866887,-11.419435879866887,0.06999999999999318,-1.4285714285714866
2003-04-03,-1,575,959,88.63,87.85000000000001,88.64,87.84,eod,0.7799999999999869,0.008799638989169528,87.99638989169527,0.3499999999999943,2.2285714285714273
2003-04-04,-1,575,583,88.39,88.5,88.4,88.48,stop,-0.10999999999999943,-0.0012443438914027083,-12.443438914027084,0.0799999999999983,-1.3750000000000222
2003-04-07,-1,575,575,90.30999999999999,90.39999999999999,90.32,90.38,stop,-0.09000000000000341,-0.0009964570416297986,-9.964570416297986,0.060000000000002274,-1.5
2003-04-08,-1,575,578,88.16,88.33,88.17,88.31,stop,-0.1700000000000017,-0.0019280934558239958,-19.28093455823996,0.14000000000000057,-1.2142857142857215
2003-04-09,-1,575,608,88.24,88.49,88.25,88.47,stop,-0.25,-0.0028328611898017,-28.328611898016998,0.21999999999999886,-1.1363636363636422
2003-04-10,-1,575,578,87.02,87.19,87.03,87.17,stop,-0.1700000000000017,-0.001953349419740339,-19.53349419740339,0.14000000000000057,-1.2142857142857215
2003-04-11,1,575,601,88.34,88.12,88.33,88.14,stop,-0.21999999999999886,-0.0024906600249065872,-24.90660024906587,0.18999999999999773,-1.157894736842113
2003-04-14,1,575,591,87.64,87.24000000000001,87.63,87.26,stop,-0.3999999999999915,-0.004564646810452944,-45.64646810452944,0.36999999999999034,-1.0810810810810862
2003-04-15,-1,575,589,88.44,88.89,88.45,88.87,stop,-0.45000000000000284,-0.005087620124364079,-50.87620124364079,0.4200000000000017,-1.0714285714285738
2003-04-16,1,575,582,90.03,89.78,90.02,89.8,stop,-0.25,-0.0027771606309708956,-27.771606309708957,0.21999999999999886,-1.1363636363636422
2003-04-17,1,575,585,88.43,88.25,88.42,88.27,stop,-0.18000000000000682,-0.0020357385206967523,-20.35738520696752,0.15000000000000568,-1.2
2003-04-21,-1,575,582,89.67,89.89,89.68,89.87,stop,-0.21999999999999886,-0.0024531668153434305,-24.531668153434303,0.18999999999999773,-1.157894736842113
2003-04-22,-1,575,591,89.00999999999999,89.24,89.02,89.22,stop,-0.23000000000000398,-0.002583689058638553,-25.83689058638553,0.20000000000000284,-1.1500000000000035
2003-04-23,-1,575,580,91.57,91.71,91.58,91.69,stop,-0.14000000000000057,-0.001528718060711952,-15.28718060711952,0.10999999999999943,-1.2727272727272845
2003-04-24,-1,575,591,91.50999999999999,91.61999999999999,91.52,91.6,stop,-0.10999999999999943,-0.0012019230769230707,-12.019230769230708,0.0799999999999983,-1.3750000000000222
2003-04-25,1,575,581,91.34,91.17,91.33,91.19,stop,-0.1700000000000017,-0.0018613818022555754,-18.613818022555755,0.14000000000000057,-1.2142857142857215
2003-04-28,-1,575,582,90.33999999999999,90.57,90.35,90.55,stop,-0.23000000000000398,-0.0025456557830658994,-25.456557830658994,0.20000000000000284,-1.1500000000000035
2003-04-29,-1,575,577,91.94,92.17999999999999,91.95,92.16,stop,-0.23999999999999488,-0.002610114192495866,-26.101141924958657,0.20999999999999375,-1.1428571428571526
2003-04-30,-1,575,594,91.63,91.97,91.64,91.95,stop,-0.3400000000000034,-0.0037101702313400635,-37.10170231340064,0.3100000000000023,-1.0967741935483901
2003-05-01,-1,575,851,91.72999999999999,92.03999999999999,91.74,92.02,stop,-0.3100000000000023,-0.003379114889906282,-33.79114889906282,0.28000000000000114,-1.1071428571428608
2003-05-02,1,575,959,91.7,93.33,91.69,93.34,eod,1.6299999999999955,0.017777293052677452,177.77293052677453,0.20000000000000284,8.149999999999862
2003-05-05,1,575,583,93.51,93.26,93.5,93.28,stop,-0.25,-0.00267379679144385,-26.7379679144385,0.21999999999999886,-1.1363636363636422
2003-05-06,1,575,959,93.17,93.78999999999999,93.16,93.8,eod,0.6199999999999903,0.006655216831257947,66.55216831257947,0.1599999999999966,3.875000000000022
2003-05-07,-1,575,584,93.30999999999999,93.53999999999999,93.32,93.52,stop,-0.23000000000000398,-0.002464637805400814,-24.646378054008142,0.20000000000000284,-1.1500000000000035
2003-05-08,1,575,581,92.57000000000001,92.44,92.56,92.46,stop,-0.13000000000000966,-0.0014044943820225762,-14.044943820225761,0.10000000000000853,-1.2999999999999858
2003-05-12,1,575,576,93.61,93.4,93.6,93.42,stop,-0.20999999999999375,-0.002243589743589677,-22.43589743589677,0.1799999999999926,-1.1666666666666798
2003-05-13,1,575,579,94.64,94.45,94.63,94.47,stop,-0.18999999999999773,-0.002007819930254652,-20.07819930254652,0.1599999999999966,-1.187500000000011
2003-05-14,1,575,575,95.13000000000001,95.05,95.12,95.07,stop,-0.0800000000000125,-0.000841042893187684,-8.41042893187684,0.05000000000001137,-1.5999999999998864
2003-05-15,1,575,584,95.11,94.78,95.1,94.8,stop,-0.3299999999999983,-0.0034700315457413073,-34.700315457413076,0.29999999999999716,-1.1000000000000048
2003-05-16,-1,575,577,94.86999999999999,94.97,94.88,94.95,stop,-0.10000000000000853,-0.0010539629005059921,-10.539629005059922,0.07000000000000739,-1.4285714285713995
2003-05-19,1,575,581,94.26,94.10000000000001,94.25,94.12,stop,-0.1599999999999966,-0.0016976127320954546,-16.976127320954546,0.12999999999999545,-1.2307692307692475
2003-05-20,1,575,578,92.96000000000001,92.68,92.95,92.7,stop,-0.28000000000000114,-0.0030123722431414863,-30.123722431414862,0.25,-1.1200000000000045
2003-05-21,1,575,577,92.16000000000001,92.07000000000001,92.15,92.09,stop,-0.09000000000000341,-0.0009766684753120282,-9.766684753120282,0.060000000000002274,-1.5
2003-05-22,-1,575,586,92.83999999999999,93.0,92.85,92.98,stop,-0.1600000000000108,-0.0017232094776522436,-17.232094776522434,0.13000000000000966,-1.2307692307692224
2003-05-23,-1,575,642,93.44999999999999,93.67999999999999,93.46,93.66,stop,-0.23000000000000398,-0.0024609458591911405,-24.609458591911405,0.20000000000000284,-1.1500000000000035
2003-05-27,-1,575,581,93.24,93.39,93.25,93.37,stop,-0.15000000000000568,-0.0016085790884719107,-16.085790884719106,0.12000000000000455,-1.25
2003-05-28,-1,575,583,95.78,95.92,95.79,95.9,stop,-0.14000000000000057,-0.001461530431151483,-14.61530431151483,0.10999999999999943,-1.2727272727272845
2003-05-29,1,575,581,96.0,95.83,95.99,95.85,stop,-0.1700000000000017,-0.0017710178143556798,-17.7101781435568,0.14000000000000057,-1.2142857142857215
2003-05-30,1,575,959,96.07000000000001,96.91,96.06,96.92,eod,0.8399999999999892,0.00874453466583374,87.4453466583374,0.29000000000000625,2.896551724137831
2003-06-02,1,575,580,97.62,97.48,97.61,97.5,stop,-0.14000000000000057,-0.001434279274664487,-14.34279274664487,0.10999999999999943,-1.2727272727272845
2003-06-03,1,575,576,97.18,97.04,97.17,97.06,stop,-0.14000000000000057,-0.001440773901409906,-14.407739014099059,0.10999999999999943,-1.2727272727272845
2003-06-04,1,575,578,97.68,97.60000000000001,97.67,97.62,stop,-0.0799999999999983,-0.0008190846728780412,-8.190846728780413,0.04999999999999716,-1.600000000000057
2003-06-05,1,575,576,98.64,98.5,98.63,98.52,stop,-0.14000000000000057,-0.0014194464158978058,-14.194464158978057,0.10999999999999943,-1.2727272727272845
2003-06-06,-1,575,578,100.39,100.66,100.4,100.64,stop,-0.269999999999996,-0.0026892430278884064,-26.892430278884063,0.23999999999999488,-1.1250000000000073
2003-06-09,1,575,577,98.93,98.69,98.92,98.71,stop,-0.2400000000000091,-0.0024262029923171158,-24.26202992317116,0.21000000000000796,-1.1428571428571428
2003-06-10,1,575,593,98.64,98.42,98.63,98.44,stop,-0.21999999999999886,-0.002230558653553674,-22.30558653553674,0.18999999999999773,-1.157894736842113
2003-06-11,-1,575,597,98.88,99.17999999999999,98.89,99.16,stop,-0.29999999999999716,-0.0030336737789462753,-30.336737789462752,0.269999999999996,-1.111111111111117
2003-06-12,1,575,591,100.80000000000001,100.52000000000001,100.79,100.54,stop,-0.28000000000000114,-0.0027780533783113514,-27.780533783113516,0.25,-1.1200000000000045
2003-06-13,-1,575,959,100.57,99.44000000000001,100.58,99.43,eod,1.1299999999999812,0.011234837939948113,112.34837939948113,0.1599999999999966,7.062500000000034
2003-06-16,1,575,575,99.98,99.93,99.97,99.95,stop,-0.04999999999999716,-0.0005001500450134756,-5.001500450134755,0.01999999999999602,-2.5000000000003553
2003-06-17,-1,575,959,101.85,101.76,101.86,101.75,eod,0.0899999999999892,0.0008835656783819871,8.835656783819871,0.3190000000000026,0.2821316614419701
2003-06-18,1,575,578,101.369,101.21000000000001,101.359,101.23,stop,-0.15899999999999181,-0.0015686816168272361,-15.686816168272362,0.12899999999999068,-1.2325581395349094
2003-06-19,1,575,586,101.65,101.44,101.64,101.46,stop,-0.21000000000000796,-0.002066115702479417,-20.66115702479417,0.18000000000000682,-1.1666666666666667
2003-06-20,-1,575,671,100.28,100.46,100.29,100.44,stop,-0.1799999999999926,-0.0017947950942266686,-17.947950942266687,0.14999999999999147,-1.200000000000019
2003-06-23,-1,575,959,99.42999999999999,98.37,99.44,98.36,eod,1.059999999999988,0.010659694288012752,106.59694288012751,0.20000000000000284,5.299999999999865
2003-06-24,1,575,959,98.37,98.64,98.36,98.65,eod,0.269999999999996,0.0027450183001219604,27.450183001219603,0.3400000000000034,0.7941176470588038
2003-06-25,1,575,863,98.71000000000001,98.49000000000001,98.7,98.51,stop,-0.21999999999999886,-0.0022289766970617917,-22.289766970617915,0.18999999999999773,-1.157894736842113
2003-06-26,-1,575,577,97.67,97.85,97.68,97.83,stop,-0.1799999999999926,-0.001842751842751767,-18.42751842751767,0.14999999999999147,-1.200000000000019
2003-06-27,-1,575,625,98.64,98.83,98.65,98.81,stop,-0.18999999999999773,-0.001926001013684721,-19.26001013684721,0.1599999999999966,-1.187500000000011
2003-06-30,1,575,603,98.55000000000001,98.16000000000001,98.54,98.18,stop,-0.39000000000000057,-0.003957783641160955,-39.57783641160955,0.35999999999999943,-1.0833333333333366
2003-07-01,1,575,578,97.35000000000001,97.18,97.34,97.2,stop,-0.1700000000000017,-0.0017464557222108248,-17.464557222108247,0.14000000000000057,-1.2142857142857215
2003-07-02,-1,575,578,98.71,98.92,98.72,98.9,stop,-0.21000000000000796,-0.0021272285251216364,-21.272285251216363,0.18000000000000682,-1.1666666666666667
2003-07-03,-1,575,575,99.02,99.11,99.03,99.09,stop,-0.09000000000000341,-0.0009088155104514128,-9.088155104514128,0.060000000000002274,-1.5
2003-07-07,1,575,624,99.76,100.73999999999994,99.75,100.74999999999994,target,0.9799999999999329,0.0098245614035081,98.24561403508099,0.09999999999999432,9.799999999999887
2003-07-08,1,575,599,100.62,100.38000000000001,100.61,100.4,stop,-0.23999999999999488,-0.0023854487625484034,-23.854487625484033,0.20999999999999375,-1.1428571428571526
2003-07-09,1,575,582,100.99000000000001,100.83800000000001,100.98,100.858,stop,-0.15200000000000102,-0.0015052485640721035,-15.052485640721036,0.12199999999999989,-1.245901639344272
2003-07-10,-1,575,575,99.82,99.94,99.83,99.92,stop,-0.12000000000000455,-0.0012020434739056852,-12.020434739056851,0.09000000000000341,-1.3333333333333333
2003-07-11,1,575,959,99.57000000000001,100.13,99.56,100.14,eod,0.5599999999999881,0.00562474889513849,56.2474889513849,0.1700000000000017,3.2941176470587203
2003-07-14,1,575,584,101.29,101.12,101.28,101.14,stop,-0.1700000000000017,-0.001678515007898911,-16.78515007898911,0.14000000000000057,-1.2142857142857215
2003-07-15,-1,575,959,101.24799999999999,100.39,101.258,100.38,eod,0.8579999999999899,0.008473404570502972,84.73404570502971,0.20199999999999818,4.247524752475235
2003-07-16,-1,575,959,100.66,99.77000000000001,100.67,99.76,eod,0.8899999999999864,0.0088407668620243,88.407668620243,0.20000000000000284,4.449999999999869
2003-07-17,1,575,575,99.182,99.06,99.172,99.08,stop,-0.12199999999999989,-0.001230185939579719,-12.30185939579719,0.09199999999999875,-1.326086956521756
2003-07-18,1,575,575,99.06,98.97,99.05,98.99,stop,-0.09000000000000341,-0.0009086320040383989,-9.086320040383988,0.060000000000002274,-1.5
2003-07-21,-1,575,959,99.05999999999999,98.25,99.07,98.24,eod,0.8099999999999881,0.00817603714545259,81.7603714545259,0.4200000000000017,1.9285714285713924
2003-07-22,-1,575,692,98.61999999999999,98.795,98.63,98.775,stop,-0.17500000000001137,-0.001774308019872365,-17.74308019872365,0.14500000000001023,-1.2068965517241312
2003-07-23,-1,575,875,99.11999999999999,99.36999999999999,99.13,99.35,stop,-0.25,-0.0025219408857056393,-25.219408857056393,0.21999999999999886,-1.1363636363636422
2003-07-24,-1,575,601,99.78999999999999,100.00999999999999,99.8,99.99,stop,-0.21999999999999886,-0.002204408817635259,-22.04408817635259,0.18999999999999773,-1.157894736842113
2003-07-25,1,575,580,98.76,98.53,98.75,98.55,stop,-0.23000000000000398,-0.002329113924050673,-23.29113924050673,0.20000000000000284,-1.1500000000000035
2003-07-28,-1,575,580,100.19999999999999,100.42,100.21,100.4,stop,-0.22000000000001307,-0.0021953896816686268,-21.953896816686267,0.19000000000001194,-1.1578947368421013
2003-07-29,1,575,579,100.15,100.05,100.14,100.07,stop,-0.10000000000000853,-0.0009986019572599213,-9.986019572599213,0.07000000000000739,-1.4285714285713995
2003-07-30,-1,575,959,99.53,99.12,99.54,99.11,eod,0.4099999999999966,0.004118947156921806,41.18947156921806,0.25,1.6399999999999864
2003-07-31,-1,575,599,99.82,100.03999999999999,99.83,100.02,stop,-0.21999999999999886,-0.0022037463688269945,-22.037463688269945,0.18999999999999773,-1.157894736842113
2003-08-01,-1,575,578,99.03,99.28,99.04,99.26,stop,-0.25,-0.002524232633279483,-25.242326332794832,0.21999999999999886,-1.1363636363636422
2003-08-04,-1,575,576,98.28999999999999,98.42,98.3,98.4,stop,-0.13000000000000966,-0.001322482197355134,-13.22482197355134,0.10000000000000853,-1.2999999999999858
2003-08-05,-1,575,586,98.36999999999999,98.58,98.38,98.56,stop,-0.21000000000000796,-0.0021345801992275664,-21.345801992275664,0.18000000000000682,-1.1666666666666667
2003-08-06,-1,575,580,96.61,96.81,96.62,96.79,stop,-0.20000000000000284,-0.002069964810598249,-20.699648105982494,0.1700000000000017,-1.176470588235299
2003-08-07,-1,575,599,97.08,97.25999999999999,97.09,97.24,stop,-0.1799999999999926,-0.0018539499433514533,-18.539499433514532,0.14999999999999147,-1.200000000000019
2003-08-08,-1,575,575,98.28099999999999,98.38,98.291,98.36,stop,-0.09900000000000375,-0.0010072132748675236,-10.072132748675235,0.06900000000000261,-1.434782608695652
2003-08-11,1,575,577,98.31,98.19,98.3,98.21,stop,-0.12000000000000455,-0.0012207527975585408,-12.207527975585407,0.09000000000000341,-1.3333333333333333
2003-08-13,-1,575,959,99.66,98.9,99.67,98.89,eod,0.7599999999999909,0.007625163038025393,76.25163038025393,0.17900000000000205,4.245810055865823
2003-08-14,1,575,575,99.12,98.99000000000001,99.11,99.01,stop,-0.12999999999999545,-0.00131167389768939,-13.1167389768939,0.09999999999999432,-1.3000000000000285
2003-08-15,1,575,577,99.42,99.28,99.41,99.3,stop,-0.14000000000000057,-0.0014083090232371047,-14.083090232371047,0.10999999999999943,-1.2727272727272845
2003-08-18,-1,575,583,99.91,100.03,99.92,100.01,stop,-0.12000000000000455,-0.0012009607686149374,-12.009607686149375,0.09000000000000341,-1.3333333333333333
2003-08-19,1,575,577,100.76,100.62,100.75,100.64,stop,-0.14000000000000057,-0.0013895781637717178,-13.895781637717178,0.10999999999999943,-1.2727272727272845
2003-08-20,1,575,575,100.31,100.25,100.3,100.27,stop,-0.060000000000002274,-0.0005982053838484773,-5.982053838484773,0.030000000000001137,-2.0
2003-08-21,-1,575,589,100.94,101.09899999999999,100.95,101.079,stop,-0.15899999999999181,-0.0015750371471024449,-15.75037147102445,0.12899999999999068,-1.2325581395349094
2003-08-22,-1,575,959,101.57,99.78,101.58,99.77,eod,1.789999999999992,0.01762157905099421,176.2157905099421,0.23799999999999955,7.521008403361326
2003-08-25,1,575,577,99.80000000000001,100.71000000000004,99.79,100.72000000000004,target,0.910000000000025,0.0091191502154527,91.191502154527,0.09300000000000352,9.784946236559039
2003-08-26,1,575,604,99.64,99.47,99.63,99.49,stop,-0.1700000000000017,-0.0017063133594299078,-17.063133594299078,0.14000000000000057,-1.2142857142857215
2003-08-27,1,575,579,100.06,99.99000000000001,100.05,100.01,stop,-0.06999999999999318,-0.0006996501749124756,-6.996501749124755,0.03999999999999204,-1.7500000000001776
2003-08-28,1,575,580,100.48,100.37,100.47,100.39,stop,-0.10999999999999943,-0.0010948541853289483,-10.948541853289482,0.0799999999999983,-1.3750000000000222
2003-08-29,1,575,578,100.63000000000001,100.48,100.62,100.5,stop,-0.15000000000000568,-0.0014907573047108495,-14.907573047108496,0.12000000000000455,-1.25
2003-09-02,1,575,604,101.76,101.56,101.75,101.58,stop,-0.20000000000000284,-0.0019656019656019937,-19.656019656019936,0.1700000000000017,-1.176470588235299
2003-09-03,-1,575,586,102.94,103.17999999999999,102.95,103.16,stop,-0.23999999999999488,-0.0023312287518212228,-23.312287518212226,0.20999999999999375,-1.1428571428571526
2003-09-04,-1,575,590,103.08999999999999,103.22999999999999,103.1,103.21,stop,-0.14000000000000057,-0.0013579049466537398,-13.579049466537398,0.10999999999999943,-1.2727272727272845
2003-09-08,-1,575,583,103.00999999999999,103.13,103.02,103.11,stop,-0.12000000000000455,-0.0011648223645894444,-11.648223645894443,0.09000000000000341,-1.3333333333333333
2003-09-10,1,575,583,102.61,102.51,102.6,102.53,stop,-0.09999999999999432,-0.0009746588693956562,-9.74658869395656,0.06999999999999318,-1.4285714285714866
2003-09-11,1,575,586,102.24000000000001,102.06,102.23,102.08,stop,-0.18000000000000682,-0.0017607355962047033,-17.607355962047034,0.15000000000000568,-1.2
2003-09-12,1,575,583,101.95,101.88000000000001,101.94,101.9,stop,-0.06999999999999318,-0.0006866784382969706,-6.866784382969706,0.03999999999999204,-1.7500000000001776
2003-09-16,1,575,959,102.43,103.53999999999999,102.42,103.55,eod,1.1099999999999852,0.01083772700644391,108.3772700644391,0.25,4.439999999999941
2003-09-17,-1,575,578,103.41,103.57,103.42,103.55,stop,-0.1599999999999966,-0.0015470895378069676,-15.470895378069676,0.12999999999999545,-1.2307692307692475
2003-09-18,-1,575,592,103.33,103.49,103.34,103.47,stop,-0.1599999999999966,-0.0015482872072769167,-15.482872072769167,0.12999999999999545,-1.2307692307692475
2003-09-19,-1,575,959,104.11,103.87,104.12,103.86,eod,0.23999999999999488,0.002305032654629225,23.050326546292247,0.14999999999999147,1.600000000000057
2003-09-22,1,575,586,102.88000000000001,102.7,102.87,102.72,stop,-0.18000000000000682,-0.0017497812773403986,-17.497812773403986,0.15000000000000568,-1.2
2003-09-23,1,575,578,102.66300000000001,102.57000000000001,102.653,102.59,stop,-0.09300000000000352,-0.0009059647550485959,-9.059647550485959,0.06300000000000239,-1.4761904761904763
2003-09-24,-1,575,586,103.083,103.21,103.093,103.19,stop,-0.12699999999999534,-0.0012318974130153873,-12.318974130153872,0.0969999999999942,-1.3092783505154941
2003-09-25,1,575,576,101.49000000000001,101.34,101.48,101.36,stop,-0.15000000000000568,-0.0014781237682302492,-14.781237682302493,0.12000000000000455,-1.25
2003-09-26,-1,575,595,100.22,100.5,100.23,100.48,stop,-0.28000000000000114,-0.002793574778010587,-27.93574778010587,0.25,-1.1200000000000045
2003-09-29,1,575,585,100.35000000000001,100.23,100.34,100.25,stop,-0.12000000000000455,-0.0011959338249950622,-11.959338249950623,0.09000000000000341,-1.3333333333333333
2003-09-30,-1,575,601,100.44,99.54999999999997,100.45,99.53999999999996,target,0.890000000000029,0.008860129417620995,88.60129417620995,0.0799999999999983,11.1250000000006
2003-10-01,1,575,959,100.48,101.99,100.47,102.0,eod,1.509999999999991,0.01502936199860646,150.29361998606458,0.269999999999996,5.592592592592641
2003-10-02,-1,575,575,101.86,101.97999999999999,101.87,101.96,stop,-0.11999999999999034,-0.001177971925002359,-11.779719250023591,0.0899999999999892,-1.3333333333333859
2003-10-03,1,575,611,103.94000000000001,103.566,103.93,103.586,stop,-0.37400000000000944,-0.0035985759645916424,-35.985759645916424,0.3440000000000083,-1.0872093023255827
2003-10-06,-1,575,597,103.41,103.55,103.42,103.53,stop,-0.14000000000000057,-0.001353703345581131,-13.53703345581131,0.10999999999999943,-1.2727272727272845
2003-10-07,1,575,577,103.28,103.18,103.27,103.2,stop,-0.09999999999999432,-0.0009683354313933796,-9.683354313933796,0.06999999999999318,-1.4285714285714866
2003-10-08,-1,575,959,104.11999999999999,103.72,104.13,103.71,eod,0.3999999999999915,0.003841352155958816,38.41352155958816,0.2600000000000051,1.5384615384614755
2003-10-09,-1,575,664,104.82,104.99,104.83,104.97,stop,-0.1700000000000017,-0.001621673185156937,-16.21673185156937,0.14000000000000057,-1.2142857142857215
2003-10-10,1,575,581,104.29,104.18,104.28,104.2,stop,-0.10999999999999943,-0.0010548523206751,-10.548523206751,0.0799999999999983,-1.3750000000000222
2003-10-13,1,575,795,104.78,104.68,104.77,104.7,stop,-0.09999999999999432,-0.0009544716999140433,-9.544716999140434,0.06999999999999318,-1.4285714285714866
2003-10-14,-1,575,752,104.69999999999999,104.92,104.71,104.9,stop,-0.22000000000001307,-0.0021010409702990457,-21.010409702990458,0.19000000000001194,-1.1578947368421013
2003-10-15,-1,575,959,105.69999999999999,105.02000000000001,105.71,105.01,eod,0.6799999999999784,0.006432693217292389,64.32693217292389,0.18000000000000682,3.777777777777515
2003-10-16,1,575,959,104.80000000000001,105.32,104.79,105.33,eod,0.5199999999999818,0.0049623055635077944,49.62305563507795,0.14000000000000057,3.714285714285569
2003-10-17,-1,575,580,105.39,105.5,105.4,105.48,stop,-0.10999999999999943,-0.0010436432637571103,-10.436432637571102,0.0799999999999983,-1.3750000000000222
2003-10-20,-1,575,595,104.33999999999999,104.50999999999999,104.35,104.49,stop,-0.1700000000000017,-0.0016291327264015497,-16.291327264015496,0.14000000000000057,-1.2142857142857215
2003-10-21,1,575,576,104.87,104.71000000000001,104.86,104.73,stop,-0.1599999999999966,-0.0015258439824527618,-15.258439824527617,0.12999999999999545,-1.2307692307692475
2003-10-22,-1,575,580,103.96199999999999,104.1,103.972,104.08,stop,-0.13800000000000523,-0.0013272804216520335,-13.272804216520335,0.10800000000000409,-1.2777777777777777
2003-10-23,1,575,959,102.99000000000001,103.72999999999999,102.98,103.74,eod,0.7399999999999807,0.007185861332297346,71.85861332297345,0.14000000000000057,5.285714285714127
2003-10-24,1,575,577,102.964,102.79,102.954,102.81,stop,-0.17399999999999238,-0.0016900751792061736,-16.900751792061737,0.14399999999999125,-1.208333333333354
2003-10-27,1,575,660,103.81,103.69,103.8,103.71,stop,-0.12000000000000455,-0.0011560693641618936,-11.560693641618936,0.09000000000000341,-1.3333333333333333
2003-10-28,-1,575,579,103.92,104.03,103.93,104.01,stop,-0.10999999999999943,-0.001058404695468098,-10.58404695468098,0.0799999999999983,-1.3750000000000222
2003-10-29,1,575,959,104.81,105.24,104.8,105.25,eod,0.4299999999999926,0.004103053435114434,41.03053435114434,0.10999999999999943,3.909090909090862
2003-10-30,-1,575,959,105.71,105.10000000000001,105.72,105.09,eod,0.6099999999999852,0.005769958380627934,57.69958380627934,0.10999999999999943,5.54545454545444
2003-10-31,1,575,590,105.53,105.39,105.52,105.41,stop,-0.14000000000000057,-0.0013267626990144104,-13.267626990144104,0.10999999999999943,-1.2727272727272845
2003-11-03,1,575,584,105.96000000000001,105.72,105.95,105.74,stop,-0.2400000000000091,-0.0022652194431336393,-22.652194431336394,0.21000000000000796,-1.1428571428571428
2003-11-04,-1,575,612,105.78999999999999,106.00999999999999,105.8,105.99,stop,-0.21999999999999886,-0.002079395085066152,-20.79395085066152,0.18999999999999773,-1.157894736842113
2003-11-05,-1,575,576,105.46,105.63,105.47,105.61,stop,-0.1700000000000017,-0.0016118327486489212,-16.11832748648921,0.14000000000000057,-1.2142857142857215
2003-11-06,1,575,580,105.63000000000001,105.48,105.62,105.5,stop,-0.15000000000000568,-0.0014201855709146533,-14.201855709146532,0.12000000000000455,-1.25
2003-11-07,-1,575,578,106.47,106.7,106.48,106.68,stop,-0.23000000000000398,-0.0021600300525920733,-21.600300525920733,0.20000000000000284,-1.1500000000000035
2003-11-11,1,575,593,105.19000000000001,105.02000000000001,105.18,105.04,stop,-0.1700000000000017,-0.0016162768587184037,-16.162768587184036,0.14000000000000057,-1.2142857142857215
2003-11-13,-1,575,591,105.92999999999999,106.1,105.94,106.08,stop,-0.1700000000000017,-0.0016046818954125138,-16.04681895412514,0.14000000000000057,-1.2142857142857215
2003-11-14,1,575,615,106.37,106.28,106.36,106.3,stop,-0.09000000000000341,-0.0008461827754795356,-8.461827754795356,0.060000000000002274,-1.5
2003-11-17,-1,575,578,104.86999999999999,104.96,104.88,104.94,stop,-0.09000000000000341,-0.0008581235697940829,-8.58123569794083,0.060000000000002274,-1.5
2003-11-18,1,575,585,105.26,105.18,105.25,105.2,stop,-0.0799999999999983,-0.0007600950118764684,-7.6009501187646835,0.04999999999999716,-1.600000000000057
2003-11-19,1,575,591,104.11,103.99000000000001,104.1,104.01,stop,-0.11999999999999034,-0.0011527377521612905,-11.527377521612905,0.0899999999999892,-1.3333333333333859
2003-11-20,1,575,959,104.26,103.89,104.25,103.9,eod,-0.37000000000000455,-0.0035491606714628736,-35.49160671462874,0.4300000000000068,-0.8604651162790667
2003-11-21,-1,575,799,104.19,104.33,104.2,104.31,stop,-0.14000000000000057,-0.0013435700575815794,-13.435700575815794,0.10999999999999943,-1.2727272727272845
2003-11-24,1,575,959,104.86,105.72,104.85,105.73,eod,0.8599999999999994,0.008202193609918926,82.02193609918926,0.1699999999999875,5.058823529412133
2003-11-25,-1,575,587,105.58,105.78,105.59,105.76,stop,-0.20000000000000284,-0.001894118761246357,-18.94118761246357,0.1700000000000017,-1.176470588235299
2003-11-26,-1,575,604,106.38,106.01000000000009,106.39,106.00000000000009,target,0.36999999999990507,0.003477770467148276,34.77770467148276,0.04999999999999716,7.399999999998522
2003-12-01,1,575,581,107.0,106.82000000000001,106.99,106.84,stop,-0.1799999999999926,-0.001682400224319961,-16.824002243199608,0.14999999999999147,-1.200000000000019
2003-12-02,-1,575,577,107.33999999999999,107.46,107.35,107.44,stop,-0.12000000000000455,-0.0011178388448999028,-11.178388448999028,0.09000000000000341,-1.3333333333333333
2003-12-03,-1,575,576,107.63,107.74,107.64,107.72,stop,-0.10999999999999943,-0.001021924934968408,-10.21924934968408,0.0799999999999983,-1.3750000000000222
2003-12-04,1,575,586,107.26,107.14,107.25,107.16,stop,-0.12000000000000455,-0.0011188811188811614,-11.188811188811615,0.09000000000000341,-1.3333333333333333
2003-12-05,-1,575,579,107.03,107.21,107.04,107.19,stop,-0.1799999999999926,-0.0016816143497757157,-16.816143497757157,0.14999999999999147,-1.200000000000019
2003-12-08,1,575,959,106.86,107.50999999999999,106.85,107.52,eod,0.6499999999999915,0.006083294337856729,60.83294337856729,0.1699999999999875,3.823529411764937
2003-12-09,-1,575,959,107.75999999999999,106.63000000000001,107.77,106.62,eod,1.1299999999999812,0.0104852927530851,104.85292753085099,0.1600000000000108,7.062499999999406
2003-12-10,-1,575,599,106.74,106.85,106.75,106.83,stop,-0.10999999999999943,-0.001030444964871189,-10.30444964871189,0.0799999999999983,-1.3750000000000222
2003-12-11,1,575,959,106.83,107.83,106.82,107.84,eod,1.0,0.009361542782250515,93.61542782250515,0.14999999999999147,6.666666666667045
2003-12-15,-1,575,959,109.00999999999999,107.54,109.02,107.53,eod,1.4699999999999847,0.013483764446890338,134.83764446890336,0.21000000000000796,6.999999999999662
2003-12-16,1,575,582,107.84,107.61,107.83,107.63,stop,-0.23000000000000398,-0.002132987109338811,-21.329871093388107,0.20000000000000284,-1.1500000000000035
2003-12-17,-1,575,639,107.97,108.14999999999999,107.98,108.13,stop,-0.1799999999999926,-0.0016669753658084146,-16.669753658084147,0.14999999999999147,-1.200000000000019
2003-12-18,-1,575,585,108.49,108.58999999999999,108.5,108.57,stop,-0.09999999999999432,-0.0009216589861750628,-9.216589861750629,0.06999999999999318,-1.4285714285714866
2003-12-19,-1,575,686,109.08999999999999,109.35,109.1,109.33,stop,-0.2600000000000051,-0.002383134738771816,-23.83134738771816,0.23000000000000398,-1.1304347826086982
2003-12-22,1,575,585,108.87,109.20999999999991,108.86,109.21999999999991,target,0.33999999999990393,0.0031232776042614727,31.232776042614727,0.0799999999999983,4.24999999999889
2003-12-23,1,575,886,109.62,109.36,109.61,109.38,stop,-0.2600000000000051,-0.002372046346136348,-23.72046346136348,0.23000000000000398,-1.1304347826086982
2003-12-24,-1,575,575,109.46,109.55,109.47,109.53,stop,-0.09000000000000341,-0.0008221430528912343,-8.221430528912343,0.060000000000002274,-1.5
2003-12-26,1,575,774,109.76,109.69,109.75,109.71,stop,-0.07000000000000739,-0.0006378132118451699,-6.378132118451699,0.04000000000000625,-1.7499999999999112
2003-12-29,1,575,959,110.2,111.14,110.19,111.15,eod,0.9399999999999977,0.00853071966603138,85.3071966603138,0.09999999999999432,9.400000000000512
2003-12-30,-1,575,584,111.03,111.24,111.04,111.22,stop,-0.20999999999999375,-0.001891210374639713,-18.91210374639713,0.1799999999999926,-1.1666666666666798
2003-12-31,1,575,613,111.29,111.2,111.28,111.22,stop,-0.09000000000000341,-0.0008087706685837834,-8.087706685837833,0.060000000000002274,-1.5
2004-01-02,1,575,739,111.89,111.59,111.88,111.61,stop,-0.29999999999999716,-0.002681444404719317,-26.81444404719317,0.269999999999996,-1.111111111111117
2004-01-05,1,575,685,111.84,111.65,111.83,111.67,stop,-0.18999999999999773,-0.0016990074219797703,-16.9900742197977,0.1599999999999966,-1.187500000000011
2004-01-06,1,575,575,112.28,112.14,112.27,112.16,stop,-0.14000000000000057,-0.001246993854101724,-12.46993854101724,0.10999999999999943,-1.2727272727272845
2004-01-07,1,575,592,112.45,112.33,112.44,112.35,stop,-0.12000000000000455,-0.001067235859124907,-10.67235859124907,0.09000000000000341,-1.3333333333333333
2004-01-08,-1,575,929,113.14,113.36,113.15,113.34,stop,-0.21999999999999886,-0.0019443216968625617,-19.443216968625617,0.18999999999999773,-1.157894736842113
2004-01-12,1,575,590,112.63000000000001,112.51,112.62,112.53,stop,-0.12000000000000455,-0.0010655301012253999,-10.655301012253998,0.09000000000000341,-1.3333333333333333
2004-01-13,1,575,582,113.2,113.04,113.19,113.06,stop,-0.1599999999999966,-0.0014135524339605671,-14.135524339605672,0.12999999999999545,-1.2307692307692475
2004-01-14,-1,575,584,112.75,112.86,112.76,112.84,stop,-0.10999999999999943,-0.0009755232351897785,-9.755232351897785,0.0799999999999983,-1.3750000000000222
2004-01-15,-1,575,575,113.55999999999999,113.66,113.57,113.64,stop,-0.10000000000000853,-0.000880514220304733,-8.80514220304733,0.07000000000000739,-1.4285714285713995
2004-01-16,-1,575,586,113.89999999999999,114.08999999999999,113.91,114.07,stop,-0.18999999999999773,-0.0016679834957422327,-16.679834957422326,0.1599999999999966,-1.187500000000011
2004-01-20,-1,575,606,114.42,114.56,114.43,114.54,stop,-0.14000000000000057,-0.0012234553875731938,-12.234553875731939,0.10999999999999943,-1.2727272727272845
2004-01-21,-1,575,693,113.94999999999999,114.17999999999999,113.96,114.16,stop,-0.23000000000000398,-0.0020182520182520534,-20.182520182520534,0.20000000000000284,-1.1500000000000035
2004-01-22,1,575,605,115.18,115.06,115.17,115.08,stop,-0.12000000000000455,-0.0010419380046887605,-10.419380046887605,0.09000000000000341,-1.3333333333333333
2004-01-26,1,575,882,114.47,115.25999999999999,114.46,115.27,target,0.789999999999992,0.006901974488904352,69.01974488904352,0.06999999999999318,11.285714285715272
2004-01-27,1,575,575,115.76,115.67,115.75,115.69,stop,-0.09000000000000341,-0.0007775377969762713,-7.7753779697627134,0.060000000000002274,-1.5
2004-01-28,1,575,602,115.13000000000001,114.93,115.12,114.95,stop,-0.20000000000000284,-0.0017373175816539509,-17.373175816539508,0.1700000000000017,-1.176470588235299
2004-01-29,-1,575,577,113.50999999999999,113.64,113.52,113.62,stop,-0.13000000000000966,-0.0011451726568006489,-11.451726568006489,0.10000000000000853,-1.2999999999999858
2004-01-30,-1,575,595,113.32,113.55,113.33,113.53,stop,-0.23000000000000398,-0.0020294714550428304,-20.294714550428303,0.20000000000000284,-1.1500000000000035
2004-02-02,-1,575,577,113.64,113.72,113.65,113.7,stop,-0.0799999999999983,-0.0007039155301363686,-7.039155301363685,0.04999999999999716,-1.600000000000057
2004-02-04,1,575,575,113.19000000000001,113.12,113.18,113.14,stop,-0.07000000000000739,-0.0006184838310656245,-6.184838310656245,0.04000000000000625,-1.7499999999999112
2004-02-05,1,575,587,113.25,113.06,113.24,113.08,stop,-0.18999999999999773,-0.0016778523489932686,-16.778523489932684,0.1599999999999966,-1.187500000000011
2004-02-06,1,575,582,113.61,113.33,113.6,113.35,stop,-0.28000000000000114,-0.0024647887323943764,-24.647887323943763,0.25,-1.1200000000000045
2004-02-09,-1,575,579,114.5,114.71,114.51,114.69,stop,-0.20999999999999375,-0.0018339009693476005,-18.339009693476005,0.1799999999999926,-1.1666666666666798
2004-02-10,1,575,575,114.30000000000001,114.25,114.29,114.27,stop,-0.05000000000001137,-0.0004374835943653108,-4.374835943653108,0.020000000000010232,-2.4999999999992895
2004-02-11,-1,575,580,114.74,114.88,114.75,114.86,stop,-0.14000000000000057,-0.0012200435729847543,-12.200435729847543,0.10999999999999943,-1.2727272727272845
2004-02-12,-1,575,578,115.89,116.02,115.9,116.0,stop,-0.12999999999999545,-0.0011216566005176484,-11.216566005176484,0.09999999999999432,-1.3000000000000285
2004-02-13,1,575,589,116.03,115.77000000000001,116.02,115.79,stop,-0.2599999999999909,-0.0022409929322529817,-22.409929322529816,0.22999999999998977,-1.1304347826087064
2004-02-17,1,575,578,115.99000000000001,115.81,115.98,115.83,stop,-0.18000000000000682,-0.001551991722710871,-15.51991722710871,0.15000000000000568,-1.2
2004-02-18,1,575,575,116.18,116.11,116.17,116.13,stop,-0.07000000000000739,-0.0006025652061634448,-6.025652061634449,0.04000000000000625,-1.7499999999999112
2004-02-19,1,575,575,116.35000000000001,116.27000000000001,116.34,116.29,stop,-0.0799999999999983,-0.0006876396768093372,-6.876396768093372,0.04999999999999716,-1.600000000000057
2004-02-20,-1,575,644,115.44999999999999,114.74000000000008,115.46,114.73000000000008,target,0.7099999999999085,0.006149315780356041,61.49315780356041,0.04000000000000625,17.749999999994937
2004-02-23,-1,575,716,115.17,114.39000000000003,115.18,114.38000000000002,target,0.7799999999999727,0.0067720090293451355,67.72009029345135,0.0799999999999983,9.749999999999867
2004-02-24,-1,575,581,114.24,114.39,114.25,114.37,stop,-0.15000000000000568,-0.0013129102844639446,-13.129102844639446,0.12000000000000455,-1.25
2004-02-26,1,575,581,114.74000000000001,114.59,114.73,114.61,stop,-0.15000000000000568,-0.0013074174148000146,-13.074174148000147,0.12000000000000455,-1.25
2004-02-27,-1,575,578,115.14,115.27,115.15,115.25,stop,-0.12999999999999545,-0.0011289622231871077,-11.289622231871077,0.09999999999999432,-1.3000000000000285
2004-03-01,1,575,578,115.45,115.36,115.44,115.38,stop,-0.09000000000000341,-0.0007796257796258092,-7.796257796258091,0.060000000000002274,-1.5
2004-03-03,1,575,582,115.32000000000001,115.18,115.31,115.2,stop,-0.14000000000000057,-0.0012141184632729215,-12.141184632729214,0.10999999999999943,-1.2727272727272845
2004-03-04,-1,575,576,115.67999999999999,115.75999999999999,115.69,115.74,stop,-0.0799999999999983,-0.0006915031549831298,-6.915031549831299,0.04999999999999716,-1.600000000000057
2004-03-05,1,575,621,115.44000000000001,116.22999999999998,115.43,116.23999999999998,target,0.7899999999999636,0.0068439747032830595,68.4397470328306,0.07000000000000739,11.285714285712574
2004-03-08,-1,575,575,116.30999999999999,116.39,116.32,116.37,stop,-0.0800000000000125,-0.0006877579092160635,-6.8775790921606355,0.05000000000001137,-1.5999999999998864
2004-03-09,-1,575,587,114.99,115.13,115.0,115.11,stop,-0.14000000000000057,-0.001217391304347831,-12.17391304347831,0.10999999999999943,-1.2727272727272845
2004-03-10,-1,575,648,114.64999999999999,114.77,114.66,114.75,stop,-0.12000000000000455,-0.0010465724751439435,-10.465724751439435,0.09000000000000341,-1.3333333333333333
2004-03-11,1,575,577,112.5,112.3,112.49,112.32,stop,-0.20000000000000284,-0.001777935816517049,-17.779358165170493,0.1700000000000017,-1.176470588235299
2004-03-12,-1,575,577,111.69999999999999,111.86,111.71,111.84,stop,-0.1600000000000108,-0.0014322800107421968,-14.322800107421967,0.13000000000000966,-1.2307692307692224
2004-03-15,1,575,575,112.30000000000001,112.2,112.29,112.22,stop,-0.10000000000000853,-0.0008905512512245838,-8.905512512245839,0.07000000000000739,-1.4285714285713995
2004-03-16,1,575,611,111.98,111.71000000000001,111.97,111.73,stop,-0.269999999999996,-0.0024113601857640083,-24.113601857640084,0.23999999999999488,-1.1250000000000073
2004-03-17,1,575,959,112.35000000000001,112.99,112.34,113.0,eod,0.6399999999999864,0.005696991276481986,56.96991276481986,0.2400000000000091,2.666666666666509
2004-03-19,-1,575,577,112.33,112.47,112.34,112.45,stop,-0.14000000000000057,-0.0012462168417304662,-12.462168417304662,0.10999999999999943,-1.2727272727272845
2004-03-22,-1,575,580,110.39,110.58,110.4,110.56,stop,-0.18999999999999773,-0.0017210144927536026,-17.210144927536025,0.1599999999999966,-1.187500000000011
2004-03-23,-1,575,588,110.21,110.33999999999999,110.22,110.32,stop,-0.12999999999999545,-0.0011794592632915573,-11.794592632915572,0.09999999999999432,-1.3000000000000285
2004-03-24,1,575,576,109.69000000000001,109.56,109.68,109.58,stop,-0.13000000000000966,-0.0011852662290299932,-11.852662290299932,0.10000000000000853,-1.2999999999999858
2004-03-25,1,575,583,110.12,109.98,110.11,110.0,stop,-0.14000000000000057,-0.0012714558169103676,-12.714558169103675,0.10999999999999943,-1.2727272727272845
2004-03-26,-1,575,582,110.91,111.02,110.92,111.0,stop,-0.10999999999999943,-0.000991705733862238,-9.91705733862238,0.0799999999999983,-1.3750000000000222
2004-03-29,1,575,959,111.77000000000001,112.47,111.76,112.48,eod,0.6999999999999886,0.006263421617752224,62.63421617752224,0.18000000000000682,3.8888888888886783
2004-03-30,-1,575,584,112.25999999999999,112.47,112.27,112.45,stop,-0.21000000000000796,-0.0018704907811526496,-18.704907811526496,0.18000000000000682,-1.1666666666666667
2004-03-31,-1,575,863,112.86999999999999,113.03999999999999,112.88,113.02,stop,-0.1700000000000017,-0.0015060240963855574,-15.060240963855573,0.14000000000000057,-1.2142857142857215
2004-04-01,1,575,959,113.23,113.47999999999999,113.22,113.49,eod,0.2499999999999858,0.0022080904433844357,22.080904433844356,0.1700000000000017,1.4705882352940194
2004-04-02,-1,575,959,114.71,114.43,114.72,114.42,eod,0.2799999999999869,0.0024407252440724106,24.407252440724108,0.12000000000000455,2.333333333333136
2004-04-05,1,575,575,114.49000000000001,114.44,114.48,114.46,stop,-0.05000000000001137,-0.00043675751222930966,-4.367575122293097,0.020000000000010232,-2.4999999999992895
2004-04-06,-1,575,580,114.75999999999999,114.89,114.77,114.87,stop,-0.13000000000000966,-0.0011327001829747293,-11.327001829747292,0.10000000000000853,-1.2999999999999858
2004-04-07,-1,575,959,114.77,114.51,114.78,114.5,eod,0.2599999999999909,0.0022652029970377323,22.652029970377324,0.20000000000000284,1.299999999999936
2004-04-08,-1,575,862,115.27,114.21000000000001,115.28,114.2,target,1.059999999999988,0.009195003469812526,91.95003469812526,0.12999999999999545,8.153846153846347
2004-04-12,1,575,959,114.72,114.83999999999999,114.71,114.85,eod,0.11999999999999034,0.0010461162932611833,10.461162932611833,0.14000000000000057,0.8571428571427846
2004-04-13,-1,575,747,115.1,113.96999999999996,115.11,113.95999999999995,target,1.130000000000038,0.009816697072365894,98.16697072365893,0.1700000000000017,6.647058823529569
2004-04-14,1,575,575,112.65,112.59,112.64,112.61,stop,-0.060000000000002274,-0.0005326704545454748,-5.3267045454547475,0.030000000000001137,-2.0
2004-04-15,-1,575,581,113.36999999999999,113.47,113.38,113.45,stop,-0.10000000000000853,-0.0008819897689187558,-8.819897689187558,0.07000000000000739,-1.4285714285713995
2004-04-16,-1,575,577,113.33999999999999,113.47999999999999,113.35,113.46,stop,-0.14000000000000057,-0.00123511248345832,-12.351124834583201,0.10999999999999943,-1.2727272727272845
2004-04-19,1,575,589,113.68,113.49000000000001,113.67,113.51,stop,-0.18999999999999773,-0.0016715052344505826,-16.715052344505825,0.1599999999999966,-1.187500000000011
2004-04-20,-1,575,582,114.00999999999999,114.17,114.02,114.15,stop,-0.1600000000000108,-0.0014032625855114086,-14.032625855114086,0.13000000000000966,-1.2307692307692224
2004-04-21,-1,575,597,112.14999999999999,112.28999999999999,112.16,112.27,stop,-0.14000000000000057,-0.0012482168330955829,-12.48216833095583,0.10999999999999943,-1.2727272727272845
2004-04-22,1,575,959,112.65,114.42999999999999,112.64,114.44,eod,1.779999999999987,0.015802556818181702,158.02556818181702,0.20000000000000284,8.899999999999809
2004-04-23,-1,575,584,114.205,114.44,114.215,114.42,stop,-0.23499999999999943,-0.0020575230924134258,-20.575230924134257,0.2049999999999983,-1.146341463414641
2004-04-26,1,575,616,114.57000000000001,114.45,114.56,114.47,stop,-0.12000000000000455,-0.0010474860335195927,-10.474860335195928,0.09000000000000341,-1.3333333333333333
2004-04-27,-1,575,577,114.19,114.32,114.2,114.3,stop,-0.12999999999999545,-0.0011383537653239532,-11.383537653239532,0.09999999999999432,-1.3000000000000285
2004-04-28,-1,575,959,113.53,112.59,113.54,112.58,eod,0.9399999999999977,0.008279020609476816,82.79020609476817,0.35999999999999943,2.611111111111109
2004-04-29,1,575,577,112.79,112.66000000000001,112.78,112.68,stop,-0.12999999999999545,-0.0011526866465685001,-11.526866465685002,0.09999999999999432,-1.3000000000000285
2004-04-30,-1,575,576,112.13,112.19,112.14,112.17,stop,-0.060000000000002274,-0.0005350454788657238,-5.350454788657238,0.030000000000001137,-2.0
2004-05-03,1,575,959,111.47,112.13,111.46,112.14,eod,0.6599999999999966,0.005921406782702285,59.214067827022845,0.10999999999999943,6.0
2004-05-04,-1,575,575,112.25,112.3,112.26,112.28,stop,-0.04999999999999716,-0.0004453946196329695,-4.453946196329695,0.01999999999999602,-2.5000000000003553
2004-05-05,-1,575,595,112.3,112.49,112.31,112.47,stop,-0.18999999999999773,-0.0016917460600124451,-16.91746060012445,0.1599999999999966,-1.187500000000011
2004-05-06,-1,575,580,111.96,112.08,111.97,112.06,stop,-0.12000000000000455,-0.0010717156381173936,-10.717156381173936,0.09000000000000341,-1.3333333333333333
2004-05-07,1,575,616,111.51,111.16000000000001,111.5,111.18,stop,-0.3499999999999943,-0.0031390134529147473,-31.390134529147474,0.3199999999999932,-1.0937500000000056
2004-05-10,-1,575,582,109.3,109.55,109.31,109.53,stop,-0.25,-0.002287073460799561,-22.870734607995608,0.21999999999999886,-1.1363636363636422
2004-05-11,1,575,822,109.55000000000001,109.33,109.54,109.35,stop,-0.22000000000001307,-0.002008398758444523,-20.083987584445232,0.19000000000001194,-1.1578947368421013
2004-05-12,-1,575,583,109.49,109.64999999999999,109.5,109.63,stop,-0.1599999999999966,-0.001461187214611841,-14.61187214611841,0.12999999999999545,-1.2307692307692475
2004-05-13,1,575,602,110.01,109.71000000000001,110.0,109.73,stop,-0.29999999999999716,-0.0027272727272727015,-27.272727272727014,0.269999999999996,-1.111111111111117
2004-05-14,1,575,593,110.39,109.88000000000001,110.38,109.9,stop,-0.5099999999999909,-0.004620402246783756,-46.20402246783756,0.47999999999998977,-1.0625000000000038
2004-05-17,1,575,586,108.95,108.78,108.94,108.8,stop,-0.1700000000000017,-0.0015604920139526501,-15.604920139526502,0.14000000000000057,-1.2142857142857215
2004-05-18,1,575,590,109.59,109.31,109.58,109.33,stop,-0.28000000000000114,-0.002555210804891414,-25.55210804891414,0.25,-1.1200000000000045
2004-05-19,-1,575,587,110.47,110.57,110.48,110.55,stop,-0.09999999999999432,-0.0009051412020274648,-9.051412020274649,0.06999999999999318,-1.4285714285714866
2004-05-20,-1,575,582,109.35,109.53,109.36,109.51,stop,-0.18000000000000682,-0.0016459400146306403,-16.459400146306404,0.15000000000000568,-1.2
2004-05-21,1,575,579,109.98,109.91000000000001,109.97,109.93,stop,-0.06999999999999318,-0.0006365372374283275,-6.365372374283275,0.03999999999999204,-1.7500000000001776
2004-05-24,-1,575,576,110.38,110.56,110.39,110.54,stop,-0.18000000000000682,-0.0016305824802971903,-16.3058248029719,0.15000000000000568,-1.2
2004-05-26,1,575,605,111.71000000000001,111.60000000000001,111.7,111.62,stop,-0.10999999999999943,-0.0009847806624888043,-9.847806624888042,0.0799999999999983,-1.3750000000000222
2004-05-27,1,575,678,112.60000000000001,112.44,112.59,112.46,stop,-0.1600000000000108,-0.001421085353939167,-14.21085353939167,0.13000000000000966,-1.2307692307692224
2004-05-28,-1,575,576,112.58999999999999,112.78999999999999,112.6,112.77,stop,-0.20000000000000284,-0.0017761989342806649,-17.76198934280665,0.1700000000000017,-1.176470588235299
2004-06-01,1,575,629,112.48,112.34,112.47,112.36,stop,-0.14000000000000057,-0.0012447763848137331,-12.447763848137331,0.10999999999999943,-1.2727272727272845
2004-06-02,-1,575,857,112.99,113.11,113.0,113.09,stop,-0.12000000000000455,-0.0010619469026549074,-10.619469026549075,0.09000000000000341,-1.3333333333333333
2004-06-03,-1,575,585,112.69999999999999,112.86999999999999,112.71,112.85,stop,-0.1700000000000017,-0.0015082956259427,-15.082956259427,0.14000000000000057,-1.2142857142857215
2004-06-04,1,575,576,113.04,112.95,113.03,112.97,stop,-0.09000000000000341,-0.0007962487835088332,-7.962487835088331,0.060000000000002274,-1.5
2004-06-07,1,575,580,113.49000000000001,113.4,113.48,113.42,stop,-0.09000000000000341,-0.0007930912936200511,-7.930912936200511,0.060000000000002274,-1.5
2004-06-08,-1,575,583,114.27,114.42,114.28,114.4,stop,-0.15000000000000568,-0.0013125656282814639,-13.125656282814639,0.12000000000000455,-1.25
2004-06-09,1,575,608,114.52000000000001,114.4,114.51,114.42,stop,-0.12000000000000455,-0.0010479434110558428,-10.479434110558428,0.09000000000000341,-1.3333333333333333
2004-06-10,1,575,578,114.11,113.99000000000001,114.1,114.01,stop,-0.11999999999999034,-0.0010517090271690652,-10.517090271690652,0.0899999999999892,-1.3333333333333859
2004-06-14,-1,575,959,113.72,113.2,113.73,113.19,eod,0.519999999999996,0.004572232480436086,45.72232480436086,0.10999999999999943,4.727272727272716
2004-06-15,1,575,599,114.01,113.88000000000001,114.0,113.9,stop,-0.12999999999999545,-0.0011403508771929425,-11.403508771929424,0.09999999999999432,-1.3000000000000285
2004-06-16,-1,575,637,113.91,114.05,113.92,114.03,stop,-0.14000000000000057,-0.0012289325842696679,-12.289325842696678,0.10999999999999943,-1.2727272727272845
2004-06-17,-1,575,801,113.75999999999999,113.89999999999999,113.77,113.88,stop,-0.14000000000000057,-0.0012305528698250906,-12.305528698250907,0.10999999999999943,-1.2727272727272845
2004-06-18,1,575,959,113.31,113.69999999999999,113.3,113.71,eod,0.38999999999998636,0.0034421888790819627,34.42188879081963,0.09999999999999432,3.900000000000085
2004-06-21,-1,575,588,113.72,113.86,113.73,113.84,stop,-0.14000000000000057,-0.0012309856678097298,-12.309856678097297,0.10999999999999943,-1.2727272727272845
2004-06-22,-1,575,585,113.1,113.21,113.11,113.19,stop,-0.10999999999999943,-0.0009725046414994203,-9.725046414994203,0.0799999999999983,-1.3750000000000222
2004-06-23,1,575,619,113.75,113.56,113.74,113.58,stop,-0.18999999999999773,-0.0016704765254088073,-16.704765254088073,0.1599999999999966,-1.187500000000011
2004-06-25,1,575,846,114.46000000000001,114.3,114.45,114.32,stop,-0.1600000000000108,-0.0013979903888161713,-13.979903888161713,0.13000000000000966,-1.2307692307692224
2004-06-28,-1,575,588,114.39,114.57,114.4,114.55,stop,-0.1799999999999926,-0.0015734265734265087,-15.734265734265087,0.14999999999999147,-1.200000000000019
2004-06-30,-1,575,578,114.0,114.14999999999999,114.01,114.13,stop,-0.14999999999999147,-0.0013156740636785498,-13.156740636785498,0.11999999999999034,-1.2500000000000295
2004-07-01,1,575,578,114.32000000000001,114.22,114.31,114.24,stop,-0.10000000000000853,-0.0008748141020033989,-8.748141020033989,0.07000000000000739,-1.4285714285713995
2004-07-02,-1,575,629,113.03,113.22999999999999,113.04,113.21,stop,-0.19999999999998863,-0.001769285208775554,-17.69285208775554,0.1699999999999875,-1.1764705882353137
2004-07-06,1,575,578,112.46000000000001,112.31,112.45,112.33,stop,-0.15000000000000568,-0.0013339261894175693,-13.339261894175694,0.12000000000000455,-1.25
2004-07-07,1,575,959,112.02000000000001,112.13,112.01,112.14,eod,0.10999999999998522,0.0009820551736450783,9.820551736450783,0.2600000000000051,0.4230769230768579
2004-07-08,1,575,588,111.86,111.69,111.85,111.71,stop,-0.1700000000000017,-0.001519892713455536,-15.19892713455536,0.14000000000000057,-1.2142857142857215
2004-07-09,1,575,600,111.88000000000001,111.63000000000001,111.87,111.65,stop,-0.25,-0.0022347367480110843,-22.347367480110844,0.21999999999999886,-1.1363636363636422
2004-07-12,1,575,587,111.68,111.46000000000001,111.67,111.48,stop,-0.21999999999999886,-0.0019700904450613314,-19.700904450613315,0.18999999999999773,-1.157894736842113
2004-07-13,-1,575,576,111.82,111.96,111.83,111.94,stop,-0.14000000000000057,-0.0012519002056693247,-12.519002056693246,0.09000000000000341,-1.555555555555503
2004-07-14,1,575,575,111.30000000000001,111.21000000000001,111.29,111.23,stop,-0.09000000000000341,-0.0008086979962261066,-8.086979962261067,0.060000000000002274,-1.5
2004-07-15,-1,575,583,111.69999999999999,111.81,111.71,111.79,stop,-0.11000000000001364,-0.000984692507385316,-9.846925073853159,0.0800000000000125,-1.3749999999999556
2004-07-16,-1,575,959,111.46,110.54,111.47,110.53,eod,0.9199999999999875,0.008253341706288575,82.53341706288575,0.20000000000000284,4.599999999999872
2004-07-19,1,575,576,110.78,110.66000000000001,110.77,110.68,stop,-0.11999999999999034,-0.0010833258102373416,-10.833258102373417,0.0899999999999892,-1.3333333333333859
2004-07-20,-1,575,578,110.39,110.55,110.4,110.53,stop,-0.1599999999999966,-0.0014492753623188096,-14.492753623188095,0.12999999999999545,-1.2307692307692475
2004-07-21,-1,575,580,111.75,111.88,111.76,111.86,stop,-0.12999999999999545,-0.0011632068718682483,-11.632068718682483,0.09999999999999432,-1.3000000000000285
2004-07-22,-1,575,577,109.28999999999999,109.45,109.3,109.43,stop,-0.1600000000000108,-0.0014638609332114439,-14.638609332114438,0.13000000000000966,-1.2307692307692224
2004-07-23,1,575,577,109.64,109.51,109.63,109.53,stop,-0.12999999999999545,-0.0011858068047066995,-11.858068047066995,0.09999999999999432,-1.3000000000000285
2004-07-26,1,575,575,109.23,109.15,109.22,109.17,stop,-0.0799999999999983,-0.0007324665812122166,-7.3246658121221655,0.04999999999999716,-1.600000000000057
2004-07-27,1,575,578,109.12,108.99000000000001,109.11,109.01,stop,-0.12999999999999545,-0.0011914581614883646,-11.914581614883646,0.09999999999999432,-1.3000000000000285
2004-07-29,-1,575,581,110.46,110.56,110.47,110.54,stop,-0.10000000000000853,-0.0009052231375034717,-9.052231375034717,0.07000000000000739,-1.4285714285713995
2004-07-30,1,575,577,110.45,110.27000000000001,110.44,110.29,stop,-0.1799999999999926,-0.001629844259326264,-16.298442593262642,0.14999999999999147,-1.200000000000019
2004-08-02,1,575,959,110.38000000000001,111.08999999999999,110.37,111.1,eod,0.7099999999999795,0.006432907492977979,64.3290749297798,0.3200000000000074,2.218749999999885
2004-08-05,1,575,577,110.33,110.21000000000001,110.32,110.23,stop,-0.11999999999999034,-0.00108774474256699,-10.8774474256699,0.0899999999999892,-1.3333333333333859
2004-08-06,1,575,576,107.68,107.58,107.67,107.6,stop,-0.10000000000000853,-0.0009287638153618327,-9.287638153618328,0.07000000000000739,-1.4285714285713995
2004-08-09,1,575,601,107.22,106.96000000000001,107.21,106.98,stop,-0.2599999999999909,-0.002425146907937608,-24.25146907937608,0.22999999999998977,-1.1304347826087064
2004-08-10,1,575,959,107.46000000000001,108.36,107.45,108.37,eod,0.8999999999999915,0.00837598883201481,83.75988832014811,0.18999999999999773,4.73684210526317
2004-08-11,-1,575,601,107.61,107.26999999999994,107.62,107.25999999999993,target,0.34000000000006025,0.0031592640773096103,31.592640773096104,0.0799999999999983,4.250000000000844
2004-08-12,1,575,604,107.81,107.60000000000001,107.8,107.62,stop,-0.20999999999999375,-0.0019480519480518902,-19.4805194805189,0.1799999999999926,-1.1666666666666798
2004-08-13,1,575,586,107.23,107.07000000000001,107.22,107.09,stop,-0.1599999999999966,-0.0014922589069203188,-14.922589069203188,0.12999999999999545,-1.2307692307692475
2004-08-16,1,575,846,107.23,108.5200000000001,107.22,108.5300000000001,target,1.2900000000000915,0.012031337437046182,120.31337437046182,0.12000000000000455,10.750000000000355
2004-08-17,1,575,682,108.85000000000001,108.65,108.84,108.67,stop,-0.20000000000000284,-0.0018375597206909484,-18.375597206909486,0.1700000000000017,-1.176470588235299
2004-08-18,1,575,615,108.55000000000001,109.14000000000001,108.54,109.15000000000002,target,0.5900000000000034,0.005435784042749248,54.35784042749248,0.05000000000001137,11.799999999997386
2004-08-19,-1,575,584,109.72999999999999,109.88,109.74,109.86,stop,-0.15000000000000568,-0.001366867140513994,-13.668671405139941,0.12000000000000455,-1.25
2004-08-20,1,575,959,109.67,110.42999999999999,109.66,110.44,eod,0.7599999999999909,0.0069305124931605955,69.30512493160596,0.14999999999999147,5.066666666666894
2004-08-23,-1,575,577,110.53,110.61,110.54,110.59,stop,-0.0799999999999983,-0.0007237199203907933,-7.237199203907933,0.04999999999999716,-1.600000000000057
2004-08-24,1,575,576,110.66000000000001,110.60000000000001,110.65,110.62,stop,-0.060000000000002274,-0.0005422503389064823,-5.422503389064823,0.030000000000001137,-2.0
2004-08-25,-1,575,594,110.22999999999999,110.35,110.24,110.33,stop,-0.12000000000000455,-0.0010885341074020733,-10.885341074020733,0.09000000000000341,-1.3333333333333333
2004-08-26,-1,575,581,110.86999999999999,111.00999999999999,110.88,110.99,stop,-0.14000000000000057,-0.0012626262626262677,-12.626262626262678,0.10999999999999943,-1.2727272727272845
2004-08-27,-1,575,585,111.14,111.25,111.15,111.23,stop,-0.10999999999999943,-0.0009896536212325635,-9.896536212325636,0.0799999999999983,-1.3750000000000222
2004-08-30,-1,575,581,111.13,111.27,111.14,111.25,stop,-0.14000000000000057,-0.001259672485153865,-12.596724851538651,0.10999999999999943,-1.2727272727272845
2004-08-31,1,575,604,110.80000000000001,110.63000000000001,110.79,110.65,stop,-0.1700000000000017,-0.0015344345157505344,-15.344345157505344,0.14000000000000057,-1.2142857142857215
2004-09-01,1,575,581,111.12,110.92,111.11,110.94,stop,-0.20000000000000284,-0.0018000180001800275,-18.000180001800274,0.1700000000000017,-1.176470588235299
2004-09-02,1,575,959,111.38000000000001,112.53999999999999,111.37,112.55,eod,1.1599999999999824,0.010415731345963745,104.15731345963745,0.13000000000000966,8.923076923076124
2004-09-03,1,575,616,112.43,112.24000000000001,112.42,112.26,stop,-0.18999999999999773,-0.0016900907311866013,-16.900907311866014,0.1599999999999966,-1.187500000000011
2004-09-07,1,575,633,112.81,112.52000000000001,112.8,112.54,stop,-0.28999999999999204,-0.0025709219858155324,-25.709219858155326,0.2599999999999909,-1.1153846153846239
2004-09-09,1,575,592,112.74000000000001,112.48,112.73,112.5,stop,-0.2600000000000051,-0.002306395813004569,-23.06395813004569,0.23000000000000398,-1.1304347826086982
2004-09-10,-1,575,615,112.35,112.56,112.36,112.54,stop,-0.21000000000000796,-0.0018689925240299747,-18.689925240299747,0.18000000000000682,-1.1666666666666667
2004-09-13,-1,575,580,113.14999999999999,113.32,113.16,113.3,stop,-0.1700000000000017,-0.001502297631671984,-15.02297631671984,0.14000000000000057,-1.2142857142857215
2004-09-14,1,575,584,113.36,113.25,113.35,113.27,stop,-0.10999999999999943,-0.0009704455227172425,-9.704455227172426,0.0799999999999983,-1.3750000000000222
2004-09-15,-1,575,959,113.22999999999999,112.75,113.24,112.74,eod,0.47999999999998977,0.004238784881667165,42.38784881667165,0.12000000000000455,3.9999999999997633
2004-09-16,1,575,959,113.0,113.08999999999999,112.99,113.1,eod,0.0899999999999892,0.000796530666430562,7.96530666430562,0.14999999999999147,0.5999999999999621
2004-09-17,1,575,576,113.02000000000001,112.89,113.01,112.91,stop,-0.13000000000000966,-0.001150340677816208,-11.50340677816208,0.10000000000000853,-1.2999999999999858
2004-09-20,1,575,580,112.74000000000001,112.58,112.73,112.6,stop,-0.1600000000000108,-0.001419320500310572,-14.19320500310572,0.13000000000000966,-1.2307692307692224
2004-09-21,-1,575,582,112.69,112.78,112.7,112.76,stop,-0.09000000000000341,-0.000798580301685922,-7.9858030168592204,0.060000000000002274,-1.5
2004-09-22,-1,575,959,112.36,111.64,112.37,111.63,eod,0.7199999999999989,0.006407404111417628,64.07404111417628,0.14999999999999147,4.800000000000265
2004-09-23,-1,575,959,111.55,111.15,111.56,111.14,eod,0.3999999999999915,0.003585514521333735,35.85514521333735,0.14000000000000057,2.857142857142785
2004-09-24,-1,575,577,111.14,111.25,111.15,111.23,stop,-0.10999999999999943,-0.0009896536212325635,-9.896536212325636,0.0799999999999983,-1.3750000000000222
2004-09-27,-1,575,772,111.05999999999999,111.17,111.07,111.15,stop,-0.11000000000001364,-0.000990366435581288,-9.903664355812879,0.0800000000000125,-1.3749999999999556
2004-09-28,1,575,586,110.99000000000001,110.87,110.98,110.89,stop,-0.12000000000000455,-0.0010812759055686119,-10.812759055686119,0.09000000000000341,-1.3333333333333333
2004-09-29,-1,575,580,111.11,111.22999999999999,111.12,111.21,stop,-0.11999999999999034,-0.00107991360691136,-10.7991360691136,0.0899999999999892,-1.3333333333333859
2004-09-30,-1,575,576,111.50999999999999,111.6,111.52,111.58,stop,-0.09000000000000341,-0.0008070301291248512,-8.070301291248512,0.060000000000002274,-1.5
2004-10-04,1,575,578,114.16000000000001,114.02000000000001,114.15,114.04,stop,-0.14000000000000057,-0.0012264564169951868,-12.264564169951868,0.10999999999999943,-1.2727272727272845
2004-10-05,-1,575,575,113.8,113.89999999999999,113.81,113.88,stop,-0.09999999999999432,-0.0008786574114752158,-8.786574114752158,0.06999999999999318,-1.4285714285714866
2004-10-06,1,575,598,113.82000000000001,113.69,113.81,113.71,stop,-0.13000000000000966,-0.0011422546349179304,-11.422546349179305,0.10000000000000853,-1.2999999999999858
2004-10-07,-1,575,929,114.32,113.52999999999987,114.33,113.51999999999987,target,0.7900000000001199,0.0069098224438040754,69.09822443804076,0.07000000000000739,11.285714285714807
2004-10-08,-1,575,580,113.30999999999999,113.38,113.32,113.36,stop,-0.07000000000000739,-0.0006177197317332103,-6.177197317332103,0.04000000000000625,-1.7499999999999112
2004-10-11,1,575,603,112.96000000000001,112.72,112.95,112.74,stop,-0.2400000000000091,-0.002124833997344038,-21.24833997344038,0.21000000000000796,-1.1428571428571428
2004-10-12,1,575,583,112.27000000000001,112.17,112.26,112.19,stop,-0.10000000000000853,-0.0008907892392660656,-8.907892392660656,0.07000000000000739,-1.4285714285713995
2004-10-13,1,575,575,113.04,112.94,113.03,112.96,stop,-0.10000000000000853,-0.000884720870565412,-8.84720870565412,0.07000000000000739,-1.4285714285713995
2004-10-14,1,575,579,111.71000000000001,111.64,111.7,111.66,stop,-0.07000000000000739,-0.0006266786034020357,-6.266786034020357,0.04000000000000625,-1.7499999999999112
2004-10-15,1,575,576,111.07000000000001,110.98,111.06,111.0,stop,-0.09000000000000341,-0.0008103727714749091,-8.103727714749091,0.060000000000002274,-1.5
2004-10-18,1,575,646,111.03,110.87,111.02,110.89,stop,-0.1599999999999966,-0.001441181769050591,-14.41181769050591,0.12999999999999545,-1.2307692307692475
2004-10-19,-1,575,582,111.97999999999999,112.07,111.99,112.05,stop,-0.09000000000000341,-0.0008036431824270329,-8.036431824270329,0.060000000000002274,-1.5
2004-10-20,-1,575,578,110.28999999999999,110.46,110.3,110.44,stop,-0.1700000000000017,-0.0015412511332729077,-15.412511332729077,0.14000000000000057,-1.2142857142857215
2004-10-21,-1,575,586,110.66,110.83,110.67,110.81,stop,-0.1700000000000017,-0.001536098310291874,-15.360983102918741,0.14000000000000057,-1.2142857142857215
2004-10-22,-1,575,600,111.08,111.25999999999999,111.09,111.24,stop,-0.1799999999999926,-0.0016203078584930471,-16.20307858493047,0.14999999999999147,-1.200000000000019
2004-10-25,-1,575,587,109.64,109.81,109.65,109.79,stop,-0.1700000000000017,-0.0015503875968992402,-15.503875968992402,0.14000000000000057,-1.2142857142857215
2004-10-26,-1,575,577,110.05999999999999,110.17,110.07,110.15,stop,-0.11000000000001364,-0.000999364041064901,-9.99364041064901,0.0800000000000125,-1.3749999999999556
2004-10-27,-1,575,625,111.35,111.46,111.36,111.44,stop,-0.10999999999999943,-0.000987787356321834,-9.87787356321834,0.0799999999999983,-1.3750000000000222
2004-10-28,-1,575,593,112.64,112.82,112.65,112.8,stop,-0.1799999999999926,-0.001597869507323503,-15.978695073235029,0.14999999999999147,-1.200000000000019
2004-10-29,1,575,616,113.34,113.10000000000001,113.33,113.12,stop,-0.23999999999999488,-0.002117709344392437,-21.17709344392437,0.20999999999999375,-1.1428571428571526
2004-11-01,-1,575,670,113.39999999999999,113.61,113.41,113.59,stop,-0.21000000000000796,-0.0018516885636187988,-18.516885636187986,0.18000000000000682,-1.1666666666666667
2004-11-02,-1,575,579,113.58,113.74,113.59,113.72,stop,-0.1599999999999966,-0.0014085746984769485,-14.085746984769484,0.12999999999999545,-1.2307692307692475
2004-11-03,1,575,589,115.32000000000001,114.97,115.31,114.99,stop,-0.3500000000000085,-0.003035296158182365,-30.35296158182365,0.3200000000000074,-1.0937500000000013
2004-11-04,1,575,582,114.95,114.76,114.94,114.78,stop,-0.18999999999999773,-0.0016530363668000498,-16.530363668000497,0.1599999999999966,-1.187500000000011
2004-11-05,-1,575,583,117.0,117.08999999999999,117.01,117.07,stop,-0.0899999999999892,-0.0007691650286299393,-7.691650286299393,0.05999999999998806,-1.5000000000001183
2004-11-08,-1,575,583,116.99,117.1,117.0,117.08,stop,-0.10999999999999943,-0.0009401709401709353,-9.401709401709352,0.0799999999999983,-1.3750000000000222
2004-11-09,-1,575,582,117.03,117.17,117.04,117.15,stop,-0.14000000000000057,-0.0011961722488038325,-11.961722488038324,0.10999999999999943,-1.2727272727272845
2004-11-10,-1,575,649,116.89,117.14,116.9,117.12,stop,-0.25,-0.00213857998289136,-21.3857998289136,0.21999999999999886,-1.1363636363636422
2004-11-11,-1,575,584,117.13,117.27,117.14,117.25,stop,-0.14000000000000057,-0.0011951511012463767,-11.951511012463767,0.10999999999999943,-1.2727272727272845
2004-11-12,-1,575,626,117.94,118.06,117.95,118.04,stop,-0.12000000000000455,-0.0010173802458669312,-10.173802458669313,0.09000000000000341,-1.3333333333333333
2004-11-15,-1,575,590,118.33,118.52,118.34,118.5,stop,-0.18999999999999773,-0.0016055433496704218,-16.055433496704218,0.1599999999999966,-1.187500000000011
2004-11-16,-1,575,959,118.28,117.77000000000001,118.29,117.76,eod,0.5099999999999909,0.004311437991377047,43.11437991377047,0.11999999999999034,4.2500000000002665
2004-11-17,1,575,866,118.57000000000001,118.32000000000001,118.56,118.34,stop,-0.25,-0.0021086369770580296,-21.086369770580298,0.21999999999999886,-1.1363636363636422
2004-11-18,1,575,575,118.59,118.47,118.58,118.49,stop,-0.12000000000000455,-0.0010119750379491022,-10.119750379491022,0.09000000000000341,-1.3333333333333333
2004-11-19,-1,575,608,118.66,117.96000000000008,118.67,117.95000000000007,target,0.6999999999999176,0.005898710710372609,58.987107103726096,0.04999999999999716,13.999999999999147
2004-11-22,1,575,575,117.19000000000001,117.12,117.18,117.14,stop,-0.07000000000000739,-0.0005973715651135637,-5.973715651135636,0.04000000000000625,-1.7499999999999112
2004-11-23,-1,575,606,117.86,117.99,117.87,117.97,stop,-0.12999999999999545,-0.0011029099855772923,-11.029099855772923,0.09999999999999432,-1.3000000000000285
2004-11-24,1,575,599,118.43,118.22,118.42,118.24,stop,-0.21000000000000796,-0.00177334909643648,-17.733490964364798,0.18000000000000682,-1.1666666666666667
2004-11-26,1,575,783,118.58,118.43,118.57,118.45,stop,-0.14999999999999147,-0.0012650754828370707,-12.650754828370708,0.11999999999999034,-1.2500000000000295
2004-11-29,1,575,594,118.83,118.74000000000001,118.82,118.76,stop,-0.0899999999999892,-0.0007574482410367717,-7.574482410367716,0.05999999999998806,-1.5000000000001183
2004-12-01,-1,575,578,118.11,118.21,118.12,118.19,stop,-0.09999999999999432,-0.000846596681340961,-8.46596681340961,0.06999999999999318,-1.4285714285714866
2004-12-02,1,575,581,119.2,119.04,119.19,119.06,stop,-0.1599999999999966,-0.0013423944961825371,-13.423944961825372,0.12999999999999545,-1.2307692307692475
2004-12-03,-1,575,577,119.22,119.44,119.23,119.42,stop,-0.21999999999999886,-0.0018451731946657625,-18.451731946657624,0.18999999999999773,-1.157894736842113
2004-12-06,-1,575,738,119.13,119.28999999999999,119.14,119.27,stop,-0.1599999999999966,-0.0013429578646969665,-13.429578646969665,0.12999999999999545,-1.2307692307692475
2004-12-07,-1,575,597,119.33999999999999,119.52,119.35,119.5,stop,-0.18000000000000682,-0.0015081692501047912,-15.081692501047913,0.15000000000000568,-1.2
2004-12-08,1,575,576,118.27000000000001,118.18,118.26,118.2,stop,-0.09000000000000341,-0.0007610350076103789,-7.6103500761037886,0.060000000000002274,-1.5
2004-12-10,1,575,959,119.04,119.16,119.03,119.17,eod,0.11999999999999034,0.001008149206082419,10.08149206082419,0.18000000000000682,0.6666666666665877
2004-12-13,1,575,584,119.86,119.72,119.85,119.74,stop,-0.14000000000000057,-0.0011681268251981691,-11.681268251981692,0.10999999999999943,-1.2727272727272845
2004-12-14,1,575,959,120.29,120.78,120.28,120.79,eod,0.4899999999999949,0.004073827735284294,40.738277352842935,0.09999999999999432,4.900000000000228
2004-12-15,-1,575,576,120.63,120.75,120.64,120.73,stop,-0.12000000000000455,-0.0009946949602122393,-9.946949602122393,0.09000000000000341,-1.3333333333333333
2004-12-16,-1,575,578,120.55,120.78,120.56,120.76,stop,-0.23000000000000398,-0.0019077637690776707,-19.077637690776708,0.20000000000000284,-1.1500000000000035
2004-12-17,1,575,685,119.80000000000001,119.28,119.79,119.3,stop,-0.5200000000000102,-0.004340929960764757,-43.40929960764757,0.4900000000000091,-1.0612244897959195
2004-12-20,1,575,663,119.93,119.71000000000001,119.92,119.73,stop,-0.21999999999999886,-0.001834556370913933,-18.34556370913933,0.18999999999999773,-1.157894736842113
2004-12-21,1,575,601,119.78,119.55,119.77,119.57,stop,-0.23000000000000398,-0.0019203473323871085,-19.203473323871084,0.20000000000000284,-1.1500000000000035
2004-12-22,1,575,959,120.51,120.89999999999999,120.5,120.91,eod,0.38999999999998636,0.0032365145228214634,32.36514522821464,0.18000000000000682,2.166666666666509
2004-12-23,1,575,893,120.99000000000001,120.81,120.98,120.83,stop,-0.18000000000000682,-0.0014878492312779535,-14.878492312779535,0.15000000000000568,-1.2
2004-12-27,1,575,580,121.33,121.17,121.32,121.19,stop,-0.1599999999999966,-0.0013188262446422404,-13.188262446422405,0.12999999999999545,-1.2307692307692475
2004-12-28,1,575,959,120.73,121.22999999999999,120.72,121.24,eod,0.4999999999999858,0.004141815772034342,41.418157720343416,0.12000000000000455,4.166666666666391
2004-12-29,1,575,595,121.15,120.99000000000001,121.14,121.01,stop,-0.1599999999999966,-0.0013207858675911887,-13.207858675911886,0.12999999999999545,-1.2307692307692475
2004-12-30,-1,575,575,121.38,121.42999999999999,121.39,121.41,stop,-0.04999999999999716,-0.00041189554329019816,-4.1189554329019815,0.01999999999999602,-2.5000000000003553
2004-12-31,-1,575,575,121.28,121.35,121.29,121.33,stop,-0.06999999999999318,-0.0005771291944924822,-5.771291944924823,0.03999999999999204,-1.7500000000001776
2005-01-03,1,575,595,121.67,121.47,121.66,121.49,stop,-0.20000000000000284,-0.0016439256945586294,-16.439256945586294,0.1700000000000017,-1.176470588235299
2005-01-05,1,575,630,118.89,118.72,118.88,118.74,stop,-0.1700000000000017,-0.0014300134589502163,-14.300134589502163,0.14000000000000057,-1.2142857142857215
2005-01-06,1,575,652,118.55000000000001,118.37,118.54,118.39,stop,-0.18000000000000682,-0.0015184747764468264,-15.184747764468264,0.15000000000000568,-1.2
2005-01-07,1,575,593,119.03,118.84,119.02,118.86,stop,-0.18999999999999773,-0.001596370357923019,-15.963703579230192,0.1599999999999966,-1.187500000000011
2005-01-10,1,575,959,118.47,118.92999999999999,118.46,118.94,eod,0.45999999999999375,0.0038831673138611665,38.83167313861166,0.11999999999999034,3.8333333333335897
2005-01-12,-1,575,577,118.3,118.42999999999999,118.31,118.41,stop,-0.12999999999999545,-0.0010988082157044666,-10.988082157044666,0.09999999999999432,-1.3000000000000285
2005-01-13,-1,575,621,118.6,118.75,118.61,118.73,stop,-0.15000000000000568,-0.0012646488491695953,-12.646488491695953,0.12000000000000455,-1.25
2005-01-14,1,575,582,117.98,117.9,117.97,117.92,stop,-0.0799999999999983,-0.0006781385097906103,-6.781385097906103,0.04999999999999716,-1.600000000000057
2005-01-18,-1,575,594,118.03,118.17999999999999,118.04,118.16,stop,-0.14999999999999147,-0.0012707556760419474,-12.707556760419473,0.11999999999999034,-1.2500000000000295
2005-01-19,1,575,579,119.51,119.35000000000001,119.5,119.37,stop,-0.1599999999999966,-0.0013389121338911849,-13.389121338911849,0.12999999999999545,-1.2307692307692475
2005-01-20,1,575,584,117.96000000000001,117.83,117.95,117.85,stop,-0.13000000000000966,-0.0011021619330225491,-11.02161933022549,0.10000000000000853,-1.2999999999999858
2005-01-21,-1,575,576,117.74,117.82,117.75,117.8,stop,-0.0799999999999983,-0.0006794055201698369,-6.794055201698369,0.04999999999999716,-1.600000000000057
2005-01-24,1,575,591,117.17,116.99000000000001,117.16,117.01,stop,-0.1799999999999926,-0.0015363605326049216,-15.363605326049216,0.14999999999999147,-1.200000000000019
2005-01-25,1,575,921,117.04,116.82000000000001,117.03,116.84,stop,-0.21999999999999886,-0.0018798598649918726,-18.798598649918727,0.18999999999999773,-1.157894736842113
2005-01-26,1,575,575,117.37,117.26,117.36,117.28,stop,-0.10999999999999943,-0.0009372869802317606,-9.372869802317606,0.0799999999999983,-1.3750000000000222
2005-01-27,-1,575,580,117.13,117.21,117.14,117.19,stop,-0.0799999999999983,-0.0006829434864264836,-6.829434864264836,0.04999999999999716,-1.600000000000057
2005-01-28,1,575,575,117.53,117.41000000000001,117.52,117.43,stop,-0.11999999999999034,-0.0010211027910142132,-10.211027910142132,0.0899999999999892,-1.3333333333333859
2005-01-31,1,575,584,118.04,117.88000000000001,118.03,117.9,stop,-0.1599999999999966,-0.0013555875624840852,-13.555875624840853,0.12999999999999545,-1.2307692307692475
2005-02-01,-1,575,579,118.19,118.32,118.2,118.3,stop,-0.12999999999999545,-0.0010998307952622289,-10.998307952622289,0.09999999999999432,-1.3000000000000285
2005-02-02,-1,575,577,118.96,119.08999999999999,118.97,119.07,stop,-0.12999999999999545,-0.0010927124485163944,-10.927124485163944,0.09999999999999432,-1.3000000000000285
2005-02-03,-1,575,586,118.94999999999999,119.1,118.96,119.08,stop,-0.15000000000000568,-0.0012609280430397251,-12.609280430397252,0.12000000000000455,-1.25
2005-02-04,1,575,944,119.10000000000001,120.28999999999989,119.09,120.2999999999999,target,1.189999999999884,0.009992442690401242,99.92442690401242,0.10999999999999943,10.81818181818082
2005-02-07,-1,575,585,120.17999999999999,120.28,120.19,120.26,stop,-0.10000000000000853,-0.0008320159747067853,-8.320159747067853,0.07000000000000739,-1.4285714285713995
2005-02-08,-1,575,588,120.11999999999999,120.2,120.13,120.18,stop,-0.0800000000000125,-0.0006659452260052652,-6.659452260052652,0.05000000000001137,-1.5999999999998864
2005-02-09,-1,575,579,120.32,120.49,120.33,120.47,stop,-0.1700000000000017,-0.0014127815174935735,-14.127815174935735,0.14000000000000057,-1.2142857142857215
2005-02-10,1,575,576,119.7,119.61,119.69,119.63,stop,-0.09000000000000341,-0.0007519425181719727,-7.519425181719727,0.060000000000002274,-1.5
2005-02-11,1,575,579,119.78,119.66000000000001,119.77,119.68,stop,-0.11999999999999034,-0.0010019203473323065,-10.019203473323065,0.0899999999999892,-1.3333333333333859
2005-02-14,1,575,578,120.73,120.61,120.72,120.63,stop,-0.12000000000000455,-0.000994035785288308,-9.94035785288308,0.09000000000000341,-1.3333333333333333
2005-02-15,-1,575,596,120.72999999999999,120.86,120.74,120.84,stop,-0.13000000000000966,-0.0010766937220474547,-10.766937220474547,0.10000000000000853,-1.2999999999999858
2005-02-16,-1,575,618,120.83999999999999,120.97,120.85,120.95,stop,-0.13000000000000966,-0.0010757136946628852,-10.757136946628853,0.10000000000000853,-1.2999999999999858
2005-02-17,-1,575,580,121.19,121.25999999999999,121.2,121.24,stop,-0.06999999999999318,-0.0005775577557755213,-5.775577557755213,0.03999999999999204,-1.7500000000001776
2005-02-18,1,575,580,120.21000000000001,120.07000000000001,120.2,120.09,stop,-0.14000000000000057,-0.0011647254575707202,-11.647254575707201,0.10999999999999943,-1.2727272727272845
2005-02-22,-1,575,590,119.82,119.94,119.83,119.92,stop,-0.12000000000000455,-0.001001418676458354,-10.01418676458354,0.09000000000000341,-1.3333333333333333
2005-02-23,1,575,599,119.05000000000001,118.91000000000001,119.04,118.93,stop,-0.14000000000000057,-0.0011760752688172091,-11.760752688172092,0.10999999999999943,-1.2727272727272845
2005-02-24,1,575,584,119.32000000000001,119.2,119.31,119.22,stop,-0.12000000000000455,-0.001005783253708864,-10.05783253708864,0.09000000000000341,-1.3333333333333333
2005-02-25,1,575,600,120.27000000000001,120.16000000000001,120.26,120.18,stop,-0.10999999999999943,-0.0009146848494927609,-9.146848494927609,0.0799999999999983,-1.3750000000000222
2005-03-01,1,575,959,121.03,121.28999999999999,121.02,121.3,eod,0.2599999999999909,0.0021484052222772343,21.484052222772345,0.23999999999999488,1.0833333333333186
2005-03-02,-1,575,588,120.67,120.85,120.68,120.83,stop,-0.1799999999999926,-0.001491547895260131,-14.91547895260131,0.14999999999999147,-1.200000000000019
2005-03-04,-1,575,597,121.97999999999999,122.07,121.99,122.05,stop,-0.09000000000000341,-0.0007377653906058153,-7.377653906058153,0.060000000000002274,-1.5
2005-03-07,1,575,959,122.73,122.77,122.72,122.78,eod,0.03999999999999204,0.00032594524119941364,3.2594524119941366,0.12999999999999545,0.30769230769225725
2005-03-08,1,575,591,122.76,122.57000000000001,122.75,122.59,stop,-0.18999999999999773,-0.001547861507128291,-15.47861507128291,0.1599999999999966,-1.187500000000011
2005-03-10,1,575,586,121.41000000000001,121.18,121.4,121.2,stop,-0.23000000000000398,-0.0018945634266886652,-18.945634266886653,0.20000000000000284,-1.1500000000000035
2005-03-11,-1,575,589,121.22999999999999,121.36,121.24,121.34,stop,-0.13000000000000966,-0.0010722533817222836,-10.722533817222835,0.10000000000000853,-1.2999999999999858
2005-03-14,1,575,589,120.68,120.56,120.67,120.58,stop,-0.12000000000000455,-0.0009944476671915517,-9.944476671915517,0.09000000000000341,-1.3333333333333333
2005-03-15,-1,575,583,121.39,121.45,121.4,121.43,stop,-0.060000000000002274,-0.0004942339373970533,-4.942339373970532,0.030000000000001137,-2.0
2005-03-16,1,575,584,119.81,119.64,119.8,119.66,stop,-0.1700000000000017,-0.0014190317195325686,-14.190317195325687,0.14000000000000057,-1.2142857142857215
2005-03-17,1,575,578,119.4,119.28,119.39,119.3,stop,-0.12000000000000455,-0.001005109305637026,-10.05109305637026,0.09000000000000341,-1.3333333333333333
2005-03-18,-1,575,959,118.97999999999999,118.82000000000001,118.99,118.81,eod,0.15999999999998238,0.0013446508109923724,13.446508109923723,0.1700000000000017,0.9411764705881221
2005-03-21,-1,575,634,118.69999999999999,117.91000000000003,118.71,117.90000000000002,target,0.7899999999999636,0.006654873220452899,66.54873220452899,0.07000000000000739,11.285714285712574
2005-03-22,1,575,862,118.42,118.31,118.41,118.33,stop,-0.10999999999999943,-0.00092897559327759,-9.2897559327759,0.0799999999999983,-1.3750000000000222
2005-03-23,1,575,577,117.08,116.89,117.07,116.91,stop,-0.18999999999999773,-0.0016229606218501557,-16.22960621850156,0.1599999999999966,-1.187500000000011
2005-03-24,1,575,936,117.53,117.32000000000001,117.52,117.34,stop,-0.20999999999999375,-0.0017869298842749638,-17.86929884274964,0.1799999999999926,-1.1666666666666798
2005-03-28,-1,575,577,117.39,117.52,117.4,117.5,stop,-0.12999999999999545,-0.0011073253833049016,-11.073253833049016,0.09999999999999432,-1.3000000000000285
2005-03-29,-1,575,576,117.05,117.17999999999999,117.06,117.16,stop,-0.12999999999999545,-0.0011105416025969199,-11.105416025969198,0.09999999999999432,-1.3000000000000285
2005-03-30,1,575,959,116.93,118.11,116.92,118.12,eod,1.1799999999999926,0.010092370851864459,100.92370851864459,0.15000000000000568,7.866666666666319
2005-03-31,-1,575,581,118.11,118.22,118.12,118.2,stop,-0.10999999999999943,-0.0009312563494751052,-9.312563494751052,0.0799999999999983,-1.3750000000000222
2005-04-01,1,575,607,118.69000000000001,118.5,118.68,118.52,stop,-0.19000000000001194,-0.0016009437141895175,-16.009437141895177,0.1600000000000108,-1.1874999999999944
2005-04-04,-1,575,839,117.28,117.45,117.29,117.43,stop,-0.1700000000000017,-0.0014493989257396342,-14.493989257396342,0.14000000000000057,-1.2142857142857215
2005-04-05,1,575,857,117.97,117.75,117.96,117.77,stop,-0.21999999999999886,-0.0018650389962699126,-18.650389962699126,0.18999999999999773,-1.157894736842113
2005-04-06,1,575,584,118.53,118.39,118.52,118.41,stop,-0.14000000000000057,-0.0011812352345595728,-11.812352345595729,0.10999999999999943,-1.2727272727272845
2005-04-07,1,575,583,118.51,118.39,118.5,118.41,stop,-0.12000000000000455,-0.0010126582278481397,-10.126582278481397,0.09000000000000341,-1.3333333333333333
2005-04-08,1,575,577,119.2,119.08,119.19,119.1,stop,-0.12000000000000455,-0.0010067958721369625,-10.067958721369624,0.09000000000000341,-1.3333333333333333
2005-04-11,1,575,580,118.4,118.25,118.39,118.27,stop,-0.15000000000000568,-0.001266998901934333,-12.669989019343332,0.12000000000000455,-1.25
2005-04-12,-1,575,856,117.83999999999999,117.95,117.85,117.93,stop,-0.11000000000001364,-0.0009333899024184442,-9.333899024184442,0.0800000000000125,-1.3749999999999556
2005-04-13,1,575,593,118.57000000000001,118.45,118.56,118.47,stop,-0.12000000000000455,-0.0010121457489878926,-10.121457489878926,0.09000000000000341,-1.3333333333333333
2005-04-14,-1,575,589,117.36999999999999,117.472,117.38,117.452,stop,-0.10200000000000387,-0.0008689725677287773,-8.689725677287772,0.07200000000000273,-1.4166666666666667
2005-04-15,1,575,576,115.84,115.7,115.83,115.72,stop,-0.14000000000000057,-0.0012086678753345469,-12.086678753345469,0.10999999999999943,-1.2727272727272845
2005-04-18,1,575,580,114.34,114.10000000000001,114.33,114.12,stop,-0.23999999999999488,-0.002099186565205938,-20.991865652059378,0.20999999999999375,-1.1428571428571526
2005-04-19,1,575,593,115.2,114.98,115.19,115.0,stop,-0.21999999999999886,-0.001909888011112066,-19.09888011112066,0.18999999999999773,-1.157894736842113
2005-04-20,-1,575,661,115.25,115.42999999999999,115.26,115.41,stop,-0.1799999999999926,-0.0015616866215512112,-15.616866215512111,0.14999999999999147,-1.200000000000019
2005-04-21,1,575,587,114.83,114.73,114.82,114.75,stop,-0.09999999999999432,-0.0008709284096846745,-8.709284096846746,0.06999999999999318,-1.4285714285714866
2005-04-22,1,575,575,115.72,115.68,115.71,115.7,stop,-0.03999999999999204,-0.00034569181574619343,-3.4569181574619345,0.009999999999990905,-4.000000000002842
2005-04-25,1,575,576,115.91000000000001,115.82000000000001,115.9,115.84,stop,-0.09000000000000341,-0.0007765314926661208,-7.765314926661208,0.060000000000002274,-1.5
2005-04-26,1,575,582,116.01,115.93,116.0,115.95,stop,-0.0799999999999983,-0.0006896551724137784,-6.896551724137784,0.04999999999999716,-1.600000000000057
2005-04-27,1,575,575,114.91000000000001,114.84,114.9,114.86,stop,-0.07000000000000739,-0.0006092254134030234,-6.0922541340302345,0.04000000000000625,-1.7499999999999112
2005-04-28,1,575,582,115.42,115.24000000000001,115.41,115.26,stop,-0.1799999999999926,-0.0015596568754873289,-15.596568754873289,0.14999999999999147,-1.200000000000019
2005-04-29,-1,575,602,114.97,115.13,114.98,115.11,stop,-0.1599999999999966,-0.0013915463558879509,-13.915463558879509,0.12999999999999545,-1.2307692307692475
2005-05-02,-1,575,579,116.02,116.16,116.03,116.14,stop,-0.14000000000000057,-0.001206584504007589,-12.06584504007589,0.10999999999999943,-1.2727272727272845
2005-05-03,1,575,576,116.09,116.01,116.08,116.03,stop,-0.0799999999999983,-0.0006891798759476077,-6.891798759476077,0.04999999999999716,-1.600000000000057
2005-05-04,-1,575,603,116.47,116.71,116.48,116.69,stop,-0.23999999999999488,-0.0020604395604395163,-20.60439560439516,0.20999999999999375,-1.1428571428571526
2005-05-05,-1,575,583,117.55999999999999,117.71,117.57,117.69,stop,-0.15000000000000568,-0.0012758356723654477,-12.758356723654478,0.12000000000000455,-1.25
2005-05-06,-1,575,733,117.89999999999999,117.21000000000008,117.91,117.20000000000007,target,0.6899999999999125,0.005851920956661118,58.51920956661118,0.060000000000002274,11.499999999998105
2005-05-10,-1,575,587,117.25999999999999,117.42,117.27,117.4,stop,-0.1600000000000108,-0.0013643728148717558,-13.643728148717559,0.13000000000000966,-1.2307692307692224
2005-05-11,-1,575,727,116.92999999999999,116.02999999999997,116.94,116.01999999999997,target,0.9000000000000199,0.007696254489481955,76.96254489481956,0.07000000000000739,12.857142857141785
2005-05-12,-1,575,576,117.24,117.39,117.25,117.37,stop,-0.15000000000000568,-0.0012793176972281935,-12.793176972281934,0.12000000000000455,-1.25
2005-05-13,-1,575,644,116.1,116.33999999999999,116.11,116.32,stop,-0.23999999999999488,-0.0020670054258891987,-20.670054258891987,0.20999999999999375,-1.1428571428571526
2005-05-16,1,575,831,115.74000000000001,116.52999999999997,115.73,116.53999999999998,target,0.7899999999999636,0.006826233474466116,68.26233474466116,0.07000000000000739,11.285714285712574
2005-05-17,1,575,621,116.45,116.34,116.44,116.36,stop,-0.10999999999999943,-0.0009446925455169996,-9.446925455169996,0.0799999999999983,-1.3750000000000222
2005-05-18,1,575,589,118.34,118.0,118.33,118.02,stop,-0.3400000000000034,-0.002873320375221866,-28.73320375221866,0.3100000000000023,-1.0967741935483901
2005-05-19,-1,575,597,118.82,119.03999999999999,118.83,119.02,stop,-0.21999999999999886,-0.0018513843305562473,-18.513843305562474,0.18999999999999773,-1.157894736842113
2005-05-20,-1,575,959,119.08,119.16000000000001,119.09,119.15,eod,-0.0800000000000125,-0.0006717608531363884,-6.717608531363885,0.29999999999999716,-0.2666666666667109
2005-05-23,1,575,582,119.32000000000001,119.17,119.31,119.19,stop,-0.15000000000000568,-0.0012572290671360798,-12.572290671360799,0.12000000000000455,-1.25
2005-05-26,-1,575,575,119.72,119.81,119.73,119.79,stop,-0.09000000000000341,-0.0007516913054372623,-7.516913054372623,0.060000000000002274,-1.5
2005-05-27,-1,575,789,120.0,120.13,120.01,120.11,stop,-0.12999999999999545,-0.001083243063078039,-10.832430630780388,0.09999999999999432,-1.3000000000000285
2005-05-31,-1,575,959,120.03,119.45,120.04,119.44,eod,0.5799999999999983,0.004831722759080292,48.317227590802915,0.12999999999999545,4.461538461538605
2005-06-02,-1,575,579,120.13,120.32,120.14,120.3,stop,-0.18999999999999773,-0.00158148826369234,-15.814882636923398,0.1599999999999966,-1.187500000000011
2005-06-06,-1,575,575,119.99,120.05,120.0,120.03,stop,-0.060000000000002274,-0.000500000000000019,-5.00000000000019,0.030000000000001137,-2.0
2005-06-07,-1,575,576,120.33,120.42,120.34,120.4,stop,-0.09000000000000341,-0.0007478810038225312,-7.478810038225312,0.060000000000002274,-1.5
2005-06-08,-1,575,575,120.41,120.47999999999999,120.42,120.46,stop,-0.06999999999999318,-0.0005812987875767579,-5.812987875767579,0.03999999999999204,-1.7500000000001776
2005-06-09,-1,575,592,119.67,119.81,119.68,119.79,stop,-0.14000000000000057,-0.0011697860962566892,-11.697860962566892,0.10999999999999943,-1.2727272727272845
2005-06-10,-1,575,583,120.47,120.6,120.48,120.58,stop,-0.12999999999999545,-0.0010790172642761906,-10.790172642761906,0.09999999999999432,-1.3000000000000285
2005-06-13,1,575,586,120.12,119.88000000000001,120.11,119.9,stop,-0.23999999999999488,-0.0019981683456830814,-19.981683456830815,0.20999999999999375,-1.1428571428571526
2005-06-14,1,575,575,120.47,120.36,120.46,120.38,stop,-0.10999999999999943,-0.0009131661962477124,-9.131661962477123,0.0799999999999983,-1.3750000000000222
2005-06-15,1,575,578,121.22,121.10000000000001,121.21,121.12,stop,-0.11999999999999034,-0.0009900173253031132,-9.90017325303113,0.0899999999999892,-1.3333333333333859
2005-06-16,-1,575,583,120.99,121.14,121.0,121.12,stop,-0.15000000000000568,-0.0012396694214876502,-12.396694214876502,0.12000000000000455,-1.25
2005-06-17,1,575,583,121.71000000000001,121.49000000000001,121.7,121.51,stop,-0.21999999999999886,-0.0018077239112571804,-18.077239112571803,0.18999999999999773,-1.157894736842113
2005-06-20,1,575,577,121.14,121.05,121.13,121.07,stop,-0.09000000000000341,-0.0007430033847932256,-7.430033847932256,0.060000000000002274,-1.5
2005-06-21,-1,575,575,121.47,121.55,121.48,121.53,stop,-0.0799999999999983,-0.0006585446163977469,-6.585446163977469,0.04999999999999716,-1.600000000000057
2005-06-22,1,575,588,121.87,121.63000000000001,121.86,121.65,stop,-0.23999999999999488,-0.0019694731659280723,-19.694731659280723,0.20999999999999375,-1.1428571428571526
2005-06-23,-1,575,586,121.3,121.39,121.31,121.37,stop,-0.09000000000000341,-0.0007419009150111567,-7.419009150111567,0.060000000000002274,-1.5
2005-06-24,-1,575,575,119.80999999999999,119.92,119.82,119.9,stop,-0.11000000000001364,-0.0009180437322651782,-9.180437322651782,0.0800000000000125,-1.3749999999999556
2005-06-27,1,575,826,119.03,118.93,119.02,118.95,stop,-0.09999999999999432,-0.0008401949252226039,-8.40194925222604,0.06999999999999318,-1.4285714285714866
2005-06-28,1,575,577,119.44000000000001,119.36,119.43,119.38,stop,-0.0800000000000125,-0.0006698484467890187,-6.698484467890187,0.05000000000001137,-1.5999999999998864
2005-06-29,-1,575,959,120.27,119.95,120.28,119.94,eod,0.3199999999999932,0.0026604589291652245,26.604589291652246,0.12000000000000455,2.666666666666509
2005-06-30,-1,575,579,120.19,120.27,120.2,120.25,stop,-0.0799999999999983,-0.0006655574043261089,-6.6555740432610895,0.04999999999999716,-1.600000000000057
2005-07-01,1,575,583,119.48,119.39,119.47,119.41,stop,-0.09000000000000341,-0.000753327195111772,-7.533271951117721,0.060000000000002274,-1.5
2005-07-05,-1,575,580,119.22,119.33999999999999,119.23,119.32,stop,-0.11999999999999034,-0.0010064581061812491,-10.064581061812492,0.0899999999999892,-1.3333333333333859
2005-07-06,1,575,616,120.4,120.33,120.39,120.35,stop,-0.07000000000000739,-0.0005814436414985247,-5.814436414985247,0.04000000000000625,-1.7499999999999112
2005-07-07,1,575,577,118.4,118.26,118.39,118.28,stop,-0.14000000000000057,-0.001182532308472004,-11.82532308472004,0.10999999999999943,-1.2727272727272845
2005-07-08,-1,575,575,119.91,119.99,119.92,119.97,stop,-0.0799999999999983,-0.0006671114076050558,-6.671114076050558,0.04999999999999716,-1.600000000000057
2005-07-11,1,575,587,121.36,121.531,121.35,121.54100000000001,target,0.17100000000000648,0.0014091470951792871,14.091470951792871,0.03999999999999204,4.275000000001013
2005-07-12,1,575,575,121.93,121.87,121.92,121.89,stop,-0.060000000000002274,-0.0004921259842519871,-4.921259842519872,0.030000000000001137,-2.0
2005-07-13,1,575,609,122.31,122.21000000000001,122.3,122.23,stop,-0.09999999999999432,-0.0008176614881438619,-8.176614881438619,0.06999999999999318,-1.4285714285714866
2005-07-14,1,575,609,123.06,122.93,123.05,122.95,stop,-0.12999999999999545,-0.0010564811052417348,-10.564811052417348,0.09999999999999432,-1.3000000000000285
2005-07-15,-1,575,870,122.69,122.88,122.7,122.86,stop,-0.18999999999999773,-0.0015484922575386938,-15.484922575386937,0.14000000000000057,-1.3571428571428354
2005-07-18,1,575,578,122.60000000000001,122.47,122.59,122.49,stop,-0.13000000000000966,-0.001060445387062645,-10.60445387062645,0.10000000000000853,-1.2999999999999858
2005-07-19,1,575,580,122.81,122.68,122.8,122.7,stop,-0.12999999999999545,-0.0010586319218240671,-10.586319218240671,0.09999999999999432,-1.3000000000000285
2005-07-20,1,575,590,122.69000000000001,122.56,122.68,122.58,stop,-0.13000000000000966,-0.0010596674274536164,-10.596674274536163,0.10000000000000853,-1.2999999999999858
2005-07-21,-1,575,782,123.27,123.61999999999999,123.28,123.6,stop,-0.3499999999999943,-0.0028390655418558917,-28.390655418558918,0.3199999999999932,-1.0937500000000056
2005-07-22,1,575,632,122.98,122.82000000000001,122.97,122.84,stop,-0.1599999999999966,-0.001301130356997614,-13.011303569976139,0.12999999999999545,-1.2307692307692475
2005-07-25,1,575,587,123.54,123.39,123.53,123.41,stop,-0.15000000000000568,-0.0012142799320003699,-12.142799320003698,0.12000000000000455,-1.25
2005-07-26,-1,575,610,123.14,123.35,123.15,123.33,stop,-0.20999999999999375,-0.0017052375152252842,-17.052375152252843,0.1799999999999926,-1.1666666666666798
2005-07-27,-1,575,575,123.47999999999999,123.53,123.49,123.51,stop,-0.05000000000001137,-0.00040489108429841585,-4.048910842984158,0.020000000000010232,-2.4999999999992895
2005-07-28,1,575,606,124.06,123.91000000000001,124.05,123.93,stop,-0.14999999999999147,-0.0012091898428052516,-12.091898428052517,0.11999999999999034,-1.2500000000000295
2005-07-29,-1,575,575,124.39999999999999,124.46,124.41,124.44,stop,-0.060000000000002274,-0.00048227634434532815,-4.822763443453281,0.030000000000001137,-2.0
2005-08-01,1,575,582,123.89,123.74000000000001,123.88,123.76,stop,-0.14999999999999147,-0.0012108492089117815,-12.108492089117815,0.11999999999999034,-1.2500000000000295
2005-08-02,1,575,576,123.89,123.8,123.88,123.82,stop,-0.09000000000000341,-0.0007265095253471376,-7.265095253471376,0.060000000000002274,-1.5
2005-08-03,-1,575,581,124.22,124.33,124.23,124.31,stop,-0.10999999999999943,-0.0008854543990984418,-8.854543990984418,0.0799999999999983,-1.3750000000000222
2005-08-04,1,575,575,124.25,124.18,124.24,124.2,stop,-0.06999999999999318,-0.0005634256278170733,-5.634256278170732,0.03999999999999204,-1.7500000000001776
2005-08-05,1,575,577,123.47,123.39,123.46,123.41,stop,-0.0799999999999983,-0.0006479831524380228,-6.479831524380228,0.04999999999999716,-1.600000000000057
2005-08-08,1,575,581,123.24000000000001,123.13000000000001,123.23,123.15,stop,-0.10999999999999943,-0.0008926397792745227,-8.926397792745227,0.0799999999999983,-1.3750000000000222
2005-08-09,1,575,915,123.09,122.99000000000001,123.08,123.01,stop,-0.09999999999999432,-0.0008124796880077536,-8.124796880077536,0.06999999999999318,-1.4285714285714866
2005-08-10,1,575,756,123.92,123.8,123.91,123.82,stop,-0.12000000000000455,-0.0009684448389960822,-9.684448389960822,0.09000000000000341,-1.3333333333333333
2005-08-11,1,575,738,123.34,123.22,123.33,123.24,stop,-0.12000000000000455,-0.0009729992702505842,-9.729992702505841,0.09000000000000341,-1.3333333333333333
2005-08-12,1,575,578,123.66000000000001,123.52000000000001,123.65,123.54,stop,-0.14000000000000057,-0.0011322280630812823,-11.322280630812823,0.10999999999999943,-1.2727272727272845
2005-08-15,1,575,582,123.25,123.12,123.24,123.14,stop,-0.12999999999999545,-0.0010548523206750685,-10.548523206750685,0.09999999999999432,-1.3000000000000285
2005-08-16,1,575,578,123.5,123.35000000000001,123.49,123.37,stop,-0.14999999999999147,-0.0012146732528949022,-12.146732528949022,0.11999999999999034,-1.2500000000000295
2005-08-17,1,575,579,122.28,122.14,122.27,122.16,stop,-0.14000000000000057,-0.0011450069518279264,-11.450069518279264,0.10999999999999943,-1.2727272727272845
2005-08-18,-1,575,598,121.97,122.11,121.98,122.09,stop,-0.14000000000000057,-0.0011477291359239265,-11.477291359239265,0.10999999999999943,-1.2727272727272845
2005-08-19,-1,575,602,122.53,122.66,122.54,122.64,stop,-0.12999999999999545,-0.001060878080626697,-10.60878080626697,0.09999999999999432,-1.3000000000000285
2005-08-22,1,575,724,122.71000000000001,122.49000000000001,122.7,122.51,stop,-0.21999999999999886,-0.0017929910350448154,-17.929910350448154,0.18999999999999773,-1.157894736842113
2005-08-23,1,575,578,122.57000000000001,122.46000000000001,122.56,122.48,stop,-0.10999999999999943,-0.0008975195822454262,-8.975195822454262,0.0799999999999983,-1.3750000000000222
2005-08-24,1,575,576,121.97,121.87,121.96,121.89,stop,-0.09999999999999432,-0.0008199409642505274,-8.199409642505275,0.06999999999999318,-1.4285714285714866
2005-08-25,1,575,583,121.41000000000001,121.3,121.4,121.32,stop,-0.11000000000001364,-0.0009060955518946758,-9.060955518946757,0.0800000000000125,-1.3749999999999556
2005-08-26,-1,575,959,121.42,120.83,121.43,120.82,eod,0.5900000000000034,0.004858766367454528,48.58766367454528,0.05999999999998806,9.833333333335347
2005-08-29,1,575,959,120.54,121.58999999999999,120.53,121.6,eod,1.049999999999983,0.008711524101883207,87.11524101883207,0.15000000000000568,6.999999999999621
2005-08-30,-1,575,579,121.17999999999999,121.27,121.19,121.25,stop,-0.09000000000000341,-0.0007426355309844328,-7.426355309844328,0.060000000000002274,-1.5
2005-08-31,-1,575,575,121.14999999999999,121.25999999999999,121.16,121.24,stop,-0.10999999999999943,-0.000907890392868929,-9.07890392868929,0.0799999999999983,-1.3750000000000222
2005-09-01,-1,575,577,122.38,122.53999999999999,122.39,122.52,stop,-0.1599999999999966,-0.0013072963477408007,-13.072963477408006,0.12999999999999545,-1.2307692307692475
2005-09-02,-1,575,959,122.74,122.14,122.75,122.13,eod,0.5999999999999943,0.004887983706720931,48.87983706720931,0.12999999999999545,4.615384615384733
2005-09-06,1,575,959,122.83,123.74,122.82,123.75,eod,0.9099999999999966,0.007409216739944607,74.09216739944607,0.1699999999999875,5.352941176470962
2005-09-07,1,575,582,123.68,123.59,123.67,123.61,stop,-0.09000000000000341,-0.0007277431875151889,-7.277431875151889,0.060000000000002274,-1.5
2005-09-08,-1,575,608,123.58,123.72,123.59,123.7,stop,-0.14000000000000057,-0.001132777732826285,-11.32777732826285,0.10999999999999943,-1.2727272727272845
2005-09-12,1,575,577,124.48,124.36,124.47,124.38,stop,-0.12000000000000455,-0.0009640877319836471,-9.64087731983647,0.09000000000000341,-1.3333333333333333
2005-09-13,-1,575,669,124.08999999999999,123.62000000000003,124.1,123.61000000000003,target,0.46999999999995623,0.003787268331989978,37.87268331989978,0.060000000000002274,7.833333333332307
2005-09-14,1,575,585,123.91000000000001,123.7,123.9,123.72,stop,-0.21000000000000796,-0.0016949152542373523,-16.949152542373522,0.18000000000000682,-1.1666666666666667
2005-09-15,1,575,590,123.61,123.48,123.6,123.5,stop,-0.12999999999999545,-0.0010517799352750441,-10.51779935275044,0.09999999999999432,-1.3000000000000285
2005-09-16,-1,575,576,123.22,123.33,123.23,123.31,stop,-0.10999999999999943,-0.0008926397792745227,-8.926397792745227,0.0799999999999983,-1.3750000000000222
2005-09-19,-1,575,577,123.44999999999999,123.53,123.46,123.51,stop,-0.0800000000000125,-0.0006479831524381379,-6.479831524381379,0.05000000000001137,-1.5999999999998864
2005-09-20,1,575,798,123.25,123.16000000000001,123.24,123.18,stop,-0.0899999999999892,-0.0007302823758519085,-7.302823758519085,0.05999999999998806,-1.5000000000001183
2005-09-21,-1,575,959,121.67999999999999,120.89150000000001,121.69,120.8815,eod,0.7884999999999849,0.006479579258772166,64.79579258772166,0.18000000000000682,4.380555555555306
2005-09-22,1,575,577,121.03,120.88000000000001,121.02,120.9,stop,-0.14999999999999147,-0.001239464551313762,-12.39464551313762,0.11999999999999034,-1.2500000000000295
2005-09-26,1,575,581,122.15,121.98,122.14,122.0,stop,-0.1700000000000017,-0.001391845423284769,-13.91845423284769,0.14000000000000057,-1.2142857142857215
2005-09-27,1,575,577,121.62,121.49000000000001,121.61,121.51,stop,-0.12999999999999545,-0.0010689910369212684,-10.689910369212685,0.09999999999999432,-1.3000000000000285
2005-09-28,-1,575,575,121.91,121.96,121.92,121.94,stop,-0.04999999999999716,-0.0004101049868766171,-4.101049868766171,0.01999999999999602,-2.5000000000003553
2005-09-29,-1,575,626,121.47,121.64,121.48,121.62,stop,-0.1700000000000017,-0.001399407309845256,-13.99407309845256,0.14000000000000057,-1.2142857142857215
2005-09-30,1,575,579,122.65,122.52000000000001,122.64,122.54,stop,-0.12999999999999545,-0.001060013046314379,-10.60013046314379,0.09999999999999432,-1.3000000000000285
2005-10-03,-1,575,582,122.88,123.03999999999999,122.89,123.02,stop,-0.1599999999999966,-0.001301977378143027,-13.01977378143027,0.12999999999999545,-1.2307692307692475
2005-10-04,1,575,576,122.83,122.76,122.82,122.78,stop,-0.06999999999999318,-0.0005699397492264548,-5.6993974922645485,0.03999999999999204,-1.7500000000001776
2005-10-06,-1,575,577,119.75,119.89,119.76,119.87,stop,-0.14000000000000057,-0.0011690046760187089,-11.690046760187089,0.10999999999999943,-1.2727272727272845
2005-10-07,1,575,594,119.74000000000001,119.57000000000001,119.73,119.59,stop,-0.1700000000000017,-0.0014198613547147891,-14.198613547147891,0.14000000000000057,-1.2142857142857215
2005-10-10,-1,575,959,119.58,118.78,119.59,118.77,eod,0.7999999999999972,0.006689522535329017,66.89522535329017,0.11999999999999034,6.666666666667179
2005-10-11,1,575,603,119.26,118.93,119.25,118.95,stop,-0.3299999999999983,-0.0027672955974842625,-27.672955974842626,0.29999999999999716,-1.1000000000000048
2005-10-12,1,575,633,118.68,118.35000000000001,118.67,118.37,stop,-0.3299999999999983,-0.002780820763461686,-27.80820763461686,0.29999999999999716,-1.1000000000000048
2005-10-13,1,575,584,117.69000000000001,117.39,117.68,117.41,stop,-0.30000000000001137,-0.0025492861998641344,-25.492861998641345,0.27000000000001023,-1.1111111111111112
2005-10-14,1,575,587,118.25,118.03,118.24,118.05,stop,-0.21999999999999886,-0.0018606224627875413,-18.606224627875413,0.18999999999999773,-1.157894736842113
2005-10-17,1,575,604,118.79,119.17000000000006,118.78,119.18000000000006,target,0.3800000000000523,0.003199191783128913,31.99191783128913,0.04000000000000625,9.499999999999822
2005-10-18,-1,575,576,118.89,118.97999999999999,118.9,118.96,stop,-0.0899999999999892,-0.0007569386038687064,-7.569386038687064,0.05999999999998806,-1.5000000000001183
2005-10-19,-1,575,638,117.47999999999999,117.77,117.49,117.75,stop,-0.29000000000000625,-0.00246829517405742,-24.6829517405742,0.2600000000000051,-1.1153846153846174
2005-10-20,1,575,593,119.61,119.47,119.6,119.49,stop,-0.14000000000000057,-0.0011705685618729146,-11.705685618729145,0.10999999999999943,-1.2727272727272845
2005-10-21,1,575,584,118.49000000000001,118.25,118.48,118.27,stop,-0.2400000000000091,-0.002025658338960239,-20.256583389602387,0.21000000000000796,-1.1428571428571428
2005-10-24,1,575,959,118.76,120.03,118.75,120.04,eod,1.269999999999996,0.010694736842105229,106.94736842105229,0.3400000000000034,3.7352941176470096
2005-10-25,1,575,684,119.75,119.61,119.74,119.63,stop,-0.14000000000000057,-0.0011691999331885801,-11.691999331885802,0.10999999999999943,-1.2727272727272845
2005-10-26,-1,575,584,119.47999999999999,119.6,119.49,119.58,stop,-0.12000000000000455,-0.0010042681395933096,-10.042681395933096,0.09000000000000341,-1.3333333333333333
2005-10-27,1,575,579,119.27000000000001,119.14,119.26,119.16,stop,-0.13000000000000966,-0.0010900553412712532,-10.900553412712531,0.10000000000000853,-1.2999999999999858
2005-10-28,1,575,633,118.61,118.39,118.6,118.41,stop,-0.21999999999999886,-0.0018549747048903784,-18.549747048903782,0.18999999999999773,-1.157894736842113
2005-10-31,1,575,959,120.42,120.69999999999999,120.41,120.71,eod,0.2799999999999869,0.002325388256789195,23.25388256789195,0.20999999999999375,1.3333333333333108
2005-11-02,1,575,959,120.30000000000001,121.61,120.29,121.62,eod,1.309999999999988,0.010890348324881437,108.90348324881437,0.1600000000000108,8.187499999999373
2005-11-03,1,575,616,122.29,122.09,122.28,122.11,stop,-0.20000000000000284,-0.001635590448151806,-16.35590448151806,0.1700000000000017,-1.176470588235299
2005-11-07,1,575,580,122.44000000000001,122.31,122.43,122.33,stop,-0.13000000000000966,-0.0010618312505105746,-10.618312505105745,0.10000000000000853,-1.2999999999999858
2005-11-09,-1,575,575,122.08,122.11,122.09,122.09,stop,-0.030000000000001137,-0.0002457203702187004,-2.4572037021870043,0.0,
2005-11-10,-1,575,582,122.3,122.39,122.31,122.37,stop,-0.09000000000000341,-0.0007358351729212935,-7.358351729212935,0.060000000000002274,-1.5
2005-11-11,-1,575,576,123.30999999999999,123.42,123.32,123.4,stop,-0.11000000000001364,-0.0008919883230620633,-8.919883230620634,0.0800000000000125,-1.3749999999999556
2005-11-14,-1,575,587,123.67999999999999,123.82,123.69,123.8,stop,-0.14000000000000057,-0.0011318619128466373,-11.318619128466374,0.10999999999999943,-1.2727272727272845
2005-11-15,-1,575,635,123.55999999999999,123.67,123.57,123.65,stop,-0.11000000000001364,-0.000890183701545793,-8.90183701545793,0.0800000000000125,-1.3749999999999556
2005-11-16,1,575,585,123.51,123.34,123.5,123.36,stop,-0.1700000000000017,-0.0013765182186234956,-13.765182186234956,0.14000000000000057,-1.2142857142857215
2005-11-17,1,575,603,123.82000000000001,123.66000000000001,123.81,123.68,stop,-0.1599999999999966,-0.0012923027219125804,-12.923027219125805,0.12999999999999545,-1.2307692307692475
2005-11-18,-1,575,959,124.94999999999999,125.10000000000001,124.96,125.09,eod,-0.1500000000000199,-0.0012003841229194935,-12.003841229194935,0.5900000000000034,-0.25423728813562546
2005-11-21,-1,575,581,125.08,125.21,125.09,125.19,stop,-0.12999999999999545,-0.001039251738748065,-10.39251738748065,0.09999999999999432,-1.3000000000000285
2005-11-23,1,575,769,126.31,127.19000000000003,126.3,127.20000000000003,target,0.8800000000000239,0.006967537608867964,69.67537608867964,0.09000000000000341,9.777777777777672
2005-11-25,1,575,627,127.11,126.94,127.1,126.96,stop,-0.1700000000000017,-0.0013375295043273148,-13.375295043273148,0.14000000000000057,-1.2142857142857215
2005-11-28,-1,575,959,127.08,126.16000000000001,127.09,126.15,eod,0.9199999999999875,0.0072389645133369065,72.38964513336906,0.1799999999999926,5.111111111111251
2005-11-29,1,575,582,126.68,126.60000000000001,126.67,126.62,stop,-0.0799999999999983,-0.0006315623273071626,-6.315623273071626,0.04999999999999716,-1.600000000000057
2005-11-30,1,575,606,126.33,126.07000000000001,126.32,126.09,stop,-0.2599999999999909,-0.0020582647245091113,-20.582647245091113,0.22999999999998977,-1.1304347826087064
2005-12-01,1,575,767,126.05000000000001,126.73999999999992,126.04,126.74999999999993,target,0.6899999999999125,0.005474452554743831,54.74452554743831,0.060000000000002274,11.499999999998105
2005-12-02,-1,575,576,126.67,126.8,126.68,126.78,stop,-0.12999999999999545,-0.0010262077676033742,-10.262077676033742,0.09999999999999432,-1.3000000000000285
2005-12-05,1,575,576,126.72,126.62,126.71,126.64,stop,-0.09999999999999432,-0.0007892036934732407,-7.892036934732407,0.06999999999999318,-1.4285714285714866
2005-12-06,1,575,579,127.11,127.01,127.1,127.03,stop,-0.09999999999999432,-0.0007867820613689561,-7.867820613689561,0.06999999999999318,-1.4285714285714866
2005-12-07,1,575,577,126.85000000000001,126.72,126.84,126.74,stop,-0.13000000000000966,-0.0010249132765689818,-10.249132765689819,0.10000000000000853,-1.2999999999999858
2005-12-08,1,575,575,126.26,126.16000000000001,126.25,126.18,stop,-0.09999999999999432,-0.000792079207920747,-7.92079207920747,0.06999999999999318,-1.4285714285714866
2005-12-09,1,575,598,126.22,126.09,126.21,126.11,stop,-0.12999999999999545,-0.001030029316218964,-10.30029316218964,0.09999999999999432,-1.3000000000000285
2005-12-12,1,575,581,126.77000000000001,126.69,126.76,126.71,stop,-0.0800000000000125,-0.0006311139160619477,-6.3111391606194776,0.05000000000001137,-1.5999999999998864
2005-12-15,1,575,598,127.84,127.73,127.83,127.75,stop,-0.10999999999999943,-0.0008605178753031326,-8.605178753031327,0.0799999999999983,-1.3750000000000222
2005-12-16,-1,575,675,127.25999999999999,127.36,127.27,127.34,stop,-0.10000000000000853,-0.0007857311228098415,-7.857311228098415,0.07000000000000739,-1.4285714285713995
2005-12-19,-1,575,617,126.67999999999999,126.78999999999999,126.69,126.77,stop,-0.10999999999999943,-0.0008682611097955595,-8.682611097955595,0.0799999999999983,-1.3750000000000222
2005-12-20,1,575,580,125.92,125.81,125.91,125.83,stop,-0.10999999999999943,-0.0008736399015169521,-8.736399015169521,0.0799999999999983,-1.3750000000000222
2005-12-21,1,575,813,126.31,126.14,126.3,126.16,stop,-0.1700000000000017,-0.0013460015835312883,-13.460015835312882,0.14000000000000057,-1.2142857142857215
2005-12-22,1,575,577,126.39,126.27000000000001,126.38,126.29,stop,-0.11999999999999034,-0.0009495173286911721,-9.495173286911722,0.0899999999999892,-1.3333333333333859
2005-12-23,-1,575,959,126.72999999999999,126.76,126.74,126.75,eod,-0.030000000000015348,-0.00023670506548852257,-2.3670506548852255,0.12000000000000455,-0.2500000000001184
2005-12-27,1,575,586,127.01,126.88000000000001,127.0,126.9,stop,-0.12999999999999545,-0.0010236220472440588,-10.236220472440587,0.09999999999999432,-1.3000000000000285
2005-12-28,1,575,585,125.83,125.7,125.82,125.72,stop,-0.12999999999999545,-0.0010332220632649457,-10.332220632649456,0.09999999999999432,-1.3000000000000285
2005-12-29,1,575,603,125.91000000000001,125.69,125.9,125.71,stop,-0.22000000000001307,-0.0017474185861796113,-17.474185861796112,0.19000000000001194,-1.1578947368421013
2005-12-30,-1,575,940,124.8,125.02,124.81,125.0,stop,-0.21999999999999886,-0.001762679272494182,-17.62679272494182,0.18999999999999773,-1.157894736842113
2006-01-03,1,575,577,125.2,125.08,125.19,125.1,stop,-0.12000000000000455,-0.0009585430146178173,-9.585430146178174,0.09000000000000341,-1.3333333333333333
2006-01-04,-1,575,581,126.75,126.88,126.76,126.86,stop,-0.12999999999999545,-0.0010255601136004689,-10.255601136004689,0.09999999999999432,-1.3000000000000285
2006-01-05,1,575,635,127.4,127.13000000000001,127.39,127.15,stop,-0.269999999999996,-0.0021194756260302693,-21.194756260302693,0.23999999999999488,-1.1250000000000073
2006-01-06,1,575,576,128.13,127.97,128.12,127.99,stop,-0.1599999999999966,-0.0012488292226037823,-12.488292226037823,0.13000000000000966,-1.2307692307691132
2006-01-09,1,575,577,128.47,128.36999999999998,128.46,128.39,stop,-0.10000000000002274,-0.0007784524365563034,-7.784524365563033,0.0700000000000216,-1.4285714285713125
2006-01-11,-1,575,621,128.99,129.05,129.0,129.03,stop,-0.060000000000002274,-0.0004651162790697851,-4.6511627906978505,0.030000000000001137,-2.0
2006-01-12,1,575,576,129.16,129.06,129.15,129.08,stop,-0.09999999999999432,-0.0007742934572202425,-7.742934572202425,0.06999999999999318,-1.4285714285714866
2006-01-13,1,575,603,128.7,128.54999999999998,128.69,128.57,stop,-0.15000000000000568,-0.0011655917320693582,-11.65591732069358,0.12000000000000455,-1.25
2006-01-17,-1,575,579,128.12,128.24,128.13,128.22,stop,-0.12000000000000455,-0.0009365488176071533,-9.365488176071533,0.09000000000000341,-1.3333333333333333
2006-01-18,1,575,694,127.63000000000001,127.51,127.62,127.53,stop,-0.12000000000000455,-0.0009402914903620478,-9.402914903620479,0.09000000000000341,-1.3333333333333333
2006-01-19,1,575,576,128.13,128.04999999999998,128.12,128.07,stop,-0.0800000000000125,-0.0006244146113020021,-6.244146113020021,0.05000000000001137,-1.5999999999998864
2006-01-20,-1,575,681,128.20000000000002,127.22000000000007,128.21,127.21000000000006,target,0.9799999999999471,0.007643709539037103,76.43709539037103,0.09999999999999432,9.80000000000003
2006-01-23,1,575,600,126.24000000000001,126.16000000000001,126.23,126.18,stop,-0.0799999999999983,-0.000633763764556748,-6.337637645567479,0.04999999999999716,-1.600000000000057
2006-01-24,1,575,660,126.68,126.59,126.67,126.61,stop,-0.09000000000000341,-0.0007105076182206,-7.105076182206,0.060000000000002274,-1.5
2006-01-25,-1,575,602,127.0,127.13,127.01,127.11,stop,-0.12999999999999545,-0.0010235414534288281,-10.235414534288282,0.09999999999999432,-1.3000000000000285
2006-01-26,-1,575,628,127.25999999999999,126.87999999999994,127.27,126.86999999999993,target,0.3800000000000523,0.002985778266677554,29.857782666775538,0.04000000000000625,9.499999999999822
2006-01-27,-1,575,583,127.55,127.77,127.56,127.75,stop,-0.21999999999999886,-0.001724678582627774,-17.24678582627774,0.18999999999999773,-1.157894736842113
2006-01-30,1,575,632,128.5,128.39999999999998,128.49,128.42,stop,-0.10000000000002274,-0.0007782706825435655,-7.782706825435655,0.0700000000000216,-1.4285714285713125
2006-01-31,-1,575,856,128.27,128.38000000000002,128.28,128.36,stop,-0.11000000000001364,-0.0008574992204553605,-8.574992204553606,0.0800000000000125,-1.3749999999999556
2006-02-01,1,575,587,127.96000000000001,127.8,127.95,127.82,stop,-0.1600000000000108,-0.0012504884720594826,-12.504884720594825,0.13000000000000966,-1.2307692307692224
2006-02-02,-1,575,660,128.08,127.49000000000028,128.09,127.48000000000027,target,0.5899999999997334,0.004606136310404664,46.06136310404664,0.04999999999998295,11.799999999998693
2006-02-03,-1,575,581,126.47,126.64,126.48,126.62,stop,-0.1700000000000017,-0.0013440860215053897,-13.440860215053897,0.14000000000000057,-1.2142857142857215
2006-02-06,1,575,628,126.54,126.39,126.53,126.41,stop,-0.15000000000000568,-0.0011854896072078216,-11.854896072078217,0.12000000000000455,-1.25
2006-02-07,-1,575,583,126.25999999999999,126.42,126.27,126.4,stop,-0.1600000000000108,-0.001267125999841695,-12.67125999841695,0.13000000000000966,-1.2307692307692224
2006-02-08,-1,575,628,125.86,125.97999999999999,125.87,125.96,stop,-0.11999999999999034,-0.0009533645825056831,-9.53364582505683,0.0899999999999892,-1.3333333333333859
2006-02-09,-1,575,583,126.86,126.95,126.87,126.93,stop,-0.09000000000000341,-0.0007093875620714386,-7.093875620714385,0.060000000000002274,-1.5
2006-02-10,-1,575,589,126.39999999999999,126.49,126.41,126.47,stop,-0.09000000000000341,-0.0007119689897951381,-7.119689897951381,0.060000000000002274,-1.5
2006-02-13,-1,575,586,126.5,126.63,126.51,126.61,stop,-0.12999999999999545,-0.0010275867520353763,-10.275867520353763,0.09999999999999432,-1.3000000000000285
2006-02-14,1,575,575,126.55000000000001,126.43,126.54,126.45,stop,-0.12000000000000455,-0.0009483167377904579,-9.483167377904579,0.09000000000000341,-1.3333333333333333
2006-02-15,-1,575,599,127.61,127.7,127.62,127.68,stop,-0.09000000000000341,-0.0007052186177715358,-7.052186177715358,0.060000000000002274,-1.5
2006-02-16,1,575,590,128.41,128.26,128.4,128.28,stop,-0.15000000000000568,-0.0011682242990654647,-11.682242990654647,0.12000000000000455,-1.25
2006-02-17,-1,575,959,128.94,128.89,128.95,128.88,eod,0.05000000000001137,0.00038774718883296914,3.8774718883296915,0.21000000000000796,0.2380952380952832
2006-02-21,1,575,598,129.14999999999998,129.07999999999998,129.14,129.1,stop,-0.06999999999999318,-0.000542047390428939,-5.42047390428939,0.03999999999999204,-1.7500000000001776
2006-02-22,-1,575,578,128.75,128.82000000000002,128.76,128.8,stop,-0.0700000000000216,-0.0005436470953714011,-5.436470953714011,0.040000000000020464,-1.7499999999996447
2006-02-23,-1,575,674,129.19,129.29000000000002,129.2,129.27,stop,-0.10000000000002274,-0.0007739938080497116,-7.739938080497116,0.0700000000000216,-1.4285714285713125
2006-02-24,-1,575,585,129.03,129.20000000000002,129.04,129.18,stop,-0.17000000000001592,-0.001317420954742839,-13.17420954742839,0.14000000000001478,-1.2142857142856998
2006-02-27,-1,575,575,129.37,129.44,129.38,129.42,stop,-0.06999999999999318,-0.0005410418921007356,-5.4104189210073566,0.03999999999999204,-1.7500000000001776
2006-02-28,-1,575,576,129.15,129.25,129.16,129.23,stop,-0.09999999999999432,-0.000774233508826218,-7.7423350882621795,0.06999999999999318,-1.4285714285714866
2006-03-01,1,575,613,128.7,128.57999999999998,128.69,128.6,stop,-0.12000000000000455,-0.0009324733856554865,-9.324733856554865,0.09000000000000341,-1.3333333333333333
2006-03-02,1,575,596,128.98,128.79999999999998,128.97,128.82,stop,-0.18000000000000682,-0.0013956734124215462,-13.956734124215462,0.15000000000000568,-1.2
2006-03-03,1,575,630,128.73999999999998,129.20000000000013,128.73,129.21000000000012,target,0.46000000000015007,0.0035733706206801065,35.73370620680107,0.06999999999999318,6.571428571431356
2006-03-06,-1,575,847,129.07000000000002,127.97999999999986,129.08,127.96999999999986,target,1.0900000000001597,0.008444375581036254,84.44375581036255,0.09999999999999432,10.900000000002217
2006-03-07,-1,575,606,127.83999999999999,127.95,127.85,127.93,stop,-0.11000000000001364,-0.0008603832616348349,-8.603832616348349,0.0800000000000125,-1.3749999999999556
2006-03-08,-1,575,589,127.6099,127.72,127.6199,127.7,stop,-0.11010000000000275,-0.0008627181184125888,-8.627181184125888,0.08010000000000161,-1.3745318352059992
2006-03-09,1,575,726,128.35999999999999,128.25,128.35,128.27,stop,-0.10999999999998522,-0.0008570315543434767,-8.570315543434766,0.07999999999998408,-1.3750000000000888
2006-03-10,1,575,575,127.72,127.66000000000001,127.71,127.68,stop,-0.05999999999998806,-0.00046981442330270196,-4.69814423302702,0.029999999999986926,-2.000000000000474
2006-03-13,1,575,669,128.95,128.81,128.94,128.83,stop,-0.13999999999998636,-0.0010857763300758986,-10.857763300758986,0.10999999999998522,-1.2727272727273198
2006-03-14,-1,575,577,128.67000000000002,128.75,128.68,128.73,stop,-0.07999999999998408,-0.0006216972334471874,-6.216972334471874,0.04999999999998295,-1.6000000000002275
2006-03-15,1,575,584,130.23,130.07,130.22,130.09,stop,-0.1599999999999966,-0.001228689909384093,-12.28689909384093,0.12999999999999545,-1.2307692307692475
2006-03-16,-1,575,588,130.8999,131.07000000000002,130.9099,131.05,stop,-0.17010000000001924,-0.001299366969190407,-12.993669691904069,0.1401000000000181,-1.2141327623126144
2006-03-17,-1,575,578,130.59,130.74,130.6,130.72,stop,-0.15000000000000568,-0.0011485451761103038,-11.485451761103038,0.12000000000000455,-1.25
2006-03-20,-1,575,577,130.62,130.73000000000002,130.63,130.71,stop,-0.11000000000001364,-0.0008420730306974941,-8.42073030697494,0.0800000000000125,-1.3749999999999556
2006-03-21,1,575,575,130.39,130.29,130.38,130.31,stop,-0.09999999999999432,-0.0007669888019634477,-7.669888019634477,0.06999999999999318,-1.4285714285714866
2006-03-22,1,575,959,129.64999999999998,130.41,129.64,130.42,eod,0.7600000000000193,0.005862388151805148,58.623881518051476,0.18999999999999773,4.000000000000149
2006-03-23,1,575,576,130.25,130.14,130.24,130.16,stop,-0.11000000000001364,-0.0008445945945946993,-8.445945945946992,0.0800000000000125,-1.3749999999999556
2006-03-24,1,575,580,130.04999999999998,129.94,130.04,129.96,stop,-0.10999999999998522,-0.0008458935712087452,-8.458935712087452,0.07999999999998408,-1.3750000000000888
2006-03-27,-1,575,578,129.93,130.08,129.94,130.06,stop,-0.15000000000000568,-0.001154378944128103,-11.54378944128103,0.12000000000000455,-1.25
2006-03-28,1,575,603,129.98999999999998,129.85999999999999,129.98,129.88,stop,-0.12999999999999545,-0.0010001538698260922,-10.001538698260921,0.09999999999999432,-1.3000000000000285
2006-03-29,1,575,584,129.53,129.39,129.52,129.41,stop,-0.14000000000001478,-0.0010809141445337768,-10.809141445337767,0.11000000000001364,-1.2727272727272492
2006-03-30,1,575,670,130.26999999999998,130.01999999999998,130.26,130.04,stop,-0.25,-0.0019192384461845541,-19.192384461845542,0.21999999999999886,-1.1363636363636422
2006-03-31,1,575,590,130.17,129.97,130.16,129.99,stop,-0.19999999999998863,-0.0015365703749230842,-15.365703749230843,0.1699999999999875,-1.1764705882353137
2006-04-03,-1,575,599,129.98000000000002,130.14000000000001,129.99,130.12,stop,-0.1599999999999966,-0.0012308639126086358,-12.308639126086359,0.12999999999999545,-1.2307692307692475
2006-04-05,1,575,633,130.79,130.57999999999998,130.78,130.6,stop,-0.21000000000000796,-0.0016057501146964975,-16.057501146964974,0.18000000000000682,-1.1666666666666667
2006-04-06,-1,575,582,130.8,130.99,130.81,130.97,stop,-0.18999999999999773,-0.0014524883418698701,-14.524883418698701,0.1599999999999966,-1.187500000000011
2006-04-07,1,575,598,131.12,130.95999999999998,131.11,130.98,stop,-0.160000000000025,-0.0012203493249944703,-12.203493249944703,0.13000000000002387,-1.230769230769197
2006-04-10,-1,575,606,129.61,129.79000000000002,129.62,129.77,stop,-0.18000000000000682,-0.0013886745872551058,-13.886745872551058,0.15000000000000568,-1.2
2006-04-11,1,575,588,129.94,129.82,129.93,129.84,stop,-0.12000000000000455,-0.0009235742322789543,-9.235742322789543,0.09000000000000341,-1.3333333333333333
2006-04-12,1,575,632,128.92999999999998,128.70999999999998,128.92,128.73,stop,-0.21999999999999886,-0.0017064846416382166,-17.064846416382167,0.18999999999999773,-1.157894736842113
2006-04-13,-1,575,578,128.51000000000002,128.62,128.52,128.6,stop,-0.10999999999998522,-0.0008558979147213291,-8.558979147213291,0.07999999999998408,-1.3750000000000888
2006-04-17,1,575,753,128.98,128.76999999999998,128.97,128.79,stop,-0.21000000000000796,-0.0016282856478251372,-16.28285647825137,0.18000000000000682,-1.1666666666666667
2006-04-18,1,575,912,129.1,130.67999999999998,129.09,130.68999999999997,target,1.579999999999984,0.012239522813540817,122.39522813540817,0.1599999999999966,9.875000000000112
2006-04-19,-1,575,575,130.70000000000002,130.8,130.71,130.78,stop,-0.09999999999999432,-0.0007650524060897736,-7.650524060897736,0.06999999999999318,-1.4285714285714866
2006-04-20,-1,575,591,130.89000000000001,131.04000000000002,130.9,131.02,stop,-0.15000000000000568,-0.0011459129106188364,-11.459129106188364,0.12000000000000455,-1.25
2006-04-21,-1,575,578,131.66,131.75,131.67,131.73,stop,-0.09000000000000341,-0.000683526999316499,-6.83526999316499,0.060000000000002274,-1.5
2006-04-24,-1,575,684,130.88,130.41000000000017,130.89,130.40000000000018,target,0.46999999999982833,0.0035908014363192635,35.908014363192635,0.060000000000002274,7.833333333330176
2006-04-25,-1,575,586,130.99,131.07000000000002,131.0,131.05,stop,-0.0800000000000125,-0.0006106870229008588,-6.106870229008588,0.05000000000001137,-1.5999999999998864
2006-04-26,1,575,914,130.79,130.44,130.78,130.46,stop,-0.3499999999999943,-0.0026762501911606843,-26.762501911606844,0.3199999999999932,-1.0937500000000056
2006-04-27,-1,575,600,129.74,129.95000000000002,129.75,129.93,stop,-0.21000000000000796,-0.001618497109826651,-16.18497109826651,0.18000000000000682,-1.1666666666666667
2006-04-28,1,575,959,130.82,131.13,130.81,131.14,eod,0.3100000000000023,0.002369849399892992,23.69849399892992,0.09999999999999432,3.100000000000199
2006-05-01,1,575,600,131.54999999999998,131.42999999999998,131.54,131.45,stop,-0.12000000000000455,-0.0009122700319294857,-9.122700319294857,0.09000000000000341,-1.3333333333333333
2006-05-02,1,575,579,131.01,130.92999999999998,131.0,130.95,stop,-0.0800000000000125,-0.0006106870229008588,-6.106870229008588,0.05000000000001137,-1.5999999999998864
2006-05-03,1,575,584,131.29999999999998,131.13,131.29,131.15,stop,-0.1699999999999875,-0.0012948434762738022,-12.948434762738023,0.13999999999998636,-1.2142857142857433
2006-05-04,1,575,751,131.35999999999999,131.03,131.35,131.05,stop,-0.3299999999999841,-0.0025123715264559125,-25.123715264559124,0.29999999999998295,-1.1000000000000094
2006-05-05,1,575,610,132.14,131.88,132.13,131.9,stop,-0.2599999999999909,-0.0019677590252023835,-19.677590252023833,0.22999999999998977,-1.1304347826087064
2006-05-08,1,575,647,132.59,132.44,132.58,132.46,stop,-0.15000000000000568,-0.0011313923668728743,-11.313923668728743,0.12000000000000455,-1.25
2006-05-09,-1,575,581,132.34,132.45000000000002,132.35,132.43,stop,-0.11000000000001364,-0.000831129580657451,-8.31129580657451,0.0800000000000125,-1.3749999999999556
2006-05-10,1,575,843,132.45,132.31,132.44,132.33,stop,-0.13999999999998636,-0.0010570824524311867,-10.570824524311867,0.10999999999998522,-1.2727272727273198
2006-05-11,-1,575,959,132.34,130.79,132.35,130.78,eod,1.5500000000000114,0.011711371363808171,117.1137136380817,0.20000000000001705,7.749999999999396
2006-05-12,-1,575,596,130.39000000000001,130.52,130.4,130.5,stop,-0.12999999999999545,-0.0009969325153373885,-9.969325153373886,0.09999999999999432,-1.3000000000000285
2006-05-15,1,575,831,129.0,128.73,128.99,128.75,stop,-0.27000000000001023,-0.0020931855182573086,-20.931855182573084,0.2400000000000091,-1.125
2006-05-16,1,575,588,129.85999999999999,129.67999999999998,129.85,129.7,stop,-0.18000000000000682,-0.0013862148633038648,-13.862148633038649,0.15000000000000568,-1.2
2006-05-17,-1,575,575,128.61,128.74,128.62,128.72,stop,-0.12999999999999545,-0.0010107292800497236,-10.107292800497236,0.09999999999999432,-1.3000000000000285
2006-05-18,1,575,615,127.63000000000001,127.28,127.62,127.3,stop,-0.3500000000000085,-0.002742516846889269,-27.425168468892693,0.3200000000000074,-1.0937500000000013
2006-05-19,-1,575,590,126.75999999999999,126.94,126.77,126.92,stop,-0.18000000000000682,-0.0014198942967579618,-14.198942967579619,0.15000000000000568,-1.2
2006-05-22,1,575,603,126.45,126.22,126.44,126.24,stop,-0.23000000000000398,-0.00181904460613733,-18.1904460613733,0.20000000000000284,-1.1500000000000035
2006-05-23,1,575,670,127.34,127.09,127.33,127.11,stop,-0.25,-0.001963402183303228,-19.63402183303228,0.21999999999999886,-1.1363636363636422
2006-05-24,-1,575,583,125.42,125.77,125.43,125.75,stop,-0.3499999999999943,-0.0027904010204894704,-27.904010204894703,0.3199999999999932,-1.0937500000000056
2006-05-25,1,575,580,126.95,126.8,126.94,126.82,stop,-0.15000000000000568,-0.001181660627067951,-11.81660627067951,0.12000000000000455,-1.25
2006-05-26,-1,575,588,127.86,128.05,127.87,128.03,stop,-0.19000000000001194,-0.0014858841010402123,-14.858841010402122,0.1599999999999966,-1.1875000000001
2006-05-30,-1,575,959,127.82,126.30000000000001,127.83,126.29,eod,1.5199999999999818,0.011890792458734114,118.90792458734114,0.1700000000000017,8.941176470588038
2006-05-31,1,575,855,126.84,126.54,126.83,126.56,stop,-0.29999999999999716,-0.002365370969013618,-23.65370969013618,0.269999999999996,-1.111111111111117
2006-06-01,-1,575,576,127.3,127.42,127.31,127.4,stop,-0.12000000000000455,-0.0009425811012489557,-9.425811012489557,0.09000000000000341,-1.3333333333333333
2006-06-02,1,575,582,129.39999999999998,129.07999999999998,129.39,129.1,stop,-0.3199999999999932,-0.002473143210448978,-24.731432104489777,0.28999999999999204,-1.1034482758620758
2006-06-06,1,575,577,127.28,127.12,127.27,127.14,stop,-0.1599999999999966,-0.0012571697964956123,-12.571697964956124,0.12999999999999545,-1.2307692307692475
2006-06-07,1,575,575,126.92,126.8,126.91,126.82,stop,-0.12000000000000455,-0.000945551965960165,-9.45551965960165,0.09000000000000341,-1.3333333333333333
2006-06-08,-1,575,577,125.46,125.63,125.47,125.61,stop,-0.1700000000000017,-0.0013549055551127895,-13.549055551127895,0.14000000000000057,-1.2142857142857215
2006-06-09,-1,575,588,126.17999999999999,126.44,126.19,126.42,stop,-0.2600000000000051,-0.0020603851335288465,-20.603851335288464,0.23000000000000398,-1.1304347826086982
2006-06-12,-1,575,585,125.69999999999999,125.92,125.71,125.9,stop,-0.22000000000001307,-0.0017500596611249152,-17.50059661124915,0.19000000000001194,-1.1578947368421013
2006-06-13,-1,575,575,123.69,123.86,123.7,123.84,stop,-0.1700000000000017,-0.001374292643492334,-13.742926434923339,0.14000000000000057,-1.2142857142857215
2006-06-14,1,575,797,123.29,122.74000000000001,123.28,122.76,stop,-0.5499999999999972,-0.004461388708630736,-44.61388708630736,0.519999999999996,-1.0576923076923104
2006-06-15,1,575,934,124.04,125.94,124.03,125.95,target,1.8999999999999915,0.015318874465854965,153.18874465854967,0.1700000000000017,11.176470588235132
2006-06-16,1,575,576,125.24000000000001,125.12,125.23,125.14,stop,-0.12000000000000455,-0.000958236844206696,-9.58236844206696,0.09000000000000341,-1.3333333333333333
2006-06-19,-1,575,575,125.38,125.46,125.39,125.44,stop,-0.0799999999999983,-0.0006380094106387933,-6.380094106387933,0.04999999999999716,-1.600000000000057
2006-06-20,-1,575,577,123.96,124.13,123.97,124.11,stop,-0.1700000000000017,-0.0013712995079454844,-13.712995079454844,0.14000000000000057,-1.2142857142857215
2006-06-21,1,575,959,124.12,125.11999999999999,124.11,125.13,eod,0.9999999999999858,0.008057368463459719,80.57368463459719,0.15000000000000568,6.66666666666632
2006-06-22,-1,575,578,124.80999999999999,124.97999999999999,124.82,124.96,stop,-0.1700000000000017,-0.0013619612241628082,-13.619612241628081,0.14000000000000057,-1.2142857142857215
2006-06-23,-1,575,597,124.14999999999999,124.36,124.16,124.34,stop,-0.21000000000000796,-0.0016913659793815075,-16.913659793815075,0.18000000000000682,-1.1666666666666667
2006-06-26,1,575,579,124.67,124.44,124.66,124.46,stop,-0.23000000000000398,-0.0018450184501845339,-18.45018450184534,0.20000000000000284,-1.1500000000000035
2006-06-27,1,575,603,125.14,124.98,125.13,125.0,stop,-0.1599999999999966,-0.0012786701830096428,-12.786701830096428,0.12999999999999545,-1.2307692307692475
2006-06-28,-1,575,870,124.17,124.36999999999999,124.18,124.35,stop,-0.19999999999998863,-0.0016105653084231648,-16.105653084231648,0.1699999999999875,-1.1764705882353137
2006-06-29,1,575,861,125.30000000000001,126.48000000000005,125.29,126.49000000000005,target,1.1800000000000352,0.00941814989225026,94.1814989225026,0.12000000000000455,9.833333333333254
2006-06-30,1,575,575,127.54,127.449,127.53,127.469,stop,-0.09100000000000819,-0.0007135575942916034,-7.135575942916034,0.06100000000000705,-1.4918032786884865
2006-07-03,-1,575,585,127.36999999999999,127.55,127.38,127.53,stop,-0.18000000000000682,-0.0014130946773434356,-14.130946773434356,0.15000000000000568,-1.2
2006-07-05,-1,575,877,127.16,127.39,127.17,127.37,stop,-0.23000000000000398,-0.0018086026578595894,-18.086026578595895,0.20000000000000284,-1.1500000000000035
2006-07-06,1,575,871,127.49000000000001,127.15,127.48,127.17,stop,-0.3400000000000034,-0.0026670850329463714,-26.670850329463715,0.3100000000000023,-1.0967741935483901
2006-07-07,-1,575,582,127.03,127.25999999999999,127.04,127.24,stop,-0.22999999999998977,-0.0018104534005036978,-18.104534005036978,0.19999999999998863,-1.1500000000000141
2006-07-10,1,575,780,126.99000000000001,126.87,126.98,126.89,stop,-0.12000000000000455,-0.0009450307134982245,-9.450307134982245,0.09000000000000341,-1.3333333333333333
2006-07-11,-1,575,590,126.44999999999999,126.67,126.46,126.65,stop,-0.22000000000001307,-0.0017396805313934294,-17.396805313934294,0.19000000000001194,-1.1578947368421013
2006-07-12,1,575,580,127.32000000000001,127.13000000000001,127.31,127.15,stop,-0.18999999999999773,-0.0014924200769774387,-14.924200769774387,0.1599999999999966,-1.187500000000011
2006-07-13,-1,575,581,125.39999999999999,125.53,125.41,125.51,stop,-0.13000000000000966,-0.0010365999521570024,-10.365999521570023,0.10000000000000853,-1.2999999999999858
2006-07-14,1,575,575,124.18,124.09,124.17,124.11,stop,-0.09000000000000341,-0.0007248127567045454,-7.248127567045454,0.060000000000002274,-1.5
2006-07-17,1,575,626,123.73,123.46000000000001,123.72,123.48,stop,-0.269999999999996,-0.0021823472356934694,-21.823472356934694,0.23999999999999488,-1.1250000000000073
2006-07-18,1,575,603,123.86,123.69,123.85,123.71,stop,-0.1700000000000017,-0.0013726281792491054,-13.726281792491054,0.14000000000000057,-1.2142857142857215
2006-07-19,1,575,897,124.36,126.23999999999997,124.35,126.24999999999997,target,1.879999999999967,0.015118616807398207,151.18616807398206,0.18999999999999773,9.894736842105209
2006-07-20,1,575,584,126.24000000000001,126.07000000000001,126.23,126.09,stop,-0.1700000000000017,-0.0013467479996831315,-13.467479996831315,0.14000000000000057,-1.2142857142857215
2006-07-21,-1,575,959,124.89999999999999,124.12,124.91,124.11,eod,0.7799999999999869,0.006244496037146641,62.444960371466415,0.2600000000000051,2.9999999999998908
2006-07-24,1,575,959,124.72,126.11999999999999,124.71,126.13,eod,1.3999999999999915,0.011226044423061434,112.26044423061434,0.269999999999996,5.18518518518523
2006-07-25,1,575,576,126.02000000000001,125.93,126.01,125.95,stop,-0.09000000000000341,-0.0007142290294421349,-7.142290294421349,0.060000000000002274,-1.5
2006-07-26,-1,575,592,126.53999999999999,126.67,126.55,126.65,stop,-0.13000000000000966,-0.0010272619517977847,-10.272619517977848,0.10000000000000853,-1.2999999999999858
2006-07-27,1,575,593,127.51,127.29,127.5,127.31,stop,-0.21999999999999886,-0.0017254901960784225,-17.254901960784224,0.18999999999999773,-1.157894736842113
2006-07-28,1,575,577,127.12,126.95,127.11,126.97,stop,-0.1700000000000017,-0.0013374242781842632,-13.374242781842632,0.14000000000000057,-1.2142857142857215
2006-07-31,-1,575,578,127.50999999999999,127.72999999999999,127.52,127.71,stop,-0.21999999999999886,-0.001725219573400242,-17.25219573400242,0.18999999999999773,-1.157894736842113
2006-08-01,-1,575,616,127.3,126.62000000000008,127.31,126.61000000000007,target,0.6799999999999216,0.005341292907076597,53.41292907076597,0.06999999999999318,9.71428571428554
2006-08-02,1,575,616,127.73,127.53,127.72,127.55,stop,-0.20000000000000284,-0.0015659254619480336,-15.659254619480336,0.1700000000000017,-1.176470588235299
2006-08-03,-1,575,579,127.27,127.38,127.28,127.36,stop,-0.10999999999999943,-0.000864236329352604,-8.64236329352604,0.0799999999999983,-1.3750000000000222
2006-08-04,-1,575,576,129.02,129.10000000000002,129.03,129.08,stop,-0.0800000000000125,-0.0006200108501899752,-6.200108501899752,0.05000000000001137,-1.5999999999998864
2006-08-07,-1,575,611,127.83,127.97999999999999,127.84,127.96,stop,-0.14999999999999147,-0.0011733416770963038,-11.733416770963037,0.11999999999999034,-1.2500000000000295
2006-08-08,1,575,578,128.12,128.0,128.11,128.02,stop,-0.12000000000000455,-0.0009366950277105966,-9.366950277105966,0.09000000000000341,-1.3333333333333333
2006-08-09,1,575,578,128.39,128.16,128.38,128.18,stop,-0.22999999999998977,-0.0017915563171832822,-17.915563171832822,0.19999999999998863,-1.1500000000000141
2006-08-10,1,575,578,126.72,126.49000000000001,126.71,126.51,stop,-0.22999999999998977,-0.0018151684949884758,-18.151684949884757,0.19999999999998863,-1.1500000000000141
2006-08-11,-1,575,588,127.1,127.2,127.11,127.18,stop,-0.10000000000000853,-0.0007867201636378612,-7.867201636378612,0.07000000000000739,-1.4285714285713995
2006-08-14,1,575,575,127.71000000000001,127.60000000000001,127.7,127.62,stop,-0.10999999999999943,-0.0008613938919342164,-8.613938919342164,0.0799999999999983,-1.3750000000000222
2006-08-15,-1,575,642,128.18,128.36,128.19,128.34,stop,-0.18000000000000682,-0.0014041656915516564,-14.041656915516564,0.15000000000000568,-1.2
2006-08-16,-1,575,654,129.19,129.42000000000002,129.2,129.4,stop,-0.2300000000000182,-0.0017801857585140728,-17.801857585140727,0.20000000000001705,-1.1499999999999928
2006-08-17,1,575,959,129.60999999999999,130.02,129.6,130.03,eod,0.410000000000025,0.0031635802469137733,31.635802469137733,0.10999999999998522,3.7272727272734554
2006-08-18,-1,575,821,130.08,130.24,130.09,130.22,stop,-0.1599999999999966,-0.0012299177492504927,-12.299177492504926,0.12999999999999545,-1.2307692307692475
2006-08-21,-1,575,620,130.13,130.22,130.14,130.2,stop,-0.09000000000000341,-0.0006915629322268589,-6.915629322268589,0.060000000000002274,-1.5
2006-08-22,1,575,804,130.1,129.88,130.09,129.9,stop,-0.21999999999999886,-0.0016911369052194547,-16.911369052194548,0.18999999999999773,-1.157894736842113
2006-08-23,-1,575,575,130.17000000000002,130.26000000000002,130.18,130.24,stop,-0.09000000000000341,-0.0006913504378553034,-6.913504378553034,0.060000000000002274,-1.5
2006-08-24,1,575,576,130.07,129.97,130.06,129.99,stop,-0.09999999999999432,-0.0007688759034291428,-7.6887590342914285,0.06999999999999318,-1.4285714285714866
2006-08-25,-1,575,586,129.59,129.75,129.6,129.73,stop,-0.1599999999999966,-0.0012345679012345416,-12.345679012345416,0.12999999999999545,-1.2307692307692475
2006-08-28,1,575,959,129.81,130.47,129.8,130.48,eod,0.6599999999999966,0.005084745762711838,50.84745762711838,0.160000000000025,4.124999999999334
2006-08-29,-1,575,881,130.43,130.56,130.44,130.54,stop,-0.12999999999999545,-0.000996626801594568,-9.966268015945682,0.09999999999999432,-1.3000000000000285
2006-08-30,1,575,576,130.92999999999998,130.82,130.92,130.84,stop,-0.10999999999998522,-0.0008402077604642929,-8.40207760464293,0.07999999999998408,-1.3750000000000888
2006-08-31,-1,575,580,130.71,130.9,130.72,130.88,stop,-0.18999999999999773,-0.0014534883720930059,-14.53488372093006,0.1599999999999966,-1.187500000000011
2006-09-01,1,575,584,131.26,131.1,131.25,131.12,stop,-0.1599999999999966,-0.0012190476190475931,-12.190476190475932,0.12999999999999545,-1.2307692307692475
2006-09-05,-1,575,616,131.4,131.56,131.41,131.54,stop,-0.1599999999999966,-0.0012175633513430986,-12.175633513430986,0.12999999999999545,-1.2307692307692475
2006-09-06,-1,575,904,131.09,130.40000000000006,131.1,130.39000000000007,target,0.6899999999999409,0.005263157894736392,52.63157894736392,0.060000000000002274,11.499999999998579
2006-09-07,1,575,584,130.07999999999998,130.03,130.07,130.05,stop,-0.04999999999998295,-0.0003844083954792262,-3.8440839547922616,0.01999999999998181,-2.500000000001421
2006-09-08,1,575,575,130.10999999999999,130.03,130.1,130.05,stop,-0.07999999999998408,-0.0006149116064564495,-6.149116064564495,0.04999999999998295,-1.6000000000002275
2006-09-11,1,575,587,129.88,129.78,129.87,129.8,stop,-0.09999999999999432,-0.0007700007700007262,-7.700007700007262,0.06999999999999318,-1.4285714285714866
2006-09-12,1,575,959,130.67,131.63,130.66,131.64,eod,0.960000000000008,0.007347313638451002,73.47313638451003,0.12000000000000455,7.999999999999763
2006-09-13,-1,575,575,131.62,131.70000000000002,131.63,131.68,stop,-0.0800000000000125,-0.0006077641874953468,-6.077641874953469,0.05000000000001137,-1.5999999999998864
2006-09-14,1,575,577,132.06,131.92,132.05,131.94,stop,-0.14000000000001478,-0.0010602044680046556,-10.602044680046555,0.11000000000001364,-1.2727272727272492
2006-09-15,-1,575,616,132.21,132.36,132.22,132.34,stop,-0.15000000000000568,-0.0011344728482832074,-11.344728482832075,0.12000000000000455,-1.25
2006-09-18,-1,575,581,131.71,131.86,131.72,131.84,stop,-0.15000000000000568,-0.0011387792286669124,-11.387792286669123,0.12000000000000455,-1.25
2006-09-19,-1,575,575,132.03,132.15,132.04,132.13,stop,-0.12000000000000455,-0.0009088155104514129,-9.08815510451413,0.09000000000000341,-1.3333333333333333
2006-09-20,1,575,580,132.29999999999998,132.23,132.29,132.25,stop,-0.06999999999999318,-0.0005291405246049828,-5.291405246049828,0.03999999999999204,-1.7500000000001776
2006-09-22,-1,575,959,131.58,131.41,131.59,131.4,eod,0.17000000000001592,0.0012918914811157073,12.918914811157073,0.09000000000000341,1.888888888888994
2006-09-25,1,575,587,131.79999999999998,131.7,131.79,131.72,stop,-0.09999999999999432,-0.000758782912208774,-7.587829122087739,0.06999999999999318,-1.4285714285714866
2006-09-26,-1,575,580,132.4,132.56,132.41,132.54,stop,-0.1599999999999966,-0.0012083679480401526,-12.083679480401527,0.12999999999999545,-1.2307692307692475
2006-09-27,1,575,578,133.54999999999998,133.45,133.54,133.47,stop,-0.09999999999999432,-0.0007488392990863736,-7.488392990863735,0.06999999999999318,-1.4285714285714866
2006-09-28,1,575,585,133.85,133.7,133.84,133.72,stop,-0.15000000000000568,-0.0011207411835027323,-11.207411835027322,0.12000000000000455,-1.25
2006-09-29,1,575,575,133.84,133.75,133.83,133.77,stop,-0.09000000000000341,-0.0006724949562878533,-6.724949562878533,0.060000000000002274,-1.5
2006-10-02,-1,575,586,133.45000000000002,133.58,133.46,133.56,stop,-0.12999999999999545,-0.0009740746291023186,-9.740746291023186,0.09999999999999432,-1.3000000000000285
2006-10-04,1,575,597,133.29,133.14,133.28,133.16,stop,-0.15000000000000568,-0.0011254501800720715,-11.254501800720714,0.12000000000000455,-1.25
2006-10-05,1,575,609,134.98,134.82999999999998,134.97,134.85,stop,-0.15000000000000568,-0.0011113580795732807,-11.113580795732807,0.12000000000000455,-1.25
2006-10-06,-1,575,879,134.67000000000002,135.02,134.68,135.0,stop,-0.3499999999999943,-0.0025987525987525564,-25.987525987525565,0.3199999999999932,-1.0937500000000056
2006-10-09,1,575,580,134.98999999999998,134.79999999999998,134.98,134.82,stop,-0.18999999999999773,-0.001407615943102665,-14.076159431026651,0.1599999999999966,-1.187500000000011
2006-10-10,1,575,594,135.14,135.01,135.13,135.03,stop,-0.12999999999999545,-0.0009620365573891472,-9.620365573891473,0.09999999999999432,-1.3000000000000285
2006-10-11,1,575,588,134.85999999999999,134.73999999999998,134.85,134.76,stop,-0.12000000000000455,-0.0008898776418242829,-8.898776418242829,0.09000000000000341,-1.3333333333333333
2006-10-12,1,575,584,135.51,135.41,135.5,135.43,stop,-0.09999999999999432,-0.0007380073800737588,-7.380073800737588,0.06999999999999318,-1.4285714285714866
2006-10-13,-1,575,580,136.12,136.27,136.13,136.25,stop,-0.15000000000000568,-0.0011018879012708858,-11.018879012708858,0.12000000000000455,-1.25
2006-10-16,-1,575,583,136.41,136.57000000000002,136.42,136.55,stop,-0.160000000000025,-0.001172848555930399,-11.728485559303989,0.13000000000002387,-1.230769230769197
2006-10-17,-1,575,673,136.42000000000002,135.92999999999986,136.43,135.91999999999987,target,0.4900000000001512,0.0035915854284259414,35.91585428425942,0.03999999999999204,12.250000000006217
2006-10-18,1,575,600,137.19,137.0,137.18,137.02,stop,-0.18999999999999773,-0.0013850415512465207,-13.850415512465206,0.1599999999999966,-1.187500000000011
2006-10-19,-1,575,593,136.33,136.47,136.34,136.45,stop,-0.13999999999998636,-0.0010268446530730994,-10.268446530730994,0.10999999999998522,-1.2727272727273198
2006-10-20,-1,575,576,136.74,136.9,136.75,136.88,stop,-0.1599999999999966,-0.0011700182815356241,-11.700182815356241,0.09999999999999432,-1.600000000000057
2006-10-23,-1,575,581,136.54000000000002,136.60000000000002,136.55,136.58,stop,-0.060000000000002274,-0.00043939948736728134,-4.393994873672813,0.030000000000001137,-2.0
2006-10-24,-1,575,577,137.25,137.38000000000002,137.26,137.36,stop,-0.13000000000002387,-0.0009471076788578164,-9.471076788578165,0.10000000000002274,-1.2999999999999432
2006-10-25,1,575,750,137.87,137.69,137.86,137.71,stop,-0.18000000000000682,-0.0013056724212970174,-13.056724212970174,0.15000000000000568,-1.2
2006-10-27,-1,575,674,138.44,138.65,138.45,138.63,stop,-0.21000000000000796,-0.0015167930660888982,-15.167930660888983,0.18000000000000682,-1.1666666666666667
2006-10-30,1,575,595,137.70999999999998,137.57,137.7,137.59,stop,-0.13999999999998636,-0.0010167029774871923,-10.167029774871922,0.10999999999998522,-1.2727272727273198
2006-10-31,1,575,581,138.22,138.03,138.21,138.05,stop,-0.18999999999999773,-0.0013747196295492202,-13.747196295492202,0.1599999999999966,-1.187500000000011
2006-11-01,1,575,576,138.23999999999998,138.16,138.23,138.18,stop,-0.07999999999998408,-0.0005787455689791224,-5.787455689791224,0.04999999999998295,-1.6000000000002275
2006-11-02,1,575,586,136.56,136.44,136.55,136.46,stop,-0.12000000000000455,-0.0008787989747345627,-8.787989747345627,0.09000000000000341,-1.3333333333333333
2006-11-03,1,575,578,137.32999999999998,137.17999999999998,137.32,137.2,stop,-0.15000000000000568,-0.0010923390620449001,-10.923390620449002,0.12000000000000455,-1.25
2006-11-06,1,575,582,137.09,136.94,137.08,136.96,stop,-0.15000000000000568,-0.0010942515319521862,-10.942515319521862,0.12000000000000455,-1.25
2006-11-07,-1,575,579,138.07000000000002,138.26000000000002,138.08,138.24,stop,-0.18999999999999773,-0.0013760139049826022,-13.760139049826023,0.1599999999999966,-1.187500000000011
2006-11-08,-1,575,582,137.89000000000001,138.06,137.9,138.04,stop,-0.1699999999999875,-0.0012327773749092638,-12.327773749092637,0.13999999999998636,-1.2142857142857433
2006-11-09,-1,575,577,138.87,139.07000000000002,138.88,139.05,stop,-0.20000000000001705,-0.0014400921658987403,-14.400921658987404,0.17000000000001592,-1.1764705882352844
2006-11-10,1,575,580,138.23999999999998,138.10999999999999,138.23,138.13,stop,-0.12999999999999545,-0.0009404615495912281,-9.40461549591228,0.09999999999999432,-1.3000000000000285
2006-11-13,-1,575,578,138.11,138.22,138.12,138.2,stop,-0.10999999999998522,-0.0007964089197797945,-7.964089197797945,0.07999999999998408,-1.3750000000000888
2006-11-14,1,575,577,139.01999999999998,138.91,139.01,138.93,stop,-0.10999999999998522,-0.0007913099776993398,-7.913099776993398,0.07999999999998408,-1.3750000000000888
2006-11-15,1,575,959,139.66,139.96,139.65,139.97,eod,0.30000000000001137,0.002148227712137568,21.48227712137568,0.12000000000000455,2.5
2006-11-16,-1,575,578,140.35000000000002,140.49,140.36,140.47,stop,-0.13999999999998636,-0.0009974351667140662,-9.974351667140663,0.10999999999998522,-1.2727272727273198
2006-11-17,-1,575,585,139.79000000000002,139.98000000000002,139.8,139.96,stop,-0.18999999999999773,-0.0013590844062946904,-13.590844062946903,0.1599999999999966,-1.187500000000011
2006-11-20,1,575,579,140.32999999999998,140.2,140.32,140.22,stop,-0.12999999999999545,-0.0009264538198403325,-9.264538198403326,0.09999999999999432,-1.3000000000000285
2006-11-21,-1,575,577,140.42000000000002,140.54000000000002,140.43,140.52,stop,-0.12000000000000455,-0.0008545182653279537,-8.545182653279538,0.09000000000000341,-1.3333333333333333
2006-11-22,-1,575,577,140.69,140.83,140.7,140.81,stop,-0.14000000000001478,-0.0009950248756219957,-9.950248756219956,0.11000000000001364,-1.2727272727272492
2006-11-24,1,575,795,140.31,140.34,140.3,140.35,eod,0.030000000000001137,0.00021382751247327964,2.1382751247327962,0.10000000000002274,0.29999999999994315
2006-11-27,-1,575,578,140.18,140.3,140.19,140.28,stop,-0.12000000000000455,-0.0008559811684143273,-8.559811684143273,0.09000000000000341,-1.3333333333333333
2006-11-28,1,575,580,138.44,138.17999999999998,138.43,138.2,stop,-0.2600000000000193,-0.0018782055912737075,-18.782055912737075,0.2300000000000182,-1.1304347826086902
2006-11-29,1,575,959,139.62,140.35000000000002,139.61,140.36,eod,0.7300000000000182,0.005228851801447018,52.28851801447018,0.19000000000002615,3.8421052631574617
2006-11-30,1,575,580,140.57999999999998,140.38,140.57,140.4,stop,-0.19999999999998863,-0.0014227786867751914,-14.227786867751913,0.1699999999999875,-1.1764705882353137
2006-12-01,1,575,594,140.56,140.44,140.55,140.46,stop,-0.12000000000000455,-0.0008537886872999256,-8.537886872999255,0.09000000000000341,-1.3333333333333333
2006-12-04,1,575,672,140.31,140.88000000000002,140.3,140.89000000000001,target,0.5700000000000216,0.004062722736992313,40.62722736992313,0.0700000000000216,8.142857142854938
2006-12-05,-1,575,600,141.38,141.62,141.39,141.6,stop,-0.2400000000000091,-0.0016974326331424367,-16.97432633142437,0.21000000000000796,-1.1428571428571428
2006-12-06,-1,575,621,141.8,141.9,141.81,141.88,stop,-0.09999999999999432,-0.0007051688879486236,-7.051688879486236,0.06999999999999318,-1.4285714285714866
2006-12-07,1,575,603,142.19,141.94,142.18,141.96,stop,-0.25,-0.0017583345055563369,-17.58334505556337,0.21999999999999886,-1.1363636363636422
2006-12-08,1,575,601,141.22,140.98999999999998,141.21,141.01,stop,-0.2300000000000182,-0.0016287798314568245,-16.287798314568246,0.20000000000001705,-1.1499999999999928
2006-12-11,1,575,577,141.54,141.39999999999998,141.53,141.42,stop,-0.14000000000001478,-0.000989189571115769,-9.891895711157689,0.11000000000001364,-1.2727272727272492
2006-12-12,-1,575,579,141.61,141.73000000000002,141.62,141.71,stop,-0.12000000000000455,-0.0008473379466177414,-8.473379466177414,0.09000000000000341,-1.3333333333333333
2006-12-13,-1,575,959,142.19,141.85,142.2,141.84,eod,0.3400000000000034,0.002390998593530263,23.909985935302632,0.13000000000002387,2.615384615384161
2006-12-14,1,575,576,141.95,141.82,141.94,141.84,stop,-0.12999999999999545,-0.0009158799492743092,-9.158799492743093,0.09999999999999432,-1.3000000000000285
2006-12-15,1,575,578,142.76,142.57999999999998,142.75,142.6,stop,-0.18000000000000682,-0.0012609457092820093,-12.609457092820094,0.15000000000000568,-1.2
2006-12-18,1,575,576,142.57,142.51,142.56,142.53,stop,-0.060000000000002274,-0.0004208754208754368,-4.208754208754368,0.030000000000001137,-2.0
2006-12-19,-1,575,593,141.46,141.60000000000002,141.47,141.58,stop,-0.14000000000001478,-0.000989609104403865,-9.896091044038648,0.11000000000001364,-1.2727272727272492
2006-12-20,1,575,576,142.31,142.26,142.3,142.28,stop,-0.05000000000001137,-0.0003513703443430173,-3.513703443430173,0.020000000000010232,-2.4999999999992895
2006-12-21,-1,575,583,142.21,142.33,142.22,142.31,stop,-0.12000000000000455,-0.0008437631837997789,-8.437631837997788,0.09000000000000341,-1.3333333333333333
2006-12-22,-1,575,583,141.58,140.99999999999997,141.59,140.98999999999998,target,0.5800000000000409,0.004096334486899081,40.96334486899081,0.060000000000002274,9.666666666666982
2006-12-26,1,575,959,140.91,141.53,140.9,141.54,eod,0.6200000000000045,0.004400283889283212,44.002838892832116,0.12000000000000455,5.166666666666509
2006-12-27,1,575,959,142.10999999999999,142.58,142.1,142.59,eod,0.4700000000000273,0.0033075299085153225,33.075299085153226,0.2699999999999818,1.740740740740959
2006-12-28,-1,575,575,142.39000000000001,142.45000000000002,142.4,142.43,stop,-0.060000000000002274,-0.0004213483146067575,-4.213483146067575,0.030000000000001137,-2.0
2007-01-03,-1,575,578,142.16,142.33,142.17,142.31,stop,-0.17000000000001592,-0.0011957515650278957,-11.957515650278957,0.14000000000001478,-1.2142857142856998
2007-01-04,-1,575,651,141.11,141.52,141.12,141.5,stop,-0.4099999999999966,-0.0029053287981859167,-29.053287981859167,0.37999999999999545,-1.0789473684210567
2007-01-05,-1,575,959,141.15,140.76999999999998,141.16,140.76,eod,0.3800000000000239,0.0026919807310854626,26.919807310854626,0.22999999999998977,1.6521739130436555
2007-01-08,-1,575,681,140.65,140.91,140.66,140.89,stop,-0.2599999999999909,-0.001848428835489769,-18.48428835489769,0.22999999999998977,-1.1304347826087064
2007-01-09,-1,575,579,141.26000000000002,141.43,141.27,141.41,stop,-0.1699999999999875,-0.0012033694344162772,-12.033694344162772,0.13999999999998636,-1.2142857142857433
2007-01-10,-1,575,601,140.52,140.74,140.53,140.72,stop,-0.21999999999999886,-0.00156550202803671,-15.6550202803671,0.18999999999999773,-1.157894736842113
2007-01-11,1,575,661,141.59,142.37000000000015,141.58,142.38000000000014,target,0.7800000000001432,0.0055092527193116485,55.09252719311649,0.0800000000000125,9.750000000000266
2007-01-12,1,575,959,142.39,142.95000000000002,142.38,142.96,eod,0.5600000000000307,0.003933136676499724,39.331366764997234,0.2699999999999818,2.0740740740743275
2007-01-16,1,575,605,143.14999999999998,142.95,143.14,142.97,stop,-0.19999999999998863,-0.0013972334777140468,-13.972334777140468,0.1699999999999875,-1.1764705882353137
2007-01-17,1,575,632,142.89,142.76999999999998,142.88,142.79,stop,-0.12000000000000455,-0.0008398656215005917,-8.398656215005918,0.09000000000000341,-1.3333333333333333
2007-01-18,-1,575,594,143.09,143.24,143.1,143.22,stop,-0.15000000000000568,-0.0010482180293501446,-10.482180293501445,0.12000000000000455,-1.25
2007-01-19,1,575,959,142.57999999999998,142.93,142.57,142.94,eod,0.35000000000002274,0.0024549344181807025,24.549344181807026,0.10999999999998522,3.181818181818816
2007-01-22,-1,575,959,142.94,142.20999999999998,142.95,142.2,eod,0.7300000000000182,0.005106680657572705,51.06680657572705,0.15000000000000568,4.866666666666603
2007-01-23,1,575,579,142.41,142.17999999999998,142.4,142.2,stop,-0.2300000000000182,-0.0016151685393259703,-16.151685393259704,0.20000000000001705,-1.1499999999999928
2007-01-24,1,575,597,143.07999999999998,142.89,143.07,142.91,stop,-0.18999999999999773,-0.0013280212483399575,-13.280212483399575,0.1599999999999966,-1.187500000000011
2007-01-25,1,575,580,143.91,143.73999999999998,143.9,143.76,stop,-0.17000000000001592,-0.0011813759555247805,-11.813759555247806,0.14000000000001478,-1.2142857142856998
2007-01-30,-1,575,575,142.31,142.38000000000002,142.32,142.36,stop,-0.0700000000000216,-0.0004918493535695729,-4.9184935356957284,0.040000000000020464,-1.7499999999996447
2007-01-31,-1,575,623,142.60000000000002,142.69,142.61,142.67,stop,-0.08999999999997499,-0.0006310917887944392,-6.310917887944393,0.05999999999997385,-1.500000000000237
2007-02-01,1,575,613,144.22,144.03,144.21,144.05,stop,-0.18999999999999773,-0.0013175230566534757,-13.175230566534756,0.1599999999999966,-1.187500000000011
2007-02-05,-1,575,584,144.63,144.74,144.64,144.72,stop,-0.11000000000001364,-0.0007605088495576165,-7.605088495576165,0.0800000000000125,-1.3749999999999556
2007-02-06,-1,575,582,144.79000000000002,144.99,144.8,144.97,stop,-0.19999999999998863,-0.0013812154696131811,-13.812154696131811,0.1699999999999875,-1.1764705882353137
2007-02-07,-1,575,622,145.06,145.21,145.07,145.19,stop,-0.15000000000000568,-0.0010339835941270124,-10.339835941270124,0.12000000000000455,-1.25
2007-02-08,-1,575,787,144.66,144.86,144.67,144.84,stop,-0.20000000000001705,-0.0013824566254234953,-13.824566254234954,0.17000000000001592,-1.1764705882352844
2007-02-09,1,575,620,145.17999999999998,145.01999999999998,145.17,145.04,stop,-0.1599999999999966,-0.0011021560928566275,-11.021560928566275,0.12999999999999545,-1.2307692307692475
2007-02-12,1,575,577,144.01,143.88,144.0,143.9,stop,-0.12999999999999545,-0.0009027777777777462,-9.027777777777462,0.09999999999999432,-1.3000000000000285
2007-02-13,1,575,959,143.95,144.51000000000002,143.94,144.52,eod,0.5600000000000307,0.003890509934695225,38.905099346952255,0.18000000000000682,3.1111111111111636
2007-02-14,1,575,598,144.85,144.76,144.84,144.78,stop,-0.09000000000000341,-0.0006213753106876789,-6.213753106876789,0.060000000000002274,-1.5
2007-02-15,-1,575,575,145.61,145.69,145.62,145.67,stop,-0.07999999999998408,-0.0005493750858397478,-5.493750858397478,0.04999999999998295,-1.6000000000002275
2007-02-16,1,575,588,145.47,145.36999999999998,145.46,145.39,stop,-0.10000000000002274,-0.0006874742197169168,-6.8747421971691685,0.0700000000000216,-1.4285714285713125
2007-02-20,1,575,577,145.60999999999999,145.48999999999998,145.6,145.51,stop,-0.12000000000000455,-0.0008241758241758554,-8.241758241758554,0.09000000000000341,-1.3333333333333333
2007-02-22,1,575,616,146.19,146.01999999999998,146.18,146.04,stop,-0.17000000000001592,-0.0011629497879327945,-11.629497879327944,0.14000000000001478,-1.2142857142856998
2007-02-23,-1,575,959,145.65,145.37,145.66,145.36,eod,0.28000000000000114,0.0019222847727584866,19.222847727584867,0.12999999999999545,2.153846153846238
2007-02-26,-1,575,578,145.8,145.95000000000002,145.81,145.93,stop,-0.15000000000000568,-0.0010287360263356812,-10.287360263356812,0.12000000000000455,-1.25
2007-02-27,-1,575,867,143.70000000000002,141.51,143.71,141.5,target,2.190000000000026,0.01523902303249618,152.3902303249618,0.20999999999997954,10.42857142857257
2007-02-28,1,575,582,140.79,140.28,140.78,140.3,stop,-0.5099999999999909,-0.0036226736752378954,-36.226736752378955,0.47999999999998977,-1.0625000000000038
2007-03-01,-1,575,600,138.64000000000001,139.44,138.65,139.42,stop,-0.799999999999983,-0.005769924269743837,-57.699242697438365,0.7699999999999818,-1.0389610389610413
2007-03-02,-1,575,581,139.96,140.28,139.97,140.26,stop,-0.3199999999999932,-0.002286204186611368,-22.862041866113678,0.28999999999999204,-1.1034482758620758
2007-03-05,-1,575,576,137.89000000000001,138.14000000000001,137.9,138.12,stop,-0.25,-0.0018129079042784625,-18.129079042784625,0.21999999999999886,-1.1363636363636422
2007-03-06,1,575,609,138.97,138.72,138.96,138.74,stop,-0.25,-0.0017990788716177315,-17.990788716177317,0.21999999999999886,-1.1363636363636422
2007-03-07,1,575,663,139.82,139.56,139.81,139.58,stop,-0.2599999999999909,-0.0018596666905084823,-18.596666905084824,0.22999999999998977,-1.1304347826087064
2007-03-08,1,575,874,140.54999999999998,140.45999999999998,140.54,140.48,stop,-0.09000000000000341,-0.0006403870784118643,-6.403870784118643,0.060000000000002274,-1.5
2007-03-09,1,575,576,141.39999999999998,141.26999999999998,141.39,141.29,stop,-0.12999999999999545,-0.0009194426762854195,-9.194426762854196,0.09999999999999432,-1.3000000000000285
2007-03-12,1,575,588,140.54999999999998,140.35999999999999,140.54,140.38,stop,-0.18999999999999773,-0.0013519282766472017,-13.519282766472017,0.1599999999999966,-1.187500000000011
2007-03-13,1,575,736,140.26999999999998,140.0,140.26,140.02,stop,-0.2699999999999818,-0.001924996435191657,-19.24996435191657,0.23999999999998067,-1.1250000000000149
2007-03-14,1,575,590,138.76,138.35999999999999,138.75,138.38,stop,-0.4000000000000057,-0.0028828828828829237,-28.828828828829238,0.37000000000000455,-1.0810810810810831
2007-03-15,1,575,580,139.09,138.92,139.08,138.94,stop,-0.17000000000001592,-0.0012223180903078508,-12.223180903078509,0.14000000000001478,-1.2142857142856998
2007-03-16,-1,575,587,139.07000000000002,139.34,139.08,139.32,stop,-0.2699999999999818,-0.0019413287316650976,-19.413287316650976,0.23999999999998067,-1.1250000000000149
2007-03-19,1,575,608,139.45,139.23999999999998,139.44,139.26,stop,-0.21000000000000796,-0.0015060240963855993,-15.060240963855993,0.18000000000000682,-1.1666666666666667
2007-03-20,1,575,959,140.14999999999998,140.92000000000002,140.14,140.93,eod,0.7700000000000387,0.005494505494505771,54.945054945057706,0.1799999999999784,4.277777777778506
2007-03-21,-1,575,820,141.09,141.28,141.1,141.26,stop,-0.18999999999999773,-0.0013465627214741158,-13.465627214741158,0.1599999999999966,-1.187500000000011
2007-03-22,-1,575,580,143.36,143.54000000000002,143.37,143.52,stop,-0.18000000000000682,-0.0012554927809165573,-12.554927809165573,0.15000000000000568,-1.2
2007-03-23,-1,575,577,143.15,143.37,143.16,143.35,stop,-0.21999999999999886,-0.0015367421067337165,-15.367421067337165,0.18999999999999773,-1.157894736842113
2007-03-26,-1,575,946,143.33,143.55,143.34,143.53,stop,-0.21999999999999886,-0.001534812334310024,-15.34812334310024,0.18999999999999773,-1.157894736842113
2007-03-27,-1,575,959,142.9,142.72,142.91,142.71,eod,0.18000000000000682,0.0012595339724302485,12.595339724302486,0.25,0.7200000000000273
2007-03-28,-1,575,739,142.13,142.35000000000002,142.14,142.33,stop,-0.22000000000002728,-0.0015477698044183714,-15.477698044183715,0.19000000000002615,-1.1578947368420895
2007-03-29,-1,575,959,142.46,142.13,142.47,142.12,eod,0.3300000000000125,0.0023162771109708183,23.16277110970818,0.14000000000001478,2.357142857142698
2007-03-30,1,575,576,142.2,142.13,142.19,142.15,stop,-0.06999999999999318,-0.0004922990365004092,-4.922990365004092,0.03999999999999204,-1.7500000000001776
2007-04-02,1,575,580,142.2,142.10999999999999,142.19,142.13,stop,-0.09000000000000341,-0.0006329559040720404,-6.329559040720404,0.060000000000002274,-1.5
2007-04-03,1,575,576,143.04,142.91,143.03,142.93,stop,-0.12999999999999545,-0.000908900230720796,-9.08900230720796,0.09999999999999432,-1.3000000000000285
2007-04-04,-1,575,577,143.55,143.72,143.56,143.7,stop,-0.1699999999999875,-0.0011841738645861485,-11.841738645861485,0.13999999999998636,-1.2142857142857433
2007-04-05,-1,575,584,143.66,143.72,143.67,143.7,stop,-0.060000000000002274,-0.00041762372102737024,-4.176237210273702,0.030000000000001137,-2.0
2007-04-09,-1,575,759,144.57000000000002,144.70000000000002,144.58,144.68,stop,-0.12999999999999545,-0.0008991561765112425,-8.991561765112426,0.09999999999999432,-1.3000000000000285
2007-04-10,1,575,959,144.42,144.79000000000002,144.41,144.8,eod,0.37000000000003297,0.00256214943563488,25.621494356348798,0.13999999999998636,2.6428571428576357
2007-04-11,-1,575,959,144.69,143.84,144.7,143.83,eod,0.8499999999999943,0.005874222529371074,58.74222529371074,0.160000000000025,5.312499999999134
2007-04-12,-1,575,622,143.68,143.91,143.69,143.89,stop,-0.22999999999998977,-0.001600668104948081,-16.00668104948081,0.19999999999998863,-1.1500000000000141
2007-04-13,1,575,600,144.94,144.64999999999998,144.93,144.67,stop,-0.29000000000002046,-0.0020009659835784205,-20.009659835784205,0.2600000000000193,-1.1153846153846112
2007-04-16,1,575,959,146.01,146.77,146.0,146.78,eod,0.7600000000000193,0.005205479452054927,52.05479452054927,0.18000000000000682,4.22222222222217
2007-04-18,1,575,959,146.79999999999998,147.14000000000001,146.79,147.15,eod,0.34000000000003183,0.0023162340758909454,23.162340758909455,0.21999999999999886,1.5454545454546982
2007-04-19,-1,575,588,146.41,146.65,146.42,146.63,stop,-0.2400000000000091,-0.001639120338751599,-16.39120338751599,0.21000000000000796,-1.1428571428571428
2007-04-20,1,575,602,148.42,148.07999999999998,148.41,148.1,stop,-0.3400000000000034,-0.002290950744559015,-22.90950744559015,0.3100000000000023,-1.0967741935483901
2007-04-23,-1,575,584,148.27,148.61,148.28,148.59,stop,-0.3400000000000034,-0.0022929592662530576,-22.929592662530577,0.3100000000000023,-1.0967741935483901
2007-04-24,-1,575,576,148.15,148.3,148.16,148.28,stop,-0.15000000000000568,-0.0010124190064795201,-10.1241900647952,0.12000000000000455,-1.25
2007-04-25,1,575,579,148.84,148.66,148.83,148.68,stop,-0.18000000000000682,-0.0012094335819391709,-12.09433581939171,0.15000000000000568,-1.2
2007-04-26,1,575,586,149.57999999999998,149.41,149.57,149.43,stop,-0.1699999999999875,-0.0011365915624790232,-11.365915624790231,0.13999999999998636,-1.2142857142857433
2007-04-27,1,575,580,149.17,148.95,149.16,148.97,stop,-0.21999999999999886,-0.001474926253687308,-14.749262536873081,0.18999999999999773,-1.157894736842113
2007-04-30,-1,575,639,149.49,149.69,149.5,149.67,stop,-0.19999999999998863,-0.0013377926421403923,-13.377926421403922,0.1699999999999875,-1.1764705882353137
2007-05-01,1,575,577,148.60999999999999,148.5,148.6,148.52,stop,-0.10999999999998522,-0.0007402422611035345,-7.4024226110353455,0.07999999999998408,-1.3750000000000888
2007-05-02,1,575,959,148.98999999999998,149.62,148.98,149.63,eod,0.6300000000000239,0.0042287555376562215,42.28755537656222,0.22999999999998977,2.7391304347828345
2007-05-03,1,575,577,150.03,149.89,150.02,149.91,stop,-0.14000000000001478,-0.0009332089054793679,-9.332089054793679,0.11000000000001364,-1.2727272727272492
2007-05-04,-1,575,583,150.64000000000001,150.81,150.65,150.79,stop,-0.1699999999999875,-0.0011284434118817622,-11.284434118817622,0.13999999999998636,-1.2142857142857433
2007-05-07,1,575,959,150.94,150.95000000000002,150.93,150.96,eod,0.010000000000019327,6.625588020949663e-05,0.6625588020949663,0.12000000000000455,0.08333333333349123
2007-05-08,-1,575,578,150.47,150.60000000000002,150.48,150.58,stop,-0.13000000000002387,-0.000863902179691812,-8.63902179691812,0.10000000000002274,-1.2999999999999432
2007-05-09,1,575,857,150.69,150.48999999999998,150.68,150.51,stop,-0.20000000000001705,-0.0013273161667110237,-13.273161667110237,0.17000000000001592,-1.1764705882352844
2007-05-10,1,575,580,150.76,150.64999999999998,150.75,150.67,stop,-0.11000000000001364,-0.0007296849087894769,-7.296849087894769,0.0800000000000125,-1.3749999999999556
2007-05-11,1,575,606,149.91,149.72,149.9,149.74,stop,-0.18999999999999773,-0.001267511674449618,-12.67511674449618,0.1599999999999966,-1.187500000000011
2007-05-14,1,575,619,151.07,150.81,151.06,150.83,stop,-0.2599999999999909,-0.0017211703958691308,-17.21170395869131,0.22999999999998977,-1.1304347826087064
2007-05-15,1,575,586,150.95,150.63,150.94,150.65,stop,-0.3199999999999932,-0.002120047701073229,-21.20047701073229,0.28999999999999204,-1.1034482758620758
2007-05-16,1,575,635,150.89999999999998,150.73999999999998,150.89,150.76,stop,-0.1599999999999966,-0.0010603751076943243,-10.603751076943242,0.12999999999999545,-1.2307692307692475
2007-05-17,-1,575,606,151.32000000000002,151.49,151.33,151.47,stop,-0.1699999999999875,-0.001123372761514488,-11.23372761514488,0.13999999999998636,-1.2142857142857433
2007-05-18,1,575,579,152.04,151.88,152.03,151.9,stop,-0.1599999999999966,-0.0010524238637110873,-10.524238637110873,0.12999999999999545,-1.2307692307692475
2007-05-21,-1,575,577,152.56,152.65,152.57,152.63,stop,-0.09000000000000341,-0.0005898931637936908,-5.898931637936908,0.060000000000002274,-1.5
2007-05-22,1,575,578,152.75,152.63,152.74,152.65,stop,-0.12000000000000455,-0.0007856488149797338,-7.856488149797338,0.09000000000000341,-1.3333333333333333
2007-05-23,1,575,576,153.01999999999998,152.89999999999998,153.01,152.92,stop,-0.12000000000000455,-0.0007842624665054869,-7.842624665054869,0.09000000000000341,-1.3333333333333333
2007-05-24,-1,575,575,152.49,152.58,152.5,152.56,stop,-0.09000000000000341,-0.0005901639344262519,-5.901639344262518,0.060000000000002274,-1.5
2007-05-25,1,575,577,151.54,151.35999999999999,151.53,151.38,stop,-0.18000000000000682,-0.0011878835874084789,-11.878835874084789,0.15000000000000568,-1.2
2007-05-29,1,575,720,152.14999999999998,151.86999999999998,152.14,151.89,stop,-0.28000000000000114,-0.0018404101485473981,-18.40410148547398,0.25,-1.1200000000000045
2007-05-30,-1,575,576,151.42000000000002,151.58,151.43,151.56,stop,-0.1599999999999966,-0.0010565938057187914,-10.565938057187914,0.12999999999999545,-1.2307692307692475
2007-05-31,-1,575,577,153.58,153.73000000000002,153.59,153.71,stop,-0.15000000000000568,-0.0009766260824272783,-9.766260824272782,0.12000000000000455,-1.25
2007-06-01,1,575,652,154.04,153.82999999999998,154.03,153.85,stop,-0.21000000000000796,-0.0013633707719275983,-13.633707719275982,0.18000000000000682,-1.1666666666666667
2007-06-04,1,575,959,153.60999999999999,154.23000000000002,153.6,154.24,eod,0.620000000000033,0.004036458333333548,40.36458333333548,0.12000000000000455,5.166666666666746
2007-06-06,-1,575,959,152.82000000000002,152.10999999999999,152.83,152.1,eod,0.7100000000000364,0.004645684747759186,46.45684747759186,0.11999999999997613,5.916666666668147
2007-06-07,1,575,578,151.7,151.48,151.69,151.5,stop,-0.21999999999999886,-0.0014503263234227626,-14.503263234227626,0.18999999999999773,-1.157894736842113
2007-06-08,1,575,579,149.60999999999999,149.39999999999998,149.6,149.42,stop,-0.21000000000000796,-0.0014037433155080746,-14.037433155080747,0.18000000000000682,-1.1666666666666667
2007-06-11,-1,575,581,150.79000000000002,151.02,150.8,151.0,stop,-0.22999999999998977,-0.0015251989389919744,-15.251989389919745,0.19999999999998863,-1.1500000000000141
2007-06-12,1,575,604,150.78,150.54,150.77,150.56,stop,-0.2400000000000091,-0.001591828613119381,-15.91828613119381,0.21000000000000796,-1.1428571428571428
2007-06-13,-1,575,576,150.37,150.52,150.38,150.5,stop,-0.15000000000000568,-0.0009974730682271956,-9.974730682271955,0.12000000000000455,-1.25
2007-06-14,1,575,959,152.20999999999998,152.70000000000002,152.2,152.71,eod,0.4900000000000375,0.0032194480946125988,32.194480946125985,0.1699999999999875,2.882352941176903
2007-06-15,1,575,959,153.38,153.04000000000002,153.37,153.05,eod,-0.339999999999975,-0.002216861185368553,-22.16861185368553,1.0600000000000023,-0.3207547169811078
2007-06-18,-1,575,959,153.28,152.91,153.29,152.9,eod,0.37000000000000455,0.0024137256181094957,24.13725618109496,0.09999999999999432,3.700000000000256
2007-06-19,1,575,579,152.7,152.57,152.69,152.59,stop,-0.12999999999999545,-0.0008513982579081502,-8.513982579081501,0.09999999999999432,-1.3000000000000285
2007-06-20,-1,575,606,153.46,153.60000000000002,153.47,153.58,stop,-0.14000000000001478,-0.0009122304033362532,-9.122304033362532,0.11000000000001364,-1.2727272727272492
2007-06-21,1,575,578,151.23999999999998,150.89,151.23,150.91,stop,-0.3499999999999943,-0.002314355617271668,-23.14355617271668,0.3199999999999932,-1.0937500000000056
2007-06-22,-1,575,577,151.48000000000002,151.54000000000002,151.49,151.52,stop,-0.060000000000002274,-0.00039606574691400273,-3.960657469140027,0.030000000000001137,-2.0
2007-06-25,1,575,577,150.38,150.22,150.37,150.24,stop,-0.1599999999999966,-0.0010640420296601488,-10.640420296601487,0.12999999999999545,-1.2307692307692475
2007-06-26,-1,575,578,150.11,150.3,150.12,150.28,stop,-0.18999999999999773,-0.0012656541433519698,-12.656541433519697,0.1599999999999966,-1.187500000000011
2007-06-27,-1,575,575,148.16,148.38000000000002,148.17,148.36,stop,-0.22000000000002728,-0.0014847809948034508,-14.847809948034508,0.19000000000002615,-1.1578947368420895
2007-06-28,1,575,585,150.48,150.29,150.47,150.31,stop,-0.18999999999999773,-0.0012627101747856564,-12.627101747856564,0.1599999999999966,-1.187500000000011
2007-06-29,1,575,577,150.87,150.78,150.86,150.8,stop,-0.09000000000000341,-0.0005965796102346772,-5.965796102346772,0.060000000000002274,-1.5
2007-07-02,1,575,580,151.04,150.84,151.03,150.86,stop,-0.19999999999998863,-0.0013242402171753202,-13.242402171753202,0.1699999999999875,-1.1764705882353137
2007-07-05,-1,575,587,152.15,152.48000000000002,152.16,152.46,stop,-0.3300000000000125,-0.0021687697160884104,-21.687697160884106,0.30000000000001137,-1.1
2007-07-06,-1,575,618,152.22,152.46,152.23,152.44,stop,-0.2400000000000091,-0.001576561781514873,-15.76561781514873,0.21000000000000796,-1.1428571428571428
2007-07-09,1,575,595,153.23,153.06,153.22,153.08,stop,-0.1699999999999875,-0.001109515729017018,-11.09515729017018,0.13999999999998636,-1.2142857142857433
2007-07-10,-1,575,613,152.13,152.35000000000002,152.14,152.33,stop,-0.22000000000002728,-0.001446036545287415,-14.46036545287415,0.19000000000002615,-1.1578947368420895
2007-07-11,1,575,593,151.06,150.72,151.05,150.74,stop,-0.3400000000000034,-0.002250910294604458,-22.50910294604458,0.3100000000000023,-1.0967741935483901
2007-07-12,1,575,959,152.67999999999998,154.72,152.67,154.73,eod,2.0400000000000205,0.01336215366476728,133.6215366476728,0.3299999999999841,6.181818181818542
2007-07-13,-1,575,581,154.48000000000002,154.66,154.49,154.64,stop,-0.1799999999999784,-0.0011651239562429827,-11.651239562429828,0.14999999999997726,-1.200000000000038
2007-07-16,1,575,582,155.10999999999999,154.85999999999999,155.1,154.88,stop,-0.25,-0.0016118633139909737,-16.118633139909736,0.21999999999999886,-1.1363636363636422
2007-07-17,-1,575,575,154.97,155.08,154.98,155.06,stop,-0.11000000000001364,-0.0007097690024520174,-7.0976900245201735,0.0800000000000125,-1.3749999999999556
2007-07-18,-1,575,580,154.17000000000002,154.34,154.18,154.32,stop,-0.1699999999999875,-0.0011026073420676318,-11.026073420676319,0.13999999999998636,-1.2142857142857433
2007-07-19,1,575,620,155.35,155.11999999999998,155.34,155.14,stop,-0.2300000000000182,-0.0014806231492211805,-14.806231492211804,0.20000000000001705,-1.1499999999999928
2007-07-20,1,575,577,154.95999999999998,154.79999999999998,154.95,154.82,stop,-0.1599999999999966,-0.001032591158438184,-10.32591158438184,0.12999999999999545,-1.2307692307692475
2007-07-23,-1,575,659,154.22,154.44,154.23,154.42,stop,-0.21999999999999886,-0.0014264410296310633,-14.264410296310633,0.18999999999999773,-1.157894736842113
2007-07-24,-1,575,596,152.98000000000002,153.18,152.99,153.16,stop,-0.19999999999998863,-0.0013072749852930821,-13.072749852930821,0.1699999999999875,-1.1764705882353137
2007-07-25,1,575,575,152.07999999999998,152.0,152.07,152.02,stop,-0.07999999999998408,-0.000526073518774144,-5.2607351877414406,0.04999999999998295,-1.6000000000002275
2007-07-26,-1,575,584,149.96,145.3799999999999,149.97,145.36999999999992,target,4.580000000000098,0.0305394412215783,305.394412215783,0.46000000000000796,9.956521739130475
2007-07-27,-1,575,575,148.08,148.28,148.09,148.26,stop,-0.19999999999998863,-0.0013505300830575233,-13.505300830575234,0.1699999999999875,-1.1764705882353137
2007-07-30,1,575,577,146.26999999999998,145.89,146.26,145.91,stop,-0.37999999999999545,-0.0025981129495418805,-25.981129495418806,0.3499999999999943,-1.0857142857142903
2007-07-31,1,575,582,148.45,148.22,148.44,148.24,stop,-0.22999999999998977,-0.0015494475882510763,-15.494475882510763,0.19999999999998863,-1.1500000000000141
2007-08-01,1,575,586,145.89999999999998,145.1,145.89,145.12,stop,-0.799999999999983,-0.0054835835218314,-54.835835218314,0.7699999999999818,-1.0389610389610413
2007-08-02,1,575,607,147.1,146.7,147.09,146.72,stop,-0.4000000000000057,-0.0027194234822218075,-27.194234822218075,0.37000000000000455,-1.0810810810810831
2007-08-03,-1,575,579,147.15,147.37,147.16,147.35,stop,-0.21999999999999886,-0.001494971459635763,-14.94971459635763,0.18999999999999773,-1.157894736842113
2007-08-06,1,575,577,144.26999999999998,144.1,144.26,144.12,stop,-0.1699999999999875,-0.0011784278386246189,-11.78427838624619,0.13999999999998636,-1.2142857142857433
2007-08-07,-1,575,578,145.84,145.96,145.85,145.94,stop,-0.12000000000000455,-0.0008227631127871413,-8.227631127871414,0.09000000000000341,-1.3333333333333333
2007-08-08,1,575,924,148.67,148.32999999999998,148.66,148.35,stop,-0.3400000000000034,-0.0022870980761469355,-22.870980761469355,0.3100000000000023,-1.0967741935483901
2007-08-09,-1,575,580,146.84,147.59,146.85,147.57,stop,-0.75,-0.005107252298263534,-51.07252298263534,0.7199999999999989,-1.0416666666666683
2007-08-10,-1,575,593,143.99,144.36,144.0,144.34,stop,-0.37000000000000455,-0.002569444444444476,-25.694444444444763,0.3400000000000034,-1.0882352941176494
2007-08-13,1,575,582,146.63,146.42999999999998,146.62,146.45,stop,-0.20000000000001705,-0.0013640703860320355,-13.640703860320356,0.17000000000001592,-1.1764705882352844
2007-08-14,-1,575,598,145.56,145.86,145.57,145.84,stop,-0.30000000000001137,-0.00206086418905002,-20.6086418905002,0.27000000000001023,-1.1111111111111112
2007-08-15,-1,575,587,142.55,142.83,142.56,142.81,stop,-0.28000000000000114,-0.0019640852974186387,-19.640852974186387,0.25,-1.1200000000000045
2007-08-16,1,575,602,139.87,139.48,139.86,139.5,stop,-0.3900000000000148,-0.002788502788502894,-27.88502788502894,0.36000000000001364,-1.0833333333333333
2007-08-17,-1,575,576,145.46,145.56,145.47,145.54,stop,-0.09999999999999432,-0.0006874269608853668,-6.874269608853668,0.06999999999999318,-1.4285714285714866
2007-08-20,1,575,576,145.32999999999998,144.98,145.32,145.0,stop,-0.3499999999999943,-0.0024084778420038148,-24.08477842003815,0.3199999999999932,-1.0937500000000056
2007-08-21,-1,575,580,144.34,144.66,144.35,144.64,stop,-0.3199999999999932,-0.0022168340838239916,-22.168340838239917,0.28999999999999204,-1.1034482758620758
2007-08-22,1,575,663,146.26999999999998,145.98999999999998,146.26,146.01,stop,-0.28000000000000114,-0.001914399015451943,-19.14399015451943,0.25,-1.1200000000000045
2007-08-23,1,575,575,147.41,147.31,147.4,147.33,stop,-0.09999999999999432,-0.0006784260515603414,-6.784260515603414,0.06999999999999318,-1.4285714285714866
2007-08-24,1,575,579,146.51,146.42999999999998,146.5,146.45,stop,-0.0800000000000125,-0.0005460750853243174,-5.460750853243174,0.05000000000001137,-1.5999999999998864
2007-08-27,-1,575,578,147.76000000000002,147.93,147.77,147.91,stop,-0.1699999999999875,-0.0011504364891384415,-11.504364891384414,0.13999999999998636,-1.2142857142857433
2007-08-28,1,575,576,146.19,146.07,146.18,146.09,stop,-0.12000000000000455,-0.0008209057326583975,-8.209057326583975,0.09000000000000341,-1.3333333333333333
2007-08-29,1,575,586,144.70999999999998,144.35,144.7,144.37,stop,-0.3599999999999852,-0.002487906012439428,-24.879060124394282,0.3299999999999841,-1.0909090909090988
2007-08-30,1,575,959,145.59,146.13,145.58,146.14,eod,0.539999999999992,0.00370930072812194,37.0930072812194,0.27000000000001023,1.9999999999998948
2007-08-31,-1,575,591,147.55,147.82000000000002,147.56,147.8,stop,-0.27000000000001023,-0.0018297641637300775,-18.297641637300774,0.2400000000000091,-1.125
2007-09-04,1,575,792,147.54999999999998,148.92999999999986,147.54,148.93999999999986,target,1.3799999999998818,0.009353395689303795,93.53395689303795,0.13999999999998636,9.857142857142973
2007-09-05,-1,575,575,148.16,148.27,148.17,148.25,stop,-0.11000000000001364,-0.0007423904974017254,-7.423904974017254,0.0800000000000125,-1.3749999999999556
2007-09-06,1,575,578,148.09,147.91,148.08,147.93,stop,-0.18000000000000682,-0.0012155591572123635,-12.155591572123635,0.15000000000000568,-1.2
2007-09-07,-1,575,584,146.31,146.62,146.32,146.6,stop,-0.3100000000000023,-0.0021186440677966258,-21.186440677966257,0.28000000000000114,-1.1071428571428608
2007-09-10,1,575,576,146.59,146.35,146.58,146.37,stop,-0.2400000000000091,-0.001637331150225195,-16.37331150225195,0.21000000000000796,-1.1428571428571428
2007-09-11,1,575,959,146.29,147.63,146.28,147.64,eod,1.3400000000000034,0.009160514082581374,91.60514082581373,0.15000000000000568,8.933333333333017
2007-09-12,-1,575,585,147.13,147.39000000000001,147.14,147.37,stop,-0.2600000000000193,-0.001767024602419596,-17.67024602419596,0.2300000000000182,-1.1304347826086902
2007-09-13,-1,575,622,148.45000000000002,148.71,148.46,148.69,stop,-0.2599999999999909,-0.001751313485113774,-17.51313485113774,0.22999999999998977,-1.1304347826087064
2007-09-14,-1,575,579,147.8,148.02,147.81,148.0,stop,-0.21999999999999886,-0.0014883972667613752,-14.883972667613751,0.18999999999999773,-1.157894736842113
2007-09-17,1,575,631,148.45999999999998,148.20999999999998,148.45,148.23,stop,-0.25,-0.0016840687100033683,-16.840687100033684,0.21999999999999886,-1.1363636363636422
2007-09-18,1,575,576,148.91,148.79,148.9,148.81,stop,-0.12000000000000455,-0.0008059100067159472,-8.059100067159472,0.09000000000000341,-1.3333333333333333
2007-09-19,1,575,620,153.6,153.39,153.59,153.41,stop,-0.21000000000000796,-0.0013672765153981898,-13.672765153981898,0.18000000000000682,-1.1666666666666667
2007-09-20,-1,575,608,153.02,153.38000000000002,153.03,153.36,stop,-0.36000000000001364,-0.0023524799059008927,-23.524799059008927,0.3300000000000125,-1.0909090909090908
2007-09-21,-1,575,587,152.57000000000002,152.82000000000002,152.58,152.8,stop,-0.25,-0.0016384847293223225,-16.384847293223224,0.21999999999999886,-1.1363636363636422
2007-09-24,-1,575,626,152.39000000000001,152.51000000000002,152.4,152.49,stop,-0.12000000000000455,-0.0007874015748031794,-7.874015748031794,0.09000000000000341,-1.3333333333333333
2007-09-25,-1,575,592,150.70000000000002,150.89000000000001,150.71,150.87,stop,-0.18999999999999773,-0.0012606993563797871,-12.606993563797872,0.1599999999999966,-1.187500000000011
2007-09-26,-1,575,578,152.11,152.29000000000002,152.12,152.27,stop,-0.18000000000000682,-0.0011832763607678596,-11.832763607678597,0.15000000000000568,-1.2
2007-09-27,-1,575,578,152.76000000000002,152.92000000000002,152.77,152.9,stop,-0.1599999999999966,-0.0010473260456895764,-10.473260456895764,0.12999999999999545,-1.2307692307692475
2007-09-28,-1,575,576,152.82000000000002,152.99,152.83,152.97,stop,-0.1699999999999875,-0.0011123470522802295,-11.123470522802295,0.13999999999998636,-1.2142857142857433
2007-10-01,1,575,930,152.78,152.48,152.77,152.5,stop,-0.30000000000001137,-0.001963736335668072,-19.637363356680723,0.27000000000001023,-1.1111111111111112
2007-10-02,-1,575,578,154.54000000000002,154.64000000000001,154.55,154.62,stop,-0.09999999999999432,-0.0006470397929472294,-6.470397929472294,0.06999999999999318,-1.4285714285714866
2007-10-03,1,575,582,153.84,153.73999999999998,153.83,153.76,stop,-0.10000000000002274,-0.0006500682571671503,-6.500682571671502,0.0700000000000216,-1.4285714285713125
2007-10-04,-1,575,653,154.03,154.18,154.04,154.16,stop,-0.15000000000000568,-0.0009737730459621248,-9.737730459621249,0.12000000000000455,-1.25
2007-10-05,1,575,579,155.07,154.94,155.06,154.96,stop,-0.12999999999999545,-0.0008383851412356214,-8.383851412356213,0.09999999999999432,-1.3000000000000285
2007-10-08,-1,575,606,155.28,155.45000000000002,155.29,155.43,stop,-0.17000000000001592,-0.0010947259965227375,-10.947259965227376,0.14000000000001478,-1.2142857142856998
2007-10-09,-1,575,586,155.52,155.71,155.53,155.69,stop,-0.18999999999999773,-0.0012216292676653876,-12.216292676653875,0.1599999999999966,-1.187500000000011
2007-10-10,1,575,582,156.07999999999998,155.97,156.07,155.99,stop,-0.10999999999998522,-0.0007048119433586546,-7.048119433586546,0.07999999999998408,-1.3750000000000888
2007-10-11,1,575,578,157.01999999999998,156.89999999999998,157.01,156.92,stop,-0.12000000000000455,-0.0007642825297752026,-7.642825297752026,0.09000000000000341,-1.3333333333333333
2007-10-12,-1,575,581,155.43,155.60000000000002,155.44,155.58,stop,-0.17000000000001592,-0.0010936695831189908,-10.936695831189908,0.14000000000001478,-1.2142857142856998
2007-10-15,1,575,576,156.32,156.17999999999998,156.31,156.2,stop,-0.14000000000001478,-0.0008956560680699557,-8.956560680699557,0.11000000000001364,-1.2727272727272492
2007-10-16,-1,575,578,154.31,154.51000000000002,154.32,154.49,stop,-0.20000000000001705,-0.001296008294453195,-12.960082944531951,0.17000000000001592,-1.1764705882352844
2007-10-17,1,575,575,155.0,154.92999999999998,154.99,154.95,stop,-0.0700000000000216,-0.00045164204142216657,-4.516420414221666,0.040000000000020464,-1.7499999999996447
2007-10-18,1,575,589,153.5,153.38,153.49,153.4,stop,-0.12000000000000455,-0.0007818098898951367,-7.818098898951367,0.09000000000000341,-1.3333333333333333
2007-10-19,-1,575,959,152.98000000000002,149.98,152.99,149.97,eod,3.0000000000000284,0.01960912477939753,196.0912477939753,3.4899999999999807,0.8595988538682078
2007-10-22,1,575,959,148.92,150.58,148.91,150.59,eod,1.660000000000025,0.011147673091129039,111.47673091129039,0.25,6.6400000000001
2007-10-23,1,575,581,151.47,151.28,151.46,151.3,stop,-0.18999999999999773,-0.0012544566222104695,-12.544566222104695,0.1599999999999966,-1.187500000000011
2007-10-24,-1,575,581,151.0,151.3,151.01,151.28,stop,-0.30000000000001137,-0.001986623402423756,-19.86623402423756,0.27000000000001023,-1.1111111111111112
2007-10-25,-1,575,610,151.55,151.75,151.56,151.73,stop,-0.19999999999998863,-0.0013196093956188218,-13.196093956188218,0.1699999999999875,-1.1764705882353137
2007-10-29,1,575,617,154.04999999999998,153.78,154.04,153.8,stop,-0.2699999999999818,-0.0017527914827316399,-17.527914827316398,0.23999999999998067,-1.1250000000000149
2007-10-30,1,575,600,153.51,153.39999999999998,153.5,153.42,stop,-0.11000000000001364,-0.0007166123778502518,-7.166123778502518,0.0800000000000125,-1.3749999999999556
2007-10-31,-1,575,640,153.81,154.01000000000002,153.82,153.99,stop,-0.20000000000001705,-0.0013002210375764988,-13.002210375764989,0.17000000000001592,-1.1764705882352844
2007-11-01,-1,575,850,153.22,151.33,153.23,151.32000000000002,target,1.8899999999999864,0.012334399269072548,123.34399269072549,0.18000000000000682,10.499999999999526
2007-11-02,-1,575,959,151.17000000000002,151.13,151.18,151.12,eod,0.040000000000020464,0.0002645852626010085,2.645852626010085,0.37999999999999545,0.10526315789479196
2007-11-05,-1,575,576,149.56,149.70000000000002,149.57,149.68,stop,-0.14000000000001478,-0.0009360165808652456,-9.360165808652456,0.11000000000001364,-1.2727272727272492
2007-11-06,1,575,585,151.14,150.81,151.13,150.83,stop,-0.3299999999999841,-0.0021835505855884608,-21.83550585588461,0.29999999999998295,-1.1000000000000094
2007-11-07,1,575,636,150.64,150.39999999999998,150.63,150.42,stop,-0.2400000000000091,-0.0015933081059550495,-15.933081059550496,0.21000000000000796,-1.1428571428571428
2007-11-08,1,575,580,148.31,147.94,148.3,147.96,stop,-0.37000000000000455,-0.0024949426837491875,-24.949426837491874,0.3400000000000034,-1.0882352941176494
2007-11-09,1,575,577,145.89,145.39,145.88,145.41,stop,-0.5,-0.0034274746366876885,-34.27474636687688,0.46999999999999886,-1.0638297872340452
2007-11-12,-1,575,578,144.73000000000002,145.27,144.74,145.25,stop,-0.539999999999992,-0.0037308276910321403,-37.3082769103214,0.5099999999999909,-1.058823529411768
2007-11-13,1,575,822,145.34,146.42000000000016,145.33,146.43000000000015,target,1.0800000000001546,0.007431363104659427,74.31363104659427,0.11000000000001364,9.818181818182007
2007-11-14,-1,575,578,149.09,149.28,149.1,149.26,stop,-0.18999999999999773,-0.0012743125419181606,-12.743125419181606,0.1599999999999966,-1.187500000000011
2007-11-15,-1,575,582,146.74,146.99,146.75,146.97,stop,-0.25,-0.0017035775127768314,-17.035775127768314,0.21999999999999886,-1.1363636363636422
2007-11-16,-1,575,578,146.15,146.35000000000002,146.16,146.33,stop,-0.20000000000001705,-0.0013683634373290712,-13.683634373290712,0.17000000000001592,-1.1764705882352844
2007-11-19,-1,575,915,145.05,145.38000000000002,145.06,145.36,stop,-0.3300000000000125,-0.002274920722459758,-22.74920722459758,0.30000000000001137,-1.1
2007-11-20,1,575,761,144.14999999999998,143.59,144.14,143.61,stop,-0.5599999999999739,-0.0038851116969611066,-38.85111696961106,0.5299999999999727,-1.0566037735849108
2007-11-21,-1,575,593,142.95000000000002,143.16,142.96,143.14,stop,-0.20999999999997954,-0.001468942361499577,-14.68942361499577,0.1799999999999784,-1.166666666666693
2007-11-26,-1,575,579,143.95000000000002,144.42000000000002,143.96,144.4,stop,-0.46999999999999886,-0.0032647957766046044,-32.64795776604605,0.4399999999999977,-1.068181818181821
2007-11-28,1,575,959,144.54999999999998,147.24,144.54,147.25,eod,2.690000000000026,0.018610765186107835,186.10765186107835,0.4000000000000057,6.7249999999999694
2007-11-29,1,575,605,146.63,146.42999999999998,146.62,146.45,stop,-0.20000000000001705,-0.0013640703860320355,-13.640703860320356,0.17000000000001592,-1.1764705882352844
2007-11-30,-1,575,575,149.0,149.12,149.01,149.1,stop,-0.12000000000000455,-0.0008053150795248947,-8.053150795248948,0.09000000000000341,-1.3333333333333333
2007-12-03,-1,575,750,148.0,148.34,148.01,148.32,stop,-0.3400000000000034,-0.00229714208499428,-22.971420849942803,0.3100000000000023,-1.0967741935483901
2007-12-04,-1,575,598,146.64000000000001,146.78,146.65,146.76,stop,-0.13999999999998636,-0.0009546539379474009,-9.546539379474009,0.10999999999998522,-1.2727272727273198
2007-12-05,1,575,584,148.03,147.85999999999999,148.02,147.88,stop,-0.17000000000001592,-0.0011484934468316166,-11.484934468316165,0.14000000000001478,-1.2142857142856998
2007-12-06,1,575,881,148.73,150.43000000000018,148.72,150.44000000000017,target,1.7000000000001876,0.011430876815493462,114.30876815493463,0.15000000000000568,11.333333333334155
2007-12-07,-1,575,585,151.12,151.49,151.13,151.47,stop,-0.37000000000000455,-0.002448223383841756,-24.48223383841756,0.3400000000000034,-1.0882352941176494
2007-12-10,-1,575,592,151.06,151.36,151.07,151.34,stop,-0.30000000000001137,-0.0019858343814126655,-19.858343814126656,0.27000000000001023,-1.1111111111111112
2007-12-11,1,575,576,152.26999999999998,152.07,152.26,152.09,stop,-0.19999999999998863,-0.001313542624458089,-13.13542624458089,0.1699999999999875,-1.1764705882353137
2007-12-12,1,575,578,151.64999999999998,151.25,151.64,151.27,stop,-0.39999999999997726,-0.002637826431020689,-26.37826431020689,0.3699999999999761,-1.0810810810810894
2007-12-13,1,575,587,148.70999999999998,148.13,148.7,148.15,stop,-0.5799999999999841,-0.003900470746469295,-39.00470746469295,0.549999999999983,-1.0545454545454582
2007-12-14,1,575,890,148.12,147.88,148.11,147.9,stop,-0.2400000000000091,-0.001620417257443853,-16.20417257443853,0.21000000000000796,-1.1428571428571428
2007-12-17,-1,575,637,146.24,146.74,146.25,146.72,stop,-0.5,-0.003418803418803419,-34.18803418803419,0.46999999999999886,-1.0638297872340452
2007-12-18,1,575,580,146.16,145.91,146.15,145.93,stop,-0.25,-0.0017105713308244953,-17.105713308244955,0.21999999999999886,-1.1363636363636422
2007-12-20,-1,575,959,146.56,146.54,146.57,146.53,eod,0.020000000000010232,0.00013645357167230834,1.3645357167230834,0.29000000000002046,0.06896551724140973
2007-12-21,-1,575,585,147.18,147.44,147.19,147.42,stop,-0.2599999999999909,-0.0017664243494802019,-17.66424349480202,0.22999999999998977,-1.1304347826087064
2007-12-26,1,575,575,148.81,148.72,148.8,148.74,stop,-0.09000000000000341,-0.0006048387096774423,-6.048387096774422,0.060000000000002274,-1.5
2007-12-27,-1,575,957,148.87,147.38999999999993,148.88,147.37999999999994,target,1.480000000000075,0.009940891993552359,99.40891993552358,0.15000000000000568,9.866666666666793
2007-12-28,-1,575,959,148.42000000000002,147.56,148.43,147.55,eod,0.8600000000000136,0.005793976958835907,57.93976958835907,0.18000000000000682,4.777777777777673
2007-12-31,-1,575,859,147.04000000000002,147.20000000000002,147.05,147.18,stop,-0.1599999999999966,-0.0010880652839170117,-10.880652839170116,0.12999999999999545,-1.2307692307692475
2008-01-02,1,575,600,146.79,146.5,146.78,146.52,stop,-0.28999999999999204,-0.0019757460144433302,-19.757460144433303,0.2599999999999909,-1.1153846153846239
2008-01-03,1,575,581,145.07999999999998,144.85999999999999,145.07,144.88,stop,-0.21999999999999886,-0.0015165092713862196,-15.165092713862196,0.18999999999999773,-1.157894736842113
2008-01-04,-1,575,959,143.16,140.94,143.17,140.93,eod,2.219999999999999,0.015506041768526919,155.0604176852692,0.27000000000001023,8.222222222221907
2008-01-08,-1,575,581,141.97,142.21,141.98,142.19,stop,-0.2400000000000091,-0.0016903789266094458,-16.90378926609446,0.21000000000000796,-1.1428571428571428
2008-01-09,-1,575,579,138.72,139.16,138.73,139.14,stop,-0.4399999999999977,-0.0031716283428241746,-31.716283428241745,0.4099999999999966,-1.0731707317073205
2008-01-10,-1,575,577,139.60000000000002,139.75,139.61,139.73,stop,-0.14999999999997726,-0.0010744216030368688,-10.744216030368689,0.11999999999997613,-1.2500000000000593
2008-01-11,-1,575,583,140.69,140.84,140.7,140.82,stop,-0.15000000000000568,-0.0010660980810234947,-10.660980810234946,0.12000000000000455,-1.25
2008-01-14,-1,575,660,141.05,141.26000000000002,141.06,141.24,stop,-0.21000000000000796,-0.001488728200765688,-14.88728200765688,0.18000000000000682,-1.1666666666666667
2008-01-15,1,575,605,140.03,139.64999999999998,140.02,139.67,stop,-0.3800000000000239,-0.0027138980145695176,-27.138980145695175,0.35000000000002274,-1.0857142857142834
2008-01-16,1,575,612,137.88,137.28,137.87,137.3,stop,-0.5999999999999943,-0.004351925727134215,-43.519257271342155,0.5699999999999932,-1.052631578947371
2008-01-17,-1,575,584,137.25,137.64000000000001,137.26,137.62,stop,-0.3900000000000148,-0.002841323036573035,-28.413230365730353,0.36000000000001364,-1.0833333333333333
2008-01-18,-1,575,575,134.11,134.23000000000002,134.12,134.21,stop,-0.12000000000000455,-0.0008947211452430998,-8.947211452430999,0.09000000000000341,-1.3333333333333333
2008-01-22,1,575,959,126.81,131.01000000000002,126.8,131.02,eod,4.200000000000017,0.033123028391167327,331.23028391167327,0.7999999999999972,5.25000000000004
2008-01-23,1,575,766,127.83,127.03,127.82,127.05,stop,-0.7999999999999972,-0.006258801439524309,-62.588014395243086,0.769999999999996,-1.0389610389610406
2008-01-24,-1,575,584,134.06,134.60000000000002,134.07,134.58,stop,-0.5400000000000205,-0.004027746699485496,-40.27746699485496,0.5100000000000193,-1.0588235294117647
2008-01-25,1,575,580,136.60999999999999,136.31,136.6,136.33,stop,-0.29999999999998295,-0.002196193265007196,-21.961932650071958,0.2699999999999818,-1.1111111111111227
2008-01-28,-1,575,629,132.84,133.35000000000002,132.85,133.33,stop,-0.5100000000000193,-0.003838916070756638,-38.389160707566376,0.4800000000000182,-1.0625
2008-01-29,-1,575,681,136.01000000000002,136.32000000000002,136.02,136.3,stop,-0.3100000000000023,-0.002279076606381431,-22.79076606381431,0.28000000000000114,-1.1071428571428608
2008-01-30,1,575,577,135.60999999999999,135.44,135.6,135.46,stop,-0.1699999999999875,-0.0012536873156341261,-12.536873156341262,0.13999999999998636,-1.2142857142857433
2008-01-31,1,575,712,133.54999999999998,136.82000000000014,133.54,136.83000000000013,target,3.2700000000001523,0.024487045080126946,244.87045080126947,0.3400000000000034,9.61764705882388
2008-02-01,1,575,576,138.17,137.73,138.16,137.75,stop,-0.4399999999999977,-0.003184713375796162,-31.847133757961622,0.4099999999999966,-1.0731707317073205
2008-02-04,-1,575,959,139.0,138.01,139.01,138.0,eod,0.9900000000000091,0.0071217897992950805,71.21789799295081,0.29000000000002046,3.413793103448066
2008-02-05,1,575,575,135.98999999999998,135.84,135.98,135.86,stop,-0.14999999999997726,-0.0011031033975582973,-11.031033975582973,0.11999999999997613,-1.2500000000000593
2008-02-06,-1,575,642,134.29000000000002,134.70000000000002,134.3,134.68,stop,-0.4099999999999966,-0.00305286671630675,-30.5286671630675,0.37999999999999545,-1.0789473684210567
2008-02-07,1,575,587,132.48999999999998,132.01,132.48,132.03,stop,-0.47999999999998977,-0.0036231884057970243,-36.23188405797024,0.44999999999998863,-1.0666666666666709
2008-02-08,1,575,581,133.45999999999998,133.03,133.45,133.05,stop,-0.4299999999999784,-0.003222180591981854,-32.22180591981854,0.39999999999997726,-1.075000000000007
2008-02-11,1,575,579,133.29,132.85999999999999,133.28,132.88,stop,-0.4300000000000068,-0.003226290516206534,-32.26290516206534,0.4000000000000057,-1.0750000000000017
2008-02-12,-1,575,583,134.79000000000002,134.96,134.8,134.94,stop,-0.1699999999999875,-0.0012611275964390762,-12.611275964390762,0.13999999999998636,-1.2142857142857433
2008-02-13,1,575,581,136.48,135.94,136.47,135.96,stop,-0.539999999999992,-0.003956913607386181,-39.569136073861806,0.5099999999999909,-1.058823529411768
2008-02-14,-1,575,959,136.70000000000002,135.01999999999998,136.71,135.01,eod,1.6800000000000352,0.012288786482335126,122.88786482335126,0.28999999999999204,5.793103448276143
2008-02-15,1,575,578,134.57999999999998,134.29999999999998,134.57,134.32,stop,-0.28000000000000114,-0.002080701493646438,-20.80701493646438,0.25,-1.1200000000000045
2008-02-19,1,575,579,136.81,136.54999999999998,136.8,136.57,stop,-0.2600000000000193,-0.0019005847953217786,-19.005847953217785,0.2300000000000182,-1.1304347826086902
2008-02-20,-1,575,578,133.86,134.12,133.87,134.1,stop,-0.2599999999999909,-0.0019421827145737723,-19.421827145737723,0.22999999999998977,-1.1304347826087064
2008-02-21,-1,575,581,136.59,136.85000000000002,136.6,136.83,stop,-0.2600000000000193,-0.0019033674963398195,-19.033674963398195,0.2300000000000182,-1.1304347826086902
2008-02-22,-1,575,576,134.77,135.02,134.78,135.0,stop,-0.25,-0.0018548746104763319,-18.548746104763318,0.21999999999999886,-1.1363636363636422
2008-02-25,1,575,577,135.73,135.48999999999998,135.72,135.51,stop,-0.2400000000000091,-0.00176834659593287,-17.6834659593287,0.21000000000000796,-1.1428571428571428
2008-02-26,1,575,600,137.06,136.7,137.05,136.72,stop,-0.36000000000001364,-0.0026267785479752908,-26.26778547975291,0.3300000000000125,-1.0909090909090908
2008-02-27,1,575,578,137.63,137.39999999999998,137.62,137.42,stop,-0.2300000000000182,-0.001671268710943309,-16.71268710943309,0.20000000000001705,-1.1499999999999928
2008-02-28,1,575,584,137.37,137.17,137.36,137.19,stop,-0.20000000000001705,-0.0014560279557368741,-14.560279557368741,0.17000000000001592,-1.1764705882352844
2008-02-29,1,575,576,135.63,135.44,135.62,135.46,stop,-0.18999999999999773,-0.0014009733077716983,-14.009733077716984,0.1599999999999966,-1.187500000000011
2008-03-03,-1,575,605,132.99,133.27,133.0,133.25,stop,-0.28000000000000114,-0.0021052631578947455,-21.052631578947455,0.25,-1.1200000000000045
2008-03-04,-1,575,577,132.20000000000002,132.58,132.21,132.56,stop,-0.37999999999999545,-0.00287421526359576,-28.742152635957602,0.3499999999999943,-1.0857142857142903
2008-03-05,1,575,581,133.47,133.23,133.46,133.25,stop,-0.2400000000000091,-0.0017982916229582577,-17.982916229582578,0.21000000000000796,-1.1428571428571428
2008-03-06,-1,575,959,132.82000000000002,130.82999999999998,132.83,130.82,eod,1.9900000000000375,0.014981555371527797,149.81555371527796,0.38999999999998636,5.1025641025643775
2008-03-07,-1,575,577,129.55,129.99,129.56,129.97,stop,-0.4399999999999977,-0.0033961099104661756,-33.961099104661756,0.4099999999999966,-1.0731707317073205
2008-03-10,-1,575,600,129.52,129.88000000000002,129.53,129.86,stop,-0.36000000000001364,-0.0027792789315217604,-27.792789315217604,0.3300000000000125,-1.0909090909090908
2008-03-11,1,575,577,130.73,130.53,130.72,130.55,stop,-0.19999999999998863,-0.0015299877600978323,-15.299877600978323,0.1699999999999875,-1.1764705882353137
2008-03-12,1,575,582,132.87,132.56,132.86,132.58,stop,-0.3100000000000023,-0.0023332831552009803,-23.332831552009804,0.28000000000000114,-1.1071428571428608
2008-03-13,-1,575,576,129.52,129.87,129.53,129.85,stop,-0.3499999999999943,-0.0027020767389793433,-27.020767389793434,0.3199999999999932,-1.0937500000000056
2008-03-14,-1,575,959,131.81,129.26,131.82,129.25,eod,2.5500000000000114,0.019344560764679195,193.44560764679196,0.9900000000000091,2.5757575757575637
2008-03-17,1,575,801,126.95,126.32000000000001,126.94,126.34,stop,-0.6299999999999955,-0.00496297463368517,-49.629746336851696,0.5999999999999943,-1.0500000000000023
2008-03-18,1,575,582,130.78,130.44,130.77,130.46,stop,-0.3400000000000034,-0.0025999847059723436,-25.999847059723436,0.3100000000000023,-1.0967741935483901
2008-03-19,1,575,575,134.32,134.01,134.31,134.03,stop,-0.3100000000000023,-0.0023080932171841433,-23.080932171841432,0.28000000000000114,-1.1071428571428608
2008-03-20,-1,575,600,129.87,130.27,129.88,130.25,stop,-0.4000000000000057,-0.003079765937788772,-30.79765937788772,0.37000000000000455,-1.0810810810810831
2008-03-24,1,575,643,133.42999999999998,135.20999999999978,133.42,135.21999999999977,target,1.7799999999998022,0.013341328136709657,133.41328136709657,0.1799999999999784,9.888888888888976
2008-03-25,-1,575,578,134.45000000000002,134.92000000000002,134.46,134.9,stop,-0.46999999999999886,-0.003495463334820756,-34.95463334820756,0.4399999999999977,-1.068181818181821
2008-03-26,-1,575,609,134.32000000000002,134.48000000000002,134.33,134.46,stop,-0.1599999999999966,-0.0011910965532643235,-11.910965532643235,0.12999999999999545,-1.2307692307692475
2008-03-27,-1,575,753,134.09,134.36,134.1,134.34,stop,-0.27000000000001023,-0.002013422818792023,-20.13422818792023,0.2400000000000091,-1.125
2008-03-28,-1,575,597,132.97,133.17000000000002,132.98,133.15,stop,-0.20000000000001705,-0.0015039855617387356,-15.039855617387357,0.17000000000001592,-1.1764705882352844
2008-03-31,1,575,575,131.29999999999998,131.14999999999998,131.29,131.17,stop,-0.15000000000000568,-0.0011425089496534823,-11.425089496534824,0.12000000000000455,-1.25
2008-04-01,1,575,945,133.79,136.58,133.78,136.59,target,2.7900000000000205,0.02085513529675602,208.5513529675602,0.27000000000001023,10.333333333333018
2008-04-02,-1,575,631,136.87,137.12,136.88,137.1,stop,-0.25,-0.001826417299824664,-18.26417299824664,0.21999999999999886,-1.1363636363636422
2008-04-03,1,575,584,136.04,135.76999999999998,136.03,135.79,stop,-0.27000000000001023,-0.001984856281702641,-19.84856281702641,0.2400000000000091,-1.125
2008-04-04,-1,575,677,136.68,137.05,136.69,137.03,stop,-0.37000000000000455,-0.002706854927207583,-27.06854927207583,0.3400000000000034,-1.0882352941176494
2008-04-07,-1,575,700,137.82000000000002,138.07000000000002,137.83,138.05,stop,-0.25,-0.0018138286294710874,-18.138286294710873,0.21999999999999886,-1.1363636363636422
2008-04-08,1,575,579,136.26999999999998,136.07999999999998,136.26,136.1,stop,-0.18999999999999773,-0.0013943930720680885,-13.943930720680886,0.1599999999999966,-1.187500000000011
2008-04-09,1,575,580,136.67999999999998,136.48999999999998,136.67,136.51,stop,-0.18999999999999773,-0.0013902099948781572,-13.902099948781572,0.1599999999999966,-1.187500000000011
2008-04-10,1,575,579,135.63,135.32999999999998,135.62,135.35,stop,-0.30000000000001137,-0.002212063117534371,-22.12063117534371,0.27000000000001023,-1.1111111111111112
2008-04-11,1,575,578,134.48999999999998,134.32999999999998,134.48,134.35,stop,-0.1599999999999966,-0.0011897679952409027,-11.897679952409026,0.12999999999999545,-1.2307692307692475
2008-04-14,-1,575,577,133.03,133.24,133.04,133.22,stop,-0.21000000000000796,-0.0015784726398076366,-15.784726398076366,0.18000000000000682,-1.1666666666666667
2008-04-15,1,575,578,133.64999999999998,133.45999999999998,133.64,133.48,stop,-0.18999999999999773,-0.001421730020951794,-14.21730020951794,0.1599999999999966,-1.187500000000011
2008-04-16,1,575,950,134.67999999999998,136.37000000000018,134.67,136.38000000000017,target,1.6900000000001967,0.012549194326874558,125.49194326874559,0.1599999999999966,10.562500000001455
2008-04-17,1,575,577,136.06,135.92999999999998,136.05,135.95,stop,-0.13000000000002387,-0.0009555310547594551,-9.555310547594551,0.10000000000002274,-1.2999999999999432
2008-04-18,-1,575,647,138.83,139.0,138.84,138.98,stop,-0.1699999999999875,-0.0012244309997118084,-12.244309997118084,0.13999999999998636,-1.2142857142857433
2008-04-21,1,575,605,138.35,138.17999999999998,138.34,138.2,stop,-0.17000000000001592,-0.0012288564406535776,-12.288564406535777,0.14000000000001478,-1.2142857142856998
2008-04-22,-1,575,613,138.08,138.26000000000002,138.09,138.24,stop,-0.18000000000000682,-0.0013034977188790414,-13.034977188790414,0.15000000000000568,-1.2
2008-04-23,-1,575,635,137.91,138.19,137.92,138.17,stop,-0.28000000000000114,-0.002030162412993048,-20.30162412993048,0.25,-1.1200000000000045
2008-04-24,1,575,575,138.23999999999998,138.03,138.23,138.05,stop,-0.20999999999997954,-0.0015192071185703504,-15.192071185703504,0.1799999999999784,-1.166666666666693
2008-04-25,-1,575,580,139.37,139.51000000000002,139.38,139.49,stop,-0.14000000000001478,-0.001004448270914154,-10.04448270914154,0.11000000000001364,-1.2727272727272492
2008-04-28,-1,575,619,139.78,140.01000000000002,139.79,139.99,stop,-0.2300000000000182,-0.0016453251305531026,-16.453251305531026,0.20000000000001705,-1.1499999999999928
2008-04-29,1,575,584,139.47,139.32,139.46,139.34,stop,-0.15000000000000568,-0.0010755772264448994,-10.755772264448995,0.12000000000000455,-1.25
2008-04-30,1,575,899,139.44,139.22,139.43,139.24,stop,-0.21999999999999886,-0.0015778526859355868,-15.778526859355868,0.18999999999999773,-1.157894736842113
2008-05-01,1,575,577,138.45999999999998,138.32999999999998,138.45,138.35,stop,-0.12999999999999545,-0.000938967136150202,-9.38967136150202,0.09999999999999432,-1.3000000000000285
2008-05-02,-1,575,959,142.05,141.35,142.06,141.34,eod,0.700000000000017,0.004927495424468654,49.27495424468654,0.3100000000000023,2.2580645161290707
2008-05-05,-1,575,589,140.84,141.14000000000001,140.85,141.12,stop,-0.30000000000001137,-0.0021299254526092395,-21.299254526092394,0.27000000000001023,-1.1111111111111112
2008-05-06,-1,575,575,139.93,140.10000000000002,139.94,140.08,stop,-0.17000000000001592,-0.0012148063455767895,-12.148063455767895,0.14000000000001478,-1.2142857142856998
2008-05-07,-1,575,640,141.84,141.97,141.85,141.95,stop,-0.12999999999999545,-0.0009164610504053258,-9.164610504053258,0.09999999999999432,-1.3000000000000285
2008-05-08,-1,575,589,139.57000000000002,139.85000000000002,139.58,139.83,stop,-0.28000000000000114,-0.0020060180541624953,-20.060180541624952,0.25,-1.1200000000000045
2008-05-09,-1,575,578,138.51000000000002,138.69,138.52,138.67,stop,-0.1799999999999784,-0.0012994513427662315,-12.994513427662316,0.14999999999997726,-1.200000000000038
2008-05-12,-1,575,577,139.15,139.32000000000002,139.16,139.3,stop,-0.17000000000001592,-0.0012216154067261852,-12.216154067261852,0.14000000000001478,-1.2142857142856998
2008-05-13,-1,575,959,140.64000000000001,140.41,140.65,140.4,eod,0.2300000000000182,0.0016352648418060305,16.352648418060305,0.23999999999998067,0.9583333333334862
2008-05-14,-1,575,576,141.05,141.16,141.06,141.14,stop,-0.10999999999998522,-0.0007798100099247499,-7.798100099247499,0.07999999999998408,-1.3750000000000888
2008-05-15,-1,575,576,140.84,141.08,140.85,141.06,stop,-0.2400000000000091,-0.0017039403620873917,-17.039403620873916,0.21000000000000796,-1.1428571428571428
2008-05-16,-1,575,959,142.58,142.66,142.59,142.65,eod,-0.07999999999998408,-0.0005610491619327027,-5.610491619327027,0.28000000000000114,-0.2857142857142277
2008-05-19,-1,575,588,142.65,142.83,142.66,142.81,stop,-0.18000000000000682,-0.0012617412028599947,-12.617412028599947,0.15000000000000568,-1.2
2008-05-20,-1,575,959,142.05,141.64999999999998,142.06,141.64,eod,0.4000000000000341,0.0028157116711251167,28.157116711251167,0.28000000000000114,1.4285714285715445
2008-05-21,-1,575,577,141.79000000000002,141.92000000000002,141.8,141.9,stop,-0.12999999999999545,-0.0009167842031029298,-9.167842031029299,0.09999999999999432,-1.3000000000000285
2008-05-22,1,575,589,139.56,139.31,139.55,139.33,stop,-0.25,-0.0017914725904693656,-17.914725904693654,0.21999999999999886,-1.1363636363636422
2008-05-23,1,575,575,139.2,139.01,139.19,139.03,stop,-0.18999999999999773,-0.0013650405919965352,-13.650405919965353,0.1599999999999966,-1.187500000000011
2008-05-28,1,575,575,139.22,139.1,139.21,139.12,stop,-0.12000000000000455,-0.0008620070397241903,-8.620070397241903,0.09000000000000341,-1.3333333333333333
2008-05-29,1,575,632,139.26,139.07999999999998,139.25,139.1,stop,-0.18000000000000682,-0.0012926391382406235,-12.926391382406235,0.15000000000000568,-1.2
2008-05-30,-1,575,623,140.34,140.55,140.35,140.53,stop,-0.21000000000000796,-0.0014962593516210044,-14.962593516210044,0.18000000000000682,-1.1666666666666667
2008-06-02,-1,575,757,139.71,138.32999999999984,139.72,138.31999999999985,target,1.380000000000166,0.009876896650444932,98.76896650444932,0.14000000000001478,9.857142857143002
2008-06-03,-1,575,601,139.10000000000002,139.35000000000002,139.11,139.33,stop,-0.25,-0.0017971389547839836,-17.971389547839838,0.21999999999999886,-1.1363636363636422
2008-06-04,-1,575,575,137.75,137.89000000000001,137.76,137.87,stop,-0.14000000000001478,-0.0010162601626017335,-10.162601626017334,0.11000000000001364,-1.2727272727272492
2008-06-05,-1,575,580,138.4,138.64000000000001,138.41,138.62,stop,-0.2400000000000091,-0.001733978758760271,-17.33978758760271,0.21000000000000796,-1.1428571428571428
2008-06-06,-1,575,586,139.39000000000001,139.68,139.4,139.66,stop,-0.28999999999999204,-0.002080344332855036,-20.80344332855036,0.2599999999999909,-1.1153846153846239
2008-06-09,-1,575,597,136.70000000000002,137.02,136.71,137.0,stop,-0.3199999999999932,-0.0023407212347304014,-23.407212347304014,0.28999999999999204,-1.1034482758620758
2008-06-10,-1,575,577,135.54000000000002,135.79000000000002,135.55,135.77,stop,-0.25,-0.0018443378827001104,-18.443378827001105,0.21999999999999886,-1.1363636363636422
2008-06-11,-1,575,579,135.92000000000002,136.04000000000002,135.93,136.02,stop,-0.12000000000000455,-0.00088280732730085,-8.828073273008501,0.09000000000000341,-1.3333333333333333
2008-06-12,1,575,844,134.85999999999999,134.51,134.85,134.53,stop,-0.3499999999999943,-0.0025954764553206846,-25.954764553206847,0.3199999999999932,-1.0937500000000056
2008-06-13,-1,575,602,135.04000000000002,135.39000000000001,135.05,135.37,stop,-0.3499999999999943,-0.0025916327286189876,-25.916327286189876,0.3199999999999932,-1.0937500000000056
2008-06-16,1,575,959,135.73999999999998,136.43,135.73,136.44,eod,0.6900000000000261,0.0050836218964121875,50.836218964121876,0.2699999999999818,2.5555555555558245
2008-06-17,1,575,575,137.09,136.89,137.08,136.91,stop,-0.20000000000001705,-0.001459002042602984,-14.59002042602984,0.17000000000001592,-1.1764705882352844
2008-06-18,-1,575,576,134.61,134.81,134.62,134.79,stop,-0.19999999999998863,-0.0014856633486851035,-14.856633486851035,0.1699999999999875,-1.1764705882353137
2008-06-19,1,575,584,134.45,134.13,134.44,134.15,stop,-0.3199999999999932,-0.0023802439750073875,-23.802439750073876,0.28999999999999204,-1.1034482758620758
2008-06-23,-1,575,580,131.79000000000002,132.18,131.8,132.16,stop,-0.38999999999998636,-0.0029590288315628705,-29.590288315628705,0.3599999999999852,-1.08333333333334
2008-06-24,1,575,583,131.2,130.95,131.19,130.97,stop,-0.25,-0.0019056330512996417,-19.056330512996418,0.21999999999999886,-1.1363636363636422
2008-06-25,-1,575,578,131.68,131.89000000000001,131.69,131.87,stop,-0.21000000000000796,-0.001594654111929592,-15.946541119295919,0.18000000000000682,-1.1666666666666667
2008-06-26,1,575,590,130.64,130.29,130.63,130.31,stop,-0.3499999999999943,-0.0026793232794916507,-26.793232794916506,0.3199999999999932,-1.0937500000000056
2008-06-27,1,575,577,128.47,128.26,128.46,128.28,stop,-0.21000000000000796,-0.0016347501167679273,-16.347501167679273,0.18000000000000682,-1.1666666666666667
2008-06-30,1,575,596,127.99000000000001,127.74000000000001,127.98,127.76,stop,-0.25,-0.0019534302234724176,-19.534302234724176,0.21999999999999886,-1.1363636363636422
2008-07-01,1,575,735,126.78,126.46000000000001,126.77,126.48,stop,-0.3199999999999932,-0.0025242565275695604,-25.242565275695604,0.28999999999999204,-1.1034482758620758
2008-07-02,1,575,591,128.94,128.76,128.93,128.78,stop,-0.18000000000000682,-0.001396106414333412,-13.96106414333412,0.15000000000000568,-1.2
2008-07-07,1,575,616,127.05000000000001,126.72,127.04,126.74,stop,-0.3300000000000125,-0.0025976070528968237,-25.976070528968236,0.30000000000001137,-1.1
2008-07-08,-1,575,577,124.67,125.14999999999999,124.68,125.13,stop,-0.47999999999998977,-0.0038498556304137773,-38.49855630413777,0.44999999999998863,-1.0666666666666709
2008-07-09,1,575,577,127.63000000000001,127.45,127.62,127.47,stop,-0.18000000000000682,-0.0014104372355430717,-14.104372355430716,0.15000000000000568,-1.2
2008-07-10,1,575,578,124.75,124.38000000000001,124.74,124.4,stop,-0.36999999999999034,-0.002966169632836222,-29.661696328362222,0.3399999999999892,-1.0882352941176532
2008-07-11,-1,575,586,123.39,124.03999999999999,123.4,124.02,stop,-0.6499999999999915,-0.00526742301458664,-52.6742301458664,0.6199999999999903,-1.0483870967741962
2008-07-14,-1,575,959,125.17,122.83,125.18,122.82,eod,2.3400000000000034,0.01869308196197478,186.9308196197478,0.3199999999999932,7.312500000000167
2008-07-15,-1,575,600,121.71,120.63000000000001,121.72,120.62,target,1.079999999999984,0.008872822872165495,88.72822872165494,0.10999999999999943,9.818181818181724
2008-07-16,1,575,582,121.9,121.4,121.89,121.42,stop,-0.5,-0.004102059233735335,-41.02059233735335,0.46999999999999886,-1.0638297872340452
2008-07-17,1,575,605,125.25,124.94,125.24,124.96,stop,-0.3100000000000023,-0.0024752475247524935,-24.752475247524934,0.28000000000000114,-1.1071428571428608
2008-07-18,-1,575,580,125.8,126.27,125.81,126.25,stop,-0.46999999999999886,-0.003735792067403218,-37.35792067403218,0.4399999999999977,-1.068181818181821
2008-07-21,-1,575,576,126.39,126.58999999999999,126.4,126.57,stop,-0.19999999999998863,-0.0015822784810125682,-15.822784810125682,0.1699999999999875,-1.1764705882353137
2008-07-22,-1,575,593,125.03999999999999,125.22999999999999,125.05,125.21,stop,-0.18999999999999773,-0.0015193922431027407,-15.193922431027406,0.1599999999999966,-1.187500000000011
2008-07-23,-1,575,586,127.72999999999999,128.03,127.74,128.01,stop,-0.30000000000001137,-0.0023485204321278485,-23.485204321278484,0.269999999999996,-1.1111111111111696
2008-07-24,-1,575,959,127.99999999999999,125.44000000000001,128.01,125.43,eod,2.559999999999974,0.019998437622060574,199.98437622060575,0.4000000000000057,6.399999999999844
2008-07-25,-1,575,596,125.63,125.95,125.64,125.93,stop,-0.3200000000000074,-0.0025469595670169322,-25.469595670169323,0.29000000000000625,-1.1034482758620707
2008-07-28,1,575,647,125.65,125.41000000000001,125.64,125.43,stop,-0.23999999999999488,-0.0019102196752626144,-19.102196752626142,0.20999999999999375,-1.1428571428571526
2008-07-29,1,575,578,124.19000000000001,123.95,124.18,123.97,stop,-0.2400000000000091,-0.0019326783701079811,-19.326783701079812,0.21000000000000796,-1.1428571428571428
2008-07-30,1,575,754,127.39,126.93,127.38,126.95,stop,-0.45999999999999375,-0.003611241953210816,-36.11241953210816,0.4299999999999926,-1.069767441860469
2008-07-31,1,575,739,127.54,127.22,127.53,127.24,stop,-0.3200000000000074,-0.0025092135183878883,-25.092135183878884,0.29000000000000625,-1.1034482758620707
2008-08-01,-1,575,959,126.8,126.12,126.81,126.11,eod,0.6799999999999926,0.005362353126724963,53.62353126724963,0.46999999999999886,1.4468085106382857
2008-08-04,-1,575,886,125.67999999999999,126.14,125.69,126.12,stop,-0.46000000000000796,-0.003659797915506468,-36.597979155064685,0.4300000000000068,-1.0697674418604666
2008-08-05,1,575,587,126.12,125.89,126.11,125.91,stop,-0.23000000000000398,-0.001823804615018666,-18.238046150186662,0.20000000000000284,-1.1500000000000035
2008-08-06,1,575,576,128.23,127.98,128.22,128.0,stop,-0.2499999999999858,-0.0019497738262360459,-19.497738262360457,0.21999999999999886,-1.1363636363635776
2008-08-07,-1,575,592,127.75,128.12,127.76,128.1,stop,-0.37000000000000455,-0.002896055103318758,-28.960551033187578,0.3399999999999892,-1.088235294117695
2008-08-08,1,575,808,126.64,129.23000000000008,126.63,129.24000000000007,target,2.5900000000000745,0.02045328911000612,204.5328911000612,0.25,10.360000000000298
2008-08-11,-1,575,575,129.35000000000002,129.51000000000002,129.36,129.49,stop,-0.1599999999999966,-0.001236858379715496,-12.36858379715496,0.12999999999999545,-1.2307692307692475
2008-08-12,-1,575,586,130.05,130.36,130.06,130.34,stop,-0.3100000000000023,-0.002383515300630496,-23.83515300630496,0.28000000000000114,-1.1071428571428608
2008-08-13,1,575,579,128.85999999999999,128.57,128.85,128.59,stop,-0.28999999999999204,-0.00225067908420638,-22.5067908420638,0.2599999999999909,-1.1153846153846239
2008-08-14,1,575,679,127.95,129.82999999999998,127.94,129.83999999999997,target,1.8799999999999812,0.014694387994372216,146.94387994372215,0.18999999999999773,9.894736842105283
2008-08-15,1,575,602,130.17,129.82999999999998,130.16,129.85,stop,-0.3400000000000034,-0.002612169637369418,-26.121696373694178,0.3100000000000023,-1.0967741935483901
2008-08-18,-1,575,863,130.25,127.96000000000011,130.26,127.9500000000001,target,2.2899999999998926,0.017580224167049692,175.80224167049693,0.21999999999999886,10.409090909090475
2008-08-19,-1,575,576,127.33999999999999,127.56,127.35,127.54,stop,-0.22000000000001307,-0.0017275225755792154,-17.275225755792153,0.19000000000001194,-1.1578947368421013
2008-08-20,-1,575,645,127.08999999999999,127.42,127.1,127.4,stop,-0.3300000000000125,-0.002596380802517801,-25.96380802517801,0.30000000000001137,-1.1
2008-08-21,1,575,959,126.82000000000001,127.97999999999999,126.81,127.99,eod,1.1599999999999824,0.009147543569119015,91.47543569119016,0.21000000000000796,5.523809523809231
2008-08-22,1,575,579,128.88,128.54,128.87,128.56,stop,-0.3400000000000034,-0.00263831768448827,-26.3831768448827,0.3100000000000023,-1.0967741935483901
2008-08-25,-1,575,688,128.68,128.86,128.69,128.84,stop,-0.18000000000000682,-0.0013987100784832297,-13.987100784832297,0.15000000000000568,-1.2
2008-08-26,-1,575,582,126.64999999999999,127.16,126.66,127.14,stop,-0.5100000000000051,-0.004026527711984882,-40.26527711984882,0.480000000000004,-1.0625000000000018
2008-08-27,-1,575,576,127.47,127.63,127.48,127.61,stop,-0.1599999999999966,-0.0012550988390335471,-12.55098839033547,0.12999999999999545,-1.2307692307692475
2008-08-28,1,575,590,129.38,129.09,129.37,129.11,stop,-0.28999999999999204,-0.00224163252686088,-22.416325268608798,0.2599999999999909,-1.1153846153846239
2008-08-29,1,575,579,129.79,129.6,129.78,129.62,stop,-0.18999999999999773,-0.0014640160271228058,-14.640160271228059,0.1599999999999966,-1.187500000000011
2008-09-02,1,575,622,130.17,129.98999999999998,130.16,130.01,stop,-0.18000000000000682,-0.0013829133374309067,-13.829133374309068,0.15000000000000568,-1.2
2008-09-03,1,575,576,127.91000000000001,127.79,127.9,127.81,stop,-0.12000000000000455,-0.0009382329945270097,-9.382329945270097,0.09000000000000341,-1.3333333333333333
2008-09-04,-1,575,575,126.88,127.03999999999999,126.89,127.02,stop,-0.1599999999999966,-0.0012609346678224965,-12.609346678224965,0.12999999999999545,-1.2307692307692475
2008-09-05,1,575,576,123.35000000000001,123.17,123.34,123.19,stop,-0.18000000000000682,-0.001459380574023081,-14.59380574023081,0.15000000000000568,-1.2
2008-09-08,-1,575,637,127.97999999999999,125.49999999999986,127.99,125.48999999999985,target,2.480000000000132,0.019376513790140885,193.76513790140885,0.2500000000000142,9.919999999999964
2008-09-09,-1,575,588,126.61999999999999,127.14,126.63,127.12,stop,-0.5200000000000102,-0.004106451867645978,-41.064518676459784,0.4900000000000091,-1.0612244897959195
2008-09-10,-1,575,589,123.58999999999999,123.92,123.6,123.9,stop,-0.3300000000000125,-0.0026699029126214606,-26.699029126214608,0.30000000000001137,-1.1
2008-09-11,-1,575,576,122.05,122.21,122.06,122.19,stop,-0.1599999999999966,-0.001310830738980801,-13.10830738980801,0.12999999999999545,-1.2307692307692475
2008-09-12,1,575,577,124.43,124.21000000000001,124.42,124.23,stop,-0.21999999999999886,-0.0017682044687349209,-17.682044687349208,0.18999999999999773,-1.157894736842113
2008-09-15,1,575,882,122.2,121.67,122.19,121.69,stop,-0.5300000000000011,-0.004337507160978813,-43.37507160978813,0.5,-1.0600000000000023
2008-09-16,1,575,959,118.03,121.86999999999999,118.02,121.88,eod,3.839999999999989,0.03253685815963387,325.3685815963387,1.019999999999996,3.764705882352945
2008-09-17,-1,575,581,119.32,119.75,119.33,119.73,stop,-0.4300000000000068,-0.0036034526104081694,-36.03452610408169,0.4000000000000057,-1.0750000000000017
2008-09-18,1,575,584,118.08,117.83,118.07,117.85,stop,-0.25,-0.00211738799017532,-21.1738799017532,0.21999999999999886,-1.1363636363636422
2008-09-19,-1,575,959,126.58,125.05000000000001,126.59,125.04,eod,1.529999999999987,0.01208626273797288,120.86262737972879,1.4099999999999966,1.0851063829787169
2008-09-22,-1,575,959,124.33999999999999,120.61,124.35,120.6,eod,3.7299999999999898,0.029995979091274546,299.95979091274546,0.4000000000000057,9.324999999999841
2008-09-23,-1,575,584,120.80999999999999,121.22999999999999,120.82,121.21,stop,-0.4200000000000017,-0.003476245654692946,-34.76245654692946,0.39000000000000057,-1.0769230769230798
2008-09-24,-1,575,579,118.80999999999999,119.3,118.82,119.28,stop,-0.4900000000000091,-0.004123884867867439,-41.23884867867439,0.46000000000000796,-1.0652173913043492
2008-09-25,-1,575,582,119.53999999999999,119.67999999999999,119.55,119.66,stop,-0.14000000000000057,-0.0011710581346716902,-11.710581346716902,0.10999999999999943,-1.2727272727272845
2008-09-26,-1,575,579,118.58999999999999,119.19,118.6,119.17,stop,-0.6000000000000085,-0.005059021922428402,-50.59021922428402,0.5700000000000074,-1.0526315789473697
2008-09-29,-1,575,823,118.86,114.06999999999996,118.87,114.05999999999996,target,4.790000000000035,0.0402961218137464,402.961218137464,0.46999999999999886,10.191489361702226
2008-09-30,-1,575,608,113.24,113.78,113.25,113.76,stop,-0.5400000000000063,-0.004768211920529857,-47.68211920529857,0.5100000000000051,-1.0588235294117663
2008-10-01,-1,575,586,114.85,115.39999999999999,114.86,115.38,stop,-0.5499999999999972,-0.004788438098554737,-47.884380985547374,0.519999999999996,-1.0576923076923104
2008-10-02,-1,575,667,114.88,112.70000000000002,114.89,112.69000000000001,target,2.1799999999999784,0.018974671424840963,189.74671424840963,0.21999999999999886,9.909090909090862
2008-10-03,1,575,672,113.26,112.78,113.25,112.8,stop,-0.480000000000004,-0.004238410596026526,-42.38410596026526,0.45000000000000284,-1.0666666666666689
2008-10-06,1,575,595,107.36,106.55,107.35,106.57,stop,-0.8100000000000023,-0.007545412203074078,-75.45412203074078,0.7800000000000011,-1.0384615384615399
2008-10-07,-1,575,580,106.22999999999999,107.03999999999999,106.24,107.02,stop,-0.8100000000000023,-0.007624246987951829,-76.2424698795183,0.7800000000000011,-1.0384615384615399
2008-10-08,1,575,959,98.41000000000001,98.39,98.4,98.4,eod,-0.020000000000010232,-0.00020325203252042918,-2.032520325204292,1.5900000000000034,-0.012578616352207667
2008-10-09,-1,575,581,99.71,99.97,99.72,99.95,stop,-0.2600000000000051,-0.0026073004412355107,-26.073004412355107,0.23000000000000398,-1.1304347826086982
2008-10-10,-1,575,583,85.97999999999999,88.02,85.99,88.0,stop,-2.0400000000000063,-0.02372368880102345,-237.23688801023448,2.010000000000005,-1.0149253731343288
2008-10-13,1,575,575,93.88000000000001,93.73,93.87,93.75,stop,-0.15000000000000568,-0.0015979546180889068,-15.979546180889068,0.12000000000000455,-1.25
2008-10-14,-1,575,959,104.47999999999999,99.94000000000001,104.49,99.93,eod,4.539999999999978,0.043449133888410166,434.49133888410165,1.0400000000000063,4.365384615384568
2008-10-15,-1,575,948,97.27,92.2000000000001,97.28,92.1900000000001,target,5.069999999999894,0.05211759868420943,521.1759868420943,0.519999999999996,9.74999999999987
2008-10-16,-1,575,580,90.21,91.67,90.22,91.65,stop,-1.460000000000008,-0.016182664597650276,-161.82664597650276,1.4300000000000068,-1.0209790209790217
2008-10-17,1,575,775,92.12,96.69999999999993,92.11,96.70999999999994,target,4.579999999999927,0.04972315709477719,497.2315709477719,0.45999999999999375,9.956521739130412
2008-10-20,1,575,577,95.47,94.88000000000001,95.46,94.9,stop,-0.5899999999999892,-0.006180599203854905,-61.80599203854905,0.5599999999999881,-1.0535714285714317
2008-10-21,1,575,716,97.11,96.60000000000001,97.1,96.62,stop,-0.5099999999999909,-0.005252317198764067,-52.52317198764067,0.47999999999998977,-1.0625000000000038
2008-10-22,1,575,576,93.48,92.98,93.47,93.0,stop,-0.5,-0.005349309939017867,-53.49309939017867,0.46999999999999886,-1.0638297872340452
2008-10-23,1,575,579,90.83,90.19,90.82,90.21,stop,-0.6400000000000006,-0.007046905967848498,-70.46905967848498,0.6099999999999994,-1.0491803278688543
2008-10-24,1,575,959,85.48,87.61999999999999,85.47,87.63,eod,2.1399999999999864,0.02503802503802488,250.3802503802488,1.6599999999999966,1.2891566265060186
2008-10-27,-1,575,579,85.8,86.7,85.81,86.68,stop,-0.9000000000000057,-0.010488288078312617,-104.88288078312617,0.8700000000000045,-1.0344827586206908
2008-10-28,1,575,575,87.5,87.31,87.49,87.33,stop,-0.18999999999999773,-0.0021716767630586093,-21.716767630586094,0.1599999999999966,-1.187500000000011
2008-10-29,-1,575,581,93.52,93.82,93.53,93.8,stop,-0.29999999999999716,-0.003207526996685525,-32.07526996685525,0.269999999999996,-1.111111111111117
2008-10-30,1,575,578,95.98,95.57000000000001,95.97,95.59,stop,-0.4099999999999966,-0.004272168385953908,-42.721683859539084,0.37999999999999545,-1.0789473684210567
2008-10-31,-1,575,600,95.03999999999999,95.5,95.05,95.48,stop,-0.46000000000000796,-0.004839558127301504,-48.39558127301504,0.4300000000000068,-1.0697674418604666
2008-11-03,-1,575,576,96.64999999999999,96.96,96.66,96.94,stop,-0.3100000000000023,-0.0032071177322574207,-32.07117732257421,0.28000000000000114,-1.1071428571428608
2008-11-04,-1,575,619,98.78999999999999,99.11,98.8,99.09,stop,-0.3200000000000074,-0.0032388663967612085,-32.38866396761208,0.29000000000000625,-1.1034482758620707
2008-11-05,-1,575,603,98.86,99.41,98.87,99.39,stop,-0.5499999999999972,-0.005562860321634441,-55.62860321634441,0.519999999999996,-1.0576923076923104
2008-11-06,1,575,590,95.05000000000001,94.37,95.04,94.39,stop,-0.6800000000000068,-0.007154882154882226,-71.54882154882226,0.6500000000000057,-1.0461538461538475
2008-11-07,1,575,579,91.99000000000001,91.42,91.98,91.44,stop,-0.5700000000000074,-0.0061969993476843595,-61.9699934768436,0.5400000000000063,-1.055555555555557
2008-11-10,1,575,575,95.39,95.03,95.38,95.05,stop,-0.35999999999999943,-0.0037743761794925505,-37.743761794925504,0.3299999999999983,-1.0909090909090948
2008-11-11,-1,575,860,90.27,90.97,90.28,90.95,stop,-0.7000000000000028,-0.007753655294638933,-77.53655294638934,0.6700000000000017,-1.0447761194029868
2008-11-12,1,575,585,88.31,87.97,88.3,87.99,stop,-0.3400000000000034,-0.0038505096262741044,-38.50509626274104,0.3100000000000023,-1.0967741935483901
2008-11-13,1,575,580,86.49000000000001,86.07000000000001,86.48,86.09,stop,-0.4200000000000017,-0.004856614246068475,-48.56614246068475,0.39000000000000057,-1.0769230769230798
2008-11-14,1,575,615,89.80000000000001,89.28,89.79,89.3,stop,-0.5200000000000102,-0.005791290789620339,-57.912907896203386,0.4900000000000091,-1.0612244897959195
2008-11-17,-1,575,576,85.99,86.58,86.0,86.56,stop,-0.5900000000000034,-0.006860465116279109,-68.60465116279109,0.5600000000000023,-1.0535714285714304
2008-11-18,-1,575,575,85.03999999999999,85.31,85.05,85.29,stop,-0.27000000000001023,-0.003174603174603295,-31.74603174603295,0.2400000000000091,-1.125
2008-11-19,1,575,576,86.06,85.85000000000001,86.05,85.87,stop,-0.20999999999999375,-0.0024404416037186955,-24.404416037186955,0.1799999999999926,-1.1666666666666798
2008-11-20,1,575,576,80.28,79.96000000000001,80.27,79.98,stop,-0.3199999999999932,-0.003986545409243717,-39.865454092437176,0.28999999999999204,-1.1034482758620758
2008-11-21,-1,575,587,77.33999999999999,77.5,77.35,77.48,stop,-0.1600000000000108,-0.0020685197155786788,-20.68519715578679,0.13000000000000966,-1.2307692307692224
2008-11-24,-1,575,600,81.78,82.27,81.79,82.25,stop,-0.4899999999999949,-0.00599095243917343,-59.9095243917343,0.45999999999999375,-1.0652173913043512
2008-11-25,-1,575,959,86.94,86.06,86.95,86.05,eod,0.8799999999999955,0.010120759056929217,101.20759056929217,0.5600000000000023,1.571428571428557
2008-11-26,1,575,896,84.64,88.52,84.63,88.53,target,3.8799999999999955,0.04584662649178773,458.4662649178773,0.39000000000000057,9.948717948717922
2008-12-01,-1,575,959,86.75999999999999,82.10000000000001,86.77,82.09,eod,4.659999999999982,0.053705197648956815,537.0519764895681,0.7800000000000011,5.974358974358943
2008-12-02,-1,575,609,82.99,83.57,83.0,83.55,stop,-0.5799999999999983,-0.006987951807228895,-69.87951807228895,0.5499999999999972,-1.054545454545457
2008-12-03,1,575,600,83.56,83.12,83.55,83.14,stop,-0.4399999999999977,-0.005266307600239351,-52.66307600239351,0.4099999999999966,-1.0731707317073205
2008-12-04,1,575,902,86.48,85.91000000000001,86.47,85.93,stop,-0.5699999999999932,-0.006591881577425618,-65.91881577425617,0.539999999999992,-1.0555555555555585
2008-12-05,1,575,589,84.18,83.52000000000001,84.17,83.54,stop,-0.6599999999999966,-0.00784127361292618,-78.4127361292618,0.6299999999999955,-1.0476190476190497
2008-12-08,-1,575,577,90.22,90.46,90.23,90.44,stop,-0.23999999999999488,-0.002659869223096474,-26.59869223096474,0.20999999999999375,-1.1428571428571526
2008-12-09,-1,575,577,90.1,90.39,90.11,90.37,stop,-0.29000000000000625,-0.0032182887581845105,-32.18288758184511,0.2600000000000051,-1.1153846153846174
2008-12-10,1,575,580,90.5,90.05,90.49,90.07,stop,-0.45000000000000284,-0.004972925185103358,-49.72925185103358,0.4200000000000017,-1.0714285714285738
2008-12-11,-1,575,579,89.19999999999999,89.67999999999999,89.21,89.66,stop,-0.480000000000004,-0.005380562717184218,-53.805627171842175,0.45000000000000284,-1.0666666666666689
2008-12-12,1,575,959,85.83,88.44,85.82,88.45,eod,2.6099999999999994,0.030412491260778367,304.1249126077837,0.6199999999999903,4.209677419354904
2008-12-15,-1,575,959,88.82,87.51,88.83,87.5,eod,1.309999999999988,0.014747270066418868,147.4727006641887,0.3200000000000074,4.0937499999998685
2008-12-16,1,575,959,88.58,91.83,88.57,91.84,eod,3.25,0.036694140228068196,366.941402280682,0.38999999999998636,8.333333333333625
2008-12-17,-1,575,577,90.46,90.92,90.47,90.9,stop,-0.46000000000000796,-0.005084558417154946,-50.84558417154946,0.4300000000000068,-1.0697674418604666
2008-12-18,-1,575,575,91.17999999999999,91.42999999999999,91.19,91.41,stop,-0.25,-0.002741528676389955,-27.415286763899548,0.21999999999999886,-1.1363636363636422
2008-12-19,1,575,580,89.56,88.94,89.55,88.96,stop,-0.6200000000000045,-0.006923506420993909,-69.2350642099391,0.5900000000000034,-1.0508474576271203
2008-12-22,-1,575,959,88.25,86.96000000000001,88.26,86.95,eod,1.289999999999992,0.01461590754588706,146.1590754588706,0.4099999999999966,3.146341463414641
2008-12-23,1,575,576,87.71000000000001,87.45,87.7,87.47,stop,-0.2600000000000051,-0.0029646522234892257,-29.646522234892256,0.23000000000000398,-1.1304347826086982
2008-12-26,-1,575,959,87.19,87.14,87.2,87.13,eod,0.04999999999999716,0.0005733944954128114,5.7339449541281144,0.09999999999999432,0.5
2008-12-29,-1,575,959,87.08,86.9,87.09,86.89,eod,0.1799999999999926,0.0020668274199103524,20.668274199103525,0.23999999999999488,0.7499999999999852
2008-12-30,-1,575,622,87.36,87.69,87.37,87.67,stop,-0.3299999999999983,-0.0037770401739727396,-37.7704017397274,0.29999999999999716,-1.1000000000000048
2008-12-31,1,575,959,89.2,90.22999999999999,89.19,90.24,eod,1.029999999999987,0.011548379863213219,115.48379863213219,0.3199999999999932,3.218750000000028
2009-01-02,-1,575,580,90.38,90.67,90.39,90.65,stop,-0.29000000000000625,-0.0032083195043700217,-32.083195043700215,0.2600000000000051,-1.1153846153846174
2009-01-05,-1,575,576,92.35,92.64999999999999,92.36,92.63,stop,-0.29999999999999716,-0.003248159376353369,-32.48159376353369,0.269999999999996,-1.111111111111117
2009-01-06,1,575,577,93.71000000000001,93.55,93.7,93.57,stop,-0.1600000000000108,-0.0017075773745999017,-17.07577374599902,0.13000000000000966,-1.2307692307692224
2009-01-07,-1,575,575,91.96,92.03999999999999,91.97,92.02,stop,-0.0799999999999983,-0.0008698488637599032,-8.698488637599032,0.04999999999999716,-1.600000000000057
2009-01-08,-1,575,583,90.11,90.38,90.12,90.36,stop,-0.269999999999996,-0.0029960053262316467,-29.960053262316467,0.23999999999999488,-1.1250000000000073
2009-01-09,-1,575,959,90.88,89.02000000000001,90.89,89.01,eod,1.8599999999999852,0.020464297502475356,204.64297502475355,0.4299999999999926,4.325581395348877
2009-01-12,-1,575,959,88.61999999999999,87.01,88.63,87.0,eod,1.6099999999999852,0.018165406747150913,181.65406747150914,0.28000000000000114,5.749999999999924
2009-01-13,-1,575,576,86.50999999999999,86.83999999999999,86.52,86.82,stop,-0.3299999999999983,-0.0038141470180304937,-38.141470180304935,0.29999999999999716,-1.1000000000000048
2009-01-14,1,575,577,85.61,85.4,85.6,85.42,stop,-0.20999999999999375,-0.0024532710280373102,-24.532710280373102,0.1799999999999926,-1.1666666666666798
2009-01-15,-1,575,869,83.89999999999999,84.31,83.91,84.29,stop,-0.4100000000000108,-0.004886187581933152,-48.86187581933152,0.38000000000000966,-1.0789473684210535
2009-01-16,-1,575,584,85.75999999999999,85.97999999999999,85.77,85.96,stop,-0.21999999999999886,-0.002564999417045574,-25.649994170455738,0.18999999999999773,-1.157894736842113
2009-01-20,1,575,577,84.27000000000001,84.07000000000001,84.26,84.09,stop,-0.20000000000000284,-0.0023736055067648094,-23.736055067648092,0.1700000000000017,-1.176470588235299
2009-01-21,1,575,575,82.01,81.78,82.0,81.8,stop,-0.23000000000000398,-0.0028048780487805363,-28.048780487805363,0.20000000000000284,-1.1500000000000035
2009-01-22,1,575,585,82.68,82.22,82.67,82.24,stop,-0.46000000000000796,-0.00556429176242903,-55.642917624290305,0.4300000000000068,-1.0697674418604666
2009-01-23,-1,575,577,80.78,81.16,80.79,81.14,stop,-0.37999999999999545,-0.004703552419853886,-47.03552419853886,0.3499999999999943,-1.0857142857142903
2009-01-26,1,575,841,83.7,83.41000000000001,83.69,83.43,stop,-0.28999999999999204,-0.003465169076353113,-34.651690763531136,0.2599999999999909,-1.1153846153846239
2009-01-27,1,575,605,84.23,83.97,84.22,83.99,stop,-0.2600000000000051,-0.003087152695321837,-30.87152695321837,0.23000000000000398,-1.1304347826086982
2009-01-28,-1,575,576,86.24,86.44,86.25,86.42,stop,-0.20000000000000284,-0.002318840579710178,-23.18840579710178,0.1700000000000017,-1.176470588235299
2009-01-29,1,575,578,86.30000000000001,86.02000000000001,86.29,86.04,stop,-0.28000000000000114,-0.0032448719434465304,-32.4487194344653,0.25,-1.1200000000000045
2009-01-30,1,575,582,85.01,84.76,85.0,84.78,stop,-0.25,-0.0029411764705882353,-29.41176470588235,0.21999999999999886,-1.1363636363636422
2009-02-02,-1,575,576,81.39,81.7,81.4,81.68,stop,-0.3100000000000023,-0.003808353808353836,-38.083538083538365,0.28000000000000114,-1.1071428571428608
2009-02-03,-1,575,667,82.91,83.25999999999999,82.92,83.24,stop,-0.3499999999999943,-0.004220935841775136,-42.20935841775136,0.3199999999999932,-1.0937500000000056
2009-02-04,-1,575,580,83.99,84.33999999999999,84.0,84.32,stop,-0.3499999999999943,-0.004166666666666599,-41.66666666666599,0.3199999999999932,-1.0937500000000056
2009-02-05,1,575,575,82.73,82.65,82.72,82.67,stop,-0.0799999999999983,-0.0009671179883945635,-9.671179883945635,0.04999999999999716,-1.600000000000057
2009-02-06,1,575,959,85.17,86.94999999999999,85.16,86.96,eod,1.779999999999987,0.020901831845936907,209.01831845936906,0.47999999999998977,3.708333333333385
2009-02-09,-1,575,588,86.75,87.11,86.76,87.09,stop,-0.35999999999999943,-0.004149377593360989,-41.49377593360989,0.3299999999999983,-1.0909090909090948
2009-02-10,1,575,620,86.36,86.15,86.35,86.17,stop,-0.20999999999999375,-0.0024319629415170095,-24.319629415170095,0.1799999999999926,-1.1666666666666798
2009-02-11,-1,575,577,83.28,83.66,83.29,83.64,stop,-0.37999999999999545,-0.004562372433665451,-45.62372433665451,0.3499999999999943,-1.0857142857142903
2009-02-12,-1,575,645,81.85,82.24,81.86,82.22,stop,-0.39000000000000057,-0.004764231614952365,-47.64231614952365,0.35999999999999943,-1.0833333333333366
2009-02-13,1,575,576,83.65,83.48,83.64,83.5,stop,-0.1700000000000017,-0.002032520325203272,-20.325203252032722,0.14000000000000057,-1.2142857142857215
2009-02-17,1,575,579,80.42,80.08,80.41,80.1,stop,-0.3400000000000034,-0.004228329809725201,-42.283298097252015,0.3100000000000023,-1.0967741935483901
2009-02-18,-1,575,729,79.53,79.85,79.54,79.83,stop,-0.3199999999999932,-0.004023133014835217,-40.23133014835217,0.28999999999999204,-1.1034482758620758
2009-02-19,-1,575,576,79.8,80.0094,79.81,79.9894,stop,-0.20940000000000225,-0.002623731361984742,-26.23731361984742,0.17940000000000111,-1.1672240802675637
2009-02-20,1,575,674,76.83,76.68,76.82,76.7,stop,-0.14999999999999147,-0.0019526165061180877,-19.526165061180876,0.11999999999999034,-1.2500000000000295
2009-02-23,-1,575,923,77.94,74.76000000000008,77.95,74.75000000000007,target,3.1799999999999216,0.04079538165490598,407.9538165490598,0.3199999999999932,9.937499999999966
2009-02-24,1,575,600,75.39,75.13000000000001,75.38,75.15,stop,-0.2599999999999909,-0.0034491907667815193,-34.49190766781519,0.22999999999998977,-1.1304347826087064
2009-02-25,1,575,579,77.29,77.03,77.28,77.05,stop,-0.2600000000000051,-0.0033643892339545174,-33.643892339545175,0.23000000000000398,-1.1304347826086982
2009-02-26,1,575,578,78.0,77.65,77.99,77.67,stop,-0.3499999999999943,-0.004487754840364077,-44.87754840364077,0.3199999999999932,-1.0937500000000056
2009-02-27,-1,575,576,74.0,74.28999999999999,74.01,74.27,stop,-0.28999999999999204,-0.003918389406836806,-39.18389406836806,0.2599999999999909,-1.1153846153846239
2009-03-02,-1,575,578,72.24,72.53999999999999,72.25,72.52,stop,-0.29999999999999716,-0.004152249134948057,-41.522491349480575,0.269999999999996,-1.111111111111117
2009-03-03,-1,575,959,71.42,70.05000000000001,71.43,70.04,eod,1.3699999999999903,0.01917961640767171,191.79616407671708,0.269999999999996,5.0740740740741135
2009-03-04,-1,575,576,71.17999999999999,71.36999999999999,71.19,71.35,stop,-0.18999999999999773,-0.00266891417333892,-26.689141733389203,0.1599999999999966,-1.187500000000011
2009-03-05,1,575,622,70.19000000000001,69.96000000000001,70.18,69.98,stop,-0.23000000000000398,-0.0032772869763465938,-32.77286976346594,0.20000000000000284,-1.1500000000000035
2009-03-06,-1,575,578,69.11,69.5,69.12,69.48,stop,-0.39000000000000057,-0.005642361111111119,-56.423611111111185,0.35999999999999943,-1.0833333333333366
2009-03-09,1,575,914,68.36,67.93,68.35,67.95,stop,-0.4299999999999926,-0.006291148500365657,-62.911485003656566,0.3999999999999915,-1.0750000000000044
2009-03-10,1,575,959,69.68,72.22,69.67,72.23,eod,2.539999999999992,0.036457585761446705,364.57585761446705,0.29999999999999716,8.46666666666672
2009-03-11,-1,575,584,72.5,73.05,72.51,73.03,stop,-0.5499999999999972,-0.007585160667494099,-75.85160667494098,0.519999999999996,-1.0576923076923104
2009-03-12,1,575,575,72.78,72.46000000000001,72.77,72.48,stop,-0.3199999999999932,-0.004397416517795702,-43.97416517795702,0.28999999999999204,-1.1034482758620758
2009-03-13,-1,575,576,75.69999999999999,76.05,75.71,76.03,stop,-0.3500000000000085,-0.004622903183199162,-46.22903183199162,0.3200000000000074,-1.0937500000000013
2009-03-16,-1,575,578,76.78099999999999,77.14999999999999,76.791,77.13,stop,-0.3689999999999998,-0.004805250615306478,-48.05250615306478,0.33899999999999864,-1.0884955752212426
2009-03-17,1,575,578,76.14,75.92,76.13,75.94,stop,-0.21999999999999886,-0.002889793773807945,-28.897937738079452,0.18999999999999773,-1.157894736842113
2009-03-18,-1,575,583,77.67999999999999,77.83999999999999,77.69,77.82,stop,-0.1599999999999966,-0.0020594671128844975,-20.594671128844976,0.12999999999999545,-1.2307692307692475
2009-03-19,-1,575,959,80.58,78.9,80.59,78.89,eod,1.6799999999999926,0.020846258841047183,208.46258841047182,0.4099999999999966,4.097560975609772
2009-03-20,-1,575,582,78.55999999999999,78.88,78.57,78.86,stop,-0.3200000000000074,-0.004072801323660525,-40.72801323660524,0.29000000000000625,-1.1034482758620707
2009-03-23,-1,575,601,78.675,79.13,78.685,79.11,stop,-0.4549999999999983,-0.0057825506767490405,-57.8255067674904,0.42499999999999716,-1.0705882352941207
2009-03-24,1,575,581,81.30000000000001,81.01,81.29,81.03,stop,-0.29000000000000625,-0.0035674744741051325,-35.67474474105133,0.2600000000000051,-1.1153846153846174
2009-03-25,1,575,807,81.54,81.11,81.53,81.13,stop,-0.4300000000000068,-0.005274132221268328,-52.74132221268328,0.4000000000000057,-1.0750000000000017
2009-03-26,-1,575,576,82.22,82.41,82.23,82.39,stop,-0.18999999999999773,-0.0023105922412744464,-23.105922412744462,0.1599999999999966,-1.187500000000011
2009-03-27,1,575,576,82.12,81.82000000000001,82.11,81.84,stop,-0.29999999999999716,-0.00365363536719032,-36.5363536719032,0.269999999999996,-1.111111111111117
2009-03-30,-1,575,959,79.5,78.81,79.51,78.8,eod,0.6899999999999977,0.008678153691359549,86.78153691359549,0.36999999999999034,1.8648648648649073
2009-03-31,1,575,580,79.61,79.41000000000001,79.6,79.43,stop,-0.19999999999998863,-0.002512562814070209,-25.12562814070209,0.1699999999999875,-1.1764705882353137
2009-04-01,-1,575,579,78.33,78.67999999999999,78.34,78.66,stop,-0.3499999999999943,-0.004467704876180678,-44.67704876180678,0.3199999999999932,-1.0937500000000056
2009-04-02,-1,575,586,83.03,83.17999999999999,83.04,83.16,stop,-0.14999999999999147,-0.0018063583815027874,-18.063583815027872,0.11999999999999034,-1.2500000000000295
2009-04-03,1,575,587,83.53,83.3,83.52,83.32,stop,-0.23000000000000398,-0.002753831417624569,-27.53831417624569,0.20000000000000284,-1.1500000000000035
2009-04-06,-1,575,575,83.30999999999999,83.46,83.32,83.44,stop,-0.15000000000000568,-0.0018002880460874424,-18.002880460874422,0.12000000000000455,-1.25
2009-04-07,-1,575,631,81.92,82.28,81.93,82.26,stop,-0.35999999999999943,-0.00439399487367264,-43.9399487367264,0.3299999999999983,-1.0909090909090948
2009-04-08,1,575,605,82.32000000000001,82.0,82.31,82.02,stop,-0.3200000000000074,-0.0038877414651926545,-38.87741465192654,0.29000000000000625,-1.1034482758620707
2009-04-09,-1,575,590,84.55,84.75,84.56,84.73,stop,-0.20000000000000284,-0.002365184484389816,-23.651844843898157,0.1700000000000017,-1.176470588235299
2009-04-13,-1,575,610,84.85,85.06,84.86,85.04,stop,-0.21000000000000796,-0.0024746641527222243,-24.74664152722224,0.18000000000000682,-1.1666666666666667
2009-04-14,-1,575,612,84.92,85.21,84.93,85.19,stop,-0.28999999999999204,-0.003414576710231862,-34.14576710231862,0.2599999999999909,-1.1153846153846239
2009-04-15,-1,575,578,83.78,83.94,83.79,83.92,stop,-0.1599999999999966,-0.0019095357441221694,-19.095357441221694,0.12999999999999545,-1.2307692307692475
2009-04-16,-1,575,855,85.78,85.99,85.79,85.97,stop,-0.20999999999999375,-0.002447837743326655,-24.47837743326655,0.1799999999999926,-1.1666666666666798
2009-04-17,-1,575,596,86.78,86.89,86.79,86.87,stop,-0.10999999999999943,-0.0012674271229404243,-12.674271229404244,0.0799999999999983,-1.3750000000000222
2009-04-20,-1,575,959,85.42999999999999,83.42,85.44,83.41,eod,2.009999999999991,0.0235252808988763,235.25280898876298,0.21999999999999886,9.136363636363642
2009-04-21,1,575,915,82.96000000000001,85.04999999999993,82.95,85.05999999999993,target,2.089999999999918,0.025195901145267246,251.95901145267246,0.20000000000000284,10.449999999999442
2009-04-22,1,575,959,84.38000000000001,84.53,84.37,84.54,eod,0.14999999999999147,0.001777883133815236,17.77883133815236,0.30000000000001137,0.49999999999995265
2009-04-23,-1,575,581,84.53,84.92999999999999,84.54,84.91,stop,-0.3999999999999915,-0.004731488052992565,-47.31488052992565,0.36999999999999034,-1.0810810810810862
2009-04-24,-1,575,583,85.80999999999999,86.07,85.82,86.05,stop,-0.2600000000000051,-0.003029596830575683,-30.295968305756833,0.23000000000000398,-1.1304347826086982
2009-04-27,1,575,836,85.89,85.54,85.88,85.56,stop,-0.3499999999999943,-0.004075454122030675,-40.75454122030675,0.3199999999999932,-1.0937500000000056
2009-04-28,1,575,576,84.98,84.84,84.97,84.86,stop,-0.14000000000000057,-0.001647640343650707,-16.47640343650707,0.10999999999999943,-1.2727272727272845
2009-04-29,-1,575,578,86.41,86.57,86.42,86.55,stop,-0.1599999999999966,-0.0018514232816477273,-18.514232816477275,0.12999999999999545,-1.2307692307692475
2009-04-30,-1,575,581,88.14999999999999,88.6,88.16,88.58,stop,-0.45000000000000284,-0.005104355716878436,-51.04355716878435,0.4200000000000017,-1.0714285714285738
2009-05-01,-1,575,603,87.22999999999999,87.5,87.24,87.48,stop,-0.27000000000001023,-0.0030949105914719194,-30.949105914719194,0.2400000000000091,-1.125
2009-05-04,-1,575,578,88.47,88.61999999999999,88.48,88.6,stop,-0.14999999999999147,-0.0016952983725134659,-16.952983725134658,0.11999999999999034,-1.2500000000000295
2009-05-05,1,575,586,90.69000000000001,90.51,90.68,90.53,stop,-0.18000000000000682,-0.0019850022055580814,-19.850022055580816,0.15000000000000568,-1.2
2009-05-06,-1,575,839,91.57,91.75999999999999,91.58,91.74,stop,-0.18999999999999773,-0.002074688796680473,-20.74688796680473,0.1599999999999966,-1.187500000000011
2009-05-07,1,575,582,93.11,92.91000000000001,93.1,92.93,stop,-0.19999999999998863,-0.0021482277121373647,-21.482277121373645,0.1699999999999875,-1.1764705882353137
2009-05-08,1,575,576,92.16000000000001,91.93,92.15,91.95,stop,-0.23000000000000398,-0.0024959305480195763,-24.959305480195763,0.20000000000000284,-1.1500000000000035
2009-05-11,1,575,577,91.76,91.5,91.75,91.52,stop,-0.2600000000000051,-0.0028337874659401102,-28.337874659401102,0.23000000000000398,-1.1304347826086982
2009-05-12,1,575,576,91.71000000000001,91.57000000000001,91.7,91.59,stop,-0.14000000000000057,-0.0015267175572519145,-15.267175572519145,0.10999999999999943,-1.2727272727272845
2009-05-13,-1,575,615,89.55499999999999,89.77,89.565,89.75,stop,-0.2150000000000034,-0.0024004912633283472,-24.00491263328347,0.18500000000000227,-1.1621621621621663
2009-05-14,1,575,587,89.09,88.7,89.08,88.72,stop,-0.39000000000000057,-0.004378087112707685,-43.78087112707685,0.35999999999999943,-1.0833333333333366
2009-05-15,1,575,581,89.6901,89.24000000000001,89.6801,89.26,stop,-0.45009999999999195,-0.00501895069251698,-50.1895069251698,0.4200999999999908,-1.0714115686741295
2009-05-18,1,575,580,89.7,89.5,89.69,89.52,stop,-0.20000000000000284,-0.0022299029992195658,-22.299029992195656,0.1700000000000017,-1.176470588235299
2009-05-19,-1,575,576,91.11999999999999,91.25999999999999,91.13,91.24,stop,-0.14000000000000057,-0.0015362668715022559,-15.36266871502256,0.10999999999999943,-1.2727272727272845
2009-05-20,1,575,712,92.09,91.85000000000001,92.08,91.87,stop,-0.23999999999999488,-0.002606429192006895,-26.06429192006895,0.20999999999999375,-1.1428571428571526
2009-05-21,-1,575,582,89.38,89.52,89.39,89.5,stop,-0.14000000000000057,-0.0015661707126076805,-15.661707126076806,0.10999999999999943,-1.2727272727272845
2009-05-22,-1,575,621,89.36999999999999,89.56,89.38,89.54,stop,-0.19000000000001194,-0.0021257552025062874,-21.257552025062875,0.1600000000000108,-1.1874999999999944
2009-05-26,1,575,959,88.68,91.30999999999999,88.67,91.32,eod,2.6299999999999812,0.02966053907747808,296.6053907747808,0.3500000000000085,7.514285714285478
2009-05-27,-1,575,591,91.17,91.47,91.18,91.45,stop,-0.29999999999999716,-0.0032901952182495847,-32.90195218249585,0.269999999999996,-1.111111111111117
2009-05-28,1,575,596,90.48,90.3,90.47,90.32,stop,-0.18000000000000682,-0.001989609815408498,-19.896098154084978,0.15000000000000568,-1.2
2009-05-29,-1,575,580,91.19,91.46,91.2,91.44,stop,-0.269999999999996,-0.00296052631578943,-29.6052631578943,0.23999999999999488,-1.1250000000000073
2009-06-01,-1,575,583,93.535,93.75999999999999,93.545,93.74,stop,-0.22499999999999432,-0.0024052595007749674,-24.052595007749673,0.19499999999999318,-1.153846153846165
2009-06-02,-1,575,579,94.21,94.49,94.22,94.47,stop,-0.28000000000000114,-0.0029717682020802497,-29.717682020802496,0.25,-1.1200000000000045
2009-06-03,-1,575,959,94.0,93.66000000000001,94.01,93.65,eod,0.3399999999999892,0.003616636528028818,36.16636528028818,0.11999999999999034,2.8333333333334716
2009-06-04,-1,575,580,93.82,94.05,93.83,94.03,stop,-0.23000000000000398,-0.002451241607161931,-24.51241607161931,0.20000000000000284,-1.1500000000000035
2009-06-05,-1,575,959,95.36,94.54,95.37,94.53,eod,0.8199999999999932,0.00859809164307427,85.9809164307427,0.29999999999999716,2.7333333333333365
2009-06-09,-1,575,575,94.61,94.72999999999999,94.62,94.71,stop,-0.11999999999999034,-0.0012682308180087755,-12.682308180087755,0.0899999999999892,-1.3333333333333859
2009-06-10,-1,575,781,95.35,94.07000000000005,95.36,94.06000000000004,target,1.2799999999999443,0.013422818791945724,134.22818791945724,0.12999999999999545,9.846153846153761
2009-06-11,1,575,959,94.83,94.86999999999999,94.82,94.88,eod,0.03999999999999204,0.0004218519299724957,4.218519299724957,0.2599999999999909,0.15384615384612862
2009-06-12,-1,575,580,94.32,94.49,94.33,94.47,stop,-0.1700000000000017,-0.0018021838227499387,-18.021838227499387,0.14000000000000057,-1.2142857142857215
2009-06-15,-1,575,959,93.64,92.87,93.65,92.86,eod,0.769999999999996,0.008222103577148915,82.22103577148916,0.36999999999999034,2.0810810810811247
2009-06-16,-1,575,674,93.03,93.31,93.04,93.29,stop,-0.28000000000000114,-0.003009458297506461,-30.094582975064608,0.25,-1.1200000000000045
2009-06-17,1,575,583,91.63000000000001,91.49000000000001,91.62,91.51,stop,-0.14000000000000057,-0.0015280506439642062,-15.280506439642062,0.10999999999999943,-1.2727272727272845
2009-06-18,-1,575,592,91.53,91.77,91.54,91.75,stop,-0.23999999999999488,-0.0026218046755516152,-26.218046755516152,0.20999999999999375,-1.1428571428571526
2009-06-19,-1,575,575,92.47999999999999,92.6,92.49,92.58,stop,-0.12000000000000455,-0.0012974375608174348,-12.974375608174348,0.09000000000000341,-1.3333333333333333
2009-06-22,-1,575,959,90.97999999999999,89.27000000000001,90.99,89.26,eod,1.7099999999999795,0.0187932739861521,187.93273986152101,0.20000000000000284,8.549999999999777
2009-06-23,1,575,583,89.58,89.36,89.57,89.38,stop,-0.21999999999999886,-0.002456179524394316,-24.56179524394316,0.18999999999999773,-1.157894736842113
2009-06-24,-1,575,576,90.03999999999999,90.21,90.05,90.19,stop,-0.1700000000000017,-0.0018878400888395527,-18.878400888395525,0.14000000000000057,-1.2142857142857215
2009-06-25,1,575,575,89.79,89.64,89.78,89.66,stop,-0.15000000000000568,-0.0016707507239920438,-16.70750723992044,0.12000000000000455,-1.25
2009-06-26,-1,575,576,91.61999999999999,91.8,91.63,91.78,stop,-0.18000000000000682,-0.001964422132489434,-19.64422132489434,0.15000000000000568,-1.2
2009-06-29,1,575,576,92.16000000000001,92.0,92.15,92.02,stop,-0.1600000000000108,-0.0017362995116658795,-17.362995116658794,0.13000000000000966,-1.2307692307692224
2009-06-30,1,575,601,92.83,92.63000000000001,92.82,92.65,stop,-0.19999999999998863,-0.002154708037060856,-21.547080370608562,0.1699999999999875,-1.1764705882353137
2009-07-01,1,575,944,92.47,92.31,92.46,92.33,stop,-0.1599999999999966,-0.001730478044559773,-17.30478044559773,0.12999999999999545,-1.2307692307692475
2009-07-02,-1,575,959,90.78999999999999,89.83,90.8,89.82,eod,0.9599999999999937,0.010572687224669535,105.72687224669535,0.35999999999999943,2.6666666666666536
2009-07-06,1,575,620,89.12,88.84,89.11,88.86,stop,-0.28000000000000114,-0.0031421838177533514,-31.421838177533512,0.25,-1.1200000000000045
2009-07-07,-1,575,905,89.66,88.29000000000015,89.67,88.28000000000014,target,1.3699999999998482,0.015278242444517098,152.782424445171,0.14999999999999147,9.13333333333284
2009-07-08,-1,575,585,88.44999999999999,88.63,88.46,88.61,stop,-0.18000000000000682,-0.0020348179968348048,-20.34817996834805,0.15000000000000568,-1.2
2009-07-09,1,575,579,88.65,88.47,88.64,88.49,stop,-0.18000000000000682,-0.0020306859205776943,-20.30685920577694,0.15000000000000568,-1.2
2009-07-10,1,575,601,87.87,87.63000000000001,87.86,87.65,stop,-0.23999999999999488,-0.0027316184839516833,-27.316184839516833,0.20999999999999375,-1.1428571428571526
2009-07-13,1,575,580,88.43,88.23,88.42,88.25,stop,-0.20000000000000284,-0.0022619316896630042,-22.619316896630043,0.1700000000000017,-1.176470588235299
2009-07-14,1,575,582,90.4,90.11,90.39,90.13,stop,-0.29000000000000625,-0.0032083195043700217,-32.083195043700215,0.2600000000000051,-1.1153846153846174
2009-07-15,1,575,576,91.85000000000001,91.69,91.84,91.71,stop,-0.1600000000000108,-0.0017421602787457621,-17.421602787457623,0.13000000000000966,-1.2307692307692224
2009-07-16,1,575,606,93.08500000000001,92.88000000000001,93.075,92.9,stop,-0.2049999999999983,-0.002202524845554642,-22.025248455546418,0.17499999999999716,-1.1714285714285808
2009-07-17,-1,575,630,93.86999999999999,94.1,93.88,94.08,stop,-0.23000000000000398,-0.0024499360886238177,-24.499360886238176,0.20000000000000284,-1.1500000000000035
2009-07-20,1,575,583,94.78,94.62,94.77,94.64,stop,-0.1599999999999966,-0.001688297984594245,-16.88297984594245,0.12999999999999545,-1.2307692307692475
2009-07-21,-1,575,959,95.69,95.59,95.7,95.58,eod,0.09999999999999432,0.0010449320794147785,10.449320794147786,0.20000000000000284,0.4999999999999645
2009-07-22,1,575,959,95.21000000000001,95.53,95.2,95.54,eod,0.3199999999999932,0.0033613445378150543,33.613445378150544,0.3100000000000023,1.0322580645160995
2009-07-23,1,575,766,95.75,97.82999999999993,95.74,97.83999999999993,target,2.0799999999999272,0.021725506580320946,217.25506580320945,0.20999999999999375,9.904761904761854
2009-07-24,1,575,596,97.36,97.05,97.35,97.07,stop,-0.3100000000000023,-0.0031843862352337166,-31.843862352337165,0.28000000000000114,-1.1071428571428608
2009-07-27,1,575,576,98.02000000000001,97.81,98.01,97.83,stop,-0.21000000000000796,-0.002142638506274951,-21.42638506274951,0.18000000000000682,-1.1666666666666667
2009-07-28,1,575,613,97.76,97.58,97.75,97.6,stop,-0.18000000000000682,-0.0018414322250640085,-18.414322250640083,0.15000000000000568,-1.2
2009-07-29,-1,575,586,97.36,97.58,97.37,97.56,stop,-0.21999999999999886,-0.002259422820170472,-22.59422820170472,0.18999999999999773,-1.157894736842113
2009-07-30,1,575,586,98.87,98.63000000000001,98.86,98.65,stop,-0.23999999999999488,-0.0024276755007080204,-24.276755007080205,0.20999999999999375,-1.1428571428571526
2009-07-31,1,575,601,98.84,98.54,98.83,98.56,stop,-0.29999999999999716,-0.0030355155317211085,-30.355155317211086,0.269999999999996,-1.111111111111117
2009-08-03,-1,575,576,99.8,99.94,99.81,99.92,stop,-0.14000000000000057,-0.0014026650636208852,-14.026650636208853,0.10999999999999943,-1.2727272727272845
2009-08-04,-1,575,597,99.86999999999999,100.11,99.88,100.09,stop,-0.2400000000000091,-0.0024028834601522737,-24.028834601522735,0.21000000000000796,-1.1428571428571428
2009-08-05,-1,575,579,100.52,100.8,100.53,100.78,stop,-0.28000000000000114,-0.002785238237342098,-27.85238237342098,0.25,-1.1200000000000045
2009-08-06,1,575,577,100.92,100.71000000000001,100.91,100.73,stop,-0.20999999999999375,-0.002081062332771715,-20.81062332771715,0.1799999999999926,-1.1666666666666798
2009-08-07,1,575,577,101.01,100.79,101.0,100.81,stop,-0.21999999999999886,-0.002178217821782167,-21.78217821782167,0.18999999999999773,-1.157894736842113
2009-08-10,-1,575,575,100.67,100.8,100.68,100.78,stop,-0.12999999999999545,-0.00129121970599916,-12.9121970599916,0.09999999999999432,-1.3000000000000285
2009-08-11,-1,575,575,100.50999999999999,100.63,100.52,100.61,stop,-0.12000000000000455,-0.0011937922801433004,-11.937922801433004,0.09000000000000341,-1.3333333333333333
2009-08-12,1,575,959,99.85000000000001,100.77,99.84,100.78,eod,0.9199999999999875,0.009214743589743463,92.14743589743463,0.3100000000000023,2.967741935483809
2009-08-13,-1,575,654,101.11999999999999,101.33,101.13,101.31,stop,-0.21000000000000796,-0.0020765351527737364,-20.765351527737362,0.18000000000000682,-1.1666666666666667
2009-08-14,-1,575,959,101.35,100.74000000000001,101.36,100.73,eod,0.6099999999999852,0.006018153117600486,60.18153117600486,0.23999999999999488,2.5416666666666594
2009-08-17,1,575,576,98.88000000000001,98.69,98.87,98.71,stop,-0.19000000000001194,-0.001921715383837483,-19.21715383837483,0.1600000000000108,-1.1874999999999944
2009-08-18,1,575,581,98.63000000000001,98.46000000000001,98.62,98.48,stop,-0.1700000000000017,-0.0017237882782397253,-17.237882782397254,0.14000000000000057,-1.2142857142857215
2009-08-19,1,575,959,98.51,99.99,98.5,100.0,eod,1.4799999999999898,0.015025380710659795,150.25380710659795,0.25,5.919999999999959
2009-08-20,1,575,959,100.12,101.00999999999999,100.11,101.02,eod,0.8899999999999864,0.00889022075716698,88.90220757166979,0.23999999999999488,3.7083333333333557
2009-08-21,-1,575,599,101.75999999999999,101.97,101.77,101.95,stop,-0.21000000000000796,-0.0020634764665422812,-20.63476466542281,0.18000000000000682,-1.1666666666666667
2009-08-24,1,575,788,103.54,103.19,103.53,103.21,stop,-0.3500000000000085,-0.003380662609871617,-33.80662609871617,0.3200000000000074,-1.0937500000000013
2009-08-25,1,575,575,103.4,103.29,103.39,103.31,stop,-0.10999999999999943,-0.0010639326820775649,-10.639326820775649,0.0799999999999983,-1.3750000000000222
2009-08-26,1,575,575,102.89,102.69,102.88,102.71,stop,-0.20000000000000284,-0.0019440124416796544,-19.440124416796543,0.1700000000000017,-1.176470588235299
2009-08-27,-1,575,795,102.78,103.17,102.79,103.15,stop,-0.39000000000000057,-0.003794143399163348,-37.94143399163348,0.35999999999999943,-1.0833333333333366
2009-08-28,-1,575,576,104.0,104.28999999999999,104.01,104.27,stop,-0.28999999999999204,-0.0027881934429381024,-27.881934429381026,0.2599999999999909,-1.1153846153846239
2009-08-31,-1,575,578,102.35,102.53,102.36,102.51,stop,-0.18000000000000682,-0.0017584994138335954,-17.584994138335954,0.15000000000000568,-1.2
2009-09-01,1,575,670,102.22,101.87,102.21,101.89,stop,-0.3499999999999943,-0.0034243224733391483,-34.243224733391486,0.3199999999999932,-1.0937500000000056
2009-09-02,1,575,632,100.03,99.65,100.02,99.67,stop,-0.37999999999999545,-0.003799240151969561,-37.992401519695605,0.3499999999999943,-1.0857142857142903
2009-09-03,1,575,598,100.45,100.2,100.44,100.22,stop,-0.25,-0.002489048187972919,-24.89048187972919,0.21999999999999886,-1.1363636363636422
2009-09-04,1,575,590,100.97,100.60000000000001,100.96,100.62,stop,-0.36999999999999034,-0.003664817749603708,-36.64817749603708,0.3399999999999892,-1.0882352941176532
2009-09-08,-1,575,959,102.92999999999999,102.91000000000001,102.94,102.9,eod,0.01999999999998181,0.00019428793471907722,1.9428793471907722,0.10999999999999943,0.1818181818180174
2009-09-09,-1,575,586,102.83,103.22,102.84,103.2,stop,-0.39000000000000057,-0.0037922987164527473,-37.92298716452747,0.35999999999999943,-1.0833333333333366
2009-09-10,-1,575,576,103.75999999999999,103.83,103.77,103.81,stop,-0.07000000000000739,-0.0006745687578298871,-6.745687578298871,0.04000000000000625,-1.7499999999999112
2009-09-11,-1,575,576,104.88,105.05,104.89,105.03,stop,-0.1700000000000017,-0.001620745542949773,-16.20745542949773,0.14000000000000057,-1.2142857142857215
2009-09-14,1,575,896,104.17,103.85000000000001,104.16,103.87,stop,-0.3199999999999932,-0.003072196620583652,-30.72196620583652,0.28999999999999204,-1.1034482758620758
2009-09-16,1,575,577,106.25,106.02000000000001,106.24,106.04,stop,-0.22999999999998977,-0.0021649096385541206,-21.649096385541206,0.19999999999998863,-1.1500000000000141
2009-09-17,1,575,732,107.27000000000001,107.14,107.26,107.16,stop,-0.13000000000000966,-0.0012120082043633195,-12.120082043633195,0.10000000000000853,-1.2999999999999858
2009-09-18,-1,575,959,107.05499999999999,106.74000000000001,107.065,106.73,eod,0.3149999999999835,0.0029421379535794472,29.421379535794472,0.09499999999999886,3.3157894736840765
2009-09-21,-1,575,580,105.83,106.0,105.84,105.98,stop,-0.1700000000000017,-0.0016061980347694795,-16.061980347694796,0.14000000000000057,-1.2142857142857215
2009-09-22,-1,575,582,106.96,107.1,106.97,107.08,stop,-0.14000000000000057,-0.001308778162101529,-13.08778162101529,0.10999999999999943,-1.2727272727272845
2009-09-23,-1,575,579,107.22,107.35,107.23,107.33,stop,-0.12999999999999545,-0.00121234729087005,-12.1234729087005,0.09999999999999432,-1.3000000000000285
2009-09-24,1,575,576,106.60000000000001,106.38000000000001,106.59,106.4,stop,-0.21999999999999886,-0.0020639834881320844,-20.639834881320844,0.18999999999999773,-1.157894736842113
2009-09-25,-1,575,582,104.71,104.86,104.72,104.84,stop,-0.15000000000000568,-0.0014323911382735455,-14.323911382735455,0.12000000000000455,-1.25
2009-09-28,1,575,600,104.92,105.81000000000003,104.91,105.82000000000004,target,0.890000000000029,0.008483462015060804,84.83462015060805,0.0799999999999983,11.1250000000006
2009-09-29,1,575,600,106.59,106.35000000000001,106.58,106.37,stop,-0.23999999999999488,-0.002251829611559344,-22.51829611559344,0.20999999999999375,-1.1428571428571526
2009-09-30,-1,575,959,106.21,105.60000000000001,106.22,105.59,eod,0.6099999999999852,0.005742797966484516,57.427979664845154,0.23999999999999488,2.5416666666666594
2009-10-01,-1,575,959,105.1,103.0,105.11,102.99,eod,2.0999999999999943,0.01997906954618965,199.79069546189652,0.269999999999996,7.777777777777871
2009-10-02,1,575,959,102.179,102.53999999999999,102.169,102.55,eod,0.36099999999999,0.00353336139142,35.3336139142,0.17900000000000205,2.016759776536234
2009-10-05,1,575,575,102.99000000000001,102.81,102.98,102.83,stop,-0.18000000000000682,-0.0017479122159643312,-17.47912215964331,0.15000000000000568,-1.2
2009-10-06,1,575,959,104.91000000000001,105.50999999999999,104.9,105.52,eod,0.5999999999999801,0.005719733079122784,57.19733079122784,0.19000000000001194,3.157894736841802
2009-10-07,1,575,588,105.4,105.11,105.39,105.13,stop,-0.29000000000000625,-0.0027516842205143398,-27.516842205143398,0.2600000000000051,-1.1153846153846174
2009-10-08,-1,575,577,106.35,106.69,106.36,106.67,stop,-0.3400000000000034,-0.0031966904851448235,-31.966904851448234,0.3100000000000023,-1.0967741935483901
2009-10-09,-1,575,580,106.50999999999999,106.67,106.52,106.65,stop,-0.1600000000000108,-0.0015020653398423846,-15.020653398423846,0.13000000000000966,-1.2307692307692224
2009-10-12,1,575,858,107.83,107.63000000000001,107.82,107.65,stop,-0.19999999999998863,-0.0018549434242254557,-18.549434242254556,0.1699999999999875,-1.1764705882353137
2009-10-13,1,575,582,107.495,107.34,107.485,107.36,stop,-0.15500000000000114,-0.001442061683025549,-14.42061683025549,0.125,-1.240000000000009
2009-10-14,1,575,577,108.76,108.59,108.75,108.61,stop,-0.1700000000000017,-0.0015632183908046134,-15.632183908046134,0.14000000000000057,-1.2142857142857215
2009-10-15,1,575,641,108.94000000000001,108.72,108.93,108.74,stop,-0.22000000000001307,-0.0020196456439916743,-20.196456439916744,0.19000000000001194,-1.1578947368421013
2009-10-16,-1,575,579,108.74,108.91,108.75,108.89,stop,-0.1700000000000017,-0.0015632183908046134,-15.632183908046134,0.14000000000000057,-1.2142857142857215
2009-10-19,-1,575,575,108.94999999999999,109.13,108.96,109.11,stop,-0.18000000000000682,-0.0016519823788546883,-16.519823788546883,0.15000000000000568,-1.2
2009-10-20,-1,575,959,109.64999999999999,109.23,109.66,109.22,eod,0.4199999999999875,0.0038300200620097345,38.30020062009734,0.32500000000000284,1.2923076923076424
2009-10-21,1,575,930,109.17,108.97,109.16,108.99,stop,-0.20000000000000284,-0.001832172957127179,-18.32172957127179,0.1700000000000017,-1.176470588235299
2009-10-22,-1,575,575,108.14999999999999,108.25,108.16,108.23,stop,-0.10000000000000853,-0.0009245562130178304,-9.245562130178303,0.07000000000000739,-1.4285714285713995
2009-10-23,-1,575,678,109.61999999999999,108.28499999999995,109.63,108.27499999999995,target,1.3350000000000364,0.012177323725258017,121.77323725258017,0.13000000000000966,10.269230769230285
2009-10-26,1,575,690,108.38000000000001,108.17,108.37,108.19,stop,-0.21000000000000796,-0.0019378056657747343,-19.378056657747344,0.18000000000000682,-1.1666666666666667
2009-10-27,1,575,580,107.14,106.99000000000001,107.13,107.01,stop,-0.14999999999999147,-0.00140016802016234,-14.0016802016234,0.11999999999999034,-1.2500000000000295
2009-10-28,1,575,594,106.22,105.94,106.21,105.96,stop,-0.28000000000000114,-0.002636286602014887,-26.36286602014887,0.25,-1.1200000000000045
2009-10-29,-1,575,578,105.14,105.36999999999999,105.15,105.35,stop,-0.22999999999998977,-0.0021873514027578676,-21.873514027578675,0.19999999999998863,-1.1500000000000141
2009-10-30,-1,575,582,106.19,106.42,106.2,106.4,stop,-0.23000000000000398,-0.002165725047081017,-21.65725047081017,0.20000000000000284,-1.1500000000000035
2009-11-02,1,575,585,104.37,104.04,104.36,104.06,stop,-0.3299999999999983,-0.003162131084706768,-31.62131084706768,0.29999999999999716,-1.1000000000000048
2009-11-03,-1,575,575,103.67,103.85,103.68,103.83,stop,-0.1799999999999926,-0.0017361111111110397,-17.361111111110397,0.14999999999999147,-1.200000000000019
2009-11-04,1,575,575,105.53,105.42,105.52,105.44,stop,-0.10999999999999943,-0.0010424564063684556,-10.424564063684556,0.0799999999999983,-1.3750000000000222
2009-11-05,-1,575,586,105.55999999999999,105.77,105.57,105.75,stop,-0.21000000000000796,-0.001989201477692602,-19.89201477692602,0.18000000000000682,-1.1666666666666667
2009-11-06,-1,575,575,106.14999999999999,106.33999999999999,106.16,106.32,stop,-0.18999999999999773,-0.0017897513187641082,-17.89751318764108,0.1599999999999966,-1.187500000000011
2009-11-09,-1,575,576,107.91,108.02,107.92,108.0,stop,-0.10999999999999943,-0.001019273535952552,-10.192735359525521,0.0799999999999983,-1.3750000000000222
2009-11-10,1,575,666,109.47,109.24000000000001,109.46,109.26,stop,-0.22999999999998977,-0.002101224191485381,-21.01224191485381,0.19999999999998863,-1.1500000000000141
2009-11-11,-1,575,575,110.27,110.38,110.28,110.36,stop,-0.10999999999999943,-0.000997461008342396,-9.974610083423961,0.0799999999999983,-1.3750000000000222
2009-11-12,-1,575,591,109.92,110.11,109.93,110.09,stop,-0.18999999999999773,-0.0017283726007459085,-17.283726007459084,0.1599999999999966,-1.187500000000011
2009-11-13,-1,575,592,109.17,109.39999999999999,109.18,109.38,stop,-0.22999999999998977,-0.002106612932771476,-21.06612932771476,0.19999999999998863,-1.1500000000000141
2009-11-16,1,575,959,110.5,111.19999999999999,110.49,111.21,eod,0.6999999999999886,0.006335414969680412,63.354149696804114,0.1700000000000017,4.1176470588234215
2009-11-17,-1,575,577,110.83,110.97999999999999,110.84,110.96,stop,-0.14999999999999147,-0.0013533020570190497,-13.533020570190496,0.11999999999999034,-1.2500000000000295
2009-11-18,-1,575,583,111.14999999999999,111.33999999999999,111.16,111.32,stop,-0.18999999999999773,-0.001709247930910379,-17.09247930910379,0.1599999999999966,-1.187500000000011
2009-11-19,-1,575,745,110.36999999999999,110.58,110.38,110.56,stop,-0.21000000000000796,-0.0019025185722051819,-19.02518572205182,0.18000000000000682,-1.1666666666666667
2009-11-20,1,575,605,109.5,109.21000000000001,109.49,109.23,stop,-0.28999999999999204,-0.0026486437117544254,-26.486437117544252,0.2599999999999909,-1.1153846153846239
2009-11-23,1,575,934,110.87,110.67,110.86,110.69,stop,-0.20000000000000284,-0.0018040772145048063,-18.040772145048063,0.1700000000000017,-1.176470588235299
2009-11-24,-1,575,888,110.75999999999999,111.07,110.77,111.05,stop,-0.3100000000000023,-0.002798591676446712,-27.98591676446712,0.28000000000000114,-1.1071428571428608
2009-11-25,-1,575,600,110.96,111.22999999999999,110.97,111.21,stop,-0.269999999999996,-0.0024330900243308643,-24.330900243308644,0.23999999999999488,-1.1250000000000073
2009-11-30,-1,575,582,109.25,109.67,109.26,109.65,stop,-0.4200000000000017,-0.0038440417353102843,-38.440417353102845,0.39000000000000057,-1.0769230769230798
2009-12-01,1,575,600,111.13000000000001,110.9,111.12,110.92,stop,-0.23000000000000398,-0.002069834413246976,-20.69834413246976,0.20000000000000284,-1.1500000000000035
2009-12-02,1,575,585,111.5,111.19,111.49,111.21,stop,-0.3100000000000023,-0.002780518432146401,-27.80518432146401,0.28000000000000114,-1.1071428571428608
2009-12-03,1,575,601,111.68,111.42,111.67,111.44,stop,-0.2600000000000051,-0.002328288707799813,-23.28288707799813,0.23000000000000398,-1.1304347826086982
2009-12-04,-1,575,576,111.6599,111.94,111.6699,111.92,stop,-0.28010000000000446,-0.00250828558098471,-25.0828558098471,0.2501000000000033,-1.119952019192326
2009-12-07,1,575,870,111.13000000000001,110.86,111.12,110.88,stop,-0.27000000000001023,-0.002429805615550848,-24.29805615550848,0.2400000000000091,-1.125
2009-12-08,-1,575,701,109.83999999999999,110.11,109.85,110.09,stop,-0.27000000000001023,-0.0024578971324534385,-24.578971324534386,0.2400000000000091,-1.125
2009-12-09,1,575,575,109.63000000000001,109.53,109.62,109.55,stop,-0.10000000000000853,-0.0009122422915527141,-9.12242291552714,0.07000000000000739,-1.4285714285713995
2009-12-10,1,575,605,110.88000000000001,110.66000000000001,110.87,110.68,stop,-0.21999999999999886,-0.001984305943898249,-19.84305943898249,0.18999999999999773,-1.157894736842113
2009-12-11,-1,575,598,111.05,111.27,111.06,111.25,stop,-0.21999999999999886,-0.001980911219160804,-19.809112191608037,0.18999999999999773,-1.157894736842113
2009-12-14,-1,575,700,111.72999999999999,111.89999999999999,111.74,111.88,stop,-0.1700000000000017,-0.0015213889386074969,-15.21388938607497,0.14000000000000057,-1.2142857142857215
2009-12-15,-1,575,575,111.38,111.50999999999999,111.39,111.49,stop,-0.12999999999999545,-0.001167070652661778,-11.67070652661778,0.09999999999999432,-1.3000000000000285
2009-12-16,1,575,582,111.87,111.74000000000001,111.86,111.76,stop,-0.12999999999999545,-0.0011621669944573167,-11.621669944573167,0.09999999999999432,-1.3000000000000285
2009-12-17,-1,575,575,110.67,110.75999999999999,110.68,110.74,stop,-0.0899999999999892,-0.0008131550415611601,-8.131550415611601,0.05999999999998806,-1.5000000000001183
2009-12-18,-1,575,585,110.05,110.25,110.06,110.23,stop,-0.20000000000000284,-0.0018171906232964095,-18.171906232964094,0.1700000000000017,-1.176470588235299
2009-12-21,1,575,959,111.21000000000001,111.33,111.2,111.34,eod,0.11999999999999034,0.001079136690647395,10.79136690647395,0.4399999999999977,0.27272727272725217
2009-12-22,-1,575,577,111.49,111.61,111.5,111.59,stop,-0.12000000000000455,-0.001076233183856543,-10.76233183856543,0.09000000000000341,-1.3333333333333333
2009-12-23,-1,575,576,111.97999999999999,112.05,111.99,112.03,stop,-0.07000000000000739,-0.0006250558085544012,-6.250558085544012,0.04000000000000625,-1.7499999999999112
2009-12-28,-1,575,575,112.85,112.97,112.86,112.95,stop,-0.12000000000000455,-0.0010632642211589982,-10.632642211589982,0.09000000000000341,-1.3333333333333333
2009-12-29,1,575,575,113.03,112.93,113.02,112.95,stop,-0.09999999999999432,-0.0008847991505927652,-8.847991505927652,0.06999999999999318,-1.4285714285714866
2009-12-30,-1,575,579,112.22,112.28999999999999,112.23,112.27,stop,-0.06999999999999318,-0.0006237191481777883,-6.237191481777883,0.03999999999999204,-1.7500000000001776
2009-12-31,-1,575,937,112.72999999999999,112.14999999999998,112.74,112.13999999999997,target,0.5800000000000125,0.005144580450594399,51.44580450594399,0.060000000000002274,9.666666666666508
2010-01-04,1,575,959,112.43,113.30999999999999,112.42,113.32,eod,0.8799999999999812,0.007827788649706291,78.27788649706291,0.09000000000000341,9.7777777777772
2010-01-05,-1,575,614,113.21,113.38,113.22,113.36,stop,-0.1700000000000017,-0.0015015015015015167,-15.015015015015166,0.14000000000000057,-1.2142857142857215
2010-01-06,1,575,582,113.58,113.47,113.57,113.49,stop,-0.10999999999999943,-0.0009685656423351188,-9.685656423351189,0.0799999999999983,-1.3750000000000222
2010-01-07,1,575,592,113.60000000000001,113.4,113.59,113.42,stop,-0.20000000000000284,-0.0017607183730962482,-17.607183730962483,0.1700000000000017,-1.176470588235299
2010-01-08,1,575,579,113.97,113.75,113.96,113.77,stop,-0.21999999999999886,-0.0019305019305019206,-19.305019305019204,0.18999999999999773,-1.157894736842113
2010-01-11,-1,575,959,114.94,114.74000000000001,114.95,114.73,eod,0.19999999999998863,0.0017398869073509233,17.398869073509232,0.1799999999999926,1.1111111111110936
2010-01-13,1,575,576,114.08,113.91000000000001,114.07,113.93,stop,-0.1699999999999875,-0.0014903129657226923,-14.903129657226923,0.13999999999998636,-1.2142857142857433
2010-01-14,1,575,959,114.54,114.91,114.53,114.92,eod,0.36999999999999034,0.0032305946040337933,32.305946040337936,0.10999999999999943,3.363636363636293
2010-01-15,-1,575,748,114.69,113.4199999999999,114.7,113.4099999999999,target,1.2700000000000955,0.011072362685266743,110.72362685266744,0.14000000000000057,9.071428571429216
2010-01-19,1,575,959,113.80000000000001,115.05,113.79,115.06,eod,1.2499999999999858,0.01098514807979599,109.8514807979599,0.21000000000000796,5.9523809523806595
2010-01-20,-1,575,577,114.14,114.31,114.15,114.29,stop,-0.1700000000000017,-0.001489268506351307,-14.89268506351307,0.14000000000000057,-1.2142857142857215
2010-01-21,1,575,586,114.23,113.87,114.22,113.89,stop,-0.35999999999999943,-0.003151812292067934,-31.51812292067934,0.3299999999999983,-1.0909090909090948
2010-01-22,1,575,604,111.36,110.99000000000001,111.35,111.01,stop,-0.36999999999999034,-0.003322855859901126,-33.22855859901126,0.3399999999999892,-1.0882352941176532
2010-01-25,-1,575,583,110.17,110.33999999999999,110.18,110.32,stop,-0.1699999999999875,-0.0015429297513159148,-15.429297513159149,0.13999999999998636,-1.2142857142857433
2010-01-26,-1,575,576,109.27,109.38,109.28,109.36,stop,-0.10999999999999943,-0.0010065885797950168,-10.065885797950168,0.0799999999999983,-1.3750000000000222
2010-01-27,1,575,611,109.28,108.92,109.27,108.94,stop,-0.35999999999999943,-0.0032945913791525526,-32.94591379152553,0.3299999999999983,-1.0909090909090948
2010-01-28,-1,575,691,110.08,108.38999999999999,110.09,108.37999999999998,target,1.690000000000012,0.015351076392042981,153.5107639204298,0.1599999999999966,10.5625000000003
2010-01-29,1,575,575,109.07000000000001,108.96000000000001,109.06,108.98,stop,-0.10999999999999943,-0.0010086191087474731,-10.086191087474731,0.0799999999999983,-1.3750000000000222
2010-02-01,1,575,577,108.295,108.12,108.285,108.14,stop,-0.17499999999999716,-0.0016161056471348495,-16.161056471348495,0.14499999999999602,-1.2068965517241514
2010-02-02,-1,575,576,109.08,109.32,109.09,109.3,stop,-0.23999999999999488,-0.0022000183334860654,-22.000183334860655,0.20999999999999375,-1.1428571428571526
2010-02-03,1,575,626,109.98,109.82000000000001,109.97,109.84,stop,-0.1599999999999966,-0.001454942256979145,-14.549422569791451,0.12999999999999545,-1.2307692307692475
2010-02-04,-1,575,577,108.83,109.02,108.84,109.0,stop,-0.18999999999999773,-0.0017456817346563553,-17.456817346563554,0.1599999999999966,-1.187500000000011
2010-02-05,1,575,575,106.62,106.49000000000001,106.61,106.51,stop,-0.12999999999999545,-0.0012193978050839083,-12.193978050839084,0.09999999999999432,-1.3000000000000285
2010-02-08,-1,575,611,106.44999999999999,106.75999999999999,106.46,106.74,stop,-0.3100000000000023,-0.0029118917903438127,-29.118917903438128,0.28000000000000114,-1.1071428571428608
2010-02-09,1,575,581,107.18,107.0,107.17,107.02,stop,-0.18000000000000682,-0.0016795745077914231,-16.79574507791423,0.15000000000000568,-1.2
2010-02-10,1,575,600,107.24000000000001,106.85000000000001,107.23,106.87,stop,-0.39000000000000057,-0.0036370418726102824,-36.37041872610283,0.35999999999999943,-1.0833333333333366
2010-02-11,-1,575,610,106.66,106.92999999999999,106.67,106.91,stop,-0.269999999999996,-0.002531170900909309,-25.31170900909309,0.23999999999999488,-1.1250000000000073
2010-02-12,-1,575,616,106.89,107.08,106.9,107.06,stop,-0.18999999999999773,-0.0017773620205799598,-17.7736202057996,0.1599999999999966,-1.187500000000011
2010-02-16,-1,575,636,108.75999999999999,108.92999999999999,108.77,108.91,stop,-0.1700000000000017,-0.0015629309552266408,-15.629309552266408,0.14000000000000057,-1.2142857142857215
2010-02-17,-1,575,575,110.21,110.3,110.22,110.28,stop,-0.09000000000000341,-0.0008165487207403685,-8.165487207403684,0.060000000000002274,-1.5
2010-02-18,1,575,859,110.13000000000001,110.73999999999997,110.12,110.74999999999997,target,0.6099999999999568,0.005539411551034842,55.39411551034842,0.08500000000000796,7.176470588234114
2010-02-19,-1,575,578,110.55999999999999,110.72999999999999,110.57,110.71,stop,-0.1700000000000017,-0.0015374875644388326,-15.374875644388327,0.14000000000000057,-1.2142857142857215
2010-02-22,-1,575,959,111.42999999999999,111.14,111.44,111.13,eod,0.28999999999999204,0.0026022972002870785,26.022972002870784,0.14000000000000057,2.0714285714285063
2010-02-23,1,575,600,110.98,110.72,110.97,110.74,stop,-0.2600000000000051,-0.0023429755789853577,-23.429755789853576,0.23000000000000398,-1.1304347826086982
2010-02-24,1,575,609,110.33,110.10000000000001,110.32,110.12,stop,-0.22999999999998977,-0.0020848440899201392,-20.848440899201393,0.19999999999998863,-1.1500000000000141
2010-02-25,1,575,585,109.31,109.06,109.3,109.08,stop,-0.25,-0.0022872827081427266,-22.872827081427268,0.21999999999999886,-1.1363636363636422
2010-02-26,-1,575,575,110.69,110.82,110.7,110.8,stop,-0.12999999999999545,-0.00117434507678406,-11.743450767840601,0.09999999999999432,-1.3000000000000285
2010-03-01,1,575,959,111.43,111.88499999999999,111.42,111.895,eod,0.4549999999999841,0.004083647460060887,40.836474600608874,0.25,1.8199999999999363
2010-03-02,1,575,581,112.51,112.28,112.5,112.3,stop,-0.23000000000000398,-0.0020444444444444798,-20.444444444444798,0.20000000000000284,-1.1500000000000035
2010-03-03,-1,575,588,112.42999999999999,112.53999999999999,112.44,112.52,stop,-0.10999999999999943,-0.0009782995375311227,-9.782995375311227,0.0799999999999983,-1.3750000000000222
2010-03-04,1,575,618,112.54,112.38000000000001,112.53,112.4,stop,-0.1599999999999966,-0.0014218430640717727,-14.218430640717727,0.12999999999999545,-1.2307692307692475
2010-03-05,-1,575,587,113.28999999999999,113.42,113.3,113.4,stop,-0.13000000000000966,-0.0011473962930274462,-11.473962930274462,0.10000000000000853,-1.2999999999999858
2010-03-08,1,575,590,114.45,114.23,114.44,114.25,stop,-0.21999999999999886,-0.0019224047535826535,-19.224047535826536,0.18999999999999773,-1.157894736842113
2010-03-09,1,575,959,114.0,114.44,113.99,114.45,eod,0.4399999999999977,0.003859987718220877,38.59987718220877,0.11999999999999034,3.666666666666943
2010-03-10,1,575,750,114.69000000000001,114.45,114.68,114.47,stop,-0.2400000000000091,-0.00209277990931295,-20.9277990931295,0.21000000000000796,-1.1428571428571428
2010-03-11,1,575,576,114.735,114.67,114.725,114.69,stop,-0.06499999999999773,-0.0005665722379603202,-5.665722379603202,0.03499999999999659,-1.8571428571429731
2010-03-12,-1,575,959,115.61999999999999,115.46000000000001,115.63,115.45,eod,0.15999999999998238,0.0013837239470724067,13.837239470724068,0.3400000000000034,0.4705882352940611
2010-03-15,-1,575,585,115.16,115.33,115.17,115.31,stop,-0.1700000000000017,-0.001476078839975703,-14.760788399757029,0.14000000000000057,-1.2142857142857215
2010-03-16,-1,575,632,115.67999999999999,115.86,115.69,115.84,stop,-0.18000000000000682,-0.0015558820987121344,-15.558820987121344,0.15000000000000568,-1.2
2010-03-17,1,575,959,116.85000000000001,117.08999999999999,116.84,117.1,eod,0.23999999999998067,0.002054091064703703,20.54091064703703,0.13000000000000966,1.8461538461535603
2010-03-18,-1,575,575,117.08,117.14,117.09,117.12,stop,-0.060000000000002274,-0.0005124263387138293,-5.124263387138293,0.030000000000001137,-2.0
2010-03-19,-1,575,623,116.89,116.10110000000006,116.9,116.09110000000005,target,0.7888999999999413,0.006748502994011474,67.48502994011474,0.06999999999999318,11.27000000000026
2010-03-22,1,575,959,115.43,116.57,115.42,116.58,eod,1.1399999999999864,0.009876971062207472,98.76971062207471,0.18000000000000682,6.333333333333018
2010-03-23,-1,575,618,116.61999999999999,116.88,116.63,116.86,stop,-0.2600000000000051,-0.002229272056932223,-22.292720569322228,0.23000000000000398,-1.1304347826086982
2010-03-24,1,575,576,117.07000000000001,116.94,117.06,116.96,stop,-0.13000000000000966,-0.0011105416025970413,-11.105416025970413,0.10000000000000853,-1.2999999999999858
2010-03-25,-1,575,671,117.61,117.75,117.62,117.73,stop,-0.14000000000000057,-0.001190273762965487,-11.902737629654869,0.10999999999999943,-1.2727272727272845
2010-03-26,1,575,578,116.98,116.84,116.97,116.86,stop,-0.14000000000000057,-0.0011968880909634999,-11.968880909634999,0.10999999999999943,-1.2727272727272845
2010-03-29,1,575,597,117.33,117.14,117.32,117.16,stop,-0.18999999999999773,-0.001619502216160908,-16.19502216160908,0.1599999999999966,-1.187500000000011
2010-03-30,1,575,576,117.5,117.41000000000001,117.49,117.43,stop,-0.0899999999999892,-0.0007660226402246081,-7.6602264022460815,0.05999999999998806,-1.5000000000001183
2010-03-31,1,575,583,117.01,116.9,117.0,116.92,stop,-0.10999999999999943,-0.0009401709401709353,-9.401709401709352,0.0799999999999983,-1.3750000000000222
2010-04-01,1,575,656,117.97,117.75,117.96,117.77,stop,-0.21999999999999886,-0.0018650389962699126,-18.650389962699126,0.18999999999999773,-1.157894736842113
2010-04-05,-1,575,585,117.99799999999999,118.335,118.008,118.315,stop,-0.3370000000000033,-0.0028557385939936555,-28.557385939936555,0.30700000000000216,-1.0977198697068433
2010-04-06,-1,575,577,118.33999999999999,118.49,118.35,118.47,stop,-0.15000000000000568,-0.001267427122940479,-12.67427122940479,0.12000000000000455,-1.25
2010-04-07,-1,575,579,118.69999999999999,118.83999999999999,118.71,118.82,stop,-0.14000000000000057,-0.0011793446213461424,-11.793446213461424,0.10999999999999943,-1.2727272727272845
2010-04-08,-1,575,625,117.83,117.99,117.84,117.97,stop,-0.1599999999999966,-0.0013577732518669093,-13.577732518669093,0.12999999999999545,-1.2307692307692475
2010-04-09,1,575,576,119.08,118.96000000000001,119.07,118.98,stop,-0.11999999999999034,-0.0010078105316199744,-10.078105316199744,0.0899999999999892,-1.3333333333333859
2010-04-12,1,575,596,119.74000000000001,119.61,119.73,119.63,stop,-0.13000000000000966,-0.001085776330076085,-10.857763300760851,0.10000000000000853,-1.2999999999999858
2010-04-13,-1,575,591,119.50999999999999,119.72,119.52,119.7,stop,-0.21000000000000796,-0.001757028112449866,-17.57028112449866,0.18000000000000682,-1.1666666666666667
2010-04-14,-1,575,582,120.25,120.39,120.26,120.37,stop,-0.14000000000000057,-0.0011641443538998883,-11.641443538998884,0.10999999999999943,-1.2727272727272845
2010-04-15,1,575,730,121.06,120.93,121.05,120.95,stop,-0.12999999999999545,-0.0010739363899214824,-10.739363899214824,0.09999999999999432,-1.3000000000000285
2010-04-16,1,575,583,120.98,120.83,120.97,120.85,stop,-0.15000000000000568,-0.0012399768537654434,-12.399768537654435,0.12000000000000455,-1.25
2010-04-19,1,575,705,119.33,118.96000000000001,119.32,118.98,stop,-0.36999999999999034,-0.003100905129064619,-31.00905129064619,0.3399999999999892,-1.0882352941176532
2010-04-20,-1,575,714,120.53,120.71,120.54,120.69,stop,-0.1799999999999926,-0.001493280238924777,-14.932802389247769,0.14999999999999147,-1.200000000000019
2010-04-21,1,575,627,120.99000000000001,120.83,120.98,120.85,stop,-0.1600000000000108,-0.0013225326500248867,-13.225326500248867,0.13000000000000966,-1.2307692307692224
2010-04-22,-1,575,626,119.53,119.86,119.54,119.84,stop,-0.3299999999999983,-0.002760582231888893,-27.605822318888933,0.29999999999999716,-1.1000000000000048
2010-04-23,-1,575,577,120.82,120.97,120.83,120.95,stop,-0.15000000000000568,-0.001241413556236081,-12.41413556236081,0.12000000000000455,-1.25
2010-04-26,1,575,588,122.01,121.76,122.0,121.78,stop,-0.25,-0.0020491803278688526,-20.491803278688526,0.21999999999999886,-1.1363636363636422
2010-04-27,1,575,577,120.77000000000001,120.61,120.76,120.63,stop,-0.1600000000000108,-0.0013249420337861112,-13.249420337861112,0.13000000000000966,-1.2307692307692224
2010-04-28,-1,575,577,119.0,119.21,119.01,119.19,stop,-0.20999999999999375,-0.0017645576002016112,-17.645576002016114,0.1799999999999926,-1.1666666666666798
2010-04-29,1,575,959,120.17,120.83,120.16,120.84,eod,0.6599999999999966,0.005492676431424739,54.92676431424739,0.09000000000000341,7.333333333333018
2010-04-30,-1,575,582,120.72,120.91,120.73,120.89,stop,-0.18999999999999773,-0.0015737596289240265,-15.737596289240264,0.1599999999999966,-1.187500000000011
2010-05-03,1,575,652,119.51,119.33,119.5,119.35,stop,-0.18000000000000682,-0.0015062761506276722,-15.062761506276722,0.15000000000000568,-1.2
2010-05-04,-1,575,959,118.69,117.56,118.7,117.55,eod,1.1299999999999955,0.009519797809604005,95.19797809604006,0.3299999999999983,3.4242424242424283
2010-05-05,-1,575,595,116.42999999999999,116.67,116.44,116.65,stop,-0.2400000000000091,-0.002061147372037179,-20.61147372037179,0.21000000000000796,-1.1428571428571428
2010-05-06,1,575,630,116.43,116.23,116.42,116.25,stop,-0.20000000000000284,-0.0017179178835251918,-17.179178835251918,0.1700000000000017,-1.176470588235299
2010-05-07,-1,575,578,112.58999999999999,112.81,112.6,112.79,stop,-0.22000000000001307,-0.0019538188277088194,-19.538188277088196,0.19000000000001194,-1.1578947368421013
2010-05-10,1,575,627,115.95,115.59,115.94,115.61,stop,-0.35999999999999943,-0.0031050543384509182,-31.050543384509183,0.3299999999999983,-1.0909090909090948
2010-05-11,1,575,959,115.22,115.82,115.21,115.83,eod,0.5999999999999943,0.005207881260307216,52.07881260307216,0.29999999999999716,2.0
2010-05-12,-1,575,578,116.19999999999999,116.47,116.21,116.45,stop,-0.27000000000001023,-0.0023233800877722247,-23.233800877722246,0.2400000000000091,-1.125
2010-05-13,-1,575,587,116.85,117.3,116.86,117.28,stop,-0.45000000000000284,-0.0038507615950710496,-38.507615950710495,0.4200000000000017,-1.0714285714285738
2010-05-14,1,575,575,115.19000000000001,115.01,115.18,115.03,stop,-0.18000000000000682,-0.0015627713144643759,-15.627713144643758,0.15000000000000568,-1.2
2010-05-17,-1,575,576,114.11999999999999,114.36999999999999,114.13,114.35,stop,-0.25,-0.0021904845351791817,-21.904845351791817,0.21999999999999886,-1.1363636363636422
2010-05-18,-1,575,580,114.78,114.97999999999999,114.79,114.96,stop,-0.19999999999998863,-0.0017423120480877135,-17.423120480877134,0.1699999999999875,-1.1764705882353137
2010-05-19,1,575,612,112.04,111.72,112.03,111.74,stop,-0.3200000000000074,-0.0028563777559582914,-28.563777559582913,0.29000000000000625,-1.1034482758620707
2010-05-20,1,575,584,109.5,109.14,109.49,109.16,stop,-0.35999999999999943,-0.003287971504246958,-32.879715042469584,0.3299999999999983,-1.0909090909090948
2010-05-21,1,575,959,105.98,109.08999999999999,105.97,109.1,eod,3.109999999999985,0.02934792865905431,293.4792865905431,0.3299999999999983,9.424242424242427
2010-05-24,1,575,584,108.76,108.405,108.75,108.425,stop,-0.355000000000004,-0.0032643678160919906,-32.643678160919904,0.32500000000000284,-1.092307692307695
2010-05-25,1,575,577,105.24000000000001,104.86,105.23,104.88,stop,-0.38000000000000966,-0.003611137508315211,-36.11137508315211,0.3500000000000085,-1.085714285714287
2010-05-26,1,575,690,108.77000000000001,108.42,108.76,108.44,stop,-0.3500000000000085,-0.003218094887826485,-32.18094887826485,0.3200000000000074,-1.0937500000000013
2010-05-27,1,575,575,109.25,109.12,109.24,109.14,stop,-0.12999999999999545,-0.0011900402782863003,-11.900402782863003,0.09999999999999432,-1.3000000000000285
2010-05-28,-1,575,959,110.39,109.36,110.4,109.35,eod,1.0300000000000011,0.009329710144927545,93.29710144927546,0.28000000000000114,3.6785714285714177
2010-06-01,1,575,946,108.47,108.17,108.46,108.19,stop,-0.29999999999999716,-0.0027659966808039568,-27.659966808039567,0.269999999999996,-1.111111111111117
2010-06-02,-1,575,575,108.045,108.27,108.055,108.25,stop,-0.22499999999999432,-0.0020822729165702126,-20.822729165702125,0.19499999999999318,-1.153846153846165
2010-06-03,1,575,576,110.81,110.57000000000001,110.8,110.59,stop,-0.23999999999999488,-0.0021660649819494125,-21.660649819494125,0.20999999999999375,-1.1428571428571526
2010-06-04,1,575,679,108.8279,108.48,108.8179,108.5,stop,-0.34789999999999566,-0.0031970843032258084,-31.970843032258085,0.3178999999999945,-1.094369298521553
2010-06-07,-1,575,596,107.03999999999999,107.36,107.05,107.34,stop,-0.3200000000000074,-0.0029892573563755948,-29.89257356375595,0.29000000000000625,-1.1034482758620707
2010-06-08,1,575,591,106.0,105.5,105.99,105.52,stop,-0.5,-0.004717426172280404,-47.17426172280404,0.46999999999999886,-1.0638297872340452
2010-06-09,1,575,578,107.37,107.16000000000001,107.36,107.18,stop,-0.20999999999999375,-0.001956035767511119,-19.560357675111188,0.1799999999999926,-1.1666666666666798
2010-06-10,1,575,581,108.11,107.78,108.1,107.8,stop,-0.3299999999999983,-0.0030527289546715846,-30.527289546715846,0.29999999999999716,-1.1000000000000048
2010-06-11,1,575,959,108.29,109.64999999999999,108.28,109.66,eod,1.3599999999999852,0.012560029553010577,125.60029553010577,0.1599999999999966,8.500000000000089
2010-06-14,-1,575,618,110.36,110.61,110.37,110.59,stop,-0.25,-0.00226510827217541,-22.651082721754097,0.21999999999999886,-1.1363636363636422
2010-06-15,-1,575,577,110.16,110.38,110.17,110.36,stop,-0.21999999999999886,-0.001996913860397557,-19.96913860397557,0.18999999999999773,-1.157894736842113
2010-06-16,1,575,633,111.53160000000001,111.21000000000001,111.5216,111.23,stop,-0.32160000000000366,-0.0028837462877146997,-28.837462877146997,0.2916000000000025,-1.102880658436217
2010-06-17,-1,575,613,112.24,111.57000000000008,112.25,111.56000000000007,target,0.6699999999999164,0.005968819599108387,59.68819599108387,0.0799999999999983,8.374999999999133
2010-06-18,-1,575,626,111.67,111.86999999999999,111.68,111.85,stop,-0.19999999999998863,-0.0017908309455586374,-17.908309455586373,0.1699999999999875,-1.1764705882353137
2010-06-21,-1,575,891,113.05999999999999,111.88999999999996,113.07,111.87999999999995,target,1.1700000000000301,0.010347572300345186,103.47572300345186,0.13000000000000966,8.999999999999563
2010-06-23,-1,575,870,109.42,109.67989999999999,109.43,109.6599,stop,-0.2598999999999876,-0.002375034268482021,-23.75034268482021,0.22989999999998645,-1.1304915180513393
2010-06-24,1,575,580,108.77000000000001,108.52000000000001,108.76,108.54,stop,-0.25,-0.0022986392055902903,-22.986392055902904,0.21999999999999886,-1.1363636363636422
2010-06-25,-1,575,607,107.55999999999999,107.77,107.57,107.75,stop,-0.21000000000000796,-0.0019522171609185459,-19.52217160918546,0.18000000000000682,-1.1666666666666667
2010-06-28,-1,575,665,107.74,108.14,107.75,108.12,stop,-0.4000000000000057,-0.0037122969837587536,-37.12296983758753,0.37000000000000455,-1.0810810810810831
2010-06-29,-1,575,625,105.92999999999999,104.65000000000005,105.94,104.64000000000004,target,1.2799999999999443,0.012082310741928868,120.82310741928868,0.12999999999999545,9.846153846153761
2010-06-30,1,575,927,104.10000000000001,103.83,104.09,103.85,stop,-0.27000000000001023,-0.0025939091171102912,-25.939091171102913,0.2400000000000091,-1.125
2010-07-01,-1,575,577,103.08999999999999,103.22,103.1,103.2,stop,-0.13000000000000966,-0.0012609117361785612,-12.609117361785612,0.10000000000000853,-1.2999999999999858
2010-07-02,1,575,589,103.22,102.86,103.21,102.88,stop,-0.35999999999999943,-0.003488034105222357,-34.88034105222357,0.3299999999999983,-1.0909090909090948
2010-07-06,-1,575,590,103.58,103.75999999999999,103.59,103.74,stop,-0.1799999999999926,-0.0017376194613378955,-17.376194613378956,0.14999999999999147,-1.200000000000019
2010-07-07,1,575,943,103.29,105.87000000000005,103.28,105.88000000000005,target,2.580000000000041,0.024980635166537965,249.80635166537965,0.2600000000000051,9.923076923076886
2010-07-08,-1,575,575,106.91,107.02,106.92,107.0,stop,-0.10999999999999943,-0.0010288065843621346,-10.288065843621347,0.0799999999999983,-1.3750000000000222
2010-07-09,-1,575,577,107.1,107.22999999999999,107.11,107.21,stop,-0.12999999999999545,-0.0012137055363644427,-12.137055363644427,0.09999999999999432,-1.3000000000000285
2010-07-12,1,575,660,107.7,107.45,107.69,107.47,stop,-0.25,-0.0023214783173925156,-23.214783173925156,0.21999999999999886,-1.1363636363636422
2010-07-13,-1,575,575,109.03,109.2,109.04,109.18,stop,-0.1700000000000017,-0.0015590608950843883,-15.590608950843883,0.14000000000000057,-1.2142857142857215
2010-07-14,1,575,576,109.32000000000001,109.2,109.31,109.22,stop,-0.12000000000000455,-0.0010977952611838308,-10.977952611838308,0.09000000000000341,-1.3333333333333333
2010-07-15,-1,575,577,109.49,109.66,109.5,109.64,stop,-0.1700000000000017,-0.0015525114155251296,-15.525114155251297,0.14000000000000057,-1.2142857142857215
2010-07-16,-1,575,959,108.88,106.67,108.89,106.66,eod,2.2099999999999937,0.020295711268252307,202.95711268252307,0.29000000000000625,7.620689655172228
2010-07-19,1,575,608,107.18,106.98,107.17,107.0,stop,-0.20000000000000284,-0.0018661938975459815,-18.661938975459815,0.1700000000000017,-1.176470588235299
2010-07-20,1,575,577,106.0699,105.8,106.0599,105.82,stop,-0.2699000000000069,-0.0025447883695912115,-25.447883695912115,0.23990000000000578,-1.12505210504377
2010-07-21,-1,575,853,108.92,107.54000000000015,108.93,107.53000000000014,target,1.3799999999998533,0.01266868631230931,126.6868631230931,0.13999999999998636,9.85714285714277
2010-07-22,1,575,959,108.63000000000001,109.44999999999999,108.62,109.46,eod,0.819999999999979,0.007549254280979367,75.49254280979368,0.29000000000000625,2.8275862068964184
2010-07-23,-1,575,579,108.96,109.3417,108.97,109.3217,stop,-0.38170000000000925,-0.0035027989354869163,-35.02798935486916,0.3517000000000081,-1.0852999715666773
2010-07-26,-1,575,599,110.47,110.71,110.48,110.69,stop,-0.23999999999999488,-0.0021723388848659928,-21.723388848659926,0.20999999999999375,-1.1428571428571526
2010-07-27,-1,575,579,112.1,112.25,112.11,112.23,stop,-0.15000000000000568,-0.0013379716350013886,-13.379716350013886,0.12000000000000455,-1.25
2010-07-28,1,575,587,111.49000000000001,111.27000000000001,111.48,111.29,stop,-0.21999999999999886,-0.001973448152134902,-19.734481521349018,0.18999999999999773,-1.157894736842113
2010-07-29,1,575,587,111.56,111.49000000000001,111.55,111.51,stop,-0.06999999999999318,-0.0006275212909008801,-6.275212909008801,0.03999999999999204,-1.7500000000001776
2010-07-30,1,575,575,109.34,109.14,109.33,109.16,stop,-0.20000000000000284,-0.001829324064758098,-18.29324064758098,0.1700000000000017,-1.176470588235299
2010-08-02,-1,575,600,111.83,112.08,111.84,112.06,stop,-0.25,-0.002235336194563662,-22.35336194563662,0.21999999999999886,-1.1363636363636422
2010-08-03,-1,575,580,112.39,112.53999999999999,112.4,112.52,stop,-0.14999999999999147,-0.0013345195729536608,-13.345195729536607,0.11999999999999034,-1.2500000000000295
2010-08-04,-1,575,579,112.44999999999999,112.6,112.46,112.58,stop,-0.15000000000000568,-0.0013338075760270824,-13.338075760270824,0.12000000000000455,-1.25
2010-08-05,-1,575,581,112.14999999999999,112.42,112.16,112.4,stop,-0.27000000000001023,-0.002407275320970134,-24.07275320970134,0.2400000000000091,-1.125
2010-08-06,1,575,644,112.08,111.65,112.07,111.67,stop,-0.4299999999999926,-0.003836887659498462,-38.36887659498462,0.3999999999999915,-1.0750000000000044
2010-08-09,-1,575,695,112.77,112.97,112.78,112.95,stop,-0.20000000000000284,-0.0017733640716439338,-17.73364071643934,0.1700000000000017,-1.176470588235299
2010-08-10,1,575,578,112.14,111.94,112.13,111.96,stop,-0.20000000000000284,-0.001783643984660687,-17.836439846606872,0.1700000000000017,-1.176470588235299
2010-08-11,-1,575,959,110.1,109.3001,110.11,109.2901,eod,0.7998999999999938,0.007264553628189936,72.64553628189935,0.5799999999999983,1.3791379310344762
2010-08-12,1,575,959,108.21000000000001,108.63,108.2,108.64,eod,0.4199999999999875,0.003881700554528535,38.817005545285355,0.6000000000000085,0.6999999999999692
2010-08-13,1,575,696,108.7,108.23,108.69,108.25,stop,-0.46999999999999886,-0.0043242248596926935,-43.242248596926935,0.4399999999999977,-1.068181818181821
2010-08-16,-1,575,575,107.52,107.63,107.53,107.61,stop,-0.10999999999999943,-0.0010229703338603127,-10.229703338603127,0.0799999999999983,-1.3750000000000222
2010-08-17,-1,575,650,109.1,109.315,109.11,109.295,stop,-0.2150000000000034,-0.0019704884978462415,-19.704884978462417,0.18500000000000227,-1.1621621621621663
2010-08-18,-1,575,666,109.19,109.56,109.2,109.54,stop,-0.37000000000000455,-0.00338827838827843,-33.8827838827843,0.3400000000000034,-1.0882352941176494
2010-08-19,-1,575,575,109.14999999999999,109.36,109.16,109.34,stop,-0.21000000000000796,-0.0019237816049835835,-19.237816049835835,0.18000000000000682,-1.1666666666666667
2010-08-20,1,575,581,107.60000000000001,107.32000000000001,107.59,107.34,stop,-0.28000000000000114,-0.0026024723487313053,-26.024723487313054,0.25,-1.1200000000000045
2010-08-23,1,575,621,108.07000000000001,107.88000000000001,108.06,107.9,stop,-0.18999999999999773,-0.0017582824356838582,-17.582824356838582,0.1599999999999966,-1.187500000000011
2010-08-24,-1,575,660,105.88,106.07,105.89,106.05,stop,-0.18999999999999773,-0.0017943148550382257,-17.943148550382258,0.1599999999999966,-1.187500000000011
2010-08-25,1,575,586,105.16000000000001,104.88000000000001,105.15,104.9,stop,-0.28000000000000114,-0.0026628625772705766,-26.628625772705767,0.25,-1.1200000000000045
2010-08-26,-1,575,611,106.25999999999999,106.47999999999999,106.27,106.46,stop,-0.21999999999999886,-0.0020701985508610036,-20.701985508610036,0.18999999999999773,-1.157894736842113
2010-08-27,-1,575,667,105.69999999999999,105.99,105.71,105.97,stop,-0.29000000000000625,-0.002743354460316018,-27.43354460316018,0.2600000000000051,-1.1153846153846174
2010-08-30,-1,575,575,106.55,106.71,106.56,106.69,stop,-0.1599999999999966,-0.0015015015015014694,-15.015015015014693,0.12999999999999545,-1.2307692307692475
2010-08-31,-1,575,589,104.86999999999999,105.06,104.88,105.04,stop,-0.19000000000001194,-0.0018115942028986646,-18.115942028986645,0.1600000000000108,-1.1874999999999944
2010-09-01,1,575,578,106.95,106.69,106.94,106.71,stop,-0.2600000000000051,-0.002431269870955724,-24.31269870955724,0.23000000000000398,-1.1304347826086982
2010-09-02,-1,575,588,108.63,108.77,108.64,108.75,stop,-0.14000000000000057,-0.0012886597938144382,-12.886597938144382,0.10999999999999943,-1.2727272727272845
2010-09-03,1,575,607,110.66000000000001,110.51,110.65,110.53,stop,-0.15000000000000568,-0.0013556258472662058,-13.556258472662059,0.12000000000000455,-1.25
2010-09-07,-1,575,584,110.24,110.47999999999999,110.25,110.46,stop,-0.23999999999999488,-0.0021768707482992733,-21.76870748299273,0.20999999999999375,-1.1428571428571526
2010-09-08,1,575,959,110.03,110.38,110.02,110.39,eod,0.3499999999999943,0.0031812397745863874,31.812397745863873,0.20999999999999375,1.6666666666666892
2010-09-09,-1,575,959,111.44999999999999,110.94000000000001,111.46,110.93,eod,0.5099999999999767,0.004575632513906126,45.75632513906125,0.22000000000001307,2.3181818181815745
2010-09-10,-1,575,590,110.94999999999999,111.22,110.96,111.2,stop,-0.27000000000001023,-0.0024333093006489747,-24.333093006489747,0.2400000000000091,-1.125
2010-09-13,-1,575,578,112.49,112.63,112.5,112.61,stop,-0.14000000000000057,-0.0012444444444444495,-12.444444444444494,0.10999999999999943,-1.2727272727272845
2010-09-14,-1,575,632,112.42999999999999,112.61999999999999,112.44,112.6,stop,-0.18999999999999773,-0.0016897901102810185,-16.897901102810184,0.1599999999999966,-1.187500000000011
2010-09-15,-1,575,592,112.14999999999999,112.35,112.16,112.33,stop,-0.20000000000000284,-0.0017831669044222793,-17.831669044222792,0.1700000000000017,-1.176470588235299
2010-09-16,1,575,580,112.79,112.65,112.78,112.67,stop,-0.14000000000000057,-0.0012413548501507409,-12.413548501507409,0.10999999999999943,-1.2727272727272845
2010-09-17,-1,575,577,112.83999999999999,113.06,112.85,113.04,stop,-0.22000000000001307,-0.001949490474080754,-19.494904740807538,0.19000000000001194,-1.1578947368421013
2010-09-20,-1,575,594,112.77,112.94,112.78,112.92,stop,-0.1700000000000017,-0.0015073594608973372,-15.073594608973373,0.14000000000000057,-1.2142857142857215
2010-09-21,-1,575,858,114.16,114.36,114.17,114.34,stop,-0.20000000000000284,-0.001751773670841752,-17.51773670841752,0.1700000000000017,-1.176470588235299
2010-09-22,1,575,603,114.06,113.74000000000001,114.05,113.76,stop,-0.3199999999999932,-0.0028057869355545217,-28.05786935554522,0.28999999999999204,-1.1034482758620758
2010-09-23,-1,575,579,112.47,112.57,112.48,112.55,stop,-0.09999999999999432,-0.00088904694167847,-8.8904694167847,0.06999999999999318,-1.4285714285714866
2010-09-24,1,575,959,113.78,114.78999999999999,113.77,114.8,eod,1.009999999999991,0.008877559989452324,88.77559989452324,0.11999999999999034,8.416666666667268
2010-09-27,-1,575,869,114.71,114.89,114.72,114.87,stop,-0.18000000000000682,-0.001569037656903825,-15.69037656903825,0.15000000000000568,-1.2
2010-09-28,-1,575,688,114.19,114.46,114.2,114.44,stop,-0.269999999999996,-0.0023642732049036427,-23.64273204903643,0.23999999999999488,-1.1250000000000073
2010-09-29,-1,575,575,114.32,114.46,114.33,114.44,stop,-0.14000000000000057,-0.0012245254963701615,-12.245254963701615,0.10999999999999943,-1.2727272727272845
2010-09-30,1,575,581,115.33,115.03,115.32,115.05,stop,-0.29999999999999716,-0.0026014568158168327,-26.014568158168327,0.269999999999996,-1.111111111111117
2010-10-01,-1,575,959,114.94,114.63990000000001,114.95,114.6299,eod,0.30009999999998627,0.0026107003044800892,26.10700304480089,0.1700000000000017,1.7652941176469603
2010-10-04,1,575,601,114.55000000000001,114.34,114.54,114.36,stop,-0.21000000000000796,-0.0018334206390781208,-18.33420639078121,0.18000000000000682,-1.1666666666666667
2010-10-05,1,575,578,114.95,114.76,114.94,114.78,stop,-0.18999999999999773,-0.0016530363668000498,-16.530363668000497,0.1599999999999966,-1.187500000000011
2010-10-06,1,575,582,116.21000000000001,115.96000000000001,116.2,115.98,stop,-0.25,-0.0021514629948364886,-21.514629948364885,0.21999999999999886,-1.1363636363636422
2010-10-07,-1,575,959,116.33,115.9,116.34,115.89,eod,0.4299999999999926,0.003696063262850203,36.960632628502026,0.18999999999999773,2.2631578947368305
2010-10-08,-1,575,584,115.92999999999999,116.22,115.94,116.2,stop,-0.29000000000000625,-0.002501293772641075,-25.01293772641075,0.2600000000000051,-1.1153846153846174
2010-10-11,-1,575,578,116.67,116.8,116.68,116.78,stop,-0.12999999999999545,-0.0011141583818991725,-11.141583818991725,0.09999999999999432,-1.3000000000000285
2010-10-12,-1,575,642,116.1,116.33,116.11,116.31,stop,-0.23000000000000398,-0.0019808801998105587,-19.808801998105587,0.20000000000000284,-1.1500000000000035
2010-10-13,-1,575,587,117.55,117.75999999999999,117.56,117.74,stop,-0.20999999999999375,-0.0017863218781898073,-17.863218781898073,0.1799999999999926,-1.1666666666666798
2010-10-14,-1,575,582,117.67,117.86,117.68,117.84,stop,-0.18999999999999773,-0.001614547926580538,-16.14547926580538,0.1599999999999966,-1.187500000000011
2010-10-15,-1,575,959,118.08,117.74000000000001,118.09,117.73,eod,0.3399999999999892,0.0028791599627401914,28.791599627401915,0.2599999999999909,1.307692307692312
2010-10-18,-1,575,580,117.64,117.81,117.65,117.79,stop,-0.1700000000000017,-0.0014449638759031168,-14.449638759031169,0.14000000000000057,-1.2142857142857215
2010-10-19,-1,575,576,117.08999999999999,117.24,117.1,117.22,stop,-0.15000000000000568,-0.0012809564474808343,-12.809564474808342,0.12000000000000455,-1.25
2010-10-20,1,575,959,117.14,117.86,117.13,117.87,eod,0.7199999999999989,0.006147016135917348,61.470161359173474,0.2599999999999909,2.7692307692308615
2010-10-21,-1,575,576,118.22999999999999,118.46,118.24,118.44,stop,-0.23000000000000398,-0.0019451962110961095,-19.451962110961095,0.20000000000000284,-1.1500000000000035
2010-10-22,-1,575,577,118.19999999999999,118.35,118.21,118.33,stop,-0.15000000000000568,-0.0012689281786651358,-12.689281786651357,0.12000000000000455,-1.25
2010-10-25,1,575,642,119.29,119.05,119.28,119.07,stop,-0.2400000000000091,-0.002012072434607722,-20.12072434607722,0.21000000000000796,-1.1428571428571428
2010-10-26,-1,575,580,118.05999999999999,118.14,118.07,118.12,stop,-0.0800000000000125,-0.0006775641568562082,-6.775641568562082,0.05000000000001137,-1.5999999999998864
2010-10-27,1,575,624,117.96000000000001,117.71000000000001,117.95,117.73,stop,-0.25,-0.00211954217888936,-21.195421788893597,0.21999999999999886,-1.1363636363636422
2010-10-28,1,575,582,119.08,118.87,119.07,118.89,stop,-0.20999999999999375,-0.0017636684303350446,-17.636684303350446,0.1799999999999926,-1.1666666666666798
2010-10-29,1,575,597,118.31,118.16000000000001,118.3,118.18,stop,-0.14999999999999147,-0.001267962806424273,-12.67962806424273,0.11999999999999034,-1.2500000000000295
2010-11-02,1,575,576,119.47,119.39,119.46,119.41,stop,-0.0799999999999983,-0.0006696802276912632,-6.696802276912631,0.04999999999999716,-1.600000000000057
2010-11-03,1,575,577,119.7,119.57000000000001,119.69,119.59,stop,-0.12999999999999545,-0.0010861391929149924,-10.861391929149924,0.09999999999999432,-1.3000000000000285
2010-11-04,-1,575,579,121.19,121.32,121.2,121.3,stop,-0.12999999999999545,-0.001072607260726035,-10.72607260726035,0.09999999999999432,-1.3000000000000285
2010-11-05,-1,575,575,122.28,122.38,122.29,122.36,stop,-0.09999999999999432,-0.0008177283506418702,-8.177283506418702,0.06999999999999318,-1.4285714285714866
2010-11-08,1,575,585,122.36,122.23,122.35,122.25,stop,-0.12999999999999545,-0.0010625255414793253,-10.625255414793253,0.09999999999999432,-1.3000000000000285
2010-11-09,-1,575,603,122.61999999999999,122.83999999999999,122.63,122.82,stop,-0.21999999999999886,-0.001794014515208341,-17.94014515208341,0.18999999999999773,-1.157894736842113
2010-11-10,-1,575,798,121.52,121.72,121.53,121.7,stop,-0.20000000000000284,-0.0016456841932033478,-16.456841932033477,0.1700000000000017,-1.176470588235299
2010-11-11,-1,575,575,121.02,121.11999999999999,121.03,121.1,stop,-0.09999999999999432,-0.0008262414277451402,-8.262414277451402,0.06999999999999318,-1.4285714285714866
2010-11-12,1,575,630,120.99000000000001,120.69,120.98,120.71,stop,-0.30000000000001137,-0.002479748718796589,-24.797487187965892,0.27000000000001023,-1.1111111111111112
2010-11-15,1,575,589,120.65,120.55,120.64,120.57,stop,-0.10000000000000853,-0.000828912466843572,-8.28912466843572,0.07000000000000739,-1.4285714285713995
2010-11-16,-1,575,578,119.03,119.36,119.04,119.34,stop,-0.3299999999999983,-0.002772177419354824,-27.721774193548242,0.29999999999999716,-1.1000000000000048
2010-11-17,1,575,583,118.24000000000001,118.02000000000001,118.23,118.04,stop,-0.21999999999999886,-0.0018607798359130412,-18.607798359130413,0.18999999999999773,-1.157894736842113
2010-11-18,1,575,959,119.58,119.96,119.57,119.97,eod,0.37999999999999545,0.0031780546959939405,31.780546959939404,0.21999999999999886,1.7272727272727155
2010-11-19,-1,575,701,119.8,119.94,119.81,119.92,stop,-0.14000000000000057,-0.0011685168182956395,-11.685168182956394,0.10999999999999943,-1.2727272727272845
2010-11-22,-1,575,578,119.64999999999999,119.83,119.66,119.81,stop,-0.18000000000000682,-0.0015042620758817218,-15.042620758817218,0.15000000000000568,-1.2
2010-11-23,-1,575,582,118.72,118.89999999999999,118.73,118.88,stop,-0.1799999999999926,-0.0015160448075464718,-15.160448075464718,0.14999999999999147,-1.200000000000019
2010-11-24,1,575,959,119.55000000000001,120.17,119.54,120.18,eod,0.6199999999999903,0.005186548435669987,51.865484356699874,0.37000000000000455,1.675675675675629
2010-11-26,1,575,782,119.2,119.01,119.19,119.03,stop,-0.18999999999999773,-0.0015940934642167776,-15.940934642167777,0.1599999999999966,-1.187500000000011
2010-11-29,-1,575,582,118.39,118.64999999999999,118.4,118.63,stop,-0.2599999999999909,-0.002195945945945869,-21.95945945945869,0.22999999999998977,-1.1304347826087064
2010-11-30,1,575,578,118.17,117.91000000000001,118.16,117.93,stop,-0.2599999999999909,-0.0022004062288421707,-22.004062288421707,0.22999999999998977,-1.1304347826087064
2010-12-01,1,575,959,120.29,121.0,120.28,121.01,eod,0.7099999999999937,0.005902893249085415,59.028932490854146,0.09000000000000341,7.888888888888521
2010-12-02,1,575,959,121.37,122.55999999999999,121.36,122.57,eod,1.1899999999999835,0.009805537244561499,98.05537244561499,0.23000000000000398,5.1739130434781
2010-12-03,1,575,714,122.24000000000001,122.09,122.23,122.11,stop,-0.15000000000000568,-0.0012271946330688513,-12.271946330688513,0.12000000000000455,-1.25
2010-12-06,1,575,592,122.7,122.49000000000001,122.69,122.51,stop,-0.20999999999999375,-0.0017116309397668412,-17.116309397668413,0.1799999999999926,-1.1666666666666798
2010-12-07,-1,575,959,123.86,122.84,123.87,122.83,eod,1.019999999999996,0.008234439331557245,82.34439331557245,0.14000000000000057,7.285714285714228
2010-12-08,1,575,606,123.15,122.92,123.14,122.94,stop,-0.23000000000000398,-0.0018677927562124733,-18.677927562124733,0.20000000000000284,-1.1500000000000035
2010-12-09,-1,575,959,123.83,123.80000000000001,123.84,123.79,eod,0.029999999999986926,0.0002422480620153983,2.422480620153983,0.1799999999999926,0.16666666666660088
2010-12-10,-1,575,595,124.02,124.17999999999999,124.03,124.16,stop,-0.1599999999999966,-0.0012900104813351333,-12.900104813351334,0.12999999999999545,-1.2307692307692475
2010-12-13,-1,575,622,124.92,125.07,124.93,125.05,stop,-0.14999999999999147,-0.001200672376530789,-12.00672376530789,0.11999999999999034,-1.2500000000000295
2010-12-15,1,575,766,124.56,124.36,124.55,124.38,stop,-0.20000000000000284,-0.0016057808109193323,-16.057808109193324,0.1700000000000017,-1.176470588235299
2010-12-17,-1,575,579,124.03,124.13,124.04,124.11,stop,-0.09999999999999432,-0.0008061915511124985,-8.061915511124985,0.06999999999999318,-1.4285714285714866
2010-12-20,-1,575,844,124.55999999999999,124.72,124.57,124.7,stop,-0.1600000000000108,-0.0012844183992936566,-12.844183992936566,0.13000000000000966,-1.2307692307692224
2010-12-21,-1,575,582,124.91,125.1,124.92,125.08,stop,-0.18999999999999773,-0.0015209734229906958,-15.209734229906957,0.1599999999999966,-1.187500000000011
2010-12-22,-1,575,579,125.42999999999999,125.57,125.44,125.55,stop,-0.14000000000000057,-0.001116071428571433,-11.16071428571433,0.10999999999999943,-1.2727272727272845
2010-12-23,-1,575,579,125.58999999999999,125.72,125.6,125.7,stop,-0.13000000000000966,-0.001035031847133835,-10.35031847133835,0.10000000000000853,-1.2999999999999858
2010-12-27,-1,575,576,125.05,125.17999999999999,125.06,125.16,stop,-0.12999999999999545,-0.0010395010395010031,-10.395010395010031,0.09999999999999432,-1.3000000000000285
2010-12-28,-1,575,959,125.80999999999999,125.81,125.82,125.8,eod,-1.4210854715202004e-14,-1.1294591253538392e-16,-1.1294591253538392e-12,0.13000000000000966,-1.0931426704000729e-13
2010-12-29,1,575,577,126.04,125.93,126.03,125.95,stop,-0.10999999999999943,-0.0008728080615726369,-8.72808061572637,0.0799999999999983,-1.3750000000000222
2010-12-30,1,575,603,125.83,125.73,125.82,125.75,stop,-0.09999999999999432,-0.0007947862025114793,-7.947862025114793,0.06999999999999318,-1.4285714285714866
2010-12-31,1,575,580,125.61,125.49000000000001,125.6,125.51,stop,-0.11999999999999034,-0.0009554140127387766,-9.554140127387766,0.0899999999999892,-1.3333333333333859
2011-01-03,1,575,959,126.76,127.03999999999999,126.75,127.05,eod,0.2799999999999869,0.0022090729783036446,22.090729783036444,0.09000000000000341,3.111111111110848
2011-01-04,-1,575,959,127.19,126.94000000000001,127.2,126.93,eod,0.2499999999999858,0.0019654088050313346,19.654088050313348,0.1700000000000017,1.4705882352940194
2011-01-05,1,575,959,126.62,127.61999999999999,126.61,127.63,eod,0.9999999999999858,0.007898270278808829,78.98270278808829,0.15000000000000568,6.66666666666632
2011-01-06,-1,575,630,127.58999999999999,127.75999999999999,127.6,127.74,stop,-0.1700000000000017,-0.0013322884012539318,-13.322884012539319,0.14000000000000057,-1.2142857142857215
2011-01-07,1,575,580,127.60000000000001,127.41000000000001,127.59,127.43,stop,-0.18999999999999773,-0.0014891449173132512,-14.89144917313251,0.1599999999999966,-1.187500000000011
2011-01-10,-1,575,583,126.44999999999999,126.72,126.46,126.7,stop,-0.27000000000001023,-0.0021350624703464355,-21.350624703464355,0.2400000000000091,-1.125
2011-01-11,1,575,579,127.64,127.41000000000001,127.63,127.43,stop,-0.22999999999998977,-0.0018020841494945528,-18.02084149494553,0.19999999999998863,-1.1500000000000141
2011-01-12,-1,575,616,128.15,128.28,128.16,128.26,stop,-0.12999999999999545,-0.001014357053682861,-10.143570536828609,0.09999999999999432,-1.3000000000000285
2011-01-13,-1,575,691,128.55,128.68,128.56,128.66,stop,-0.12999999999999545,-0.001011200995644022,-10.11200995644022,0.09999999999999432,-1.3000000000000285
2011-01-14,1,575,959,128.26,129.27,128.25,129.28,eod,1.0100000000000193,0.0078752436647175,78.752436647175,0.15000000000000568,6.733333333333207
2011-01-18,1,575,590,129.325,129.14,129.315,129.16,stop,-0.18500000000000227,-0.0014306151645207615,-14.306151645207615,0.15500000000000114,-1.19354838709678
2011-01-19,1,575,575,129.42999999999998,129.34,129.42,129.36,stop,-0.08999999999997499,-0.0006954102920721294,-6.9541029207212945,0.05999999999997385,-1.500000000000237
2011-01-20,-1,575,599,127.63,128.02,127.64,128.0,stop,-0.3900000000000148,-0.0030554685051709086,-30.554685051709086,0.35999999999999943,-1.0833333333333761
2011-01-21,-1,575,587,128.83,128.91,128.84,128.89,stop,-0.07999999999998408,-0.0006209251785158653,-6.209251785158653,0.04999999999998295,-1.6000000000002275
2011-01-24,1,575,959,128.47,129.12,128.46,129.13,eod,0.6500000000000057,0.005059940837614865,50.59940837614865,0.20000000000001705,3.2499999999997513
2011-01-25,1,575,578,128.82,128.64,128.81,128.66,stop,-0.18000000000000682,-0.0013974070336154555,-13.974070336154554,0.15000000000000568,-1.2
2011-01-26,-1,575,575,129.45000000000002,129.54000000000002,129.46,129.52,stop,-0.09000000000000341,-0.0006951954271589943,-6.951954271589943,0.060000000000002274,-1.5
2011-01-27,-1,575,581,129.67000000000002,129.82000000000002,129.68,129.8,stop,-0.15000000000000568,-0.0011566933991363794,-11.566933991363793,0.12000000000000455,-1.25
2011-01-28,-1,575,585,130.01000000000002,130.24,130.02,130.22,stop,-0.22999999999998977,-0.001768958621750421,-17.68958621750421,0.19999999999998863,-1.1500000000000141
2011-01-31,-1,575,639,128.01000000000002,128.23000000000002,128.02,128.21,stop,-0.21999999999999886,-0.0017184814872676054,-17.184814872676053,0.18999999999999773,-1.157894736842113
2011-02-01,1,575,959,129.66,130.74,129.65,130.75,eod,1.0800000000000125,0.008330119552641823,83.30119552641824,0.2699000000000069,4.001482030381567
2011-02-02,1,575,580,130.53,130.38,130.52,130.4,stop,-0.15000000000000568,-0.001149249157217328,-11.49249157217328,0.12000000000000455,-1.25
2011-02-03,1,575,583,130.29999999999998,130.23,130.29,130.25,stop,-0.06999999999999318,-0.0005372630286283919,-5.372630286283919,0.03999999999999204,-1.7500000000001776
2011-02-04,1,575,576,130.95999999999998,130.72,130.95,130.74,stop,-0.23999999999998067,-0.0018327605956470461,-18.32760595647046,0.20999999999997954,-1.1428571428571621
2011-02-07,1,575,959,131.53199999999998,131.97,131.522,131.98,eod,0.4380000000000166,0.0033302413284470784,33.30241328447078,0.09199999999998454,4.760869565218372
2011-02-08,-1,575,600,132.02,132.15,132.03,132.13,stop,-0.12999999999999545,-0.0009846247065060626,-9.846247065060625,0.09999999999999432,-1.3000000000000285
2011-02-09,1,575,589,132.35,132.17,132.34,132.19,stop,-0.18000000000000682,-0.0013601329907813723,-13.601329907813723,0.15000000000000568,-1.2
2011-02-10,1,575,586,131.67,131.53,131.66,131.55,stop,-0.13999999999998636,-0.0010633449794925289,-10.633449794925289,0.10999999999998522,-1.2727272727273198
2011-02-14,1,575,583,133.04,132.95999999999998,133.03,132.98,stop,-0.0800000000000125,-0.000601368112455931,-6.01368112455931,0.05000000000001137,-1.5999999999998864
2011-02-15,-1,575,583,132.95000000000002,133.13000000000002,132.96,133.11,stop,-0.18000000000000682,-0.0013537906137184627,-13.537906137184626,0.15000000000000568,-1.2
2011-02-16,1,575,586,133.54999999999998,133.42999999999998,133.54,133.45,stop,-0.12000000000000455,-0.0008986071589037333,-8.986071589037333,0.09000000000000341,-1.3333333333333333
2011-02-17,-1,575,586,133.41,133.55,133.42,133.53,stop,-0.14000000000001478,-0.001049317943336942,-10.493179433369418,0.11000000000001364,-1.2727272727272492
2011-02-18,-1,575,625,134.24,134.39000000000001,134.25,134.37,stop,-0.15000000000000568,-0.0011173184357542324,-11.173184357542324,0.12000000000000455,-1.25
2011-02-22,-1,575,586,132.87,133.16,132.88,133.14,stop,-0.28999999999999204,-0.002182420228777785,-21.82420228777785,0.2599999999999909,-1.1153846153846239
2011-02-23,1,575,588,131.92,131.6,131.91,131.62,stop,-0.3199999999999932,-0.002425896444545472,-24.25896444545472,0.28999999999999204,-1.1034482758620758
2011-02-24,-1,575,577,130.8,130.99,130.81,130.97,stop,-0.18999999999999773,-0.0014524883418698701,-14.524883418698701,0.1599999999999966,-1.187500000000011
2011-02-25,1,575,959,131.67,132.31,131.66,132.32,eod,0.6400000000000148,0.004861005620537861,48.61005620537861,0.2599999999999909,2.4615384615386047
2011-02-28,1,575,775,132.91,132.70999999999998,132.9,132.73,stop,-0.20000000000001705,-0.001504890895410211,-15.04890895410211,0.17000000000001592,-1.1764705882352844
2011-03-01,-1,575,806,133.48000000000002,131.61,133.49,131.60000000000002,target,1.8700000000000045,0.014008539965540523,140.08539965540524,0.19999999999998863,9.350000000000554
2011-03-02,1,575,606,130.79999999999998,131.38000000000002,130.79,131.39000000000001,target,0.5800000000000409,0.004434589800443772,44.34589800443772,0.060000000000002274,9.666666666666982
2011-03-03,1,575,682,132.67999999999998,132.36999999999998,132.67,132.39,stop,-0.3100000000000023,-0.002336624707921929,-23.36624707921929,0.28000000000000114,-1.1071428571428608
2011-03-04,-1,575,634,133.305,133.5,133.315,133.48,stop,-0.19499999999999318,-0.001462701121404142,-14.62701121404142,0.16499999999999204,-1.1818181818181974
2011-03-07,1,575,576,132.91,132.78,132.9,132.8,stop,-0.12999999999999545,-0.0009781790820165195,-9.781790820165195,0.09999999999999432,-1.3000000000000285
2011-03-08,-1,575,600,131.56,131.77,131.57,131.75,stop,-0.21000000000000796,-0.0015961085353804665,-15.961085353804664,0.18000000000000682,-1.1666666666666667
2011-03-09,-1,575,624,132.26000000000002,132.44,132.27,132.42,stop,-0.1799999999999784,-0.0013608528010885187,-13.608528010885188,0.14999999999997726,-1.200000000000038
2011-03-10,-1,575,644,130.52,131.06,130.53,131.04,stop,-0.539999999999992,-0.004136980004596584,-41.36980004596584,0.5099999999999909,-1.058823529411768
2011-03-11,1,575,959,129.88,130.83,129.87,130.84,eod,0.950000000000017,0.0073150073150074464,73.15007315007446,0.37999999999999545,2.5000000000000746
2011-03-14,1,575,584,130.29999999999998,129.92999999999998,130.29,129.95,stop,-0.37000000000000455,-0.0028398188656075262,-28.398188656075263,0.3400000000000034,-1.0882352941176494
2011-03-15,1,575,575,126.68,126.54,126.67,126.56,stop,-0.14000000000000057,-0.0011052340727875627,-11.052340727875627,0.10999999999999943,-1.2727272727272845
2011-03-16,1,575,579,128.23,128.04999999999998,128.22,128.07,stop,-0.18000000000000682,-0.001403837154890086,-14.03837154890086,0.15000000000000568,-1.2
2011-03-17,-1,575,618,127.89999999999999,128.139,127.91,128.119,stop,-0.23900000000001853,-0.0018685012899696547,-18.685012899696545,0.20900000000000318,-1.1435406698565305
2011-03-18,-1,575,959,128.71,127.80000000000001,128.72,127.79,eod,0.9099999999999966,0.0070696084524549145,70.69608452454915,0.1599999999999966,5.6875000000001
2011-03-21,1,575,959,129.48,129.715,129.47,129.725,eod,0.23500000000001364,0.0018150922993744778,18.15092299374478,0.27000000000001023,0.8703703703703879
2011-03-22,1,575,582,129.82999999999998,129.57999999999998,129.82,129.6,stop,-0.25,-0.0019257433369280544,-19.257433369280545,0.21999999999999886,-1.1363636363636422
2011-03-23,1,575,576,128.95999999999998,128.815,128.95,128.835,stop,-0.1449999999999818,-0.0011244668476152139,-11.244668476152139,0.11499999999998067,-1.260869565217445
2011-03-24,-1,575,655,130.16,130.48000000000002,130.17,130.46,stop,-0.3200000000000216,-0.002458323730506427,-24.583237305064273,0.29000000000002046,-1.1034482758620656
2011-03-25,-1,575,627,131.19,131.32000000000002,131.2,131.3,stop,-0.13000000000002387,-0.0009908536585367675,-9.908536585367676,0.10000000000002274,-1.2999999999999432
2011-03-28,-1,575,579,131.52,131.63000000000002,131.53,131.61,stop,-0.11000000000001364,-0.00083631110773218,-8.3631110773218,0.0800000000000125,-1.3749999999999556
2011-03-29,-1,575,605,130.78,130.95000000000002,130.79,130.93,stop,-0.17000000000001592,-0.0012997935621990666,-12.997935621990667,0.14000000000001478,-1.2142857142856998
2011-03-30,1,575,576,132.57999999999998,132.47,132.57,132.49,stop,-0.10999999999998522,-0.0008297503205852396,-8.297503205852397,0.07999999999998408,-1.3750000000000888
2011-03-31,1,575,593,132.72,132.57,132.71,132.59,stop,-0.15000000000000568,-0.0011302840780649964,-11.302840780649964,0.12000000000000455,-1.25
2011-04-01,-1,575,610,133.28,133.48000000000002,133.29,133.46,stop,-0.20000000000001705,-0.001500487658489137,-15.004876584891369,0.17000000000001592,-1.1764705882352844
2011-04-04,-1,575,575,133.41,133.53,133.42,133.51,stop,-0.12000000000000455,-0.0008994153800030322,-8.994153800030322,0.09000000000000341,-1.3333333333333333
2011-04-05,1,575,582,133.04,132.92999999999998,133.03,132.95,stop,-0.11000000000001364,-0.0008268811546268785,-8.268811546268784,0.0800000000000125,-1.3749999999999556
2011-04-06,-1,575,576,133.76000000000002,133.92000000000002,133.77,133.9,stop,-0.1599999999999966,-0.0011960828287358644,-11.960828287358645,0.12999999999999545,-1.2307692307692475
2011-04-07,1,575,637,133.48,133.35999999999999,133.47,133.38,stop,-0.12000000000000455,-0.0008990784445943249,-8.990784445943248,0.09000000000000341,-1.3333333333333333
2011-04-08,1,575,579,133.92999999999998,133.79999999999998,133.92,133.82,stop,-0.12999999999999545,-0.0009707287933094046,-9.707287933094046,0.09999999999999432,-1.3000000000000285
2011-04-11,1,575,579,133.22,132.98,133.21,133.0,stop,-0.2400000000000091,-0.0018016665415510028,-18.016665415510026,0.21000000000000796,-1.1428571428571428
2011-04-12,-1,575,578,131.62,131.79000000000002,131.63,131.77,stop,-0.17000000000001592,-0.001291498898427531,-12.91498898427531,0.14000000000001478,-1.2142857142856998
2011-04-13,-1,575,959,132.02,131.47,132.03,131.46,eod,0.5500000000000114,0.004165719912141266,41.65719912141266,0.15000000000000568,3.6666666666666035
2011-04-14,1,575,584,130.75,130.64999999999998,130.74,130.67,stop,-0.10000000000002274,-0.0007648768548265468,-7.648768548265468,0.0700000000000216,-1.4285714285713125
2011-04-15,-1,575,600,131.68,131.86,131.69,131.84,stop,-0.18000000000000682,-0.001366846381653936,-13.66846381653936,0.15000000000000568,-1.2
2011-04-18,-1,575,881,130.04000000000002,130.62,130.05,130.6,stop,-0.5799999999999841,-0.0044598231449441295,-44.59823144944129,0.549999999999983,-1.0545454545454582
2011-04-19,1,575,592,130.95,130.7,130.94,130.72,stop,-0.25,-0.0019092714220253551,-19.09271422025355,0.21999999999999886,-1.1363636363636422
2011-04-20,1,575,591,132.98,132.82999999999998,132.97,132.85,stop,-0.15000000000000568,-0.0011280740016545512,-11.280740016545513,0.12000000000000455,-1.25
2011-04-21,-1,575,691,133.63,133.81,133.64,133.79,stop,-0.18000000000000682,-0.001346902125112293,-13.46902125112293,0.15000000000000568,-1.2
2011-04-25,-1,575,586,133.65,133.77,133.66,133.75,stop,-0.12000000000000455,-0.0008978003890468693,-8.978003890468694,0.09000000000000341,-1.3333333333333333
2011-04-26,1,575,580,134.13,133.94,134.12,133.96,stop,-0.18999999999999773,-0.001416641813301504,-14.16641813301504,0.1599999999999966,-1.187500000000011
2011-04-27,-1,575,799,134.99,135.12,135.0,135.1,stop,-0.12999999999999545,-0.0009629629629629293,-9.629629629629292,0.09999999999999432,-1.3000000000000285
2011-04-28,1,575,959,135.54,136.10000000000002,135.53,136.11,eod,0.5600000000000307,0.0041319265107358566,41.31926510735857,0.12000000000000455,4.666666666666746
2011-04-29,1,575,596,136.2,136.07999999999998,136.19,136.1,stop,-0.12000000000000455,-0.0008811219619649353,-8.811219619649354,0.09000000000000341,-1.3333333333333333
2011-05-02,-1,575,625,136.98000000000002,137.12,136.99,137.1,stop,-0.13999999999998636,-0.0010219724067449182,-10.219724067449182,0.10999999999998522,-1.2727272727273198
2011-05-03,1,575,580,136.03,135.89,136.02,135.91,stop,-0.14000000000001478,-0.0010292604028820378,-10.292604028820378,0.11000000000001364,-1.2727272727272492
2011-05-04,-1,575,745,135.60000000000002,134.31000000000003,135.61,134.30000000000004,target,1.289999999999992,0.009512572819113574,95.12572819113574,0.11999999999997613,10.750000000002073
2011-05-05,-1,575,581,133.91,134.19,133.92,134.17,stop,-0.28000000000000114,-0.0020908004778972607,-20.908004778972607,0.25,-1.1200000000000045
2011-05-06,1,575,589,135.31,134.85999999999999,135.3,134.88,stop,-0.45000000000001705,-0.00332594235033272,-33.2594235033272,0.4200000000000159,-1.0714285714285714
2011-05-09,1,575,581,134.38,134.16,134.37,134.18,stop,-0.21999999999999886,-0.0016372702240083268,-16.372702240083267,0.18999999999999773,-1.157894736842113
2011-05-10,1,575,576,135.22,135.04999999999998,135.21,135.07,stop,-0.17000000000001592,-0.0012573034538866646,-12.573034538866645,0.14000000000001478,-1.2142857142856998
2011-05-11,-1,575,959,135.33,134.45999999999998,135.34,134.45,eod,0.870000000000033,0.006428254765775328,64.28254765775328,0.3499999999999943,2.4857142857144203
2011-05-12,-1,575,683,133.98000000000002,134.18,133.99,134.16,stop,-0.19999999999998863,-0.0014926487051271633,-14.926487051271634,0.1699999999999875,-1.1764705882353137
2011-05-13,-1,575,959,135.05,134.04,135.06,134.03,eod,1.0100000000000193,0.00747815785576795,74.7815785576795,0.28000000000000114,3.6071428571429114
2011-05-16,-1,575,575,133.48000000000002,133.60000000000002,133.49,133.58,stop,-0.12000000000000455,-0.0008989437411042366,-8.989437411042365,0.09000000000000341,-1.3333333333333333
2011-05-17,1,575,668,132.75,132.45999999999998,132.74,132.48,stop,-0.29000000000002046,-0.0021847220129578154,-21.847220129578155,0.2600000000000193,-1.1153846153846112
2011-05-18,-1,575,583,133.09,133.29000000000002,133.1,133.27,stop,-0.20000000000001705,-0.0015026296018032838,-15.026296018032838,0.17000000000001592,-1.1764705882352844
2011-05-19,1,575,578,134.85999999999999,134.73,134.85,134.75,stop,-0.12999999999999545,-0.0009640341119762362,-9.640341119762363,0.09999999999999432,-1.3000000000000285
2011-05-20,1,575,575,134.34,134.29,134.33,134.31,stop,-0.05000000000001137,-0.00037221767289519366,-3.7221767289519367,0.020000000000010232,-2.4999999999992895
2011-05-23,-1,575,577,131.83,132.01000000000002,131.84,131.99,stop,-0.18000000000000682,-0.001365291262135974,-13.65291262135974,0.15000000000000568,-1.2
2011-05-24,-1,575,575,132.42000000000002,132.53,132.43,132.51,stop,-0.10999999999998522,-0.0008306275013213412,-8.306275013213412,0.07999999999998408,-1.3750000000000888
2011-05-25,1,575,959,131.54999999999998,132.37,131.54,132.38,eod,0.8200000000000216,0.006233845218184747,62.33845218184747,0.1599999999999966,5.125000000000244
2011-05-26,1,575,595,132.17999999999998,131.98,132.17,132.0,stop,-0.19999999999998863,-0.0015132026935007086,-15.132026935007087,0.1699999999999875,-1.1764705882353137
2011-05-27,1,575,603,133.41,133.32,133.4,133.34,stop,-0.09000000000000341,-0.0006746626686656927,-6.746626686656927,0.060000000000002274,-1.5
2011-05-31,1,575,576,134.81,134.73,134.8,134.75,stop,-0.0800000000000125,-0.0005934718100891134,-5.934718100891135,0.05000000000001137,-1.5999999999998864
2011-06-01,1,575,575,134.54999999999998,134.45,134.54,134.47,stop,-0.09999999999999432,-0.0007432733759476313,-7.432733759476314,0.06999999999999318,-1.4285714285714866
2011-06-02,1,575,577,132.14,131.87199999999999,132.13,131.892,stop,-0.2680000000000007,-0.002028305456747148,-20.28305456747148,0.23799999999999955,-1.1260504201680723
2011-06-03,1,575,959,130.32,130.42000000000002,130.31,130.43,eod,0.10000000000002274,0.0007674008134450367,7.674008134450367,0.22999999999998977,0.4347826086957704
2011-06-06,1,575,588,130.17999999999998,130.06,130.17,130.08,stop,-0.11999999999997613,-0.0009218713989396646,-9.218713989396646,0.08999999999997499,-1.3333333333334385
2011-06-07,-1,575,578,129.63,129.72,129.64,129.7,stop,-0.09000000000000341,-0.000694230175871671,-6.9423017587167095,0.060000000000002274,-1.5
2011-06-08,1,575,588,128.82,128.72,128.81,128.74,stop,-0.09999999999999432,-0.0007763372408974017,-7.763372408974018,0.06999999999999318,-1.4285714285714866
2011-06-09,-1,575,589,128.57000000000002,128.8,128.58,128.78,stop,-0.22999999999998977,-0.0017887696375796373,-17.887696375796374,0.19999999999998863,-1.1500000000000141
2011-06-10,-1,575,959,128.74,127.54,128.75,127.53,eod,1.2000000000000028,0.009320388349514585,93.20388349514585,0.18000000000000682,6.66666666666643
2011-06-13,1,575,658,127.93,127.79,127.92,127.81,stop,-0.14000000000000057,-0.001094434021263294,-10.94434021263294,0.10999999999999943,-1.2727272727272845
2011-06-14,1,575,579,128.95999999999998,128.82,128.95,128.84,stop,-0.13999999999998636,-0.001085692128731961,-10.85692128731961,0.10999999999998522,-1.2727272727273198
2011-06-15,-1,575,583,128.18,128.31,128.19,128.29,stop,-0.12999999999999545,-0.0010141196661205669,-10.141196661205669,0.09999999999999432,-1.3000000000000285
2011-06-16,1,575,600,127.10000000000001,126.95,127.09,126.97,stop,-0.15000000000000568,-0.001180265953261513,-11.80265953261513,0.12000000000000455,-1.25
2011-06-17,-1,575,601,127.71,127.95,127.72,127.93,stop,-0.2400000000000091,-0.0018791105543376847,-18.791105543376847,0.21000000000000796,-1.1428571428571428
2011-06-20,1,575,959,126.85000000000001,127.71,126.84,127.72,eod,0.8599999999999852,0.0067801955219172596,67.8019552191726,0.2600000000000051,3.307692307692186
2011-06-21,-1,575,580,128.23000000000002,128.39000000000001,128.24,128.37,stop,-0.1599999999999966,-0.0012476606363068978,-12.476606363068978,0.12999999999999545,-1.2307692307692475
2011-06-22,1,575,940,129.17999999999998,128.89999999999998,129.17,128.92,stop,-0.28000000000000114,-0.0021676859952001327,-21.676859952001326,0.25,-1.1200000000000045
2011-06-23,-1,575,784,126.82,127.2,126.83,127.18,stop,-0.38000000000000966,-0.002996136560750687,-29.96136560750687,0.3500000000000085,-1.085714285714287
2011-06-24,-1,575,959,128.13,126.81,128.14,126.8,eod,1.3199999999999932,0.010301233026377348,103.01233026377348,0.2300000000000182,5.739130434782125
2011-06-27,-1,575,582,126.8,126.97999999999999,126.81,126.96,stop,-0.1799999999999926,-0.0014194464158977416,-14.194464158977416,0.14999999999999147,-1.200000000000019
2011-06-28,-1,575,576,128.35000000000002,128.47,128.36,128.45,stop,-0.11999999999997613,-0.0009348706762229363,-9.348706762229364,0.08999999999997499,-1.3333333333334385
2011-06-29,-1,575,642,130.14000000000001,130.37,130.15,130.35,stop,-0.22999999999998977,-0.0017671917018823647,-17.671917018823645,0.19999999999998863,-1.1500000000000141
2011-06-30,-1,575,575,131.13,131.21,131.14,131.19,stop,-0.0800000000000125,-0.0006100350770170239,-6.100350770170239,0.05000000000001137,-1.5999999999998864
2011-07-01,-1,575,588,131.83,132.06,131.84,132.04,stop,-0.22999999999998977,-0.0017445388349513786,-17.445388349513784,0.19999999999998863,-1.1500000000000141
2011-07-05,-1,575,603,133.69,133.82000000000002,133.7,133.8,stop,-0.13000000000002387,-0.0009723261032163343,-9.723261032163343,0.10000000000002274,-1.2999999999999432
2011-07-06,1,575,580,133.64,133.41,133.63,133.43,stop,-0.22999999999998977,-0.0017211703958691146,-17.211703958691146,0.19999999999998863,-1.1500000000000141
2011-07-07,-1,575,601,135.04000000000002,135.19,135.05,135.17,stop,-0.14999999999997726,-0.0011106997408365587,-11.106997408365586,0.11999999999997613,-1.2500000000000593
2011-07-08,1,575,611,134.13,133.79999999999998,134.12,133.82,stop,-0.3300000000000125,-0.0024604831494185243,-24.60483149418524,0.30000000000001137,-1.1
2011-07-11,1,575,585,132.98999999999998,132.7,132.98,132.72,stop,-0.28999999999999204,-0.002180779064520921,-21.80779064520921,0.2599999999999909,-1.1153846153846239
2011-07-12,1,575,577,131.82,131.64,131.81,131.66,stop,-0.18000000000000682,-0.0013656020028829893,-13.656020028829893,0.15000000000000568,-1.2
2011-07-13,1,575,592,132.13,132.03,132.12,132.05,stop,-0.09999999999999432,-0.0007568876778685612,-7.568876778685612,0.06999999999999318,-1.4285714285714866
2011-07-14,-1,575,581,132.08,132.25,132.09,132.23,stop,-0.1699999999999875,-0.0012870012870011922,-12.870012870011921,0.13999999999998636,-1.2142857142857433
2011-07-15,1,575,582,131.75,131.57,131.74,131.59,stop,-0.18000000000000682,-0.0013663276149992927,-13.663276149992926,0.15000000000000568,-1.2
2011-07-18,-1,575,580,130.91500000000002,131.20000000000002,130.925,131.18,stop,-0.2849999999999966,-0.0021768187893832086,-21.768187893832085,0.25499999999999545,-1.1176470588235359
2011-07-19,1,575,959,131.70999999999998,132.71,131.7,132.72,eod,1.0000000000000284,0.0075930144267276276,75.93014426727628,0.38999999999998636,2.564102564102727
2011-07-20,-1,575,959,132.93,132.66,132.94,132.65,eod,0.27000000000001023,0.0020309914247029505,20.309914247029507,0.21000000000000796,1.2857142857142858
2011-07-21,-1,575,583,133.3399,133.45000000000002,133.3499,133.43,stop,-0.11010000000001696,-0.0008256474133090236,-8.256474133090236,0.08010000000001583,-1.3745318352059328
2011-07-22,1,575,580,134.54,134.32,134.53,134.34,stop,-0.21999999999999886,-0.0016353229762878084,-16.353229762878083,0.18999999999999773,-1.157894736842113
2011-07-25,1,575,582,133.42999999999998,133.17,133.42,133.19,stop,-0.2599999999999909,-0.001948733323339761,-19.48733323339761,0.22999999999998977,-1.1304347826087064
2011-07-26,-1,575,855,133.69,133.93,133.7,133.91,stop,-0.2400000000000091,-0.0017950635751683554,-17.950635751683553,0.21000000000000796,-1.1428571428571428
2011-07-27,-1,575,959,132.32000000000002,130.62,132.33,130.61,eod,1.700000000000017,0.012846671200786041,128.46671200786042,0.2699999999999818,6.2962962962967834
2011-07-28,1,575,580,130.75,130.5,130.74,130.52,stop,-0.25,-0.0019121921370659322,-19.121921370659322,0.21999999999999886,-1.1363636363636422
2011-07-29,-1,575,575,128.85000000000002,128.97,128.86,128.95,stop,-0.11999999999997613,-0.000931243209684744,-9.31243209684744,0.08999999999997499,-1.3333333333334385
2011-08-01,-1,575,959,130.52,128.79999999999998,130.53,128.79,eod,1.7200000000000273,0.01317704742204878,131.7704742204878,0.4300000000000068,4.0
2011-08-02,1,575,653,127.94000000000001,127.75,127.93,127.77,stop,-0.19000000000001194,-0.0014851872117565225,-14.851872117565225,0.1600000000000108,-1.1874999999999944
2011-08-03,-1,575,600,125.64999999999999,125.83999999999999,125.66,125.82,stop,-0.18999999999999773,-0.001512016552602242,-15.12016552602242,0.1599999999999966,-1.187500000000011
2011-08-04,1,575,584,124.46000000000001,124.14,124.45,124.16,stop,-0.3200000000000074,-0.0025713137806348523,-25.713137806348524,0.29000000000000625,-1.1034482758620707
2011-08-05,1,575,576,121.95,121.55,121.94,121.57,stop,-0.4000000000000057,-0.003280301787764521,-32.80301787764521,0.37000000000000455,-1.0810810810810831
2011-08-08,1,575,617,117.9,116.72,117.89,116.74,stop,-1.1800000000000068,-0.010009330732038399,-100.09330732038399,1.1500000000000057,-1.02608695652174
2011-08-09,-1,575,601,113.58999999999999,114.33,113.6,114.31,stop,-0.7400000000000091,-0.006514084507042334,-65.14084507042334,0.710000000000008,-1.0422535211267616
2011-08-10,-1,575,588,114.25,115.39999999999999,114.26,115.38,stop,-1.1499999999999915,-0.010064764572028631,-100.64764572028632,1.1199999999999903,-1.0267857142857155
2011-08-11,1,575,590,114.25,113.2,114.24,113.22,stop,-1.0499999999999972,-0.009191176470588211,-91.9117647058821,1.019999999999996,-1.0294117647058836
2011-08-12,1,575,594,119.01,118.2,119.0,118.22,stop,-0.8100000000000023,-0.006806722689075649,-68.06722689075649,0.7800000000000011,-1.0384615384615399
2011-08-15,1,575,692,119.35000000000001,119.09,119.34,119.11,stop,-0.2600000000000051,-0.0021786492374728096,-21.786492374728095,0.23000000000000398,-1.1304347826086982
2011-08-16,-1,575,575,119.36,119.56,119.37,119.54,stop,-0.20000000000000284,-0.0016754628466114,-16.754628466114,0.1700000000000017,-1.176470588235299
2011-08-17,1,575,695,120.41000000000001,120.02000000000001,120.4,120.04,stop,-0.39000000000000057,-0.0032392026578073134,-32.392026578073136,0.35999999999999943,-1.0833333333333366
2011-08-18,-1,575,944,116.35,113.45999999999994,116.36,113.44999999999993,target,2.8900000000000574,0.024836713647301972,248.3671364730197,0.28000000000000114,10.321428571428735
2011-08-19,1,575,893,113.44000000000001,112.88000000000001,113.43,112.9,stop,-0.5600000000000023,-0.004936965529401413,-49.36965529401413,0.5300000000000011,-1.0566037735849076
2011-08-22,-1,575,959,114.83,112.78,114.84,112.77,eod,2.049999999999997,0.017850923023336792,178.50923023336793,0.39000000000000057,5.256410256410241
2011-08-23,-1,575,596,113.00999999999999,113.47,113.02,113.45,stop,-0.46000000000000796,-0.004070076092727022,-40.70076092727022,0.4300000000000068,-1.0697674418604666
2011-08-24,1,575,959,116.57000000000001,118.08,116.56,118.09,eod,1.509999999999991,0.012954701441317698,129.54701441317698,0.6400000000000006,2.3593749999999836
2011-08-25,1,575,579,119.25,118.63000000000001,119.24,118.65,stop,-0.6199999999999903,-0.005199597450519879,-51.99597450519879,0.5899999999999892,-1.0508474576271214
2011-08-29,1,575,959,120.04,121.33999999999999,120.03,121.35,eod,1.299999999999983,0.010830625676913962,108.30625676913962,0.5499999999999972,2.3636363636363447
2011-08-30,-1,575,575,120.80999999999999,120.92,120.82,120.9,stop,-0.11000000000001364,-0.0009104452905149284,-9.104452905149284,0.0800000000000125,-1.3749999999999556
2011-08-31,1,575,715,122.60000000000001,122.31,122.59,122.33,stop,-0.29000000000000625,-0.0023656089403703913,-23.656089403703913,0.2600000000000051,-1.1153846153846174
2011-09-01,-1,575,575,122.21,122.35,122.22,122.33,stop,-0.14000000000000057,-0.0011454753722795006,-11.454753722795006,0.10999999999999943,-1.2727272727272845
2011-09-02,1,575,576,118.5798,118.39,118.5698,118.41,stop,-0.1898000000000053,-0.0016007448777007746,-16.007448777007745,0.15980000000000416,-1.1877346683354215
2011-09-06,1,575,959,114.75,117.00999999999999,114.74,117.02,eod,2.259999999999991,0.019696705595258768,196.96705595258769,0.35999999999999943,6.277777777777763
2011-09-07,-1,575,584,118.44,118.86999999999999,118.45,118.85,stop,-0.4299999999999926,-0.003630223723089849,-36.30223723089849,0.3999999999999915,-1.0750000000000044
2011-09-08,1,575,600,119.77000000000001,119.39,119.76,119.41,stop,-0.38000000000000966,-0.0031730126920508487,-31.730126920508486,0.3500000000000085,-1.085714285714287
2011-09-09,-1,575,642,117.55999999999999,117.91,117.57,117.89,stop,-0.3500000000000085,-0.0029769499021860043,-29.769499021860042,0.3200000000000074,-1.0937500000000013
2011-09-12,1,575,812,114.88000000000001,114.42,114.87,114.44,stop,-0.46000000000000796,-0.004004526856446487,-40.04526856446487,0.4300000000000068,-1.0697674418604666
2011-09-13,-1,575,590,116.83999999999999,117.13,116.85,117.11,stop,-0.29000000000000625,-0.0024818142918271824,-24.818142918271825,0.2600000000000051,-1.1153846153846174
2011-09-14,1,575,576,118.46000000000001,118.22,118.45,118.24,stop,-0.2400000000000091,-0.0020261713803293295,-20.261713803293294,0.21000000000000796,-1.1428571428571428
2011-09-15,-1,575,601,120.44,120.77,120.45,120.75,stop,-0.3299999999999983,-0.002739726027397246,-27.39726027397246,0.29999999999999716,-1.1000000000000048
2011-09-16,1,575,626,121.49000000000001,121.18,121.48,121.2,stop,-0.3100000000000023,-0.0025518603885413423,-25.518603885413423,0.28000000000000114,-1.1071428571428608
2011-09-19,-1,575,575,119.44999999999999,119.64,119.46,119.62,stop,-0.19000000000001194,-0.001590490540766884,-15.904905407668839,0.1600000000000108,-1.1874999999999944
2011-09-20,-1,575,627,120.74,121.0,120.75,120.98,stop,-0.2600000000000051,-0.002153209109730891,-21.53209109730891,0.23000000000000398,-1.1304347826086982
2011-09-21,1,575,582,120.38000000000001,120.01,120.37,120.03,stop,-0.37000000000000455,-0.0030738556118634587,-30.738556118634587,0.3400000000000034,-1.0882352941176494
2011-09-22,1,575,585,113.30000000000001,113.22,113.29,113.24,stop,-0.0800000000000125,-0.0007061523523701342,-7.061523523701342,0.05000000000001137,-1.5999999999998864
2011-09-23,1,575,959,112.7,113.42999999999999,112.69,113.44,eod,0.7299999999999898,0.006477948353891115,64.77948353891115,0.6700000000000017,1.0895522388059522
2011-09-26,-1,575,701,114.39,114.88,114.4,114.86,stop,-0.4899999999999949,-0.004283216783216738,-42.832167832167386,0.45999999999999375,-1.0652173913043512
2011-09-27,-1,575,591,118.44999999999999,118.75999999999999,118.46,118.74,stop,-0.3100000000000023,-0.0026169171028195366,-26.169171028195365,0.28000000000000114,-1.1071428571428608
2011-09-28,1,575,575,117.85000000000001,117.66000000000001,117.84,117.68,stop,-0.18999999999999773,-0.0016123557365919697,-16.123557365919698,0.1599999999999966,-1.187500000000011
2011-09-30,-1,575,582,114.24,114.64999999999999,114.25,114.63,stop,-0.4099999999999966,-0.003588621444201283,-35.88621444201283,0.37999999999999545,-1.0789473684210567
2011-10-03,-1,575,580,112.38,112.7,112.39,112.68,stop,-0.3200000000000074,-0.002847228401103367,-28.47228401103367,0.29000000000000625,-1.1034482758620707
2011-10-04,1,575,584,108.51,108.27000000000001,108.5,108.29,stop,-0.23999999999999488,-0.0022119815668202292,-22.119815668202293,0.20999999999999375,-1.1428571428571526
2011-10-05,-1,575,604,112.02,112.64,112.03,112.62,stop,-0.6200000000000045,-0.005534231902169102,-55.34231902169102,0.5900000000000034,-1.0508474576271203
2011-10-06,1,575,587,114.5,114.10000000000001,114.49,114.12,stop,-0.3999999999999915,-0.0034937549130927724,-34.93754913092772,0.36999999999999034,-1.0810810810810862
2011-10-07,-1,575,624,116.75999999999999,117.2,116.77,117.18,stop,-0.44000000000001194,-0.003768091119294442,-37.68091119294442,0.4100000000000108,-1.073170731707318
2011-10-10,1,575,959,117.86070000000001,119.58,117.8507,119.59,eod,1.7192999999999898,0.014588797520931058,145.88797520931058,0.18070000000000164,9.514665190924042
2011-10-11,1,575,575,118.89,118.76,118.88,118.78,stop,-0.12999999999999545,-0.0010935397039030573,-10.935397039030573,0.09999999999999432,-1.3000000000000285
2011-10-12,-1,575,582,120.50999999999999,120.72,120.52,120.7,stop,-0.21000000000000796,-0.001742449385994092,-17.42449385994092,0.18000000000000682,-1.1666666666666667
2011-10-13,1,575,576,120.03,119.82000000000001,120.02,119.84,stop,-0.20999999999999375,-0.0017497083819362918,-17.497083819362917,0.1799999999999926,-1.1666666666666798
2011-10-14,1,575,594,122.10000000000001,121.84,122.09,121.86,stop,-0.2600000000000051,-0.002129576541895365,-21.295765418953653,0.23000000000000398,-1.1304347826086982
2011-10-17,-1,575,959,121.78,120.22,121.79,120.21,eod,1.5600000000000023,0.012808933409967995,128.08933409967995,0.269999999999996,5.777777777777871
2011-10-18,1,575,583,120.18,120.01,120.17,120.03,stop,-0.1700000000000017,-0.0014146625613714048,-14.146625613714047,0.14000000000000057,-1.2142857142857215
2011-10-19,1,575,585,122.53,122.28,122.52,122.3,stop,-0.25,-0.002040483186418544,-20.40483186418544,0.21999999999999886,-1.1363636363636422
2011-10-20,-1,575,600,121.14,121.53999999999999,121.15,121.52,stop,-0.3999999999999915,-0.0033016921172099997,-33.0169211721,0.36999999999999034,-1.0810810810810862
2011-10-21,-1,575,580,122.97999999999999,123.14999999999999,122.99,123.13,stop,-0.1700000000000017,-0.001382226197251823,-13.82226197251823,0.14000000000000057,-1.2142857142857215
2011-10-24,1,575,959,124.35000000000001,125.50139999999999,124.34,125.5114,eod,1.151399999999981,0.009260093292584697,92.60093292584696,0.28000000000000114,4.112142857142773
2011-10-25,-1,575,959,124.25999999999999,123.07000000000001,124.27,123.06,eod,1.1899999999999835,0.009575923392612727,95.75923392612727,0.6800000000000068,1.7499999999999583
2011-10-26,1,575,575,124.48,124.3,124.47,124.32,stop,-0.18000000000000682,-0.0014461315979754706,-14.461315979754707,0.15000000000000568,-1.2
2011-10-27,1,575,576,127.72,127.53,127.71,127.55,stop,-0.18999999999999773,-0.0014877456737921676,-14.877456737921676,0.1599999999999966,-1.187500000000011
2011-10-28,-1,575,576,127.97,128.14000000000001,127.98,128.12,stop,-0.17000000000001592,-0.0013283325519613683,-13.283325519613683,0.14000000000000057,-1.214285714285823
2011-10-31,-1,575,639,127.0,127.27499999999999,127.01,127.255,stop,-0.2749999999999915,-0.00216518384379176,-21.6518384379176,0.24499999999999034,-1.1224489795918462
2011-11-01,-1,575,575,121.82,122.06,121.83,122.04,stop,-0.2400000000000091,-0.001969958138389634,-19.69958138389634,0.21000000000000796,-1.1428571428571428
2011-11-02,1,575,576,123.91000000000001,123.8,123.9,123.82,stop,-0.11000000000001364,-0.0008878127522196419,-8.878127522196419,0.0800000000000125,-1.3749999999999556
2011-11-03,-1,575,769,125.17999999999999,125.44,125.19,125.42,stop,-0.2600000000000051,-0.002076843198338566,-20.76843198338566,0.23000000000000398,-1.1304347826086982
2011-11-04,-1,575,577,125.19999999999999,125.47999999999999,125.21,125.46,stop,-0.28000000000000114,-0.0022362431115725673,-22.362431115725673,0.25,-1.1200000000000045
2011-11-07,1,575,626,125.57000000000001,125.27000000000001,125.56,125.29,stop,-0.29999999999999716,-0.002389295954125495,-23.89295954125495,0.269999999999996,-1.111111111111117
2011-11-08,-1,575,584,126.86,127.03999999999999,126.87,127.02,stop,-0.1799999999999926,-0.001418775124142765,-14.18775124142765,0.14999999999999147,-1.200000000000019
2011-11-09,1,575,586,125.0682,124.69,125.0582,124.71,stop,-0.37820000000000675,-0.0030241919362345433,-30.241919362345435,0.3482000000000056,-1.086157380815625
2011-11-10,-1,575,795,124.55,124.86999999999999,124.56,124.85,stop,-0.3199999999999932,-0.0025690430314707223,-25.690430314707225,0.28999999999999204,-1.1034482758620758
2011-11-11,1,575,604,125.86,126.43999999999987,125.85,126.44999999999987,target,0.5799999999998704,0.004608661104488442,46.08661104488442,0.05999999999998806,9.66666666666643
2011-11-14,-1,575,576,126.14999999999999,126.22999999999999,126.16,126.21,stop,-0.0799999999999983,-0.0006341154090044253,-6.3411540900442525,0.04999999999999716,-1.600000000000057
2011-11-15,-1,575,576,125.08,125.28,125.09,125.26,stop,-0.20000000000000284,-0.0015988488288432555,-15.988488288432555,0.1700000000000017,-1.176470588235299
2011-11-16,-1,575,581,124.69,125.08999999999999,124.7,125.07,stop,-0.3999999999999915,-0.003207698476343155,-32.076984763431554,0.36999999999999034,-1.0810810810810862
2011-11-17,-1,575,633,123.63,123.97999999999999,123.64,123.96,stop,-0.3499999999999943,-0.0028307990941442438,-28.307990941442437,0.3199999999999932,-1.0937500000000056
2011-11-18,-1,575,650,122.41,122.67,122.42,122.65,stop,-0.2600000000000051,-0.00212383597451401,-21.2383597451401,0.23000000000000398,-1.1304347826086982
2011-11-21,-1,575,959,120.13,119.67,120.14,119.66,eod,0.45999999999999375,0.0038288663226235535,38.288663226235535,0.20999999999999375,2.1904761904762258
2011-11-22,1,575,648,119.5,119.14500000000001,119.49,119.165,stop,-0.35499999999998977,-0.0029709599129633425,-29.709599129633425,0.32499999999998863,-1.092307692307699
2011-11-23,-1,575,576,117.99,118.2,118.0,118.18,stop,-0.21000000000000796,-0.00177966101694922,-17.796610169492197,0.18000000000000682,-1.1666666666666667
2011-11-28,-1,575,579,119.46,119.6,119.47,119.58,stop,-0.14000000000000057,-0.0011718423035071614,-11.718423035071615,0.10999999999999943,-1.2727272727272845
2011-11-29,-1,575,590,119.72999999999999,120.11,119.74,120.09,stop,-0.38000000000000966,-0.0031735426757976424,-31.735426757976423,0.3500000000000085,-1.085714285714287
2011-11-30,-1,575,581,123.28,123.53999999999999,123.29,123.52,stop,-0.2599999999999909,-0.0021088490550733303,-21.088490550733304,0.22999999999998977,-1.1304347826087064
2011-12-01,1,575,577,124.92,124.72,124.91,124.74,stop,-0.20000000000000284,-0.00160115283003765,-16.0115283003765,0.1700000000000017,-1.176470588235299
2011-12-02,-1,575,602,126.0,126.21,126.01,126.19,stop,-0.20999999999999375,-0.0016665344020315351,-16.665344020315352,0.1799999999999926,-1.1666666666666798
2011-12-05,-1,575,598,126.67999999999999,126.86999999999999,126.69,126.85,stop,-0.18999999999999773,-0.0014997237351014108,-14.997237351014109,0.1599999999999966,-1.187500000000011
2011-12-06,1,575,582,126.26,126.09,126.25,126.11,stop,-0.1700000000000017,-0.00134653465346536,-13.465346534653602,0.14000000000000057,-1.2142857142857215
2011-12-07,-1,575,687,125.44999999999999,125.88,125.46,125.86,stop,-0.4300000000000068,-0.0034273872150486755,-34.27387215048675,0.4000000000000057,-1.0750000000000017
2011-12-09,1,575,959,124.9,126.02,124.89,126.03,eod,1.1199999999999903,0.00896789174473529,89.6789174473529,0.4899999999999949,2.28571428571429
2011-12-12,-1,575,959,124.52,124.2,124.53,124.19,eod,0.3199999999999932,0.0025696619288524307,25.696619288524307,0.4399999999999977,0.7272727272727155
2011-12-13,1,575,643,125.13000000000001,124.82000000000001,125.12,124.84,stop,-0.3100000000000023,-0.002477621483375977,-24.77621483375977,0.28000000000000114,-1.1071428571428608
2011-12-14,1,575,587,122.72,122.4,122.71,122.42,stop,-0.3199999999999932,-0.002607774427511965,-26.07774427511965,0.28999999999999204,-1.1034482758620758
2011-12-15,-1,575,578,122.96,123.14,122.97,123.12,stop,-0.18000000000000682,-0.0014637716516224023,-14.637716516224023,0.15000000000000568,-1.2
2011-12-16,1,575,587,122.39,122.13000000000001,122.38,122.15,stop,-0.2599999999999909,-0.0021245301519855443,-21.245301519855442,0.22999999999998977,-1.1304347826087064
2011-12-19,1,575,586,122.27000000000001,122.0,122.26,122.02,stop,-0.27000000000001023,-0.0022084083101587618,-22.084083101587616,0.2400000000000091,-1.125
2011-12-20,1,575,959,122.41000000000001,123.92,122.4,123.93,eod,1.509999999999991,0.012336601307189467,123.36601307189467,0.23000000000000398,6.565217391304195
2011-12-21,-1,575,917,123.58999999999999,124.07,123.6,124.05,stop,-0.480000000000004,-0.0038834951456311003,-38.834951456311,0.45000000000000284,-1.0666666666666689
2011-12-22,-1,575,577,124.42999999999999,124.66,124.44,124.64,stop,-0.23000000000000398,-0.0018482802957248794,-18.482802957248794,0.20000000000000284,-1.1500000000000035
2011-12-23,-1,575,608,125.55999999999999,125.81,125.57,125.79,stop,-0.2500000000000142,-0.0019909213984233036,-19.909213984233034,0.22000000000001307,-1.1363636363636334
2011-12-27,-1,575,579,126.11,126.24,126.12,126.22,stop,-0.12999999999999545,-0.0010307643514113182,-10.307643514113183,0.09999999999999432,-1.3000000000000285
2011-12-28,-1,575,959,126.17999999999999,124.97,126.19,124.96,eod,1.2099999999999937,0.009588715429114778,95.88715429114778,0.3400000000000034,3.5588235294117108
2011-12-29,1,575,940,125.28500000000001,126.15999999999988,125.275,126.16999999999989,target,0.8749999999998721,0.006984633805626598,69.84633805626598,0.09499999999999886,9.210526315788238
2011-12-30,1,575,584,126.04,125.92,126.03,125.94,stop,-0.12000000000000455,-0.0009521542489883722,-9.521542489883721,0.09000000000000341,-1.3333333333333333
2012-01-03,1,575,752,127.97,127.71000000000001,127.96,127.73,stop,-0.2599999999999909,-0.002031884964051195,-20.31884964051195,0.22999999999998977,-1.1304347826087064
2012-01-04,1,575,575,127.25,127.15,127.24,127.17,stop,-0.09999999999999432,-0.0007859163784972832,-7.859163784972832,0.06999999999999318,-1.4285714285714866
2012-01-05,1,575,580,127.09,126.84,127.08,126.86,stop,-0.25,-0.0019672647151400694,-19.672647151400692,0.21999999999999886,-1.1363636363636422
2012-01-06,-1,575,959,127.85,127.80000000000001,127.86,127.79,eod,0.04999999999998295,0.0003910527139057011,3.9105271390570113,0.35999999999999943,0.13888888888884174
2012-01-09,-1,575,617,127.92,128.07000000000002,127.93,128.05,stop,-0.1500000000000199,-0.0011725162198078628,-11.725162198078628,0.12000000000000455,-1.2500000000001183
2012-01-10,-1,575,575,129.38,129.44,129.39,129.42,stop,-0.060000000000002274,-0.00046371435195921074,-4.637143519592107,0.030000000000001137,-2.0
2012-01-11,-1,575,575,128.65,128.81,128.66,128.79,stop,-0.1599999999999966,-0.0012435877506606296,-12.435877506606296,0.12999999999999545,-1.2307692307692475
2012-01-12,1,575,577,129.64999999999998,129.5,129.64,129.52,stop,-0.14999999999997726,-0.0011570502931192324,-11.570502931192324,0.11999999999997613,-1.2500000000000593
2012-01-13,-1,575,594,128.43,128.68,128.44,128.66,stop,-0.25,-0.0019464341326689506,-19.464341326689507,0.21999999999999886,-1.1363636363636422
2012-01-17,-1,575,576,130.04000000000002,130.21,130.05,130.19,stop,-0.1699999999999875,-0.0013071895424835638,-13.071895424835638,0.13999999999998636,-1.2142857142857433
2012-01-18,-1,575,581,129.17000000000002,129.37,129.18,129.35,stop,-0.19999999999998863,-0.0015482272797645814,-15.482272797645814,0.1699999999999875,-1.1764705882353137
2012-01-19,-1,575,597,131.14000000000001,131.26000000000002,131.15,131.24,stop,-0.12000000000000455,-0.0009149828440717083,-9.149828440717084,0.09000000000000341,-1.3333333333333333
2012-01-20,-1,575,590,131.17000000000002,131.35000000000002,131.18,131.33,stop,-0.18000000000000682,-0.0013721603903034518,-13.721603903034518,0.15000000000000568,-1.2
2012-01-23,1,575,697,131.64999999999998,131.45,131.64,131.47,stop,-0.19999999999998863,-0.0015192950470980602,-15.192950470980602,0.1699999999999875,-1.1764705882353137
2012-01-24,1,575,575,130.85,130.75,130.84,130.77,stop,-0.09999999999999432,-0.0007642922653622311,-7.6429226536223105,0.06999999999999318,-1.4285714285714866
2012-01-25,-1,575,665,130.97,131.28,130.98,131.26,stop,-0.3100000000000023,-0.0023667735532142487,-23.667735532142487,0.28000000000000114,-1.1071428571428608
2012-01-26,-1,575,592,133.0,133.21,133.01,133.19,stop,-0.21000000000000796,-0.0015788286594993458,-15.788286594993458,0.18000000000000682,-1.1666666666666667
2012-01-27,1,575,959,131.53,131.70000000000002,131.52,131.71,eod,0.17000000000001592,0.0012925790754259117,12.925790754259117,0.37000000000000455,0.45945945945949684
2012-01-30,-1,575,584,130.38,130.57000000000002,130.39,130.55,stop,-0.19000000000002615,-0.0014571669606566928,-14.571669606566928,0.160000000000025,-1.1874999999999778
2012-01-31,1,575,582,132.06,131.92499999999998,132.05,131.945,stop,-0.13500000000001933,-0.0010223400227188134,-10.223400227188135,0.10500000000001819,-1.285714285714247
2012-02-01,1,575,580,132.35999999999999,132.26,132.35,132.28,stop,-0.09999999999999432,-0.0007555723460520915,-7.555723460520915,0.06999999999999318,-1.4285714285714866
2012-02-02,1,575,578,132.76999999999998,132.60999999999999,132.76,132.63,stop,-0.1599999999999966,-0.0012051822838204022,-12.051822838204023,0.12999999999999545,-1.2307692307692475
2012-02-03,-1,575,599,133.91,134.07000000000002,133.92,134.05,stop,-0.160000000000025,-0.001194743130227188,-11.94743130227188,0.13000000000002387,-1.230769230769197
2012-02-06,-1,575,576,133.87,134.04000000000002,133.88,134.02,stop,-0.17000000000001592,-0.0012697938452346574,-12.697938452346573,0.14000000000001478,-1.2142857142856998
2012-02-07,-1,575,646,134.139,134.31,134.149,134.29,stop,-0.17099999999999227,-0.001274702010451008,-12.747020104510081,0.14099999999999113,-1.21276595744683
2012-02-08,1,575,577,135.01999999999998,134.79999999999998,135.01,134.82,stop,-0.21999999999999886,-0.0016295089252647869,-16.29508925264787,0.18999999999999773,-1.157894736842113
2012-02-09,1,575,576,135.45,135.25,135.44,135.27,stop,-0.19999999999998863,-0.0014766686355580968,-14.766686355580967,0.1699999999999875,-1.1764705882353137
2012-02-10,-1,575,576,134.09,134.19,134.1,134.17,stop,-0.09999999999999432,-0.0007457121551080859,-7.457121551080859,0.06999999999999318,-1.4285714285714866
2012-02-13,-1,575,876,135.24,135.47,135.25,135.45,stop,-0.22999999999998977,-0.0017005545286505714,-17.005545286505715,0.19999999999998863,-1.1500000000000141
2012-02-15,1,575,576,135.7,135.51,135.69,135.53,stop,-0.18999999999999773,-0.0014002505711548216,-14.002505711548215,0.1599999999999966,-1.187500000000011
2012-02-16,1,575,579,134.67,134.47,134.66,134.49,stop,-0.19999999999998863,-0.0014852220406949995,-14.852220406949995,0.1699999999999875,-1.1764705882353137
2012-02-17,-1,575,585,136.47,136.59,136.48,136.57,stop,-0.12000000000000455,-0.0008792497069167977,-8.792497069167977,0.09000000000000341,-1.3333333333333333
2012-02-21,-1,575,583,136.70000000000002,136.81,136.71,136.79,stop,-0.10999999999998522,-0.0008046229244384845,-8.046229244384845,0.07999999999998408,-1.3750000000000888
2012-02-22,1,575,579,136.39,136.16,136.38,136.18,stop,-0.22999999999998977,-0.0016864642909516774,-16.864642909516775,0.19999999999998863,-1.1500000000000141
2012-02-23,-1,575,615,135.87,136.0,135.88,135.98,stop,-0.12999999999999545,-0.0009567265234029693,-9.567265234029692,0.09999999999999432,-1.3000000000000285
2012-02-24,-1,575,605,136.9,137.04000000000002,136.91,137.02,stop,-0.14000000000001478,-0.0010225695712512948,-10.225695712512948,0.11000000000001364,-1.2727272727272492
2012-02-27,-1,575,600,135.91,136.15,135.92,136.13,stop,-0.2400000000000091,-0.0017657445556210206,-17.657445556210206,0.21000000000000796,-1.1428571428571428
2012-02-28,-1,575,576,137.11,137.23000000000002,137.12,137.21,stop,-0.12000000000000455,-0.0008751458576429736,-8.751458576429735,0.09000000000000341,-1.3333333333333333
2012-02-29,1,575,606,137.81,137.70999999999998,137.8,137.73,stop,-0.10000000000002274,-0.0007256894049348529,-7.256894049348529,0.0700000000000216,-1.4285714285713125
2012-03-01,1,575,600,137.45,137.25,137.44,137.27,stop,-0.19999999999998863,-0.0014551804423747717,-14.551804423747717,0.1699999999999875,-1.1764705882353137
2012-03-02,1,575,582,137.70999999999998,137.56,137.7,137.58,stop,-0.14999999999997726,-0.0010893246187362183,-10.893246187362184,0.11999999999997613,-1.2500000000000593
2012-03-05,-1,575,603,136.96,137.14000000000001,136.97,137.12,stop,-0.18000000000000682,-0.0013141563846098183,-13.141563846098183,0.15000000000000568,-1.2
2012-03-06,1,575,579,135.37,135.20999999999998,135.36,135.23,stop,-0.160000000000025,-0.0011820330969268987,-11.820330969268987,0.13000000000002387,-1.230769230769197
2012-03-07,-1,575,576,135.05,135.18,135.06,135.16,stop,-0.12999999999999545,-0.0009625351695542385,-9.625351695542385,0.09999999999999432,-1.3000000000000285
2012-03-08,1,575,590,136.66,136.48,136.65,136.5,stop,-0.18000000000000682,-0.0013172338090011477,-13.172338090011477,0.15000000000000568,-1.2
2012-03-09,-1,575,585,137.24,137.45000000000002,137.25,137.43,stop,-0.21000000000000796,-0.001530054644808801,-15.30054644808801,0.18000000000000682,-1.1666666666666667
2012-03-12,-1,575,578,137.42000000000002,137.61,137.43,137.59,stop,-0.18999999999999773,-0.001382522011205688,-13.825220112056881,0.1599999999999966,-1.187500000000011
2012-03-13,-1,575,635,138.22,138.41,138.23,138.39,stop,-0.18999999999999773,-0.0013745207263256727,-13.745207263256727,0.1599999999999966,-1.187500000000011
2012-03-14,1,575,577,140.17,140.04999999999998,140.16,140.07,stop,-0.12000000000000455,-0.0008561643835616763,-8.561643835616763,0.09000000000000341,-1.3333333333333333
2012-03-15,-1,575,616,139.99,140.18,140.0,140.16,stop,-0.18999999999999773,-0.0013571428571428408,-13.571428571428408,0.1599999999999966,-1.187500000000011
2012-03-16,1,575,577,140.38,140.28,140.37,140.3,stop,-0.09999999999999432,-0.0007124029351000521,-7.12402935100052,0.06999999999999318,-1.4285714285714866
2012-03-19,-1,575,575,140.14000000000001,140.25,140.15,140.23,stop,-0.10999999999998522,-0.0007848733499820565,-7.848733499820566,0.07999999999998408,-1.3750000000000888
2012-03-20,-1,575,579,139.97,140.12,139.98,140.1,stop,-0.15000000000000568,-0.0010715816545221152,-10.715816545221152,0.12000000000000455,-1.25
2012-03-21,-1,575,579,140.43,140.63000000000002,140.44,140.61,stop,-0.20000000000001705,-0.0014240956992311099,-14.240956992311098,0.17000000000001592,-1.1764705882352844
2012-03-22,1,575,617,139.25,139.11999999999998,139.24,139.14,stop,-0.13000000000002387,-0.000933639758690203,-9.33639758690203,0.10000000000002274,-1.2999999999999432
2012-03-23,-1,575,687,139.18,139.39000000000001,139.19,139.37,stop,-0.21000000000000796,-0.0015087290753646667,-15.087290753646666,0.18000000000000682,-1.1666666666666667
2012-03-26,1,575,959,140.70999999999998,141.55,140.7,141.56,eod,0.8400000000000318,0.00597014925373157,59.701492537315694,0.09999999999999432,8.400000000000796
2012-03-27,1,575,575,141.76,141.64999999999998,141.75,141.67,stop,-0.11000000000001364,-0.0007760141093475389,-7.760141093475389,0.0800000000000125,-1.3749999999999556
2012-03-28,1,575,583,141.14999999999998,141.04,141.14,141.06,stop,-0.10999999999998522,-0.0007793680034007739,-7.793680034007739,0.07999999999998408,-1.3750000000000888
2012-03-29,1,575,580,139.70999999999998,139.59,139.7,139.61,stop,-0.11999999999997613,-0.0008589835361487196,-8.589835361487197,0.08999999999997499,-1.3333333333334385
2012-03-30,-1,575,842,140.77,140.99,140.78,140.97,stop,-0.21999999999999886,-0.0015627219775536216,-15.627219775536217,0.18999999999999773,-1.157894736842113
2012-04-02,-1,575,582,140.53,140.74,140.54,140.72,stop,-0.21000000000000796,-0.00149423651629435,-14.942365162943501,0.18000000000000682,-1.1666666666666667
2012-04-03,-1,575,576,141.62,141.8,141.63,141.78,stop,-0.18000000000000682,-0.0012709171785639118,-12.709171785639118,0.15000000000000568,-1.2
2012-04-04,-1,575,578,140.06,140.24,140.07,140.22,stop,-0.18000000000000682,-0.0012850717498394148,-12.850717498394149,0.15000000000000568,-1.2
2012-04-05,1,575,575,139.5,139.32999999999998,139.49,139.35,stop,-0.17000000000001592,-0.0012187253566565053,-12.187253566565053,0.14000000000001478,-1.2142857142856998
2012-04-09,1,575,590,138.1,137.91,138.09,137.93,stop,-0.18999999999999773,-0.0013759142588166972,-13.759142588166972,0.1599999999999966,-1.187500000000011
2012-04-10,1,575,605,138.16,137.81,138.15,137.83,stop,-0.3499999999999943,-0.0025334781035106354,-25.334781035106353,0.3199999999999932,-1.0937500000000056
2012-04-11,-1,575,576,137.14000000000001,137.36,137.15,137.34,stop,-0.21999999999999886,-0.00160408312067079,-16.0408312067079,0.18999999999999773,-1.157894736842113
2012-04-12,1,575,894,137.2,138.77999999999997,137.19,138.78999999999996,target,1.579999999999984,0.011516874407755551,115.16874407755552,0.1599999999999966,9.875000000000112
2012-04-13,-1,575,959,138.25,137.14,138.26,137.13,eod,1.1100000000000136,0.008028352379574813,80.28352379574814,0.21999999999999886,5.045454545454634
2012-04-16,1,575,581,138.0,137.75,137.99,137.77,stop,-0.25,-0.001811725487354156,-18.11725487354156,0.21999999999999886,-1.1363636363636422
2012-04-17,1,575,602,138.01999999999998,137.78,138.01,137.8,stop,-0.23999999999998067,-0.0017390044199694274,-17.390044199694273,0.20999999999997954,-1.1428571428571621
2012-04-18,1,575,838,138.5,138.35999999999999,138.49,138.38,stop,-0.14000000000001478,-0.00101090331431883,-10.109033143188299,0.11000000000001364,-1.2727272727272492
2012-04-19,-1,575,583,138.28,138.66,138.29,138.64,stop,-0.37999999999999545,-0.002747848723696547,-27.47848723696547,0.3499999999999943,-1.0857142857142903
2012-04-20,1,575,585,138.38,138.17,138.37,138.19,stop,-0.21000000000000796,-0.0015176700151767577,-15.176700151767577,0.18000000000000682,-1.1666666666666667
2012-04-23,-1,575,578,136.37,136.57000000000002,136.38,136.55,stop,-0.20000000000001705,-0.0014664906877842577,-14.664906877842578,0.17000000000001592,-1.1764705882352844
2012-04-24,1,575,576,136.98999999999998,136.85,136.98,136.87,stop,-0.13999999999998636,-0.0010220470141625519,-10.220470141625519,0.10999999999998522,-1.2727272727273198
2012-04-25,1,575,753,138.75,138.54,138.74,138.56,stop,-0.21000000000000796,-0.0015136226034309353,-15.136226034309352,0.18000000000000682,-1.1666666666666667
2012-04-26,1,575,959,138.95999999999998,140.13,138.95,140.14,eod,1.170000000000016,0.008420295070169241,84.20295070169242,0.13999999999998636,8.357142857143785
2012-04-27,-1,575,814,140.48000000000002,140.62,140.49,140.6,stop,-0.13999999999998636,-0.000996512207274442,-9.96512207274442,0.10999999999998522,-1.2727272727273198
2012-04-30,-1,575,959,140.06,139.82999999999998,140.07,139.82,eod,0.2300000000000182,0.0016420361247948755,16.420361247948755,0.14000000000001478,1.6428571428570993
2012-05-01,1,575,597,139.89999999999998,139.73,139.89,139.75,stop,-0.1699999999999875,-0.0012152405461433092,-12.152405461433093,0.13999999999998636,-1.2142857142857433
2012-05-02,-1,575,580,139.87,140.01000000000002,139.88,139.99,stop,-0.14000000000001478,-0.0010008578781814039,-10.00857878181404,0.11000000000001364,-1.2727272727272492
2012-05-03,1,575,575,140.35,140.23,140.34,140.25,stop,-0.12000000000000455,-0.0008550662676357741,-8.550662676357742,0.09000000000000341,-1.3333333333333333
2012-05-04,1,575,575,138.54,138.38,138.53,138.4,stop,-0.1599999999999966,-0.0011549844798960267,-11.549844798960267,0.12999999999999545,-1.2307692307692475
2012-05-07,1,575,959,136.69,137.11,136.68,137.12,eod,0.4200000000000159,0.0030728709394206607,30.728709394206607,0.21999999999999886,1.9090909090909913
2012-05-08,-1,575,919,136.27,136.53,136.28,136.51,stop,-0.2599999999999909,-0.0019078368065746324,-19.078368065746325,0.22999999999998977,-1.1304347826087064
2012-05-09,1,575,597,135.20999999999998,134.97,135.2,134.99,stop,-0.23999999999998067,-0.00177514792899394,-17.7514792899394,0.20999999999997954,-1.1428571428571621
2012-05-10,1,575,580,136.81,136.59,136.8,136.61,stop,-0.21999999999999886,-0.0016081871345029156,-16.081871345029157,0.18999999999999773,-1.157894736842113
2012-05-11,1,575,959,135.3793,135.56,135.3693,135.57,eod,0.18070000000000164,0.0013348669159107835,13.348669159107835,0.2592999999999961,0.6968762051677762
2012-05-14,1,575,578,134.54,134.20999999999998,134.53,134.23,stop,-0.3300000000000125,-0.002452984464431818,-24.52984464431818,0.30000000000001137,-1.1
2012-05-15,1,575,587,134.2,133.92999999999998,134.19,133.95,stop,-0.27000000000001023,-0.0020120724346077224,-20.120724346077225,0.2400000000000091,-1.125
2012-05-16,1,575,576,134.04999999999998,133.85999999999999,134.04,133.88,stop,-0.18999999999999773,-0.0014174873172187238,-14.174873172187239,0.1599999999999966,-1.187500000000011
2012-05-17,-1,575,959,132.82000000000002,130.94000000000003,132.83,130.93000000000004,target,1.8799999999999955,0.014153429195211889,141.53429195211888,0.18999999999999773,9.894736842105358
2012-05-18,-1,575,652,131.22,131.46,131.23,131.44,stop,-0.2400000000000091,-0.001828850110493097,-18.28850110493097,0.21000000000000796,-1.1428571428571428
2012-05-21,1,575,576,130.31,130.04,130.3,130.06,stop,-0.27000000000001023,-0.0020721412125864177,-20.721412125864177,0.2400000000000091,-1.125
2012-05-22,-1,575,584,132.25,132.36,132.26,132.34,stop,-0.11000000000001364,-0.000831695145924797,-8.31695145924797,0.0800000000000125,-1.3749999999999556
2012-05-23,1,575,583,131.35999999999999,131.09,131.35,131.11,stop,-0.2699999999999818,-0.002055576703463889,-20.55576703463889,0.23999999999998067,-1.1250000000000149
2012-05-24,-1,575,633,132.37,132.69,132.38,132.67,stop,-0.3199999999999932,-0.0024172835775796435,-24.172835775796436,0.28999999999999204,-1.1034482758620758
2012-05-25,1,575,610,132.54,132.34,132.53,132.36,stop,-0.19999999999998863,-0.001509092280992897,-15.09092280992897,0.1699999999999875,-1.1764705882353137
2012-05-29,-1,575,581,132.99,133.28,133.0,133.26,stop,-0.28999999999999204,-0.002180451127819489,-21.804511278194887,0.2599999999999909,-1.1153846153846239
2012-05-30,-1,575,959,132.42000000000002,131.79999999999998,132.43,131.79,eod,0.620000000000033,0.004681718643812074,46.817186438120736,0.18999999999999773,3.2631578947370548
2012-05-31,1,575,578,131.82,131.64,131.81,131.66,stop,-0.18000000000000682,-0.0013656020028829893,-13.656020028829893,0.15000000000000568,-1.2
2012-06-01,1,575,586,129.79999999999998,129.32,129.79,129.34,stop,-0.47999999999998977,-0.003698281839895137,-36.982818398951366,0.44999999999998863,-1.0666666666666709
2012-06-04,1,575,585,128.66,128.28,128.65,128.3,stop,-0.37999999999999545,-0.002953750485814189,-29.53750485814189,0.3499999999999943,-1.0857142857142903
2012-06-05,1,575,959,128.13,129.00900000000001,128.12,129.019,eod,0.8790000000000191,0.006860755541679824,68.60755541679823,0.3400000000000034,2.585294117647089
2012-06-06,1,575,579,130.03,129.91,130.02,129.93,stop,-0.12000000000000455,-0.0009229349330872522,-9.229349330872523,0.09000000000000341,-1.3333333333333333
2012-06-07,-1,575,959,133.33,132.03,133.34,132.02,eod,1.3000000000000114,0.009749512524373866,97.49512524373866,0.18999999999999773,6.842105263158037
2012-06-08,-1,575,605,131.5,131.81,131.51,131.79,stop,-0.3100000000000023,-0.0023572351912402273,-23.572351912402272,0.28000000000000114,-1.1071428571428608
2012-06-11,-1,575,959,133.73000000000002,131.48,133.74,131.47,eod,2.2500000000000284,0.01682368775235553,168.23687752355528,0.5099999999999909,4.411764705882487
2012-06-12,1,575,579,131.95,131.61999999999998,131.94,131.64,stop,-0.3300000000000125,-0.0025011368804002767,-25.011368804002768,0.30000000000001137,-1.1
2012-06-13,-1,575,584,132.27,132.57000000000002,132.28,132.55,stop,-0.30000000000001137,-0.002267916540671389,-22.679165406713892,0.27000000000001023,-1.1111111111111112
2012-06-14,-1,575,596,132.15,132.49,132.16,132.47,stop,-0.3400000000000034,-0.002572639225181624,-25.72639225181624,0.3100000000000023,-1.0967741935483901
2012-06-15,-1,575,598,133.32000000000002,133.48000000000002,133.33,133.46,stop,-0.1599999999999966,-0.001200030000749993,-12.00030000749993,0.12999999999999545,-1.2307692307692475
2012-06-18,-1,575,577,133.44,133.65,133.45,133.63,stop,-0.21000000000000796,-0.0015736230798052303,-15.736230798052302,0.18000000000000682,-1.1666666666666667
2012-06-19,1,575,581,135.14999999999998,135.01,135.14,135.03,stop,-0.13999999999998636,-0.001035962705342507,-10.359627053425069,0.10999999999998522,-1.2727272727273198
2012-06-20,-1,575,785,135.57000000000002,135.88000000000002,135.58,135.86,stop,-0.3100000000000023,-0.0022864729311108,-22.864729311108,0.28000000000000114,-1.1071428571428608
2012-06-21,1,575,578,135.67999999999998,135.54999999999998,135.67,135.57,stop,-0.12999999999999545,-0.0009582074150511938,-9.582074150511938,0.09999999999999432,-1.3000000000000285
2012-06-22,-1,575,602,133.01000000000002,133.24,133.02,133.22,stop,-0.22999999999998977,-0.0017290632987519902,-17.290632987519903,0.19999999999998863,-1.1500000000000141
2012-06-25,-1,575,959,131.83,131.29,131.84,131.28,eod,0.5400000000000205,0.004095873786407922,40.95873786407922,0.2599999999999909,2.076923076923228
2012-06-26,-1,575,577,131.60000000000002,131.74,131.61,131.72,stop,-0.13999999999998636,-0.001063748955246458,-10.637489552464581,0.10999999999998522,-1.2727272727273198
2012-06-27,1,575,586,132.57,132.38,132.56,132.4,stop,-0.18999999999999773,-0.0014333132166565912,-14.333132166565912,0.1599999999999966,-1.187500000000011
2012-06-28,-1,575,591,132.08,132.38000000000002,132.09,132.36,stop,-0.30000000000001137,-0.002271178741767063,-22.71178741767063,0.27000000000001023,-1.1111111111111112
2012-06-29,-1,575,611,135.02,135.31,135.03,135.29,stop,-0.28999999999999204,-0.0021476708879507667,-21.476708879507665,0.2599999999999909,-1.1153846153846239
2012-07-02,-1,575,585,136.38,136.55,136.39,136.53,stop,-0.17000000000001592,-0.0012464256910331838,-12.464256910331837,0.14000000000001478,-1.2142857142856998
2012-07-05,1,575,586,136.98,136.72,136.97,136.74,stop,-0.2599999999999909,-0.0018982258888807105,-18.982258888807106,0.22999999999998977,-1.1304347826087064
2012-07-06,1,575,586,135.60999999999999,135.45,135.6,135.47,stop,-0.1599999999999966,-0.0011799410029498273,-11.799410029498274,0.12999999999999545,-1.2307692307692475
2012-07-09,1,575,580,135.47,135.26999999999998,135.46,135.29,stop,-0.20000000000001705,-0.0014764506127271301,-14.764506127271302,0.17000000000001592,-1.1764705882352844
2012-07-10,1,575,591,136.13,135.92,136.12,135.94,stop,-0.21000000000000796,-0.0015427563914193942,-15.427563914193943,0.18000000000000682,-1.1666666666666667
2012-07-11,-1,575,581,134.08,134.3,134.09,134.28,stop,-0.21999999999999886,-0.0016406890894175468,-16.40689089417547,0.18999999999999773,-1.157894736842113
2012-07-12,-1,575,715,133.23000000000002,133.41,133.24,133.39,stop,-0.1799999999999784,-0.0013509456619632122,-13.509456619632122,0.14999999999997726,-1.200000000000038
2012-07-13,1,575,959,134.16,135.69,134.15,135.7,eod,1.5300000000000011,0.011405143496086479,114.05143496086478,0.3100000000000023,4.935483870967709
2012-07-16,1,575,575,135.47,135.35999999999999,135.46,135.38,stop,-0.11000000000001364,-0.0008120478369999531,-8.12047836999953,0.0800000000000125,-1.3749999999999556
2012-07-17,1,575,581,136.19,135.92,136.18,135.94,stop,-0.27000000000001023,-0.0019826699955941417,-19.826699955941418,0.2400000000000091,-1.125
2012-07-18,1,575,959,136.26,137.34,136.25,137.35,eod,1.0800000000000125,0.007926605504587248,79.26605504587249,0.28999999999999204,3.724137931034628
2012-07-19,1,575,601,137.79,137.51999999999998,137.78,137.54,stop,-0.27000000000001023,-0.001959645812164394,-19.59645812164394,0.2400000000000091,-1.125
2012-07-20,1,575,584,137.01999999999998,136.82999999999998,137.01,136.85,stop,-0.18999999999999773,-0.0013867600905043262,-13.867600905043261,0.1599999999999966,-1.187500000000011
2012-07-23,-1,575,649,134.24,134.52,134.25,134.5,stop,-0.28000000000000114,-0.0020856610800744965,-20.856610800744964,0.25,-1.1200000000000045
2012-07-24,-1,575,959,135.01000000000002,134.0,135.02,133.99,eod,1.0100000000000193,0.0074803732780330265,74.80373278033026,0.22999999999998977,4.391304347826367
2012-07-25,1,575,587,134.34,134.10999999999999,134.33,134.13,stop,-0.2300000000000182,-0.0017122012953176369,-17.12201295317637,0.20000000000001705,-1.1499999999999928
2012-07-26,1,575,600,136.23999999999998,135.85999999999999,136.23,135.88,stop,-0.37999999999999545,-0.002789400278939995,-27.89400278939995,0.3499999999999943,-1.0857142857142903
2012-07-27,-1,575,576,136.83,137.01000000000002,136.84,136.99,stop,-0.18000000000000682,-0.001315404852382394,-13.15404852382394,0.15000000000000568,-1.2
2012-07-30,1,575,681,138.87,138.48999999999998,138.86,138.51,stop,-0.3800000000000239,-0.002736569206395102,-27.36569206395102,0.35000000000002274,-1.0857142857142834
2012-07-31,1,575,603,138.64,138.35999999999999,138.63,138.38,stop,-0.28000000000000114,-0.0020197648416648718,-20.19764841664872,0.25,-1.1200000000000045
2012-08-01,-1,575,959,138.55,137.63,138.56,137.62,eod,0.9200000000000159,0.006639722863741454,66.39722863741454,0.1699999999999875,5.411764705882844
2012-08-02,1,575,698,136.64999999999998,136.19,136.64,136.21,stop,-0.45999999999997954,-0.003366510538641537,-33.66510538641537,0.4299999999999784,-1.0697674418604712
2012-08-03,1,575,577,138.64999999999998,138.53,138.64,138.55,stop,-0.11999999999997613,-0.0008655510675128112,-8.655510675128111,0.08999999999997499,-1.3333333333334385
2012-08-06,-1,575,575,139.68,139.76000000000002,139.69,139.74,stop,-0.0800000000000125,-0.000572696685518022,-5.726966855180221,0.05000000000001137,-1.5999999999998864
2012-08-07,1,575,959,140.32999999999998,140.28,140.32,140.29,eod,-0.04999999999998295,-0.00035632839224617266,-3.5632839224617268,0.1699999999999875,-0.2941176470587449
2012-08-08,1,575,959,139.92999999999998,140.46,139.92,140.47,eod,0.5300000000000296,0.0037878787878789996,37.87878787878999,0.10999999999998522,4.818181818182734
2012-08-09,1,575,712,140.32999999999998,140.23,140.32,140.25,stop,-0.09999999999999432,-0.0007126567844925478,-7.126567844925479,0.06999999999999318,-1.4285714285714866
2012-08-10,-1,575,610,139.91,140.17000000000002,139.92,140.15,stop,-0.2600000000000193,-0.0018582046883935058,-18.582046883935057,0.2300000000000182,-1.1304347826086902
2012-08-13,-1,575,578,140.58,140.72,140.59,140.7,stop,-0.13999999999998636,-0.0009958033999572257,-9.958033999572256,0.10999999999998522,-1.2727272727273198
2012-08-14,-1,575,959,141.10000000000002,140.76999999999998,141.11,140.76,eod,0.3300000000000409,0.0023386010913474657,23.386010913474657,0.2699999999999818,1.2222222222224561
2012-08-15,1,575,959,140.66989999999998,140.91,140.6599,140.92,eod,0.24010000000001241,0.0017069541496902276,17.069541496902275,0.1098999999999819,2.184713375796651
2012-08-16,-1,575,639,141.12,141.31,141.13,141.29,stop,-0.18999999999999773,-0.0013462764826755313,-13.462764826755313,0.1599999999999966,-1.187500000000011
2012-08-17,-1,575,959,142.08,142.27,142.09,142.25,stop,-0.18999999999999773,-0.0013371806601449624,-13.371806601449624,0.1599999999999966,-1.187500000000011
2012-08-20,1,575,575,142.03,141.95999999999998,142.02,141.98,stop,-0.0700000000000216,-0.0004928883255880974,-4.928883255880974,0.040000000000020464,-1.7499999999996447
2012-08-21,1,575,703,142.67999999999998,142.44,142.67,142.46,stop,-0.23999999999998067,-0.0016822036868296116,-16.822036868296117,0.20999999999997954,-1.1428571428571621
2012-08-22,-1,575,585,141.27,141.59,141.28,141.57,stop,-0.3199999999999932,-0.002265005662514108,-22.65005662514108,0.28999999999999204,-1.1034482758620758
2012-08-23,-1,575,959,141.27,140.7,141.28,140.69,eod,0.5700000000000216,0.004034541336353494,40.34541336353494,0.19999999999998863,2.85000000000027
2012-08-24,1,575,598,140.41,140.23999999999998,140.4,140.26,stop,-0.17000000000001592,-0.0012108262108263242,-12.108262108263242,0.14000000000001478,-1.2142857142856998
2012-08-27,-1,575,676,141.81,141.92000000000002,141.82,141.9,stop,-0.11000000000001364,-0.0007756310816528955,-7.756310816528956,0.0800000000000125,-1.3749999999999556
2012-08-28,1,575,597,141.23999999999998,141.1,141.23,141.12,stop,-0.13999999999998636,-0.0009912908022373884,-9.912908022373884,0.10999999999998522,-1.2727272727273198
2012-08-29,1,575,594,141.59,141.42999999999998,141.58,141.45,stop,-0.160000000000025,-0.0011301031219100508,-11.301031219100508,0.13000000000002387,-1.230769230769197
2012-08-30,-1,575,585,140.69,140.92000000000002,140.7,140.9,stop,-0.2300000000000182,-0.0016346837242360924,-16.346837242360923,0.20000000000001705,-1.1499999999999928
2012-08-31,1,575,590,141.39,141.22,141.38,141.24,stop,-0.1699999999999875,-0.0012024331588625513,-12.024331588625513,0.13999999999998636,-1.2142857142857433
2012-09-04,1,575,579,141.1,140.95,141.09,140.97,stop,-0.15000000000000568,-0.00106315118009785,-10.631511800978501,0.12000000000000455,-1.25
2012-09-06,1,575,959,142.26999999999998,143.73000000000002,142.26,143.74,eod,1.4600000000000364,0.010262898917475302,102.62898917475302,0.5099999999999909,2.862745098039338
2012-09-07,-1,575,578,143.97500000000002,144.12,143.985,144.1,stop,-0.1449999999999818,-0.001007049345417799,-10.07049345417799,0.11499999999998067,-1.260869565217445
2012-09-10,-1,575,576,144.17000000000002,144.28,144.18,144.26,stop,-0.10999999999998522,-0.0007629352198639563,-7.629352198639563,0.07999999999998408,-1.3750000000000888
2012-09-11,1,575,959,143.69,143.87,143.68,143.88,eod,0.18000000000000682,0.0012527839643653035,12.527839643653035,0.12000000000000455,1.5
2012-09-12,1,575,594,144.45,144.32,144.44,144.34,stop,-0.12999999999999545,-0.0009000276931597581,-9.00027693159758,0.09999999999999432,-1.3000000000000285
2012-09-13,-1,575,603,144.23000000000002,144.39000000000001,144.24,144.37,stop,-0.1599999999999966,-0.0011092623405435148,-11.092623405435148,0.12999999999999545,-1.2307692307692475
2012-09-14,1,575,924,147.07999999999998,146.81,147.07,146.83,stop,-0.2699999999999818,-0.0018358604746038065,-18.358604746038065,0.23999999999998067,-1.1250000000000149
2012-09-17,1,575,583,146.95999999999998,146.86999999999998,146.95,146.89,stop,-0.09000000000000341,-0.000612453215379404,-6.12453215379404,0.060000000000002274,-1.5
2012-09-18,-1,575,600,146.35000000000002,146.58,146.36,146.56,stop,-0.22999999999998977,-0.0015714676141021437,-15.714676141021437,0.19999999999998863,-1.1500000000000141
2012-09-19,-1,575,602,146.62,146.82000000000002,146.63,146.8,stop,-0.20000000000001705,-0.001363977357975974,-13.639773579759739,0.17000000000001592,-1.1764705882352844
2012-09-20,1,575,587,146.07999999999998,145.85999999999999,146.07,145.88,stop,-0.21999999999999886,-0.0015061271992880048,-15.061271992880048,0.18999999999999773,-1.157894736842113
2012-09-21,-1,575,959,146.56,145.89,146.57,145.88,eod,0.6700000000000159,0.0045711946510201,45.711946510200995,0.09999999999999432,6.70000000000054
2012-09-24,1,575,959,145.20999999999998,145.6099,145.2,145.6199,eod,0.3999000000000308,0.002754132231405171,27.54132231405171,0.1599999999999966,2.4993750000002457
2012-09-25,-1,575,600,145.89000000000001,146.03,145.9,146.01,stop,-0.13999999999998636,-0.0009595613433857872,-9.595613433857872,0.10999999999998522,-1.2727272727273198
2012-09-26,-1,575,623,144.04000000000002,143.45999999999998,144.05,143.45,target,0.5800000000000409,0.004026379729260957,40.263797292609574,0.060000000000002274,9.666666666666982
2012-09-27,-1,575,716,143.83,143.98000000000002,143.84,143.96,stop,-0.15000000000000568,-0.0010428253615128314,-10.428253615128314,0.12000000000000455,-1.25
2012-09-28,-1,575,576,143.98000000000002,144.14000000000001,143.99,144.12,stop,-0.1599999999999966,-0.0011111882769636542,-11.111882769636543,0.12999999999999545,-1.2307692307692475
2012-10-01,1,575,793,144.82,144.41,144.81,144.43,stop,-0.4099999999999966,-0.002831296181202932,-28.31296181202932,0.37999999999999545,-1.0789473684210567
2012-10-02,1,575,578,145.07,144.81,145.06,144.83,stop,-0.2599999999999909,-0.0017923617813318,-17.923617813318,0.22999999999998977,-1.1304347826087064
2012-10-03,-1,575,620,144.78,144.91,144.79,144.89,stop,-0.12999999999999545,-0.0008978520616064332,-8.978520616064332,0.09999999999999432,-1.3000000000000285
2012-10-04,-1,575,590,145.61,145.74,145.62,145.72,stop,-0.12999999999999545,-0.0008927345144897367,-8.927345144897366,0.09999999999999432,-1.3000000000000285
2012-10-05,1,575,582,146.92999999999998,146.79999999999998,146.92,146.82,stop,-0.12999999999999545,-0.0008848352845085452,-8.848352845085453,0.09999999999999432,-1.3000000000000285
2012-10-08,-1,575,584,145.44,145.64000000000001,145.45,145.62,stop,-0.20000000000001705,-0.0013750429700929328,-13.750429700929327,0.17000000000001592,-1.1764705882352844
2012-10-09,-1,575,581,145.36,145.55,145.37,145.53,stop,-0.18999999999999773,-0.0013070096993877535,-13.070096993877534,0.1599999999999966,-1.187500000000011
2012-10-10,1,575,577,144.2,144.01,144.19,144.03,stop,-0.18999999999999773,-0.0013177058048408192,-13.177058048408192,0.1599999999999966,-1.187500000000011
2012-10-11,-1,575,643,144.19,144.35000000000002,144.2,144.33,stop,-0.160000000000025,-0.00110957004160905,-11.0957004160905,0.13000000000002387,-1.230769230769197
2012-10-12,1,575,584,143.48,143.29,143.47,143.31,stop,-0.18999999999999773,-0.001324318672893272,-13.24318672893272,0.1599999999999966,-1.187500000000011
2012-10-15,1,575,579,143.38,143.11999999999998,143.37,143.14,stop,-0.2600000000000193,-0.0018134895724350932,-18.134895724350933,0.2300000000000182,-1.1304347826086902
2012-10-16,-1,575,586,144.66,144.88000000000002,144.67,144.86,stop,-0.22000000000002728,-0.0015207022879659038,-15.207022879659037,0.19000000000002615,-1.1578947368420895
2012-10-17,-1,575,584,145.49,145.72,145.5,145.7,stop,-0.22999999999998977,-0.0015807560137456342,-15.807560137456342,0.19999999999998863,-1.1500000000000141
2012-10-18,1,575,582,145.84,145.73999999999998,145.83,145.76,stop,-0.10000000000002274,-0.0006857299595420882,-6.857299595420882,0.0700000000000216,-1.4285714285713125
2012-10-19,-1,575,959,145.20000000000002,143.35999999999999,145.21,143.35,eod,1.8400000000000318,0.012671303629226856,126.71303629226857,0.3499999999999943,5.257142857143034
2012-10-22,1,575,583,143.41,143.13,143.4,143.15,stop,-0.28000000000000114,-0.0019525801952580274,-19.525801952580274,0.25,-1.1200000000000045
2012-10-23,-1,575,633,141.82000000000002,141.05000000000015,141.83,141.04000000000016,target,0.7699999999998681,0.0054290347599229224,54.29034759922922,0.08999999999997499,8.555555555556468
2012-10-24,1,575,578,142.10999999999999,141.88,142.1,141.9,stop,-0.22999999999998977,-0.0016185784658690344,-16.185784658690345,0.19999999999998863,-1.1500000000000141
2012-10-25,1,575,578,142.17,141.98999999999998,142.16,142.01,stop,-0.18000000000000682,-0.0012661789532921134,-12.661789532921134,0.15000000000000568,-1.2
2012-10-26,-1,575,576,141.26000000000002,141.44,141.27,141.42,stop,-0.1799999999999784,-0.0012741558717348227,-12.741558717348227,0.14999999999997726,-1.200000000000038
2012-10-31,-1,575,578,141.82000000000002,141.93,141.83,141.91,stop,-0.10999999999998522,-0.0007755763942747318,-7.755763942747318,0.07999999999998408,-1.3750000000000888
2012-11-01,1,575,959,141.92,142.87,141.91,142.88,eod,0.950000000000017,0.006694383764357812,66.94383764357812,0.38999999999998636,2.435897435897565
2012-11-02,-1,575,959,143.38,141.54999999999998,143.39,141.54,eod,1.8300000000000125,0.01276239626194304,127.6239626194304,0.3300000000000125,5.5454545454543736
2012-11-05,1,575,583,141.39499999999998,141.13,141.385,141.15,stop,-0.26499999999998636,-0.0018743148141598216,-18.743148141598216,0.23499999999998522,-1.127659574468098
2012-11-06,1,575,959,142.32999999999998,142.91,142.32,142.92,eod,0.5800000000000125,0.004075323215289577,40.75323215289576,0.18999999999999773,3.0526315789474707
2012-11-07,-1,575,959,141.20000000000002,139.73,141.21,139.72,eod,1.4700000000000273,0.010410027618440813,104.10027618440813,0.46999999999999886,3.127659574468151
2012-11-08,1,575,621,139.91,139.67,139.9,139.69,stop,-0.2400000000000091,-0.0017155110793424524,-17.155110793424523,0.21000000000000796,-1.1428571428571428
2012-11-09,1,575,959,137.89,138.18,137.88,138.19,eod,0.29000000000002046,0.0021032782129389357,21.032782129389357,0.3299999999999841,0.8787878787879831
2012-11-13,1,575,959,137.59,137.82000000000002,137.58,137.83,eod,0.2300000000000182,0.0016717546154965705,16.717546154965707,0.21999999999999886,1.0454545454546336
2012-11-14,1,575,579,138.325,138.09,138.315,138.11,stop,-0.23499999999998522,-0.001699020352094749,-16.99020352094749,0.20499999999998408,-1.1463414634146512
2012-11-15,1,575,594,136.17,135.82999999999998,136.16,135.85,stop,-0.3400000000000034,-0.0024970622796710003,-24.970622796710003,0.3100000000000023,-1.0967741935483901
2012-11-16,-1,575,710,135.61,135.94,135.62,135.92,stop,-0.3299999999999841,-0.002433269429287598,-24.33269429287598,0.29999999999998295,-1.1000000000000094
2012-11-19,1,575,959,138.04999999999998,139.10000000000002,138.04,139.11,eod,1.0500000000000398,0.007606490872211242,76.06490872211242,0.21999999999999886,4.7727272727274785
2012-11-20,-1,575,597,138.64000000000001,138.94500000000002,138.65,138.925,stop,-0.3050000000000068,-0.0021997836278399335,-21.997836278399337,0.2750000000000057,-1.109090909090911
2012-11-21,1,575,607,139.35,139.10999999999999,139.34,139.13,stop,-0.2400000000000091,-0.001722405626525112,-17.224056265251118,0.21000000000000796,-1.1428571428571428
2012-11-26,-1,575,582,140.53,140.73000000000002,140.54,140.71,stop,-0.20000000000001705,-0.0014230823964708772,-14.230823964708772,0.17000000000001592,-1.1764705882352844
2012-11-27,-1,575,577,140.78,140.95000000000002,140.79,140.93,stop,-0.17000000000001592,-0.0012074721215996585,-12.074721215996584,0.14000000000001478,-1.2142857142856998
2012-11-28,-1,575,624,139.59,139.79000000000002,139.6,139.77,stop,-0.20000000000001705,-0.0014326647564471137,-14.326647564471136,0.17000000000001592,-1.1764705882352844
2012-11-29,1,575,608,142.31,141.95999999999998,142.3,141.98,stop,-0.35000000000002274,-0.0024595924104007217,-24.595924104007217,0.3200000000000216,-1.0937499999999973
2012-11-30,-1,575,582,142.085,142.19,142.095,142.17,stop,-0.10499999999998977,-0.000738942256940707,-7.3894225694070705,0.07499999999998863,-1.4000000000000759
2012-12-04,1,575,632,141.45,141.23999999999998,141.44,141.26,stop,-0.21000000000000796,-0.0014847285067873866,-14.847285067873866,0.18000000000000682,-1.1666666666666667
2012-12-05,1,575,593,141.42999999999998,141.2501,141.42,141.2701,stop,-0.17989999999997508,-0.0012720972988260154,-12.720972988260154,0.14989999999997394,-1.2001334222815634
2012-12-06,1,575,621,141.44,141.19,141.43,141.21,stop,-0.25,-0.001767658912536237,-17.67658912536237,0.21999999999999886,-1.1363636363636422
2012-12-07,1,575,576,142.57999999999998,142.42,142.57,142.44,stop,-0.1599999999999966,-0.0011222557340253671,-11.22255734025367,0.12999999999999545,-1.2307692307692475
2012-12-10,1,575,959,142.44,142.5,142.43,142.51,eod,0.060000000000002274,0.00042125956610266285,4.212595661026628,0.28000000000000114,0.21428571428572155
2012-12-11,1,575,959,143.2,143.42000000000002,143.19,143.43,eod,0.22000000000002728,0.0015364201410714945,15.364201410714944,0.19999999999998863,1.100000000000199
2012-12-12,-1,575,750,143.81,144.04000000000002,143.82,144.02,stop,-0.2300000000000182,-0.0015992212487833278,-15.992212487833278,0.20000000000001705,-1.1499999999999928
2012-12-13,1,575,581,143.59,143.34,143.58,143.36,stop,-0.25,-0.0017411895807215487,-17.411895807215487,0.21999999999999886,-1.1363636363636422
2012-12-14,-1,575,577,142.20000000000002,142.35000000000002,142.21,142.33,stop,-0.15000000000000568,-0.0010547781449968755,-10.547781449968756,0.12000000000000455,-1.25
2012-12-17,1,575,959,142.6,143.76000000000002,142.59,143.77,eod,1.160000000000025,0.008135212848025984,81.35212848025984,0.1599999999999966,7.250000000000311
2012-12-18,-1,575,580,143.86,144.0499,143.87,144.0299,stop,-0.1898999999999944,-0.0013199416139570057,-13.199416139570058,0.15989999999999327,-1.1876172607880076
2012-12-19,-1,575,959,145.32000000000002,144.29,145.33,144.28,eod,1.0300000000000296,0.007087318516479938,70.87318516479938,0.25,4.120000000000118
2012-12-20,-1,575,608,144.33,144.53,144.34,144.51,stop,-0.19999999999998863,-0.0013856172925037318,-13.856172925037317,0.1699999999999875,-1.1764705882353137
2012-12-21,1,575,697,142.45999999999998,142.01999999999998,142.45,142.04,stop,-0.4399999999999977,-0.003088803088803073,-30.88803088803073,0.4099999999999966,-1.0731707317073205
2012-12-26,-1,575,580,142.53,142.69,142.54,142.67,stop,-0.1599999999999966,-0.0011224919320892142,-11.224919320892141,0.12999999999999545,-1.2307692307692475
2012-12-27,-1,575,576,141.66,141.81,141.67,141.79,stop,-0.15000000000000568,-0.0010587986165031813,-10.587986165031813,0.12000000000000455,-1.25
2012-12-28,1,575,586,140.82999999999998,140.57999999999998,140.82,140.6,stop,-0.25,-0.0017753160062491124,-17.753160062491123,0.21999999999999886,-1.1363636363636422
2012-12-31,1,575,900,139.79,142.1700000000001,139.78,142.1800000000001,target,2.380000000000109,0.01702675633137866,170.2675633137866,0.2400000000000091,9.916666666666746
2013-01-02,1,575,583,145.26,145.07,145.25,145.09,stop,-0.18999999999999773,-0.0013080895008605695,-13.080895008605696,0.1599999999999966,-1.187500000000011
2013-01-03,-1,575,609,145.75,146.01000000000002,145.76,145.99,stop,-0.2600000000000193,-0.001783754116355786,-17.83754116355786,0.2300000000000182,-1.1304347826086902
2013-01-04,-1,575,584,145.8,146.0,145.81,145.98,stop,-0.19999999999998863,-0.0013716480351141118,-13.716480351141117,0.1699999999999875,-1.1764705882353137
2013-01-07,-1,575,609,145.71,145.91,145.72,145.89,stop,-0.19999999999998863,-0.0013724951962667351,-13.724951962667351,0.1699999999999875,-1.1764705882353137
2013-01-08,-1,575,575,145.69,145.84,145.7,145.82,stop,-0.15000000000000568,-0.001029512697323306,-10.29512697323306,0.12000000000000455,-1.25
2013-01-09,1,575,580,145.94,145.82999999999998,145.93,145.85,stop,-0.11000000000001364,-0.0007537860618105505,-7.537860618105505,0.0800000000000125,-1.3749999999999556
2013-01-10,-1,575,892,146.67000000000002,146.85000000000002,146.68,146.83,stop,-0.18000000000000682,-0.0012271611671666677,-12.271611671666678,0.15000000000000568,-1.2
2013-01-11,-1,575,945,146.97,147.13000000000002,146.98,147.11,stop,-0.160000000000025,-0.00108858348074585,-10.8858348074585,0.13000000000002387,-1.230769230769197
2013-01-14,1,575,584,146.92,146.85,146.91,146.87,stop,-0.06999999999999318,-0.0004764821999863398,-4.764821999863398,0.03999999999999204,-1.7500000000001776
2013-01-15,1,575,959,146.31,147.03,146.3,147.04,eod,0.7199999999999989,0.004921394395078597,49.213943950785975,0.10000000000002274,7.199999999998352
2013-01-16,-1,575,600,146.72500000000002,146.89000000000001,146.735,146.87,stop,-0.16499999999999204,-0.0011244760963641397,-11.244760963641397,0.1349999999999909,-1.2222222222222456
2013-01-17,1,575,575,147.73499999999999,147.6,147.725,147.62,stop,-0.1349999999999909,-0.0009138602132339883,-9.138602132339882,0.10499999999998977,-1.2857142857143244
2013-01-18,1,575,575,148.03,147.90099999999998,148.02,147.921,stop,-0.1290000000000191,-0.0008715038508310978,-8.715038508310977,0.09900000000001796,-1.3030303030302595
2013-01-22,1,575,580,148.41,148.31,148.4,148.33,stop,-0.09999999999999432,-0.0006738544474393148,-6.738544474393148,0.06999999999999318,-1.4285714285714866
2013-01-23,1,575,583,149.2,149.06,149.19,149.08,stop,-0.13999999999998636,-0.0009384006970975693,-9.384006970975692,0.10999999999998522,-1.2727272727273198
2013-01-24,1,575,826,149.45499999999998,149.1,149.445,149.12,stop,-0.35499999999998977,-0.002375455853323897,-23.75455853323897,0.32499999999998863,-1.092307692307699
2013-01-25,-1,575,575,149.82000000000002,149.91,149.83,149.89,stop,-0.08999999999997499,-0.0006006807715409129,-6.006807715409129,0.05999999999997385,-1.500000000000237
2013-01-28,-1,575,959,150.13,150.04999999999998,150.14,150.04,eod,0.0800000000000125,0.000532836019715016,5.32836019715016,0.19000000000002615,0.4210526315789552
2013-01-29,1,575,608,149.935,149.67999999999998,149.925,149.7,stop,-0.2550000000000239,-0.0017008504252127655,-17.008504252127654,0.22500000000002274,-1.1333333333333249
2013-01-30,-1,575,577,150.58,150.73000000000002,150.59,150.71,stop,-0.15000000000000568,-0.0009960820771631959,-9.960820771631958,0.12000000000000455,-1.25
2013-01-31,-1,575,580,149.76000000000002,149.95000000000002,149.77,149.93,stop,-0.18999999999999773,-0.0012686118715363405,-12.686118715363405,0.1599999999999966,-1.187500000000011
2013-02-01,-1,575,600,150.53,150.74,150.54,150.72,stop,-0.21000000000000796,-0.0013949780789159556,-13.949780789159556,0.18000000000000682,-1.1666666666666667
2013-02-04,1,575,585,150.35999999999999,150.23,150.35,150.25,stop,-0.12999999999999545,-0.0008646491519786861,-8.646491519786862,0.09999999999999432,-1.3000000000000285
2013-02-05,1,575,885,150.39999999999998,151.37999999999994,150.39,151.38999999999993,target,0.9799999999999613,0.00651639071746766,65.16390717467661,0.09999999999999432,9.800000000000171
2013-02-06,-1,575,576,150.45000000000002,150.60000000000002,150.46,150.58,stop,-0.15000000000000568,-0.0009969427090256923,-9.969427090256923,0.12000000000000455,-1.25
2013-02-07,1,575,580,151.23,151.09,151.22,151.11,stop,-0.13999999999998636,-0.0009258034651500222,-9.258034651500223,0.10999999999998522,-1.2727272727273198
2013-02-08,1,575,959,151.29999999999998,151.77,151.29,151.78,eod,0.4700000000000273,0.003106616432018159,31.066164320181592,0.06999999999999318,6.714285714286758
2013-02-11,-1,575,646,151.67000000000002,151.79000000000002,151.68,151.77,stop,-0.12000000000000455,-0.000791139240506359,-7.91139240506359,0.09000000000000341,-1.3333333333333333
2013-02-12,-1,575,595,151.77,151.92000000000002,151.78,151.9,stop,-0.15000000000000568,-0.0009882724996706134,-9.882724996706134,0.12000000000000455,-1.25
2013-02-13,1,575,588,152.45,152.23,152.44,152.25,stop,-0.21999999999999886,-0.0014431907635791056,-14.431907635791056,0.18999999999999773,-1.157894736842113
2013-02-14,-1,575,575,151.62,151.73000000000002,151.63,151.71,stop,-0.11000000000001364,-0.0007254501088176063,-7.254501088176063,0.0800000000000125,-1.3749999999999556
2013-02-15,-1,575,579,152.37,152.48000000000002,152.38,152.46,stop,-0.11000000000001364,-0.000721879511747038,-7.21879511747038,0.0800000000000125,-1.3749999999999556
2013-02-19,1,575,959,152.45999999999998,153.21,152.45,153.22,eod,0.7500000000000284,0.00491964578550363,49.1964578550363,0.08999999999997499,8.333333333335965
2013-02-20,1,575,577,153.16,153.04,153.15,153.06,stop,-0.12000000000000455,-0.0007835455435847505,-7.835455435847505,0.09000000000000341,-1.3333333333333333
2013-02-21,-1,575,959,150.74,150.42,150.75,150.41,eod,0.3200000000000216,0.0021227197346601764,21.227197346601763,0.21000000000000796,1.523809523809569
2013-02-22,1,575,580,151.26,151.10999999999999,151.25,151.13,stop,-0.15000000000000568,-0.0009917355371901202,-9.917355371901202,0.12000000000000455,-1.25
2013-02-25,-1,575,600,152.57000000000002,152.71,152.58,152.69,stop,-0.13999999999998636,-0.0009175514484204112,-9.175514484204113,0.10999999999998522,-1.2727272727273198
2013-02-26,1,575,585,149.76999999999998,149.67,149.76,149.69,stop,-0.09999999999999432,-0.0006677350427350048,-6.677350427350048,0.06999999999999318,-1.4285714285714866
2013-02-27,1,575,743,149.94,151.62000000000018,149.93,151.63000000000017,target,1.6800000000001774,0.011205229106917743,112.05229106917743,0.17000000000001592,9.882352941176588
2013-02-28,-1,575,576,151.81,151.98000000000002,151.82,151.96,stop,-0.17000000000001592,-0.0011197470688974834,-11.197470688974834,0.14000000000001478,-1.2142857142856998
2013-03-01,-1,575,600,150.82000000000002,151.14000000000001,150.83,151.12,stop,-0.3199999999999932,-0.002121593847377797,-21.21593847377797,0.28999999999999204,-1.1034482758620758
2013-03-04,1,575,577,151.79999999999998,151.63,151.79,151.65,stop,-0.1699999999999875,-0.0011199683773633804,-11.199683773633804,0.13999999999998636,-1.2142857142857433
2013-03-05,1,575,959,153.79999999999998,154.3,153.79,154.31,eod,0.5000000000000284,0.0032511866831395307,32.51186683139531,0.15000000000000568,3.3333333333333965
2013-03-06,-1,575,596,154.735,154.89000000000001,154.745,154.87,stop,-0.15500000000000114,-0.0010016478723060592,-10.016478723060592,0.125,-1.240000000000009
2013-03-07,1,575,582,154.88,154.61999999999998,154.87,154.64,stop,-0.2600000000000193,-0.0016788274036289748,-16.78827403628975,0.2300000000000182,-1.1304347826086902
2013-03-11,-1,575,591,155.22,155.38000000000002,155.23,155.36,stop,-0.160000000000025,-0.0010307285962766542,-10.307285962766542,0.13000000000002387,-1.230769230769197
2013-03-12,-1,575,584,155.81,155.96,155.82,155.94,stop,-0.15000000000000568,-0.0009626492106276838,-9.626492106276839,0.12000000000000455,-1.25
2013-03-13,-1,575,576,155.71800000000002,155.8,155.728,155.78,stop,-0.08199999999999363,-0.0005265591287372446,-5.265591287372446,0.0519999999999925,-1.5769230769231821
2013-03-14,1,575,620,156.36499999999998,156.23,156.355,156.25,stop,-0.1349999999999909,-0.0008634197819065006,-8.634197819065006,0.10499999999998977,-1.2857142857143244
2013-03-15,-1,575,686,155.69,155.91,155.7,155.89,stop,-0.21999999999999886,-0.0014129736673089202,-14.129736673089202,0.18999999999999773,-1.157894736842113
2013-03-18,-1,575,575,154.28,154.38000000000002,154.29,154.36,stop,-0.10000000000002274,-0.0006481301445331696,-6.481301445331696,0.0700000000000216,-1.4285714285713125
2013-03-19,1,575,579,155.42,155.26999999999998,155.41,155.29,stop,-0.15000000000000568,-0.0009651888552860542,-9.651888552860541,0.12000000000000455,-1.25
2013-03-20,-1,575,580,155.48000000000002,155.74,155.49,155.72,stop,-0.2599999999999909,-0.0016721332561578936,-16.721332561578937,0.22999999999998977,-1.1304347826087064
2013-03-21,1,575,616,154.89999999999998,154.67999999999998,154.89,154.7,stop,-0.21999999999999886,-0.0014203628381431912,-14.203628381431912,0.18999999999999773,-1.157894736842113
2013-03-22,1,575,582,154.95999999999998,154.79,154.95,154.81,stop,-0.1699999999999875,-0.0010971281058405132,-10.971281058405133,0.13999999999998636,-1.2142857142857433
2013-03-25,-1,575,581,155.85000000000002,156.09,155.86,156.07,stop,-0.23999999999998067,-0.0015398434492492022,-15.398434492492022,0.20999999999997954,-1.1428571428571621
2013-03-27,-1,575,581,155.07500000000002,155.31,155.085,155.29,stop,-0.23499999999998522,-0.0015152980623528078,-15.152980623528078,0.20499999999998408,-1.1463414634146512
2013-03-28,1,575,580,156.285,156.07,156.275,156.09,stop,-0.2150000000000034,-0.0013757798752199865,-13.757798752199864,0.18500000000000227,-1.1621621621621663
2013-04-01,1,575,600,156.64499999999998,156.51999999999998,156.635,156.54,stop,-0.125,-0.0007980336450984774,-7.980336450984774,0.09499999999999886,-1.3157894736842262
2013-04-02,1,575,942,156.78,156.48999999999998,156.77,156.51,stop,-0.29000000000002046,-0.0018498437200996393,-18.498437200996392,0.2600000000000193,-1.1153846153846112
2013-04-03,1,575,577,156.995,156.84,156.985,156.86,stop,-0.15500000000000114,-0.0009873554798229202,-9.873554798229202,0.125,-1.240000000000009
2013-04-04,1,575,629,155.45999999999998,155.29,155.45,155.31,stop,-0.1699999999999875,-0.0010935992280475234,-10.935992280475233,0.13999999999998636,-1.2142857142857433
2013-04-05,-1,575,575,153.875,154.01000000000002,153.885,153.99,stop,-0.13500000000001933,-0.0008772784871821121,-8.772784871821122,0.10500000000001819,-1.285714285714247
2013-04-08,-1,575,811,155.14000000000001,155.32000000000002,155.15,155.3,stop,-0.18000000000000682,-0.001160167579761565,-11.60167579761565,0.15000000000000568,-1.2
2013-04-09,1,575,575,156.56,156.45,156.55,156.47,stop,-0.11000000000001364,-0.0007026509102524026,-7.0265091025240265,0.0800000000000125,-1.3749999999999556
2013-04-10,1,575,959,157.48499999999999,158.69,157.475,158.7,eod,1.2050000000000125,0.007652008255278695,76.52008255278695,0.34499999999999886,3.4927536231884537
2013-04-11,-1,575,589,158.63500000000002,158.82000000000002,158.645,158.8,stop,-0.18500000000000227,-0.0011661256263985772,-11.661256263985772,0.15500000000000114,-1.19354838709678
2013-04-12,-1,575,580,158.64000000000001,158.9,158.65,158.88,stop,-0.2599999999999909,-0.0016388276079419533,-16.388276079419533,0.22999999999998977,-1.1304347826087064
2013-04-15,-1,575,575,157.88,158.04000000000002,157.89,158.02,stop,-0.160000000000025,-0.0010133637342455192,-10.133637342455192,0.13000000000002387,-1.230769230769197
2013-04-16,-1,575,576,156.19,156.41,156.2,156.39,stop,-0.21999999999999886,-0.001408450704225345,-14.08450704225345,0.18999999999999773,-1.157894736842113
2013-04-17,-1,575,959,156.07500000000002,155.07,156.085,155.06,eod,1.0050000000000239,0.0064387993721371295,64.3879937213713,0.23499999999998522,4.276595744681222
2013-04-18,-1,575,959,155.17000000000002,154.17999999999998,155.18,154.17,eod,0.9900000000000375,0.006379688104137373,63.79688104137373,0.22999999999998977,4.304347826087311
2013-04-19,1,575,585,154.56,154.29999999999998,154.55,154.32,stop,-0.2600000000000193,-0.0016823034616630173,-16.823034616630174,0.2300000000000182,-1.1304347826086902
2013-04-22,1,575,576,155.935,155.67999999999998,155.925,155.7,stop,-0.2550000000000239,-0.0016354016354017883,-16.354016354017883,0.22500000000002274,-1.1333333333333249
2013-04-23,1,575,789,157.02499999999998,156.86999999999998,157.015,156.89,stop,-0.15500000000000114,-0.0009871668311944792,-9.871668311944791,0.125,-1.240000000000009
2013-04-24,1,575,608,158.09,157.73,158.08,157.75,stop,-0.36000000000001364,-0.002277327935222758,-22.773279352227583,0.3300000000000125,-1.0909090909090908
2013-04-25,-1,575,579,158.24,158.43,158.25,158.41,stop,-0.18999999999999773,-0.001200631911532371,-12.006319115323711,0.1599999999999966,-1.187500000000011
2013-04-26,1,575,578,158.37,158.28,158.36,158.3,stop,-0.09000000000000341,-0.0005683253346804964,-5.683253346804964,0.060000000000002274,-1.5
2013-04-29,-1,575,602,158.59,158.85000000000002,158.6,158.83,stop,-0.2600000000000193,-0.0016393442622952038,-16.393442622952037,0.2300000000000182,-1.1304347826086902
2013-05-01,-1,575,585,159.23000000000002,159.39000000000001,159.24,159.37,stop,-0.1599999999999966,-0.0010047726701833495,-10.047726701833495,0.12999999999999545,-1.2307692307692475
2013-05-02,1,575,959,158.82,159.71,158.81,159.72,eod,0.8900000000000148,0.005604181096908348,56.041810969083485,0.28000000000000114,3.1785714285714683
2013-05-03,1,575,959,161.35999999999999,161.37,161.35,161.38,eod,0.010000000000019327,6.197706848478046e-05,0.6197706848478046,0.3100000000000023,0.03225806451619114
2013-05-06,1,575,588,161.64,161.42,161.63,161.44,stop,-0.21999999999999886,-0.0013611334529480843,-13.611334529480843,0.18999999999999773,-1.157894736842113
2013-05-07,1,575,612,162.155,161.98,162.145,162.0,stop,-0.17500000000001137,-0.0010792808905609878,-10.792808905609878,0.14500000000001023,-1.2068965517241312
2013-05-08,-1,575,583,162.38,162.57000000000002,162.39,162.55,stop,-0.19000000000002615,-0.0011700227846543885,-11.700227846543886,0.160000000000025,-1.1874999999999778
2013-05-09,1,575,589,163.38,163.19,163.37,163.21,stop,-0.18999999999999773,-0.0011630042235416399,-11.630042235416399,0.1599999999999966,-1.187500000000011
2013-05-10,1,575,581,163.01999999999998,162.84,163.01,162.86,stop,-0.1799999999999784,-0.0011042267345560298,-11.042267345560298,0.14999999999997726,-1.200000000000038
2013-05-13,1,575,584,163.32,163.09,163.31,163.11,stop,-0.22999999999998977,-0.0014083644602289496,-14.083644602289496,0.19999999999998863,-1.1500000000000141
2013-05-14,1,575,959,163.94,165.26000000000002,163.93,165.27,eod,1.3200000000000216,0.008052217409870197,80.52217409870197,0.2600000000000193,5.076923076922783
2013-05-15,1,575,587,165.13,164.91,165.12,164.93,stop,-0.21999999999999886,-0.0013323643410852644,-13.323643410852643,0.18999999999999773,-1.157894736842113
2013-05-16,1,575,604,165.89999999999998,165.73999999999998,165.89,165.76,stop,-0.1599999999999966,-0.0009644945445777118,-9.644945445777118,0.12999999999999545,-1.2307692307692475
2013-05-17,1,575,581,166.07999999999998,165.86999999999998,166.07,165.89,stop,-0.21000000000000796,-0.0012645270066839764,-12.645270066839764,0.18000000000000682,-1.1666666666666667
2013-05-20,1,575,589,167.015,166.75,167.005,166.77,stop,-0.26499999999998636,-0.001586778838956836,-15.867788389568359,0.23499999999998522,-1.127659574468098
2013-05-21,1,575,612,167.32999999999998,166.98999999999998,167.32,167.01,stop,-0.3400000000000034,-0.0020320344250538097,-20.320344250538096,0.3100000000000023,-1.0967741935483901
2013-05-22,-1,575,577,167.32000000000002,167.48000000000002,167.33,167.46,stop,-0.1599999999999966,-0.0009561943465009058,-9.561943465009058,0.12999999999999545,-1.2307692307692475
2013-05-23,1,575,589,164.54,164.10999999999999,164.53,164.13,stop,-0.4300000000000068,-0.0026135051358415293,-26.135051358415293,0.4000000000000057,-1.0750000000000017
2013-05-24,1,575,590,164.60999999999999,164.23999999999998,164.6,164.26,stop,-0.37000000000000455,-0.0022478736330498452,-22.478736330498453,0.3400000000000034,-1.0882352941176494
2013-05-28,1,575,578,167.14999999999998,167.01,167.14,167.03,stop,-0.13999999999998636,-0.0008376211559171136,-8.376211559171136,0.10999999999998522,-1.2727272727273198
2013-05-29,1,575,582,165.48999999999998,165.1,165.48,165.12,stop,-0.38999999999998636,-0.0023567802755619194,-23.567802755619194,0.3599999999999852,-1.08333333333334
2013-05-30,-1,575,578,165.29000000000002,165.60000000000002,165.3,165.58,stop,-0.3100000000000023,-0.0018753781004234862,-18.753781004234863,0.28000000000000114,-1.1071428571428608
2013-05-31,-1,575,577,165.28,165.395,165.29,165.375,stop,-0.1150000000000091,-0.0006957468691391439,-6.957468691391439,0.08500000000000796,-1.3529411764705686
2013-06-03,-1,575,608,163.76000000000002,163.9,163.77,163.88,stop,-0.13999999999998636,-0.0008548574219941769,-8.548574219941768,0.10999999999998522,-1.2727272727273198
2013-06-04,1,575,660,164.78,164.26999999999998,164.77,164.29,stop,-0.5100000000000193,-0.003095223645081139,-30.95223645081139,0.4800000000000182,-1.0625
2013-06-05,1,575,612,163.16,162.82,163.15,162.84,stop,-0.3400000000000034,-0.002083971805087364,-20.83971805087364,0.3100000000000023,-1.0967741935483901
2013-06-06,1,575,729,161.33499999999998,160.92,161.325,160.94,stop,-0.41499999999999204,-0.00257244692391131,-25.7244692391131,0.3849999999999909,-1.0779220779220826
2013-06-07,-1,575,600,163.49,163.91,163.5,163.89,stop,-0.4199999999999875,-0.002568807339449465,-25.688073394494648,0.38999999999998636,-1.0769230769230824
2013-06-10,-1,575,959,165.11,164.76999999999998,165.12,164.76,eod,0.34000000000003183,0.0020591085271319757,20.591085271319756,0.28000000000000114,1.214285714285823
2013-06-11,-1,575,590,162.94500000000002,163.32000000000002,162.955,163.3,stop,-0.375,-0.0023012488110214476,-23.012488110214477,0.34499999999999886,-1.086956521739134
2013-06-12,-1,575,713,164.20000000000002,162.42000000000021,164.21,162.41000000000022,target,1.7799999999998022,0.010839778332621655,108.39778332621655,0.1799999999999784,9.888888888888976
2013-06-13,-1,575,585,161.42000000000002,161.82000000000002,161.43,161.8,stop,-0.4000000000000057,-0.002477854178281643,-24.778541782816433,0.37000000000000455,-1.0810810810810831
2013-06-14,-1,575,586,163.99,164.17000000000002,164.0,164.15,stop,-0.18000000000000682,-0.0010975609756097976,-10.975609756097976,0.15000000000000568,-1.2
2013-06-17,1,575,864,164.63,164.26999999999998,164.62,164.29,stop,-0.36000000000001364,-0.0021868545741709003,-21.868545741709003,0.3300000000000125,-1.0909090909090908
2013-06-18,1,575,959,164.78,165.73000000000002,164.77,165.74,eod,0.950000000000017,0.00576561267220985,57.6561267220985,0.25,3.800000000000068
2013-06-19,-1,575,840,165.51000000000002,165.85000000000002,165.52,165.83,stop,-0.3400000000000034,-0.0020541324311261684,-20.541324311261683,0.3100000000000023,-1.0967741935483901
2013-06-20,-1,575,586,161.70000000000002,161.95000000000002,161.71,161.93,stop,-0.25,-0.0015459773668913487,-15.459773668913487,0.21999999999999886,-1.1363636363636422
2013-06-21,-1,575,959,159.54000000000002,158.995,159.55,158.985,eod,0.5450000000000159,0.003415857098088473,34.15857098088473,0.20999999999997954,2.595238095238424
2013-06-24,-1,575,844,157.08,157.51000000000002,157.09,157.49,stop,-0.4300000000000068,-0.00273728435928453,-27.3728435928453,0.4000000000000057,-1.0750000000000017
2013-06-26,1,575,583,160.07999999999998,159.84,160.07,159.86,stop,-0.23999999999998067,-0.001499344036983699,-14.99344036983699,0.20999999999997954,-1.1428571428571621
2013-06-27,1,575,575,161.14,161.04,161.13,161.06,stop,-0.09999999999999432,-0.0006206168931917974,-6.206168931917974,0.06999999999999318,-1.4285714285714866
2013-06-28,1,575,585,160.64,160.51999999999998,160.63,160.54,stop,-0.12000000000000455,-0.0007470584573243139,-7.47058457324314,0.09000000000000341,-1.3333333333333333
2013-07-01,1,575,941,161.60999999999999,161.14,161.6,161.16,stop,-0.46999999999999886,-0.0029084158415841515,-29.084158415841515,0.4399999999999977,-1.068181818181821
2013-07-02,1,575,851,161.38,161.01,161.37,161.03,stop,-0.37000000000000455,-0.0022928673235421983,-22.928673235421982,0.3400000000000034,-1.0882352941176494
2013-07-05,-1,575,851,162.18,162.66,162.19,162.64,stop,-0.47999999999998977,-0.0029594919538811874,-29.594919538811876,0.44999999999998863,-1.0666666666666709
2013-07-08,-1,575,586,163.83,164.03,163.84,164.01,stop,-0.19999999999998863,-0.0012207031249999306,-12.207031249999305,0.1699999999999875,-1.1764705882353137
2013-07-09,-1,575,755,164.87,165.15,164.88,165.13,stop,-0.28000000000000114,-0.0016982047549733209,-16.98204754973321,0.25,-1.1200000000000045
2013-07-10,1,575,581,165.17,164.95,165.16,164.97,stop,-0.21999999999999886,-0.001332041656575435,-13.32041656575435,0.18999999999999773,-1.157894736842113
2013-07-11,-1,575,864,166.99,167.17000000000002,167.0,167.15,stop,-0.18000000000000682,-0.0010778443113772863,-10.778443113772862,0.15000000000000568,-1.2
2013-07-12,1,575,575,167.48999999999998,167.36999999999998,167.48,167.39,stop,-0.12000000000000455,-0.0007165034631000988,-7.165034631000988,0.09000000000000341,-1.3333333333333333
2013-07-15,-1,575,690,167.95000000000002,168.14000000000001,167.96,168.12,stop,-0.18999999999999773,-0.001131221719457,-11.31221719457,0.1599999999999966,-1.187500000000011
2013-07-16,-1,575,959,168.18,167.53,168.19,167.52,eod,0.6500000000000057,0.0038646768535585095,38.646768535585096,0.17000000000001592,3.8235294117643814
2013-07-17,1,575,587,168.25,168.01999999999998,168.24,168.04,stop,-0.2300000000000182,-0.0013670946267238361,-13.670946267238362,0.20000000000001705,-1.1499999999999928
2013-07-18,-1,575,578,168.29000000000002,168.38000000000002,168.3,168.36,stop,-0.09000000000000341,-0.0005347593582887902,-5.347593582887902,0.060000000000002274,-1.5
2013-07-19,-1,575,585,168.47,168.67000000000002,168.48,168.65,stop,-0.20000000000001705,-0.001187084520417955,-11.870845204179549,0.17000000000001592,-1.1764705882352844
2013-07-22,-1,575,661,169.24,169.5,169.25,169.48,stop,-0.2599999999999909,-0.0015361890694238754,-15.361890694238754,0.22999999999998977,-1.1304347826087064
2013-07-23,-1,575,959,169.75,169.23999999999998,169.76,169.23,eod,0.5100000000000193,0.0030042412818097274,30.042412818097276,0.0700000000000216,7.285714285712314
2013-07-24,-1,575,959,169.60000000000002,168.54,169.61,168.53,eod,1.0600000000000307,0.006249631507576385,62.496315075763846,0.25,4.240000000000123
2013-07-25,-1,575,585,168.10000000000002,168.26000000000002,168.11,168.24,stop,-0.1599999999999966,-0.0009517577776455688,-9.517577776455688,0.12999999999999545,-1.2307692307692475
2013-07-26,-1,575,576,168.17000000000002,168.32000000000002,168.18,168.3,stop,-0.15000000000000568,-0.0008919015340706724,-8.919015340706725,0.12000000000000455,-1.25
2013-07-29,1,575,611,168.75,168.60999999999999,168.74,168.63,stop,-0.14000000000001478,-0.0008296787957805782,-8.296787957805781,0.11000000000001364,-1.2727272727272492
2013-07-30,1,575,576,169.17,169.06,169.16,169.08,stop,-0.10999999999998522,-0.0006502719318987066,-6.502719318987067,0.07999999999998408,-1.3750000000000888
2013-07-31,1,575,786,169.2,168.89,169.19,168.91,stop,-0.3100000000000023,-0.001832259589810286,-18.32259589810286,0.28000000000000114,-1.1071428571428608
2013-08-01,1,575,959,170.1,170.65,170.09,170.66,eod,0.5500000000000114,0.0032335822211770906,32.3358222117709,0.18999999999999773,2.8947368421053574
2013-08-02,1,575,575,170.34,170.17999999999998,170.33,170.2,stop,-0.160000000000025,-0.0009393530206072036,-9.393530206072036,0.13000000000002387,-1.230769230769197
2013-08-05,-1,575,595,170.56,170.65,170.57,170.63,stop,-0.09000000000000341,-0.0005276426100721312,-5.276426100721312,0.060000000000002274,-1.5
2013-08-06,1,575,580,170.48,170.29999999999998,170.47,170.32,stop,-0.18000000000000682,-0.0010559042646800423,-10.559042646800423,0.15000000000000568,-1.2
2013-08-07,-1,575,584,169.03,169.26000000000002,169.04,169.24,stop,-0.2300000000000182,-0.0013606247042121284,-13.606247042121284,0.20000000000001705,-1.1499999999999928
2013-08-08,-1,575,576,169.97,170.15,169.98,170.13,stop,-0.18000000000000682,-0.0010589481115425745,-10.589481115425745,0.15000000000000568,-1.2
2013-08-09,1,575,596,169.67999999999998,169.48999999999998,169.67,169.51,stop,-0.18999999999999773,-0.0011198208286674,-11.198208286674,0.1599999999999966,-1.187500000000011
2013-08-12,1,575,959,168.56,169.10000000000002,168.55,169.11,eod,0.5400000000000205,0.0032037970928509075,32.037970928509075,0.17000000000001592,3.176470588235117
2013-08-13,1,575,579,169.48,169.23,169.47,169.25,stop,-0.25,-0.0014751873487932967,-14.751873487932967,0.21999999999999886,-1.1363636363636422
2013-08-14,1,575,575,169.62,169.5,169.61,169.52,stop,-0.12000000000000455,-0.000707505453687899,-7.07505453687899,0.09000000000000341,-1.3333333333333333
2013-08-15,-1,575,959,167.22,166.35999999999999,167.23,166.35,eod,0.8600000000000136,0.005142617951324605,51.426179513246055,0.20000000000001705,4.299999999999701
2013-08-16,-1,575,579,165.99,166.17000000000002,166.0,166.15,stop,-0.18000000000000682,-0.0010843373493976314,-10.843373493976314,0.15000000000000568,-1.2
2013-08-19,-1,575,576,165.56,165.70000000000002,165.57,165.68,stop,-0.14000000000001478,-0.0008455638098690269,-8.455638098690269,0.11000000000001364,-1.2727272727272492
2013-08-20,-1,575,595,165.0,165.16,165.01,165.14,stop,-0.1599999999999966,-0.0009696382037452069,-9.69638203745207,0.12999999999999545,-1.2307692307692475
2013-08-21,-1,575,579,165.02,165.17000000000002,165.03,165.15,stop,-0.15000000000000568,-0.0009089256498818741,-9.089256498818742,0.12000000000000455,-1.25
2013-08-22,1,575,959,165.04999999999998,165.98000000000002,165.04,165.99,eod,0.9300000000000352,0.005634997576345342,56.34997576345342,0.15000000000000568,6.2
2013-08-23,-1,575,925,166.37,166.58,166.38,166.56,stop,-0.21000000000000796,-0.001262170934006539,-12.62170934006539,0.18000000000000682,-1.1666666666666667
2013-08-26,-1,575,584,166.65,166.88000000000002,166.66,166.86,stop,-0.2300000000000182,-0.0013800552022081975,-13.800552022081975,0.20000000000001705,-1.1499999999999928
2013-08-27,1,575,625,164.45499999999998,164.28,164.445,164.3,stop,-0.17499999999998295,-0.0010641855939674844,-10.641855939674844,0.1449999999999818,-1.2068965517241717
2013-08-28,1,575,575,163.26999999999998,163.2,163.26,163.22,stop,-0.06999999999999318,-0.00042876393482784017,-4.287639348278402,0.03999999999999204,-1.7500000000001776
2013-08-29,1,575,959,163.79999999999998,164.16,163.79,164.17,eod,0.36000000000001364,0.0021979363819525834,21.979363819525833,0.38999999999998636,0.9230769230769903
2013-08-30,-1,575,959,164.24,163.57999999999998,164.25,163.57,eod,0.660000000000025,0.004018264840182801,40.182648401828004,0.28000000000000114,2.3571428571429367
2013-09-03,1,575,598,165.45,165.17999999999998,165.44,165.2,stop,-0.27000000000001023,-0.0016320116054159225,-16.320116054159225,0.2400000000000091,-1.125
2013-09-04,-1,575,581,164.35000000000002,164.57000000000002,164.36,164.55,stop,-0.21999999999999886,-0.0013385251886103605,-13.385251886103605,0.18999999999999773,-1.157894736842113
2013-09-05,1,575,959,166.03,165.905,166.02,165.915,eod,-0.125,-0.0007529213347789422,-7.5292133477894225,0.29000000000002046,-0.4310344827585903
2013-09-06,-1,575,575,166.47,166.65,166.48,166.63,stop,-0.18000000000000682,-0.0010812109562710645,-10.812109562710646,0.15000000000000568,-1.2
2013-09-09,1,575,959,166.7,167.63,166.69,167.64,eod,0.9300000000000068,0.0055792189093527315,55.79218909352731,0.25,3.7200000000000273
2013-09-10,-1,575,595,168.51000000000002,168.68,168.52,168.66,stop,-0.1699999999999875,-0.0010087823403749554,-10.087823403749553,0.13999999999998636,-1.2142857142857433
2013-09-11,1,575,596,168.64999999999998,168.54999999999998,168.64,168.57,stop,-0.09999999999999432,-0.0005929791271346912,-5.929791271346912,0.06999999999999318,-1.4285714285714866
2013-09-13,-1,575,579,169.08,169.28,169.09,169.26,stop,-0.19999999999998863,-0.0011828020580755137,-11.828020580755137,0.1699999999999875,-1.1764705882353137
2013-09-16,-1,575,959,170.95000000000002,170.32,170.96,170.31,eod,0.6300000000000239,0.0036850725315864755,36.85072531586476,0.28000000000000114,2.250000000000076
2013-09-17,1,575,959,170.64,171.03,170.63,171.04,eod,0.3900000000000148,0.0022856473070387083,22.856473070387082,0.1699999999999875,2.294117647059079
2013-09-18,-1,575,576,170.96,171.11,170.97,171.09,stop,-0.15000000000000568,-0.0008773469029654658,-8.773469029654658,0.12000000000000455,-1.25
2013-09-19,1,575,577,173.59,173.45999999999998,173.58,173.48,stop,-0.13000000000002387,-0.0007489342090103921,-7.489342090103921,0.10000000000002274,-1.2999999999999432
2013-09-20,-1,575,959,172.08,170.72,172.09,170.71,eod,1.3600000000000136,0.007902841536405449,79.02841536405448,0.2400000000000091,5.666666666666509
2013-09-24,-1,575,614,169.86,169.38000000000017,169.87,169.37000000000018,target,0.47999999999984766,0.002825690233707233,28.25690233707233,0.04999999999998295,9.600000000000227
2013-09-25,-1,575,677,169.38,169.68,169.39,169.66,stop,-0.30000000000001137,-0.0017710608654584769,-17.710608654584767,0.27000000000001023,-1.1111111111111112
2013-09-26,1,575,656,169.62,169.29999999999998,169.61,169.32,stop,-0.3200000000000216,-0.001886681209834453,-18.866812098344532,0.29000000000002046,-1.1034482758620656
2013-09-27,-1,575,635,168.78,169.01000000000002,168.79,168.99,stop,-0.2300000000000182,-0.0013626399668227869,-13.626399668227869,0.20000000000001705,-1.1499999999999928
2013-09-30,1,575,959,167.57,168.0,167.56,168.01,eod,0.4300000000000068,0.0025662449271903007,25.662449271903007,0.4099999999999966,1.0487804878049034
2013-10-01,1,575,959,168.48,169.32000000000002,168.47,169.33,eod,0.8400000000000318,0.0049860509289489634,49.860509289489634,0.46999999999999886,1.7872340425532636
2013-10-02,-1,575,577,168.32000000000002,168.52,168.33,168.5,stop,-0.19999999999998863,-0.0011881423394521987,-11.881423394521986,0.1699999999999875,-1.1764705882353137
2013-10-03,1,575,577,168.82,168.64,168.81,168.66,stop,-0.18000000000000682,-0.0010662875422072556,-10.662875422072556,0.15000000000000568,-1.2
2013-10-04,-1,575,588,167.60000000000002,167.85000000000002,167.61,167.83,stop,-0.25,-0.0014915577829485113,-14.915577829485112,0.21999999999999886,-1.1363636363636422
2013-10-07,1,575,959,167.5,167.44,167.49,167.45,eod,-0.060000000000002274,-0.00035823034210999026,-3.5823034210999025,0.2400000000000091,-0.25
2013-10-08,-1,575,595,167.37,167.56,167.38,167.54,stop,-0.18999999999999773,-0.0011351415939777616,-11.351415939777617,0.1599999999999966,-1.187500000000011
2013-10-09,-1,575,804,165.56,165.84,165.57,165.82,stop,-0.28000000000000114,-0.001691127619737882,-16.91127619737882,0.25,-1.1200000000000045
2013-10-10,1,575,959,167.48999999999998,169.15,167.48,169.16,eod,1.660000000000025,0.009911631239551142,99.11631239551141,0.25,6.6400000000001
2013-10-11,-1,575,576,168.88,168.99,168.89,168.97,stop,-0.11000000000001364,-0.0006513115045296563,-6.513115045296564,0.0800000000000125,-1.3749999999999556
2013-10-14,1,575,959,169.35999999999999,170.96,169.35,170.97,eod,1.6000000000000227,0.009447888987304533,94.47888987304533,0.2699999999999818,5.92592592592641
2013-10-15,-1,575,608,170.26000000000002,170.72,170.27,170.7,stop,-0.45999999999997954,-0.0027015915898278,-27.015915898278,0.4299999999999784,-1.0697674418604712
2013-10-16,1,575,959,170.95,172.06,170.94,172.07,eod,1.1100000000000136,0.006493506493506574,64.93506493506574,0.3050000000000068,3.639344262295045
2013-10-17,1,575,693,171.45,172.42999999999995,171.44,172.43999999999994,target,0.9799999999999613,0.005716285580961044,57.16285580961044,0.09999999999999432,9.800000000000171
2013-10-18,-1,575,585,173.81,173.97,173.82,173.95,stop,-0.1599999999999966,-0.0009204924634679358,-9.204924634679358,0.12999999999999545,-1.2307692307692475
2013-10-21,1,575,575,174.45,174.35999999999999,174.44,174.38,stop,-0.09000000000000341,-0.0005159367117633766,-5.159367117633765,0.060000000000002274,-1.5
2013-10-22,1,575,655,175.03,174.82999999999998,175.02,174.85,stop,-0.20000000000001705,-0.0011427265455377501,-11.427265455377501,0.17000000000001592,-1.1764705882352844
2013-10-23,1,575,575,174.82999999999998,174.73,174.82,174.75,stop,-0.09999999999999432,-0.0005720169317011459,-5.720169317011459,0.06999999999999318,-1.4285714285714866
2013-10-24,-1,575,621,174.83,175.04000000000002,174.84,175.02,stop,-0.21000000000000796,-0.0012010981468771904,-12.010981468771904,0.18000000000000682,-1.1666666666666667
2013-10-25,1,575,587,175.59,175.38,175.58,175.4,stop,-0.21000000000000796,-0.0011960359949880848,-11.960359949880848,0.18000000000000682,-1.1666666666666667
2013-10-28,-1,575,578,175.74,175.99,175.75,175.97,stop,-0.25,-0.001422475106685633,-14.224751066856332,0.21999999999999886,-1.1363636363636422
2013-10-29,1,575,591,176.79,176.56,176.78,176.58,stop,-0.22999999999998977,-0.001301052155221121,-13.010521552211209,0.19999999999998863,-1.1500000000000141
2013-10-30,1,575,579,177.45,177.32,177.44,177.34,stop,-0.12999999999999545,-0.0007326420198376659,-7.32642019837666,0.09999999999999432,-1.3000000000000285
2013-10-31,-1,575,579,176.07000000000002,176.34,176.08,176.32,stop,-0.2699999999999818,-0.001533393911858143,-15.333939118581428,0.23999999999998067,-1.1250000000000149
2013-11-01,1,575,617,176.12,175.98,176.11,176.0,stop,-0.14000000000001478,-0.0007949576968940706,-7.949576968940706,0.11000000000001364,-1.2727272727272492
2013-11-04,1,575,576,176.73999999999998,176.64,176.73,176.66,stop,-0.09999999999999432,-0.000565834889379247,-5.6583488937924695,0.06999999999999318,-1.4285714285714866
2013-11-05,-1,575,640,176.08,176.25,176.09,176.23,stop,-0.1699999999999875,-0.000965415412573045,-9.65415412573045,0.13999999999998636,-1.2142857142857433
2013-11-06,-1,575,588,176.91,177.15,176.92,177.13,stop,-0.2400000000000091,-0.0013565453312232032,-13.565453312232032,0.21000000000000796,-1.1428571428571428
2013-11-07,-1,575,580,177.37,177.58,177.38,177.56,stop,-0.21000000000000796,-0.0011838989739542676,-11.838989739542676,0.18000000000000682,-1.1666666666666667
2013-11-08,1,575,959,175.22,177.22,175.21,177.23,eod,2.0,0.011414873580275098,114.14873580275098,0.36000000000001364,5.555555555555345
2013-11-11,-1,575,577,177.01000000000002,177.19,177.02,177.17,stop,-0.1799999999999784,-0.0010168342560161472,-10.168342560161472,0.14999999999997726,-1.200000000000038
2013-11-12,-1,575,575,176.91,177.0,176.92,176.98,stop,-0.09000000000000341,-0.0005087044992087012,-5.087044992087012,0.060000000000002274,-1.5
2013-11-13,1,575,959,176.29999999999998,178.3900000000001,176.29,178.4000000000001,target,2.090000000000117,0.011855465426286897,118.55465426286897,0.19999999999998863,10.450000000001179
2013-11-15,-1,575,587,179.43,179.61,179.44,179.59,stop,-0.18000000000000682,-0.0010031208203299534,-10.031208203299535,0.15000000000000568,-1.2
2013-11-18,1,575,581,180.45999999999998,180.26999999999998,180.45,180.29,stop,-0.18999999999999773,-0.0010529232474369506,-10.529232474369506,0.1599999999999966,-1.187500000000011
2013-11-19,-1,575,578,179.31,179.51000000000002,179.32,179.49,stop,-0.20000000000001705,-0.0011153245594468942,-11.153245594468942,0.17000000000001592,-1.1764705882352844
2013-11-20,1,575,579,179.5,179.26,179.49,179.28,stop,-0.2400000000000091,-0.001337121845228197,-13.37121845228197,0.21000000000000796,-1.1428571428571428
2013-11-21,1,575,959,179.14,179.87,179.13,179.88,eod,0.7300000000000182,0.004075252609836533,40.75252609836534,0.2699999999999818,2.7037037037039533
2013-11-22,-1,575,592,179.92000000000002,180.10000000000002,179.93,180.08,stop,-0.18000000000000682,-0.001000389040182331,-10.003890401823309,0.15000000000000568,-1.2
2013-11-25,1,575,575,181.14,180.99009999999998,181.13,181.0101,stop,-0.14990000000000236,-0.0008275823993816727,-8.275823993816728,0.11990000000000123,-1.250208507089248
2013-11-26,1,575,586,180.87,180.67999999999998,180.86,180.7,stop,-0.19000000000002615,-0.001050536326440485,-10.505363264404851,0.160000000000025,-1.1874999999999778
2013-11-27,-1,575,582,180.86,180.99,180.87,180.97,stop,-0.12999999999999545,-0.000718748272239705,-7.18748272239705,0.09999999999999432,-1.3000000000000285
2013-12-02,1,575,580,181.10999999999999,181.04999999999998,181.1,181.07,stop,-0.060000000000002274,-0.0003313086692435244,-3.313086692435244,0.030000000000001137,-2.0
2013-12-03,1,575,580,180.14,179.89,180.13,179.91,stop,-0.25,-0.0013878865263976018,-13.878865263976017,0.21999999999999886,-1.1363636363636422
2013-12-04,-1,575,576,179.05,179.26000000000002,179.06,179.24,stop,-0.21000000000000796,-0.001172791243158762,-11.72791243158762,0.18000000000000682,-1.1666666666666667
2013-12-05,1,575,580,179.44,179.23999999999998,179.43,179.26,stop,-0.20000000000001705,-0.0011146408070000394,-11.146408070000394,0.17000000000001592,-1.1764705882352844
2013-12-09,-1,575,595,181.38,181.52,181.39,181.5,stop,-0.14000000000001478,-0.0007718176305199559,-7.718176305199559,0.11000000000001364,-1.2727272727272492
2013-12-10,1,575,582,181.1,180.89,181.09,180.91,stop,-0.21000000000000796,-0.0011596443757248217,-11.596443757248217,0.18000000000000682,-1.1666666666666667
2013-12-11,-1,575,692,180.71,179.53999999999994,180.72,179.52999999999994,target,1.1700000000000728,0.006474103585657773,64.74103585657774,0.12999999999999545,9.000000000000874
2013-12-12,1,575,587,178.67,178.505,178.66,178.525,stop,-0.16499999999999204,-0.0009235419232060453,-9.235419232060453,0.1349999999999909,-1.2222222222222456
2013-12-13,1,575,580,178.57,178.42,178.56,178.44,stop,-0.15000000000000568,-0.000840053763440892,-8.40053763440892,0.12000000000000455,-1.25
2013-12-16,1,575,959,179.37,179.19,179.36,179.2,eod,-0.18000000000000682,-0.0010035682426405375,-10.035682426405375,0.46000000000000796,-0.391304347826095
2013-12-17,-1,575,959,179.07000000000002,178.64,179.08,178.63,eod,0.43000000000003524,0.0024011614920707797,24.011614920707796,0.3299999999999841,1.3030303030304726
2013-12-18,-1,575,575,178.85000000000002,178.97,178.86,178.95,stop,-0.11999999999997613,-0.000670915800066958,-6.70915800066958,0.08999999999997499,-1.3333333333334385
2013-12-19,1,575,581,181.285,181.06,181.275,181.08,stop,-0.22499999999999432,-0.0012412081092262823,-12.412081092262822,0.19499999999999318,-1.153846153846165
2013-12-20,1,575,959,181.06,181.54000000000002,181.05,181.55,eod,0.4800000000000182,0.002651201325600763,26.51201325600763,0.3900000000000148,1.2307692307692308
2013-12-23,1,575,575,182.435,182.36999999999998,182.425,182.39,stop,-0.06500000000002615,-0.0003563108126628814,-3.5631081266288143,0.03500000000002501,-1.857142857142277
2013-12-26,1,575,959,183.41,183.86,183.4,183.87,eod,0.45000000000001705,0.0024536532170120885,24.536532170120886,0.0800000000000125,5.624999999999334
2013-12-27,-1,575,959,184.06,183.84,184.07,183.83,eod,0.21999999999999886,0.001195197479219856,11.951974792198559,0.11000000000001364,1.9999999999997415
2013-12-30,-1,575,959,183.84,183.82,183.85,183.81,eod,0.020000000000010232,0.00010878433505580762,1.0878433505580762,0.17000000000001592,0.11764705882357858
2013-12-31,1,575,577,184.14,184.03,184.13,184.05,stop,-0.10999999999998522,-0.0005974040080377191,-5.974040080377191,0.07999999999998408,-1.3750000000000888
2014-01-02,-1,575,959,183.88,182.95999999999998,183.89,182.95,eod,0.9200000000000159,0.005002990918483963,50.02990918483963,0.18000000000000682,5.111111111111006
2014-01-03,1,575,677,183.23999999999998,183.07999999999998,183.23,183.1,stop,-0.1599999999999966,-0.0008732194509632516,-8.732194509632516,0.12999999999999545,-1.2307692307692475
2014-01-06,-1,575,959,183.35000000000002,182.41,183.36,182.4,eod,0.9400000000000261,0.005126527050610962,51.26527050610962,0.19999999999998863,4.700000000000398
2014-01-07,-1,575,575,183.08,183.22,183.09,183.2,stop,-0.13999999999998636,-0.0007646512644054091,-7.646512644054091,0.10999999999998522,-1.2727272727273198
2014-01-08,-1,575,578,183.31,183.49,183.32,183.47,stop,-0.18000000000000682,-0.0009818895919703624,-9.818895919703623,0.15000000000000568,-1.2
2014-01-09,-1,575,959,183.99,183.64,184.0,183.63,eod,0.35000000000002274,0.001902173913043602,19.021739130436018,0.13999999999998636,2.500000000000406
2014-01-10,-1,575,959,183.8,184.07999999999998,183.81,184.07,eod,-0.2799999999999727,-0.0015233121157715724,-15.233121157715724,0.4099999999999966,-0.6829268292682318
2014-01-13,1,575,745,183.95,183.59,183.94,183.61,stop,-0.3599999999999852,-0.0019571599434597435,-19.571599434597434,0.3299999999999841,-1.0909090909090988
2014-01-14,1,575,579,182.445,182.23,182.435,182.25,stop,-0.2150000000000034,-0.001178501932195047,-11.78501932195047,0.18500000000000227,-1.1621621621621663
2014-01-15,1,575,959,184.17,184.66,184.16,184.67,eod,0.4900000000000091,0.0026607298001738115,26.607298001738116,0.15000000000000568,3.2666666666666035
2014-01-16,1,575,575,184.32,184.23999999999998,184.31,184.26,stop,-0.0800000000000125,-0.00043405132656943466,-4.340513265694346,0.05000000000001137,-1.5999999999998864
2014-01-17,1,575,586,184.14999999999998,184.07,184.14,184.09,stop,-0.07999999999998408,-0.00043445204735518677,-4.344520473551868,0.04999999999998295,-1.6000000000002275
2014-01-21,1,575,581,184.78,184.57,184.77,184.59,stop,-0.21000000000000796,-0.0011365481409320124,-11.365481409320124,0.18000000000000682,-1.1666666666666667
2014-01-22,-1,575,794,184.43,184.54000000000002,184.44,184.52,stop,-0.11000000000001364,-0.0005963999132509957,-5.963999132509957,0.0800000000000125,-1.3749999999999556
2014-01-23,-1,575,959,183.05,182.79,183.06,182.78,eod,0.2600000000000193,0.0014202993554027058,14.202993554027058,0.3400000000000034,0.7647058823529903
2014-01-24,-1,575,685,181.51000000000002,180.01999999999992,181.52,180.00999999999993,target,1.4900000000000944,0.008208461877479586,82.08461877479586,0.13999999999998636,10.642857142858855
2014-01-27,-1,575,580,178.9,179.29000000000002,178.91,179.27,stop,-0.3900000000000148,-0.002179866972220752,-21.79866972220752,0.36000000000001364,-1.0833333333333333
2014-01-28,1,575,959,178.48999999999998,179.06,178.48,179.07,eod,0.5700000000000216,0.0031936351411924117,31.936351411924118,0.3599999999999852,1.5833333333334583
2014-01-29,1,575,576,177.79999999999998,177.39,177.79,177.41,stop,-0.4099999999999966,-0.002306091456212366,-23.060914562123664,0.37999999999999545,-1.0789473684210567
2014-01-30,-1,575,579,178.78,178.95000000000002,178.79,178.93,stop,-0.17000000000001592,-0.0009508361765200287,-9.508361765200286,0.14000000000001478,-1.2142857142856998
2014-01-31,1,575,959,177.38,178.09,177.37,178.1,eod,0.710000000000008,0.0040029317246434454,40.02931724643445,0.45000000000001705,1.5777777777777358
2014-02-03,1,575,584,178.07999999999998,177.89999999999998,178.07,177.92,stop,-0.18000000000000682,-0.001010838434323619,-10.108384343236189,0.15000000000000568,-1.2
2014-02-05,1,575,587,174.95,174.67,174.94,174.69,stop,-0.28000000000000114,-0.0016005487595747178,-16.005487595747176,0.25,-1.1200000000000045
2014-02-06,1,575,707,176.07999999999998,175.56,176.07,175.58,stop,-0.5199999999999818,-0.002953370818424387,-29.53370818424387,0.4899999999999807,-1.061224489795923
2014-02-07,1,575,614,178.41,178.04,178.4,178.06,stop,-0.37000000000000455,-0.00207399103139016,-20.7399103139016,0.3400000000000034,-1.0882352941176494
2014-02-10,-1,575,584,179.56,179.7563,179.57,179.7363,stop,-0.1963000000000079,-0.0010931670100796788,-10.931670100796788,0.16630000000000678,-1.1803968731208654
2014-02-11,1,575,959,180.35999999999999,181.94,180.35,181.95,eod,1.5800000000000125,0.00876074299972283,87.60742999722831,0.28999999999999204,5.448275862069158
2014-02-12,1,575,620,182.38,182.19,182.37,182.21,stop,-0.18999999999999773,-0.0010418380216044181,-10.41838021604418,0.1599999999999966,-1.187500000000011
2014-02-13,1,575,959,181.10999999999999,183.04000000000002,181.1,183.05,eod,1.9300000000000352,0.01065709552733316,106.5709552733316,0.2699999999999818,7.14814814814876
2014-02-14,1,575,582,182.92,182.7,182.91,182.72,stop,-0.21999999999999886,-0.001202777322180301,-12.02777322180301,0.18999999999999773,-1.157894736842113
2014-02-18,1,575,575,184.20999999999998,184.10999999999999,184.2,184.13,stop,-0.09999999999999432,-0.0005428881650379713,-5.428881650379713,0.06999999999999318,-1.4285714285714866
2014-02-19,1,575,742,183.89,183.61999999999998,183.88,183.64,stop,-0.27000000000001023,-0.0014683489232108454,-14.683489232108455,0.2400000000000091,-1.125
2014-02-20,1,575,581,183.47,183.10999999999999,183.46,183.13,stop,-0.36000000000001364,-0.00196228060612675,-19.622806061267504,0.3300000000000125,-1.0909090909090908
2014-02-21,-1,575,589,184.33,184.51000000000002,184.34,184.49,stop,-0.18000000000000682,-0.000976456547683665,-9.76456547683665,0.15000000000000568,-1.2
2014-02-24,1,575,959,184.62,184.98000000000002,184.61,184.99,eod,0.36000000000001364,0.0019500568766589762,19.500568766589762,0.410000000000025,0.8780487804877846
2014-02-25,1,575,575,185.06,185.0,185.05,185.02,stop,-0.060000000000002274,-0.00032423669278574586,-3.2423669278574585,0.030000000000001137,-2.0
2014-02-26,-1,575,625,185.05,185.38000000000002,185.06,185.36,stop,-0.3300000000000125,-0.00178320544688216,-17.8320544688216,0.30000000000001137,-1.1
2014-02-27,1,575,592,184.85999999999999,184.54999999999998,184.85,184.57,stop,-0.3100000000000023,-0.0016770354341357982,-16.770354341357983,0.28000000000000114,-1.1071428571428608
2014-02-28,1,575,600,185.82,186.49999999999994,185.81,186.50999999999993,target,0.67999999999995,0.003659652333028093,36.59652333028093,0.06999999999999318,9.714285714285946
2014-03-03,1,575,667,184.91,184.39,184.9,184.41,stop,-0.5200000000000102,-0.0028123309897242306,-28.123309897242304,0.4900000000000091,-1.0612244897959195
2014-03-04,1,575,580,186.95,186.73,186.94,186.75,stop,-0.21999999999999886,-0.0011768481865839246,-11.768481865839247,0.18999999999999773,-1.157894736842113
2014-03-05,-1,575,583,187.54000000000002,187.81,187.55,187.79,stop,-0.2699999999999818,-0.0014396161023726036,-14.396161023726036,0.23999999999998067,-1.1250000000000149
2014-03-06,1,575,617,188.26999999999998,188.13,188.26,188.15,stop,-0.13999999999998636,-0.000743652395623002,-7.436523956230021,0.10999999999998522,-1.2727272727273198
2014-03-07,-1,575,959,188.38,188.22,188.39,188.21,eod,0.1599999999999966,0.0008493019799352227,8.493019799352227,0.5700000000000216,0.2807017543859483
2014-03-10,-1,575,575,187.84,188.07000000000002,187.85,188.05,stop,-0.2300000000000182,-0.0012243811551770998,-12.243811551770998,0.20000000000001705,-1.1499999999999928
2014-03-11,-1,575,650,188.32000000000002,188.5,188.33,188.48,stop,-0.1799999999999784,-0.0009557691286570297,-9.557691286570297,0.14999999999997726,-1.200000000000038
2014-03-12,1,575,580,186.34,186.23999999999998,186.33,186.26,stop,-0.10000000000002274,-0.0005366822304514717,-5.366822304514717,0.0700000000000216,-1.4285714285713125
2014-03-13,-1,575,575,187.75,187.9,187.76,187.88,stop,-0.15000000000000568,-0.0007988922028121309,-7.9889220281213085,0.12000000000000455,-1.25
2014-03-14,1,575,668,185.03,184.76999999999998,185.02,184.79,stop,-0.2600000000000193,-0.001405253486109714,-14.052534861097142,0.2300000000000182,-1.1304347826086902
2014-03-17,1,575,959,185.78,186.33,185.77,186.34,eod,0.5500000000000114,0.0029606502664585852,29.606502664585854,0.2600000000000193,2.1153846153845017
2014-03-18,-1,575,578,186.52,186.79000000000002,186.53,186.77,stop,-0.27000000000001023,-0.0014474883396773186,-14.474883396773187,0.2400000000000091,-1.125
2014-03-19,-1,575,595,187.65,187.77,187.66,187.75,stop,-0.12000000000000455,-0.0006394543323031256,-6.394543323031256,0.09000000000000341,-1.3333333333333333
2014-03-20,1,575,586,186.34,186.19,186.33,186.21,stop,-0.15000000000000568,-0.0008050233456770551,-8.05023345677055,0.12000000000000455,-1.25
2014-03-21,1,575,601,188.14,187.64999999999998,188.13,187.67,stop,-0.4900000000000091,-0.002604581938021629,-26.04581938021629,0.46000000000000796,-1.0652173913043492
2014-03-24,1,575,577,186.87,186.76,186.86,186.78,stop,-0.11000000000001364,-0.0005886760141282973,-5.886760141282973,0.0800000000000125,-1.3749999999999556
2014-03-25,1,575,625,186.7,186.34,186.69,186.36,stop,-0.3599999999999852,-0.0019283303872729403,-19.2833038727294,0.3299999999999841,-1.0909090909090988
2014-03-26,-1,575,959,187.0,184.97,187.01,184.96,eod,2.030000000000001,0.010855034490134224,108.55034490134224,0.3300000000000125,6.151515151514922
2014-03-27,-1,575,608,184.67000000000002,184.96,184.68,184.94,stop,-0.28999999999999204,-0.001570283734026381,-15.702837340263809,0.2599999999999909,-1.1153846153846239
2014-03-28,1,575,579,185.14,185.80999999999995,185.13,185.81999999999994,target,0.6699999999999591,0.0036190784853884247,36.190784853884246,0.07999999999998408,8.375000000001155
2014-03-31,1,575,583,186.78,186.6,186.77,186.62,stop,-0.18000000000000682,-0.0009637522085988478,-9.63752208598848,0.15000000000000568,-1.2
2014-04-01,1,575,720,187.80499999999998,187.51,187.795,187.53,stop,-0.2949999999999875,-0.0015708618440319897,-15.708618440319897,0.26499999999998636,-1.1132075471698215
2014-04-02,-1,575,588,188.17000000000002,188.54000000000002,188.18,188.52,stop,-0.37000000000000455,-0.001966202572005551,-19.662025720055507,0.3400000000000034,-1.0882352941176494
2014-04-03,-1,575,959,189.06,188.64,189.07,188.63,eod,0.4200000000000159,0.0022213994816735385,22.213994816735386,0.15000000000000568,2.8
2014-04-04,-1,575,875,189.39000000000001,186.52000000000007,189.4,186.51000000000008,target,2.8699999999999477,0.015153115100316514,151.53115100316515,0.29999999999998295,9.566666666667036
2014-04-07,1,575,575,185.97,185.79999999999998,185.96,185.82,stop,-0.17000000000001592,-0.0009141750914175947,-9.141750914175947,0.14000000000001478,-1.2142857142856998
2014-04-08,1,575,621,184.51999999999998,184.04,184.51,184.06,stop,-0.47999999999998977,-0.0026014850143623097,-26.014850143623097,0.44999999999998863,-1.0666666666666709
2014-04-09,-1,575,632,185.57000000000002,185.72,185.58,185.7,stop,-0.14999999999997726,-0.0008082767539604335,-8.082767539604335,0.11999999999997613,-1.2500000000000593
2014-04-10,-1,575,583,186.77,187.12,186.78,187.1,stop,-0.3499999999999943,-0.001873862297890536,-18.73862297890536,0.3199999999999932,-1.0937500000000056
2014-04-11,-1,575,580,181.96,182.37,181.97,182.35,stop,-0.4099999999999966,-0.002253118645930629,-22.53118645930629,0.37999999999999545,-1.0789473684210567
2014-04-14,-1,575,645,182.75,183.05,182.76,183.03,stop,-0.30000000000001137,-0.0016414970453053808,-16.414970453053808,0.27000000000001023,-1.1111111111111112
2014-04-15,-1,575,576,183.24,183.43,183.25,183.41,stop,-0.18999999999999773,-0.0010368349249658812,-10.368349249658811,0.1599999999999966,-1.187500000000011
2014-04-16,-1,575,727,185.35000000000002,185.68,185.36,185.66,stop,-0.3299999999999841,-0.0017803193785066037,-17.803193785066036,0.29999999999998295,-1.1000000000000094
2014-04-17,1,575,576,185.90099999999998,185.72,185.891,185.74,stop,-0.18099999999998317,-0.0009736888821943138,-9.736888821943138,0.15099999999998204,-1.198675496688773
2014-04-21,1,575,636,186.54,186.32,186.53,186.34,stop,-0.21999999999999886,-0.0011794349434407273,-11.794349434407273,0.18999999999999773,-1.157894736842113
2014-04-22,1,575,582,187.34,187.17999999999998,187.33,187.2,stop,-0.160000000000025,-0.0008541077243368654,-8.541077243368655,0.13000000000002387,-1.230769230769197
2014-04-23,-1,575,580,187.77,187.86,187.78,187.84,stop,-0.09000000000000341,-0.00047928426882523916,-4.792842688252391,0.060000000000002274,-1.5
2014-04-24,-1,575,959,188.20000000000002,187.82999999999998,188.21,187.82,eod,0.37000000000003297,0.001965889166356904,19.65889166356904,0.1799999999999784,2.0555555555559852
2014-04-25,-1,575,959,187.13,186.32,187.14,186.31,eod,0.8100000000000023,0.004328310355883308,43.28310355883308,0.19000000000002615,4.263157894736267
2014-04-28,-1,575,613,187.01000000000002,187.25,187.02,187.23,stop,-0.23999999999998067,-0.0012832852101378497,-12.832852101378498,0.20999999999997954,-1.1428571428571621
2014-04-29,1,575,576,187.67999999999998,187.41,187.67,187.43,stop,-0.2699999999999818,-0.0014386955826716141,-14.386955826716141,0.23999999999998067,-1.1250000000000149
2014-04-30,1,575,594,187.47299999999998,187.29999999999998,187.463,187.32,stop,-0.17300000000000182,-0.0009228487754917068,-9.228487754917067,0.14300000000000068,-1.2097902097902167
2014-05-01,-1,575,581,188.02,188.41,188.03,188.39,stop,-0.38999999999998636,-0.00207413710578092,-20.741371057809197,0.3599999999999852,-1.08333333333334
2014-05-02,1,575,649,188.42,188.07,188.41,188.09,stop,-0.3499999999999943,-0.0018576508677883039,-18.576508677883037,0.3199999999999932,-1.0937500000000056
2014-05-05,-1,575,594,186.83,187.23000000000002,186.84,187.21,stop,-0.4000000000000057,-0.0021408691928923446,-21.408691928923446,0.37000000000000455,-1.0810810810810831
2014-05-06,-1,575,630,187.89000000000001,188.05,187.9,188.03,stop,-0.1599999999999966,-0.0008515167642362777,-8.515167642362778,0.12999999999999545,-1.2307692307692475
2014-05-07,1,575,581,187.64,187.26999999999998,187.63,187.29,stop,-0.37000000000000455,-0.0019719661035015965,-19.719661035015964,0.3400000000000034,-1.0882352941176494
2014-05-08,1,575,886,187.73,187.51999999999998,187.72,187.54,stop,-0.21000000000000796,-0.001118687406776092,-11.18687406776092,0.18000000000000682,-1.1666666666666667
2014-05-09,-1,575,584,187.67000000000002,186.97999999999976,187.68,186.96999999999977,target,0.6900000000002535,0.003676470588236645,36.76470588236645,0.060000000000002274,11.500000000003789
2014-05-12,1,575,578,188.88989999999998,188.73,188.8799,188.75,stop,-0.15989999999999327,-0.0008465696985226765,-8.465696985226765,0.12989999999999213,-1.2309468822171128
2014-05-13,1,575,577,190.04,189.85,190.03,189.87,stop,-0.18999999999999773,-0.0009998421301899581,-9.998421301899581,0.1599999999999966,-1.187500000000011
2014-05-14,-1,575,959,189.64000000000001,189.06,189.65,189.05,eod,0.5800000000000125,0.0030582652254153046,30.582652254153047,0.22999999999998977,2.5217391304349492
2014-05-15,-1,575,959,188.48000000000002,187.39,188.49,187.38,eod,1.0900000000000318,0.005782800148549163,57.828001485491626,0.22999999999998977,4.7391304347829575
2014-05-16,-1,575,694,187.235,187.55,187.245,187.53,stop,-0.3149999999999977,-0.001682287911559709,-16.82287911559709,0.2849999999999966,-1.105263157894742
2014-05-19,1,575,959,187.91,188.73000000000002,187.9,188.74,eod,0.8200000000000216,0.004364023416711132,43.640234167111316,0.37999999999999545,2.157894736842188
2014-05-20,-1,575,959,188.47,187.54,188.48,187.53,eod,0.9300000000000068,0.004934210526315826,49.34210526315826,0.18999999999999773,4.894736842105358
2014-05-21,1,575,959,188.26999999999998,189.11,188.26,189.12,eod,0.8400000000000318,0.004461914373738616,44.61914373738617,0.19999999999998863,4.200000000000398
2014-05-22,-1,575,582,189.03,189.28,189.04,189.26,stop,-0.25,-0.0013224714346170123,-13.224714346170122,0.21999999999999886,-1.1363636363636422
2014-05-23,1,575,959,189.87,190.36,189.86,190.37,eod,0.4900000000000091,0.0025808490466660123,25.80849046666012,0.18000000000000682,2.7222222222221695
2014-05-27,1,575,578,191.17,190.95999999999998,191.16,190.98,stop,-0.21000000000000796,-0.0010985561833019876,-10.985561833019876,0.18000000000000682,-1.1666666666666667
2014-05-28,-1,575,591,191.47,191.67000000000002,191.48,191.65,stop,-0.20000000000001705,-0.0010444955086694018,-10.44495508669402,0.17000000000001592,-1.1764705882352844
2014-05-29,1,575,590,191.89999999999998,191.69,191.89,191.71,stop,-0.20999999999997954,-0.0010943769868152564,-10.943769868152565,0.1799999999999784,-1.166666666666693
2014-05-30,-1,575,582,192.13,192.29000000000002,192.14,192.27,stop,-0.160000000000025,-0.0008327261371917613,-8.327261371917613,0.13000000000002387,-1.230769230769197
2014-06-02,-1,575,945,192.78,193.0,192.79,192.98,stop,-0.21999999999999886,-0.0011411380258312094,-11.411380258312095,0.18999999999999773,-1.157894736842113
2014-06-03,1,575,575,192.45999999999998,192.29999999999998,192.45,192.32,stop,-0.1599999999999966,-0.0008313847752662853,-8.313847752662854,0.12999999999999545,-1.2307692307692475
2014-06-04,1,575,581,192.56,192.34,192.55,192.36,stop,-0.21999999999999886,-0.0011425603739288438,-11.425603739288437,0.18999999999999773,-1.157894736842113
2014-06-05,1,575,580,193.48,193.26,193.47,193.28,stop,-0.21999999999999886,-0.0011371272031839503,-11.371272031839503,0.18999999999999773,-1.157894736842113
2014-06-06,-1,575,575,194.84,194.93,194.85,194.91,stop,-0.09000000000000341,-0.00046189376443419764,-4.618937644341976,0.060000000000002274,-1.5
2014-06-09,1,575,851,195.53,195.26999999999998,195.52,195.29,stop,-0.2600000000000193,-0.001329787234042652,-13.29787234042652,0.2300000000000182,-1.1304347826086902
2014-06-10,1,575,579,195.42999999999998,195.28,195.42,195.3,stop,-0.14999999999997726,-0.0007675775253299421,-7.67577525329942,0.11999999999997613,-1.2500000000000593
2014-06-11,-1,575,575,194.85000000000002,194.97,194.86,194.95,stop,-0.11999999999997613,-0.0006158267474082732,-6.158267474082732,0.08999999999997499,-1.3333333333334385
2014-06-12,1,575,575,194.75,194.60999999999999,194.74,194.63,stop,-0.14000000000001478,-0.0007189072609634115,-7.189072609634115,0.11000000000001364,-1.2727272727272492
2014-06-13,-1,575,624,193.8,193.96,193.81,193.94,stop,-0.1599999999999966,-0.0008255507971724709,-8.25550797172471,0.12999999999999545,-1.2307692307692475
2014-06-16,-1,575,575,193.83,193.98000000000002,193.84,193.96,stop,-0.15000000000000568,-0.0007738340899711395,-7.738340899711395,0.12000000000000455,-1.25
2014-06-17,1,575,959,194.07999999999998,194.81,194.07,194.82,eod,0.7300000000000182,0.0037615293450817652,37.61529345081765,0.2599999999999909,2.807692307692476
2014-06-18,-1,575,579,194.72,194.95000000000002,194.73,194.93,stop,-0.2300000000000182,-0.0011811225799826335,-11.811225799826335,0.20000000000001705,-1.1499999999999928
2014-06-19,-1,575,576,196.37,196.48000000000002,196.38,196.46,stop,-0.11000000000001364,-0.00056013850697634,-5.6013850697634,0.0800000000000125,-1.3749999999999556
2014-06-20,-1,575,612,195.9,196.06,195.91,196.04,stop,-0.1599999999999966,-0.0008167015466285366,-8.167015466285365,0.12999999999999545,-1.2307692307692475
2014-06-23,-1,575,600,195.865,196.02,195.875,196.0,stop,-0.15500000000000114,-0.0007913209955328712,-7.913209955328711,0.125,-1.240000000000009
2014-06-24,1,575,867,195.67,195.5,195.66,195.52,stop,-0.1699999999999875,-0.000868854134723436,-8.688541347234361,0.13999999999998636,-1.2142857142857433
2014-06-25,1,575,959,194.64,195.55,194.63,195.56,eod,0.910000000000025,0.004675538200688614,46.755382006886144,0.37999999999999545,2.3947368421053574
2014-06-26,-1,575,959,195.24,195.45,195.25,195.44,eod,-0.20999999999997954,-0.0010755441741356186,-10.755441741356186,0.37999999999999545,-0.5526315789473212
2014-06-27,1,575,797,195.12,194.95999999999998,195.11,194.98,stop,-0.160000000000025,-0.0008200502280765978,-8.200502280765978,0.13000000000002387,-1.230769230769197
2014-06-30,-1,575,576,195.63,195.82000000000002,195.64,195.8,stop,-0.19000000000002615,-0.0009711715395625954,-9.711715395625953,0.160000000000025,-1.1874999999999778
2014-07-01,1,575,959,196.38029999999998,197.05,196.3703,197.06,eod,0.6697000000000344,0.003410393526923544,34.10393526923544,0.24029999999999063,2.7869330004163984
2014-07-02,1,575,959,197.12,197.23000000000002,197.11,197.24,eod,0.11000000000001364,0.0005580640251636834,5.580640251636834,0.15000000000000568,0.7333333333333965
2014-07-07,-1,575,611,197.66,197.88000000000002,197.67,197.86,stop,-0.22000000000002728,-0.0011129660545354748,-11.129660545354747,0.19000000000002615,-1.1578947368420895
2014-07-08,-1,575,959,196.84,196.28,196.85,196.27,eod,0.5600000000000023,0.0028448056896113907,28.448056896113908,0.37000000000000455,1.5135135135135012
2014-07-09,1,575,590,196.89999999999998,196.6,196.89,196.62,stop,-0.29999999999998295,-0.0015236934328812179,-15.236934328812179,0.2699999999999818,-1.1111111111111227
2014-07-10,1,575,959,195.26,196.32500000000002,195.25,196.335,eod,1.0650000000000261,0.0054545454545455885,54.54545454545588,0.18999999999999773,5.6052631578949415
2014-07-11,1,575,576,196.35,196.1,196.34,196.12,stop,-0.25,-0.0012733014159111745,-12.733014159111745,0.21999999999999886,-1.1363636363636422
2014-07-14,-1,575,585,197.54000000000002,197.72,197.55,197.7,stop,-0.1799999999999784,-0.0009111617312071799,-9.1116173120718,0.14999999999997726,-1.200000000000038
2014-07-15,1,575,593,197.85999999999999,197.69,197.85,197.71,stop,-0.1699999999999875,-0.0008592367955521229,-8.592367955521228,0.13999999999998636,-1.2142857142857433
2014-07-16,1,575,577,198.17999999999998,198.04,198.17,198.06,stop,-0.13999999999998636,-0.0007064641469444738,-7.064641469444738,0.10999999999998522,-1.2727272727273198
2014-07-17,1,575,575,197.39,197.28,197.38,197.3,stop,-0.10999999999998522,-0.0005573006383624746,-5.573006383624746,0.07999999999998408,-1.3750000000000888
2014-07-18,1,575,586,196.51999999999998,196.22,196.51,196.24,stop,-0.29999999999998295,-0.0015266398656556051,-15.266398656556051,0.2699999999999818,-1.1111111111111227
2014-07-21,-1,575,592,197.05,197.22,197.06,197.2,stop,-0.1699999999999875,-0.0008626814168272987,-8.626814168272988,0.13999999999998636,-1.2142857142857433
2014-07-22,1,575,582,198.1,197.915,198.09,197.935,stop,-0.18500000000000227,-0.0009339189257408364,-9.339189257408364,0.15500000000000114,-1.19354838709678
2014-07-23,-1,575,630,198.39000000000001,198.63000000000002,198.4,198.61,stop,-0.2400000000000091,-0.0012096774193548845,-12.096774193548844,0.21000000000000796,-1.1428571428571428
2014-07-24,1,575,576,198.87,198.73,198.86,198.75,stop,-0.14000000000001478,-0.0007040128733783303,-7.040128733783304,0.11000000000001364,-1.2727272727272492
2014-07-25,-1,575,594,197.83,198.19,197.84,198.17,stop,-0.3599999999999852,-0.0018196522442376932,-18.19652244237693,0.3299999999999841,-1.0909090909090988
2014-07-28,-1,575,578,197.64000000000001,197.82000000000002,197.65,197.8,stop,-0.18000000000000682,-0.0009107007336200699,-9.107007336200699,0.15000000000000568,-1.2
2014-07-29,-1,575,594,198.05,198.23000000000002,198.06,198.21,stop,-0.18000000000000682,-0.0009088155104514128,-9.088155104514128,0.15000000000000568,-1.2
2014-07-30,1,575,579,197.75,197.61999999999998,197.74,197.64,stop,-0.13000000000002387,-0.0006574289471023762,-6.574289471023762,0.10000000000002274,-1.2999999999999432
2014-07-31,-1,575,576,195.39000000000001,195.65,195.4,195.63,stop,-0.2599999999999909,-0.0013306038894574765,-13.306038894574765,0.22999999999998977,-1.1304347826087064
2014-08-01,1,575,669,192.79999999999998,192.44,192.79,192.46,stop,-0.3599999999999852,-0.0018673167695419121,-18.67316769541912,0.3299999999999841,-1.0909090909090988
2014-08-04,-1,575,577,192.8,192.97,192.81,192.95,stop,-0.1699999999999875,-0.0008816970074165629,-8.81697007416563,0.13999999999998636,-1.2142857142857433
2014-08-05,-1,575,577,193.02,193.23000000000002,193.03,193.21,stop,-0.21000000000000796,-0.00108791379578308,-10.879137957830801,0.18000000000000682,-1.1666666666666667
2014-08-06,1,575,959,191.32,192.04000000000002,191.31,192.05,eod,0.7200000000000273,0.0037635251685747073,37.63525168574707,0.22999999999998977,3.1304347826089534
2014-08-07,-1,575,909,192.90200000000002,190.8299999999999,192.912,190.8199999999999,target,2.0720000000001164,0.010740648585884322,107.40648585884323,0.2179999999999893,9.504587155964302
2014-08-08,-1,575,605,191.42000000000002,191.63000000000002,191.43,191.61,stop,-0.21000000000000796,-0.0010970067387557224,-10.970067387557224,0.18000000000000682,-1.1666666666666667
2014-08-11,-1,575,594,193.9,194.06,193.91,194.04,stop,-0.1599999999999966,-0.0008251250580165881,-8.25125058016588,0.12999999999999545,-1.2307692307692475
2014-08-12,1,575,661,193.64,193.39,193.63,193.41,stop,-0.25,-0.0012911222434540102,-12.911222434540102,0.21999999999999886,-1.1363636363636422
2014-08-13,1,575,581,194.42999999999998,194.26,194.42,194.28,stop,-0.1699999999999875,-0.0008743956383087517,-8.743956383087516,0.13999999999998636,-1.2142857142857433
2014-08-14,1,575,582,195.20999999999998,195.04999999999998,195.2,195.07,stop,-0.1599999999999966,-0.0008196721311475235,-8.196721311475235,0.12999999999999545,-1.2307692307692475
2014-08-15,-1,575,601,196.395,196.52,196.405,196.5,stop,-0.125,-0.0006364400091647361,-6.364400091647361,0.09499999999999886,-1.3157894736842262
2014-08-18,1,575,577,196.85999999999999,196.73,196.85,196.75,stop,-0.12999999999999545,-0.0006604013208026185,-6.604013208026186,0.09999999999999432,-1.3000000000000285
2014-08-19,1,575,586,197.88,197.67,197.87,197.69,stop,-0.21000000000000796,-0.001061302875625451,-10.61302875625451,0.18000000000000682,-1.1666666666666667
2014-08-20,1,575,959,198.2,198.9,198.19,198.91,eod,0.700000000000017,0.0035319642767042587,35.31964276704259,0.10999999999998522,6.363636363637374
2014-08-21,1,575,576,199.14999999999998,199.01,199.14,199.03,stop,-0.13999999999998636,-0.0007030229988951811,-7.0302299889518105,0.10999999999998522,-1.2727272727273198
2014-08-22,-1,575,607,199.24,199.48000000000002,199.25,199.46,stop,-0.2400000000000091,-0.0012045169385194936,-12.045169385194935,0.21000000000000796,-1.1428571428571428
2014-08-25,-1,575,590,200.02,200.18,200.03,200.16,stop,-0.1599999999999966,-0.0007998800179972833,-7.998800179972833,0.12999999999999545,-1.2307692307692475
2014-08-26,1,575,958,200.39,200.26,200.38,200.28,stop,-0.12999999999999545,-0.0006487673420500821,-6.487673420500821,0.09999999999999432,-1.3000000000000285
2014-08-27,1,575,575,200.48,200.405,200.47,200.425,stop,-0.07499999999998863,-0.00037412081608215013,-3.7412081608215013,0.044999999999987494,-1.6666666666668772
2014-08-28,-1,575,593,199.49,199.73000000000002,199.5,199.71,stop,-0.2400000000000091,-0.0012030075187970382,-12.030075187970382,0.21000000000000796,-1.1428571428571428
2014-08-29,-1,575,694,200.4,200.57000000000002,200.41,200.55,stop,-0.17000000000001592,-0.0008482610648172043,-8.482610648172043,0.14000000000001478,-1.2142857142856998
2014-09-02,1,575,575,200.98999999999998,200.85,200.98,200.87,stop,-0.13999999999998636,-0.0006965867250472006,-6.965867250472006,0.10999999999998522,-1.2727272727273198
2014-09-03,-1,575,959,201.26000000000002,200.51999999999998,201.27,200.51,eod,0.7400000000000375,0.003676653251850934,36.76653251850934,0.13999999999998636,5.285714285715069
2014-09-04,-1,575,575,200.82000000000002,200.92000000000002,200.83,200.9,stop,-0.09999999999999432,-0.0004979335756609785,-4.979335756609785,0.06999999999999318,-1.4285714285714866
2014-09-05,-1,575,714,199.96,200.32000000000002,199.97,200.3,stop,-0.36000000000001364,-0.001800270040506144,-18.00270040506144,0.3300000000000125,-1.0909090909090908
2014-09-08,1,575,616,201.01,200.84,201.0,200.86,stop,-0.1699999999999875,-0.0008457711442785448,-8.457711442785447,0.13999999999998636,-1.2142857142857433
2014-09-09,-1,575,828,200.12,200.44,200.13,200.42,stop,-0.3199999999999932,-0.0015989606755608514,-15.989606755608513,0.28999999999999204,-1.1034482758620758
2014-09-10,1,575,578,199.5,199.32999999999998,199.49,199.35,stop,-0.17000000000001592,-0.0008521730412552805,-8.521730412552804,0.14000000000001478,-1.2142857142856998
2014-09-11,1,575,638,199.51999999999998,199.17999999999998,199.51,199.2,stop,-0.3400000000000034,-0.001704175229311831,-17.04175229311831,0.3100000000000023,-1.0967741935483901
2014-09-12,-1,575,959,199.95000000000002,199.13989999999998,199.96,199.1299,eod,0.810100000000034,0.004051310262052581,40.51310262052581,0.1599999999999966,5.063125000000321
2014-09-15,-1,575,873,198.86,199.21,198.87,199.19,stop,-0.3499999999999943,-0.0017599436818021537,-17.599436818021537,0.3199999999999932,-1.0937500000000056
2014-09-16,1,575,714,198.66,200.24999999999997,198.65,200.25999999999996,target,1.589999999999975,0.008004027183488421,80.04027183488421,0.15000000000000568,10.599999999999431
2014-09-17,-1,575,576,200.67000000000002,200.85000000000002,200.68,200.83,stop,-0.18000000000000682,-0.0008969503687462967,-8.969503687462968,0.15000000000000568,-1.2
2014-09-18,-1,575,593,201.24,201.42000000000002,201.25,201.4,stop,-0.18000000000000682,-0.0008944099378882327,-8.944099378882326,0.15000000000000568,-1.2
2014-09-19,-1,575,959,201.49,200.73999999999998,201.5,200.73,eod,0.7500000000000284,0.0037220843672457985,37.22084367245799,0.22999999999998977,3.26086956521766
2014-09-22,-1,575,959,200.22,199.14999999999998,200.23,199.14,eod,1.0700000000000216,0.005343854567247773,53.43854567247774,0.15000000000000568,7.133333333333207
2014-09-23,1,575,795,198.62,198.26999999999998,198.61,198.29,stop,-0.35000000000002274,-0.001762247620965826,-17.62247620965826,0.3200000000000216,-1.0937499999999973
2014-09-24,1,575,584,198.16,197.98,198.15,198.0,stop,-0.18000000000000682,-0.00090840272520821,-9.0840272520821,0.15000000000000568,-1.2
2014-09-25,-1,575,576,198.91,199.07000000000002,198.92,199.05,stop,-0.160000000000025,-0.0008043434546552635,-8.043434546552636,0.13000000000002387,-1.230769230769197
2014-09-26,1,575,581,196.85999999999999,196.59,196.85,196.61,stop,-0.2699999999999818,-0.0013716027432053941,-13.716027432053941,0.23999999999998067,-1.1250000000000149
2014-09-29,-1,575,575,196.19,196.3,196.2,196.28,stop,-0.11000000000001364,-0.0005606523955148504,-5.6065239551485035,0.0800000000000125,-1.3749999999999556
2014-09-30,-1,575,646,197.61,197.94500000000002,197.62,197.925,stop,-0.33500000000000796,-0.0016951725533853252,-16.951725533853253,0.3050000000000068,-1.0983606557377064
2014-10-01,-1,575,903,196.53,194.1399999999999,196.54,194.1299999999999,target,2.3900000000001,0.012160374478478174,121.60374478478174,0.2300000000000182,10.3913043478257
2014-10-02,1,575,605,194.47,194.14,194.46,194.16,stop,-0.3300000000000125,-0.0016970070965751953,-16.97007096575195,0.30000000000001137,-1.1
2014-10-03,-1,575,584,195.56,195.73000000000002,195.57,195.71,stop,-0.17000000000001592,-0.000869253975558705,-8.692539755587049,0.14000000000001478,-1.2142857142856998
2014-10-06,1,575,602,197.45,197.20999999999998,197.44,197.23,stop,-0.2400000000000091,-0.0012155591572123637,-12.155591572123637,0.21000000000000796,-1.1428571428571428
2014-10-07,-1,575,610,194.89000000000001,195.4,194.9,195.38,stop,-0.5099999999999909,-0.0026167265264237603,-26.167265264237603,0.47999999999998977,-1.0625000000000038
2014-10-08,-1,575,575,193.32000000000002,193.55,193.33,193.53,stop,-0.22999999999998977,-0.0011896756840634654,-11.896756840634655,0.19999999999998863,-1.1500000000000141
2014-10-09,-1,575,790,196.25,192.98000000000016,196.26,192.97000000000017,target,3.2699999999998397,0.016661571384896767,166.6157138489677,0.3400000000000034,9.617647058822962
2014-10-10,-1,575,577,192.42000000000002,192.79000000000002,192.43,192.77,stop,-0.37000000000000455,-0.0019227771137556749,-19.227771137556747,0.3400000000000034,-1.0882352941176494
2014-10-13,1,575,591,190.78,190.17999999999998,190.77,190.2,stop,-0.6000000000000227,-0.00314514860827186,-31.4514860827186,0.5700000000000216,-1.0526315789473684
2014-10-14,1,575,595,188.63,188.07999999999998,188.62,188.1,stop,-0.5500000000000114,-0.0029159155974976744,-29.159155974976745,0.5200000000000102,-1.0576923076923088
2014-10-15,1,575,576,185.29,185.04999999999998,185.28,185.07,stop,-0.2400000000000091,-0.001295336787564816,-12.953367875648159,0.21000000000000796,-1.1428571428571428
2014-10-16,1,575,959,183.76999999999998,186.23000000000002,183.76,186.24,eod,2.4600000000000364,0.013387026556378082,133.87026556378083,0.8700000000000045,2.8275862068965787
2014-10-17,-1,575,604,188.14000000000001,188.54000000000002,188.15,188.52,stop,-0.4000000000000057,-0.002125963327132637,-21.259633271326372,0.37000000000000455,-1.0810810810810831
2014-10-20,1,575,959,188.48,190.31,188.47,190.32,eod,1.8300000000000125,0.009709768132859408,97.09768132859408,0.4000000000000057,4.574999999999966
2014-10-21,1,575,959,191.945,194.04000000000002,191.935,194.05,eod,2.0950000000000273,0.010915153567614178,109.15153567614178,0.4550000000000125,4.604395604395537
2014-10-22,-1,575,590,194.22,194.5,194.23,194.48,stop,-0.28000000000000114,-0.0014415898676826502,-14.415898676826503,0.25,-1.1200000000000045
2014-10-23,1,575,576,194.685,194.54,194.675,194.56,stop,-0.14500000000001023,-0.0007448311288044702,-7.448311288044702,0.1150000000000091,-1.2608695652173805
2014-10-24,-1,575,578,195.09,195.32000000000002,195.1,195.3,stop,-0.2300000000000182,-0.0011788826242953264,-11.788826242953263,0.20000000000001705,-1.1499999999999928
2014-10-28,1,575,581,197.04,196.76999999999998,197.03,196.79,stop,-0.27000000000001023,-0.0013703496929402133,-13.703496929402133,0.2400000000000091,-1.125
2014-10-29,1,575,626,198.60999999999999,198.45,198.6,198.47,stop,-0.1599999999999966,-0.0008056394763343233,-8.056394763343233,0.12999999999999545,-1.2307692307692475
2014-10-30,1,575,600,197.92999999999998,197.54999999999998,197.92,197.57,stop,-0.37999999999999545,-0.0019199676637024832,-19.199676637024833,0.3499999999999943,-1.0857142857142903
2014-10-31,-1,575,959,201.41,201.67,201.42,201.66,eod,-0.2599999999999909,-0.0012908350709958838,-12.908350709958839,0.4000000000000057,-0.649999999999968
2014-11-03,1,575,577,202.01,201.78,202.0,201.8,stop,-0.22999999999998977,-0.001138613861386088,-11.38613861386088,0.19999999999998863,-1.1500000000000141
2014-11-04,1,575,583,201.42499999999998,201.10299999999998,201.415,201.123,stop,-0.32200000000000273,-0.001598689273390774,-15.98689273390774,0.2920000000000016,-1.1027397260274006
2014-11-05,-1,575,959,202.36,202.38,202.37,202.37,eod,-0.01999999999998181,-9.882887779800271e-05,-0.9882887779800271,0.21999999999999886,-0.0909090909090087
2014-11-06,1,575,578,202.57,202.23999999999998,202.56,202.26,stop,-0.3300000000000125,-0.0016291469194313413,-16.291469194313414,0.30000000000001137,-1.1
2014-11-07,-1,575,655,202.89000000000001,203.29000000000002,202.9,203.27,stop,-0.4000000000000057,-0.0019714144898965286,-19.714144898965287,0.37000000000000455,-1.0810810810810831
2014-11-10,1,575,580,203.42,203.32,203.41,203.34,stop,-0.09999999999999432,-0.0004916179145567785,-4.916179145567785,0.06999999999999318,-1.4285714285714866
2014-11-11,-1,575,625,204.0,204.13000000000002,204.01,204.11,stop,-0.13000000000002387,-0.0006372236655067099,-6.372236655067098,0.10000000000002274,-1.2999999999999432
2014-11-12,1,575,959,203.41,203.97,203.4,203.98,eod,0.5600000000000023,0.002753195673549667,27.53195673549667,0.09000000000000341,6.222222222222012
2014-11-13,1,575,675,204.38,204.10999999999999,204.37,204.13,stop,-0.27000000000001023,-0.0013211332387337194,-13.211332387337194,0.2400000000000091,-1.125
2014-11-14,1,575,578,204.17999999999998,204.07999999999998,204.17,204.1,stop,-0.09999999999999432,-0.0004897879218298198,-4.897879218298198,0.06999999999999318,-1.4285714285714866
2014-11-17,-1,575,579,203.82500000000002,204.06,203.835,204.04,stop,-0.23499999999998522,-0.0011528932715185577,-11.528932715185578,0.20499999999998408,-1.1463414634146512
2014-11-18,1,575,959,204.63,205.54000000000002,204.62,205.55,eod,0.910000000000025,0.004447268106734557,44.47268106734557,0.18000000000000682,5.055555555555503
2014-11-19,-1,575,842,204.94,205.34,204.95,205.32,stop,-0.4000000000000057,-0.0019516955354964905,-19.516955354964907,0.37000000000000455,-1.0810810810810831
2014-11-20,1,575,959,204.44,205.58,204.43,205.59,eod,1.1400000000000148,0.005576480947023503,55.76480947023503,0.25,4.560000000000059
2014-11-21,-1,575,959,207.44,206.69,207.45,206.68,eod,0.75,0.0036153289949385397,36.153289949385396,0.27000000000001023,2.7777777777776724
2014-11-24,1,575,583,207.34,207.07,207.33,207.09,stop,-0.27000000000001023,-0.001302271740703276,-13.022717407032761,0.2400000000000091,-1.125
2014-11-25,1,575,581,207.67,207.44,207.66,207.46,stop,-0.22999999999998977,-0.0011075796975825378,-11.075796975825378,0.19999999999998863,-1.1500000000000141
2014-11-26,-1,575,725,207.18,207.42000000000002,207.19,207.4,stop,-0.2400000000000091,-0.0011583570635648878,-11.583570635648877,0.21000000000000796,-1.1428571428571428
2014-12-01,1,575,575,206.41,206.35,206.4,206.37,stop,-0.060000000000002274,-0.00029069767441861565,-2.9069767441861565,0.030000000000001137,-2.0
2014-12-02,1,575,959,206.17,207.08,206.16,207.09,eod,0.910000000000025,0.004414047341870514,44.140473418705135,0.37000000000000455,2.459459459459497
2014-12-03,-1,575,575,207.13,207.33,207.14,207.31,stop,-0.20000000000001705,-0.000965530559042276,-9.65530559042276,0.17000000000001592,-1.1764705882352844
2014-12-04,1,575,629,207.60999999999999,207.32999999999998,207.6,207.35,stop,-0.28000000000000114,-0.0013487475915221635,-13.487475915221635,0.25,-1.1200000000000045
2014-12-05,1,575,583,208.03,207.7,208.02,207.72,stop,-0.3300000000000125,-0.0015863859244304034,-15.863859244304034,0.30000000000001137,-1.1
2014-12-08,1,575,736,207.57,207.31,207.56,207.33,stop,-0.2599999999999909,-0.0012526498361919007,-12.526498361919007,0.22999999999998977,-1.1304347826087064
2014-12-09,1,575,576,204.51999999999998,204.32,204.51,204.34,stop,-0.19999999999998863,-0.0009779472886410868,-9.779472886410868,0.1699999999999875,-1.1764705882353137
2014-12-10,-1,575,580,205.75,205.96,205.76,205.94,stop,-0.21000000000000796,-0.0010206065318818427,-10.206065318818426,0.18000000000000682,-1.1666666666666667
2014-12-11,1,575,951,204.39999999999998,203.85999999999999,204.39,203.88,stop,-0.539999999999992,-0.0026420079260237395,-26.420079260237394,0.5099999999999909,-1.058823529411768
2014-12-12,1,575,658,203.07,202.42,203.06,202.44,stop,-0.6500000000000057,-0.0032010243277849192,-32.01024327784919,0.6200000000000045,-1.048387096774195
2014-12-15,1,575,596,202.33499999999998,201.92999999999998,202.325,201.95,stop,-0.40500000000000114,-0.0020017298900284254,-20.017298900284253,0.375,-1.080000000000003
2014-12-16,1,575,953,198.67999999999998,198.16,198.67,198.18,stop,-0.5199999999999818,-0.0026174057482256097,-26.174057482256096,0.4899999999999807,-1.061224489795923
2014-12-17,1,575,840,198.54999999999998,201.1400000000002,198.54,201.1500000000002,target,2.590000000000231,0.013045230180317472,130.45230180317472,0.25,10.360000000000923
2014-12-18,-1,575,599,204.3,204.93,204.31,204.91,stop,-0.6299999999999955,-0.0030835495081004134,-30.835495081004133,0.5999999999999943,-1.0500000000000023
2014-12-19,-1,575,609,205.95000000000002,206.60000000000002,205.96,206.58,stop,-0.6500000000000057,-0.003155952612157728,-31.55952612157728,0.6200000000000045,-1.048387096774195
2014-12-22,1,575,575,206.78,206.67999999999998,206.77,206.7,stop,-0.10000000000002274,-0.00048362915316546275,-4.836291531654627,0.0700000000000216,-1.4285714285713125
2014-12-23,-1,575,883,208.0,208.23000000000002,208.01,208.21,stop,-0.2300000000000182,-0.0011057160713428115,-11.057160713428114,0.20000000000001705,-1.1499999999999928
2014-12-26,1,575,959,208.35999999999999,208.41,208.35,208.42,eod,0.05000000000001137,0.0002399808015359317,2.399808015359317,0.09999999999999432,0.5000000000001421
2014-12-29,1,575,959,208.32999999999998,208.72,208.32,208.73,eod,0.3900000000000148,0.0018721198156682738,18.72119815668274,0.18000000000000682,2.1666666666666665
2014-12-30,1,575,597,208.23999999999998,208.07,208.23,208.09,stop,-0.1699999999999875,-0.000816404936848617,-8.16404936848617,0.13999999999998636,-1.2142857142857433
2014-12-31,-1,575,651,207.94,208.11,207.95,208.09,stop,-0.17000000000001592,-0.0008175042077423223,-8.175042077423223,0.14000000000001478,-1.2142857142856998
