date,direction,entry_time,exit_time,entry_px,exit_px,entry_px_raw,exit_px_raw,exit_reason,pnl_ps,ret,bps,risk_ps,r_mult
2003-01-02,1,900,959,90.65,91.1,90.64,91.11,eod,0.44999999999998863,0.0049646954986759554,49.64695498675955,,
2003-01-06,1,900,959,93.4,93.11,93.39,93.12,eod,-0.29000000000000625,-0.00310525752221872,-31.052575222187198,,
2003-01-07,-1,900,959,92.78,92.57000000000001,92.79,92.56,eod,0.20999999999999375,0.0022631749110894896,22.631749110894898,,
2003-01-08,-1,900,959,91.19,91.23,91.2,91.22,eod,-0.04000000000000625,-0.0004385964912281387,-4.385964912281387,,
2003-01-09,1,900,959,92.81,92.97999999999999,92.8,92.99,eod,0.1699999999999875,0.0018318965517240032,18.31896551724003,,
2003-01-15,-1,900,959,92.28,92.14,92.29,92.13,eod,0.14000000000000057,0.0015169574168382334,15.169574168382335,,
2003-01-17,-1,900,959,90.50999999999999,90.5,90.52,90.49,eod,0.009999999999990905,0.00011047282368527292,1.1047282368527291,,
2003-01-22,-1,900,959,88.53,88.07000000000001,88.54,88.06,eod,0.45999999999999375,0.005195391913259473,51.95391913259473,,
2003-01-23,1,900,959,88.87,89.07,88.86,89.08,eod,0.19999999999998863,0.0022507314877333855,22.507314877333854,,
2003-01-24,-1,900,959,86.41,86.34,86.42,86.33,eod,0.06999999999999318,0.000809997685720819,8.09997685720819,,
2003-01-28,1,900,959,85.98,86.1,85.97,86.11,eod,0.11999999999999034,0.0013958357566591873,13.958357566591873,,
2003-01-30,-1,900,959,85.30999999999999,84.78,85.32,84.77,eod,0.5299999999999869,0.006211908110642135,62.11908110642135,,
2003-01-31,1,900,959,85.83,85.8,85.82,85.81,eod,-0.030000000000001137,-0.0003495688650664314,-3.495688650664314,,
2003-02-03,1,900,959,86.32000000000001,86.25999999999999,86.31,86.27,eod,-0.060000000000016485,-0.0006951685783804482,-6.951685783804481,,
2003-02-04,-1,900,959,84.69999999999999,85.15,84.71,85.14,eod,-0.45000000000001705,-0.005312241766025464,-53.12241766025464,,
2003-02-06,-1,900,959,84.39,84.21000000000001,84.4,84.2,eod,0.1799999999999926,0.00213270142180086,21.327014218008603,,
2003-02-10,1,900,959,83.61,83.92999999999999,83.6,83.94,eod,0.3199999999999932,0.0038277511961721674,38.27751196172167,,
2003-02-13,-1,900,959,81.33999999999999,82.10000000000001,81.35,82.09,eod,-0.7600000000000193,-0.00934234787953312,-93.4234787953312,,
2003-02-14,1,900,959,83.05000000000001,83.86999999999999,83.04,83.88,eod,0.819999999999979,0.009874759152215546,98.74759152215546,,
2003-02-18,1,900,959,85.4,85.49,85.39,85.5,eod,0.0899999999999892,0.0010539875863683006,10.539875863683006,,
2003-02-19,-1,900,959,84.36,84.94000000000001,84.37,84.93,eod,-0.5800000000000125,-0.006874481450752785,-68.74481450752785,,
2003-02-21,1,900,959,85.4,85.33,85.39,85.34,eod,-0.07000000000000739,-0.0008197681227310855,-8.197681227310856,,
2003-02-24,-1,900,959,83.96,83.69000000000001,83.97,83.68,eod,0.2699999999999818,0.0032154340836010697,32.1543408360107,,
2003-02-25,-1,900,959,83.33999999999999,84.30000000000001,83.35,84.29,eod,-0.9600000000000222,-0.011517696460708125,-115.17696460708126,,
2003-02-26,-1,900,959,83.17999999999999,83.17,83.19,83.16,eod,0.009999999999990905,0.0001202067556195565,1.202067556195565,,
2003-02-27,1,900,959,83.78,84.16,83.77,84.17,eod,0.37999999999999545,0.004536230153993022,45.36230153993022,,
2003-02-28,1,900,959,84.41000000000001,84.6,84.4,84.61,eod,0.18999999999998352,0.0022511848341230274,22.511848341230273,,
2003-03-04,-1,900,959,82.83,82.74000000000001,82.84,82.73,eod,0.0899999999999892,0.0010864316755189425,10.864316755189426,,
2003-03-05,1,900,959,83.01,83.49,83.0,83.5,eod,0.47999999999998977,0.005783132530120359,57.83132530120359,,
2003-03-06,-1,900,959,82.72999999999999,82.71000000000001,82.74,82.7,eod,0.01999999999998181,0.00024172105390357518,2.417210539035752,,
2003-03-10,-1,900,959,81.67999999999999,81.24000000000001,81.69,81.23,eod,0.4399999999999835,0.005386216183131148,53.86216183131148,,
2003-03-13,1,900,959,83.13000000000001,83.77,83.12,83.78,eod,0.6399999999999864,0.007699711260827555,76.99711260827554,,
2003-03-17,1,900,959,86.51,86.82,86.5,86.83,eod,0.30999999999998806,0.003583815028901596,35.838150289015964,,
2003-03-24,-1,900,959,86.86999999999999,86.59,86.88,86.58,eod,0.2799999999999869,0.003222836095764122,32.22836095764122,,
2003-03-25,1,900,959,87.33,87.66,87.32,87.67,eod,0.3299999999999983,0.0037792029317452853,37.79202931745285,,
2003-03-28,-1,900,959,86.53999999999999,86.60000000000001,86.55,86.59,eod,-0.060000000000016485,-0.0006932409012133621,-6.932409012133621,,
2003-03-31,-1,900,959,85.88,84.99000000000001,85.89,84.98,eod,0.8899999999999864,0.010362091046687465,103.62091046687465,,
2003-04-02,1,900,959,88.60000000000001,88.38,88.59,88.39,eod,-0.22000000000001307,-0.002483350265267108,-24.83350265267108,,
2003-04-07,1,900,959,89.21000000000001,88.22,89.2,88.23,eod,-0.9900000000000091,-0.011098654708520282,-110.98654708520282,,
2003-04-14,1,900,959,88.27000000000001,88.83,88.26,88.84,eod,0.5599999999999881,0.006344890097439248,63.44890097439248,,
2003-04-23,1,900,959,92.13000000000001,92.19,92.12,92.2,eod,0.05999999999998806,0.0006513243595309169,6.513243595309168,,
2003-04-24,-1,900,959,91.86999999999999,91.43,91.88,91.42,eod,0.4399999999999835,0.0047888550282976,47.888550282976006,,
2003-04-25,-1,900,959,90.19,90.16000000000001,90.2,90.15,eod,0.029999999999986926,0.00033259423503311447,3.3259423503311445,,
2003-04-28,1,900,959,92.01,91.85,92.0,91.86,eod,-0.1600000000000108,-0.001739130434782726,-17.391304347827262,,
2003-04-29,1,900,959,92.04,92.08999999999999,92.03,92.1,eod,0.04999999999998295,0.0005433010974680316,5.433010974680316,,
2003-05-02,1,900,959,93.34,93.33,93.33,93.34,eod,-0.010000000000005116,-0.00010714668381019089,-1.071466838101909,,
2003-05-06,1,900,959,93.64,93.78999999999999,93.63,93.8,eod,0.14999999999999147,0.0016020506247996526,16.020506247996526,,
2003-05-07,-1,900,959,93.27,93.32000000000001,93.28,93.31,eod,-0.05000000000001137,-0.0005360205831905164,-5.360205831905164,,
2003-05-08,-1,900,959,92.47,92.35000000000001,92.48,92.34,eod,0.11999999999999034,0.0012975778546711757,12.975778546711757,,
2003-05-09,1,900,959,93.61,93.69999999999999,93.6,93.71,eod,0.0899999999999892,0.0009615384615383462,9.615384615383462,,
2003-05-13,-1,900,959,94.53999999999999,94.65,94.55,94.64,eod,-0.11000000000001364,-0.00116340560549988,-11.6340560549988,,
2003-05-15,1,900,959,95.04,95.11999999999999,95.03,95.13,eod,0.07999999999998408,0.0008418394191306333,8.418394191306334,,
2003-05-19,-1,900,959,92.69999999999999,92.52000000000001,92.71,92.51,eod,0.1799999999999784,0.0019415381296513689,19.41538129651369,,
2003-05-22,1,900,959,93.71000000000001,93.67,93.7,93.68,eod,-0.04000000000000625,-0.0004268943436500134,-4.268943436500134,,
2003-05-30,1,900,959,96.68,96.91,96.67,96.92,eod,0.22999999999998977,0.0023792283024722228,23.792283024722227,,
2003-06-02,1,900,959,97.54,97.17,97.53,97.18,eod,-0.37000000000000455,-0.003793704501179171,-37.93704501179171,,
2003-06-03,1,900,959,97.36,97.67,97.35,97.68,eod,0.3100000000000023,0.0031843862352337166,31.843862352337165,,
2003-06-04,1,900,959,98.76,99.11999999999999,98.75,99.13,eod,0.3599999999999852,0.0036455696202530147,36.45569620253015,,
2003-06-06,1,900,959,99.73,99.21,99.72,99.22,eod,-0.5200000000000102,-0.005214600882471021,-52.146008824710215,,
2003-06-09,-1,900,959,97.92999999999999,98.12,97.94,98.11,eod,-0.19000000000001194,-0.0019399632428018373,-19.39963242801837,,
2003-06-10,1,900,959,98.41000000000001,99.03999999999999,98.4,99.05,eod,0.6299999999999812,0.006402439024390053,64.02439024390053,,
2003-06-13,-1,900,959,99.16,99.44000000000001,99.17,99.43,eod,-0.28000000000001535,-0.002823434506403301,-28.234345064033008,,
2003-06-16,1,900,959,101.31,101.63,101.3,101.64,eod,0.3199999999999932,0.0031589338598222425,31.589338598222426,,
2003-06-18,-1,900,959,101.25999999999999,101.56,101.27,101.55,eod,-0.30000000000001137,-0.0029623778019157833,-29.623778019157832,,
2003-06-19,-1,900,959,100.41,100.01,100.42,100.0,eod,0.3999999999999915,0.003983270264887388,39.83270264887388,,
2003-06-23,-1,900,959,98.02,98.37,98.03,98.36,eod,-0.3500000000000085,-0.0035703356115475726,-35.70335611547573,,
2003-06-24,1,900,959,98.71000000000001,98.64,98.7,98.65,eod,-0.07000000000000739,-0.0007092198581561032,-7.092198581561032,,
2003-06-25,1,900,959,98.85000000000001,97.85,98.84,97.86,eod,-1.0000000000000142,-0.01011736139214907,-101.1736139214907,,
2003-06-26,1,900,959,98.79400000000001,98.86,98.784,98.87,eod,0.06599999999998829,0.0006681243926140699,6.6812439261406995,,
2003-06-27,-1,900,959,98.11,97.87,98.12,97.86,eod,0.23999999999999488,0.0024459845087647257,24.459845087647256,,
2003-06-30,1,900,959,98.2,97.67899999999999,98.19,97.689,eod,-0.521000000000015,-0.005306039311539006,-53.060393115390056,,
2003-07-02,1,900,959,99.5,99.58999999999999,99.49,99.6,eod,0.0899999999999892,0.0009046135289977808,9.046135289977808,,
2003-07-07,1,900,959,100.81,100.72999999999999,100.8,100.74,eod,-0.0800000000000125,-0.0007936507936509177,-7.936507936509177,,
2003-07-10,-1,900,959,98.82,99.23,98.83,99.22,eod,-0.4100000000000108,-0.00414853789335233,-41.4853789335233,,
2003-07-11,1,900,959,99.72,100.13,99.71,100.14,eod,0.4099999999999966,0.004111924581285694,41.119245812856946,,
2003-07-14,1,900,959,101.53,100.72,101.52,100.73,eod,-0.8100000000000023,-0.007978723404255341,-79.78723404255341,,
2003-07-17,-1,900,959,98.19999999999999,98.501,98.21,98.491,eod,-0.30100000000001614,-0.003064861012117057,-30.648610121170567,,
2003-07-18,1,900,959,99.48,99.57,99.47,99.58,eod,0.0899999999999892,0.0009047954157031185,9.047954157031185,,
2003-07-21,-1,900,959,97.99,98.25,98.0,98.24,eod,-0.2600000000000051,-0.002653061224489848,-26.53061224489848,,
2003-07-22,1,900,959,99.33,99.11,99.32,99.12,eod,-0.21999999999999886,-0.002215062424486497,-22.15062424486497,,
2003-07-25,1,900,959,99.95,100.22,99.94,100.23,eod,0.269999999999996,0.0027016209725835103,27.016209725835104,,
2003-07-29,-1,900,959,99.25999999999999,99.32900000000001,99.27,99.319,eod,-0.06900000000001683,-0.0006950740404957876,-6.950740404957876,,
2003-07-31,1,900,959,100.31,99.39999999999999,100.3,99.41,eod,-0.9100000000000108,-0.009072781655035004,-90.72781655035004,,
2003-08-01,-1,900,959,98.58999999999999,98.39,98.6,98.38,eod,0.19999999999998863,0.0020283975659228055,20.283975659228055,,
2003-08-05,-1,900,959,97.74,96.86,97.75,96.85,eod,0.8799999999999955,0.009002557544756987,90.02557544756988,,
2003-08-06,1,900,959,97.72,97.11999999999999,97.71,97.13,eod,-0.6000000000000085,-0.006140620202640554,-61.40620202640554,,
2003-08-07,1,900,959,97.551,97.88,97.541,97.89,eod,0.3289999999999935,0.0033729406095897472,33.729406095897474,,
2003-08-13,-1,900,959,99.1,98.9,99.11,98.89,eod,0.19999999999998863,0.0020179598425990176,20.179598425990175,,
2003-08-18,1,900,959,100.5,100.49,100.49,100.5,eod,-0.010000000000005116,-9.951238929251782e-05,-0.9951238929251782,,
2003-08-20,-1,900,959,100.63,100.51,100.64,100.5,eod,0.11999999999999034,0.001192368839427567,11.92368839427567,,
2003-08-21,1,900,959,100.73,100.86,100.72,100.87,eod,0.12999999999999545,0.001290706910246182,12.90706910246182,,
2003-08-25,-1,900,959,99.58,99.83,99.59,99.82,eod,-0.25,-0.0025102921980118486,-25.102921980118484,,
2003-08-28,1,900,959,100.38000000000001,100.83,100.37,100.84,eod,0.44999999999998863,0.00448341137790165,44.8341137790165,,
2003-08-29,1,900,959,101.19000000000001,101.36,101.18,101.37,eod,0.1699999999999875,0.001680173947420315,16.80173947420315,,
2003-09-02,1,900,959,102.503,102.75999999999999,102.493,102.77,eod,0.2569999999999908,0.002507488316275168,25.07488316275168,,
2003-09-03,1,900,959,103.30000000000001,103.17999999999999,103.29,103.19,eod,-0.12000000000001876,-0.0011617775196051771,-11.617775196051772,,
2003-09-05,-1,900,959,102.67,102.68,102.68,102.67,eod,-0.010000000000005116,-9.738994935727615e-05,-0.9738994935727615,,
2003-09-08,1,900,959,103.63000000000001,103.78999999999999,103.62,103.8,eod,0.15999999999998238,0.0015441034549313103,15.441034549313104,,
2003-09-09,-1,900,959,103.1,102.93700000000001,103.11,102.927,eod,0.1629999999999825,0.0015808360003877655,15.808360003877656,,
2003-09-10,-1,900,959,101.83999999999999,101.69000000000001,101.85,101.68,eod,0.14999999999997726,0.0014727540500734145,14.727540500734145,,
2003-09-11,1,900,959,102.66000000000001,102.25699999999999,102.65,102.267,eod,-0.40300000000002,-0.003925962006819483,-39.259620068194835,,
2003-09-16,1,900,959,103.19000000000001,103.53999999999999,103.18,103.55,eod,0.3499999999999801,0.0033921302578017063,33.92130257801706,,
2003-09-18,1,900,959,104.5,104.58,104.49,104.59,eod,0.0799999999999983,0.0007656235046415762,7.6562350464157625,,
2003-09-19,-1,900,959,103.77,103.87,103.78,103.86,eod,-0.10000000000000853,-0.0009635767970708087,-9.635767970708088,,
2003-09-22,-1,900,959,102.21,102.5,102.22,102.49,eod,-0.29000000000000625,-0.0028370181960478014,-28.370181960478014,,
2003-09-23,1,900,959,103.0,103.08,102.99,103.09,eod,0.0799999999999983,0.0007767744441207719,7.767744441207719,,
2003-09-24,-1,900,959,101.36,101.21000000000001,101.37,101.2,eod,0.14999999999999147,0.0014797277300975778,14.797277300975779,,
2003-09-26,-1,900,959,99.97999999999999,99.99000000000001,99.99,99.98,eod,-0.010000000000019327,-0.0001000100010002933,-1.000100010002933,,
2003-09-29,1,900,959,100.98,100.86,100.97,100.87,eod,-0.12000000000000455,-0.0011884718233139008,-11.884718233139008,,
2003-09-30,-1,900,959,100.42999999999999,99.87,100.44,99.86,eod,0.5599999999999881,0.00557546794105922,55.754679410592196,,
2003-10-01,1,900,959,101.46000000000001,101.99,101.45,102.0,eod,0.5299999999999869,0.005224248398225598,52.24248398225598,,
2003-10-03,1,900,959,103.74000000000001,103.25,103.73,103.26,eod,-0.4900000000000091,-0.004723802178733337,-47.23802178733337,,
2003-10-06,1,900,959,103.73,103.71199999999999,103.72,103.722,eod,-0.018000000000014893,-0.00017354415734684625,-1.7354415734684625,,
2003-10-08,-1,900,959,103.69,103.72,103.7,103.71,eod,-0.030000000000001137,-0.00028929604628737837,-2.8929604628737837,,
2003-10-09,1,900,959,104.03,104.15899999999999,104.02,104.169,eod,0.12899999999999068,0.0012401461257449595,12.401461257449595,,
2003-10-13,1,900,959,104.71000000000001,104.85,104.7,104.86,eod,0.13999999999998636,0.0013371537726837284,13.371537726837284,,
2003-10-17,-1,900,959,104.14999999999999,104.24000000000001,104.16,104.23,eod,-0.09000000000001762,-0.0008640552995393397,-8.640552995393397,,
2003-10-20,1,900,959,104.38000000000001,104.78999999999999,104.37,104.8,eod,0.4099999999999824,0.003928331896138568,39.28331896138568,,
2003-10-22,-1,900,959,103.53999999999999,103.41000000000001,103.55,103.4,eod,0.12999999999998124,0.0012554321583774142,12.554321583774142,,
2003-10-24,-1,900,959,102.44,103.29,102.45,103.28,eod,-0.8500000000000085,-0.008296730112249961,-82.96730112249962,,
2003-10-27,1,900,959,103.44000000000001,103.42999999999999,103.43,103.44,eod,-0.010000000000019327,-9.668374746223848e-05,-0.9668374746223848,,
2003-10-28,1,900,959,104.53,105.00999999999999,104.52,105.02,eod,0.47999999999998977,0.004592422502870166,45.92422502870166,,
2003-10-31,1,900,959,105.42,105.41,105.41,105.42,eod,-0.010000000000005116,-9.486765961488584e-05,-0.9486765961488584,,
2003-11-03,1,900,959,106.53,106.30999999999999,106.52,106.32,eod,-0.22000000000001307,-0.002065339842283262,-20.65339842283262,,
2003-11-04,-1,900,959,105.92,105.79,105.93,105.78,eod,0.12999999999999545,0.0012272255262909038,12.272255262909038,,
2003-11-11,-1,900,959,105.00999999999999,105.09,105.02,105.08,eod,-0.0800000000000125,-0.0007617596648258665,-7.617596648258665,,
2003-11-12,1,900,959,106.46000000000001,106.36999999999999,106.45,106.38,eod,-0.09000000000001762,-0.0008454673555661589,-8.45467355566159,,
2003-11-17,-1,900,959,104.47,104.87,104.48,104.86,eod,-0.4000000000000057,-0.0038284839203675887,-38.28483920367589,,
2003-11-20,-1,900,959,104.64999999999999,103.91000000000001,104.66,103.9,eod,0.7399999999999807,0.00707051404548042,70.7051404548042,,
2003-11-24,1,900,959,105.5,105.72,105.49,105.73,eod,0.21999999999999886,0.002085505735140761,20.85505735140761,,
2003-11-25,1,900,959,106.23,106.0,106.22,106.01,eod,-0.23000000000000398,-0.0021653172660516286,-21.653172660516287,,
2003-11-26,1,900,959,106.29,106.36999999999999,106.28,106.38,eod,0.07999999999998408,0.0007527286413246526,7.527286413246526,,
2003-12-01,1,900,959,107.34,107.55999999999999,107.33,107.57,eod,0.21999999999998465,0.0020497530979221527,20.497530979221526,,
2003-12-03,1,900,959,107.69000000000001,107.11,107.68,107.12,eod,-0.5800000000000125,-0.005386329866270547,-53.86329866270547,,
2003-12-05,-1,900,959,106.78999999999999,106.82000000000001,106.8,106.81,eod,-0.030000000000015348,-0.0002808988764046381,-2.808988764046381,,
2003-12-08,1,900,959,107.14,107.50999999999999,107.13,107.52,eod,0.36999999999999034,0.0034537477830672114,34.53747783067212,,
2003-12-11,1,900,959,107.80000000000001,107.83,107.79,107.84,eod,0.029999999999986926,0.00027831895352061343,2.783189535206134,,
2003-12-16,1,900,959,108.21000000000001,108.16,108.2,108.17,eod,-0.05000000000001137,-0.00046210720887256346,-4.621072088725635,,
2003-12-18,1,900,959,109.58,109.58999999999999,109.57,109.6,eod,0.009999999999990905,9.126585744264767e-05,0.9126585744264767,,
2003-12-19,-1,900,959,108.83,109.04,108.84,109.03,eod,-0.21000000000000796,-0.0019294377067255416,-19.294377067255414,,
2003-12-29,1,900,959,110.63000000000001,111.14,110.62,111.15,eod,0.5099999999999909,0.004610377870186141,46.10377870186141,,
2004-01-05,1,900,959,111.98,112.36,111.97,112.37,eod,0.37999999999999545,0.003393766187371577,33.93766187371577,,
2004-01-08,1,900,959,113.24000000000001,113.30999999999999,113.23,113.32,eod,0.06999999999997897,0.0006182107215400421,6.182107215400421,,
2004-01-09,-1,900,959,112.64999999999999,112.54,112.66,112.53,eod,0.10999999999998522,0.0009763891354516707,9.763891354516707,,
2004-01-14,1,900,959,113.19000000000001,113.3,113.18,113.31,eod,0.10999999999998522,0.0009719031631028911,9.71903163102891,,
2004-01-16,1,900,959,114.05000000000001,114.24,114.04,114.25,eod,0.18999999999998352,0.001666082076464254,16.66082076464254,,
2004-01-26,1,900,959,115.33,115.78999999999999,115.32,115.8,eod,0.45999999999999375,0.003988900450919128,39.889004509191274,,
2004-01-29,1,900,959,113.51,113.74,113.5,113.75,eod,0.22999999999998977,0.0020264317180615837,20.264317180615837,,
2004-01-30,-1,900,959,113.38,113.45,113.39,113.44,eod,-0.07000000000000739,-0.0006173383896287802,-6.1733838962878025,,
2004-02-02,1,900,959,114.51,113.82,114.5,113.83,eod,-0.6900000000000119,-0.00602620087336255,-60.26200873362549,,
2004-02-04,-1,900,959,112.94,113.04,112.95,113.03,eod,-0.10000000000000853,-0.0008853474988933911,-8.853474988933911,,
2004-02-10,1,900,959,114.64,114.89,114.63,114.9,eod,0.25,0.0021809299485300534,21.809299485300535,,
2004-02-17,1,900,959,116.39,116.13,116.38,116.14,eod,-0.2600000000000051,-0.002234060835195095,-22.340608351950948,,
2004-02-19,1,900,959,116.01,115.21,116.0,115.22,eod,-0.8000000000000114,-0.006896551724138029,-68.96551724138028,,
2004-02-20,-1,900,959,115.08,115.01,115.09,115.0,eod,0.06999999999999318,0.0006082196541836231,6.082196541836231,,
2004-02-24,-1,900,959,114.05999999999999,114.46000000000001,114.07,114.45,eod,-0.4000000000000199,-0.003506618742877355,-35.06618742877355,,
2004-02-25,1,900,959,114.82000000000001,114.89999999999999,114.81,114.91,eod,0.07999999999998408,0.0006968034143365916,6.968034143365916,,
2004-02-27,1,900,959,115.53,115.07,115.52,115.08,eod,-0.46000000000000796,-0.003981994459833864,-39.81994459833864,,
2004-03-01,1,900,959,116.26,116.1,116.25,116.11,eod,-0.1600000000000108,-0.0013763440860215983,-13.763440860215983,,
2004-03-04,1,900,959,115.99000000000001,116.03,115.98,116.04,eod,0.03999999999999204,0.00034488704949122296,3.4488704949122297,,
2004-03-09,-1,900,959,114.36,114.67,114.37,114.66,eod,-0.3100000000000023,-0.002710501005508457,-27.10501005508457,,
2004-03-11,-1,900,959,112.44,111.34,112.45,111.33,eod,1.0999999999999943,0.009782125389061754,97.82125389061754,,
2004-03-12,1,900,959,112.36,112.67999999999999,112.35,112.69,eod,0.3199999999999932,0.0028482421005784886,28.482421005784886,,
2004-03-15,-1,900,959,111.33999999999999,111.04,111.35,111.03,eod,0.29999999999998295,0.002694207453973803,26.94207453973803,,
2004-03-17,1,900,959,113.08,112.99,113.07,113.0,eod,-0.09000000000000341,-0.0007959671000265624,-7.959671000265624,,
2004-03-18,-1,900,959,112.64,112.92,112.65,112.91,eod,-0.28000000000000114,-0.0024855747891700053,-24.85574789170005,,
2004-03-19,-1,900,959,111.77,111.29,111.78,111.28,eod,0.47999999999998977,0.004294149221685362,42.94149221685362,,
2004-03-22,-1,900,959,109.5,109.76,109.51,109.75,eod,-0.2600000000000051,-0.002374212400694047,-23.74212400694047,,
2004-03-23,1,900,959,110.28,109.67999999999999,110.27,109.69,eod,-0.6000000000000085,-0.0054411898068378395,-54.41189806837839,,
2004-03-25,1,900,959,110.93,111.1,110.92,111.11,eod,0.1699999999999875,0.0015326361341506266,15.326361341506265,,
2004-03-29,1,900,959,112.61,112.47,112.6,112.48,eod,-0.14000000000000057,-0.0012433392539964528,-12.433392539964528,,
2004-03-30,1,900,959,112.75,112.96,112.74,112.97,eod,0.20999999999999375,0.0018626929217668419,18.62692921766842,,
2004-04-01,1,900,959,113.44000000000001,113.47999999999999,113.43,113.49,eod,0.03999999999997783,0.00035264039495704687,3.5264039495704687,,
2004-04-02,1,900,959,114.06,114.41,114.05,114.42,eod,0.3499999999999943,0.0030688294607627738,30.68829460762774,,
2004-04-05,1,900,959,114.78,115.33,114.77,115.34,eod,0.5499999999999972,0.004792193081815781,47.92193081815781,,
2004-04-06,-1,900,959,115.0,115.09,115.01,115.08,eod,-0.09000000000000341,-0.0007825406486392783,-7.825406486392783,,
2004-04-07,-1,900,959,114.55999999999999,114.51,114.57,114.5,eod,0.04999999999998295,0.0004364144191322593,4.364144191322593,,
2004-04-12,1,900,959,114.79,114.83999999999999,114.78,114.85,eod,0.04999999999998295,0.00043561596096866134,4.356159609686613,,
2004-04-13,-1,900,959,113.28,113.30000000000001,113.29,113.29,eod,-0.020000000000010232,-0.00017653808809259627,-1.7653808809259628,,
2004-04-14,-1,900,959,112.91,113.16000000000001,112.92,113.15,eod,-0.2500000000000142,-0.0022139567835637104,-22.139567835637106,,
2004-04-21,1,900,959,112.5321,112.8,112.5221,112.81,eod,0.26789999999999736,0.00238086562550821,23.808656255082102,,
2004-04-27,1,900,959,114.27000000000001,114.21,114.26,114.22,eod,-0.060000000000016485,-0.0005251181515842507,-5.251181515842506,,
2004-04-28,-1,900,959,112.86,112.59,112.87,112.58,eod,0.269999999999996,0.002392132541862284,23.921325418622843,,
2004-05-03,1,900,959,111.66000000000001,112.13,111.65,112.14,eod,0.46999999999998465,0.00420958351992821,42.0958351992821,,
2004-05-06,-1,900,959,111.58999999999999,111.86,111.6,111.85,eod,-0.27000000000001023,-0.002419354838709769,-24.19354838709769,,
2004-05-07,-1,900,959,110.72,110.31,110.73,110.3,eod,0.4099999999999966,0.00370270026189828,37.0270026189828,,
2004-05-10,-1,900,959,108.91,109.14,108.92,109.13,eod,-0.23000000000000398,-0.00211164157179585,-21.1164157179585,,
2004-05-11,1,900,959,109.72,110.0,109.71,110.01,eod,0.28000000000000114,0.0025521830279828742,25.52183027982874,,
2004-05-12,-1,900,959,108.83,110.31,108.84,110.3,eod,-1.480000000000004,-0.013597941933112862,-135.9794193311286,,
2004-05-13,-1,900,959,109.86999999999999,110.16000000000001,109.88,110.15,eod,-0.29000000000002046,-0.0026392428103387375,-26.392428103387374,,
2004-05-17,-1,900,959,109.07,108.87100000000001,109.08,108.861,eod,0.19899999999998386,0.0018243491015766764,18.243491015766764,,
2004-05-18,1,900,959,109.69000000000001,109.67999999999999,109.68,109.69,eod,-0.010000000000019327,-9.117432531016892e-05,-0.9117432531016891,,
2004-05-19,1,900,959,110.16000000000001,109.39999999999999,110.15,109.41,eod,-0.7600000000000193,-0.006899682251475436,-68.99682251475436,,
2004-05-27,1,900,959,112.59,112.71,112.58,112.72,eod,0.11999999999999034,0.0010659086871557145,10.659086871557145,,
2004-06-02,1,900,959,113.29,113.11,113.28,113.12,eod,-0.18000000000000682,-0.0015889830508475178,-15.889830508475178,,
2004-06-03,-1,900,959,112.69,112.24000000000001,112.7,112.23,eod,0.44999999999998863,0.003992901508429358,39.929015084293574,,
2004-06-04,1,900,959,113.2,112.89999999999999,113.19,112.91,eod,-0.30000000000001137,-0.0026504108136762203,-26.504108136762202,,
2004-06-07,1,900,959,114.4,114.64,114.39,114.65,eod,0.23999999999999488,0.0020980854969839574,20.980854969839573,,
2004-06-09,-1,900,959,114.13,113.78,114.14,113.77,eod,0.3499999999999943,0.003066409672332174,30.664096723321737,,
2004-06-10,1,900,959,114.15,114.28999999999999,114.14,114.3,eod,0.13999999999998636,0.0012265638689327699,12.265638689327698,,
2004-06-14,-1,900,959,113.0,113.2,113.01,113.19,eod,-0.20000000000000284,-0.0017697548889479059,-17.69754888947906,,
2004-06-15,1,900,959,114.02000000000001,113.94,114.01,113.95,eod,-0.0800000000000125,-0.0007016928339620428,-7.016928339620429,,
2004-06-17,-1,900,959,113.71,113.86,113.72,113.85,eod,-0.15000000000000568,-0.0013190291945128886,-13.190291945128886,,
2004-06-18,-1,900,959,113.66,113.72,113.67,113.71,eod,-0.060000000000002274,-0.0005278437582475787,-5.278437582475787,,
2004-06-30,1,900,959,114.28,114.44,114.27,114.45,eod,0.1599999999999966,0.0014001925264723603,14.001925264723603,,
2004-07-01,-1,900,959,113.08,113.21000000000001,113.09,113.2,eod,-0.13000000000000966,-0.0011495269254576856,-11.495269254576856,,
2004-07-02,-1,900,959,112.78,112.81,112.79,112.8,eod,-0.030000000000001137,-0.00026598102668677306,-2.6598102668677304,,
2004-07-06,-1,900,959,111.80999999999999,111.97,111.82,111.96,eod,-0.1600000000000108,-0.001430871042747369,-14.30871042747369,,
2004-07-07,1,900,959,112.46000000000001,112.13,112.45,112.14,eod,-0.3300000000000125,-0.0029346376167186526,-29.346376167186527,,
2004-07-08,-1,900,959,111.69,111.23,111.7,111.22,eod,0.45999999999999375,0.004118173679498601,41.18173679498601,,
2004-07-09,1,900,959,111.51,111.63,111.5,111.64,eod,0.11999999999999034,0.0010762331838564156,10.762331838564156,,
2004-07-14,-1,900,959,111.50999999999999,111.51,111.52,111.5,eod,-1.4210854715202004e-14,-1.274287546198171e-16,-1.274287546198171e-12,,
2004-07-19,1,900,959,110.72,110.44,110.71,110.45,eod,-0.28000000000000114,-0.002529130159877167,-25.29130159877167,,
2004-07-23,-1,900,959,108.99,108.93,109.0,108.92,eod,0.05999999999998806,0.0005504587155962207,5.5045871559622075,,
2004-07-27,1,900,959,109.86,109.86999999999999,109.85,109.88,eod,0.009999999999990905,9.103322712781889e-05,0.9103322712781889,,
2004-07-29,1,900,959,110.49000000000001,110.53999999999999,110.48,110.55,eod,0.04999999999998295,0.00045257060101360375,4.525706010136037,,
2004-07-30,-1,900,959,110.27,110.68,110.28,110.67,eod,-0.4100000000000108,-0.003717809212912684,-37.17809212912684,,
2004-08-03,-1,900,959,110.44999999999999,110.36,110.46,110.35,eod,0.0899999999999892,0.0008147745790330365,8.147745790330365,,
2004-08-06,-1,900,959,107.1,106.84,107.11,106.83,eod,0.2599999999999909,0.0024274110727288854,24.274110727288853,,
2004-08-09,1,900,959,107.28,107.0,107.27,107.01,eod,-0.28000000000000114,-0.002610235853453912,-26.10235853453912,,
2004-08-10,1,900,959,107.84,108.36,107.83,108.37,eod,0.519999999999996,0.004822405638505017,48.22405638505017,,
2004-08-11,-1,900,959,108.07,108.10000000000001,108.08,108.09,eod,-0.030000000000015348,-0.0002775721687640206,-2.7757216876402064,,
2004-08-12,-1,900,959,107.22999999999999,106.86,107.24,106.85,eod,0.36999999999999034,0.003450205147332995,34.50205147332995,,
2004-08-16,1,900,959,108.53,108.52,108.52,108.53,eod,-0.010000000000005116,-9.214891264287796e-05,-0.9214891264287797,,
2004-08-17,1,900,959,108.83,108.69999999999999,108.82,108.71,eod,-0.13000000000000966,-0.001194633339459747,-11.94633339459747,,
2004-08-20,1,900,959,110.46000000000001,110.42999999999999,110.45,110.44,eod,-0.030000000000015348,-0.0002716161158896817,-2.716161158896817,,
2004-08-27,1,900,959,111.60000000000001,111.44999999999999,111.59,111.46,eod,-0.1500000000000199,-0.0013442064701139878,-13.442064701139879,,
2004-08-30,-1,900,959,110.78,110.59,110.79,110.58,eod,0.18999999999999773,0.0017149562234858536,17.149562234858536,,
2004-08-31,1,900,959,110.79,111.05999999999999,110.78,111.07,eod,0.2699999999999818,0.0024372630438705706,24.372630438705706,,
2004-09-07,1,900,959,112.52000000000001,112.8,112.51,112.81,eod,0.2799999999999869,0.0024886676739844186,24.886676739844187,,
2004-09-08,-1,900,959,112.46,112.36,112.47,112.35,eod,0.09999999999999432,0.0008891259891526124,8.891259891526124,,
2004-09-09,1,900,959,112.88000000000001,112.49,112.87,112.5,eod,-0.3900000000000148,-0.0034553025604679255,-34.553025604679256,,
2004-09-13,1,900,959,113.35000000000001,113.3,113.34,113.31,eod,-0.05000000000001137,-0.00044115052055771457,-4.4115052055771455,,
2004-09-15,-1,900,959,112.96,112.75,112.97,112.74,eod,0.20999999999999375,0.0018589005930777528,18.589005930777528,,
2004-09-16,1,900,959,113.19000000000001,113.08999999999999,113.18,113.1,eod,-0.10000000000002274,-0.0008835483300938569,-8.83548330093857,,
2004-09-20,-1,900,959,112.36,112.53,112.37,112.52,eod,-0.1700000000000017,-0.0015128593040847353,-15.128593040847353,,
2004-09-22,-1,900,959,111.72999999999999,111.64,111.74,111.63,eod,0.0899999999999892,0.0008054412027920996,8.054412027920996,,
2004-09-23,-1,900,959,111.36,111.15,111.37,111.14,eod,0.20999999999999375,0.0018856065367692713,18.856065367692715,,
2004-09-24,1,900,959,111.42,111.33,111.41,111.34,eod,-0.09000000000000341,-0.0008078269455165911,-8.07826945516591,,
2004-09-27,-1,900,959,110.89,110.68,110.9,110.67,eod,0.20999999999999375,0.0018935978358881312,18.93597835888131,,
2004-10-01,1,900,959,113.43,113.47,113.42,113.48,eod,0.03999999999999204,0.0003526714865102455,3.5267148651024547,,
2004-10-04,1,900,959,114.03,113.83999999999999,114.02,113.85,eod,-0.19000000000001194,-0.0016663743202947898,-16.6637432029479,,
2004-10-07,-1,900,959,113.80999999999999,113.39,113.82,113.38,eod,0.4199999999999875,0.003690036900368894,36.90036900368894,,
2004-10-11,1,900,959,112.86,112.86,112.85,112.87,eod,0.0,0.0,0.0,,
2004-10-14,-1,900,959,110.78,110.71000000000001,110.79,110.7,eod,0.06999999999999318,0.0006318259770736815,6.318259770736815,,
2004-10-20,-1,900,959,110.6,110.73,110.61,110.72,eod,-0.13000000000000966,-0.001175300605731938,-11.753006057319379,,
2004-10-21,1,900,959,111.13000000000001,111.03,111.12,111.04,eod,-0.10000000000000853,-0.0008999280057596159,-8.99928005759616,,
2004-10-25,-1,900,959,109.78999999999999,109.88000000000001,109.8,109.87,eod,-0.09000000000001762,-0.0008196721311477014,-8.196721311477015,,
2004-11-02,1,900,959,113.98,113.49,113.97,113.5,eod,-0.4900000000000091,-0.004299377029042811,-42.99377029042811,,
2004-11-03,1,900,959,114.76,114.75999999999999,114.75,114.77,eod,-1.4210854715202004e-14,-1.238418711564445e-16,-1.238418711564445e-12,,
2004-11-04,1,900,959,116.28,116.55999999999999,116.27,116.57,eod,0.2799999999999869,0.0024081878386513025,24.081878386513026,,
2004-11-05,1,900,959,116.95,117.08999999999999,116.94,117.1,eod,0.13999999999998636,0.0011971951428081612,11.971951428081612,,
2004-11-09,1,900,959,117.26,116.99,117.25,117.0,eod,-0.27000000000001023,-0.0023027718550107483,-23.027718550107483,,
2004-11-11,1,900,959,117.95,117.97999999999999,117.94,117.99,eod,0.029999999999986926,0.00025436662709841384,2.5436662709841382,,
2004-11-15,-1,900,959,118.39999999999999,118.68,118.41,118.67,eod,-0.28000000000001535,-0.0023646651465249165,-23.646651465249164,,
2004-11-16,-1,900,959,117.89999999999999,117.77000000000001,117.91,117.76,eod,0.12999999999998124,0.0011025358324143943,11.025358324143943,,
2004-11-17,1,900,959,118.54,118.39,118.53,118.4,eod,-0.15000000000000568,-0.0012655024044546164,-12.655024044546165,,
2004-11-19,-1,900,959,117.36,117.33,117.37,117.32,eod,0.030000000000001137,0.0002556019425747732,2.556019425747732,,
2004-11-24,1,900,959,118.34620000000001,118.53,118.3362,118.54,eod,0.18379999999999086,0.0015532018097588975,15.532018097588974,,
2004-11-29,1,900,959,118.49000000000001,118.11999999999999,118.48,118.13,eod,-0.37000000000001876,-0.003122889939230408,-31.22889939230408,,
2004-11-30,-1,900,959,117.8,117.74000000000001,117.81,117.73,eod,0.05999999999998806,0.0005092946269415845,5.092946269415845,,
2004-12-01,1,900,959,119.28,119.46,119.27,119.47,eod,0.1799999999999926,0.001509180850171817,15.09180850171817,,
2004-12-08,1,900,959,118.56,118.61,118.55,118.62,eod,0.04999999999999716,0.00042176296921127927,4.2176296921127925,,
2004-12-13,1,900,959,120.18,120.28,120.17,120.29,eod,0.09999999999999432,0.0008321544478654766,8.321544478654765,,
2004-12-14,1,900,959,120.71000000000001,120.78,120.7,120.79,eod,0.06999999999999318,0.0005799502899750885,5.799502899750885,,
2004-12-16,-1,900,959,120.3,120.71000000000001,120.31,120.7,eod,-0.4100000000000108,-0.0034078630205303865,-34.07863020530387,,
2004-12-17,-1,900,959,119.64,119.43,119.65,119.42,eod,0.20999999999999375,0.001755119097367269,17.55119097367269,,
2004-12-21,1,900,959,120.45,120.39,120.44,120.4,eod,-0.060000000000002274,-0.000498173364330806,-4.9817336433080595,,
2004-12-28,1,900,959,121.05000000000001,121.22999999999999,121.04,121.24,eod,0.1799999999999784,0.0014871116986118506,14.871116986118507,,
2004-12-29,-1,900,959,121.08999999999999,121.30000000000001,121.1,121.29,eod,-0.21000000000002217,-0.0017341040462429578,-17.34104046242958,,
2005-01-06,1,900,959,118.84,118.69,118.83,118.7,eod,-0.15000000000000568,-0.0012623074981065866,-12.623074981065866,,
2005-01-10,1,900,959,119.12,118.92999999999999,119.11,118.94,eod,-0.19000000000001194,-0.0015951641339938874,-15.951641339938874,,
2005-01-11,-1,900,959,118.39999999999999,118.30000000000001,118.41,118.29,eod,0.0999999999999801,0.0008445232666158273,8.445232666158272,,
2005-01-13,-1,900,959,118.42,117.69000000000001,118.43,117.68,eod,0.7299999999999898,0.006163978721607614,61.63978721607614,,
2005-01-14,1,900,959,118.43,118.41,118.42,118.42,eod,-0.020000000000010232,-0.0001688903901368876,-1.688903901368876,,
2005-01-19,-1,900,959,119.08999999999999,118.42,119.1,118.41,eod,0.6699999999999875,0.005625524769101491,56.25524769101491,,
2005-01-20,-1,900,959,117.86999999999999,117.58,117.88,117.57,eod,0.28999999999999204,0.0024601289446894476,24.601289446894476,,
2005-01-25,1,900,959,117.16000000000001,116.86,117.15,116.87,eod,-0.30000000000001137,-0.00256081946222801,-25.6081946222801,,
2005-01-26,1,900,959,117.42,117.39999999999999,117.41,117.41,eod,-0.020000000000010232,-0.0001703432416319754,-1.703432416319754,,
2005-01-31,1,900,959,118.05000000000001,118.05999999999999,118.04,118.07,eod,0.009999999999976694,8.471704506927054e-05,0.8471704506927054,,
2005-02-01,1,900,959,118.87,118.89999999999999,118.86,118.91,eod,0.029999999999986926,0.0002523977788994357,2.523977788994357,,
2005-02-03,-1,900,959,118.85,119.06,118.86,119.05,eod,-0.21000000000000796,-0.0017667844522968868,-17.667844522968867,,
2005-02-04,1,900,959,119.80000000000001,120.32,119.79,120.33,eod,0.5199999999999818,0.0043409299607645195,43.409299607645195,,
2005-02-08,1,900,959,120.44000000000001,120.33,120.43,120.34,eod,-0.11000000000001364,-0.0009133936726730353,-9.133936726730353,,
2005-02-10,1,900,959,119.80000000000001,119.82,119.79,119.83,eod,0.01999999999998181,0.0001669588446446432,1.669588446446432,,
2005-02-22,-1,900,959,118.92999999999999,118.68,118.94,118.67,eod,0.2499999999999858,0.0021019001177062873,21.019001177062872,,
2005-02-23,1,900,959,119.31,119.33,119.3,119.34,eod,0.01999999999999602,0.0001676445934618275,1.676445934618275,,
2005-03-01,1,900,959,121.27000000000001,121.28999999999999,121.26,121.3,eod,0.01999999999998181,0.00016493485073381008,1.6493485073381007,,
2005-03-02,-1,900,959,121.05999999999999,121.30000000000001,121.07,121.29,eod,-0.2400000000000233,-0.0019823242752128795,-19.823242752128795,,
2005-03-03,1,900,959,121.46000000000001,121.35,121.45,121.36,eod,-0.11000000000001364,-0.0009057225195554849,-9.05722519555485,,
2005-03-04,1,900,959,122.66000000000001,122.55,122.65,122.56,eod,-0.11000000000001364,-0.0008968609865471963,-8.968609865471963,,
2005-03-07,1,900,959,123.01,122.77,123.0,122.78,eod,-0.2400000000000091,-0.001951219512195196,-19.512195121951958,,
2005-03-08,-1,900,959,122.53999999999999,122.22,122.55,122.21,eod,0.3199999999999932,0.0026111791105670598,26.111791105670598,,
2005-03-09,-1,900,959,121.55,121.01,121.56,121.0,eod,0.539999999999992,0.004442250740375058,44.42250740375058,,
2005-03-10,1,900,959,121.26,121.19,121.25,121.2,eod,-0.07000000000000739,-0.0005773195876289269,-5.773195876289269,,
2005-03-16,-1,900,959,119.03999999999999,119.19000000000001,119.05,119.18,eod,-0.1500000000000199,-0.001259974800504157,-12.599748005041569,,
2005-03-18,-1,900,959,118.381,118.82000000000001,118.391,118.81,eod,-0.43900000000000716,-0.0037080521323412012,-37.080521323412015,,
2005-03-21,-1,900,959,118.39,118.27000000000001,118.4,118.26,eod,0.11999999999999034,0.0010135135135134318,10.135135135134318,,
2005-03-24,1,900,959,117.7,117.14,117.69,117.15,eod,-0.5600000000000023,-0.004758263233919638,-47.58263233919639,,
2005-03-28,1,900,959,117.83,117.35,117.82,117.36,eod,-0.480000000000004,-0.004074011203530844,-40.740112035308435,,
2005-03-29,-1,900,959,116.86999999999999,116.42,116.88,116.41,eod,0.44999999999998863,0.00385010266940442,38.5010266940442,,
2005-03-30,1,900,959,117.67,118.11,117.66,118.12,eod,0.4399999999999977,0.0037395886452490034,37.39588645249003,,
2005-03-31,1,900,959,118.31,117.94999999999999,118.3,117.96,eod,-0.36000000000001364,-0.0030431107354185432,-30.431107354185432,,
2005-04-05,1,900,959,118.02000000000001,118.08,118.01,118.09,eod,0.05999999999998806,0.0005084314888567753,5.084314888567754,,
2005-04-06,1,900,959,118.54,118.36999999999999,118.53,118.38,eod,-0.17000000000001592,-0.0014342360583819785,-14.342360583819785,,
2005-04-13,-1,900,959,117.52,117.44000000000001,117.53,117.43,eod,0.07999999999998408,0.0006806772738873827,6.806772738873827,,
2005-04-15,-1,900,959,115.17999999999999,114.29,115.19,114.28,eod,0.8899999999999864,0.00772636513586237,77.2636513586237,,
2005-04-19,1,900,959,115.42,115.28,115.41,115.29,eod,-0.14000000000000057,-0.0012130664587124216,-12.130664587124215,,
2005-04-20,-1,900,959,114.41,113.83,114.42,113.82,eod,0.5799999999999983,0.005069043873448683,50.690438734486825,,
2005-04-21,1,900,959,115.74000000000001,115.99,115.73,116.0,eod,0.2499999999999858,0.002160200466603178,21.60200466603178,,
2005-04-22,-1,900,959,115.17999999999999,115.30000000000001,115.19,115.29,eod,-0.12000000000001876,-0.001041757096970386,-10.41757096970386,,
2005-04-25,1,900,959,116.03,116.27,116.02,116.28,eod,0.23999999999999488,0.002068608860541242,20.68608860541242,,
2005-04-26,-1,900,959,115.49,115.23,115.5,115.22,eod,0.2599999999999909,0.002251082251082172,22.510822510821722,,
2005-04-28,-1,900,959,114.78,114.4,114.79,114.39,eod,0.37999999999999545,0.003310392891366804,33.103928913668035,,
2005-04-29,1,900,959,115.36,115.69999999999999,115.35,115.71,eod,0.3399999999999892,0.002947550931946157,29.475509319461572,,
2005-05-02,1,900,959,115.92,116.35,115.91,116.36,eod,0.4299999999999926,0.0037097748252954243,37.09774825295424,,
2005-05-04,1,900,959,117.53,117.63,117.52,117.64,eod,0.09999999999999432,0.0008509189925118646,8.509189925118646,,
2005-05-06,1,900,959,117.55000000000001,117.19999999999999,117.54,117.21,eod,-0.35000000000002274,-0.002977709715841609,-29.77709715841609,,
2005-05-10,-1,900,959,116.63,116.7,116.64,116.69,eod,-0.07000000000000739,-0.0006001371742113117,-6.0013717421131165,,
2005-05-12,-1,900,959,116.35,116.09,116.36,116.08,eod,0.2599999999999909,0.002234444826400747,22.344448264007468,,
2005-05-13,-1,900,959,115.11,115.61,115.12,115.6,eod,-0.5,-0.004343293954134816,-43.43293954134816,,
2005-05-16,1,900,959,116.44000000000001,116.77,116.43,116.78,eod,0.3299999999999841,0.0028343210512753077,28.34321051275308,,
2005-05-18,1,900,959,118.93,118.78999999999999,118.92,118.8,eod,-0.14000000000001478,-0.0011772620248908072,-11.772620248908073,,
2005-05-19,1,900,959,119.12,119.36,119.11,119.37,eod,0.23999999999999488,0.002014944169255267,20.14944169255267,,
2005-05-20,-1,900,959,119.14,119.16000000000001,119.15,119.15,eod,-0.020000000000010232,-0.00016785564414612027,-1.6785564414612026,,
2005-05-23,1,900,959,119.98,119.64,119.97,119.65,eod,-0.3400000000000034,-0.0028340418437943103,-28.340418437943104,,
2005-05-24,-1,900,959,119.44,119.65,119.45,119.64,eod,-0.21000000000000796,-0.0017580577647551942,-17.58057764755194,,
2005-05-25,-1,900,959,119.30999999999999,119.34,119.32,119.33,eod,-0.030000000000015348,-0.0002514247401945638,-2.514247401945638,,
2005-05-26,1,900,959,119.93,120.03,119.92,120.04,eod,0.09999999999999432,0.0008338892595062901,8.338892595062902,,
2005-05-31,-1,900,959,119.89999999999999,119.45,119.91,119.44,eod,0.44999999999998863,0.003752814610958124,37.52814610958124,,
2005-06-01,1,900,948,120.14,120.53,120.13,120.54,eod,0.39000000000000057,0.0032464829767751653,32.46482976775165,,
2005-06-07,1,900,959,120.64,120.05,120.63,120.06,eod,-0.5900000000000034,-0.0048909889745503065,-48.909889745503065,,
2005-06-14,1,900,959,120.73,120.82,120.72,120.83,eod,0.0899999999999892,0.0007455268389661133,7.455268389661133,,
2005-06-24,-1,900,959,119.25999999999999,119.10000000000001,119.27,119.09,eod,0.15999999999998238,0.0013414940890415226,13.414940890415226,,
2005-06-28,1,900,959,120.10000000000001,120.14,120.09,120.15,eod,0.03999999999999204,0.00033308352069274746,3.3308352069274747,,
2005-07-01,1,900,959,119.36,119.49,119.35,119.5,eod,0.12999999999999545,0.0010892333472978255,10.892333472978255,,
2005-07-07,-1,900,959,119.33,119.78,119.34,119.77,eod,-0.45000000000000284,-0.003770739064856736,-37.707390648567355,,
2005-07-08,1,900,959,121.11,121.21,121.1,121.22,eod,0.09999999999999432,0.0008257638315441315,8.257638315441314,,
2005-07-11,1,900,959,121.87,122.00999999999999,121.86,122.02,eod,0.13999999999998636,0.001148859346791288,11.488593467912882,,
2005-07-14,1,900,959,122.62100000000001,122.72999999999999,122.611,122.74,eod,0.10899999999998045,0.0008889903842231158,8.889903842231158,,
2005-07-18,-1,900,959,122.35,122.21000000000001,122.36,122.2,eod,0.13999999999998636,0.001144164759725289,11.44164759725289,,
2005-07-19,1,900,959,122.84,122.99,122.83,123.0,eod,0.14999999999999147,0.0012212000325652647,12.212000325652648,,
2005-07-21,-1,900,959,122.69,122.71000000000001,122.7,122.7,eod,-0.020000000000010232,-0.00016299918500415836,-1.6299918500415835,,
2005-07-22,1,900,959,123.37,123.42,123.36,123.43,eod,0.04999999999999716,0.0004053177691309757,4.053177691309757,,
2005-07-26,1,900,959,123.41000000000001,123.22,123.4,123.23,eod,-0.19000000000001194,-0.0015397082658023657,-15.397082658023656,,
2005-07-27,1,900,959,123.72,123.78,123.71,123.79,eod,0.060000000000002274,0.0004850052542236058,4.8500525422360585,,
2005-07-28,1,900,959,124.53,124.49,124.52,124.5,eod,-0.04000000000000625,-0.0003212335367812902,-3.212335367812902,,
2005-08-01,1,900,959,123.84,123.55,123.83,123.56,eod,-0.29000000000000625,-0.0023419203747073107,-23.419203747073105,,
2005-08-02,1,900,959,124.38000000000001,124.44999999999999,124.37,124.46,eod,0.06999999999997897,0.0005628366969524722,5.6283669695247225,,
2005-08-03,-1,900,959,124.35,124.65,124.36,124.64,eod,-0.30000000000001137,-0.002412351238340394,-24.123512383403938,,
2005-08-04,-1,900,959,123.78,123.67,123.79,123.66,eod,0.10999999999999943,0.0008886016641085664,8.886016641085664,,
2005-08-05,-1,900,959,122.72999999999999,122.79,122.74,122.78,eod,-0.060000000000016485,-0.0004888381945577357,-4.888381945577357,,
2005-08-09,1,900,959,123.26,123.33,123.25,123.34,eod,0.06999999999999318,0.0005679513184583625,5.679513184583625,,
2005-08-11,1,900,959,123.36,123.96,123.35,123.97,eod,0.5999999999999943,0.004864207539521641,48.64207539521641,,
2005-08-12,-1,900,959,123.08999999999999,123.25,123.1,123.24,eod,-0.1600000000000108,-0.001299756295694645,-12.99756295694645,,
2005-08-16,-1,900,959,122.69999999999999,122.12,122.71,122.11,eod,0.5799999999999841,0.004726591149865407,47.26591149865407,,
2005-08-17,1,900,959,122.39,122.28999999999999,122.38,122.3,eod,-0.10000000000000853,-0.0008171269815329999,-8.17126981533,,
2005-08-19,1,900,959,122.34,122.25999999999999,122.33,122.27,eod,-0.0800000000000125,-0.0006539687729911919,-6.539687729911919,,
2005-08-23,-1,900,959,122.33999999999999,122.08,122.35,122.07,eod,0.2599999999999909,0.0021250510829586506,21.250510829586506,,
2005-08-26,-1,900,959,121.08,120.83,121.09,120.82,eod,0.25,0.0020645800644148978,20.645800644148977,,
2005-08-30,-1,900,959,120.44999999999999,121.19000000000001,120.46,121.18,eod,-0.7400000000000233,-0.006143118047484836,-61.43118047484836,,
2005-09-01,1,900,959,122.54,122.52,122.53,122.53,eod,-0.020000000000010232,-0.0001632253325716986,-1.632253325716986,,
2005-09-06,1,900,959,123.48,123.74,123.47,123.75,eod,0.2599999999999909,0.002105774682108941,21.05774682108941,,
2005-09-08,-1,900,959,123.47999999999999,123.59,123.49,123.58,eod,-0.11000000000001364,-0.0008907603854564227,-8.907603854564227,,
2005-09-09,1,900,959,124.61,124.47,124.6,124.48,eod,-0.14000000000000057,-0.0011235955056179822,-11.235955056179822,,
2005-09-13,-1,900,959,124.05999999999999,123.56,124.07,123.55,eod,0.4999999999999858,0.004029983074070974,40.299830740709744,,
2005-09-19,-1,900,959,122.80999999999999,122.97,122.82,122.96,eod,-0.1600000000000108,-0.0013027194268035401,-13.027194268035402,,
2005-09-21,-1,900,959,121.38,120.89150000000001,121.39,120.8815,eod,0.4884999999999877,0.004024219457945364,40.24219457945364,,
2005-09-22,1,900,959,121.26,121.44,121.25,121.45,eod,0.1799999999999926,0.0014845360824741658,14.845360824741658,,
2005-09-27,1,900,959,121.86,121.49,121.85,121.5,eod,-0.37000000000000455,-0.0030365203118588803,-30.365203118588802,,
2005-09-28,1,900,959,121.85000000000001,121.67,121.84,121.68,eod,-0.18000000000000682,-0.0014773473407748425,-14.773473407748426,,
2005-10-04,-1,900,959,121.80999999999999,121.39,121.82,121.38,eod,0.4199999999999875,0.0034477097356754843,34.47709735675484,,
2005-10-05,-1,900,959,120.46,119.65,120.47,119.64,eod,0.8099999999999881,0.006723665642898548,67.23665642898548,,
2005-10-07,1,900,959,119.45,119.64999999999999,119.44,119.66,eod,0.19999999999998863,0.0016744809109175203,16.744809109175204,,
2005-10-10,-1,900,959,118.83999999999999,118.78,118.85,118.77,eod,0.05999999999998806,0.0005048380311315782,5.048380311315782,,
2005-10-13,-1,900,959,117.71,117.76,117.72,117.75,eod,-0.05000000000001137,-0.00042473666326886994,-4.247366632688699,,
2005-10-18,-1,900,959,118.16,117.91000000000001,118.17,117.9,eod,0.2499999999999858,0.0021155961750019955,21.155961750019955,,
2005-10-21,1,900,959,118.35000000000001,118.00999999999999,118.34,118.02,eod,-0.3400000000000176,-0.0028730775730946225,-28.730775730946224,,
2005-10-24,1,900,959,119.39,120.03,119.38,120.04,eod,0.6400000000000006,0.005361031998659747,53.610319986597474,,
2005-10-28,1,900,959,119.72,119.89999999999999,119.71,119.91,eod,0.1799999999999926,0.001503633781638899,15.036337816388992,,
2005-10-31,1,900,959,120.95,120.69999999999999,120.94,120.71,eod,-0.2500000000000142,-0.00206714073094108,-20.6714073094108,,
2005-11-01,-1,900,959,120.33,120.33,120.34,120.32,eod,-0.0,-0.0,-0.0,,
2005-11-02,1,900,959,121.34,121.61,121.33,121.62,eod,0.269999999999996,0.002225335860875266,22.253358608752663,,
2005-11-03,1,900,959,122.04,122.14,122.03,122.15,eod,0.09999999999999432,0.0008194706219781555,8.194706219781555,,
2005-11-08,-1,900,959,122.08,122.08,122.09,122.07,eod,-0.0,-0.0,-0.0,,
2005-11-15,-1,900,959,122.94,123.16000000000001,122.95,123.15,eod,-0.22000000000001307,-0.001789345262301855,-17.89345262301855,,
2005-11-16,1,900,959,123.37,123.46,123.36,123.47,eod,0.0899999999999892,0.0007295719844357101,7.295719844357101,,
2005-11-17,1,900,959,124.2,124.52,124.19,124.53,eod,0.3199999999999932,0.0025766969965375086,25.766969965375086,,
2005-11-18,1,900,959,124.74000000000001,125.08,124.73,125.09,eod,0.3399999999999892,0.002725887917902583,27.258879179025833,,
2005-11-23,1,900,959,127.18,126.86999999999999,127.17,126.88,eod,-0.3100000000000165,-0.002437681843202143,-24.376818432021427,,
2005-11-28,-1,900,959,126.30999999999999,126.16000000000001,126.32,126.15,eod,0.14999999999997726,0.0011874604179858872,11.874604179858872,,
2005-11-29,1,900,959,126.49000000000001,126.1,126.48,126.11,eod,-0.3900000000000148,-0.003083491461100686,-30.834914611006862,,
2005-12-01,1,900,959,126.85000000000001,126.89,126.84,126.9,eod,0.03999999999999204,0.0003153579312519082,3.1535793125190823,,
2005-12-02,-1,900,959,126.72,126.87,126.73,126.86,eod,-0.15000000000000568,-0.0011836187169573557,-11.836187169573558,,
2005-12-05,-1,900,959,126.55999999999999,126.64,126.57,126.63,eod,-0.0800000000000125,-0.0006320613099471637,-6.320613099471637,,
2005-12-06,1,900,959,127.55000000000001,126.72,127.54,126.73,eod,-0.8300000000000125,-0.006507762270660283,-65.07762270660282,,
2005-12-08,-1,900,959,125.74,126.04,125.75,126.03,eod,-0.30000000000001137,-0.0023856858846919393,-23.856858846919394,,
2005-12-09,1,900,959,126.62,126.39999999999999,126.61,126.41,eod,-0.22000000000001307,-0.0017376194613380703,-17.376194613380704,,
2005-12-16,-1,900,959,126.61,126.61,126.62,126.6,eod,-0.0,-0.0,-0.0,,
2005-12-21,1,900,959,125.88000000000001,126.11,125.87,126.12,eod,0.22999999999998977,0.0018272821164692918,18.272821164692918,,
2005-12-22,1,900,959,126.54,126.64999999999999,126.53,126.66,eod,0.10999999999998522,0.0008693590452855861,8.693590452855862,,
2005-12-28,1,900,959,125.87,125.63,125.86,125.64,eod,-0.2400000000000091,-0.0019068806610520348,-19.068806610520348,,
2005-12-29,1,900,959,125.76,125.3,125.75,125.31,eod,-0.46000000000000796,-0.0036580516898608983,-36.580516898608984,,
2005-12-30,-1,900,959,124.8,124.57000000000001,124.81,124.56,eod,0.22999999999998977,0.0018428010576074815,18.428010576074815,,
2006-01-03,1,900,959,126.16000000000001,126.75,126.15,126.76,eod,0.5899999999999892,0.004676971858898051,46.76971858898051,,
2006-01-04,1,900,959,127.06,127.25,127.05,127.26,eod,0.18999999999999773,0.0014954742227469321,14.954742227469321,,
2006-01-06,1,900,959,128.42999999999998,128.4,128.42,128.41,eod,-0.029999999999972715,-0.00023360847220037936,-2.3360847220037937,,
2006-01-09,1,900,959,128.67999999999998,128.92000000000002,128.67,128.93,eod,0.24000000000003752,0.0018652366519005016,18.652366519005017,,
2006-01-10,-1,900,959,128.54000000000002,128.89,128.55,128.88,eod,-0.3499999999999659,-0.0027226760015555494,-27.226760015555495,,
2006-01-12,-1,900,959,128.59,128.6,128.6,128.59,eod,-0.009999999999990905,-7.776049766711435e-05,-0.7776049766711435,,
2006-01-17,-1,900,959,128.29000000000002,128.26999999999998,128.3,128.26,eod,0.020000000000038654,0.00015588464536273305,1.5588464536273305,,
2006-01-18,-1,900,959,127.47,127.80000000000001,127.48,127.79,eod,-0.3300000000000125,-0.002588641355506844,-25.88641355506844,,
2006-01-19,1,900,959,128.62,128.36,128.61,128.37,eod,-0.2599999999999909,-0.002021615737500901,-20.21615737500901,,
2006-01-20,-1,900,959,126.42999999999999,126.14,126.44,126.13,eod,0.28999999999999204,0.0022935779816513134,22.935779816513133,,
2006-01-23,1,900,959,126.51,126.32,126.5,126.33,eod,-0.19000000000001194,-0.0015019762845850746,-15.019762845850746,,
2006-01-24,1,900,959,126.7,126.58999999999999,126.69,126.6,eod,-0.11000000000001364,-0.0008682611097956716,-8.682611097956716,,
2006-01-26,1,900,959,127.41000000000001,127.39999999999999,127.4,127.41,eod,-0.010000000000019327,-7.849293563594447e-05,-0.7849293563594447,,
2006-01-27,1,900,959,128.31,128.29000000000002,128.3,128.3,eod,-0.01999999999998181,-0.00015588464536229002,-1.5588464536229,,
2006-01-30,1,900,959,128.72,128.52,128.71,128.53,eod,-0.19999999999998863,-0.0015538808173412215,-15.538808173412216,,
2006-01-31,-1,900,959,128.29000000000002,127.96000000000001,128.3,127.95,eod,0.3300000000000125,0.002572096648480222,25.720966484802222,,
2006-02-02,-1,900,959,126.96,127.13000000000001,126.97,127.12,eod,-0.17000000000001592,-0.001338898952508592,-13.38898952508592,,
2006-02-03,-1,900,959,126.58,126.41000000000001,126.59,126.4,eod,0.1699999999999875,0.0013429180819968993,13.429180819968993,,
2006-02-07,-1,900,959,125.52,125.58,125.53,125.57,eod,-0.060000000000002274,-0.0004779733928144848,-4.779733928144848,,
2006-02-08,1,900,959,126.23,126.61,126.22,126.62,eod,0.37999999999999545,0.003010616384091233,30.10616384091233,,
2006-02-09,1,900,959,126.94000000000001,126.49,126.93,126.5,eod,-0.45000000000001705,-0.003545261167572812,-35.45261167572812,,
2006-02-13,-1,900,959,126.00999999999999,126.47,126.02,126.46,eod,-0.46000000000000796,-0.0036502142517061418,-36.502142517061415,,
2006-02-14,1,900,959,127.84,127.69999999999999,127.83,127.71,eod,-0.14000000000001478,-0.0010952045685677445,-10.952045685677446,,
2006-02-22,1,900,959,129.45999999999998,129.42000000000002,129.45,129.43,eod,-0.03999999999996362,-0.0003089996137502018,-3.0899961375020184,,
2006-02-27,1,900,959,129.94,129.67000000000002,129.93,129.68,eod,-0.2699999999999818,-0.0020780420226274286,-20.780420226274284,,
2006-02-28,-1,900,959,128.31,128.26,128.32,128.25,eod,0.05000000000001137,0.0003896508728180437,3.896508728180437,,
2006-03-01,1,900,959,129.26999999999998,129.39000000000001,129.26,129.4,eod,0.12000000000003297,0.0009283614420550285,9.283614420550284,,
2006-03-02,-1,900,959,129.02,129.23,129.03,129.22,eod,-0.20999999999997954,-0.001627528481748272,-16.27528481748272,,
2006-03-06,-1,900,959,127.99999999999999,128.16,128.01,128.15,eod,-0.1600000000000108,-0.001249902351378883,-12.49902351378883,,
2006-03-07,-1,900,959,127.75,127.87,127.76,127.86,eod,-0.12000000000000455,-0.0009392611145898915,-9.392611145898915,,
2006-03-08,1,900,959,128.31,128.20000000000002,128.3,128.21,eod,-0.10999999999998522,-0.0008573655494932596,-8.573655494932597,,
2006-03-10,1,900,959,128.14999999999998,128.51000000000002,128.14,128.52,eod,0.36000000000004206,0.0028094271890123468,28.09427189012347,,
2006-03-13,1,900,959,128.67999999999998,128.8,128.67,128.81,eod,0.12000000000003297,0.0009326183259503613,9.326183259503614,,
2006-03-14,1,900,959,130.09,130.11,130.08,130.12,eod,0.020000000000010232,0.0001537515375154538,1.5375153751545378,,
2006-03-16,1,900,959,130.95999999999998,131.0,130.95,131.01,eod,0.040000000000020464,0.0003054600992746886,3.054600992746886,,
2006-03-17,-1,900,959,130.5,130.57999999999998,130.51,130.57,eod,-0.07999999999998408,-0.0006129798482873656,-6.129798482873657,,
2006-03-21,-1,900,959,129.63,129.60999999999999,129.64,129.6,eod,0.020000000000010232,0.00015427337241599994,1.5427337241599994,,
2006-03-22,1,900,959,130.17,130.41,130.16,130.42,eod,0.2400000000000091,0.0018438844499078758,18.43884449907876,,
2006-03-23,-1,900,959,129.83,130.09,129.84,130.08,eod,-0.2599999999999909,-0.002002464571780583,-20.024645717805832,,
2006-03-29,1,900,959,130.28,130.20000000000002,130.27,130.21,eod,-0.07999999999998408,-0.000614109157902695,-6.14109157902695,,
2006-04-03,1,900,959,130.22,129.68,130.21,129.69,eod,-0.539999999999992,-0.004147146916519407,-41.47146916519407,,
2006-04-05,1,900,959,131.09,131.03,131.08,131.04,eod,-0.060000000000002274,-0.0004577357339029773,-4.577357339029773,,
2006-04-06,-1,900,959,130.9,130.82999999999998,130.91,130.82,eod,0.0700000000000216,0.0005347185088994087,5.347185088994087,,
2006-04-13,-1,900,959,128.70000000000002,128.87,128.71,128.86,eod,-0.1699999999999875,-0.0013207986947400161,-13.207986947400162,,
2006-04-18,1,900,959,130.39,130.72,130.38,130.73,eod,0.3300000000000125,0.0025310630464796175,25.310630464796176,,
2006-04-24,-1,900,959,130.71,130.84,130.72,130.83,eod,-0.12999999999999545,-0.0009944920440636128,-9.944920440636128,,
2006-04-26,1,900,959,130.67999999999998,130.57000000000002,130.67,130.58,eod,-0.1099999999999568,-0.0008418152598144701,-8.418152598144701,,
2006-05-01,1,900,959,131.48999999999998,130.56,131.48,130.57,eod,-0.9299999999999784,-0.007073319135990101,-70.73319135990101,,
2006-05-02,1,900,959,131.17999999999998,131.36,131.17,131.37,eod,0.18000000000003524,0.0013722649996190841,13.72264999619084,,
2006-05-03,-1,900,959,130.55,130.8312,130.56,130.8212,eod,-0.28119999999998413,-0.0021537990196077213,-21.537990196077214,,
2006-05-04,1,900,959,131.32999999999998,131.27,131.32,131.28,eod,-0.05999999999997385,-0.00045689917758128125,-4.568991775812813,,
2006-05-05,1,900,959,132.67999999999998,132.70000000000002,132.67,132.71,eod,0.020000000000038654,0.00015074998115654372,1.5074998115654372,,
2006-05-11,-1,900,959,130.69,130.79,130.7,130.78,eod,-0.09999999999999432,-0.0007651109410864141,-7.651109410864142,,
2006-05-12,-1,900,959,129.49,129.26,129.5,129.25,eod,0.2300000000000182,0.0017760617760619166,17.760617760619166,,
2006-05-15,-1,900,959,128.88,129.63,128.89,129.62,eod,-0.75,-0.005818915354177982,-58.189153541779824,,
2006-05-17,-1,900,959,127.17,127.21000000000001,127.18,127.2,eod,-0.04000000000000625,-0.00031451486082722326,-3.1451486082722324,,
2006-05-19,1,900,959,126.73,126.94999999999999,126.72,126.96,eod,0.21999999999998465,0.00173611111111099,17.3611111111099,,
2006-05-22,-1,900,959,126.30879999999999,126.43,126.3188,126.42,eod,-0.12120000000001596,-0.0009594771324618027,-9.594771324618028,,
2006-05-23,1,900,959,126.84,125.86,126.83,125.87,eod,-0.980000000000004,-0.007726878498777923,-77.26878498777923,,
2006-05-25,1,900,959,127.29,127.61999999999999,127.28,127.63,eod,0.3299999999999841,0.0025927089880577003,25.927089880577004,,
2006-05-26,1,900,959,128.13,128.29000000000002,128.12,128.3,eod,0.160000000000025,0.0012488292226040042,12.488292226040041,,
2006-05-30,-1,900,959,126.89999999999999,126.30000000000001,126.91,126.29,eod,0.5999999999999801,0.004727759829800489,47.2775982980049,,
2006-05-31,1,900,959,126.85000000000001,127.28999999999999,126.84,127.3,eod,0.4399999999999835,0.0034689372437715508,34.689372437715505,,
2006-06-01,1,900,959,128.38,128.81,128.37,128.82,eod,0.4300000000000068,0.003349692295707773,33.49692295707773,,
2006-06-05,-1,900,959,127.55999999999999,126.91000000000001,127.57,126.9,eod,0.6499999999999773,0.005095241828015813,50.952418280158135,,
2006-06-06,-1,900,959,126.11,126.75,126.12,126.74,eod,-0.6400000000000006,-0.0050745321915635945,-50.74532191563595,,
2006-06-08,-1,900,959,125.25999999999999,126.13000000000001,125.27,126.12,eod,-0.8700000000000188,-0.006944998802586563,-69.44998802586564,,
2006-06-15,1,900,959,125.67,125.99,125.66,126.0,eod,0.3199999999999932,0.002546554193856384,25.465541938563838,,
2006-06-16,-1,900,959,125.02,124.99000000000001,125.03,124.98,eod,0.029999999999986926,0.00023994241382057846,2.3994241382057844,,
2006-06-21,1,900,959,125.5699,125.11999999999999,125.5599,125.13,eod,-0.44990000000001373,-0.0035831503529392245,-35.83150352939224,,
2006-06-28,1,900,959,124.46000000000001,124.57,124.45,124.58,eod,0.10999999999998522,0.0008838891120930913,8.838891120930914,,
2006-06-29,1,900,959,126.79,127.21,126.78,127.22,eod,0.4199999999999875,0.0033128253667769956,33.128253667769954,,
2006-07-05,-1,900,959,127.28999999999999,127.04,127.3,127.03,eod,0.2499999999999858,0.001963864886095725,19.63864886095725,,
2006-07-07,-1,900,959,126.39,126.54,126.4,126.53,eod,-0.15000000000000568,-0.0011867088607595386,-11.867088607595386,,
2006-07-13,-1,900,959,124.39999999999999,124.2,124.41,124.19,eod,0.19999999999998863,0.001607587814484275,16.07587814484275,,
2006-07-14,-1,900,959,123.39,123.64,123.4,123.63,eod,-0.25,-0.002025931928687196,-20.25931928687196,,
2006-07-19,1,900,959,126.15,125.96,126.14,125.97,eod,-0.19000000000001194,-0.0015062628825115898,-15.062628825115898,,
2006-07-21,-1,900,959,124.05,124.12,124.06,124.11,eod,-0.07000000000000739,-0.000564243108173524,-5.64243108173524,,
2006-07-24,1,900,959,125.87,126.11999999999999,125.86,126.13,eod,0.2499999999999858,0.001986334021929015,19.863340219290148,,
2006-07-28,1,900,959,127.88000000000001,127.83999999999999,127.87,127.85,eod,-0.040000000000020464,-0.0003128177054822903,-3.128177054822903,,
2006-08-01,-1,900,959,126.83999999999999,127.18,126.85,127.17,eod,-0.3400000000000176,-0.0026803310997242226,-26.803310997242225,,
2006-08-02,1,900,959,127.93,127.91,127.92,127.92,eod,-0.020000000000010232,-0.00015634771732340707,-1.5634771732340706,,
2006-08-07,-1,900,959,127.64999999999999,127.77000000000001,127.66,127.76,eod,-0.12000000000001876,-0.0009399968666772581,-9.399968666772581,,
2006-08-11,-1,900,959,126.69999999999999,126.85000000000001,126.71,126.84,eod,-0.1500000000000199,-0.0011838055402100852,-11.838055402100853,,
2006-08-14,1,900,959,127.25,127.05,127.24,127.06,eod,-0.20000000000000284,-0.001571832756994678,-15.718327569946782,,
2006-08-15,1,900,959,128.67,128.70000000000002,128.66,128.71,eod,0.03000000000002956,0.00023317270324910275,2.3317270324910275,,
2006-08-16,1,900,959,129.67,129.73000000000002,129.66,129.74,eod,0.060000000000030695,0.0004627487274412363,4.6274872744123625,,
2006-08-21,-1,900,959,130.02,130.10999999999999,130.03,130.1,eod,-0.08999999999997499,-0.0006921479658538413,-6.921479658538413,,
2006-08-24,1,900,959,129.94,129.87,129.93,129.88,eod,-0.06999999999999318,-0.0005387516354959838,-5.387516354959838,,
2006-09-01,1,900,959,131.42,131.46,131.41,131.47,eod,0.040000000000020464,0.0003043908378359369,3.043908378359369,,
2006-09-06,-1,900,959,130.49,130.42999999999998,130.5,130.42,eod,0.060000000000030695,0.00045977011494276394,4.597701149427639,,
2006-09-07,-1,900,959,130.23000000000002,129.82999999999998,130.24,129.82,eod,0.4000000000000341,0.003071253071253333,30.71253071253333,,
2006-09-08,1,900,959,130.34,130.29000000000002,130.33,130.3,eod,-0.04999999999998295,-0.00038364152535857397,-3.8364152535857396,,
2006-09-12,1,900,959,131.79,131.63,131.78,131.64,eod,-0.1599999999999966,-0.0012141447867657959,-12.14144786765796,,
2006-09-13,1,900,959,132.42,132.22,132.41,132.23,eod,-0.19999999999998863,-0.001510459935050137,-15.104599350501369,,
2006-09-14,-1,900,959,131.93,132.06,131.94,132.05,eod,-0.12999999999999545,-0.0009852963468242797,-9.852963468242796,,
2006-09-19,-1,900,959,131.29000000000002,131.76,131.3,131.75,eod,-0.46999999999997044,-0.003579588728103354,-35.79588728103354,,
2006-09-20,1,900,959,132.35999999999999,132.4,132.35,132.41,eod,0.040000000000020464,0.0003022289384210084,3.022289384210084,,
2006-09-22,-1,900,959,131.14000000000001,131.41,131.15,131.4,eod,-0.2699999999999818,-0.002058711399161127,-20.587113991611268,,
2006-09-25,1,900,959,132.72,132.53,132.71,132.54,eod,-0.18999999999999773,-0.0014316931655489241,-14.316931655489242,,
2006-10-06,-1,900,959,134.98000000000002,135.04,134.99,135.03,eod,-0.05999999999997385,-0.0004444773686937836,-4.444773686937836,,
2006-10-11,-1,900,959,134.75,135.0,134.76,134.99,eod,-0.25,-0.0018551498961116059,-18.55149896111606,,
2006-10-12,1,900,959,136.07999999999998,136.25,136.07,136.26,eod,0.17000000000001592,0.001249356948629499,12.49356948629499,,
2006-10-17,-1,900,959,136.35000000000002,136.47,136.36,136.46,eod,-0.11999999999997613,-0.000880023467292286,-8.80023467292286,,
2006-10-18,1,900,959,136.63,136.57000000000002,136.62,136.58,eod,-0.05999999999997385,-0.0004391743522176391,-4.391743522176391,,
2006-10-24,-1,900,959,137.53,137.78,137.54,137.77,eod,-0.25,-0.0018176530463865058,-18.176530463865056,,
2006-10-25,1,900,959,138.13,138.19,138.12,138.2,eod,0.060000000000002274,0.0004344048653345082,4.344048653345082,,
2006-10-26,1,900,959,138.95999999999998,138.85000000000002,138.95,138.86,eod,-0.1099999999999568,-0.0007916516732634531,-7.916516732634531,,
2006-10-27,-1,900,959,137.9,137.92,137.91,137.91,eod,-0.01999999999998181,-0.0001450221158725387,-1.4502211587253868,,
2006-11-02,-1,900,959,136.57000000000002,136.82,136.58,136.81,eod,-0.24999999999997158,-0.0018304290525697142,-18.30429052569714,,
2006-11-06,1,900,959,138.01,138.08,138.0,138.09,eod,0.0700000000000216,0.0005072463768117507,5.072463768117506,,
2006-11-07,1,900,959,138.64,138.43,138.63,138.44,eod,-0.20999999999997954,-0.0015148236312484999,-15.148236312484999,,
2006-11-13,1,900,959,138.85999999999999,138.67000000000002,138.85,138.68,eod,-0.1899999999999693,-0.0013683831472810178,-13.683831472810178,,
2006-11-15,1,900,959,140.01,139.96,140.0,139.97,eod,-0.04999999999998295,-0.00035714285714273533,-3.5714285714273535,,
2006-11-16,1,900,959,140.37,140.22,140.36,140.23,eod,-0.15000000000000568,-0.0010686805357652156,-10.686805357652156,,
2006-11-22,1,900,959,140.88,140.91,140.87,140.92,eod,0.030000000000001137,0.00021296230567190413,2.129623056719041,,
2006-11-27,-1,900,959,138.5,138.51,138.51,138.5,eod,-0.009999999999990905,-7.219695328850556e-05,-0.7219695328850556,,
2006-11-29,1,900,959,140.25,140.35000000000002,140.24,140.36,eod,0.10000000000002274,0.0007130633200229801,7.130633200229801,,
2006-11-30,1,900,959,140.91,140.45000000000002,140.9,140.46,eod,-0.45999999999997954,-0.0032647267565647942,-32.647267565647944,,
2006-12-04,1,900,959,141.54,141.32000000000002,141.53,141.33,eod,-0.21999999999997044,-0.0015544407546101212,-15.544407546101212,,
2006-12-05,1,900,959,141.82999999999998,141.88,141.82,141.89,eod,0.05000000000001137,0.0003525595825695344,3.525595825695344,,
2006-12-11,1,900,959,141.76,141.73000000000002,141.75,141.74,eod,-0.029999999999972715,-0.00021164021164001915,-2.1164021164001916,,
2006-12-14,1,900,959,143.16,142.97,143.15,142.98,eod,-0.18999999999999773,-0.001327279077890309,-13.27279077890309,,
2006-12-15,-1,900,959,142.54000000000002,142.39,142.55,142.38,eod,0.1500000000000341,0.0010522623640830172,10.522623640830172,,
2006-12-22,-1,900,959,141.05,140.85999999999999,141.06,140.85,eod,0.19000000000002615,0.0013469445625976617,13.469445625976617,,
2006-12-26,1,900,959,141.29,141.53,141.28,141.54,eod,0.2400000000000091,0.0016987542468856816,16.987542468856816,,
2006-12-27,1,900,959,142.44799999999998,142.58,142.438,142.59,eod,0.13200000000003342,0.000926718993527243,9.26718993527243,,
2007-01-05,-1,900,959,140.64000000000001,140.76999999999998,140.65,140.76,eod,-0.12999999999996703,-0.0009242801279770141,-9.242801279770141,,
2007-01-11,1,900,959,142.42,142.26000000000002,142.41,142.27,eod,-0.15999999999996817,-0.0011235166069796234,-11.235166069796234,,
2007-01-12,1,900,959,142.82999999999998,142.95000000000002,142.82,142.96,eod,0.12000000000003297,0.0008402184567989986,8.402184567989986,,
2007-01-23,1,900,959,142.67999999999998,142.74,142.67,142.75,eod,0.060000000000030695,0.00042055092170765194,4.20550921707652,,
2007-01-24,1,900,959,143.73999999999998,143.9,143.73,143.91,eod,0.160000000000025,0.001113198358032596,11.13198358032596,,
2007-01-25,-1,900,959,142.5,142.35999999999999,142.51,142.35,eod,0.14000000000001478,0.0009823872008982864,9.823872008982864,,
2007-01-26,-1,900,959,142.04000000000002,142.2,142.05,142.19,eod,-0.15999999999996817,-0.0011263639563531725,-11.263639563531724,,
2007-01-30,1,900,959,142.66,142.75,142.65,142.76,eod,0.09000000000000341,0.0006309148264984466,6.309148264984466,,
2007-02-01,1,900,959,144.48,144.56,144.47,144.57,eod,0.0800000000000125,0.0005537481830138611,5.537481830138611,,
2007-02-06,1,900,959,144.82,144.78,144.81,144.79,eod,-0.03999999999999204,-0.00027622401767828217,-2.7622401767828215,,
2007-02-12,-1,900,959,143.37,143.42999999999998,143.38,143.42,eod,-0.05999999999997385,-0.0004184684056351922,-4.184684056351922,,
2007-02-13,1,900,959,144.34,144.51000000000002,144.33,144.52,eod,0.17000000000001592,0.0011778563015313233,11.778563015313233,,
2007-02-14,1,900,959,145.82999999999998,145.63,145.82,145.64,eod,-0.19999999999998863,-0.001371553970648667,-13.715539706486672,,
2007-02-16,-1,900,959,145.49,145.7,145.5,145.69,eod,-0.20999999999997954,-0.0014432989690720242,-14.432989690720243,,
2007-02-21,-1,900,959,145.92000000000002,145.89999999999998,145.93,145.89,eod,0.020000000000038654,0.0001370520112385298,1.370520112385298,,
2007-02-23,-1,900,959,145.39000000000001,145.37,145.4,145.36,eod,0.020000000000010232,0.00013755158184326156,1.3755158184326155,,
2007-02-27,-1,900,959,139.97,140.01,139.98,140.0,eod,-0.03999999999999204,-0.00028575510787249637,-2.857551078724964,,
2007-02-28,1,900,959,141.01,140.92000000000002,141.0,140.93,eod,-0.08999999999997499,-0.0006382978723402481,-6.3829787234024815,,
2007-03-02,-1,900,959,139.4,138.97,139.41,138.96,eod,0.4300000000000068,0.0030844272290367035,30.844272290367034,,
2007-03-06,1,900,959,139.85999999999999,139.8,139.85,139.81,eod,-0.05999999999997385,-0.0004290311047549078,-4.2903110475490775,,
2007-03-08,1,900,959,140.59,140.54000000000002,140.58,140.55,eod,-0.04999999999998295,-0.00035566936975375547,-3.556693697537555,,
2007-03-13,-1,900,959,138.61,138.16,138.62,138.15,eod,0.45000000000001705,0.0032462848073872242,32.462848073872244,,
2007-03-14,1,900,959,138.70999999999998,139.13,138.7,139.14,eod,0.4200000000000159,0.003028118240807613,30.28118240807613,,
2007-03-15,1,900,959,139.67,139.56,139.66,139.57,eod,-0.10999999999998522,-0.0007876270943719405,-7.876270943719406,,
2007-03-19,1,900,959,140.04999999999998,140.06,140.04,140.07,eod,0.010000000000019327,7.140816909468243e-05,0.7140816909468244,,
2007-03-27,-1,900,959,142.81,142.72,142.82,142.71,eod,0.09000000000000341,0.0006301638425990996,6.301638425990997,,
2007-03-28,-1,900,959,141.67000000000002,141.54999999999998,141.68,141.54,eod,0.12000000000003297,0.0008469791078489057,8.469791078489056,,
2007-03-29,1,900,959,141.7,142.11,141.69,142.12,eod,0.410000000000025,0.0028936410473570824,28.936410473570824,,
2007-04-03,1,900,959,143.62,143.65,143.61,143.66,eod,0.030000000000001137,0.00020889910173387045,2.0889910173387047,,
2007-04-09,1,900,959,144.48999999999998,144.42000000000002,144.48,144.43,eod,-0.06999999999996476,-0.00048449612403076385,-4.844961240307638,,
2007-04-10,1,900,959,144.73,144.79000000000002,144.72,144.8,eod,0.060000000000030695,0.0004145936981759998,4.1459369817599985,,
2007-04-11,-1,900,959,143.78,143.84,143.79,143.83,eod,-0.060000000000002274,-0.0004172751929897926,-4.172751929897926,,
2007-04-13,1,900,959,145.2,145.24,145.19,145.25,eod,0.040000000000020464,0.0002755010675667778,2.755010675667778,,
2007-04-16,1,900,959,146.64,146.77,146.63,146.78,eod,0.13000000000002387,0.0008865852826844703,8.865852826844703,,
2007-04-20,1,900,959,148.2,148.46,148.19,148.47,eod,0.2600000000000193,0.0017545043525205434,17.545043525205433,,
2007-04-25,1,900,959,149.34,149.45000000000002,149.33,149.46,eod,0.11000000000001364,0.0007366235853479785,7.366235853479785,,
2007-05-02,1,900,959,149.79,149.62,149.78,149.63,eod,-0.1699999999999875,-0.0011349979970622745,-11.349979970622746,,
2007-05-03,1,900,959,150.35999999999999,150.25,150.35,150.26,eod,-0.10999999999998522,-0.000731626205520354,-7.31626205520354,,
2007-05-04,1,900,959,150.48999999999998,150.64000000000001,150.48,150.65,eod,0.1500000000000341,0.0009968102073367499,9.968102073367499,,
2007-05-07,1,900,959,151.04,150.95000000000002,151.03,150.96,eod,-0.08999999999997499,-0.0005959080977287624,-5.959080977287624,,
2007-05-08,-1,900,959,150.66,150.87,150.67,150.86,eod,-0.21000000000000796,-0.0013937744740161145,-13.937744740161145,,
2007-05-10,-1,900,959,149.83,149.34,149.84,149.33,eod,0.4900000000000091,0.003270154831820669,32.70154831820669,,
2007-05-11,1,900,959,150.32999999999998,150.8,150.32,150.81,eod,0.4700000000000273,0.0031266631186803308,31.26663118680331,,
2007-05-16,1,900,959,151.26999999999998,151.60000000000002,151.26,151.61,eod,0.3300000000000409,0.0021816739389134004,21.816739389134003,,
2007-05-18,1,900,959,152.22,152.49,152.21,152.5,eod,0.27000000000001023,0.0017738650548584864,17.738650548584864,,
2007-05-23,1,900,959,152.87,152.37,152.86,152.38,eod,-0.5,-0.003270966897814994,-32.70966897814994,,
2007-05-25,1,900,959,151.75,151.85000000000002,151.74,151.86,eod,0.10000000000002274,0.0006590220113353284,6.590220113353284,,
2007-06-01,1,900,959,153.82,153.95000000000002,153.81,153.96,eod,0.13000000000002387,0.0008451986216762491,8.451986216762492,,
2007-06-05,-1,900,959,153.16,153.45,153.17,153.44,eod,-0.28999999999999204,-0.0018933211464385459,-18.933211464385458,,
2007-06-06,-1,900,959,152.11,152.10999999999999,152.12,152.1,eod,2.842170943040401e-14,1.8683742723115964e-16,1.8683742723115965e-12,,
2007-06-08,1,900,959,150.57,151.04000000000002,150.56,151.05,eod,0.4700000000000273,0.0031216790648248356,31.216790648248356,,
2007-06-11,1,900,959,151.69,151.29000000000002,151.68,151.3,eod,-0.39999999999997726,-0.0026371308016876135,-26.371308016876135,,
2007-06-12,-1,900,959,150.70000000000002,149.67999999999998,150.71,149.67,eod,1.0200000000000387,0.006767964965828668,67.67964965828668,,
2007-06-13,1,900,959,151.62,151.94,151.61,151.95,eod,0.3199999999999932,0.002110678715124287,21.10678715124287,,
2007-06-14,1,900,959,152.79,152.70000000000002,152.78,152.71,eod,-0.08999999999997499,-0.0005890823406203364,-5.890823406203364,,
2007-06-15,1,900,959,153.26,153.04000000000002,153.25,153.05,eod,-0.21999999999997044,-0.001435562805872564,-14.35562805872564,,
2007-06-20,-1,900,959,152.20000000000002,151.01,152.21,151.0,eod,1.1900000000000261,0.007818145982524316,78.18145982524315,,
2007-06-22,-1,900,959,150.57000000000002,150.25,150.58,150.24,eod,0.3200000000000216,0.0021251162172932765,21.251162172932766,,
2007-06-25,-1,900,959,149.36,149.62,149.37,149.61,eod,-0.2599999999999909,-0.0017406440382941079,-17.406440382941078,,
2007-07-02,1,900,959,151.57999999999998,151.79000000000002,151.57,151.8,eod,0.21000000000003638,0.001385498449561499,13.854984495614989,,
2007-07-10,-1,900,959,151.49,150.91,151.5,150.9,eod,0.5800000000000125,0.003828382838283911,38.28382838283911,,
2007-07-12,1,900,959,153.81,154.72,153.8,154.73,eod,0.9099999999999966,0.00591677503250973,59.1677503250973,,
2007-07-17,1,900,959,155.41,154.86,155.4,154.87,eod,-0.549999999999983,-0.0035392535392534293,-35.39253539253429,,
2007-07-18,-1,900,959,153.77,154.59,153.78,154.58,eod,-0.8199999999999932,-0.00533229288594091,-53.322928859409096,,
2007-07-19,1,900,959,155.04,155.20000000000002,155.03,155.21,eod,0.160000000000025,0.0010320583112947495,10.320583112947496,,
2007-07-20,-1,900,959,153.88,153.34,153.89,153.33,eod,0.539999999999992,0.0035089999350184685,35.089999350184684,,
2007-07-23,1,900,959,154.38,154.05,154.37,154.06,eod,-0.3299999999999841,-0.002137721059791307,-21.37721059791307,,
2007-07-24,-1,900,959,152.01000000000002,151.13,152.02,151.12,eod,0.8800000000000239,0.005788712011577581,57.88712011577581,,
2007-07-26,-1,900,959,147.13,148.56,147.14,148.55,eod,-1.4300000000000068,-0.009718635313307102,-97.18635313307102,,
2007-07-27,-1,900,959,147.83,146.03,147.84,146.02,eod,1.8000000000000114,0.012175324675324752,121.75324675324752,,
2007-08-03,-1,900,959,145.27,143.35,145.28,143.34,eod,1.920000000000016,0.013215859030837114,132.15859030837115,,
2007-08-06,1,900,959,145.20999999999998,146.76000000000002,145.2,146.77,eod,1.5500000000000398,0.010674931129476858,106.74931129476859,,
2007-08-08,1,900,959,149.6,149.63,149.59,149.64,eod,0.030000000000001137,0.000200548164984298,2.00548164984298,,
2007-08-09,-1,900,959,146.32000000000002,145.73,146.33,145.72,eod,0.5900000000000318,0.004031982505296465,40.31982505296465,,
2007-08-10,-1,900,959,144.42000000000002,145.54999999999998,144.43,145.54,eod,-1.129999999999967,-0.007823859309007595,-78.23859309007595,,
2007-08-13,1,900,959,146.10999999999999,145.49,146.1,145.5,eod,-0.6199999999999761,-0.004243668720054594,-42.43668720054594,,
2007-08-16,-1,900,959,139.67000000000002,141.73999999999998,139.68,141.73,eod,-2.0699999999999648,-0.014819587628865726,-148.19587628865725,,
2007-08-17,1,900,959,144.13,144.73000000000002,144.12,144.74,eod,0.6000000000000227,0.004163197335553863,41.631973355538626,,
2007-08-22,1,900,959,146.01,146.65,146.0,146.66,eod,0.6400000000000148,0.004383561643835718,43.83561643835718,,
2007-08-27,-1,900,959,147.33,146.92999999999998,147.34,146.92,eod,0.4000000000000341,0.0027148092846479848,27.148092846479848,,
2007-08-28,-1,900,959,144.58,143.67,144.59,143.66,eod,0.910000000000025,0.006293657929317553,62.93657929317553,,
2007-08-29,1,900,959,145.44,146.70000000000002,145.43,146.71,eod,1.2600000000000193,0.00866396204359499,86.6396204359499,,
2007-08-30,-1,900,959,145.66,146.14999999999998,145.67,146.14,eod,-0.4899999999999807,-0.0033637674195097188,-33.63767419509719,,
2007-08-31,1,900,959,147.79999999999998,147.46,147.79,147.47,eod,-0.339999999999975,-0.0023005616076864134,-23.005616076864133,,
2007-09-04,1,900,959,149.41,149.22,149.4,149.23,eod,-0.18999999999999773,-0.0012717536813922202,-12.717536813922202,,
2007-09-05,-1,900,959,147.44,147.57,147.45,147.56,eod,-0.12999999999999545,-0.0008816547982366597,-8.816547982366597,,
2007-09-07,-1,900,959,145.54000000000002,145.85,145.55,145.84,eod,-0.30999999999997385,-0.0021298522844381577,-21.298522844381576,,
2007-09-11,1,900,959,147.35999999999999,147.63,147.35,147.64,eod,0.27000000000001023,0.0018323719036308806,18.323719036308805,,
2007-09-13,1,900,959,149.10999999999999,148.8,149.1,148.81,eod,-0.30999999999997385,-0.002079141515761059,-20.79141515761059,,
2007-09-14,-1,900,959,148.55,148.92999999999998,148.56,148.92,eod,-0.37999999999996703,-0.002557889068389654,-25.57889068389654,,
2007-09-17,-1,900,959,148.23000000000002,148.14,148.24,148.13,eod,0.09000000000003183,0.0006071235833785202,6.0712358337852015,,
2007-09-18,1,900,959,151.38,152.39000000000001,151.37,152.4,eod,1.0100000000000193,0.006672392151681438,66.72392151681439,,
2007-09-19,1,900,959,153.35,153.36,153.34,153.37,eod,0.010000000000019327,6.521455588900043e-05,0.6521455588900043,,
2007-09-20,-1,900,959,152.34,152.34,152.35,152.33,eod,-0.0,-0.0,-0.0,,
2007-09-24,-1,900,959,151.66,151.56,151.67,151.55,eod,0.09999999999999432,0.0006593261686555966,6.593261686555966,,
2007-09-26,1,900,959,151.98999999999998,152.36,151.98,152.37,eod,0.37000000000003297,0.0024345308593238125,24.345308593238126,,
2007-09-27,1,900,959,152.75,152.94,152.74,152.95,eod,0.18999999999999773,0.001243943957051183,12.43943957051183,,
2007-10-01,1,900,959,154.60999999999999,154.51000000000002,154.6,154.52,eod,-0.0999999999999659,-0.0006468305304008143,-6.468305304008143,,
2007-10-03,-1,900,959,153.69,153.81,153.7,153.8,eod,-0.12000000000000455,-0.0007807417046194181,-7.807417046194181,,
2007-10-05,1,900,959,155.98999999999998,155.59,155.98,155.6,eod,-0.39999999999997726,-0.002564431337350797,-25.64431337350797,,
2007-10-08,-1,900,959,154.91,155.2,154.92,155.19,eod,-0.28999999999999204,-0.001871933901368397,-18.719339013683967,,
2007-10-09,1,900,959,156.06,156.4,156.05,156.41,eod,0.3400000000000034,0.0021787888497276733,21.787888497276732,,
2007-10-10,-1,900,959,156.08,156.04,156.09,156.03,eod,0.040000000000020464,0.00025626241271074676,2.5626241271074677,,
2007-10-12,1,900,959,155.95999999999998,156.04000000000002,155.95,156.05,eod,0.08000000000004093,0.0005129849310679124,5.129849310679124,,
2007-10-15,-1,900,959,154.43,154.84,154.44,154.83,eod,-0.4099999999999966,-0.0026547526547526326,-26.547526547526324,,
2007-10-16,-1,900,959,153.79000000000002,153.76999999999998,153.8,153.76,eod,0.020000000000038654,0.00013003901170376237,1.3003901170376237,,
2007-10-18,-1,900,959,153.65,153.82999999999998,153.66,153.82,eod,-0.1799999999999784,-0.0011714174150720968,-11.714174150720968,,
2007-10-19,-1,900,959,150.84,149.98,150.85,149.97,eod,0.8600000000000136,0.005701027510772381,57.01027510772381,,
2007-10-23,1,900,959,151.09,151.94,151.08,151.95,eod,0.8499999999999943,0.005626158326714286,56.26158326714286,,
2007-10-24,-1,900,959,150.64000000000001,151.57,150.65,151.56,eod,-0.9299999999999784,-0.006173249253235834,-61.732492532358336,,
2007-10-26,1,900,959,153.17,153.44,153.16,153.45,eod,0.27000000000001023,0.0017628623661531094,17.628623661531094,,
2007-10-29,1,900,959,154.09,153.99,154.08,154.0,eod,-0.09999999999999432,-0.0006490134994807523,-6.490134994807523,,
2007-10-30,-1,900,959,153.54000000000002,153.07,153.55,153.06,eod,0.4700000000000273,0.003060892217518901,30.608922175189008,,
2007-10-31,1,900,959,154.95999999999998,154.79000000000002,154.95,154.8,eod,-0.16999999999995907,-0.0010971281058403297,-10.971281058403298,,
2007-11-01,-1,900,959,152.37,150.79,152.38,150.78,eod,1.5800000000000125,0.010368814805092615,103.68814805092615,,
2007-11-02,-1,900,959,149.79000000000002,151.13,149.8,151.12,eod,-1.339999999999975,-0.00894526034712934,-89.45260347129339,,
2007-11-05,-1,900,959,149.55,150.2,149.56,150.19,eod,-0.6499999999999773,-0.0043460818400640365,-43.46081840064036,,
2007-11-06,1,900,959,151.06,152.08,151.05,152.09,eod,1.0200000000000102,0.006752730883813374,67.52730883813375,,
2007-11-07,-1,900,959,149.10000000000002,147.59,149.11,147.58,eod,1.5100000000000193,0.010126752062236061,101.2675206223606,,
2007-11-09,-1,900,959,146.9,145.28,146.91,145.27,eod,1.6200000000000045,0.011027159485399255,110.27159485399255,,
2007-11-12,1,900,959,145.79,143.98000000000002,145.78,143.99,eod,-1.8099999999999739,-0.012415969268760967,-124.15969268760968,,
2007-11-13,1,900,959,147.01999999999998,148.19,147.01,148.2,eod,1.170000000000016,0.007958642269233495,79.58642269233495,,
2007-11-15,-1,900,959,145.20000000000002,145.35999999999999,145.21,145.35,eod,-0.15999999999996817,-0.0011018524894977491,-11.018524894977492,,
2007-11-19,-1,900,959,144.03,143.54999999999998,144.04,143.54,eod,0.4800000000000182,0.003332407664537755,33.32407664537755,,
2007-11-21,-1,900,959,143.69,141.82,143.7,141.81,eod,1.8700000000000045,0.013013221990257513,130.13221990257514,,
2007-11-27,1,900,959,141.73,143.08,141.72,143.09,eod,1.3500000000000227,0.009525825571549695,95.25825571549694,,
2007-11-28,1,900,959,146.92999999999998,147.24,146.92,147.25,eod,0.3100000000000307,0.0021099918322898905,21.099918322898905,,
2007-11-30,1,900,959,148.16,148.43,148.15,148.44,eod,0.27000000000001023,0.0018224772190348312,18.22477219034831,,
2007-12-03,-1,900,959,147.74,147.56,147.75,147.55,eod,0.18000000000000682,0.001218274111675173,12.182741116751732,,
2007-12-04,-1,900,959,147.01000000000002,146.57,147.02,146.56,eod,0.44000000000002615,0.002992790096585676,29.92790096585676,,
2007-12-05,1,900,959,148.1,148.85000000000002,148.09,148.86,eod,0.7500000000000284,0.005064487811466192,50.64487811466192,,
2007-12-06,1,900,959,150.41,151.10000000000002,150.4,151.11,eod,0.6900000000000261,0.0045877659574469825,45.877659574469824,,
2007-12-10,1,900,959,151.66,152.02,151.65,152.03,eod,0.36000000000001364,0.0023738872403561728,23.73887240356173,,
2007-12-12,1,900,959,148.98,149.15,148.97,149.16,eod,0.17000000000001592,0.0011411693629590919,11.411693629590918,,
2007-12-13,-1,900,959,148.31,149.32,148.32,149.31,eod,-1.009999999999991,-0.006809600862998861,-68.0960086299886,,
2007-12-14,-1,900,959,147.63,147.19,147.64,147.18,eod,0.4399999999999977,0.002980222162015699,29.80222162015699,,
2007-12-17,-1,900,959,145.36,145.07999999999998,145.37,145.07,eod,0.28000000000002956,0.0019261195569927052,19.261195569927054,,
2007-12-18,1,900,959,145.81,145.81,145.8,145.82,eod,0.0,0.0,0.0,,
2007-12-19,1,900,959,146.16,145.61,146.15,145.62,eod,-0.549999999999983,-0.003763256927813773,-37.63256927813773,,
2007-12-20,1,900,959,146.34,146.52,146.33,146.53,eod,0.18000000000000682,0.0012300963575480545,12.300963575480544,,
2007-12-21,1,900,959,148.01999999999998,148.18,148.01,148.19,eod,0.160000000000025,0.0010810080399974665,10.810080399974666,,
2007-12-27,-1,900,959,148.03,147.53,148.04,147.52,eod,0.5,0.0033774655498513915,33.774655498513916,,
2007-12-31,-1,900,959,147.15,146.42999999999998,147.16,146.42,eod,0.7200000000000273,0.004892633867899071,48.92633867899071,,
2008-01-03,1,900,959,144.79,144.45000000000002,144.78,144.46,eod,-0.339999999999975,-0.0023483906616934315,-23.483906616934316,,
2008-01-04,-1,900,959,141.47,140.94,141.48,140.93,eod,0.5300000000000011,0.0037461125247384873,37.46112524738487,,
2008-01-09,1,900,959,139.17,140.77,139.16,140.78,eod,1.6000000000000227,0.011497556769186712,114.97556769186711,,
2008-01-11,-1,900,959,140.18,140.01999999999998,140.19,140.01,eod,0.160000000000025,0.0011413082245525716,11.413082245525716,,
2008-01-14,1,900,959,141.48999999999998,141.45000000000002,141.48,141.46,eod,-0.03999999999996362,-0.0002827254735649111,-2.827254735649111,,
2008-01-15,-1,900,959,138.21,137.95999999999998,138.22,137.95,eod,0.2500000000000284,0.0018087107509769094,18.087107509769094,,
2008-01-22,-1,900,959,130.84,131.03,130.85,131.02,eod,-0.18999999999999773,-0.0014520443255636051,-14.520443255636051,,
2008-01-23,-1,900,959,130.10000000000002,133.82,130.11,133.81,eod,-3.7199999999999704,-0.028591192068249713,-285.9119206824971,,
2008-01-24,1,900,959,134.39,134.99,134.38,135.0,eod,0.6000000000000227,0.004464950141390257,44.64950141390257,,
2008-02-01,1,900,959,139.17999999999998,139.44,139.17,139.45,eod,0.2600000000000193,0.0018682187253001319,18.68218725300132,,
2008-02-04,-1,900,959,138.21,138.01,138.22,138.0,eod,0.20000000000001705,0.0014469686007814865,14.469686007814865,,
2008-02-05,-1,900,959,134.47,133.70999999999998,134.48,133.7,eod,0.7600000000000193,0.005651397977394552,56.51397977394552,,
2008-02-12,1,900,959,135.76999999999998,134.93,135.76,134.94,eod,-0.839999999999975,-0.006187389510901407,-61.87389510901407,,
2008-02-13,1,900,959,136.54,136.70000000000002,136.53,136.71,eod,0.160000000000025,0.0011719036109281843,11.719036109281843,,
2008-02-15,-1,900,959,134.42000000000002,135.07,134.43,135.06,eod,-0.6499999999999773,-0.004835230231347,-48.35230231347,,
2008-02-28,-1,900,959,137.62,137.0,137.63,136.99,eod,0.6200000000000045,0.004504831795393479,45.04831795393479,,
2008-02-29,-1,900,959,133.8,133.23999999999998,133.81,133.23,eod,0.5600000000000307,0.004185038487407747,41.85038487407747,,
2008-03-03,-1,900,959,132.34,133.42,132.35,133.41,eod,-1.079999999999984,-0.008160181337362933,-81.60181337362934,,
2008-03-04,-1,900,959,131.83,132.92999999999998,131.84,132.92,eod,-1.099999999999966,-0.008343446601941489,-83.43446601941488,,
2008-03-05,1,900,959,133.35,133.69,133.34,133.7,eod,0.3400000000000034,0.002549872506374707,25.498725063747067,,
2008-03-06,-1,900,959,131.72,130.82999999999998,131.73,130.82,eod,0.8900000000000148,0.006756243832080884,67.56243832080884,,
2008-03-11,1,900,959,131.28,132.38,131.27,132.39,eod,1.0999999999999943,0.008379675478022352,83.79675478022352,,
2008-03-14,-1,900,959,128.49,129.26,128.5,129.25,eod,-0.7699999999999818,-0.005992217898832543,-59.922178988325435,,
2008-03-17,-1,900,959,127.96,127.91000000000001,127.97,127.9,eod,0.04999999999998295,0.00039071657419694416,3.9071657419694414,,
2008-03-18,1,900,959,132.51,133.31,132.5,133.32,eod,0.8000000000000114,0.006037735849056689,60.37735849056689,,
2008-03-24,1,900,959,134.98,134.76000000000002,134.97,134.77,eod,-0.21999999999997044,-0.0016299918500405307,-16.299918500405308,,
2008-03-26,-1,900,959,134.55,133.84,134.56,133.83,eod,0.710000000000008,0.005276456599286623,52.764565992866224,,
2008-03-31,1,900,959,132.04999999999998,131.93,132.04,131.94,eod,-0.11999999999997613,-0.0009088155104511976,-9.088155104511976,,
2008-04-01,1,900,959,136.03,136.8,136.02,136.81,eod,0.7700000000000102,0.005660932215850685,56.60932215850685,,
2008-04-08,-1,900,959,136.56,136.47,136.57,136.46,eod,0.09000000000000341,0.0006590027092333852,6.590027092333853,,
2008-04-09,-1,900,959,135.05,135.39999999999998,135.06,135.39,eod,-0.3499999999999659,-0.0025914408411074033,-25.91440841107403,,
2008-04-11,-1,900,959,133.59,133.29,133.6,133.28,eod,0.30000000000001137,0.0022455089820360135,22.455089820360136,,
2008-04-16,1,900,959,135.73999999999998,136.21,135.73,136.22,eod,0.4700000000000273,0.003462756943933009,34.62756943933009,,
2008-04-18,1,900,959,139.01,138.92000000000002,139.0,138.93,eod,-0.08999999999997499,-0.0006474820143883092,-6.474820143883092,,
2008-04-21,-1,900,959,138.48000000000002,138.79999999999998,138.49,138.79,eod,-0.31999999999996476,-0.00231063614701397,-23.1063614701397,,
2008-04-22,-1,900,959,137.10000000000002,137.7,137.11,137.69,eod,-0.5999999999999659,-0.004376048428269024,-43.76048428269024,,
2008-05-01,1,900,959,140.63,140.93,140.62,140.94,eod,0.30000000000001137,0.0021334091878823166,21.334091878823166,,
2008-05-08,1,900,959,139.54,139.83,139.53,139.84,eod,0.29000000000002046,0.002078406077546194,20.78406077546194,,
2008-05-09,-1,900,959,138.77,138.94,138.78,138.93,eod,-0.1699999999999875,-0.0012249603689291504,-12.249603689291504,,
2008-05-14,1,900,959,141.84,140.95000000000002,141.83,140.96,eod,-0.8899999999999864,-0.006275118099132668,-62.75118099132668,,
2008-05-15,1,900,959,141.92,142.54000000000002,141.91,142.55,eod,0.620000000000033,0.004368966246212621,43.68966246212621,,
2008-05-19,1,900,959,143.25,142.82000000000002,143.24,142.83,eod,-0.4299999999999784,-0.003001954761239726,-30.01954761239726,,
2008-05-20,-1,900,959,141.21,141.64999999999998,141.22,141.64,eod,-0.4399999999999693,-0.003115705990652665,-31.157059906526648,,
2008-05-23,-1,900,959,138.09,137.88,138.1,137.87,eod,0.21000000000000796,0.001520637219406285,15.206372194062851,,
2008-05-27,1,900,959,138.73999999999998,138.73000000000002,138.73,138.74,eod,-0.009999999999962483,-7.2082462336643e-05,-0.72082462336643,,
2008-05-30,1,900,959,140.59,140.10000000000002,140.58,140.11,eod,-0.4899999999999807,-0.0034855598235878547,-34.855598235878546,,
2008-06-02,-1,900,959,138.36,138.84,138.37,138.83,eod,-0.47999999999998977,-0.003468960034689526,-34.68960034689526,,
2008-06-05,1,900,959,140.13,140.63,140.12,140.64,eod,0.5,0.003568369968598344,35.68369968598344,,
2008-06-06,-1,900,959,137.18,136.39,137.19,136.38,eod,0.7900000000000205,0.005758437203877983,57.58437203877983,,
2008-06-10,-1,900,959,136.37,136.14999999999998,136.38,136.14,eod,0.22000000000002728,0.001613139756562746,16.13139756562746,,
2008-06-11,-1,900,959,134.55,133.97,134.56,133.96,eod,0.5800000000000125,0.0043103448275863,43.103448275862995,,
2008-06-12,1,900,959,134.51999999999998,134.43,134.51,134.44,eod,-0.08999999999997499,-0.0006690952345548657,-6.6909523455486575,,
2008-06-13,1,900,959,135.70999999999998,136.39000000000001,135.7,136.4,eod,0.6800000000000352,0.00501105379513659,50.1105379513659,,
2008-06-18,-1,900,959,134.4,134.34,134.41,134.33,eod,0.060000000000002274,0.00044639535748829904,4.46395357488299,,
2008-06-20,-1,900,959,131.28,131.6,131.29,131.59,eod,-0.3199999999999932,-0.0024373524259272846,-24.373524259272845,,
2008-06-25,1,900,959,132.84,131.99,132.83,132.0,eod,-0.8499999999999943,-0.006399156816984072,-63.99156816984072,,
2008-06-26,-1,900,959,128.57000000000002,128.22,128.58,128.21,eod,0.35000000000002274,0.002722040752838876,27.220407528388762,,
2008-07-11,-1,900,959,124.89,124.03,124.9,124.02,eod,0.8599999999999994,0.006885508406725376,68.85508406725376,,
2008-07-16,1,900,959,123.67,124.46,123.66,124.47,eod,0.789999999999992,0.006388484554423355,63.88484554423355,,
2008-07-17,1,900,959,125.41000000000001,125.89999999999999,125.4,125.91,eod,0.4899999999999807,0.003907496012759016,39.07496012759016,,
2008-07-18,-1,900,959,125.47999999999999,125.93,125.49,125.92,eod,-0.45000000000001705,-0.0035859431030362343,-35.859431030362344,,
2008-07-24,-1,900,959,126.08999999999999,125.44000000000001,126.1,125.43,eod,0.6499999999999773,0.0051546391752575514,51.546391752575516,,
2008-07-25,1,900,959,125.85000000000001,125.69999999999999,125.84,125.71,eod,-0.1500000000000199,-0.0011919898283536227,-11.919898283536227,,
2008-07-29,1,900,959,125.43,126.25999999999999,125.42,126.27,eod,0.8299999999999841,0.006617764311911849,66.17764311911849,,
2008-07-30,1,900,959,127.47,128.44,127.46,128.45,eod,0.9699999999999989,0.0076102306605993954,76.10230660599396,,
2008-07-31,-1,900,959,128.03,126.85000000000001,128.04,126.84,eod,1.1799999999999926,0.00921587004061225,92.1587004061225,,
2008-08-01,-1,900,959,126.22,126.12,126.23,126.11,eod,0.09999999999999432,0.0007922047056959068,7.922047056959068,,
2008-08-05,1,900,959,127.81,128.41,127.8,128.42,eod,0.5999999999999943,0.00469483568075113,46.948356807511296,,
2008-08-07,-1,900,959,127.42999999999999,126.89,127.44,126.88,eod,0.539999999999992,0.004237288135593158,42.372881355931575,,
2008-08-08,1,900,959,129.60999999999999,129.61,129.6,129.62,eod,2.842170943040401e-14,2.1930331350620377e-16,2.1930331350620376e-12,,
2008-08-12,-1,900,959,129.51000000000002,129.26,129.52,129.25,eod,0.2500000000000284,0.001930203829524617,19.30203829524617,,
2008-08-15,1,900,959,129.82999999999998,130.04000000000002,129.82,130.05,eod,0.21000000000003638,0.0016176244030198458,16.176244030198458,,
2008-08-18,-1,900,959,128.12,128.26,128.13,128.25,eod,-0.13999999999998636,-0.0010926402872081977,-10.926402872081978,,
2008-08-19,-1,900,959,126.92,127.03,126.93,127.02,eod,-0.10999999999999943,-0.0008666193965177611,-8.66619396517761,,
2008-08-22,1,900,959,129.2,129.51000000000002,129.19,129.52,eod,0.3100000000000307,0.002399566529917414,23.99566529917414,,
2008-08-25,-1,900,959,127.08,127.09,127.09,127.08,eod,-0.010000000000005116,-7.868439688413814e-05,-0.7868439688413814,,
2008-08-28,1,900,959,130.07,130.29000000000002,130.06,130.3,eod,0.22000000000002728,0.0016915269875444202,16.915269875444203,,
2008-08-29,-1,900,959,129.37,128.7,129.38,128.69,eod,0.6700000000000159,0.005178543824393383,51.78543824393383,,
2008-09-04,-1,900,959,124.58999999999999,124.09,124.6,124.08,eod,0.4999999999999858,0.004012841091492663,40.128410914926626,,
2008-09-08,1,900,959,126.03,127.24,126.02,127.25,eod,1.2099999999999937,0.009601650531661591,96.0165053166159,,
2008-09-10,1,900,959,124.30000000000001,123.58999999999999,124.29,123.6,eod,-0.7100000000000222,-0.0057124466972405035,-57.12446697240504,,
2008-09-15,-1,900,959,121.77,120.35000000000001,121.78,120.34,eod,1.4199999999999875,0.011660371161110097,116.60371161110096,,
2008-09-17,-1,900,959,118.58,116.31,118.59,116.3,eod,2.269999999999996,0.01914158023442108,191.41580234421082,,
2008-09-18,1,900,959,117.36,120.58,117.35,120.59,eod,3.219999999999999,0.02743928419258627,274.3928419258627,,
2008-09-19,1,900,959,124.84,125.03,124.83,125.04,eod,0.18999999999999773,0.0015220700152206819,15.220700152206819,,
2008-09-22,-1,900,959,122.05,120.61,122.06,120.6,eod,1.4399999999999977,0.011797476650827443,117.97476650827443,,
2008-09-25,1,900,959,121.10000000000001,121.0,121.09,121.01,eod,-0.10000000000000853,-0.0008258320257660296,-8.258320257660296,,
2008-09-26,-1,900,959,119.72999999999999,121.37,119.74,121.36,eod,-1.6400000000000148,-0.013696342074494862,-136.96342074494862,,
2008-09-29,-1,900,959,113.19,112.84,113.2,112.83,eod,0.3499999999999943,0.003091872791519384,30.91872791519384,,
2008-10-01,-1,900,959,116.0,116.0,116.01,115.99,eod,-0.0,-0.0,-0.0,,
2008-10-02,-1,900,959,112.30999999999999,111.31,112.32,111.3,eod,0.9999999999999858,0.008903133903133777,89.03133903133777,,
2008-10-03,1,900,959,112.21000000000001,109.96,112.2,109.97,eod,-2.250000000000014,-0.020053475935829002,-200.53475935829002,,
2008-10-06,-1,900,959,101.92999999999999,106.28,101.94,106.27,eod,-4.3500000000000085,-0.04267216009417313,-426.7216009417313,,
2008-10-08,1,900,959,101.21000000000001,98.39,101.2,98.4,eod,-2.8200000000000074,-0.027865612648221415,-278.6561264822142,,
2008-10-10,-1,900,959,85.17999999999999,90.47,85.19,90.46,eod,-5.290000000000006,-0.062096490198380164,-620.9649019838016,,
2008-10-13,1,900,959,96.72,100.85,96.71,100.86,eod,4.1299999999999955,0.04270499431289418,427.0499431289418,,
2008-10-15,-1,900,959,93.47,90.72,93.48,90.71,eod,2.75,0.02941805733846812,294.18057338468117,,
2008-10-20,1,900,959,96.95,98.46,96.94,98.47,eod,1.509999999999991,0.01557664534763762,155.7664534763762,,
2008-10-22,-1,900,959,90.89,89.89,90.9,89.88,eod,1.0,0.011001100110011,110.01100110011001,,
2008-10-24,-1,900,959,88.71,87.64,88.72,87.63,eod,1.0699999999999932,0.012060414788097308,120.60414788097309,,
2008-10-28,1,900,959,89.63000000000001,93.99,89.62,94.0,eod,4.359999999999985,0.048649854943092895,486.49854943092896,,
2008-10-30,1,900,959,95.24000000000001,95.46,95.23,95.47,eod,0.21999999999998465,0.0023101963666910075,23.101963666910073,,
2008-11-04,1,900,959,99.23,100.39,99.22,100.4,eod,1.1599999999999966,0.011691191292078176,116.91191292078176,,
2008-11-05,-1,900,959,97.35,95.45,97.36,95.44,eod,1.8999999999999915,0.01951520131470821,195.1520131470821,,
2008-11-06,-1,900,959,91.69999999999999,90.66000000000001,91.71,90.65,eod,1.0399999999999778,0.01134009377385212,113.40093773852121,,
2008-11-07,1,900,959,91.77000000000001,93.19999999999999,91.76,93.21,eod,1.4299999999999784,0.015584132519616154,155.84132519616153,,
2008-11-11,-1,900,959,89.97,90.11,89.98,90.1,eod,-0.14000000000000057,-0.0015559013114025402,-15.559013114025403,,
2008-11-12,-1,900,959,86.28999999999999,85.69000000000001,86.3,85.68,eod,0.5999999999999801,0.006952491309385633,69.52491309385633,,
2008-11-17,-1,900,959,86.78,85.4,86.79,85.39,eod,1.3799999999999955,0.015900449360525353,159.00449360525354,,
2008-11-19,-1,900,959,83.78999999999999,81.14,83.8,81.13,eod,2.6499999999999915,0.03162291169451064,316.2291169451064,,
2008-11-20,-1,900,959,78.71,75.76,78.72,75.75,eod,2.9499999999999886,0.037474593495934815,374.7459349593481,,
2008-11-24,1,900,959,84.57000000000001,84.92999999999999,84.56,84.94,eod,0.3599999999999852,0.0042573320719014335,42.57332071901433,,
2008-11-25,1,900,959,85.78,86.03999999999999,85.77,86.05,eod,0.2599999999999909,0.003031362947417406,30.31362947417406,,
2008-12-01,-1,900,959,84.82,82.10000000000001,84.83,82.09,eod,2.7199999999999847,0.03206412825651284,320.64128256512845,,
2008-12-08,1,900,959,91.97,91.24,91.96,91.25,eod,-0.730000000000004,-0.007938234014789082,-79.38234014789082,,
2008-12-09,-1,900,959,90.08,89.41000000000001,90.09,89.4,eod,0.6699999999999875,0.007437007437007298,74.37007437007298,,
2008-12-15,-1,900,959,86.75,87.51,86.76,87.5,eod,-0.7600000000000051,-0.00875979714153994,-87.59797141539939,,
2008-12-16,1,900,959,90.28,91.83,90.27,91.84,eod,1.5499999999999972,0.017170710091946352,171.70710091946353,,
2008-12-22,-1,900,959,86.07,86.96000000000001,86.08,86.95,eod,-0.8900000000000148,-0.01033921933085519,-103.39219330855191,,
2008-12-26,1,900,959,86.96000000000001,87.11999999999999,86.95,87.13,eod,0.15999999999998238,0.0018401380103505735,18.401380103505737,,
2008-12-30,1,900,959,88.04,88.89,88.03,88.9,eod,0.8499999999999943,0.00965579915937742,96.5579915937742,,
2008-12-31,1,900,959,90.48,90.22999999999999,90.47,90.24,eod,-0.2500000000000142,-0.0027633469658451884,-27.633469658451883,,
2009-01-05,-1,900,959,92.55999999999999,92.81,92.57,92.8,eod,-0.2500000000000142,-0.0027006589607865856,-27.006589607865855,,
2009-01-06,1,900,959,94.17,93.42999999999999,94.16,93.44,eod,-0.7400000000000091,-0.007858963466440199,-78.58963466440198,,
2009-01-07,-1,900,959,90.58999999999999,90.71000000000001,90.6,90.7,eod,-0.12000000000001876,-0.0013245033112584852,-13.245033112584853,,
2009-01-09,-1,900,959,89.92999999999999,89.02000000000001,89.94,89.01,eod,0.9099999999999824,0.0101178563486767,101.178563486767,,
2009-01-12,-1,900,959,86.86,87.01,86.87,87.0,eod,-0.15000000000000568,-0.0017267180844941369,-17.267180844941368,,
2009-01-14,-1,900,959,84.57,84.36,84.58,84.35,eod,0.20999999999999375,0.002482856467249867,24.828564672498672,,
2009-01-16,1,900,959,84.98,84.97,84.97,84.98,eod,-0.010000000000005116,-0.00011768859597511023,-1.1768859597511023,,
2009-01-20,-1,900,959,81.47,80.63000000000001,81.48,80.62,eod,0.8399999999999892,0.01030927835051533,103.0927835051533,,
2009-01-21,1,900,959,82.94000000000001,84.03,82.93,84.04,eod,1.0899999999999892,0.013143615097069686,131.43615097069687,,
2009-01-22,-1,900,959,83.21,82.79,83.22,82.78,eod,0.4199999999999875,0.005046863734679013,50.46863734679013,,
2009-01-26,1,900,959,83.75,83.69,83.74,83.7,eod,-0.060000000000002274,-0.0007165034631000988,-7.165034631000988,,
2009-01-27,1,900,959,84.71000000000001,84.57,84.7,84.58,eod,-0.14000000000001478,-0.0016528925619836456,-16.528925619836457,,
2009-01-28,1,900,959,87.59,87.42,87.58,87.43,eod,-0.1700000000000017,-0.0019410824389130134,-19.410824389130134,,
2009-01-29,-1,900,959,85.07,84.58,85.08,84.57,eod,0.4899999999999949,0.005759285378467265,57.59285378467265,,
2009-01-30,-1,900,959,83.11,82.7,83.12,82.69,eod,0.4099999999999966,0.004932627526467716,49.32627526467716,,
2009-02-02,-1,900,959,81.8,82.60000000000001,81.81,82.59,eod,-0.8000000000000114,-0.009778755653343251,-97.78755653343251,,
2009-02-06,1,900,959,86.87,86.94999999999999,86.86,86.96,eod,0.07999999999998408,0.0009210223347914354,9.210223347914354,,
2009-02-10,-1,900,959,82.83,82.97,82.84,82.96,eod,-0.14000000000000057,-0.0016900048285852314,-16.900048285852314,,
2009-02-11,1,900,959,83.74000000000001,83.66,83.73,83.67,eod,-0.0800000000000125,-0.0009554520482504777,-9.554520482504778,,
2009-02-12,-1,900,959,81.33999999999999,83.7,81.35,83.69,eod,-2.3600000000000136,-0.029010448678549648,-290.1044867854965,,
2009-02-17,-1,900,959,79.64999999999999,79.23,79.66,79.22,eod,0.4199999999999875,0.005272407732864518,52.72407732864518,,
2009-02-20,-1,900,959,77.72,77.42,77.73,77.41,eod,0.29999999999999716,0.0038595137012736027,38.595137012736025,,
2009-02-24,1,900,959,77.27000000000001,77.55999999999999,77.26,77.57,eod,0.28999999999997783,0.0037535594097848537,37.53559409784854,,
2009-02-25,-1,900,959,77.22,76.86,77.23,76.85,eod,0.35999999999999943,0.004661401009970211,46.614010099702114,,
2009-02-27,-1,900,959,75.05,73.98,75.06,73.97,eod,1.0699999999999932,0.014255262456701214,142.55262456701215,,
2009-03-02,-1,900,959,71.11,70.59,71.12,70.58,eod,0.519999999999996,0.007311586051743476,73.11586051743475,,
2009-03-03,1,900,959,71.27000000000001,70.03,71.26,70.04,eod,-1.240000000000009,-0.017401066516980198,-174.01066516980197,,
2009-03-04,1,900,959,72.42,71.72,72.41,71.73,eod,-0.7000000000000028,-0.009667173042397498,-96.67173042397498,,
2009-03-05,-1,900,959,68.67999999999999,68.78,68.69,68.77,eod,-0.10000000000000853,-0.001455815984859638,-14.558159848596379,,
2009-03-10,1,900,959,71.84,72.22,71.83,72.23,eod,0.37999999999999545,0.005290268689962348,52.90268689962348,,
2009-03-16,1,900,959,76.91000000000001,75.92,76.9,75.93,eod,-0.9900000000000091,-0.012873862158647711,-128.7386215864771,,
2009-03-19,-1,900,959,78.97,78.9,78.98,78.89,eod,0.06999999999999318,0.0008863003291971788,8.863003291971788,,
2009-03-20,-1,900,959,76.89999999999999,76.72,76.91,76.71,eod,0.1799999999999926,0.0023403978676374026,23.403978676374027,,
2009-03-23,1,900,959,80.92,82.25999999999999,80.91,82.27,eod,1.3399999999999892,0.016561611667284506,165.61611667284507,,
2009-03-24,-1,900,959,81.61,80.62,81.62,80.61,eod,0.9899999999999949,0.012129380053908293,121.29380053908294,,
2009-03-26,1,900,959,82.0901,83.16,82.0801,83.17,eod,1.0698999999999899,0.01303482817394216,130.3482817394216,,
2009-03-27,-1,900,959,81.97999999999999,81.63000000000001,81.99,81.62,eod,0.3499999999999801,0.004268813269910722,42.68813269910722,,
2009-03-30,-1,900,959,77.97999999999999,78.81,77.99,78.8,eod,-0.8300000000000125,-0.010642390050006572,-106.42390050006571,,
2009-03-31,1,900,959,80.82000000000001,79.49,80.81,79.5,eod,-1.3300000000000125,-0.016458359113971196,-164.58359113971196,,
2009-04-02,1,900,959,84.04,83.39999999999999,84.03,83.41,eod,-0.6400000000000148,-0.007616327502082765,-76.16327502082765,,
2009-04-06,-1,900,959,82.99,83.52000000000001,83.0,83.51,eod,-0.5300000000000153,-0.006385542168674884,-63.85542168674884,,
2009-04-07,-1,900,959,81.83,81.57000000000001,81.84,81.56,eod,0.2599999999999909,0.0031769305962853238,31.769305962853238,,
2009-04-08,1,900,959,82.01,82.53,82.0,82.54,eod,0.519999999999996,0.006341463414634098,63.41463414634098,,
2009-04-09,1,900,959,85.32000000000001,85.80999999999999,85.31,85.82,eod,0.4899999999999807,0.0057437580588439886,57.437580588439886,,
2009-04-13,-1,900,959,85.53999999999999,85.86,85.55,85.85,eod,-0.3200000000000074,-0.0037405026300409983,-37.405026300409986,,
2009-04-14,-1,900,959,84.68499999999999,84.32000000000001,84.695,84.31,eod,0.3649999999999807,0.004309581439281902,43.09581439281902,,
2009-04-20,-1,900,959,83.55,83.42,83.56,83.41,eod,0.12999999999999545,0.0015557683101962117,15.557683101962118,,
2009-04-24,1,900,959,87.08,86.64,87.07,86.65,eod,-0.4399999999999977,-0.0050534053060755455,-50.534053060755454,,
2009-04-27,-1,900,959,85.94999999999999,85.86,85.96,85.85,eod,0.0899999999999892,0.0010469986040017357,10.469986040017357,,
2009-04-29,1,900,959,87.84,87.42999999999999,87.83,87.44,eod,-0.4100000000000108,-0.004668108846635669,-46.68108846635669,,
2009-04-30,1,900,959,87.84,87.42999999999999,87.83,87.44,eod,-0.4100000000000108,-0.004668108846635669,-46.68108846635669,,
2009-05-04,1,900,959,90.07000000000001,90.92,90.06,90.93,eod,0.8499999999999943,0.00943815234288246,94.38152342882461,,
2009-05-05,-1,900,959,90.05,90.52000000000001,90.06,90.51,eod,-0.4700000000000131,-0.005218743060182246,-52.18743060182246,,
2009-05-06,1,900,959,91.97,92.13,91.96,92.14,eod,0.1599999999999966,0.0017398869073509853,17.398869073509854,,
2009-05-08,1,900,959,93.02000000000001,93.02,93.01,93.03,eod,-1.4210854715202004e-14,-1.5278846054404906e-16,-1.5278846054404907e-12,,
2009-05-11,-1,900,959,91.72999999999999,91.2,91.74,91.19,eod,0.5299999999999869,0.005777196424678297,57.77196424678297,,
2009-05-13,-1,900,959,89.07,88.71000000000001,89.08,88.7,eod,0.3599999999999852,0.004041311180960768,40.41311180960768,,
2009-05-18,1,900,959,90.8199,91.24,90.8099,91.25,eod,0.4200999999999908,0.00462614758963495,46.2614758963495,,
2009-05-20,1,900,959,91.69000000000001,90.55999999999999,91.68,90.57,eod,-1.1300000000000239,-0.01232547993019223,-123.2547993019223,,
2009-05-21,-1,900,959,88.5,89.21000000000001,88.51,89.2,eod,-0.710000000000008,-0.008021692464128436,-80.21692464128435,,
2009-05-26,1,900,959,91.13000000000001,91.30999999999999,91.12,91.32,eod,0.1799999999999784,0.0019754170324843986,19.754170324843987,,
2009-05-28,1,900,959,91.12,90.94,91.11,90.95,eod,-0.18000000000000682,-0.0019756338491933576,-19.756338491933576,,
2009-06-01,1,900,959,94.79,94.75999999999999,94.78,94.77,eod,-0.030000000000015348,-0.0003165224730957517,-3.165224730957517,,
2009-06-03,-1,900,959,93.1,93.66000000000001,93.11,93.65,eod,-0.5600000000000165,-0.006014391579851965,-60.14391579851965,,
2009-06-08,-1,900,959,93.61,94.32000000000001,93.62,94.31,eod,-0.710000000000008,-0.007583849604785387,-75.83849604785387,,
2009-06-11,1,900,959,95.75,94.86999999999999,95.74,94.88,eod,-0.8800000000000097,-0.009191560476290054,-91.91560476290054,,
2009-06-15,-1,900,959,92.58999999999999,92.87,92.6,92.86,eod,-0.28000000000001535,-0.003023758099352218,-30.23758099352218,,
2009-06-18,1,900,959,92.48,92.17,92.47,92.18,eod,-0.3100000000000023,-0.0033524386287444824,-33.52438628744483,,
2009-06-22,-1,900,959,89.78,89.27000000000001,89.79,89.26,eod,0.5099999999999909,0.005679919812896657,56.79919812896657,,
2009-06-23,1,900,959,89.48,89.42,89.47,89.43,eod,-0.060000000000002274,-0.0006706158488879208,-6.7061584888792085,,
2009-06-24,1,900,959,90.15,90.1,90.14,90.11,eod,-0.05000000000001137,-0.0005546927002441909,-5.546927002441909,,
2009-06-25,1,900,959,91.68,92.02,91.67,92.03,eod,0.3399999999999892,0.003708956037962138,37.08956037962138,,
2009-07-01,1,900,959,92.64,92.33,92.63,92.34,eod,-0.3100000000000023,-0.003346647954226517,-33.46647954226517,,
2009-07-02,-1,900,959,90.22,89.83,90.23,89.82,eod,0.39000000000000057,0.004322287487531869,43.222874875318695,,
2009-07-06,-1,900,959,89.42999999999999,89.91000000000001,89.44,89.9,eod,-0.4800000000000182,-0.0053667262969590585,-53.66726296959059,,
2009-07-07,-1,900,959,88.6002,88.11,88.6102,88.1,eod,0.4902000000000015,0.005532094499278881,55.32094499278881,,
2009-07-09,1,900,959,88.57000000000001,88.22,88.56,88.23,eod,-0.3500000000000085,-0.003952122854561975,-39.52122854561975,,
2009-07-10,-1,900,959,87.72999999999999,87.95,87.74,87.94,eod,-0.22000000000001307,-0.002507408251652759,-25.07408251652759,,
2009-07-15,1,900,959,93.3601,93.32,93.3501,93.33,eod,-0.04010000000000957,-0.00042956568873530476,-4.295656887353047,,
2009-07-20,1,900,959,94.75,95.11999999999999,94.74,95.13,eod,0.36999999999999034,0.00390542537470963,39.054253747096304,,
2009-07-23,1,900,959,97.9,97.67,97.89,97.68,eod,-0.23000000000000398,-0.002349576054755378,-23.495760547553783,,
2009-07-29,-1,900,959,97.03,97.6683,97.04,97.6583,eod,-0.638300000000001,-0.006577699917559779,-65.7769991755978,,
2009-07-30,1,900,959,99.4,98.69999999999999,99.39,98.71,eod,-0.700000000000017,-0.007042962068618745,-70.42962068618745,,
2009-07-31,1,900,959,99.0,98.82,98.99,98.83,eod,-0.18000000000000682,-0.0018183654914638533,-18.183654914638534,,
2009-08-03,1,900,959,100.21000000000001,100.38,100.2,100.39,eod,0.1699999999999875,0.0016966067864270208,16.966067864270208,,
2009-08-06,-1,900,959,99.63,99.89,99.64,99.88,eod,-0.2600000000000051,-0.002609393817743929,-26.09393817743929,,
2009-08-07,1,900,959,101.65,101.17999999999999,101.64,101.19,eod,-0.4700000000000131,-0.004624163715072935,-46.241637150729346,,
2009-08-10,-1,900,959,100.58999999999999,100.97,100.6,100.96,eod,-0.38000000000000966,-0.0037773359840955235,-37.77335984095524,,
2009-08-11,-1,900,959,99.97999999999999,99.67,99.99,99.66,eod,0.30999999999998806,0.0031003100310029812,31.00310031002981,,
2009-08-12,1,900,959,101.44000000000001,100.77,101.43,100.78,eod,-0.6700000000000159,-0.006605540767031607,-66.05540767031607,,
2009-08-14,-1,900,959,100.11,100.74000000000001,100.12,100.73,eod,-0.6300000000000097,-0.006292449061126745,-62.924490611267444,,
2009-08-17,-1,900,959,98.44999999999999,98.24000000000001,98.46,98.23,eod,0.20999999999997954,0.002132845825715819,21.32845825715819,,
2009-08-18,1,900,959,99.23,99.17999999999999,99.22,99.19,eod,-0.05000000000001137,-0.0005039306591414168,-5.039306591414168,,
2009-08-20,1,900,959,100.79,101.00999999999999,100.78,101.02,eod,0.21999999999998465,0.0021829728120657337,21.829728120657336,,
2009-08-21,1,900,959,102.74000000000001,102.91,102.73,102.92,eod,0.1699999999999875,0.0016548233232744815,16.548233232744817,,
2009-08-25,1,900,959,103.24000000000001,103.14999999999999,103.23,103.16,eod,-0.09000000000001762,-0.0008718395815171716,-8.718395815171716,,
2009-08-26,-1,900,959,102.92999999999999,103.19000000000001,102.94,103.18,eod,-0.2600000000000193,-0.002525743151350489,-25.25743151350489,,
2009-08-31,-1,900,959,102.27,102.49000000000001,102.28,102.48,eod,-0.22000000000001307,-0.002150958154086948,-21.509581540869483,,
2009-09-03,1,900,959,100.08,100.64999999999999,100.07,100.66,eod,0.5699999999999932,0.0056960127910462,56.960127910462,,
2009-09-08,1,900,959,102.89,102.89,102.88,102.9,eod,0.0,0.0,0.0,,
2009-09-09,1,900,959,103.35000000000001,103.75,103.34,103.76,eod,0.3999999999999915,0.003870718018192292,38.707180181922915,,
2009-09-16,1,900,959,106.99000000000001,107.3,106.98,107.31,eod,0.30999999999998806,0.0028977378949335206,28.977378949335204,,
2009-09-18,-1,900,959,106.86999999999999,106.74000000000001,106.88,106.73,eod,0.12999999999998124,0.0012163173652692857,12.163173652692857,,
2009-09-21,-1,900,959,106.41,106.46000000000001,106.42,106.45,eod,-0.05000000000001137,-0.0004698364968991859,-4.698364968991859,,
2009-09-22,1,900,959,107.24000000000001,107.08999999999999,107.23,107.1,eod,-0.1500000000000199,-0.0013988622586964458,-13.988622586964459,,
2009-09-28,1,900,959,106.18,106.3,106.17,106.31,eod,0.11999999999999034,0.0011302627860976767,11.302627860976767,,
2009-09-30,-1,900,959,105.72,105.60000000000001,105.73,105.59,eod,0.11999999999999034,0.001134966423909868,11.34966423909868,,
2009-10-01,-1,900,959,103.66,103.0,103.67,102.99,eod,0.6599999999999966,0.006366354779589048,63.66354779589048,,
2009-10-02,-1,900,959,102.78,102.56,102.79,102.55,eod,0.21999999999999886,0.0021402860200408487,21.402860200408487,,
2009-10-05,1,900,959,104.17,104.02,104.16,104.03,eod,-0.15000000000000568,-0.0014400921658986722,-14.400921658986721,,
2009-10-06,1,900,959,105.1751,105.50999999999999,105.1651,105.52,eod,0.3348999999999904,0.0031845165363793733,31.845165363793733,,
2009-10-08,1,900,959,106.73,106.6,106.72,106.61,eod,-0.13000000000000966,-0.001218140929535323,-12.18140929535323,,
2009-10-09,1,900,959,107.03,107.22999999999999,107.02,107.24,eod,0.19999999999998863,0.0018688095683048835,18.688095683048836,,
2009-10-12,1,900,959,107.51,107.72999999999999,107.5,107.74,eod,0.21999999999998465,0.002046511627906834,20.46511627906834,,
2009-10-13,-1,900,959,107.33,107.51,107.34,107.5,eod,-0.18000000000000682,-0.0016769144773617181,-16.76914477361718,,
2009-10-14,1,900,959,108.89,109.3107,108.88,109.3207,eod,0.4206999999999965,0.00386388684790592,38.6388684790592,,
2009-10-16,-1,900,959,108.86999999999999,108.9,108.88,108.89,eod,-0.030000000000015348,-0.0002755326965467978,-2.755326965467978,,
2009-10-20,-1,900,959,109.17,109.23,109.18,109.22,eod,-0.060000000000002274,-0.0005495511998534738,-5.495511998534738,,
2009-10-21,1,900,959,109.86,108.24,109.85,108.25,eod,-1.6200000000000045,-0.014747382794720114,-147.47382794720113,,
2009-10-28,-1,900,959,104.82,104.43,104.83,104.42,eod,0.38999999999998636,0.003720309071830453,37.20309071830453,,
2009-10-29,1,900,959,106.69000000000001,106.63,106.68,106.64,eod,-0.060000000000016485,-0.0005624296962881184,-5.624296962881185,,
2009-10-30,-1,900,959,104.00999999999999,103.64,104.02,103.63,eod,0.36999999999999034,0.0035570082676407455,35.57008267640745,,
2009-11-02,1,900,959,103.93,104.35,103.92,104.36,eod,0.4199999999999875,0.004041570438798956,40.41570438798956,,
2009-11-04,1,900,959,106.10000000000001,104.83,106.09,104.84,eod,-1.2700000000000102,-0.011970968045998776,-119.70968045998777,,
2009-11-05,1,900,959,106.69000000000001,106.85,106.68,106.86,eod,0.15999999999998238,0.0014998125234344053,14.998125234344053,,
2009-11-09,1,900,959,109.37,109.57,109.36,109.58,eod,0.19999999999998863,0.001828822238478316,18.28822238478316,,
2009-11-11,1,900,959,110.08,110.11999999999999,110.07,110.13,eod,0.03999999999999204,0.00036340510584166477,3.634051058416648,,
2009-11-16,1,900,959,111.46010000000001,111.19999999999999,111.4501,111.21,eod,-0.26010000000002265,-0.002333779870991795,-23.33779870991795,,
2009-11-18,-1,900,959,110.89999999999999,111.29,110.91,111.28,eod,-0.3900000000000148,-0.003516364619962265,-35.16364619962265,,
2009-11-19,-1,900,959,109.66,109.81,109.67,109.8,eod,-0.15000000000000568,-0.001367739582383566,-13.67739582383566,,
2009-11-20,-1,900,959,109.35,109.53,109.36,109.52,eod,-0.18000000000000682,-0.0016459400146306403,-16.459400146306404,,
2009-11-23,1,900,959,110.85000000000001,110.89999999999999,110.84,110.91,eod,0.04999999999998295,0.0004511006856728884,4.5110068567288835,,
2009-12-01,1,900,959,111.4,111.24,111.39,111.25,eod,-0.1600000000000108,-0.001436394649430028,-14.36394649430028,,
2009-12-04,1,900,959,110.68,111.01899999999999,110.67,111.029,eod,0.3389999999999844,0.003063160748170095,30.63160748170095,,
2009-12-08,-1,900,959,109.44999999999999,109.65,109.46,109.64,eod,-0.20000000000001705,-0.00182715147085709,-18.2715147085709,,
2009-12-10,1,900,959,110.83,110.64,110.82,110.65,eod,-0.18999999999999773,-0.0017144919689586512,-17.144919689586512,,
2009-12-11,1,900,959,111.045,111.19,111.035,111.2,eod,0.14499999999999602,0.0013058945377583287,13.058945377583287,,
2009-12-14,1,900,959,111.83,111.86999999999999,111.82,111.88,eod,0.03999999999999204,0.00035771776068674695,3.5771776068674694,,
2009-12-15,-1,900,959,111.44999999999999,111.32000000000001,111.46,111.31,eod,0.12999999999998124,0.001166337699623015,11.66337699623015,,
2009-12-16,1,900,959,111.58,111.47999999999999,111.57,111.49,eod,-0.10000000000000853,-0.0008962982880703462,-8.962982880703462,,
2009-12-17,-1,900,959,110.42,110.17,110.43,110.16,eod,0.25,0.0022638775695010415,22.638775695010416,,
2009-12-21,1,900,959,111.41000000000001,111.33,111.4,111.34,eod,-0.0800000000000125,-0.0007181328545782092,-7.181328545782092,,
2009-12-22,1,900,959,111.72,111.71,111.71,111.72,eod,-0.010000000000005116,-8.951750067142705e-05,-0.8951750067142705,,
2009-12-23,1,900,959,112.0199,111.96,112.0099,111.97,eod,-0.059900000000013165,-0.0005347741583557629,-5.347741583557629,,
2010-01-04,1,900,959,113.29,113.30999999999999,113.28,113.32,eod,0.01999999999998181,0.0001765536723162236,1.765536723162236,,
2010-01-12,-1,900,959,113.615,113.67,113.625,113.66,eod,-0.05500000000000682,-0.00048404840484054406,-4.8404840484054406,,
2010-01-13,1,900,959,114.68,114.63,114.67,114.64,eod,-0.05000000000001137,-0.0004360338362257902,-4.360338362257902,,
2010-01-15,-1,900,959,113.38,113.67,113.39,113.66,eod,-0.29000000000000625,-0.0025575447570333034,-25.575447570333033,,
2010-01-19,1,900,959,114.87,115.05,114.86,115.06,eod,0.1799999999999926,0.0015671251958905852,15.671251958905852,,
2010-01-20,-1,900,959,113.69,113.9,113.7,113.89,eod,-0.21000000000000796,-0.0018469656992085132,-18.46965699208513,,
2010-01-22,-1,900,959,110.03999999999999,109.23,110.05,109.22,eod,0.8099999999999881,0.0073602907769194734,73.60290776919473,,
2010-01-25,1,900,959,110.39,109.74,110.38,109.75,eod,-0.6500000000000057,-0.005888747961587296,-58.887479615872955,,
2010-02-01,1,900,959,108.76,108.99,108.75,109.0,eod,0.22999999999998977,0.0021149425287355383,21.14942528735538,,
2010-02-04,-1,900,959,107.25,106.48,107.26,106.47,eod,0.769999999999996,0.0071788178258437065,71.78817825843707,,
2010-02-05,-1,900,959,105.27,106.76,105.28,106.75,eod,-1.490000000000009,-0.014152735562310116,-141.52735562310116,,
2010-02-08,-1,900,959,106.5075,105.9,106.5175,105.89,eod,0.6074999999999875,0.005703288192080996,57.03288192080996,,
2010-02-09,1,900,959,107.215,107.22999999999999,107.205,107.24,eod,0.014999999999986358,0.0001399188470685729,1.399188470685729,,
2010-02-12,-1,900,959,107.61,108.03,107.62,108.02,eod,-0.4200000000000017,-0.0039026203307935487,-39.02620330793549,,
2010-02-16,1,900,959,109.37,109.72,109.36,109.73,eod,0.3499999999999943,0.0032004389173371827,32.00438917337183,,
2010-02-17,1,900,959,110.215,110.25,110.205,110.26,eod,0.03499999999999659,0.0003175899460096782,3.1758994600967823,,
2010-02-24,1,900,959,110.5,110.80999999999999,110.49,110.82,eod,0.30999999999998806,0.0028056837722869768,28.05683772286977,,
2010-02-25,-1,900,959,110.17999999999999,110.72,110.19,110.71,eod,-0.5400000000000063,-0.004900626191124478,-49.006261911244785,,
2010-03-01,1,900,959,111.82000000000001,111.88499999999999,111.81,111.895,eod,0.06499999999998352,0.0005813433503262992,5.813433503262992,,
2010-03-02,1,900,959,112.24000000000001,112.16,112.23,112.17,eod,-0.0800000000000125,-0.0007128218836319389,-7.128218836319388,,
2010-03-04,1,900,959,112.51,112.64,112.5,112.65,eod,0.12999999999999545,0.0011555555555555152,11.555555555555152,,
2010-03-05,1,900,959,114.155,114.25,114.145,114.26,eod,0.09499999999999886,0.0008322747382714868,8.32274738271487,,
2010-03-10,1,900,959,114.99000000000001,114.97,114.98,114.98,eod,-0.020000000000010232,-0.00017394329448608656,-1.7394329448608656,,
2010-03-15,-1,900,959,115.05,115.51,115.06,115.5,eod,-0.46000000000000796,-0.003997914131757413,-39.97914131757413,,
2010-03-16,1,900,959,116.19000000000001,116.39999999999999,116.18,116.41,eod,0.20999999999997954,0.0018075400241003574,18.075400241003575,,
2010-03-17,1,900,959,116.98,117.08999999999999,116.97,117.1,eod,0.10999999999998522,0.0009404120714711911,9.404120714711912,,
2010-03-19,-1,900,959,115.83,115.97,115.84,115.96,eod,-0.14000000000000057,-0.0012085635359116071,-12.085635359116072,,
2010-03-24,-1,900,959,116.75999999999999,116.83,116.77,116.82,eod,-0.07000000000000739,-0.0005994690417059809,-5.994690417059809,,
2010-03-25,1,900,959,117.29,116.63,117.28,116.64,eod,-0.6600000000000108,-0.0056275579809005015,-56.275579809005016,,
2010-03-29,1,900,959,117.35000000000001,117.33,117.34,117.34,eod,-0.020000000000010232,-0.0001704448610875254,-1.7044486108752541,,
2010-03-31,-1,900,959,117.11999999999999,117.0,117.13,116.99,eod,0.11999999999999034,0.001024502689319477,10.245026893194769,,
2010-04-01,1,900,959,117.42,117.8,117.41,117.81,eod,0.37999999999999545,0.003236521591005838,32.36521591005838,,
2010-04-05,1,900,959,118.68,118.77,118.67,118.78,eod,0.0899999999999892,0.0007584056627621909,7.5840566276219095,,
2010-04-07,-1,900,959,118.41,118.39,118.42,118.38,eod,0.01999999999999602,0.0001688903901367676,1.688903901367676,,
2010-04-09,1,900,959,119.23,119.53,119.22,119.54,eod,0.29999999999999716,0.0025163563160543294,25.163563160543294,,
2010-04-14,1,900,959,120.93100000000001,121.16,120.921,121.17,eod,0.228999999999985,0.0018937984303800414,18.937984303800413,,
2010-04-16,-1,900,959,119.39999999999999,119.37,119.41,119.36,eod,0.029999999999986926,0.00025123523992954465,2.5123523992954464,,
2010-04-19,1,900,959,119.57000000000001,119.83999999999999,119.56,119.85,eod,0.2699999999999818,0.0022582803613247055,22.582803613247055,,
2010-04-20,1,900,959,120.9,120.86,120.89,120.87,eod,-0.04000000000000625,-0.00033087931177108325,-3.3087931177108323,,
2010-04-27,-1,900,959,119.16,118.5,119.17,118.49,eod,0.6599999999999966,0.0055383066207937955,55.38306620793796,,
2010-04-28,1,900,959,119.49000000000001,119.32,119.48,119.33,eod,-0.17000000000001592,-0.0014228322731839296,-14.228322731839297,,
2010-04-29,1,900,959,120.81,120.83,120.8,120.84,eod,0.01999999999999602,0.00016556291390725184,1.6556291390725184,,
2010-04-30,-1,900,959,119.3,118.84,119.31,118.83,eod,0.45999999999999375,0.003855502472550446,38.55502472550446,,
2010-05-03,1,900,959,120.62,120.38,120.61,120.39,eod,-0.2400000000000091,-0.0019898847525081594,-19.898847525081596,,
2010-05-04,-1,900,959,117.3283,117.56,117.3383,117.55,eod,-0.23170000000000357,-0.001974632323802233,-19.746323238022327,,
2010-05-05,-1,900,959,116.58,116.84,116.59,116.83,eod,-0.2600000000000051,-0.002230036881379236,-22.30036881379236,,
2010-05-07,-1,900,959,111.49,111.31,111.5,111.3,eod,0.1799999999999926,0.001614349775784687,16.14349775784687,,
2010-05-10,1,900,959,115.7,116.14999999999999,115.69,116.16,eod,0.44999999999998863,0.00388970524678009,38.897052467800904,,
2010-05-12,1,900,959,117.37,117.44,117.36,117.45,eod,0.06999999999999318,0.00059645535105652,5.9645535105651994,,
2010-05-13,-1,900,959,116.83,116.01,116.84,116.0,eod,0.8199999999999932,0.007018144471071492,70.18144471071493,,
2010-05-14,-1,900,959,113.27,113.91000000000001,113.28,113.9,eod,-0.6400000000000148,-0.005649717514124424,-56.49717514124424,,
2010-05-20,-1,900,959,109.11,107.548,109.12,107.538,eod,1.5619999999999976,0.014314516129032236,143.14516129032236,,
2010-05-24,-1,900,959,108.53999999999999,107.73010000000001,108.55,107.7201,eod,0.8098999999999847,0.007461077844311237,74.61077844311237,,
2010-05-25,-1,900,959,106.58,107.81750000000001,106.59,107.8075,eod,-1.2375000000000114,-0.01160990712074314,-116.09907120743141,,
2010-05-26,1,900,959,108.25,107.14,108.24,107.15,eod,-1.1099999999999994,-0.010254988913525494,-102.54988913525494,,
2010-05-27,1,900,959,109.98,110.77,109.97,110.78,eod,0.789999999999992,0.00718377739383461,71.83777393834609,,
2010-05-28,-1,900,959,109.82,109.36,109.83,109.35,eod,0.45999999999999375,0.004188290995174303,41.88290995174303,,
2010-06-01,-1,900,959,109.07,107.53,109.08,107.52,eod,1.539999999999992,0.014118078474514045,141.18078474514044,,
2010-06-02,1,900,959,109.47,110.3,109.46,110.31,eod,0.8299999999999983,0.007582678604056261,75.82678604056261,,
2010-06-04,-1,900,959,106.91499999999999,107.02000000000001,106.925,107.01,eod,-0.10500000000001819,-0.0009819967266777479,-9.819967266777478,,
2010-06-10,1,900,959,108.6786,109.17999999999999,108.6686,109.19,eod,0.5013999999999896,0.004614028339373008,46.14028339373008,,
2010-06-11,-1,900,959,108.83,109.67,108.84,109.66,eod,-0.8400000000000034,-0.007717750826901905,-77.17750826901906,,
2010-06-14,1,900,959,110.23,109.50999999999999,110.22,109.52,eod,-0.7200000000000131,-0.006532389765922819,-65.32389765922818,,
2010-06-15,1,900,959,111.51,111.97,111.5,111.98,eod,0.45999999999999375,0.004125560538116536,41.25560538116536,,
2010-06-18,-1,900,959,111.75999999999999,111.72,111.77,111.71,eod,0.03999999999999204,0.0003578777847364413,3.578777847364413,,
2010-06-24,-1,900,959,107.69999999999999,107.45,107.71,107.44,eod,0.2499999999999858,0.002321047256522011,23.21047256522011,,
2010-06-29,-1,900,959,104.36999999999999,104.23,104.38,104.22,eod,0.13999999999998636,0.0013412531136231687,13.412531136231687,,
2010-07-01,-1,900,959,102.46,102.80000000000001,102.47,102.79,eod,-0.3400000000000176,-0.0033180443056506064,-33.180443056506064,,
2010-07-07,1,900,959,105.35000000000001,106.11999999999999,105.34,106.13,eod,0.7699999999999818,0.007309663945319744,73.09663945319744,,
2010-07-08,1,900,959,106.49000000000001,107.14,106.48,107.15,eod,0.6499999999999915,0.006104432757325239,61.04432757325239,,
2010-07-13,1,900,959,109.76,109.64999999999999,109.75,109.66,eod,-0.11000000000001364,-0.0010022779043281425,-10.022779043281425,,
2010-07-14,-1,900,959,109.28,109.67,109.29,109.66,eod,-0.39000000000000057,-0.003568487510293719,-35.68487510293719,,
2010-07-15,-1,900,959,109.115,109.73,109.125,109.72,eod,-0.6150000000000091,-0.005635738831615203,-56.35738831615203,,
2010-07-16,-1,900,959,106.89,106.67,106.9,106.66,eod,0.21999999999999886,0.002057998129092599,20.579981290925993,,
2010-07-19,1,900,959,107.27000000000001,107.30999999999999,107.26,107.32,eod,0.03999999999997783,0.00037292560134232546,3.7292560134232544,,
2010-07-22,1,900,959,109.78,109.44999999999999,109.77,109.46,eod,-0.3300000000000125,-0.003006285870456523,-30.06285870456523,,
2010-07-26,1,900,959,111.10000000000001,111.57,111.09,111.58,eod,0.46999999999998465,0.004230803852731881,42.30803852731881,,
2010-07-30,-1,900,959,110.03,110.33,110.04,110.32,eod,-0.29999999999999716,-0.0027262813522355247,-27.26281352235525,,
2010-08-02,1,900,959,112.81,112.72999999999999,112.8,112.74,eod,-0.0800000000000125,-0.0007092198581561392,-7.092198581561393,,
2010-08-03,-1,900,959,112.39,112.21000000000001,112.4,112.2,eod,0.1799999999999926,0.001601423487544418,16.01423487544418,,
2010-08-04,1,900,959,112.84,112.96,112.83,112.97,eod,0.11999999999999034,0.001063546929008157,10.63546929008157,,
2010-08-05,-1,900,959,112.649,112.85000000000001,112.659,112.84,eod,-0.20100000000000762,-0.0017841450749607897,-17.841450749607898,,
2010-08-06,-1,900,959,111.92,112.4,111.93,112.39,eod,-0.480000000000004,-0.004288394532297007,-42.88394532297007,,
2010-08-10,-1,900,959,112.58,112.43,112.59,112.42,eod,0.14999999999999147,0.0013322675193178032,13.322675193178032,,
2010-08-11,-1,900,959,109.27,109.3001,109.28,109.2901,eod,-0.030100000000004457,-0.00027543923865304225,-2.7543923865304225,,
2010-08-12,-1,900,959,108.57,108.65,108.58,108.64,eod,-0.0800000000000125,-0.0007367839381102644,-7.367839381102644,,
2010-08-16,-1,900,959,107.91,108.29,107.92,108.28,eod,-0.38000000000000966,-0.0035211267605634697,-35.211267605634696,,
2010-08-17,1,900,959,110.14,109.58999999999999,110.13,109.6,eod,-0.5500000000000114,-0.004994097884318636,-49.94097884318636,,
2010-08-19,-1,900,959,107.83999999999999,107.93,107.85,107.92,eod,-0.09000000000001762,-0.0008344923504869506,-8.344923504869506,,
2010-08-20,-1,900,959,107.53,107.55000000000001,107.54,107.54,eod,-0.020000000000010232,-0.00018597731076818144,-1.8597731076818145,,
2010-08-24,-1,900,959,105.94999999999999,105.59,105.96,105.58,eod,0.3599999999999852,0.0033975084937710952,33.97508493771095,,
2010-08-31,-1,900,959,104.96,105.41000000000001,104.97,105.4,eod,-0.45000000000001705,-0.004286939125464581,-42.869391254645805,,
2010-09-01,1,900,959,108.1883,108.46,108.1783,108.47,eod,0.2716999999999956,0.0025115942846208124,25.115942846208124,,
2010-09-02,1,900,959,109.12,109.44999999999999,109.11,109.46,eod,0.3299999999999841,0.00302447071762427,30.2447071762427,,
2010-09-03,1,900,959,110.52000000000001,110.89999999999999,110.51,110.91,eod,0.37999999999998124,0.003438602841371652,34.38602841371652,,
2010-09-07,-1,900,959,109.69,109.68,109.7,109.67,eod,0.009999999999990905,9.115770282580588e-05,0.9115770282580588,,
2010-09-08,1,900,959,110.51,110.38,110.5,110.39,eod,-0.13000000000000966,-0.0011764705882353816,-11.764705882353816,,
2010-09-09,1,900,959,111.01,110.92,111.0,110.93,eod,-0.09000000000000341,-0.0008108108108108416,-8.108108108108416,,
2010-09-10,1,900,959,111.46000000000001,111.50999999999999,111.45,111.52,eod,0.04999999999998295,0.00044863167339598877,4.486316733959888,,
2010-09-13,1,900,959,112.54,112.72999999999999,112.53,112.74,eod,0.18999999999998352,0.0016884386385851197,16.884386385851197,,
2010-09-16,-1,900,959,112.80999999999999,113.08,112.82,113.07,eod,-0.27000000000001023,-0.0023931926963305285,-23.931926963305287,,
2010-09-17,-1,900,959,112.63,112.5,112.64,112.49,eod,0.12999999999999545,0.001154119318181778,11.541193181817778,,
2010-09-20,1,900,959,114.15,114.21,114.14,114.22,eod,0.05999999999998806,0.0005256702295425624,5.256702295425623,,
2010-09-23,-1,900,959,112.82,112.5,112.83,112.49,eod,0.3199999999999932,0.0028361251440219195,28.361251440219196,,
2010-09-24,1,900,959,114.79,114.78999999999999,114.78,114.8,eod,-1.4210854715202004e-14,-1.2380950265901727e-16,-1.2380950265901728e-12,,
2010-10-01,1,900,959,114.72,114.6199,114.71,114.6299,eod,-0.10009999999999764,-0.0008726353412954201,-8.7263534129542,,
2010-10-04,-1,900,959,113.44,113.75,113.45,113.74,eod,-0.3100000000000023,-0.002732481269281642,-27.32481269281642,,
2010-10-05,1,900,959,116.11,116.02,116.1,116.03,eod,-0.09000000000000341,-0.0007751937984496418,-7.751937984496418,,
2010-10-08,1,900,959,116.47,116.53999999999999,116.46,116.55,eod,0.06999999999999318,0.0006010647432594297,6.010647432594297,,
2010-10-13,1,900,959,118.23,117.88,118.22,117.89,eod,-0.3500000000000085,-0.0029605819658264977,-29.605819658264977,,
2010-10-14,-1,900,959,116.82,117.53,116.83,117.52,eod,-0.710000000000008,-0.0060772061970385,-60.772061970385,,
2010-10-18,1,900,959,118.3241,118.53999999999999,118.3141,118.55,eod,0.21589999999999065,0.0018248036370981198,18.248036370981197,,
2010-10-19,-1,900,959,116.57,116.71650000000001,116.58,116.7065,eod,-0.1465000000000174,-0.0012566477955053817,-12.566477955053816,,
2010-10-20,1,900,959,118.20100000000001,117.86,118.191,117.87,eod,-0.3410000000000082,-0.0028851604606104373,-28.851604606104374,,
2010-10-25,1,900,959,118.95,118.67,118.94,118.68,eod,-0.28000000000000114,-0.002354128131831185,-23.54128131831185,,
2010-10-26,-1,900,959,118.50999999999999,118.72,118.52,118.71,eod,-0.21000000000000796,-0.0017718528518394193,-17.718528518394194,,
2010-10-27,-1,900,959,117.93889999999999,118.39,117.9489,118.38,eod,-0.45110000000001094,-0.0038245375751703573,-38.24537575170358,,
2010-11-02,1,900,959,119.5,119.46,119.49,119.47,eod,-0.04000000000000625,-0.00033475604653114284,-3.347560465311428,,
2010-11-04,1,900,959,121.85000000000001,122.22999999999999,121.84,122.24,eod,0.37999999999998124,0.003118844386079951,31.18844386079951,,
2010-11-08,-1,900,959,122.36,122.55000000000001,122.37,122.54,eod,-0.19000000000001194,-0.001552668137615526,-15.52668137615526,,
2010-11-11,-1,900,959,121.57,121.66000000000001,121.58,121.65,eod,-0.09000000000001762,-0.0007402533311401351,-7.402533311401351,,
2010-11-12,-1,900,959,120.08999999999999,120.21000000000001,120.1,120.2,eod,-0.12000000000001876,-0.0009991673605330455,-9.991673605330455,,
2010-11-15,1,900,959,120.67,120.02,120.66,120.03,eod,-0.6500000000000057,-0.005387037957898274,-53.870379578982735,,
2010-11-16,-1,900,959,118.00009999999999,118.16000000000001,118.0101,118.15,eod,-0.1599000000000217,-0.001354968769622445,-13.54968769622445,,
2010-11-18,1,900,959,120.22,119.96,120.21,119.97,eod,-0.2600000000000051,-0.0021628816238250157,-21.628816238250156,,
2010-11-23,-1,900,959,118.33999999999999,118.43,118.35,118.42,eod,-0.09000000000001762,-0.0007604562737644075,-7.604562737644075,,
2010-11-24,1,900,959,120.05000000000001,120.17,120.04,120.18,eod,0.11999999999999034,0.0009996667777406726,9.996667777406726,,
2010-11-26,-1,900,959,118.75,118.75,118.76,118.74,eod,-0.0,-0.0,-0.0,,
2010-11-30,-1,900,959,118.85499999999999,118.46000000000001,118.865,118.45,eod,0.3949999999999818,0.003323097631766978,33.23097631766978,,
2010-12-01,1,900,959,121.17,121.0,121.16,121.01,eod,-0.1700000000000017,-0.0014031033344338206,-14.031033344338207,,
2010-12-02,1,900,959,122.41000000000001,122.55999999999999,122.4,122.57,eod,0.14999999999997726,0.0012254901960782455,12.254901960782455,,
2010-12-07,1,900,959,123.2,122.82,123.19,122.83,eod,-0.38000000000000966,-0.003084665963146438,-30.84665963146438,,
2010-12-08,1,900,959,123.21000000000001,123.24,123.2,123.25,eod,0.029999999999986926,0.0002435064935063874,2.435064935063874,,
2010-12-09,1,900,959,123.58,123.78,123.57,123.79,eod,0.20000000000000284,0.0016185158209921734,16.185158209921735,,
2010-12-10,1,900,959,124.5,124.5,124.49,124.51,eod,0.0,0.0,0.0,,
2010-12-13,1,900,959,125.08,124.53999999999999,125.07,124.55,eod,-0.5400000000000063,-0.004317582153993814,-43.175821539938134,,
2010-12-14,1,900,959,124.95,124.64,124.94,124.65,eod,-0.3100000000000023,-0.002481190971666418,-24.811909716664182,,
2010-12-17,-1,900,959,124.39,124.35000000000001,124.4,124.34,eod,0.03999999999999204,0.00032154340836006466,3.2154340836006465,,
2010-12-20,1,900,959,124.74380000000001,124.56009999999999,124.7338,124.5701,eod,-0.18370000000001596,-0.0014727363393083187,-14.727363393083188,,
2010-12-21,1,900,959,125.31,125.35,125.3,125.36,eod,0.03999999999999204,0.0003192338387868479,3.192338387868479,,
2010-12-22,1,900,959,125.69000000000001,125.77,125.68,125.78,eod,0.07999999999998408,0.0006365372374282629,6.365372374282629,,
2010-12-29,1,900,959,126.15,125.92,126.14,125.93,eod,-0.23000000000000398,-0.0018233708577771047,-18.233708577771047,,
2011-01-03,1,900,959,127.30000000000001,127.03999999999999,127.29,127.05,eod,-0.2600000000000193,-0.002042579935580323,-20.42579935580323,,
2011-01-04,-1,900,959,126.73949999999999,126.94000000000001,126.7495,126.93,eod,-0.20050000000001944,-0.001581860283472672,-15.81860283472672,,
2011-01-06,-1,900,959,127.21,127.4,127.22,127.39,eod,-0.19000000000001194,-0.0014934758685742175,-14.934758685742175,,
2011-01-07,-1,900,959,126.86999999999999,127.13000000000001,126.88,127.12,eod,-0.2600000000000193,-0.002049180327869005,-20.491803278690046,,
2011-01-10,-1,900,959,127.00999999999999,126.99000000000001,127.02,126.98,eod,0.01999999999998181,0.0001574555188157913,1.574555188157913,,
2011-01-11,1,900,959,127.30000000000001,127.42,127.29,127.43,eod,0.11999999999999034,0.0009427292010369262,9.427292010369262,,
2011-01-12,1,900,959,128.56,128.59,128.55,128.6,eod,0.030000000000001137,0.00023337222870479295,2.3337222870479297,,
2011-01-19,-1,900,959,128.13,128.26999999999998,128.14,128.26,eod,-0.13999999999998636,-0.001092555017949012,-10.925550179490118,,
2011-01-21,1,900,959,128.54999999999998,128.39000000000001,128.54,128.4,eod,-0.15999999999996817,-0.0012447487163526386,-12.447487163526386,,
2011-01-26,1,900,959,129.935,129.66,129.925,129.67,eod,-0.2750000000000057,-0.002116605734077396,-21.166057340773957,,
2011-01-27,1,900,959,130.01,130.01000000000002,130.0,130.02,eod,2.842170943040401e-14,2.1862853408003084e-16,2.1862853408003086e-12,,
2011-01-31,1,900,959,128.42,128.66,128.41,128.67,eod,0.2400000000000091,0.0018690133167199524,18.690133167199523,,
2011-02-01,1,900,959,130.82,130.74,130.81,130.75,eod,-0.07999999999998408,-0.0006115740386819363,-6.115740386819363,,
2011-02-07,1,900,959,131.98,131.97,131.97,131.98,eod,-0.009999999999990905,-7.57747973023483e-05,-0.757747973023483,,
2011-02-09,-1,900,959,131.73000000000002,132.28,131.74,132.27,eod,-0.549999999999983,-0.004174889934719773,-41.74889934719773,,
2011-02-10,-1,900,959,132.01000000000002,132.34,132.02,132.33,eod,-0.3299999999999841,-0.0024996212695045,-24.996212695045,,
2011-02-15,-1,900,959,132.9,133.01999999999998,132.91,133.01,eod,-0.11999999999997613,-0.0009028666014594547,-9.028666014594547,,
2011-02-16,1,900,959,133.79,133.82000000000002,133.78,133.83,eod,0.03000000000002956,0.00022424876663200446,2.2424876663200446,,
2011-02-22,-1,900,959,131.9,131.84,131.91,131.83,eod,0.060000000000002274,0.00045485558335230287,4.548555833523029,,
2011-02-23,-1,900,959,131.31,131.04,131.32,131.03,eod,0.27000000000001023,0.00205604629911674,20.560462991167398,,
2011-02-25,1,900,959,132.32999999999998,132.31,132.32,132.32,eod,-0.01999999999998181,-0.0001511487303505276,-1.511487303505276,,
2011-02-28,1,900,959,132.85999999999999,133.13,132.85,133.14,eod,0.27000000000001023,0.002032367331577044,20.32367331577044,,
2011-03-02,1,900,959,131.45999999999998,131.19,131.45,131.2,eod,-0.2699999999999818,-0.002054012932673882,-20.54012932673882,,
2011-03-03,1,900,959,133.57999999999998,133.46,133.57,133.47,eod,-0.11999999999997613,-0.0008984053305381159,-8.984053305381158,,
2011-03-04,-1,900,959,132.03,132.45,132.04,132.44,eod,-0.4199999999999875,-0.00318085428657973,-31.8085428657973,,
2011-03-08,1,900,959,132.79,132.56,132.78,132.57,eod,-0.22999999999998977,-0.001732188582617787,-17.32188582617787,,
2011-03-10,-1,900,959,130.38,129.92999999999998,130.39,129.92,eod,0.45000000000001705,0.0034511849068181387,34.51184906818139,,
2011-03-14,-1,900,959,129.53,130.07999999999998,129.54,130.07,eod,-0.549999999999983,-0.00424579280531097,-42.4579280531097,,
2011-03-15,-1,900,959,128.56,128.64,128.57,128.63,eod,-0.07999999999998408,-0.0006222291358791638,-6.2222913587916375,,
2011-03-16,-1,900,959,126.92999999999999,126.22,126.94,126.21,eod,0.7099999999999937,0.00559319363478804,55.931936347880395,,
2011-03-17,1,900,959,127.71000000000001,127.78999999999999,127.7,127.8,eod,0.07999999999998408,0.000626468285042945,6.26468285042945,,
2011-03-21,1,900,959,129.66,129.715,129.65,129.725,eod,0.05500000000000682,0.00042421905129199245,4.242190512919924,,
2011-03-22,-1,900,959,129.365,129.31,129.375,129.3,eod,0.05500000000000682,0.0004251207729469126,4.251207729469126,,
2011-03-24,1,900,959,130.785,130.89000000000001,130.775,130.9,eod,0.10500000000001819,0.0008029057541580439,8.029057541580439,,
2011-03-25,1,900,959,131.57,131.27,131.56,131.28,eod,-0.29999999999998295,-0.0022803283672847593,-22.803283672847595,,
2011-03-30,1,900,959,132.94,132.75,132.93,132.76,eod,-0.18999999999999773,-0.0014293237042052036,-14.293237042052036,,
2011-04-01,1,900,959,133.225,133.15,133.215,133.16,eod,-0.07499999999998863,-0.0005629996622001173,-5.6299966220011735,,
2011-04-06,1,900,959,133.59,133.61,133.58,133.62,eod,0.020000000000010232,0.0001497230124270866,1.497230124270866,,
2011-04-12,-1,900,959,131.54000000000002,131.48,131.55,131.47,eod,0.060000000000030695,0.00045610034207548987,4.561003420754899,,
2011-04-15,1,900,959,132.2,132.04000000000002,132.19,132.05,eod,-0.15999999999996817,-0.0012103789999241105,-12.103789999241105,,
2011-04-18,-1,900,959,130.52,130.56,130.53,130.55,eod,-0.03999999999999204,-0.00030644296330339417,-3.064429633033942,,
2011-04-19,1,900,959,131.1,131.28,131.09,131.29,eod,0.18000000000000682,0.001373102448699419,13.731024486994189,,
2011-04-20,1,900,959,133.01,133.12,133.0,133.13,eod,0.11000000000001364,0.0008270676691730349,8.27067669173035,,
2011-04-21,1,900,959,133.63,133.74,133.62,133.75,eod,0.11000000000001364,0.0008232300553810331,8.232300553810331,,
2011-04-26,1,900,959,134.855,134.77,134.845,134.78,eod,-0.08499999999997954,-0.0006303533686824097,-6.303533686824098,,
2011-04-28,1,900,959,135.92,136.10000000000002,135.91,136.11,eod,0.18000000000003524,0.0013244058568172706,13.244058568172706,,
2011-05-03,-1,900,959,135.15,135.73,135.16,135.72,eod,-0.5799999999999841,-0.004291210417283102,-42.91210417283102,,
2011-05-04,-1,900,959,134.94,134.85,134.95,134.84,eod,0.09000000000000341,0.0006669136717302958,6.669136717302958,,
2011-05-05,-1,900,959,134.17000000000002,133.64999999999998,134.18,133.64,eod,0.5200000000000387,0.0038753912654645897,38.753912654645895,,
2011-05-06,1,900,959,133.98999999999998,134.16,133.98,134.17,eod,0.17000000000001592,0.0012688460964324223,12.688460964324223,,
2011-05-10,1,900,959,135.94,135.88,135.93,135.89,eod,-0.060000000000002274,-0.000441403663650425,-4.4140366365042505,,
2011-05-11,-1,900,959,134.14000000000001,134.45999999999998,134.15,134.45,eod,-0.31999999999996476,-0.0023853894893772994,-23.853894893772996,,
2011-05-13,-1,900,959,134.08,134.04,134.09,134.03,eod,0.040000000000020464,0.00029830710716698084,2.9830710716698086,,
2011-05-16,-1,900,959,133.52,133.22,133.53,133.21,eod,0.30000000000001137,0.002246686137946614,22.466861379466142,,
2011-05-20,-1,900,959,133.98000000000002,133.63,133.99,133.62,eod,0.35000000000002274,0.002612135233972854,26.12135233972854,,
2011-05-23,-1,900,959,132.24,132.04999999999998,132.25,132.04,eod,0.19000000000002615,0.0014366729678640918,14.366729678640917,,
2011-05-27,1,900,959,133.34,133.51000000000002,133.33,133.52,eod,0.17000000000001592,0.0012750318757970142,12.750318757970142,,
2011-05-31,1,900,959,134.32,134.88,134.31,134.89,eod,0.5600000000000023,0.004169458714913277,41.69458714913277,,
2011-06-01,-1,900,959,132.54000000000002,131.87,132.55,131.86,eod,0.6700000000000159,0.0050546963410035145,50.54696341003515,,
2011-06-03,-1,900,959,130.595,130.44,130.605,130.43,eod,0.15500000000000114,0.0011867845794571506,11.867845794571506,,
2011-06-06,-1,900,959,129.2701,129.06,129.2801,129.05,eod,0.21010000000001128,0.0016251534458900578,16.25153445890058,,
2011-06-07,1,900,959,129.81,128.93,129.8,128.94,eod,-0.8799999999999955,-0.006779661016949117,-67.79661016949117,,
2011-06-08,-1,900,959,128.68,128.42999999999998,128.69,128.42,eod,0.2500000000000284,0.0019426528867824107,19.426528867824107,,
2011-06-09,1,900,959,129.92999999999998,129.36,129.92,129.37,eod,-0.5699999999999648,-0.00438731527093569,-43.8731527093569,,
2011-06-10,-1,900,959,128.34,127.54,128.35,127.53,eod,0.7999999999999972,0.006232956758862464,62.329567588624634,,
2011-06-13,1,900,959,127.915,127.67999999999999,127.905,127.69,eod,-0.23500000000001364,-0.0018373011219265363,-18.37301121926536,,
2011-06-14,1,900,959,129.64999999999998,129.3,129.64,129.31,eod,-0.3499999999999659,-0.0026997840172783547,-26.997840172783548,,
2011-06-15,-1,900,959,126.96,127.04,126.97,127.03,eod,-0.0800000000000125,-0.0006300700952982004,-6.3007009529820035,,
2011-06-21,1,900,959,129.625,129.44,129.615,129.45,eod,-0.18500000000000227,-0.0014273039385873723,-14.273039385873723,,
2011-06-23,-1,900,959,127.80999999999999,128.32,127.82,128.31,eod,-0.5100000000000051,-0.003989985917696801,-39.89985917696801,,
2011-06-24,-1,900,959,126.96,126.81,126.97,126.8,eod,0.14999999999999147,0.001181381428683874,11.81381428683874,,
2011-06-27,1,900,959,128.28,127.94,128.27,127.95,eod,-0.3400000000000034,-0.0026506587666640944,-26.506587666640943,,
2011-06-28,1,900,959,129.48,129.59,129.47,129.6,eod,0.11000000000001364,0.000849617672047684,8.49617672047684,,
2011-06-29,1,900,959,130.45999999999998,130.73000000000002,130.45,130.74,eod,0.27000000000003865,0.0020697585281720097,20.697585281720098,,
2011-06-30,1,900,959,131.79999999999998,131.96,131.79,131.97,eod,0.160000000000025,0.0012140526595342972,12.14052659534297,,
2011-07-07,1,900,959,135.60999999999999,135.39000000000001,135.6,135.4,eod,-0.21999999999997044,-0.0016224188790558293,-16.224188790558294,,
2011-07-08,-1,900,959,134.0,134.42,134.01,134.41,eod,-0.4199999999999875,-0.0031340944705618053,-31.340944705618053,,
2011-07-11,-1,900,959,131.88,132.0,131.89,131.99,eod,-0.12000000000000455,-0.0009098491166881838,-9.098491166881837,,
2011-07-13,1,900,959,132.42999999999998,131.83,132.42,131.84,eod,-0.5999999999999659,-0.004531037607611886,-45.310376076118864,,
2011-07-18,-1,900,959,130.43,130.60999999999999,130.44,130.6,eod,-0.1799999999999784,-0.0013799448022077461,-13.799448022077462,,
2011-07-19,1,900,959,132.73999999999998,132.71,132.73,132.72,eod,-0.029999999999972715,-0.00022602275295692547,-2.2602275295692547,,
2011-07-21,1,900,959,134.64,134.48000000000002,134.63,134.49,eod,-0.15999999999996817,-0.001188442397682301,-11.88442397682301,,
2011-07-25,-1,900,959,134.10000000000002,133.85,134.11,133.84,eod,0.2500000000000284,0.001864141376482204,18.64141376482204,,
2011-07-26,-1,900,959,133.64000000000001,133.34,133.65,133.33,eod,0.30000000000001137,0.0022446689113356628,22.446689113356626,,
2011-07-27,-1,900,959,130.93,130.62,130.94,130.61,eod,0.3100000000000023,0.0023674965633114576,23.674965633114574,,
2011-07-28,1,900,959,130.91,130.21,130.9,130.22,eod,-0.6999999999999886,-0.0053475935828876135,-53.47593582887613,,
2011-07-29,-1,900,959,129.78,129.32999999999998,129.79,129.32,eod,0.45000000000001705,0.003467139224901896,34.67139224901896,,
2011-08-02,-1,900,959,126.86,125.51,126.87,125.5,eod,1.3499999999999943,0.010640813431071131,106.4081343107113,,
2011-08-04,-1,900,959,121.99,120.21000000000001,122.0,120.2,eod,1.779999999999987,0.014590163934426123,145.90163934426124,,
2011-08-08,-1,900,959,113.17,112.29,113.18,112.28,eod,0.8799999999999955,0.007775225304824133,77.75225304824133,,
2011-08-10,-1,900,959,114.64999999999999,112.26,114.66,112.25,eod,2.3899999999999864,0.020844235129949297,208.44235129949297,,
2011-08-11,1,900,959,117.49000000000001,117.32,117.48,117.33,eod,-0.17000000000001592,-0.00144705481784147,-14.4705481784147,,
2011-08-12,1,900,959,118.18,118.14999999999999,118.17,118.16,eod,-0.030000000000015348,-0.00025387154100038373,-2.5387154100038374,,
2011-08-15,1,900,959,120.36500000000001,120.66,120.355,120.67,eod,0.2949999999999875,0.0024510822151135184,24.510822151135184,,
2011-08-16,-1,900,959,118.99499999999999,119.58,119.005,119.57,eod,-0.585000000000008,-0.004915759842023511,-49.15759842023511,,
2011-08-18,-1,900,959,113.85,114.415,113.86,114.405,eod,-0.5650000000000119,-0.004962234322852731,-49.622343228527306,,
2011-08-24,1,900,959,117.32000000000001,118.08,117.31,118.09,eod,0.7599999999999909,0.006478561077486923,64.78561077486923,,
2011-08-29,1,900,959,120.98,121.33999999999999,120.97,121.35,eod,0.3599999999999852,0.0029759444490368293,29.759444490368292,,
2011-09-02,-1,900,959,117.69,117.83,117.7,117.82,eod,-0.14000000000000057,-0.001189464740866615,-11.894647408666149,,
2011-09-06,-1,900,959,116.19,117.03,116.2,117.02,eod,-0.8400000000000034,-0.007228915662650631,-72.28915662650631,,
2011-09-07,1,900,959,120.26,120.2799,120.25,120.2899,eod,0.0198999999999927,0.0001654885654885048,1.6548856548850481,,
2011-09-08,-1,900,959,119.32,119.04,119.33,119.03,eod,0.2799999999999869,0.0023464342579400566,23.464342579400565,,
2011-09-09,-1,900,959,115.47,115.9,115.48,115.89,eod,-0.4300000000000068,-0.003723588500173249,-37.23588500173249,,
2011-09-13,1,900,959,117.66000000000001,117.72999999999999,117.65,117.74,eod,0.06999999999997897,0.0005949851253716869,5.949851253716869,,
2011-09-15,1,900,959,121.28,121.42999999999999,121.27,121.44,eod,0.14999999999999147,0.001236909375772998,12.36909375772998,,
2011-09-19,-1,900,959,119.565,120.33,119.575,120.32,eod,-0.7650000000000006,-0.006397658373405817,-63.976583734058174,,
2011-09-22,-1,900,959,112.0,112.91000000000001,112.01,112.9,eod,-0.9100000000000108,-0.008124274618337745,-81.24274618337745,,
2011-09-27,1,900,959,119.06,117.53999999999999,119.05,117.55,eod,-1.5200000000000102,-0.012767744645107184,-127.67744645107184,,
2011-09-30,-1,900,959,114.30999999999999,113.16000000000001,114.32,113.15,eod,1.1499999999999773,0.010059482155353195,100.59482155353196,,
2011-10-03,-1,900,959,110.69999999999999,109.93,110.71,109.92,eod,0.7699999999999818,0.006955107939662017,69.55107939662017,,
2011-10-04,-1,900,959,108.34009999999999,112.33,108.3501,112.32,eod,-3.9899000000000058,-0.03682414690895538,-368.2414690895538,,
2011-10-10,1,900,959,118.77000000000001,119.58,118.76,119.59,eod,0.8099999999999881,0.00682047827551354,68.2047827551354,,
2011-10-12,1,900,959,121.41000000000001,120.69999999999999,121.4,120.71,eod,-0.7100000000000222,-0.005848434925865092,-58.484349258650916,,
2011-10-14,1,900,959,122.11,122.57,122.1,122.58,eod,0.45999999999999375,0.0037674037674037164,37.674037674037166,,
2011-10-17,-1,900,959,120.42,120.22,120.43,120.21,eod,0.20000000000000284,0.0016607157684962455,16.607157684962456,,
2011-10-21,1,900,959,123.51,123.94,123.5,123.95,eod,0.4299999999999926,0.003481781376518159,34.81781376518159,,
2011-10-24,1,900,959,125.605,125.50139999999999,125.595,125.5114,eod,-0.10360000000001435,-0.0008248736016562311,-8.248736016562312,,
2011-10-25,-1,900,959,123.99,123.07000000000001,124.0,123.06,eod,0.9199999999999875,0.007419354838709576,74.19354838709576,,
2011-10-26,1,900,959,123.98,124.3,123.97,124.31,eod,0.3199999999999932,0.0025812696620149487,25.812696620149488,,
2011-10-27,1,900,959,128.69,128.59,128.68,128.6,eod,-0.09999999999999432,-0.0007771215418090947,-7.771215418090947,,
2011-10-28,-1,900,959,128.32000000000002,128.62,128.33,128.61,eod,-0.29999999999998295,-0.0023377230577416265,-23.377230577416263,,
2011-10-31,-1,900,959,126.89,125.38000000000001,126.9,125.37,eod,1.509999999999991,0.011899133175728847,118.99133175728848,,
2011-11-01,-1,900,959,122.75999999999999,122.02000000000001,122.77,122.01,eod,0.7399999999999807,0.006027531155819669,60.27531155819669,,
2011-11-02,1,900,959,123.71000000000001,123.97999999999999,123.7,123.99,eod,0.2699999999999818,0.0021827000808405965,21.827000808405966,,
2011-11-03,1,900,959,125.83500000000001,126.25,125.825,126.26,eod,0.41499999999999204,0.003298231670971524,32.98231670971524,,
2011-11-04,-1,900,959,125.39999999999999,125.48,125.41,125.47,eod,-0.0800000000000125,-0.0006379076628658999,-6.379076628658999,,
2011-11-07,1,900,959,125.96000000000001,126.25999999999999,125.95,126.27,eod,0.29999999999998295,0.002381897578403993,23.81897578403993,,
2011-11-08,1,900,959,127.5,127.86,127.49,127.87,eod,0.35999999999999943,0.0028237508824221465,28.237508824221464,,
2011-11-09,-1,900,959,123.32,123.18,123.33,123.17,eod,0.13999999999998636,0.0011351658152921947,11.351658152921948,,
2011-11-10,1,900,959,123.81,124.24,123.8,124.25,eod,0.4299999999999926,0.003473344103392509,34.73344103392509,,
2011-11-11,1,900,959,126.58,126.67999999999999,126.57,126.69,eod,0.09999999999999432,0.0007900766374337862,7.900766374337862,,
2011-11-14,-1,900,959,124.931,125.49000000000001,124.941,125.48,eod,-0.5590000000000117,-0.004474111780760613,-44.74111780760612,,
2011-11-16,-1,900,959,125.71,124.10000000000001,125.72,124.09,eod,1.6099999999999852,0.012806236080178056,128.06236080178056,,
2011-11-17,-1,900,959,121.78,122.10000000000001,121.79,122.09,eod,-0.3200000000000074,-0.002627473519993492,-26.274735199934916,,
2011-11-21,-1,900,959,119.5,119.67,119.51,119.66,eod,-0.1700000000000017,-0.0014224751066856472,-14.224751066856472,,
2011-11-23,-1,900,959,116.91,116.64,116.92,116.63,eod,0.269999999999996,0.002309271296613035,23.09271296613035,,
2011-11-28,1,900,959,119.38000000000001,119.69999999999999,119.37,119.71,eod,0.31999999999997897,0.002680740554578026,26.80740554578026,,
2011-11-29,1,900,959,120.19000000000001,120.02,120.18,120.03,eod,-0.17000000000001592,-0.0014145448493927102,-14.145448493927102,,
2011-11-30,1,900,959,124.07000000000001,125.07969999999999,124.06,125.0897,eod,1.009699999999981,0.008138803804610519,81.3880380461052,,
2011-12-05,1,900,959,126.28,126.19999999999999,126.27,126.21,eod,-0.0800000000000125,-0.0006335629999209037,-6.335629999209037,,
2011-12-07,-1,900,959,125.80999999999999,126.66000000000001,125.82,126.65,eod,-0.8500000000000227,-0.006755682721348138,-67.55682721348138,,
2011-12-08,-1,900,959,124.25999999999999,123.98,124.27,123.97,eod,0.2799999999999869,0.0022531584453205676,22.531584453205678,,
2011-12-09,1,900,959,126.19000000000001,126.02,126.18,126.03,eod,-0.17000000000001592,-0.0013472816611191623,-13.472816611191623,,
2011-12-12,-1,900,959,123.69999999999999,124.2,123.71,124.19,eod,-0.5000000000000142,-0.004041710451863343,-40.41710451863343,,
2011-12-14,-1,900,959,121.67999999999999,121.75,121.69,121.74,eod,-0.07000000000000739,-0.0005752321472594905,-5.752321472594905,,
2011-12-15,1,900,959,122.19000000000001,122.17899999999999,122.18,122.189,eod,-0.011000000000024102,-9.003110165349567e-05,-0.9003110165349567,,
2011-12-20,1,900,959,123.91000000000001,123.92,123.9,123.93,eod,0.009999999999990905,8.071025020170222e-05,0.8071025020170222,,
2011-12-22,1,900,959,125.11,125.3,125.1,125.31,eod,0.18999999999999773,0.001518784972022364,15.18784972022364,,
2011-12-23,1,900,959,126.06,126.36999999999999,126.05,126.38,eod,0.30999999999998806,0.0024593415311383424,24.593415311383424,,
2011-12-27,1,900,959,126.71000000000001,126.44999999999999,126.7,126.46,eod,-0.2600000000000193,-0.002052091554854138,-20.52091554854138,,
2011-12-28,-1,900,959,124.99,124.97,125.0,124.96,eod,0.01999999999999602,0.00015999999999996816,1.5999999999996817,,
2011-12-29,1,900,959,125.87,126.14999999999999,125.86,126.16,eod,0.2799999999999869,0.0022246941045605192,22.246941045605194,,
2012-01-03,1,900,959,128.06,127.58,128.05,127.59,eod,-0.480000000000004,-0.0037485357282311905,-37.4853572823119,,
2012-01-06,-1,900,959,127.83999999999999,127.80000000000001,127.85,127.79,eod,0.03999999999997783,0.00031286664059427323,3.1286664059427323,,
2012-01-10,1,900,959,129.29,129.15,129.28,129.16,eod,-0.13999999999998636,-0.0010829207920791024,-10.829207920791024,,
2012-01-13,-1,900,959,128.61,128.95999999999998,128.62,128.95,eod,-0.3499999999999659,-0.0027211942155183164,-27.211942155183163,,
2012-01-17,1,900,959,129.39999999999998,129.32000000000002,129.39,129.33,eod,-0.07999999999995566,-0.000618285802611915,-6.18285802611915,,
2012-01-18,1,900,959,130.56,130.77,130.55,130.78,eod,0.21000000000000796,0.0016085790884719107,16.085790884719106,,
2012-01-19,1,900,959,131.215,131.47,131.205,131.48,eod,0.25499999999999545,0.0019435234937692574,19.435234937692574,,
2012-01-20,-1,900,959,131.17000000000002,131.54999999999998,131.18,131.54,eod,-0.37999999999996703,-0.002896783046195815,-28.96783046195815,,
2012-01-24,-1,900,959,131.31,131.47,131.32,131.46,eod,-0.1599999999999966,-0.0012183978068839216,-12.183978068839217,,
2012-01-27,-1,900,959,131.71,131.72,131.72,131.71,eod,-0.009999999999990905,-7.59186152443889e-05,-0.759186152443889,,
2012-01-30,-1,900,959,131.23000000000002,131.37,131.24,131.36,eod,-0.13999999999998636,-0.0010667479427002922,-10.667479427002922,,
2012-02-01,1,900,959,132.85,132.44,132.84,132.45,eod,-0.4099999999999966,-0.003086419753086394,-30.86419753086394,,
2012-02-02,1,900,959,132.64399999999998,132.66,132.634,132.67,eod,0.016000000000019554,0.0001206327186092522,1.206327186092522,,
2012-02-03,1,900,959,134.51,134.54000000000002,134.5,134.55,eod,0.03000000000002956,0.00022304832713776623,2.230483271377662,,
2012-02-06,-1,900,959,134.27,134.45999999999998,134.28,134.45,eod,-0.1899999999999693,-0.001414953827822232,-14.14953827822232,,
2012-02-08,1,900,959,135.07999999999998,135.12,135.07,135.13,eod,0.040000000000020464,0.0002961427408012176,2.961427408012176,,
2012-02-09,1,900,959,135.42,135.34,135.41,135.35,eod,-0.07999999999998408,-0.0005907983162246812,-5.907983162246812,,
2012-02-10,-1,900,959,134.11,134.38,134.12,134.37,eod,-0.2699999999999818,-0.0020131225767967627,-20.131225767967628,,
2012-02-13,1,900,959,135.42999999999998,135.32000000000002,135.42,135.33,eod,-0.1099999999999568,-0.0008122876975332802,-8.122876975332803,,
2012-02-14,-1,900,959,134.5,135.23999999999998,134.51,135.23,eod,-0.7399999999999807,-0.005501449706341393,-55.01449706341393,,
2012-02-17,1,900,959,136.37,136.39000000000001,136.36,136.4,eod,0.020000000000010232,0.00014667057788215188,1.4667057788215188,,
2012-02-22,-1,900,959,136.05,136.03,136.06,136.02,eod,0.020000000000010232,0.00014699397324717206,1.4699397324717205,,
2012-02-24,1,900,959,136.7825,136.86,136.7725,136.87,eod,0.07750000000001478,0.0005666343746002652,5.666343746002652,,
2012-02-28,1,900,959,137.29999999999998,137.55,137.29,137.56,eod,0.2500000000000284,0.00182096292519505,18.209629251950503,,
2012-03-01,1,900,959,137.78,137.72,137.77,137.73,eod,-0.060000000000002274,-0.0004355084561225395,-4.355084561225395,,
2012-03-02,-1,900,959,137.375,137.32999999999998,137.385,137.32,eod,0.045000000000015916,0.00032754667540136056,3.2754667540136055,,
2012-03-05,-1,900,959,136.8,136.79999999999998,136.81,136.79,eod,2.842170943040401e-14,2.0774584774800094e-16,2.0774584774800093e-12,,
2012-03-06,-1,900,959,134.41500000000002,134.70999999999998,134.425,134.7,eod,-0.2949999999999591,-0.0021945322670631137,-21.945322670631136,,
2012-03-07,1,900,959,135.73,135.71,135.72,135.72,eod,-0.01999999999998181,-0.00014736221632759955,-1.4736221632759956,,
2012-03-08,1,900,959,137.20999999999998,137.01000000000002,137.2,137.02,eod,-0.1999999999999602,-0.001457725947521576,-14.57725947521576,,
2012-03-09,1,900,959,137.48,137.55,137.47,137.56,eod,0.0700000000000216,0.0005092020077109304,5.092020077109304,,
2012-03-13,1,900,959,138.78,140.05,138.77,140.06,eod,1.2700000000000102,0.009151833969878289,91.51833969878288,,
2012-03-16,-1,900,959,140.36,140.31,140.37,140.3,eod,0.05000000000001137,0.0003562014675501273,3.562014675501273,,
2012-03-19,1,900,959,141.07,140.84,141.06,140.85,eod,-0.22999999999998977,-0.0016305118389337145,-16.305118389337146,,
2012-03-20,-1,900,959,140.45000000000002,140.42999999999998,140.46,140.42,eod,0.020000000000038654,0.00014238929232549233,1.4238929232549233,,
2012-03-22,-1,900,959,139.07000000000002,139.17999999999998,139.08,139.17,eod,-0.1099999999999568,-0.0007909117054929306,-7.909117054929306,,
2012-03-26,1,900,959,141.265,141.55,141.255,141.56,eod,0.285000000000025,0.0020176276945950587,20.176276945950587,,
2012-03-28,-1,900,959,140.15,140.48,140.16,140.47,eod,-0.3299999999999841,-0.0023544520547944072,-23.54452054794407,,
2012-03-29,-1,900,959,139.74,140.23,139.75,140.22,eod,-0.4899999999999807,-0.003506261180679647,-35.06261180679647,,
2012-03-30,1,900,959,140.845,140.71,140.835,140.72,eod,-0.1349999999999909,-0.0009585685376503774,-9.585685376503774,,
2012-04-03,-1,900,959,140.71,141.29,140.72,141.28,eod,-0.5799999999999841,-0.004121660034110177,-41.21660034110177,,
2012-04-04,-1,900,959,139.88,139.89,139.89,139.88,eod,-0.009999999999990905,-7.148473800837019e-05,-0.7148473800837019,,
2012-04-09,-1,900,959,138.67000000000002,138.26,138.68,138.25,eod,0.410000000000025,0.002956446495529456,29.56446495529456,,
2012-04-11,1,900,959,137.1,136.93,137.09,136.94,eod,-0.1699999999999875,-0.0012400612736157815,-12.400612736157814,,
2012-04-12,1,900,959,138.76999999999998,138.82000000000002,138.76,138.83,eod,0.05000000000003979,0.00036033439031449836,3.6033439031449834,,
2012-04-13,-1,900,959,137.69,137.14,137.7,137.13,eod,0.5500000000000114,0.003994190268700156,39.94190268700156,,
2012-04-17,1,900,959,139.23999999999998,139.08,139.23,139.09,eod,-0.15999999999996817,-0.0011491776197656265,-11.491776197656266,,
2012-04-18,-1,900,959,138.87,138.63,138.88,138.62,eod,0.2400000000000091,0.0017281105990784066,17.281105990784067,,
2012-04-20,1,900,959,138.16,137.92000000000002,138.15,137.93,eod,-0.23999999999998067,-0.001737242128121467,-17.37242128121467,,
2012-04-23,-1,900,959,136.56,136.78,136.57,136.77,eod,-0.21999999999999886,-0.0016108955114593167,-16.10895511459317,,
2012-04-24,1,900,959,137.22,137.32000000000002,137.21,137.33,eod,0.10000000000002274,0.0007288098535093851,7.288098535093851,,
2012-04-25,1,900,959,139.12,139.18,139.11,139.19,eod,0.060000000000002274,0.00043131334914817246,4.313133491481724,,
2012-04-30,-1,900,959,139.64000000000001,139.82999999999998,139.65,139.82,eod,-0.1899999999999693,-0.001360544217686855,-13.60544217686855,,
2012-05-02,-1,900,959,140.25,140.35,140.26,140.34,eod,-0.09999999999999432,-0.0007129616426635843,-7.129616426635843,,
2012-05-04,-1,900,959,137.15,137.01,137.16,137.0,eod,0.14000000000001478,0.0010207057451153017,10.207057451153018,,
2012-05-08,-1,900,959,136.0,136.53,136.01,136.52,eod,-0.5300000000000011,-0.003896772296154703,-38.96772296154703,,
2012-05-09,-1,900,959,135.88,135.73999999999998,135.89,135.73,eod,0.14000000000001478,0.0010302450511444168,10.302450511444167,,
2012-05-10,1,900,959,136.26,136.02,136.25,136.03,eod,-0.23999999999998067,-0.001761467889908115,-17.61467889908115,,
2012-05-14,-1,900,959,134.405,134.14999999999998,134.415,134.14,eod,0.2550000000000239,0.001897109697578573,18.97109697578573,,
2012-05-17,-1,900,959,131.65,130.84,131.66,130.83,eod,0.8100000000000023,0.0061522102384931054,61.52210238493105,,
2012-05-21,1,900,959,131.67,131.94,131.66,131.95,eod,0.27000000000001023,0.0020507367461644406,20.507367461644407,,
2012-05-22,1,900,959,132.57,132.06,132.56,132.07,eod,-0.5099999999999909,-0.0038473144236571433,-38.473144236571436,,
2012-05-23,-1,900,959,131.26000000000002,132.26999999999998,131.27,132.26,eod,-1.0099999999999625,-0.007694065666183914,-76.94065666183914,,
2012-05-29,1,900,959,133.3005,133.679,133.2905,133.689,eod,0.3785000000000025,0.002839662241495099,28.39662241495099,,
2012-05-30,-1,900,959,131.91,131.79999999999998,131.92,131.79,eod,0.11000000000001364,0.0008338386901153249,8.338386901153248,,
2012-06-01,-1,900,959,128.4,128.23,128.41,128.22,eod,0.17000000000001592,0.0013238844326767067,13.238844326767067,,
2012-06-05,1,900,959,128.98999999999998,129.00900000000001,128.98,129.019,eod,0.01900000000003388,0.00014730966041272972,1.4730966041272973,,
2012-06-06,1,900,959,131.422,132.0,131.412,132.01,eod,0.578000000000003,0.0043983806653882665,43.98380665388267,,
2012-06-07,1,900,959,132.85,132.01000000000002,132.84,132.02,eod,-0.839999999999975,-0.0063233965672988175,-63.23396567298818,,
2012-06-12,1,900,959,132.44,132.94,132.43,132.95,eod,0.5,0.003775579551461149,37.75579551461149,,
2012-06-13,-1,900,959,132.32000000000002,132.1,132.33,132.09,eod,0.22000000000002728,0.0016625103906901478,16.62510390690148,,
2012-06-14,1,900,959,132.69,133.48000000000002,132.68,133.49,eod,0.7900000000000205,0.005954175459752942,59.54175459752942,,
2012-06-19,1,900,959,135.88,135.69,135.87,135.7,eod,-0.18999999999999773,-0.0013983955251343028,-13.983955251343028,,
2012-06-22,1,900,959,133.51999999999998,133.45000000000002,133.51,133.46,eod,-0.06999999999996476,-0.0005243052954832204,-5.243052954832204,,
2012-06-25,-1,900,959,131.07000000000002,131.29,131.08,131.28,eod,-0.21999999999997044,-0.001678364357643961,-16.78364357643961,,
2012-06-26,1,900,959,132.13,131.96,132.12,131.97,eod,-0.1699999999999875,-0.0012867090523765326,-12.867090523765325,,
2012-06-27,1,900,959,132.92999999999998,133.17000000000002,132.92,133.18,eod,0.24000000000003752,0.0018055973517908332,18.05597351790833,,
2012-06-28,-1,900,959,131.58,132.79999999999998,131.59,132.79,eod,-1.2199999999999704,-0.009271221217417512,-92.71221217417512,,
2012-06-29,1,900,959,135.849,136.21,135.839,136.22,eod,0.3610000000000184,0.0026575578442127696,26.575578442127696,,
2012-07-05,-1,900,959,137.07000000000002,136.815,137.08,136.805,eod,0.2550000000000239,0.0018602276043188201,18.6022760431882,,
2012-07-06,-1,900,959,135.10000000000002,135.53,135.11,135.52,eod,-0.4299999999999784,-0.0031825919621047915,-31.825919621047916,,
2012-07-09,-1,900,959,134.94,135.32,134.95,135.31,eod,-0.37999999999999545,-0.002815857725083331,-28.158577250833307,,
2012-07-12,-1,900,959,133.8,133.6,133.81,133.59,eod,0.20000000000001705,0.0014946566026456695,14.946566026456695,,
2012-07-13,1,900,959,135.54,135.69,135.53,135.7,eod,0.15000000000000568,0.0011067660296613716,11.067660296613715,,
2012-07-17,1,900,959,136.51,136.38,136.5,136.39,eod,-0.12999999999999545,-0.0009523809523809191,-9.523809523809192,,
2012-07-18,1,900,959,137.13,137.34,137.12,137.35,eod,0.21000000000000796,0.001531505250875204,15.31505250875204,,
2012-07-19,1,900,959,137.73999999999998,137.70000000000002,137.73,137.71,eod,-0.03999999999996362,-0.0002904232919477501,-2.9042329194775007,,
2012-07-20,-1,900,959,136.42000000000002,136.47,136.43,136.46,eod,-0.04999999999998295,-0.00036648830902281715,-3.6648830902281713,,
2012-07-23,-1,900,959,134.86,135.14,134.87,135.13,eod,-0.2799999999999727,-0.0020760732557275354,-20.760732557275354,,
2012-07-24,-1,900,959,133.31,134.0,133.32,133.99,eod,-0.6899999999999977,-0.005175517551755159,-51.75517551755159,,
2012-07-26,1,900,959,136.01,136.09900000000002,136.0,136.109,eod,0.08900000000002706,0.0006544117647060813,6.544117647060813,,
2012-07-27,1,900,959,138.70999999999998,138.69,138.7,138.7,eod,-0.01999999999998181,-0.00014419610670498784,-1.4419610670498784,,
2012-08-02,-1,900,959,136.18,136.67,136.19,136.66,eod,-0.4899999999999807,-0.0035979146780232077,-35.97914678023208,,
2012-08-03,1,900,959,139.44,139.34,139.43,139.35,eod,-0.09999999999999432,-0.0007172057663343205,-7.172057663343205,,
2012-08-06,1,900,959,140.07,139.62,140.06,139.63,eod,-0.44999999999998863,-0.0032129087533913224,-32.12908753391322,,
2012-08-07,1,900,959,140.6,140.28,140.59,140.29,eod,-0.3199999999999932,-0.0022761220570452607,-22.761220570452608,,
2012-08-14,1,900,959,141.06,140.75,141.05,140.76,eod,-0.3100000000000023,-0.002197802197802214,-21.978021978022138,,
2012-08-15,1,900,959,141.075,140.91,141.065,140.92,eod,-0.16499999999999204,-0.0011696735547442104,-11.696735547442104,,
2012-08-17,1,900,959,142.13,142.18,142.12,142.19,eod,0.05000000000001137,0.00035181536729532345,3.5181536729532343,,
2012-08-23,-1,900,959,140.74,140.7,140.75,140.69,eod,0.040000000000020464,0.0002841918294850477,2.841918294850477,,
2012-08-30,-1,900,959,140.69,140.48,140.7,140.47,eod,0.21000000000000796,0.0014925373134328924,14.925373134328924,,
2012-08-31,1,900,959,141.31,141.15,141.3,141.16,eod,-0.1599999999999966,-0.0011323425336163947,-11.323425336163947,,
2012-09-06,1,900,959,143.59,143.73000000000002,143.58,143.74,eod,0.14000000000001478,0.0009750661652041702,9.750661652041702,,
2012-09-07,1,900,959,144.2,144.32000000000002,144.19,144.33,eod,0.12000000000003297,0.0008322352451628613,8.322352451628614,,
2012-09-11,1,900,959,143.95,143.87,143.94,143.88,eod,-0.07999999999998408,-0.0005557871335277483,-5.557871335277483,,
2012-09-12,1,900,959,144.165,144.32000000000002,144.155,144.33,eod,0.15500000000002956,0.0010752315216262325,10.752315216262325,,
2012-09-14,1,900,959,147.31,147.19,147.3,147.2,eod,-0.12000000000000455,-0.0008146639511201938,-8.146639511201938,,
2012-09-17,-1,900,959,146.60000000000002,146.78,146.61,146.77,eod,-0.1799999999999784,-0.0012277470841005277,-12.277470841005277,,
2012-09-18,-1,900,959,146.38,146.63,146.39,146.62,eod,-0.25,-0.0017077669239702166,-17.077669239702168,,
2012-09-20,-1,900,959,146.53,146.73,146.54,146.72,eod,-0.19999999999998863,-0.0013648150675582683,-13.648150675582684,,
2012-09-21,-1,900,959,146.09,145.89,146.1,145.88,eod,0.20000000000001705,0.0013689253935661675,13.689253935661675,,
2012-09-26,-1,900,959,143.54000000000002,143.34,143.55,143.33,eod,0.20000000000001705,0.001393242772553236,13.93242772553236,,
2012-09-27,1,900,959,144.76999999999998,144.68,144.76,144.69,eod,-0.08999999999997499,-0.0006217187068249171,-6.217187068249171,,
2012-09-28,-1,900,959,144.08,143.91,144.09,143.9,eod,0.17000000000001592,0.001179818169199916,11.79818169199916,,
2012-10-01,1,900,959,144.89,144.32000000000002,144.88,144.33,eod,-0.5699999999999648,-0.00393429044726646,-39.3429044726646,,
2012-10-04,1,900,959,146.12,146.19,146.11,146.2,eod,0.06999999999999318,0.00047909109574973085,4.790910957497308,,
2012-10-08,-1,900,959,145.58,145.64999999999998,145.59,145.64,eod,-0.06999999999996476,-0.00048080225290174296,-4.808022529017429,,
2012-10-09,-1,900,959,144.691,144.22,144.701,144.21,eod,0.47100000000000364,0.0032549878715420325,32.54987871542033,,
2012-10-10,-1,900,959,143.27,143.34,143.28,143.33,eod,-0.06999999999999318,-0.0004885538805136319,-4.885538805136319,,
2012-10-11,1,900,959,143.54,143.39000000000001,143.53,143.4,eod,-0.14999999999997726,-0.0010450776841076936,-10.450776841076935,,
2012-10-15,1,900,959,143.625,144.07000000000002,143.615,144.08,eod,0.4450000000000216,0.0030985621279115802,30.9856212791158,,
2012-10-16,1,900,959,145.38,145.56,145.37,145.57,eod,0.18000000000000682,0.0012382197152095123,12.382197152095124,,
2012-10-17,1,900,959,146.17,146.18,146.16,146.19,eod,0.010000000000019327,6.841817186657996e-05,0.6841817186657996,,
2012-10-18,-1,900,959,145.65,145.88,145.66,145.87,eod,-0.22999999999998977,-0.0015790196347658229,-15.79019634765823,,
2012-10-19,-1,900,959,143.4,143.35999999999999,143.41,143.35,eod,0.040000000000020464,0.00027892057736573784,2.7892057736573785,,
2012-10-23,-1,900,959,141.87990000000002,141.41,141.8899,141.4,eod,0.46990000000002397,0.003311722680754754,33.11722680754754,,
2012-10-25,1,900,959,141.245,141.41,141.235,141.42,eod,0.16499999999999204,0.0011682656565298406,11.682656565298407,,
2012-11-01,1,900,959,142.8301,142.87,142.8201,142.88,eod,0.039900000000017144,0.0002793724412741424,2.793724412741424,,
2012-11-06,1,900,959,143.09,142.91,143.08,142.92,eod,-0.18000000000000682,-0.001258037461560014,-12.58037461560014,,
2012-11-07,-1,900,959,140.29000000000002,139.73,140.3,139.72,eod,0.5600000000000307,0.003991446899501288,39.914468995012875,,
2012-11-12,1,900,959,138.44,138.26000000000002,138.43,138.27,eod,-0.1799999999999784,-0.0013002961785738524,-13.002961785738524,,
2012-11-19,1,900,959,138.78,139.10000000000002,138.77,139.11,eod,0.3200000000000216,0.0023059739136702573,23.05973913670257,,
2012-11-20,-1,900,959,138.80700000000002,139.23999999999998,138.817,139.23,eod,-0.4329999999999643,-0.003119214505427752,-31.19214505427752,,
2012-11-26,-1,900,959,140.835,141.1,140.845,141.09,eod,-0.26499999999998636,-0.0018815009407503736,-18.815009407503737,,
2012-11-29,1,900,959,142.23999999999998,142.13,142.23,142.14,eod,-0.10999999999998522,-0.0007733952049496255,-7.733952049496255,,
2012-12-07,1,900,959,142.2501,142.39000000000001,142.2401,142.4,eod,0.13990000000001146,0.0009835482399127352,9.835482399127352,,
2012-12-11,1,900,959,143.42,143.42000000000002,143.41,143.43,eod,2.842170943040401e-14,1.9818499010113666e-16,1.9818499010113665e-12,,
2012-12-12,1,900,959,144.04999999999998,143.5,144.04,143.51,eod,-0.549999999999983,-0.003818383782282581,-38.18383782282581,,
2012-12-14,-1,900,959,142.02100000000002,142.12,142.031,142.11,eod,-0.09899999999998954,-0.0006970309298673496,-6.970309298673496,,
2012-12-17,1,900,959,143.17999999999998,143.76000000000002,143.17,143.77,eod,0.5800000000000409,0.004051128029615429,40.51128029615429,,
2012-12-19,-1,900,959,144.67000000000002,144.29,144.68,144.28,eod,0.3800000000000239,0.0026264860381533307,26.264860381533307,,
2012-12-21,-1,900,959,142.57500000000002,142.81,142.585,142.8,eod,-0.23499999999998522,-0.0016481397061400933,-16.481397061400934,,
2012-12-28,-1,900,959,140.64000000000001,139.95999999999998,140.65,139.95,eod,0.6800000000000352,0.004834696054035088,48.346960540350885,,
2012-12-31,1,900,959,142.04,142.45000000000002,142.03,142.46,eod,0.410000000000025,0.0028867140744914806,28.867140744914806,,
2013-01-02,1,900,959,145.07999999999998,146.08,145.07,146.09,eod,1.0000000000000284,0.006893223960846684,68.93223960846684,,
2013-01-03,-1,900,959,145.84,145.78,145.85,145.77,eod,0.060000000000002274,0.00041138155639357065,4.113815563935707,,
2013-01-04,1,900,959,146.32999999999998,146.37,146.32,146.38,eod,0.040000000000020464,0.00027337342810292826,2.7337342810292826,,
2013-01-07,-1,900,959,145.86,145.975,145.87,145.965,eod,-0.11499999999998067,-0.0007883732090215992,-7.883732090215991,,
2013-01-08,-1,900,959,145.3,145.54999999999998,145.31,145.54,eod,-0.24999999999997158,-0.0017204597068334704,-17.204597068334703,,
2013-01-09,1,900,959,145.73999999999998,145.94,145.73,145.95,eod,0.20000000000001705,0.0013724010155768687,13.724010155768687,,
2013-01-10,1,900,959,146.82999999999998,147.06,146.82,147.07,eod,0.2300000000000182,0.0015665440675658507,15.665440675658507,,
2013-01-14,-1,900,959,146.9,146.97,146.91,146.96,eod,-0.06999999999999318,-0.0004764821999863398,-4.764821999863398,,
2013-01-17,1,900,959,148.25,147.91,148.24,147.92,eod,-0.3400000000000034,-0.002293577981651399,-22.93577981651399,,
2013-01-25,1,900,959,150.06,150.19,150.05,150.2,eod,0.12999999999999545,0.0008663778740419557,8.663778740419557,,
2013-02-01,1,900,959,151.16,151.21,151.15,151.22,eod,0.05000000000001137,0.00033079722130341626,3.3079722130341627,,
2013-02-04,-1,900,959,150.02,149.54999999999998,150.03,149.54,eod,0.4700000000000273,0.0031327067919751203,31.327067919751205,,
2013-02-05,1,900,959,151.35999999999999,151.05,151.35,151.06,eod,-0.30999999999997385,-0.002048232573504948,-20.482325735049482,,
2013-02-06,-1,900,959,150.93,151.17999999999998,150.94,151.17,eod,-0.24999999999997158,-0.0016562872664633071,-16.562872664633073,,
2013-02-07,-1,900,959,150.79000000000002,150.95,150.8,150.94,eod,-0.15999999999996817,-0.0010610079575594706,-10.610079575594707,,
2013-02-08,1,900,959,151.75,151.77,151.74,151.78,eod,0.020000000000010232,0.00013180440226710313,1.3180440226710313,,
2013-02-11,-1,900,959,151.595,151.76999999999998,151.605,151.76,eod,-0.17499999999998295,-0.0011543154909137757,-11.543154909137757,,
2013-02-19,1,900,959,153.1,153.21,153.09,153.22,eod,0.11000000000001364,0.0007185315827292027,7.185315827292027,,
2013-02-20,-1,900,959,151.955,151.32,151.965,151.31,eod,0.6350000000000193,0.004178593755141113,41.78593755141113,,
2013-02-21,-1,900,959,150.4401,150.42,150.4501,150.41,eod,0.02010000000001355,0.00013359911359323492,1.3359911359323493,,
2013-02-22,1,900,959,151.44,151.83,151.43,151.84,eod,0.3900000000000148,0.0025754474014397064,25.754474014397065,,
2013-02-26,1,900,959,149.89,150.0,149.88,150.01,eod,0.11000000000001364,0.0007339204697091917,7.339204697091917,,
2013-02-27,1,900,959,152.10899999999998,151.9,152.099,151.91,eod,-0.20899999999997476,-0.0013741050237015022,-13.741050237015022,,
2013-02-28,1,900,959,152.51,151.60000000000002,152.5,151.61,eod,-0.9099999999999682,-0.005967213114753889,-59.67213114753889,,
2013-03-05,1,900,959,154.34,154.3,154.33,154.31,eod,-0.03999999999999204,-0.00025918486360391394,-2.5918486360391393,,
2013-03-06,1,900,959,154.76999999999998,154.5,154.76,154.51,eod,-0.2699999999999818,-0.0017446368570688926,-17.446368570688925,,
2013-03-07,1,900,959,154.785,154.78,154.775,154.79,eod,-0.0049999999999954525,-3.2304958811148134e-05,-0.3230495881114813,,
2013-03-08,1,900,959,155.3301,155.43,155.3201,155.44,eod,0.09990000000001942,0.0006431878423978572,6.4318784239785725,,
2013-03-14,1,900,959,156.57999999999998,156.72,156.57,156.73,eod,0.14000000000001478,0.0008941687424156274,8.941687424156274,,
2013-03-15,-1,900,959,155.58,155.85,155.59,155.84,eod,-0.2699999999999818,-0.001735330034063769,-17.353300340637688,,
2013-03-18,-1,900,959,155.27,154.95999999999998,155.28,154.95,eod,0.3100000000000307,0.0019963936115406406,19.963936115406405,,
2013-03-20,1,900,959,155.695,155.64000000000001,155.685,155.65,eod,-0.0549999999999784,-0.00035327745126363105,-3.5327745126363106,,
2013-03-21,-1,900,959,154.678,154.37,154.688,154.36,eod,0.3079999999999927,0.0019911046752171643,19.911046752171643,,
2013-03-22,1,900,959,155.32,155.5,155.31,155.51,eod,0.18000000000000682,0.0011589723778250391,11.589723778250391,,
2013-03-26,1,900,959,155.92999999999998,156.13,155.92,156.14,eod,0.20000000000001705,0.001282709081580407,12.827090815804072,,
2013-04-02,1,900,959,156.79,156.79000000000002,156.78,156.8,eod,2.842170943040401e-14,1.8128402494198244e-16,1.8128402494198244e-12,,
2013-04-03,-1,900,959,155.54000000000002,155.26999999999998,155.55,155.26,eod,0.27000000000003865,0.0017357762777244529,17.357762777244528,,
2013-04-04,1,900,959,155.64,155.841,155.63,155.851,eod,0.20100000000002183,0.001291524770288645,12.91524770288645,,
2013-04-05,-1,900,959,154.81900000000002,155.2,154.829,155.19,eod,-0.3809999999999718,-0.002460779311369135,-24.60779311369135,,
2013-04-10,1,900,959,158.67,158.69,158.66,158.7,eod,0.020000000000010232,0.00012605571662681353,1.2605571662681352,,
2013-04-12,-1,900,959,158.49,158.808,158.5,158.798,eod,-0.31799999999998363,-0.002006309148264881,-20.063091482648808,,
2013-04-15,-1,900,959,156.02,155.10999999999999,156.03,155.1,eod,0.910000000000025,0.005832211754150003,58.322117541500035,,
2013-04-16,1,900,959,156.725,157.38,156.715,157.39,eod,0.6550000000000011,0.004179561624605182,41.79561624605182,,
2013-04-17,-1,900,959,155.06,155.07,155.07,155.06,eod,-0.009999999999990905,-6.448700586825889e-05,-0.6448700586825888,,
2013-04-18,-1,900,959,153.73000000000002,154.17999999999998,153.74,154.17,eod,-0.4499999999999602,-0.0029270196435537935,-29.270196435537933,,
2013-04-19,1,900,959,155.14,155.44,155.13,155.45,eod,0.30000000000001137,0.001933861922258824,19.33861922258824,,
2013-04-23,1,900,959,157.575,157.81,157.565,157.82,eod,0.23500000000001364,0.0014914479738521477,14.914479738521477,,
2013-04-25,1,900,959,158.75,158.54000000000002,158.74,158.55,eod,-0.20999999999997954,-0.0013229179790851678,-13.229179790851678,,
2013-04-29,1,900,959,159.571,159.32000000000002,159.561,159.33,eod,-0.25099999999997635,-0.0015730661001120345,-15.730661001120344,,
2013-05-01,-1,900,959,158.86,158.2825,158.87,158.2725,eod,0.5775000000000148,0.0036350475231322135,36.350475231322136,,
2013-05-02,1,900,959,159.79999999999998,159.71,159.79,159.72,eod,-0.08999999999997499,-0.0005632392515174604,-5.632392515174604,,
2013-05-03,1,900,959,161.42999999999998,161.37,161.42,161.38,eod,-0.05999999999997385,-0.0003717011522734101,-3.7170115227341007,,
2013-05-07,1,900,959,162.629,162.58,162.619,162.59,eod,-0.04899999999997817,-0.0003013178041924878,-3.0131780419248777,,
2013-05-08,1,900,959,162.95,163.33,162.94,163.34,eod,0.3800000000000239,0.002332146802504136,23.32146802504136,,
2013-05-10,1,900,959,163.06099999999998,163.44,163.051,163.45,eod,0.3790000000000191,0.0023244260998093796,23.244260998093797,,
2013-05-14,1,900,959,164.78,165.26000000000002,164.77,165.27,eod,0.4800000000000182,0.0029131516659587193,29.13151665958719,,
2013-05-17,1,900,959,166.76,166.96,166.75,166.97,eod,0.20000000000001705,0.0011994002998501772,11.994002998501772,,
2013-05-21,1,900,959,167.493,167.18,167.483,167.19,eod,-0.3129999999999882,-0.0018688463903798484,-18.688463903798485,,
2013-05-23,-1,900,959,165.65,165.44,165.66,165.43,eod,0.21000000000000796,0.00126765664614275,12.6765664614275,,
2013-05-24,-1,900,959,165.13,165.32999999999998,165.14,165.32,eod,-0.19999999999998863,-0.001211093617536567,-12.11093617536567,,
2013-05-28,1,900,959,166.225,166.29000000000002,166.215,166.3,eod,0.06500000000002615,0.0003910597719822287,3.910597719822287,,
2013-05-29,-1,900,959,165.31,165.23,165.32,165.22,eod,0.0800000000000125,0.00048390999274142577,4.839099927414257,,
2013-05-30,1,900,959,166.51,165.81,166.5,165.82,eod,-0.6999999999999886,-0.004204204204204136,-42.04204204204136,,
2013-05-31,-1,900,959,164.66,163.45,164.67,163.44,eod,1.210000000000008,0.007348029392117618,73.48029392117618,,
2013-06-05,-1,900,959,161.63,161.26999999999998,161.64,161.26,eod,0.36000000000001364,0.0022271714922049842,22.271714922049842,,
2013-06-06,1,900,959,161.97,162.69,161.96,162.7,eod,0.7199999999999989,0.004445542109162749,44.45542109162749,,
2013-06-07,1,900,959,164.35,164.8,164.34,164.81,eod,0.45000000000001705,0.0027382256297919984,27.382256297919984,,
2013-06-11,-1,900,959,163.83,163.13,163.84,163.12,eod,0.700000000000017,0.004272460937500104,42.72460937500104,,
2013-06-13,1,900,959,163.54,164.20000000000002,163.53,164.21,eod,0.660000000000025,0.004035956705191861,40.35956705191861,,
2013-06-17,1,900,959,163.76999999999998,164.44,163.76,164.45,eod,0.6700000000000159,0.004091353199804689,40.91353199804689,,
2013-06-18,1,900,959,165.92999999999998,165.73000000000002,165.92,165.74,eod,-0.1999999999999602,-0.001205400192863791,-12.054001928637911,,
2013-06-19,-1,900,959,163.98000000000002,163.47,163.99,163.46,eod,0.5100000000000193,0.0031099457283981905,31.099457283981906,,
2013-06-20,-1,900,959,159.4,159.39,159.41,159.38,eod,0.010000000000019327,6.27313217490705e-05,0.6273132174907049,,
2013-06-21,-1,900,959,159.08,158.995,159.09,158.985,eod,0.08500000000000796,0.000534288767364435,5.342887673644349,,
2013-06-24,-1,900,959,157.9,157.04,157.91,157.03,eod,0.8600000000000136,0.005446140206446797,54.46140206446797,,
2013-06-25,1,900,959,158.48999999999998,158.58,158.48,158.59,eod,0.09000000000003183,0.0005678950025241787,5.678950025241787,,
2013-06-26,1,900,959,160.25,160.13,160.24,160.14,eod,-0.12000000000000455,-0.0007488766849725695,-7.488766849725695,,
2013-06-27,1,900,959,161.23999999999998,161.12,161.23,161.13,eod,-0.11999999999997613,-0.0007442783601065319,-7.442783601065319,,
2013-07-01,1,900,959,161.84,161.34,161.83,161.35,eod,-0.5,-0.0030896619909781867,-30.89661990978187,,
2013-07-05,1,900,959,162.70999999999998,162.99,162.7,163.0,eod,0.28000000000002956,0.0017209588199141338,17.20958819914134,,
2013-07-08,1,900,959,164.0599,163.9,164.0499,163.91,eod,-0.15989999999999327,-0.0009747034286518508,-9.747034286518508,,
2013-07-09,1,900,959,165.07999999999998,165.08,165.07,165.09,eod,2.842170943040401e-14,1.7217973847703403e-16,1.7217973847703402e-12,,
2013-07-11,1,900,959,167.28,167.42000000000002,167.27,167.43,eod,0.14000000000001478,0.0008369701679919577,8.369701679919578,,
2013-07-16,-1,900,959,167.43,167.53,167.44,167.52,eod,-0.09999999999999432,-0.0005972288580983893,-5.972288580983893,,
2013-07-17,1,900,959,167.881,167.95000000000002,167.871,167.96,eod,0.06900000000001683,0.0004110298979574603,4.110298979574603,,
2013-07-18,1,900,959,169.01999999999998,168.88,169.01,168.89,eod,-0.13999999999998636,-0.0008283533518725895,-8.283533518725896,,
2013-07-26,-1,900,959,168.71,169.14,168.72,169.13,eod,-0.4299999999999784,-0.0025486012328116312,-25.486012328116313,,
2013-07-29,-1,900,959,168.69,168.57999999999998,168.7,168.57,eod,0.11000000000001364,0.0006520450503853803,6.520450503853803,,
2013-07-31,1,900,959,169.85,168.60000000000002,169.84,168.61,eod,-1.2499999999999716,-0.00735986811116328,-73.5986811116328,,
2013-08-01,1,900,959,170.59,170.65,170.58,170.66,eod,0.060000000000002274,0.0003517411185367703,3.5174111853677026,,
2013-08-05,-1,900,959,170.66,170.73999999999998,170.67,170.73,eod,-0.07999999999998408,-0.00046874084490527973,-4.687408449052797,,
2013-08-06,-1,900,959,169.74,169.76,169.75,169.75,eod,-0.01999999999998181,-0.00011782032400578385,-1.1782032400578386,,
2013-08-07,-1,900,959,169.185,169.20999999999998,169.195,169.2,eod,-0.024999999999977263,-0.00014775850350174215,-1.4775850350174216,,
2013-08-08,1,900,959,170.01999999999998,169.78,170.01,169.79,eod,-0.23999999999998067,-0.001411681665784252,-14.11681665784252,,
2013-08-12,-1,900,959,168.985,169.12,168.995,169.11,eod,-0.1349999999999909,-0.0007988402023727974,-7.988402023727974,,
2013-08-15,-1,900,959,166.51000000000002,166.35999999999999,166.52,166.35,eod,0.1500000000000341,0.0009007926975740698,9.007926975740698,,
2013-08-20,1,900,959,165.91,165.57000000000002,165.9,165.58,eod,-0.339999999999975,-0.002049427365882911,-20.494273658829112,,
2013-08-22,1,900,959,165.791,165.98000000000002,165.781,165.99,eod,0.18900000000002137,0.0011400582696450218,11.400582696450218,,
2013-08-23,1,900,959,166.45999999999998,166.58,166.45,166.59,eod,0.12000000000003297,0.0007209372183840972,7.209372183840972,,
2013-08-26,1,900,959,166.95,165.97,166.94,165.98,eod,-0.9799999999999898,-0.005870372588954054,-58.70372588954054,,
2013-08-27,-1,900,959,163.70000000000002,163.32999999999998,163.71,163.32,eod,0.37000000000003297,0.0022600940687803614,22.600940687803615,,
2013-08-28,1,900,959,164.01999999999998,163.91,164.01,163.92,eod,-0.10999999999998522,-0.0006706908115357918,-6.706908115357918,,
2013-08-29,1,900,959,164.67,164.16,164.66,164.17,eod,-0.5099999999999909,-0.0030972913883152613,-30.972913883152614,,
2013-09-03,1,900,959,164.09,164.37,164.08,164.38,eod,0.28000000000000114,0.001706484641638232,17.06484641638232,,
2013-09-04,1,900,959,165.89,165.75,165.88,165.76,eod,-0.13999999999998636,-0.00084398360260421,-8.4398360260421,,
2013-09-05,1,900,959,166.1799,165.905,166.1699,165.915,eod,-0.27490000000000236,-0.0016543308986766096,-16.543308986766096,,
2013-09-09,1,900,959,167.57,167.63,167.56,167.64,eod,0.060000000000002274,0.0003580806875149336,3.580806875149336,,
2013-09-10,1,900,959,168.73499999999999,168.88,168.725,168.89,eod,0.14500000000001023,0.0008593865757890665,8.593865757890665,,
2013-09-13,1,900,959,169.28,169.33,169.27,169.34,eod,0.05000000000001137,0.00029538606959302516,2.9538606959302514,,
2013-09-16,1,900,959,170.23,170.3,170.22,170.31,eod,0.0700000000000216,0.00041123252261791567,4.1123252261791565,,
2013-09-17,1,900,959,171.04,171.03,171.03,171.04,eod,-0.009999999999990905,-5.846927439625156e-05,-0.5846927439625156,,
2013-09-20,-1,900,959,171.01500000000001,170.72,171.025,170.71,eod,0.2950000000000159,0.001724894021342002,17.24894021342002,,
2013-09-23,-1,900,959,170.13,169.94,170.14,169.93,eod,0.18999999999999773,0.0011167274009638989,11.167274009638989,,
2013-09-25,-1,900,959,169.17000000000002,169.09,169.18,169.08,eod,0.0800000000000125,0.00047286913346738683,4.728691334673869,,
2013-09-27,-1,900,959,168.77,168.95,168.78,168.94,eod,-0.1799999999999784,-0.001066477070742851,-10.66477070742851,,
2013-09-30,-1,900,959,168.13,168.01999999999998,168.14,168.01,eod,0.11000000000001364,0.0006542167241585206,6.542167241585206,,
2013-10-01,1,900,959,168.96599999999998,169.32000000000002,168.956,169.33,eod,0.35400000000004184,0.002095220057293271,20.95220057293271,,
2013-10-02,-1,900,959,168.78,169.16,168.79,169.15,eod,-0.37999999999999545,-0.002251318206054834,-22.513182060548342,,
2013-10-03,-1,900,959,167.8699,167.67999999999998,167.8799,167.67,eod,0.18990000000002283,0.0011311657917357756,11.311657917357756,,
2013-10-04,1,900,959,168.97379999999998,168.85000000000002,168.9638,168.86,eod,-0.12379999999996016,-0.0007327013241887326,-7.327013241887326,,
2013-10-07,-1,900,959,168.23000000000002,167.45999999999998,168.24,167.45,eod,0.7700000000000387,0.004576795054684015,45.76795054684015,,
2013-10-10,1,900,959,168.38,169.15,168.37,169.16,eod,0.7700000000000102,0.0045732612698224755,45.732612698224756,,
2013-10-11,1,900,959,170.065,170.23000000000002,170.055,170.24,eod,0.16500000000002046,0.0009702743230132631,9.702743230132631,,
2013-10-15,-1,900,959,170.005,169.72,170.015,169.71,eod,0.2849999999999966,0.0016763226774107968,16.763226774107967,,
2013-10-16,1,900,959,171.62,172.06,171.61,172.07,eod,0.4399999999999977,0.0025639531495833443,25.63953149583344,,
2013-10-18,1,900,959,174.35,174.36,174.34,174.37,eod,0.010000000000019327,5.7359183205342015e-05,0.5735918320534201,,
2013-10-22,1,900,959,175.48999999999998,175.42000000000002,175.48,175.43,eod,-0.06999999999996476,-0.00039890585821725986,-3.9890585821725986,,
2013-10-23,-1,900,959,174.70000000000002,174.63,174.71,174.62,eod,0.0700000000000216,0.0004006639574152687,4.006639574152687,,
2013-10-25,1,900,959,175.66,175.92000000000002,175.65,175.93,eod,0.2600000000000193,0.00148021633931124,14.8021633931124,,
2013-10-29,1,900,959,177.01999999999998,177.21,177.01,177.22,eod,0.19000000000002615,0.0010733856844247565,10.733856844247565,,
2013-11-04,1,900,959,176.619,176.81,176.609,176.82,eod,0.1910000000000025,0.0010814850885289113,10.814850885289113,,
2013-11-05,-1,900,959,176.57000000000002,176.32999999999998,176.58,176.32,eod,0.24000000000003752,0.0013591573224602871,13.591573224602872,,
2013-11-06,1,900,959,177.06,177.14000000000001,177.05,177.15,eod,0.0800000000000125,0.00045184975995488563,4.518497599548856,,
2013-11-12,-1,900,959,176.94,176.98999999999998,176.95,176.98,eod,-0.04999999999998295,-0.00028256569652434555,-2.8256569652434553,,
2013-11-14,1,900,959,179.165,179.3,179.155,179.31,eod,0.13500000000001933,0.0007535374396473408,7.535374396473408,,
2013-11-15,1,900,959,179.75,180.05,179.74,180.06,eod,0.30000000000001137,0.0016690775564705204,16.690775564705206,,
2013-11-21,1,900,959,179.88,179.87,179.87,179.88,eod,-0.009999999999990905,-5.559570801129096e-05,-0.5559570801129096,,
2013-11-27,1,900,959,181.12,181.13,181.11,181.14,eod,0.009999999999990905,5.521506266904591e-05,0.5521506266904591,,
2013-12-03,-1,900,959,179.72,179.89,179.73,179.88,eod,-0.1699999999999875,-0.00094586323930333,-9.4586323930333,,
2013-12-04,-1,900,959,179.37,179.70999999999998,179.38,179.7,eod,-0.339999999999975,-0.0018954175493364645,-18.954175493364644,,
2013-12-05,-1,900,959,178.86,179.0,178.87,178.99,eod,-0.13999999999998636,-0.0007826913400793109,-7.826913400793109,,
2013-12-06,1,900,959,180.95499999999998,180.92000000000002,180.945,180.93,eod,-0.03499999999996817,-0.00019342894249616276,-1.9342894249616276,,
2013-12-09,1,900,959,181.35999999999999,181.37,181.35,181.38,eod,0.010000000000019327,5.5141990625968164e-05,0.5514199062596816,,
2013-12-10,-1,900,959,180.92000000000002,180.78,180.93,180.77,eod,0.14000000000001478,0.000773779914884291,7.737799148842909,,
2013-12-11,-1,900,959,179.21,178.69,179.22,178.68,eod,0.5200000000000102,0.0029014618904140733,29.014618904140733,,
2013-12-16,1,900,959,179.45,179.19,179.44,179.2,eod,-0.2599999999999909,-0.0014489522960320492,-14.489522960320492,,
2013-12-17,-1,900,959,178.79500000000002,178.64,178.805,178.63,eod,0.15500000000002956,0.0008668661390902354,8.668661390902354,,
2013-12-18,1,900,959,180.53,181.69,180.52,181.7,eod,1.1599999999999966,0.006425880788832243,64.25880788832242,,
2013-12-19,-1,900,959,181.49,181.535,181.5,181.525,eod,-0.044999999999987494,-0.00024793388429745176,-2.4793388429745176,,
2013-12-23,1,900,959,182.35,182.45000000000002,182.34,182.46,eod,0.10000000000002274,0.0005484260173303869,5.484260173303869,,
2013-12-31,1,900,959,184.09,184.55,184.08,184.56,eod,0.46000000000000796,0.0024989135158627117,24.989135158627118,,
2014-01-02,-1,900,959,182.75,182.95999999999998,182.76,182.95,eod,-0.20999999999997954,-0.001149047931713611,-11.49047931713611,,
2014-01-03,1,900,959,183.20999999999998,182.79000000000002,183.2,182.8,eod,-0.4199999999999591,-0.0022925764192137507,-22.925764192137507,,
2014-01-07,1,900,959,183.495,183.43,183.485,183.44,eod,-0.06499999999999773,-0.0003542523912036282,-3.5425239120362817,,
2014-01-13,-1,900,959,182.08,181.73,182.09,181.72,eod,0.35000000000002274,0.001922126421000729,19.22126421000729,,
2014-01-14,1,900,959,183.48,183.67000000000002,183.47,183.68,eod,0.19000000000002615,0.0010355916498611553,10.355916498611553,,
2014-01-15,1,900,959,184.81,184.66,184.8,184.67,eod,-0.15000000000000568,-0.0008116883116883424,-8.116883116883423,,
2014-01-16,-1,900,959,184.321,184.41,184.331,184.4,eod,-0.08899999999999864,-0.00048282708822714924,-4.828270882271492,,
2014-01-17,-1,900,959,183.91,183.62,183.92,183.61,eod,0.28999999999999204,0.0015767725097868208,15.767725097868208,,
2014-01-21,1,900,959,184.07,184.18,184.06,184.19,eod,0.11000000000001364,0.0005976312072151126,5.976312072151126,,
2014-01-23,-1,900,959,182.4,182.79,182.41,182.78,eod,-0.38999999999998636,-0.0021380406775943555,-21.380406775943555,,
2014-01-24,-1,900,959,179.67000000000002,178.89999999999998,179.68,178.89,eod,0.7700000000000387,0.004285396260018025,42.853962600180246,,
2014-01-27,1,900,959,179.2,178.0,179.19,178.01,eod,-1.1999999999999886,-0.006696802276912711,-66.9680227691271,,
2014-01-28,1,900,959,179.11499999999998,179.06,179.105,179.07,eod,-0.0549999999999784,-0.00030708243767610285,-3.0708243767610286,,
2014-01-29,-1,900,959,177.26000000000002,177.32999999999998,177.27,177.32,eod,-0.06999999999996476,-0.0003948778699157486,-3.948778699157486,,
2014-01-30,1,900,959,179.39,179.31,179.38,179.32,eod,-0.07999999999998408,-0.00044598059984381807,-4.45980599843818,,
2014-01-31,-1,900,959,178.91,178.10999999999999,178.92,178.1,eod,0.8000000000000114,0.0044712720769059435,44.71272076905944,,
2014-02-03,-1,900,959,174.04000000000002,174.17999999999998,174.05,174.17,eod,-0.13999999999995794,-0.0008043665613327085,-8.043665613327086,,
2014-02-04,1,900,959,175.53,175.38,175.52,175.39,eod,-0.15000000000000568,-0.0008546034639927397,-8.546034639927397,,
2014-02-05,-1,900,959,175.00990000000002,175.14999999999998,175.0199,175.14,eod,-0.14009999999996126,-0.0008004804025140069,-8.00480402514007,,
2014-02-06,1,900,959,177.29999999999998,177.41,177.29,177.42,eod,0.11000000000001364,0.0006204523661797825,6.204523661797825,,
2014-02-07,1,900,959,179.42999999999998,179.68,179.42,179.69,eod,0.2500000000000284,0.0013933786645860464,13.933786645860463,,
2014-02-11,1,900,959,182.19,181.94,182.18,181.95,eod,-0.25,-0.0013722691843231969,-13.722691843231969,,
2014-02-24,1,900,959,185.73,184.98000000000002,185.72,184.99,eod,-0.7499999999999716,-0.004038337281929634,-40.38337281929633,,
2014-02-28,1,900,959,186.04,186.32000000000002,186.03,186.33,eod,0.28000000000002956,0.0015051335806054375,15.051335806054375,,
2014-03-03,-1,900,959,184.92000000000002,184.94,184.93,184.93,eod,-0.01999999999998181,-0.00010814902936236311,-1.081490293623631,,
2014-03-04,1,900,959,187.66,187.68,187.65,187.69,eod,0.020000000000010232,0.00010658140154548484,1.0658140154548483,,
2014-03-06,1,900,959,188.28,188.17000000000002,188.27,188.18,eod,-0.10999999999998522,-0.0005842672757209604,-5.842672757209604,,
2014-03-11,-1,900,959,187.14000000000001,187.20999999999998,187.15,187.2,eod,-0.06999999999996476,-0.00037403152551410503,-3.7403152551410503,,
2014-03-12,-1,900,959,186.91,187.26999999999998,186.92,187.26,eod,-0.3599999999999852,-0.0019259576289320846,-19.259576289320847,,
2014-03-17,1,900,959,186.48999999999998,186.33,186.48,186.34,eod,-0.15999999999996817,-0.0008580008580006874,-8.580008580006874,,
2014-03-18,1,900,959,187.82,187.68,187.81,187.69,eod,-0.13999999999998636,-0.0007454342154304156,-7.454342154304156,,
2014-03-25,1,900,959,186.20999999999998,186.33,186.2,186.34,eod,0.12000000000003297,0.0006444683136414231,6.4446831364142305,,
2014-03-27,-1,900,959,184.46,184.63,184.47,184.62,eod,-0.1699999999999875,-0.000921559061093877,-9.21559061093877,,
2014-03-28,1,900,959,185.375,185.47,185.365,185.48,eod,0.09499999999999886,0.0005125023602082316,5.125023602082316,,
2014-03-31,1,900,959,187.09,187.01000000000002,187.08,187.02,eod,-0.07999999999998408,-0.0004276245456488351,-4.276245456488351,,
2014-04-01,1,900,959,188.01999999999998,188.24,188.01,188.25,eod,0.22000000000002728,0.0011701505239084479,11.70150523908448,,
2014-04-07,-1,900,959,184.68,184.32,184.69,184.31,eod,0.36000000000001364,0.0019492121934052394,19.492121934052395,,
2014-04-09,1,900,959,186.59,187.11,186.58,187.12,eod,0.5200000000000102,0.002787008253832191,27.87008253832191,,
2014-04-10,-1,900,959,183.78,183.16,183.79,183.15,eod,0.6200000000000045,0.0033734153109527426,33.734153109527426,,
2014-04-11,-1,900,959,181.72,181.48999999999998,181.73,181.48,eod,0.2300000000000182,0.0012656138227041117,12.656138227041117,,
2014-04-14,1,900,959,182.23999999999998,182.94,182.23,182.95,eod,0.700000000000017,0.0038412994567305994,38.412994567305994,,
2014-04-15,1,900,959,183.73989999999998,184.22,183.7299,184.23,eod,0.4801000000000215,0.0026130749540495125,26.130749540495124,,
2014-04-16,1,900,959,185.78,186.12,185.77,186.13,eod,0.3400000000000034,0.001830220164719833,18.30220164719833,,
2014-04-21,1,900,959,187.07,187.04000000000002,187.06,187.05,eod,-0.029999999999972715,-0.0001603763498341319,-1.603763498341319,,
2014-04-22,1,900,959,188.23999999999998,187.85000000000002,188.23,187.86,eod,-0.38999999999995794,-0.0020719332731230834,-20.719332731230832,,
2014-04-23,-1,900,959,187.52,187.47,187.53,187.46,eod,0.05000000000001137,0.0002666240068256352,2.666240068256352,,
2014-04-25,-1,900,959,186.11,186.32,186.12,186.31,eod,-0.20999999999997954,-0.0011283043197935715,-11.283043197935715,,
2014-04-29,1,900,959,187.82999999999998,187.72,187.82,187.73,eod,-0.10999999999998522,-0.000585667128101295,-5.85667128101295,,
2014-05-01,-1,900,959,188.12,188.32999999999998,188.13,188.32,eod,-0.20999999999997954,-0.00111624940200914,-11.162494020091401,,
2014-05-06,-1,900,959,186.955,186.82999999999998,186.965,186.82,eod,0.12500000000002842,0.0006685743320943942,6.685743320943942,,
2014-05-12,1,900,959,189.73999999999998,189.77,189.73,189.78,eod,0.03000000000002956,0.00015811943287845655,1.5811943287845653,,
2014-05-13,1,900,959,190.035,189.94,190.025,189.95,eod,-0.09499999999999886,-0.0004999342191816807,-4.999342191816806,,
2014-05-14,-1,900,959,189.23000000000002,189.06,189.24,189.05,eod,0.17000000000001592,0.0008983301627563724,8.983301627563725,,
2014-05-15,-1,900,959,187.33,187.39,187.34,187.38,eod,-0.05999999999997385,-0.0003202732998824269,-3.2027329988242688,,
2014-05-20,-1,900,959,187.26000000000002,187.54,187.27,187.53,eod,-0.2799999999999727,-0.0014951674053504177,-14.951674053504176,,
2014-05-21,1,900,959,188.95499999999998,189.11,188.945,189.12,eod,0.15500000000002956,0.0008203445447089342,8.203445447089342,,
2014-05-22,1,900,959,189.98,189.585,189.97,189.595,eod,-0.3949999999999818,-0.0020792756751065,-20.792756751065,,
2014-05-23,1,900,959,190.32999999999998,190.36,190.32,190.37,eod,0.03000000000002956,0.00015762925599006704,1.5762925599006703,,
2014-05-27,1,900,959,191.34,191.53,191.33,191.54,eod,0.18999999999999773,0.0009930486593842979,9.930486593842978,,
2014-05-29,1,900,959,192.17999999999998,192.37,192.17,192.38,eod,0.19000000000002615,0.0009887079148671808,9.887079148671809,,
2014-06-03,-1,900,959,192.72,192.82,192.73,192.81,eod,-0.09999999999999432,-0.0005188605821615437,-5.188605821615437,,
2014-06-05,1,900,959,194.39,194.44,194.38,194.45,eod,0.05000000000001137,0.000257228109887907,2.57228109887907,,
2014-06-06,1,900,959,195.25,195.37,195.24,195.38,eod,0.12000000000000455,0.0006146281499692919,6.146281499692918,,
2014-06-10,-1,900,959,195.335,195.60999999999999,195.345,195.6,eod,-0.27499999999997726,-0.001407765747779453,-14.07765747779453,,
2014-06-11,-1,900,959,194.74,194.95,194.75,194.94,eod,-0.20999999999997954,-0.0010783055198971992,-10.783055198971992,,
2014-06-12,-1,900,959,193.45000000000002,193.54,193.46,193.53,eod,-0.08999999999997499,-0.000465212447017342,-4.65212447017342,,
2014-06-18,1,900,959,195.62,196.24,195.61,196.25,eod,0.6200000000000045,0.0031695721077654748,31.69572107765475,,
2014-06-20,-1,900,959,195.785,195.95999999999998,195.795,195.95,eod,-0.17499999999998295,-0.0008937919763016571,-8.937919763016572,,
2014-06-24,-1,900,959,195.35000000000002,194.70999999999998,195.36,194.7,eod,0.6400000000000432,0.003276003276003497,32.76003276003497,,
2014-06-25,1,900,959,195.39,195.55,195.38,195.56,eod,0.160000000000025,0.0008189169822910482,8.189169822910483,,
2014-06-26,-1,900,959,195.21,195.45,195.22,195.44,eod,-0.23999999999998067,-0.001229382235426599,-12.29382235426599,,
2014-06-27,-1,900,959,195.07500000000002,195.81,195.085,195.8,eod,-0.7349999999999852,-0.003767588487069663,-37.67588487069663,,
2014-07-01,1,900,959,197.315,197.05,197.305,197.06,eod,-0.26499999999998636,-0.001343098248903912,-13.43098248903912,,
2014-07-07,-1,900,959,197.39000000000001,197.54999999999998,197.4,197.54,eod,-0.15999999999996817,-0.0008105369807495854,-8.105369807495855,,
2014-07-08,-1,900,959,196.27,196.28,196.28,196.27,eod,-0.009999999999990905,-5.094762584058949e-05,-0.5094762584058948,,
2014-07-09,1,900,959,197.04899999999998,197.12,197.039,197.13,eod,0.07100000000002638,0.0003603347560636543,3.6033475606365433,,
2014-07-10,-1,900,959,196.19,196.345,196.2,196.335,eod,-0.15500000000000114,-0.0007900101936799243,-7.900101936799243,,
2014-07-14,1,900,959,197.72,197.58,197.71,197.59,eod,-0.13999999999998636,-0.0007081078347073307,-7.081078347073308,,
2014-07-16,1,900,959,197.935,197.96,197.925,197.97,eod,0.025000000000005684,0.00012631047113808607,1.2631047113808607,,
2014-07-17,-1,900,959,196.68,195.73,196.69,195.72,eod,0.950000000000017,0.0048299354313895825,48.299354313895826,,
2014-07-18,1,900,959,197.60999999999999,197.71,197.6,197.72,eod,0.10000000000002274,0.0005060728744940422,5.0607287449404215,,
2014-07-21,-1,900,959,197.39000000000001,197.31,197.4,197.3,eod,0.0800000000000125,0.0004052684903749367,4.052684903749367,,
2014-07-22,1,900,959,198.2,198.18,198.19,198.19,eod,-0.01999999999998181,-0.00010091326504859887,-1.0091326504859888,,
2014-07-25,-1,900,959,197.715,197.72,197.725,197.71,eod,-0.0049999999999954525,-2.52876469844251e-05,-0.252876469844251,,
2014-07-31,-1,900,959,193.49,193.06,193.5,193.05,eod,0.4300000000000068,0.0022222222222222573,22.222222222222573,,
2014-08-04,1,900,959,193.8175,193.87,193.8075,193.88,eod,0.052500000000009095,0.00027088734956082244,2.7088734956082243,,
2014-08-05,-1,900,959,191.74,191.98999999999998,191.75,191.98,eod,-0.24999999999997158,-0.0013037809647977658,-13.037809647977658,,
2014-08-08,1,900,959,192.79999999999998,193.23000000000002,192.79,193.24,eod,0.43000000000003524,0.0022304061413975585,22.304061413975585,,
2014-08-11,1,900,959,193.915,193.78,193.905,193.79,eod,-0.1349999999999909,-0.0006962172197725222,-6.962172197725222,,
2014-08-13,1,900,959,194.73,194.9,194.72,194.91,eod,0.17000000000001592,0.000873048479868611,8.73048479868611,,
2014-08-14,1,900,959,195.56,195.73000000000002,195.55,195.74,eod,0.17000000000001592,0.0008693428790591455,8.693428790591454,,
2014-08-18,1,900,959,197.23,197.35000000000002,197.22,197.36,eod,0.12000000000003297,0.0006084575600853512,6.084575600853512,,
2014-08-19,1,900,959,198.48499999999999,198.38,198.475,198.39,eod,-0.10499999999998977,-0.0005290338833605732,-5.290338833605732,,
2014-08-21,1,900,959,199.67,199.48000000000002,199.66,199.49,eod,-0.1899999999999693,-0.0009516177501751443,-9.516177501751443,,
2014-08-22,-1,900,959,199.26000000000002,199.17,199.27,199.16,eod,0.09000000000003183,0.00045164851708752863,4.516485170875287,,
2014-08-25,1,900,959,200.14999999999998,200.16,200.14,200.17,eod,0.010000000000019327,4.996502448295857e-05,0.4996502448295857,,
2014-08-26,1,900,959,200.545,200.33,200.535,200.34,eod,-0.214999999999975,-0.0010721320467747524,-10.721320467747525,,
2014-08-27,-1,900,959,200.005,200.28,200.015,200.27,eod,-0.2750000000000057,-0.0013748968827338236,-13.748968827338235,,
2014-08-28,-1,900,959,200.07000000000002,200.14999999999998,200.08,200.14,eod,-0.07999999999995566,-0.0003998400639741886,-3.9984006397418863,,
2014-09-09,-1,900,959,199.73000000000002,199.34,199.74,199.33,eod,0.3900000000000148,0.0019525382997898006,19.525382997898006,,
2014-09-12,-1,900,959,198.67600000000002,199.13989999999998,198.686,199.1299,eod,-0.4638999999999669,-0.002334839898130552,-23.34839898130552,,
2014-09-16,1,900,959,200.635,200.48000000000002,200.625,200.49,eod,-0.15499999999997272,-0.0007725856697817955,-7.725856697817955,,
2014-09-17,1,900,959,201.22,200.71,201.21,200.72,eod,-0.5099999999999909,-0.002534665275085686,-25.34665275085686,,
2014-09-18,1,900,959,201.5,201.76000000000002,201.49,201.77,eod,0.2600000000000193,0.0012903866196834549,12.90386619683455,,
2014-09-19,-1,900,959,201.005,200.73999999999998,201.015,200.73,eod,0.2650000000000148,0.0013183095788872213,13.183095788872214,,
2014-09-22,-1,900,959,199.03,199.14999999999998,199.04,199.14,eod,-0.11999999999997613,-0.0006028938906751212,-6.028938906751212,,
2014-09-25,-1,900,959,196.66,196.32999999999998,196.67,196.32,eod,0.3300000000000125,0.0016779376620735878,16.779376620735878,,
2014-09-26,1,900,959,198.14,197.94,198.13,197.95,eod,-0.19999999999998863,-0.0010094382476151448,-10.094382476151448,,
2014-09-29,-1,900,959,197.275,197.53,197.285,197.52,eod,-0.25499999999999545,-0.0012925463162429757,-12.925463162429757,,
2014-09-30,-1,900,959,197.08,197.01,197.09,197.0,eod,0.0700000000000216,0.00035516768988797805,3.5516768988797804,,
2014-10-01,-1,900,959,194.22,194.35,194.23,194.34,eod,-0.12999999999999545,-0.0006693095814240614,-6.693095814240614,,
2014-10-03,1,900,959,196.76,196.52,196.75,196.53,eod,-0.23999999999998067,-0.0012198221092756323,-12.198221092756324,,
2014-10-07,-1,900,959,194.31,193.26999999999998,194.32,193.26,eod,1.0400000000000205,0.005351996706463671,53.51996706463671,,
2014-10-09,-1,900,959,192.81,192.69,192.82,192.68,eod,0.12000000000000455,0.0006223420806970467,6.223420806970467,,
2014-10-13,-1,900,959,189.68,187.39,189.69,187.38,eod,2.2900000000000205,0.012072328536032581,120.72328536032582,,
2014-10-14,1,900,959,188.10999999999999,187.74,188.1,187.75,eod,-0.3699999999999761,-0.0019670388091439454,-19.670388091439452,,
2014-10-15,-1,900,959,184.71,186.29999999999998,184.72,186.29,eod,-1.589999999999975,-0.008607622347336374,-86.07622347336374,,
2014-10-17,1,900,959,188.41,188.53,188.4,188.54,eod,0.12000000000000455,0.0006369426751592598,6.369426751592598,,
2014-10-20,1,900,959,189.98,190.31,189.97,190.32,eod,0.3300000000000125,0.0017371163867979814,17.371163867979813,,
2014-10-21,1,900,959,193.57999999999998,194.04000000000002,193.57,194.05,eod,0.4600000000000364,0.0023764013018548144,23.764013018548145,,
2014-10-23,1,900,959,195.465,194.94,195.455,194.95,eod,-0.5250000000000057,-0.0026860402650226685,-26.860402650226685,,
2014-10-27,-1,900,959,195.83,196.12,195.84,196.11,eod,-0.28999999999999204,-0.0014808006535947306,-14.808006535947307,,
2014-10-28,1,900,959,197.62,198.36,197.61,198.37,eod,0.7400000000000091,0.003744749759627595,37.44749759627595,,
2014-10-31,1,900,959,201.215,201.65,201.205,201.66,eod,0.4350000000000023,0.002161974106011293,21.619741060112933,,
2014-11-04,-1,900,959,201.22990000000001,201.12,201.2399,201.11,eod,0.10990000000001032,0.0005461143640004309,5.461143640004309,,
2014-11-05,1,900,959,202.28,202.36,202.27,202.37,eod,0.0800000000000125,0.00039551095070950956,3.9551095070950955,,
2014-11-12,-1,900,959,203.8,203.98999999999998,203.81,203.98,eod,-0.1899999999999693,-0.0009322408125213154,-9.322408125213155,,
2014-11-18,1,900,959,205.73999999999998,205.54000000000002,205.73,205.55,eod,-0.1999999999999602,-0.0009721479609194586,-9.721479609194587,,
2014-11-19,-1,900,959,204.935,205.2,204.945,205.19,eod,-0.26499999999998636,-0.0012930298372733483,-12.930298372733484,,
2014-11-21,1,900,959,206.42999999999998,206.67000000000002,206.42,206.68,eod,0.24000000000003752,0.0011626780350743025,11.626780350743026,,
2014-11-24,1,900,959,207.0955,207.27,207.0855,207.28,eod,0.1745000000000232,0.000842647119185183,8.42647119185183,,
2014-12-01,-1,900,959,205.84990000000002,205.81,205.8599,205.8,eod,0.039900000000017144,0.000193821137579573,1.93821137579573,,
2014-12-02,1,900,959,207.28,207.08,207.27,207.09,eod,-0.19999999999998863,-0.0009649249770829768,-9.649249770829769,,
2014-12-03,1,900,959,207.7,207.9,207.69,207.91,eod,0.20000000000001705,0.0009629736626704081,9.629736626704082,,
2014-12-04,-1,900,959,207.6199,207.67,207.6299,207.66,eod,-0.05009999999998627,-0.0002412947268191444,-2.412947268191444,,
2014-12-05,1,900,959,207.91,207.99,207.9,208.0,eod,0.0800000000000125,0.00038480038480044496,3.8480038480044496,,
2014-12-09,-1,900,959,205.97,206.47,205.98,206.46,eod,-0.5,-0.002427420137877464,-24.274201378774638,,
2014-12-10,-1,900,959,203.05,203.17999999999998,203.06,203.17,eod,-0.12999999999996703,-0.0006402048655568159,-6.402048655568159,,
2014-12-11,1,900,959,204.23999999999998,204.16,204.23,204.17,eod,-0.07999999999998408,-0.0003917152230327772,-3.917152230327772,,
2014-12-12,-1,900,959,202.55,200.88,202.56,200.87,eod,1.670000000000016,0.008244470774091706,82.44470774091705,,
2014-12-17,1,900,959,200.45499999999998,201.89000000000001,200.445,201.9,eod,1.4350000000000307,0.007159071066876354,71.59071066876353,,
2014-12-18,1,900,959,205.39999999999998,206.79000000000002,205.39,206.8,eod,1.3900000000000432,0.006767612834120664,67.67612834120663,,
2014-12-23,1,900,959,208.09,207.74,208.08,207.75,eod,-0.3499999999999943,-0.001682045367166447,-16.82045367166447,,
2014-12-26,1,900,959,208.814,208.41,208.804,208.42,eod,-0.40399999999999636,-0.0019348288346966358,-19.348288346966356,,
2014-12-29,1,900,959,208.84,208.72,208.83,208.73,eod,-0.12000000000000455,-0.0005746300818848084,-5.746300818848084,,
2014-12-30,-1,900,959,207.78,207.62,207.79,207.61,eod,0.1599999999999966,0.0007700081813369103,7.700081813369103,,
