date,direction,entry_time,exit_time,entry_px,exit_px,entry_px_raw,exit_px_raw,exit_reason,pnl_ps,ret,bps,risk_ps,r_mult
2003-01-02,-1,585,602,88.74,89.43,88.75,89.41000000000001,stop,-0.6900000000000119,-0.007774647887324078,-77.74647887324078,0.6600000000000108,-1.0454545454545465
2003-01-03,-1,588,600,90.71,91.11,90.72,91.09,stop,-0.4000000000000057,-0.004409171075837806,-44.091710758378056,0.37000000000000455,-1.0810810810810831
2003-01-06,1,599,959,91.78000000000002,93.11,91.77000000000001,93.12,eod,1.329999999999984,0.01449275362318823,144.9275362318823,0.6100000000000136,2.180327868852384
2003-01-07,-1,591,607,92.6,93.01,92.61,92.99000000000001,stop,-0.4100000000000108,-0.004427167692473932,-44.27167692473932,0.38000000000000966,-1.0789473684210535
2003-01-08,-1,596,687,91.86999999999999,92.31,91.88,92.29,stop,-0.44000000000001194,-0.00478885502829791,-47.8885502829791,0.4100000000000108,-1.073170731707318
2003-01-09,1,593,959,92.22000000000001,92.97999999999999,92.21000000000001,92.99,eod,0.7599999999999767,0.008242056176119473,82.42056176119472,0.4300000000000068,1.767441860465034
2003-01-10,1,587,959,92.32000000000001,93.02,92.31,93.03,eod,0.6999999999999886,0.007583143754739342,75.83143754739342,0.5200000000000102,1.3461538461537979
2003-01-13,-1,587,606,93.46,93.88,93.47,93.86,stop,-0.4200000000000017,-0.004493420348775026,-44.93420348775026,0.39000000000000057,-1.0769230769230798
2003-01-14,-1,585,622,92.39999999999999,93.0,92.41,92.98,stop,-0.6000000000000085,-0.006492803809111661,-64.9280380911166,0.5700000000000074,-1.0526315789473697
2003-01-15,-1,590,959,92.66999999999999,92.14,92.67999999999999,92.13,eod,0.5299999999999869,0.005718601640051651,57.18601640051651,0.9000000000000057,0.5888888888888706
2003-01-16,1,592,652,92.66000000000001,92.17,92.65,92.19,stop,-0.4900000000000091,-0.0052887209929844475,-52.887209929844474,0.46000000000000796,-1.0652173913043492
2003-01-17,1,585,588,91.18,90.86,91.17,90.88,stop,-0.3200000000000074,-0.003509926510913759,-35.09926510913759,0.29000000000000625,-1.1034482758620707
2003-01-21,-1,585,959,90.55999999999999,89.08,90.57,89.07,eod,1.4799999999999898,0.01634095175002749,163.40951750027492,0.36000000000001364,4.111111111110927
2003-01-22,1,590,612,88.96000000000001,88.58,88.95,88.6,stop,-0.38000000000000966,-0.004272062956717365,-42.72062956717365,0.3500000000000085,-1.085714285714287
2003-01-23,-1,587,890,88.61999999999999,89.0,88.63,88.98,stop,-0.38000000000000966,-0.004287487306781109,-42.87487306781109,0.3500000000000085,-1.085714285714287
2003-01-24,-1,585,959,88.27999999999999,86.34,88.28999999999999,86.33,eod,1.9399999999999835,0.021973043379771025,219.73043379771025,0.4000000000000199,4.849999999999717
2003-01-27,1,595,686,86.01,85.39,86.0,85.41,stop,-0.6200000000000045,-0.007209302325581448,-72.09302325581449,0.5900000000000034,-1.0508474576271203
2003-01-28,-1,595,600,85.42999999999999,85.9,85.44,85.88000000000001,stop,-0.4700000000000131,-0.005500936329588168,-55.009363295881684,0.44000000000001194,-1.068181818181819
2003-01-29,1,613,959,85.60000000000001,86.74,85.59,86.75,eod,1.1399999999999864,0.013319313003855431,133.1931300385543,0.8200000000000074,1.3902439024389952
2003-01-30,-1,585,959,86.27999999999999,84.78,86.28999999999999,84.77,eod,1.4999999999999858,0.01738324255417761,173.8324255417761,0.6000000000000085,2.499999999999941
2003-01-31,1,585,959,84.77000000000001,85.8,84.76,85.81,eod,1.029999999999987,0.01215195847097672,121.5195847097672,0.6200000000000045,1.661290322580612
2003-02-03,-1,590,604,85.99999999999999,86.48,86.00999999999999,86.46000000000001,stop,-0.4800000000000182,-0.005580746424834534,-55.80746424834534,0.45000000000001705,-1.0666666666666667
2003-02-04,-1,588,959,84.83999999999999,85.15,84.85,85.14,eod,-0.3100000000000165,-0.0036535061873897053,-36.53506187389705,0.5900000000000176,-0.5254237288135716
2003-02-05,-1,590,661,85.41999999999999,85.96,85.42999999999999,85.94,stop,-0.5400000000000063,-0.006320964532365753,-63.20964532365753,0.4800000000000182,-1.1249999999999705
2003-02-06,-1,585,959,84.32999999999998,84.21000000000001,84.33999999999999,84.2,eod,0.11999999999997613,0.0014228124258949032,14.228124258949032,0.5600000000000165,0.21428571428566534
2003-02-07,-1,587,959,84.57999999999998,83.28,84.58999999999999,83.27,eod,1.299999999999983,0.01536824683768747,153.6824683768747,0.4100000000000108,3.170731707316948
2003-02-10,-1,585,721,83.35999999999999,83.78,83.36999999999999,83.76,stop,-0.4200000000000159,-0.005037783375315053,-50.37783375315053,0.3900000000000148,-1.0769230769230769
2003-02-11,1,585,612,84.49000000000001,84.14,84.48,84.16,stop,-0.3500000000000085,-0.004142992424242525,-41.429924242425244,0.3200000000000074,-1.0937500000000013
2003-02-12,-1,585,959,83.13999999999999,82.26,83.14999999999999,82.25,eod,0.8799999999999812,0.010583283223090574,105.83283223090575,0.4800000000000182,1.8333333333332247
2003-02-13,-1,593,928,81.88,82.4,81.89,82.38000000000001,stop,-0.5200000000000102,-0.006349981682745271,-63.49981682745271,0.4900000000000091,-1.0612244897959195
2003-02-14,-1,587,615,82.24,82.65,82.25,82.63000000000001,stop,-0.4100000000000108,-0.004984802431611073,-49.84802431611073,0.38000000000000966,-1.0789473684210535
2003-02-18,1,585,959,85.15,85.49,85.14,85.5,eod,0.3399999999999892,0.003993422598073634,39.934225980736336,0.6600000000000108,0.5151515151514904
2003-02-19,1,586,595,85.46000000000001,85.11,85.45,85.13,stop,-0.3500000000000085,-0.004095962551199632,-40.959625511996315,0.3200000000000074,-1.0937500000000013
2003-02-20,-1,585,959,85.05999999999999,84.10000000000001,85.07,84.09,eod,0.9599999999999795,0.011284824262371925,112.84824262371924,0.36000000000001364,2.666666666666509
2003-02-21,1,593,619,84.54,84.1,84.53,84.11999999999999,stop,-0.44000000000001194,-0.005205252573051129,-52.052525730511285,0.4100000000000108,-1.073170731707318
2003-02-24,-1,585,959,84.53999999999999,83.69000000000001,84.55,83.68,eod,0.8499999999999801,0.010053222945002722,100.53222945002723,0.46000000000000796,1.8478260869564465
2003-02-25,-1,593,841,82.75999999999999,83.21000000000001,82.77,83.19000000000001,stop,-0.45000000000001705,-0.005436752446538807,-54.36752446538807,0.4200000000000159,-1.0714285714285714
2003-02-26,-1,588,602,83.82999999999998,84.17,83.83999999999999,84.15,stop,-0.3400000000000176,-0.004055343511450592,-40.55343511450592,0.3100000000000165,-1.0967741935483857
2003-02-27,-1,586,621,83.54999999999998,83.92,83.55999999999999,83.9,stop,-0.37000000000001876,-0.004427955959789598,-44.27955959789598,0.3400000000000176,-1.0882352941176459
2003-02-28,1,587,774,84.72000000000001,84.28999999999999,84.71000000000001,84.30999999999999,stop,-0.43000000000002103,-0.005076142131979943,-50.76142131979943,0.4000000000000199,-1.074999999999999
2003-03-03,1,585,618,85.47000000000001,85.22,85.46000000000001,85.24,stop,-0.2500000000000142,-0.0029253451907326725,-29.253451907326724,0.22000000000001307,-1.1363636363636334
2003-03-04,-1,587,959,83.63,82.74000000000001,83.64,82.73,eod,0.8899999999999864,0.01064084170253451,106.4084170253451,0.38000000000000966,2.342105263157799
2003-03-05,1,586,659,82.77000000000001,82.42999999999999,82.76,82.44999999999999,stop,-0.3400000000000176,-0.0041082648622525085,-41.082648622525085,0.3100000000000165,-1.0967741935483857
2003-03-06,1,587,591,83.07000000000001,82.64,83.06,82.66,stop,-0.4300000000000068,-0.0051769804960270505,-51.769804960270505,0.4000000000000057,-1.0750000000000017
2003-03-07,1,588,959,82.01,83.36,82.0,83.37,eod,1.3499999999999943,0.016463414634146273,164.63414634146272,0.5799999999999983,2.327586206896549
2003-03-10,-1,590,959,82.54999999999998,81.24000000000001,82.55999999999999,81.23,eod,1.3099999999999739,0.01586724806201519,158.67248062015187,0.3100000000000165,4.225806451612594
2003-03-11,1,608,633,81.83000000000001,81.27,81.82000000000001,81.28999999999999,stop,-0.5600000000000165,-0.006844292349059111,-68.44292349059111,0.5300000000000153,-1.056603773584906
2003-03-12,1,591,604,80.77000000000001,80.22,80.76,80.24,stop,-0.5500000000000114,-0.006810302129767352,-68.10302129767352,0.5200000000000102,-1.0576923076923088
2003-03-13,-1,587,736,82.07999999999998,82.49,82.08999999999999,82.47,stop,-0.4100000000000108,-0.004994518211718977,-49.94518211718977,0.38000000000000966,-1.0789473684210535
2003-03-14,-1,591,609,83.54999999999998,84.43,83.55999999999999,84.41000000000001,stop,-0.8800000000000239,-0.010531354715175013,-105.31354715175013,0.8500000000000227,-1.0352941176470591
2003-03-17,1,589,959,83.64000000000001,86.82,83.63000000000001,86.83,eod,3.1799999999999784,0.03802463230897977,380.24632308979767,0.4200000000000159,7.571428571428233
2003-03-18,-1,586,831,86.60999999999999,87.28,86.61999999999999,87.26,stop,-0.6700000000000159,-0.007734934195336135,-77.34934195336135,0.6400000000000148,-1.0468750000000007
2003-03-19,-1,587,887,87.13,87.73,87.14,87.71000000000001,stop,-0.6000000000000085,-0.006885471654808452,-68.85471654808453,0.5700000000000074,-1.0526315789473697
2003-03-20,-1,587,661,87.24999999999999,87.66,87.25999999999999,87.64,stop,-0.4100000000000108,-0.004698601879440876,-46.986018794408764,0.38000000000000966,-1.0789473684210535
2003-03-21,-1,585,713,88.38999999999999,88.83,88.39999999999999,88.81,stop,-0.44000000000001194,-0.004977375565610996,-49.773755656109955,0.4100000000000108,-1.073170731707318
2003-03-24,1,588,601,88.07000000000001,87.64,88.06,87.66,stop,-0.4300000000000068,-0.004883034294799078,-48.83034294799078,0.4000000000000057,-1.0750000000000017
2003-03-25,1,592,959,86.94000000000001,87.66,86.93,87.67,eod,0.7199999999999847,0.00828252617048182,82.8252617048182,0.5000000000000142,1.4399999999999284
2003-03-26,1,602,651,87.63000000000001,87.11,87.62,87.13,stop,-0.5200000000000102,-0.005934718100890324,-59.34718100890324,0.4900000000000091,-1.0612244897959195
2003-03-27,-1,591,676,86.29999999999998,86.62,86.30999999999999,86.60000000000001,stop,-0.3200000000000216,-0.0037075657513616226,-37.07565751361623,0.29000000000002046,-1.1034482758620656
2003-03-28,1,587,871,86.65,86.25,86.64,86.27,stop,-0.4000000000000057,-0.0046168051708218565,-46.16805170821856,0.37000000000000455,-1.0810810810810831
2003-03-31,-1,586,712,85.19999999999999,85.51,85.21,85.49000000000001,stop,-0.3100000000000165,-0.0036380706489850547,-36.380706489850546,0.28000000000001535,-1.1071428571428554
2003-04-01,-1,586,604,85.13,85.48,85.14,85.46000000000001,stop,-0.3500000000000085,-0.00411087620389956,-41.1087620389956,0.3200000000000074,-1.0937500000000013
2003-04-02,1,590,959,87.86000000000001,88.38,87.85000000000001,88.39,eod,0.5199999999999818,0.005919180421172245,59.19180421172245,0.36000000000001364,1.4444444444443392
2003-04-03,-1,585,959,88.35999999999999,87.85000000000001,88.36999999999999,87.84,eod,0.5099999999999767,0.005771189317641471,57.711893176414705,0.6300000000000097,0.8095238095237601
2003-04-04,-1,602,959,87.99,88.13000000000001,88.0,88.12,eod,-0.14000000000001478,-0.0015909090909092588,-15.909090909092589,0.6000000000000085,-0.23333333333335465
2003-04-07,1,586,653,90.43,90.08,90.42,90.1,stop,-0.3500000000000085,-0.0038708250387083447,-38.708250387083446,0.3200000000000074,-1.0937500000000013
2003-04-08,-1,587,659,88.04999999999998,88.47,88.05999999999999,88.45,stop,-0.4200000000000159,-0.004769475357710834,-47.69475357710834,0.3900000000000148,-1.0769230769230769
2003-04-09,-1,586,608,87.82,88.5,87.83,88.48,stop,-0.6800000000000068,-0.00774222930661513,-77.4222930661513,0.6500000000000057,-1.0461538461538475
2003-04-10,1,598,620,87.20000000000002,86.67999999999999,87.19000000000001,86.69999999999999,stop,-0.5200000000000244,-0.005963986695722266,-59.639866957222665,0.4900000000000233,-1.0612244897959178
2003-04-11,1,587,601,88.64000000000001,88.11,88.63000000000001,88.13,stop,-0.5300000000000153,-0.005979916506826303,-59.79916506826303,0.5000000000000142,-1.0600000000000005
2003-04-14,-1,591,652,87.24,87.75,87.25,87.73,stop,-0.5100000000000051,-0.005845272206303783,-58.45272206303783,0.480000000000004,-1.0625000000000018
2003-04-15,1,589,959,88.89000000000001,89.41,88.88000000000001,89.42,eod,0.5199999999999818,0.005850585058505645,58.50585058505645,0.4700000000000131,1.1063829787233348
2003-04-16,-1,589,959,89.57999999999998,88.24000000000001,89.58999999999999,88.23,eod,1.339999999999975,0.014957026453845017,149.57026453845017,0.4800000000000182,2.791666666666509
2003-04-17,-1,586,623,88.24999999999999,88.7,88.25999999999999,88.68,stop,-0.45000000000001705,-0.00509857239972827,-50.9857239972827,0.4200000000000159,-1.0714285714285714
2003-04-21,1,585,624,89.9,89.53999999999999,89.89,89.55999999999999,stop,-0.36000000000001364,-0.004004894871509774,-40.048948715097744,0.3300000000000125,-1.0909090909090908
2003-04-22,1,592,959,89.24000000000001,91.5,89.23,91.51,eod,2.259999999999991,0.02532780455003912,253.27804550039122,0.3500000000000085,6.457142857142673
2003-04-23,1,593,609,91.73,91.4,91.72,91.42,stop,-0.3299999999999983,-0.003597906672481447,-35.97906672481447,0.29999999999999716,-1.1000000000000048
2003-04-24,1,592,597,91.62,91.25,91.61,91.27,stop,-0.37000000000000455,-0.004038860386420746,-40.38860386420746,0.3400000000000034,-1.0882352941176494
2003-04-25,-1,590,959,91.13999999999999,90.16000000000001,91.14999999999999,90.15,eod,0.9799999999999756,0.010751508502468192,107.51508502468192,0.3300000000000125,2.969696969696783
2003-04-28,1,585,959,90.59,91.85,90.58,91.86,eod,1.259999999999991,0.013910355486862341,139.1035548686234,0.29000000000000625,4.344827586206772
2003-04-29,1,586,642,92.28000000000002,91.91,92.27000000000001,91.92999999999999,stop,-0.37000000000001876,-0.004009970738051574,-40.09970738051574,0.3400000000000176,-1.0882352941176459
2003-04-30,1,594,605,91.97000000000001,91.41,91.96000000000001,91.42999999999999,stop,-0.5600000000000165,-0.006089604175728756,-60.89604175728756,0.5300000000000153,-1.056603773584906
2003-05-01,-1,588,851,91.67999999999999,92.05,91.69,92.03,stop,-0.37000000000000455,-0.00403533645981028,-40.3533645981028,0.3400000000000034,-1.0882352941176494
2003-05-02,1,585,959,92.14000000000001,93.33,92.13000000000001,93.34,eod,1.1899999999999835,0.012916530988819966,129.16530988819966,0.6500000000000199,1.8307692307691494
2003-05-05,-1,585,601,93.16,93.73,93.17,93.71000000000001,stop,-0.5700000000000074,-0.006117849093055783,-61.178490930557835,0.5400000000000063,-1.055555555555557
2003-05-06,1,586,959,93.45000000000002,93.78999999999999,93.44000000000001,93.8,eod,0.339999999999975,0.003638698630136718,36.38698630136718,0.45000000000001705,0.7555555555554714
2003-05-07,1,585,594,93.54,93.16,93.53,93.17999999999999,stop,-0.38000000000000966,-0.00406286752913514,-40.6286752913514,0.3500000000000085,-1.085714285714287
2003-05-08,1,587,736,92.70000000000002,92.37,92.69000000000001,92.39,stop,-0.3300000000000125,-0.0035602546121481548,-35.602546121481545,0.30000000000001137,-1.1
2003-05-09,1,590,613,93.09,92.72,93.08,92.74,stop,-0.37000000000000455,-0.003975075204125532,-39.750752041255325,0.3400000000000034,-1.0882352941176494
2003-05-12,1,590,959,93.64000000000001,94.89,93.63000000000001,94.9,eod,1.2499999999999858,0.013350421873331044,133.50421873331044,0.36000000000001364,3.4722222222220513
2003-05-13,1,589,593,94.70000000000002,94.32,94.69000000000001,94.33999999999999,stop,-0.3800000000000239,-0.004013095363819029,-40.13095363819029,0.35000000000002274,-1.0857142857142834
2003-05-14,-1,587,959,94.82999999999998,94.37,94.83999999999999,94.36,eod,0.45999999999997954,0.0048502741459297725,48.502741459297724,0.4100000000000108,1.1219512195121157
2003-05-15,-1,586,597,94.74,95.18,94.75,95.16000000000001,stop,-0.44000000000001194,-0.004643799472295641,-46.437994722956404,0.4100000000000108,-1.073170731707318
2003-05-16,1,586,602,95.11000000000001,94.75,95.10000000000001,94.77,stop,-0.36000000000001364,-0.0037854889589906794,-37.8548895899068,0.3300000000000125,-1.0909090909090908
2003-05-19,-1,585,959,94.00999999999999,92.52000000000001,94.02,92.51,eod,1.4899999999999807,0.01584769198042949,158.4769198042949,0.4100000000000108,3.6341463414632718
2003-05-20,1,593,618,93.02000000000001,92.6,93.01,92.61999999999999,stop,-0.4200000000000159,-0.004515643479195956,-45.15643479195956,0.3900000000000148,-1.0769230769230769
2003-05-21,-1,589,603,92.00999999999999,92.39,92.02,92.37,stop,-0.38000000000000966,-0.004129537057161591,-41.29537057161591,0.3500000000000085,-1.085714285714287
2003-05-22,1,587,959,93.00000000000001,93.67,92.99000000000001,93.68,eod,0.6699999999999875,0.007205075814603586,72.05075814603586,0.3200000000000074,2.0937499999999125
2003-05-23,-1,598,644,93.21,93.69,93.22,93.67,stop,-0.480000000000004,-0.005149109633125981,-51.49109633125981,0.45000000000000284,-1.0666666666666689
2003-05-27,1,587,959,93.4,95.61,93.39,95.62,eod,2.2099999999999937,0.023664203876217944,236.64203876217942,0.21999999999999886,10.045454545454568
2003-05-28,1,586,608,95.98,95.56,95.97,95.58,stop,-0.4200000000000017,-0.004376367614879668,-43.76367614879668,0.39000000000000057,-1.0769230769230798
2003-05-29,1,594,789,96.14000000000001,95.67,96.13000000000001,95.69,stop,-0.4700000000000131,-0.004889212524706262,-48.89212524706262,0.44000000000001194,-1.068181818181819
2003-05-30,1,585,959,96.21000000000001,96.91,96.2,96.92,eod,0.6999999999999886,0.007276507276507158,72.76507276507158,0.44000000000001194,1.590909090909022
2003-06-02,-1,595,610,97.38,97.79,97.39,97.77000000000001,stop,-0.4100000000000108,-0.0042098778108636496,-42.098778108636495,0.38000000000000966,-1.0789473684210535
2003-06-03,1,590,959,97.35000000000001,97.67,97.34,97.68,eod,0.3199999999999932,0.0032874460653379203,32.8744606533792,0.5000000000000142,0.6399999999999681
2003-06-04,1,589,959,97.82000000000001,99.11999999999999,97.81,99.13,eod,1.299999999999983,0.01329107453225624,132.9107453225624,0.2600000000000051,4.999999999999836
2003-06-05,1,588,959,98.76,99.52,98.75,99.53,eod,0.7599999999999909,0.007696202531645478,76.96202531645477,0.4900000000000091,1.551020408163218
2003-06-06,1,597,679,100.91000000000001,100.24,100.9,100.25999999999999,stop,-0.6700000000000159,-0.006640237859266758,-66.40237859266757,0.6400000000000148,-1.0468750000000007
2003-06-09,1,595,611,99.08000000000001,98.56,99.07000000000001,98.58,stop,-0.5200000000000102,-0.005248813969920362,-52.488139699203614,0.4900000000000091,-1.0612244897959195
2003-06-10,-1,597,606,98.41999999999999,98.87,98.42999999999999,98.85000000000001,stop,-0.45000000000001705,-0.004571776897287586,-45.71776897287586,0.4200000000000159,-1.0714285714285714
2003-06-11,1,608,959,99.18,100.32,99.17,100.33,eod,1.1399999999999864,0.011495411918926958,114.95411918926958,0.4700000000000131,2.4255319148935204
2003-06-12,-1,592,959,100.52,100.49000000000001,100.53,100.48,eod,0.029999999999986926,0.0002984183825722364,2.984183825722364,0.38000000000000966,0.07894736842101621
2003-06-13,-1,587,959,100.44999999999999,99.44000000000001,100.46,99.43,eod,1.0099999999999767,0.010053752737407691,100.53752737407692,0.29000000000000625,3.4827586206895
2003-06-16,-1,586,604,99.92999999999999,100.2,99.94,100.18,stop,-0.27000000000001023,-0.0027016209725836526,-27.016209725836525,0.2400000000000091,-1.125
2003-06-17,-1,585,959,101.71,101.76,101.72,101.75,eod,-0.05000000000001137,-0.0004915454187968086,-4.915454187968086,0.4690000000000083,-0.10660980810236777
2003-06-18,-1,595,605,101.00999999999999,101.45,101.02,101.43,stop,-0.44000000000001194,-0.004355573153831043,-43.55573153831043,0.4100000000000108,-1.073170731707318
2003-06-19,-1,586,959,101.43999999999998,100.01,101.44999999999999,100.0,eod,1.4299999999999784,0.014095613602759769,140.9561360275977,0.29000000000002046,4.931034482758198
2003-06-20,-1,585,671,100.04899999999999,100.47,100.059,100.45,stop,-0.4210000000000065,-0.004207517564636929,-42.075175646369296,0.39100000000000534,-1.0767263427109992
2003-06-23,-1,589,959,99.13999999999999,98.37,99.14999999999999,98.36,eod,0.7699999999999818,0.007766011094301381,77.6601109430138,0.5000000000000142,1.5399999999999199
2003-06-24,1,593,959,98.83000000000001,98.64,98.82000000000001,98.65,eod,-0.19000000000001194,-0.0019226877150375625,-19.226877150375625,0.8100000000000165,-0.23456790123457785
2003-06-25,1,590,863,98.94000000000001,98.48,98.93,98.5,stop,-0.46000000000000796,-0.004649752350146649,-46.49752350146649,0.4300000000000068,-1.0697674418604666
2003-06-26,1,586,959,97.95000000000002,98.86,97.94000000000001,98.87,eod,0.9099999999999824,0.00929140289973435,92.91402899734351,0.35000000000002274,2.5999999999997807
2003-06-27,-1,585,626,98.49999999999999,98.84,98.50999999999999,98.82000000000001,stop,-0.3400000000000176,-0.003451426251142195,-34.514262511421954,0.3100000000000165,-1.0967741935483857
2003-06-30,1,590,603,98.66000000000001,98.15,98.65,98.17,stop,-0.5100000000000051,-0.005169792194627523,-51.69792194627523,0.480000000000004,-1.0625000000000018
2003-07-01,-1,600,784,97.11999999999999,97.42,97.13,97.4,stop,-0.30000000000001137,-0.003088644085246694,-30.88644085246694,0.27000000000001023,-1.1111111111111112
2003-07-02,1,598,959,99.07000000000001,99.58999999999999,99.06,99.6,eod,0.5199999999999818,0.005249343832020813,52.493438320208135,0.5000000000000142,1.039999999999934
2003-07-03,1,590,638,99.239,98.92,99.229,98.94,stop,-0.3190000000000026,-0.0032147860000604927,-32.14786000060493,0.2890000000000015,-1.1038062283737058
2003-07-07,1,594,959,100.22000000000001,100.72999999999999,100.21000000000001,100.74,eod,0.5099999999999767,0.005089312443867644,50.893124438676445,0.5700000000000074,0.8947368421052107
2003-07-08,1,586,599,100.72000000000001,100.37,100.71000000000001,100.39,stop,-0.3500000000000085,-0.00347532519114297,-34.7532519114297,0.3200000000000074,-1.0937500000000013
2003-07-09,-1,587,607,100.74999999999999,101.2,100.75999999999999,101.18,stop,-0.45000000000001705,-0.0044660579595079105,-44.660579595079106,0.4200000000000159,-1.0714285714285714
2003-07-10,1,589,600,100.05000000000001,99.63,100.04,99.64999999999999,stop,-0.4200000000000159,-0.004198320671731467,-41.983206717314665,0.3900000000000148,-1.0769230769230769
2003-07-11,1,585,959,99.72000000000001,100.13,99.71000000000001,100.14,eod,0.4099999999999824,0.004111924581285551,41.11924581285551,0.3300000000000125,1.2424242424241418
2003-07-14,-1,586,598,101.10199999999999,101.39,101.112,101.37,stop,-0.2880000000000109,-0.002848326608117839,-28.48326608117839,0.2580000000000098,-1.1162790697674418
2003-07-15,-1,586,959,101.01899999999999,100.39,101.029,100.38,eod,0.6289999999999907,0.006225935127537546,62.25935127537546,0.4410000000000025,1.4263038548752542
2003-07-16,-1,587,959,100.47999999999999,99.77000000000001,100.49,99.76,eod,0.7099999999999795,0.007065379639764948,70.65379639764947,0.3900000000000148,1.820512820512699
2003-07-17,1,585,606,99.43,99.03999999999999,99.42,99.05999999999999,stop,-0.3900000000000148,-0.003922751961376129,-39.227519613761295,0.36000000000001364,-1.0833333333333333
2003-07-18,-1,590,852,98.89599999999999,99.28,98.90599999999999,99.26,stop,-0.38400000000001455,-0.0038824742684975084,-38.824742684975085,0.3540000000000134,-1.0847457627118644
2003-07-21,-1,600,959,98.88,98.25,98.89,98.24,eod,0.6299999999999955,0.006370714935787192,63.70714935787192,0.6099999999999994,1.0327868852458952
2003-07-22,-1,585,692,98.35,98.805,98.36,98.78500000000001,stop,-0.4550000000000125,-0.004625864172427943,-46.25864172427943,0.42500000000001137,-1.0705882352941185
2003-07-23,-1,589,875,98.82999999999998,99.38,98.83999999999999,99.36,stop,-0.5500000000000114,-0.0055645487656820255,-55.64548765682026,0.5200000000000102,-1.0576923076923088
2003-07-24,-1,585,602,99.60999999999999,100.02,99.61999999999999,100.0,stop,-0.4100000000000108,-0.004115639429833476,-41.15639429833476,0.38000000000000966,-1.0789473684210535
2003-07-25,1,587,634,98.88000000000001,98.44,98.87,98.46,stop,-0.44000000000001194,-0.004450288257307696,-44.50288257307696,0.4100000000000108,-1.073170731707318
2003-07-28,-1,585,959,100.07,100.05000000000001,100.08,100.04,eod,0.01999999999998181,0.0001998401278975001,1.9984012789750012,0.4200000000000017,0.047619047619004116
2003-07-29,-1,585,959,99.91,99.32900000000001,99.92,99.319,eod,0.5809999999999889,0.00581465172137699,58.1465172137699,0.35999999999999943,1.6138888888888605
2003-07-30,-1,585,959,99.27,99.12,99.28,99.11,eod,0.14999999999999147,0.0015108783239322267,15.108783239322268,0.5200000000000102,0.2884615384615164
2003-07-31,-1,585,599,99.63999999999999,100.05,99.64999999999999,100.03,stop,-0.4100000000000108,-0.004114400401405026,-41.14400401405026,0.38000000000000966,-1.0789473684210535
2003-08-01,-1,585,959,98.91999999999999,98.39,98.92999999999999,98.38,eod,0.5299999999999869,0.005357323359951349,53.573233599513486,0.37000000000001876,1.4324324324323245
2003-08-04,-1,588,804,97.83999999999999,98.45,97.85,98.43,stop,-0.6100000000000136,-0.006234031681144749,-62.340316811447494,0.5800000000000125,-1.0517241379310354
2003-08-05,1,587,607,98.58000000000001,98.2,98.57000000000001,98.22,stop,-0.38000000000000966,-0.0038551283351933615,-38.55128335193361,0.3500000000000085,-1.085714285714287
2003-08-06,1,587,615,96.9,96.47,96.89,96.49,stop,-0.4300000000000068,-0.004438022499742046,-44.38022499742046,0.4000000000000057,-1.0750000000000017
2003-08-07,1,599,959,97.26,97.88,97.25,97.89,eod,0.6199999999999903,0.0063753213367608265,63.75321336760827,0.5020000000000095,1.2350597609561325
2003-08-08,1,589,615,98.43,98.12,98.42,98.14,stop,-0.3100000000000023,-0.0031497663076610677,-31.497663076610678,0.28000000000000114,-1.1071428571428608
2003-08-11,1,585,700,98.42000000000002,98.16,98.41000000000001,98.17999999999999,stop,-0.2600000000000193,-0.002642007926023974,-26.420079260239742,0.2300000000000182,-1.1304347826086902
2003-08-12,-1,592,606,98.54999999999998,98.81,98.55999999999999,98.79,stop,-0.2600000000000193,-0.0026379870129872095,-26.379870129872096,0.2300000000000182,-1.1304347826086902
2003-08-13,-1,590,959,99.35,98.9,99.36,98.89,eod,0.44999999999998863,0.0045289855072462625,45.28985507246262,0.49900000000000944,0.901803607214389
2003-08-14,-1,587,641,98.57,99.183,98.58,99.16300000000001,stop,-0.6130000000000138,-0.006218299857983504,-62.182998579835036,0.5830000000000126,-1.0514579759862788
2003-08-15,-1,601,624,99.21999999999998,99.5,99.22999999999999,99.48,stop,-0.28000000000001535,-0.0028217273002117847,-28.217273002117846,0.2500000000000142,-1.1199999999999977
2003-08-18,1,585,611,100.05000000000001,99.76,100.04,99.78,stop,-0.29000000000000625,-0.0028988404638145364,-28.988404638145365,0.2600000000000051,-1.1153846153846174
2003-08-19,-1,585,657,100.55999999999999,100.84,100.57,100.82000000000001,stop,-0.28000000000001535,-0.002784130456398681,-27.84130456398681,0.2500000000000142,-1.1199999999999977
2003-08-20,1,588,600,100.45000000000002,100.21,100.44000000000001,100.22999999999999,stop,-0.2400000000000233,-0.0023894862604542343,-23.894862604542343,0.21000000000002217,-1.1428571428571332
2003-08-21,1,589,679,101.099,100.76,101.089,100.78,stop,-0.33899999999999864,-0.0033534805963062117,-33.53480596306212,0.3089999999999975,-1.097087378640781
2003-08-22,-1,586,959,101.39999999999999,99.78,101.41,99.77,eod,1.6199999999999903,0.01597475594122858,159.74755941228582,0.41800000000000637,3.8755980861243198
2003-08-25,-1,585,959,99.53999999999999,99.83,99.55,99.82,eod,-0.29000000000000625,-0.0029131089904571197,-29.131089904571198,1.8100000000000023,-0.16022099447514138
2003-08-26,1,600,604,99.79400000000001,99.46,99.784,99.47999999999999,stop,-0.3340000000000174,-0.0033472300168365405,-33.47230016836541,0.30400000000001626,-1.0986842105263142
2003-08-27,-1,586,642,99.97999999999999,100.19,99.99,100.17,stop,-0.21000000000000796,-0.00210021002100218,-21.0021002100218,0.18000000000000682,-1.1666666666666667
2003-08-28,-1,591,922,100.35,100.6,100.36,100.58,stop,-0.25,-0.0024910322837783977,-24.910322837783976,0.21999999999999886,-1.1363636363636422
2003-08-29,1,585,959,100.72000000000001,101.36,100.71000000000001,101.37,eod,0.6399999999999864,0.0063548803495182835,63.54880349518284,0.2400000000000091,2.666666666666509
2003-09-02,-1,604,738,101.55999999999999,101.96000000000001,101.57,101.94000000000001,stop,-0.4000000000000199,-0.003938170719700895,-39.38170719700895,0.37000000000001876,-1.08108108108108
2003-09-03,1,598,959,103.18,103.17999999999999,103.17,103.19,eod,-1.4210854715202004e-14,-1.377421218881652e-16,-1.377421218881652e-12,0.4000000000000057,-3.5527136788004504e-14
2003-09-04,1,590,626,103.23,102.9,103.22,102.92,stop,-0.3299999999999983,-0.003197054834334415,-31.97054834334415,0.29999999999999716,-1.1000000000000048
2003-09-05,1,588,790,103.08000000000001,102.83,103.07000000000001,102.85,stop,-0.2500000000000142,-0.0024255360434657434,-24.255360434657433,0.22000000000001307,-1.1363636363636334
2003-09-08,1,586,959,103.14000000000001,103.78999999999999,103.13000000000001,103.8,eod,0.6499999999999773,0.006302724716377167,63.02724716377167,0.21000000000000796,3.0952380952378697
2003-09-09,-1,590,959,103.19999999999999,102.93700000000001,103.21,102.927,eod,0.2629999999999768,0.002548202693537223,25.482026935372232,0.2600000000000051,1.0115384615383525
2003-09-10,-1,586,595,102.47999999999999,102.75,102.49,102.73,stop,-0.27000000000001023,-0.002634403356425117,-26.34403356425117,0.2400000000000091,-1.125
2003-09-11,-1,589,608,102.05999999999999,102.42,102.07,102.4,stop,-0.36000000000001364,-0.0035269912804939125,-35.269912804939125,0.3300000000000125,-1.0909090909090908
2003-09-12,-1,585,673,101.68999999999998,102.12,101.69999999999999,102.10000000000001,stop,-0.43000000000002103,-0.004228121927237179,-42.28121927237179,0.4000000000000199,-1.074999999999999
2003-09-15,-1,586,614,102.38999999999999,102.63,102.39999999999999,102.61,stop,-0.2400000000000091,-0.002343750000000089,-23.437500000000888,0.21000000000000796,-1.1428571428571428
2003-09-16,1,590,959,102.558,103.53999999999999,102.548,103.55,eod,0.9819999999999851,0.009576003432538763,95.76003432538764,0.38800000000000523,2.530927835051474
2003-09-17,1,591,647,103.68,103.35,103.67,103.36999999999999,stop,-0.3300000000000125,-0.003183177389794661,-31.83177389794661,0.30000000000001137,-1.1
2003-09-18,1,597,959,103.49000000000001,104.58,103.48,104.59,eod,1.0899999999999892,0.010533436412833294,105.33436412833294,0.29000000000000625,3.758620689655054
2003-09-19,-1,586,959,103.99999999999999,103.87,104.00999999999999,103.86,eod,0.12999999999998124,0.001249879819247969,12.49879819247969,0.27000000000001023,0.48148148148139375
2003-09-22,-1,592,959,102.69999999999999,102.5,102.71,102.49,eod,0.19999999999998863,0.0019472300652320965,19.472300652320964,0.2600000000000051,0.7692307692307103
2003-09-23,1,590,663,102.74000000000001,102.39,102.73,102.41,stop,-0.3500000000000085,-0.0034069891949772076,-34.06989194977208,0.3100000000000023,-1.1290322580645353
2003-09-24,1,586,596,103.21000000000001,102.889,103.2,102.90899999999999,stop,-0.32100000000001216,-0.0031104651162791874,-31.104651162791875,0.291000000000011,-1.1030927835051547
2003-09-25,-1,586,690,101.17999999999999,101.56,101.19,101.54,stop,-0.38000000000000966,-0.003755311789702635,-37.553117897026354,0.3500000000000085,-1.085714285714287
2003-09-26,-1,587,595,100.16,100.51,100.17,100.49000000000001,stop,-0.3500000000000085,-0.003494060097833768,-34.94060097833768,0.3200000000000074,-1.0937500000000013
2003-09-29,1,588,600,100.49000000000001,100.22,100.48,100.24,stop,-0.27000000000001023,-0.0026871019108281272,-26.87101910828127,0.2400000000000091,-1.125
2003-09-30,-1,591,841,100.22999999999999,100.56,100.24,100.54,stop,-0.3300000000000125,-0.003292098962490149,-32.92098962490149,0.30000000000001137,-1.1
2003-10-01,1,585,959,100.58000000000001,101.99,100.57000000000001,102.0,eod,1.4099999999999824,0.014020085512578127,140.20085512578126,0.38000000000000966,3.710526315789333
2003-10-02,-1,585,594,101.63,102.0,101.64,101.98,stop,-0.37000000000000455,-0.003640299094844594,-36.40299094844594,0.3400000000000034,-1.0882352941176494
2003-10-03,-1,611,757,103.56599999999999,104.07000000000001,103.576,104.05000000000001,stop,-0.5040000000000191,-0.004865992121727226,-48.659921217272256,0.47400000000001796,-1.0632911392405062
2003-10-06,1,597,640,103.55000000000001,103.19,103.54,103.21,stop,-0.36000000000001364,-0.003476917133475117,-34.76917133475117,0.3300000000000125,-1.0909090909090908
2003-10-07,-1,587,596,103.05999999999999,103.35,103.07,103.33,stop,-0.29000000000000625,-0.002813621810420164,-28.13621810420164,0.2600000000000051,-1.1153846153846174
2003-10-08,-1,586,959,103.93999999999998,103.72,103.94999999999999,103.71,eod,0.21999999999998465,0.002116402116401969,21.16402116401969,0.45000000000001705,0.48888888888883625
2003-10-09,-1,585,664,104.63,105.0,104.64,104.98,stop,-0.37000000000000455,-0.0035359327217125815,-35.359327217125816,0.3400000000000034,-1.0882352941176494
2003-10-10,-1,589,610,104.16999999999999,104.45,104.17999999999999,104.43,stop,-0.28000000000001535,-0.0026876559800347033,-26.87655980034703,0.2500000000000142,-1.1199999999999977
2003-10-13,1,602,795,104.89000000000001,104.67,104.88000000000001,104.69,stop,-0.22000000000001307,-0.0020976353928300255,-20.976353928300256,0.19000000000001194,-1.1578947368421013
2003-10-14,-1,585,826,104.41099999999999,104.93,104.42099999999999,104.91000000000001,stop,-0.5190000000000197,-0.004970264601948072,-49.702646019480724,0.48900000000001853,-1.0613496932515338
2003-10-15,-1,587,959,105.52,105.02000000000001,105.53,105.01,eod,0.4999999999999858,0.004737989197384496,47.379891973844956,0.37000000000000455,1.3513513513512962
2003-10-16,1,605,959,105.10000000000001,105.32,105.09,105.33,eod,0.21999999999998465,0.0020934437149108826,20.934437149108827,0.45000000000000284,0.4888888888888517
2003-10-17,1,587,590,105.51,105.28,105.5,105.3,stop,-0.23000000000000398,-0.0021800947867298957,-21.800947867298955,0.20000000000000284,-1.1500000000000035
2003-10-20,-1,588,595,104.27999999999999,104.52,104.28999999999999,104.5,stop,-0.2400000000000091,-0.0023012752900566603,-23.012752900566603,0.21000000000000796,-1.1428571428571428
2003-10-21,1,599,959,104.89000000000001,104.94999999999999,104.88000000000001,104.96,eod,0.05999999999997385,0.0005720823798624509,5.720823798624509,0.29000000000002046,0.20689655172403318
2003-10-22,-1,590,611,103.88999999999999,104.121,103.89999999999999,104.101,stop,-0.23100000000000875,-0.0022232916265640884,-22.232916265640885,0.20100000000000762,-1.1492537313432836
2003-10-23,1,585,959,103.15,103.72999999999999,103.14,103.74,eod,0.5799999999999841,0.005623424471591857,56.23424471591857,0.3100000000000023,1.8709677419354187
2003-10-24,1,589,695,103.01,102.65,103.0,102.67,stop,-0.35999999999999943,-0.0034951456310679556,-34.95145631067955,0.3299999999999983,-1.0909090909090948
2003-10-27,1,590,660,103.98,103.67999999999999,103.97,103.69999999999999,stop,-0.30000000000001137,-0.002885447725305486,-28.85447725305486,0.27000000000001023,-1.1111111111111112
2003-10-28,1,596,959,104.03000000000002,105.00999999999999,104.02000000000001,105.02,eod,0.9799999999999756,0.009421265141318741,94.21265141318742,0.21000000000002217,4.666666666666058
2003-10-29,1,585,959,104.95000000000002,105.24,104.94000000000001,105.25,eod,0.28999999999997783,0.0027634838955591557,27.634838955591558,0.2600000000000193,1.115384615384447
2003-10-30,-1,585,959,105.47999999999999,105.10000000000001,105.49,105.09,eod,0.37999999999998124,0.003602237178879337,36.02237178879337,0.3500000000000085,1.0857142857142057
2003-10-31,1,588,611,105.68,105.38,105.67,105.39999999999999,stop,-0.30000000000001137,-0.0028390271600266053,-28.390271600266054,0.27000000000001023,-1.1111111111111112
2003-11-03,-1,585,591,105.71,106.04,105.72,106.02000000000001,stop,-0.3300000000000125,-0.003121452894438257,-31.214528944382568,0.30000000000001137,-1.1
2003-11-04,-1,590,612,105.72999999999999,106.02,105.74,106.0,stop,-0.29000000000000625,-0.0027425761301305683,-27.425761301305684,0.2600000000000051,-1.1153846153846174
2003-11-05,1,587,617,105.67000000000002,105.42,105.66000000000001,105.44,stop,-0.2500000000000142,-0.0023660798788568446,-23.660798788568446,0.22000000000001307,-1.1363636363636334
2003-11-06,-1,593,771,105.24999999999999,105.69,105.25999999999999,105.67,stop,-0.44000000000001194,-0.004180125403762227,-41.801254037622265,0.4100000000000108,-1.073170731707318
2003-11-07,-1,588,959,106.41,105.82000000000001,106.42,105.81,eod,0.5899999999999892,0.0055440706634090325,55.440706634090326,0.3100000000000023,1.9032258064515641
2003-11-10,-1,610,959,105.55999999999999,105.19000000000001,105.57,105.18,eod,0.3699999999999761,0.0035047835559342253,35.04783555934225,0.28000000000001535,1.3214285714284137
2003-11-11,-1,593,665,105.02,105.32000000000001,105.03,105.30000000000001,stop,-0.30000000000001137,-0.0028563267637818847,-28.563267637818846,0.27000000000001023,-1.1111111111111112
2003-11-12,1,586,959,105.39900000000002,106.36999999999999,105.38900000000001,106.38,eod,0.9709999999999752,0.009213485278349497,92.13485278349496,0.23900000000001853,4.062761506275732
2003-11-13,1,591,644,106.10000000000001,105.87,106.09,105.89,stop,-0.23000000000000398,-0.0021679705910076725,-21.679705910076724,0.20000000000000284,-1.1500000000000035
2003-11-14,1,586,615,106.80000000000001,106.27,106.79,106.28999999999999,stop,-0.5300000000000153,-0.004963011517932534,-49.630115179325344,0.5000000000000142,-1.0600000000000005
2003-11-17,1,585,602,105.03000000000002,104.77,105.02000000000001,104.78999999999999,stop,-0.2600000000000193,-0.002475718910683863,-24.75718910683863,0.2300000000000182,-1.1304347826086902
2003-11-18,-1,591,593,105.17999999999999,105.37,105.19,105.35000000000001,stop,-0.19000000000001194,-0.0018062553474666027,-18.06255347466603,0.1600000000000108,-1.1874999999999944
2003-11-19,-1,591,606,103.99,104.3,104.0,104.28,stop,-0.3100000000000023,-0.0029807692307692525,-29.807692307692527,0.28000000000000114,-1.1071428571428608
2003-11-20,1,600,959,104.43,103.89,104.42,103.9,eod,-0.5400000000000063,-0.0051714230990232354,-51.71423099023235,0.6100000000000136,-0.8852459016393347
2003-11-21,-1,585,800,104.05999999999999,104.34,104.07,104.32000000000001,stop,-0.28000000000001535,-0.0026904967810129276,-26.904967810129275,0.2500000000000142,-1.1199999999999977
2003-11-24,1,588,959,104.95000000000002,105.72,104.94000000000001,105.73,eod,0.7699999999999818,0.00733752620545056,73.3752620545056,0.27000000000001023,2.8518518518516762
2003-11-25,1,589,959,105.78000000000002,106.0,105.77000000000001,106.01,eod,0.21999999999998465,0.0020799848728371433,20.799848728371433,0.3300000000000125,0.6666666666665949
2003-11-26,-1,586,942,106.21,106.47,106.22,106.45,stop,-0.2600000000000051,-0.0024477499529279335,-24.477499529279335,0.23000000000000398,-1.1304347826086982
2003-12-01,1,601,857,107.11000000000001,106.8,107.10000000000001,106.82,stop,-0.3100000000000165,-0.002894491129785401,-28.94491129785401,0.28000000000001535,-1.1071428571428554
2003-12-02,1,585,650,107.49000000000001,107.27,107.48,107.28999999999999,stop,-0.22000000000001307,-0.002046892445106188,-20.468924451061877,0.19000000000001194,-1.1578947368421013
2003-12-03,1,599,602,107.87,107.56,107.86,107.58,stop,-0.3100000000000023,-0.002874096050435771,-28.74096050435771,0.28000000000000114,-1.1071428571428608
2003-12-04,-1,587,602,107.13999999999999,107.37,107.14999999999999,107.35000000000001,stop,-0.2300000000000182,-0.0021465235650958304,-21.465235650958302,0.20000000000001705,-1.1499999999999928
2003-12-05,1,590,809,107.21000000000001,106.97,107.2,106.99,stop,-0.2400000000000091,-0.0022388059701493384,-22.388059701493383,0.21000000000000796,-1.1428571428571428
2003-12-08,1,585,959,107.07000000000001,107.50999999999999,107.06,107.52,eod,0.4399999999999835,0.004109844946758673,41.098449467586725,0.39000000000000057,1.1282051282050842
2003-12-09,-1,588,959,107.63,106.63000000000001,107.64,106.62,eod,0.9999999999999858,0.009290226681530898,92.90226681530898,0.30000000000001137,3.33333333333316
2003-12-10,-1,588,599,106.58999999999999,106.86,106.6,106.84,stop,-0.27000000000001023,-0.0025328330206379947,-25.32833020637995,0.2400000000000091,-1.125
2003-12-11,1,586,959,106.99000000000001,107.83,106.98,107.84,eod,0.8399999999999892,0.007851934941110387,78.51934941110387,0.3200000000000074,2.624999999999906
2003-12-12,-1,586,739,107.85999999999999,108.05,107.86999999999999,108.03,stop,-0.19000000000001194,-0.0017613794382127742,-17.613794382127743,0.1600000000000108,-1.1874999999999944
2003-12-15,-1,585,959,108.77999999999999,107.54,108.78999999999999,107.53,eod,1.2399999999999807,0.011398106443606773,113.98106443606773,0.45000000000001705,2.755555555555408
2003-12-16,-1,589,601,107.57999999999998,107.88,107.58999999999999,107.86,stop,-0.30000000000001137,-0.002788363230783636,-27.88363230783636,0.27000000000001023,-1.1111111111111112
2003-12-17,-1,589,639,107.82999999999998,108.16,107.83999999999999,108.14,stop,-0.3300000000000125,-0.0030600890207716294,-30.600890207716294,0.30000000000001137,-1.1
2003-12-18,1,585,959,108.59,109.58999999999999,108.58,109.6,eod,0.9999999999999858,0.009209799226376734,92.09799226376734,0.20000000000000284,4.999999999999858
2003-12-19,-1,585,688,109.04999999999998,109.36,109.05999999999999,109.34,stop,-0.3100000000000165,-0.0028424720337430452,-28.42472033743045,0.28000000000001535,-1.1071428571428554
2003-12-22,1,585,959,109.12,109.44999999999999,109.11,109.46,eod,0.3299999999999841,0.00302447071762427,30.2447071762427,0.3400000000000034,0.9705882352940611
2003-12-23,1,587,959,109.70000000000002,109.78,109.69000000000001,109.79,eod,0.07999999999998408,0.0007293281064817583,7.293281064817583,0.3200000000000216,0.2499999999999334
2003-12-24,1,590,797,109.58000000000001,109.61,109.57000000000001,109.62,eod,0.029999999999986926,0.0002737975723280727,2.737975723280727,0.15000000000000568,0.19999999999990525
2003-12-26,1,585,785,109.91000000000001,109.67999999999999,109.9,109.69999999999999,stop,-0.2300000000000182,-0.00209281164695194,-20.9281164695194,0.20000000000001705,-1.1499999999999928
2003-12-29,1,586,959,110.28000000000002,111.14,110.27000000000001,111.15,eod,0.8599999999999852,0.0077990387231339905,77.99038723133991,0.19000000000001194,4.526315789473322
2003-12-30,1,585,600,111.24000000000001,110.98,111.23,111.0,stop,-0.2600000000000051,-0.0023374988762025093,-23.374988762025094,0.23000000000000398,-1.1304347826086982
2003-12-31,-1,613,959,111.19999999999999,111.16000000000001,111.21,111.15,eod,0.03999999999997783,0.0003596798849022375,3.596798849022375,0.3200000000000074,0.12499999999992784
2004-01-02,1,601,739,112.00000000000001,111.58,111.99000000000001,111.6,stop,-0.4200000000000159,-0.003750334851326153,-37.50334851326153,0.3900000000000148,-1.0769230769230769
2004-01-05,1,589,685,111.98,111.64,111.97,111.66,stop,-0.3400000000000034,-0.0030365276413325303,-30.365276413325304,0.3100000000000023,-1.0967741935483901
2004-01-06,1,589,959,112.29,112.61,112.28,112.62,eod,0.3199999999999932,0.002850017812611268,28.50017812611268,0.19000000000001194,1.6842105263156477
2004-01-07,-1,594,733,112.32999999999998,112.58,112.33999999999999,112.56,stop,-0.2500000000000142,-0.0022253872173759503,-22.253872173759504,0.22000000000001307,-1.1363636363636334
2004-01-08,-1,590,929,112.96999999999998,113.37,112.97999999999999,113.35000000000001,stop,-0.4000000000000199,-0.0035404496371040884,-35.404496371040885,0.37000000000001876,-1.08108108108108
2004-01-09,1,599,897,112.92000000000002,112.51,112.91000000000001,112.53,stop,-0.4100000000000108,-0.0036312106987867396,-36.312106987867395,0.38000000000000966,-1.0789473684210535
2004-01-12,-1,590,658,112.50999999999999,112.84,112.52,112.82000000000001,stop,-0.3300000000000125,-0.0029328119445433034,-29.328119445433035,0.30000000000001137,-1.1
2004-01-13,-1,614,959,112.99999999999999,112.48,113.00999999999999,112.47,eod,0.5199999999999818,0.004601362711264329,46.01362711264329,0.2300000000000182,2.2608695652171336
2004-01-14,1,603,959,112.89000000000001,113.3,112.88000000000001,113.31,eod,0.4099999999999824,0.003632175761870857,36.32175761870857,0.22000000000001307,1.8636363636361728
2004-01-15,-1,588,756,113.46,113.72,113.47,113.7,stop,-0.2600000000000051,-0.0022913545430510718,-22.913545430510716,0.23000000000000398,-1.1304347826086982
2004-01-16,1,586,598,114.09,113.81,114.08,113.83,stop,-0.28000000000000114,-0.0024544179523141754,-24.544179523141754,0.25,-1.1200000000000045
2004-01-20,-1,585,607,114.29999999999998,114.57000000000001,114.30999999999999,114.55000000000001,stop,-0.27000000000002444,-0.00236199807540919,-23.6199807540919,0.2400000000000233,-1.1249999999999927
2004-01-21,-1,586,694,113.82,114.19,113.83,114.17,stop,-0.37000000000000455,-0.0032504612140912287,-32.504612140912286,0.3400000000000034,-1.0882352941176494
2004-01-22,1,595,605,115.32000000000001,115.05,115.31,115.07,stop,-0.27000000000001023,-0.0023415141791692847,-23.415141791692847,0.2400000000000091,-1.125
2004-01-23,-1,592,607,114.93999999999998,115.19,114.94999999999999,115.17,stop,-0.2500000000000142,-0.0021748586341889015,-21.748586341889016,0.22000000000001307,-1.1363636363636334
2004-01-26,1,585,959,114.65,115.78999999999999,114.64,115.8,eod,1.1399999999999864,0.009944173063503021,99.44173063503021,0.2600000000000051,4.384615384615246
2004-01-27,-1,606,959,115.57,114.71000000000001,115.58,114.7,eod,0.8599999999999852,0.007440733690949864,74.40733690949864,0.28000000000000114,3.0714285714285063
2004-01-28,1,585,855,115.15,114.92,115.14,114.94,stop,-0.23000000000000398,-0.001997568177870453,-19.97568177870453,0.20000000000000284,-1.1500000000000035
2004-01-29,-1,586,903,113.38999999999999,113.71000000000001,113.39999999999999,113.69000000000001,stop,-0.3200000000000216,-0.0028218694885363458,-28.21869488536346,0.29000000000002046,-1.1034482758620656
2004-01-30,1,601,642,113.55000000000001,113.14,113.54,113.16,stop,-0.4100000000000108,-0.0036110621807293533,-36.11062180729353,0.38000000000000966,-1.0789473684210535
2004-02-02,1,591,607,113.89000000000001,113.56,113.88000000000001,113.58,stop,-0.3300000000000125,-0.0028977871443625963,-28.97787144362596,0.30000000000001137,-1.1
2004-02-03,-1,585,596,113.49999999999999,113.87,113.50999999999999,113.85000000000001,stop,-0.37000000000001876,-0.0032596247026695337,-32.59624702669534,0.3400000000000176,-1.0882352941176459
2004-02-04,1,592,606,113.36000000000001,113.11,113.35000000000001,113.13,stop,-0.2500000000000142,-0.002205558006175688,-22.055580061756878,0.22000000000001307,-1.1363636363636334
2004-02-05,-1,587,792,113.05999999999999,113.36,113.07,113.34,stop,-0.30000000000001137,-0.002653223666755208,-26.53223666755208,0.27000000000001023,-1.1111111111111112
2004-02-06,-1,590,606,113.29999999999998,113.65,113.30999999999999,113.63000000000001,stop,-0.35000000000002274,-0.0030888712381963003,-30.888712381963003,0.3200000000000216,-1.0937499999999973
2004-02-09,-1,586,618,114.46999999999998,114.72,114.47999999999999,114.7,stop,-0.2500000000000142,-0.002183787561146176,-21.837875611461758,0.22000000000001307,-1.1363636363636334
2004-02-10,1,595,959,114.47000000000001,114.89,114.46000000000001,114.9,eod,0.4199999999999875,0.003669404158657937,36.69404158657937,0.21000000000000796,1.9999999999998646
2004-02-11,1,597,607,114.89000000000001,114.67999999999999,114.88000000000001,114.69999999999999,stop,-0.21000000000002217,-0.0018279944289695523,-18.27994428969552,0.18000000000002103,-1.1666666666666534
2004-02-12,1,597,716,116.07000000000001,115.83,116.06,115.85,stop,-0.2400000000000091,-0.0020678959159056444,-20.678959159056443,0.21000000000000796,-1.1428571428571428
2004-02-13,-1,589,599,115.77,116.09,115.78,116.07000000000001,stop,-0.3200000000000074,-0.002763862497840796,-27.63862497840796,0.29000000000000625,-1.1034482758620707
2004-02-17,-1,590,641,115.80999999999999,116.07000000000001,115.82,116.05000000000001,stop,-0.2600000000000193,-0.0022448627180108732,-22.448627180108733,0.2300000000000182,-1.1304347826086902
2004-02-18,-1,585,959,116.00999999999999,115.67,116.02,115.66,eod,0.3399999999999892,0.002930529219100062,29.30529219100062,0.2400000000000091,1.416666666666568
2004-02-19,-1,586,959,116.18999999999998,115.23,116.19999999999999,115.22,eod,0.9599999999999795,0.008261617900171941,82.61617900171942,0.20000000000001705,4.799999999999488
2004-02-20,-1,585,959,115.1,115.01,115.11,115.0,eod,0.0899999999999892,0.0007818608287723847,7.818608287723847,0.4000000000000057,0.2249999999999698
2004-02-23,-1,587,959,115.00999999999999,114.56,115.02,114.55,eod,0.44999999999998863,0.003912363067292546,39.12363067292546,0.2500000000000142,1.7999999999998522
2004-02-24,-1,585,621,114.14999999999999,114.4,114.16,114.38000000000001,stop,-0.2500000000000142,-0.002189908899789893,-21.899088997898932,0.22000000000001307,-1.1363636363636334
2004-02-25,1,586,701,114.67000000000002,114.35,114.66000000000001,114.36999999999999,stop,-0.3200000000000216,-0.0027908599337172647,-27.908599337172646,0.29000000000002046,-1.1034482758620656
2004-02-26,-1,585,661,114.46,114.82000000000001,114.47,114.80000000000001,stop,-0.36000000000001364,-0.0031449288023064005,-31.449288023064007,0.3300000000000125,-1.0909090909090908
2004-02-27,1,589,700,115.30000000000001,115.08,115.29,115.1,stop,-0.22000000000001307,-0.001908231416428251,-19.08231416428251,0.19000000000001194,-1.1578947368421013
2004-03-01,1,588,660,115.55000000000001,115.35,115.54,115.36999999999999,stop,-0.20000000000001705,-0.001731002250303073,-17.31002250303073,0.17000000000001592,-1.1764705882352844
2004-03-02,1,586,642,116.14000000000001,115.87,116.13000000000001,115.89,stop,-0.27000000000001023,-0.002324980625161545,-23.24980625161545,0.2400000000000091,-1.125
2004-03-03,-1,585,595,115.16999999999999,115.39,115.17999999999999,115.37,stop,-0.22000000000001307,-0.0019100538287898342,-19.100538287898342,0.19000000000001194,-1.1578947368421013
2004-03-04,1,586,616,115.83000000000001,115.6,115.82000000000001,115.61999999999999,stop,-0.2300000000000182,-0.0019858400967019355,-19.858400967019357,0.20000000000001705,-1.1499999999999928
2004-03-05,1,587,959,115.70000000000002,116.28,115.69000000000001,116.29,eod,0.5799999999999841,0.00501339787362766,50.1339787362766,0.3400000000000176,1.7058823529410412
2004-03-08,1,585,654,116.49000000000001,116.17,116.48,116.19,stop,-0.3200000000000074,-0.002747252747252811,-27.472527472528107,0.29000000000000625,-1.1034482758620707
2004-03-09,1,587,619,115.13000000000001,114.82,115.12,114.83999999999999,stop,-0.3100000000000165,-0.002692842251563729,-26.92842251563729,0.28000000000001535,-1.1071428571428554
2004-03-10,-1,586,959,114.49999999999999,113.01,114.50999999999999,113.0,eod,1.4899999999999807,0.013011964020609387,130.11964020609386,0.2500000000000142,5.959999999999584
2004-03-11,1,594,918,112.58000000000001,112.15,112.57000000000001,112.17,stop,-0.4300000000000068,-0.003819845429510587,-38.19845429510587,0.3900000000000148,-1.1025641025640782
2004-03-12,-1,588,593,111.64999999999999,112.0,111.66,111.98,stop,-0.3500000000000085,-0.0031345154934623726,-31.345154934623725,0.3200000000000074,-1.0937500000000013
2004-03-15,-1,601,959,112.02,111.04,112.03,111.03,eod,0.9799999999999898,0.008747656877621975,87.47656877621975,0.3299999999999983,2.969696969696954
2004-03-16,-1,618,959,111.71,111.74000000000001,111.72,111.73,eod,-0.030000000000015348,-0.0002685284640173232,-2.685284640173232,0.3500000000000085,-0.08571428571432747
2004-03-17,1,585,959,112.57000000000001,112.99,112.56,113.0,eod,0.4199999999999875,0.0037313432835819785,37.31343283581978,0.4700000000000131,0.8936170212765443
2004-03-18,1,585,601,112.80000000000001,112.57,112.79,112.58999999999999,stop,-0.2300000000000182,-0.002039187871265344,-20.39187871265344,0.20000000000001705,-1.1499999999999928
2004-03-19,-1,585,701,112.13,112.52,112.14,112.5,stop,-0.39000000000000057,-0.0034777956126270785,-34.77795612627079,0.35999999999999943,-1.0833333333333366
2004-03-22,-1,593,959,110.17999999999999,109.76,110.19,109.75,eod,0.4199999999999875,0.0038115981486522145,38.115981486522145,0.39000000000000057,1.0769230769230433
2004-03-23,1,588,611,110.34,109.98,110.33,110.0,stop,-0.35999999999999943,-0.003262938457355202,-32.62938457355202,0.3299999999999983,-1.0909090909090948
2004-03-24,1,586,614,109.80000000000001,109.4,109.79,109.42,stop,-0.4000000000000057,-0.003643319063667052,-36.43319063667052,0.37000000000000455,-1.0810810810810831
2004-03-25,-1,586,643,109.97999999999999,110.23,109.99,110.21000000000001,stop,-0.2500000000000142,-0.0022729339030822275,-22.729339030822274,0.22000000000001307,-1.1363636363636334
2004-03-26,1,587,959,111.09,111.16,111.08,111.17,eod,0.06999999999999318,0.0006301764494057722,6.301764494057722,0.2600000000000051,0.2692307692307377
2004-03-29,1,590,959,111.95000000000002,112.47,111.94000000000001,112.48,eod,0.5199999999999818,0.004645345720921759,46.453457209217596,0.37000000000001876,1.405405405405285
2004-03-30,1,585,959,112.50000000000001,112.96,112.49000000000001,112.97,eod,0.45999999999997954,0.004089252377988972,40.89252377988972,0.28000000000001535,1.6428571428569798
2004-03-31,-1,600,863,112.61999999999999,113.05,112.63,113.03,stop,-0.4300000000000068,-0.00381781053005422,-38.1781053005422,0.4000000000000057,-1.0750000000000017
2004-04-01,1,600,959,113.34,113.47999999999999,113.33,113.49,eod,0.13999999999998636,0.0012353304508954943,12.353304508954944,0.29000000000000625,0.48275862068959774
2004-04-02,-1,586,959,114.47999999999999,114.43,114.49,114.42,eod,0.04999999999998295,0.0004367193641364569,4.367193641364569,0.36000000000001364,0.13888888888883624
2004-04-05,1,607,679,114.76,114.42,114.75,114.44,stop,-0.3400000000000034,-0.0029629629629629927,-29.629629629629928,0.3100000000000023,-1.0967741935483901
2004-04-06,1,586,701,114.91000000000001,114.67,114.9,114.69,stop,-0.2400000000000091,-0.0020887728459530815,-20.887728459530816,0.21000000000000796,-1.1428571428571428
2004-04-07,-1,603,959,114.57999999999998,114.51,114.58999999999999,114.5,eod,0.06999999999997897,0.0006108735491751372,6.108735491751371,0.4000000000000199,0.1749999999999387
2004-04-08,-1,591,959,115.13,114.24000000000001,115.14,114.23,eod,0.8899999999999864,0.00772972034045498,77.2972034045498,0.28000000000000114,3.178571428571367
2004-04-12,1,598,959,114.78000000000002,114.83999999999999,114.77000000000001,114.85,eod,0.05999999999997385,0.0005227846998342237,5.227846998342237,0.21000000000002217,0.28571428571413104
2004-04-13,-1,585,959,114.96999999999998,113.30000000000001,114.97999999999999,113.29,eod,1.6699999999999733,0.014524265089580565,145.24265089580564,0.3100000000000165,5.387096774193176
2004-04-14,1,593,915,112.88000000000001,112.55,112.87,112.57,stop,-0.3300000000000125,-0.002923717551165168,-29.237175511651678,0.30000000000001137,-1.1
2004-04-15,1,590,607,113.73,113.25,113.72,113.27,stop,-0.480000000000004,-0.004220893422441118,-42.20893422441119,0.45000000000000284,-1.0666666666666689
2004-04-16,-1,585,631,113.13999999999999,113.49,113.14999999999999,113.47,stop,-0.3500000000000085,-0.0030932390631905307,-30.932390631905307,0.3200000000000074,-1.0937500000000013
2004-04-19,-1,589,915,113.49,113.87,113.5,113.85000000000001,stop,-0.38000000000000966,-0.0033480176211454597,-33.4801762114546,0.3500000000000085,-1.085714285714287
2004-04-20,1,594,659,114.17000000000002,113.92999999999999,114.16000000000001,113.94999999999999,stop,-0.2400000000000233,-0.002102312543798382,-21.023125437983822,0.21000000000002217,-1.1428571428571332
2004-04-21,-1,586,597,111.91,112.3,111.92,112.28,stop,-0.39000000000000057,-0.0034846318799142293,-34.846318799142296,0.35999999999999943,-1.0833333333333366
2004-04-22,1,585,959,112.73,114.42999999999999,112.72,114.44,eod,1.6999999999999886,0.015081618168914023,150.81618168914022,0.29000000000000625,5.862068965517076
2004-04-23,-1,588,869,114.14999999999999,114.47,114.16,114.45,stop,-0.3200000000000074,-0.002803083391730969,-28.03083391730969,0.29000000000000625,-1.1034482758620707
2004-04-26,1,591,616,114.76,114.44,114.75,114.46,stop,-0.3200000000000074,-0.002788671023965206,-27.88671023965206,0.29000000000000625,-1.1034482758620707
2004-04-27,1,601,886,114.42000000000002,114.1,114.41000000000001,114.11999999999999,stop,-0.3200000000000216,-0.0027969583078404124,-27.969583078404124,0.29000000000002046,-1.1034482758620656
2004-04-28,-1,585,959,113.32,112.59,113.33,112.58,eod,0.7299999999999898,0.006441365922527043,64.41365922527042,0.5800000000000125,1.2586206896551277
2004-04-29,-1,585,607,112.46,112.92,112.47,112.9,stop,-0.46000000000000796,-0.00408997955010232,-40.8997955010232,0.4300000000000068,-1.0697674418604666
2004-04-30,-1,592,959,111.97999999999999,111.14,111.99,111.13,eod,0.8399999999999892,0.007500669702651927,75.00669702651926,0.4000000000000057,2.0999999999999432
2004-05-03,1,585,959,111.63000000000001,112.13,111.62,112.14,eod,0.4999999999999858,0.004479483963447283,44.79483963447283,0.28000000000001535,1.785714285714137
2004-05-04,-1,585,603,112.11999999999999,112.35,112.13,112.33,stop,-0.23000000000000398,-0.0020511905823597967,-20.511905823597967,0.20000000000000284,-1.1500000000000035
2004-05-05,-1,586,596,112.17999999999999,112.5,112.19,112.48,stop,-0.3200000000000074,-0.0028523041269275995,-28.523041269275996,0.29000000000000625,-1.1034482758620707
2004-05-06,1,585,625,112.22000000000001,111.9,112.21000000000001,111.92,stop,-0.3200000000000074,-0.002851795740130179,-28.51795740130179,0.29000000000000625,-1.1034482758620707
2004-05-07,-1,616,959,111.16,110.31,111.17,110.3,eod,0.8499999999999943,0.007645947647746643,76.45947647746642,1.0700000000000074,0.7943925233644752
2004-05-10,1,585,597,109.61000000000001,109.21,109.60000000000001,109.22999999999999,stop,-0.4000000000000199,-0.0036496350364965315,-36.496350364965316,0.37000000000001876,-1.08108108108108
2004-05-11,1,587,823,109.72000000000001,109.32,109.71000000000001,109.33999999999999,stop,-0.4000000000000199,-0.003645975754261415,-36.45975754261415,0.37000000000001876,-1.08108108108108
2004-05-12,-1,587,911,109.43999999999998,109.69,109.44999999999999,109.67,stop,-0.2500000000000142,-0.002284148012791359,-22.841480127913588,0.22000000000001307,-1.1363636363636334
2004-05-13,-1,602,624,109.71,110.3,109.72,110.28,stop,-0.5900000000000034,-0.005377324097703276,-53.77324097703276,0.5600000000000023,-1.0535714285714304
2004-05-14,-1,593,781,109.88,110.47,109.89,110.45,stop,-0.5900000000000034,-0.0053690053690054,-53.69005369005399,0.5600000000000023,-1.0535714285714304
2004-05-17,-1,586,630,108.77999999999999,109.15,108.78999999999999,109.13000000000001,stop,-0.37000000000001876,-0.0034010478904312785,-34.010478904312784,0.3400000000000176,-1.0882352941176459
2004-05-18,1,641,959,109.74000000000001,109.67999999999999,109.73,109.69,eod,-0.060000000000016485,-0.0005467966827669414,-5.467966827669414,0.4100000000000108,-0.1463414634146705
2004-05-19,1,587,866,110.57000000000001,110.3,110.56,110.32,stop,-0.27000000000001023,-0.0024421128798843184,-24.421128798843185,0.2400000000000091,-1.125
2004-05-20,1,587,734,109.60000000000001,109.27,109.59,109.28999999999999,stop,-0.3300000000000125,-0.0030112236517931606,-30.112236517931606,0.30000000000001137,-1.1
2004-05-21,-1,588,654,109.83999999999999,110.14,109.85,110.12,stop,-0.30000000000001137,-0.002730996813837154,-27.30996813837154,0.27000000000001023,-1.1111111111111112
2004-05-24,1,586,609,110.67000000000002,110.31,110.66000000000001,110.33,stop,-0.36000000000001364,-0.0032532080245799167,-32.532080245799165,0.3300000000000125,-1.0909090909090908
2004-05-25,-1,597,623,109.66,110.03,109.67,110.01,stop,-0.37000000000000455,-0.003373757636546043,-33.737576365460434,0.3400000000000034,-1.0882352941176494
2004-05-26,1,591,605,111.93,111.59,111.92,111.61,stop,-0.3400000000000034,-0.0030378842030021748,-30.378842030021747,0.3100000000000023,-1.0967741935483901
2004-05-27,1,598,678,112.76,112.42999999999999,112.75,112.44999999999999,stop,-0.3300000000000125,-0.002926829268292794,-29.26829268292794,0.30000000000001137,-1.1
2004-05-28,-1,587,947,112.52999999999999,112.83,112.53999999999999,112.81,stop,-0.30000000000001137,-0.002665718855518139,-26.657188555181392,0.27000000000001023,-1.1111111111111112
2004-06-01,1,587,675,112.66000000000001,112.33,112.65,112.35,stop,-0.3300000000000125,-0.00292942743009332,-29.2942743009332,0.30000000000001137,-1.1
2004-06-02,-1,588,857,112.82,113.12,112.83,113.10000000000001,stop,-0.30000000000001137,-0.002658867322520707,-26.588673225207067,0.27000000000001023,-1.1111111111111112
2004-06-03,1,585,602,112.87,112.64,112.86,112.66,stop,-0.23000000000000398,-0.002037923090554705,-20.37923090554705,0.20000000000000284,-1.1500000000000035
2004-06-04,1,586,592,113.14000000000001,112.89,113.13000000000001,112.91,stop,-0.2500000000000142,-0.0022098470785822874,-22.098470785822872,0.22000000000001307,-1.1363636363636334
2004-06-07,1,589,959,113.61000000000001,114.64,113.60000000000001,114.65,eod,1.029999999999987,0.009066901408450588,90.66901408450587,0.19000000000001194,5.421052631578538
2004-06-08,1,585,605,114.45000000000002,114.21,114.44000000000001,114.22999999999999,stop,-0.2400000000000233,-0.002097168822090382,-20.97168822090382,0.21000000000002217,-1.1428571428571332
2004-06-09,-1,608,959,114.39999999999999,113.78,114.41,113.77,eod,0.6199999999999903,0.005419106721440349,54.19106721440349,0.30000000000001137,2.0666666666665563
2004-06-10,-1,593,607,113.97999999999999,114.18,113.99,114.16000000000001,stop,-0.20000000000001705,-0.001754539871918739,-17.54539871918739,0.17000000000001592,-1.1764705882352844
2004-06-14,-1,586,959,113.63,113.2,113.64,113.19,eod,0.4299999999999926,0.003783878915874627,37.83878915874627,0.21000000000000796,2.0476190476189347
2004-06-15,1,587,917,114.14000000000001,113.87,114.13000000000001,113.89,stop,-0.27000000000001023,-0.0023657232979936056,-23.657232979936055,0.2400000000000091,-1.125
2004-06-16,-1,586,638,113.82999999999998,114.06,113.83999999999999,114.04,stop,-0.2300000000000182,-0.0020203794799720505,-20.203794799720505,0.20000000000001705,-1.1499999999999928
2004-06-17,-1,586,805,113.69999999999999,113.91,113.71,113.89,stop,-0.21000000000000796,-0.001846803271480151,-18.46803271480151,0.18000000000000682,-1.1666666666666667
2004-06-18,1,586,959,113.42000000000002,113.69999999999999,113.41000000000001,113.71,eod,0.2799999999999727,0.0024689180848247306,24.689180848247307,0.22000000000001307,1.272727272727073
2004-06-21,1,590,923,113.86000000000001,113.57,113.85000000000001,113.58999999999999,stop,-0.29000000000002046,-0.002547211242863596,-25.472112428635963,0.2600000000000193,-1.1153846153846112
2004-06-22,1,586,634,113.21000000000001,112.98,113.2,113.0,stop,-0.23000000000000398,-0.002031802120141378,-20.318021201413778,0.20000000000000284,-1.1500000000000035
2004-06-23,-1,619,718,113.55999999999999,113.83,113.57,113.81,stop,-0.27000000000001023,-0.0023773883948226666,-23.773883948226665,0.2400000000000091,-1.125
2004-06-24,1,586,863,114.75000000000001,114.42999999999999,114.74000000000001,114.44999999999999,stop,-0.3200000000000216,-0.0027889140665855114,-27.889140665855113,0.29000000000002046,-1.1034482758620656
2004-06-25,1,588,846,114.60000000000001,114.28999999999999,114.59,114.30999999999999,stop,-0.3100000000000165,-0.0027052971463479925,-27.052971463479924,0.28000000000001535,-1.1071428571428554
2004-06-28,1,589,663,114.57000000000001,114.26,114.56,114.28,stop,-0.3100000000000023,-0.0027060055865921985,-27.060055865921985,0.28000000000000114,-1.1071428571428608
2004-06-29,1,585,959,113.59,113.97,113.58,113.98,eod,0.37999999999999545,0.0033456594470857148,33.45659447085715,0.1700000000000017,2.2352941176470096
2004-06-30,-1,603,863,113.91,114.23,113.92,114.21000000000001,stop,-0.3200000000000074,-0.002808988764045009,-28.089887640450087,0.29000000000000625,-1.1034482758620707
2004-07-01,-1,592,959,114.21999999999998,113.21000000000001,114.22999999999999,113.2,eod,1.0099999999999767,0.008841810382561295,88.41810382561296,0.18000000000002103,5.611111111110326
2004-07-02,-1,586,630,112.77999999999999,113.24,112.78999999999999,113.22,stop,-0.46000000000000796,-0.004078375742530437,-40.783757425304366,0.4300000000000068,-1.0697674418604666
2004-07-06,-1,589,959,112.17999999999999,111.97,112.19,111.96,eod,0.20999999999999375,0.0018718245832961382,18.718245832961383,0.27000000000001023,0.7777777777777252
2004-07-07,1,585,959,112.21000000000001,112.13,112.2,112.14,eod,-0.0800000000000125,-0.0007130124777184715,-7.130124777184715,0.46000000000000796,-0.17391304347828504
2004-07-08,-1,588,666,111.68999999999998,112.08,111.69999999999999,112.06,stop,-0.3900000000000148,-0.00349149507609682,-34.9149507609682,0.36000000000001364,-1.0833333333333333
2004-07-09,-1,600,959,111.63,111.65,111.64,111.64,eod,-0.020000000000010232,-0.00017914725904702824,-1.7914725904702824,0.3100000000000023,-0.06451612903229059
2004-07-12,-1,587,861,111.46,111.74,111.47,111.72,stop,-0.28000000000000114,-0.0025118866062617848,-25.118866062617847,0.25,-1.1200000000000045
2004-07-13,1,592,617,111.97000000000001,111.8,111.96000000000001,111.82,stop,-0.17000000000001592,-0.0015183994283674161,-15.183994283674162,0.14000000000001478,-1.2142857142856998
2004-07-14,1,585,929,111.48,111.17,111.47,111.19,stop,-0.3100000000000023,-0.0027810173140755566,-27.810173140755566,0.28000000000000114,-1.1071428571428608
2004-07-15,-1,594,766,111.55999999999999,111.86,111.57,111.84,stop,-0.30000000000001137,-0.0026888948642109114,-26.888948642109114,0.27000000000001023,-1.1111111111111112
2004-07-16,-1,591,959,111.38999999999999,110.54,111.39999999999999,110.53,eod,0.8499999999999801,0.007630161579892102,76.30161579892102,0.28000000000001535,3.0357142857140484
2004-07-19,1,588,631,110.82000000000001,110.5,110.81,110.52,stop,-0.3200000000000074,-0.0028878260084830554,-28.878260084830554,0.29000000000000625,-1.1034482758620707
2004-07-20,1,593,611,110.65,110.35,110.64,110.36999999999999,stop,-0.30000000000001137,-0.0027114967462040073,-27.114967462040074,0.27000000000001023,-1.1111111111111112
2004-07-21,1,585,591,111.94000000000001,111.72,111.93,111.74,stop,-0.22000000000001307,-0.0019655141606362285,-19.655141606362285,0.19000000000001194,-1.1578947368421013
2004-07-22,1,586,603,109.77000000000001,109.23,109.76,109.25,stop,-0.5400000000000063,-0.004919825072886354,-49.19825072886354,0.5100000000000051,-1.0588235294117663
2004-07-23,-1,591,959,109.41999999999999,108.93,109.42999999999999,108.92,eod,0.4899999999999807,0.0044777483322670265,44.777483322670264,0.28000000000001535,1.749999999999835
2004-07-26,1,586,605,109.34,109.05,109.33,109.07,stop,-0.29000000000000625,-0.0026525198938992614,-26.525198938992613,0.2600000000000051,-1.1153846153846174
2004-07-27,-1,585,586,108.99,109.21000000000001,109.0,109.19000000000001,stop,-0.22000000000001307,-0.002018348623853331,-20.183486238533312,0.19000000000001194,-1.1578947368421013
2004-07-28,1,586,609,109.77000000000001,109.51,109.76,109.53,stop,-0.2600000000000051,-0.0023688046647230786,-23.688046647230788,0.23000000000000398,-1.1304347826086982
2004-07-29,-1,585,596,110.32999999999998,110.57000000000001,110.33999999999999,110.55000000000001,stop,-0.2400000000000233,-0.0021750951604134795,-21.750951604134794,0.21000000000002217,-1.1428571428571332
2004-07-30,1,589,595,110.47000000000001,110.26,110.46000000000001,110.28,stop,-0.21000000000000796,-0.0019011406844107184,-19.011406844107185,0.18000000000000682,-1.1666666666666667
2004-08-02,1,586,959,110.42000000000002,111.08999999999999,110.41000000000001,111.1,eod,0.6699999999999733,0.006068290915677685,60.68290915677685,0.37000000000001876,1.8108108108106469
2004-08-03,1,587,601,111.03000000000002,110.83,111.02000000000001,110.85,stop,-0.20000000000001705,-0.0018014772113134304,-18.014772113134303,0.17000000000001592,-1.1764705882352844
2004-08-04,-1,589,592,109.80999999999999,110.05,109.82,110.03,stop,-0.2400000000000091,-0.0021853942815517127,-21.853942815517126,0.21000000000000796,-1.1428571428571428
2004-08-05,-1,590,959,110.17999999999999,108.53,110.19,108.52,eod,1.6499999999999915,0.01497413558399121,149.7413558399121,0.20000000000000284,8.24999999999984
2004-08-06,1,585,599,107.92000000000002,107.49,107.91000000000001,107.50999999999999,stop,-0.43000000000002103,-0.003984802149939959,-39.848021499399586,0.4000000000000199,-1.074999999999999
2004-08-09,-1,602,658,106.96,107.32000000000001,106.97,107.30000000000001,stop,-0.36000000000001364,-0.0033654295596897603,-33.654295596897605,0.3300000000000125,-1.0909090909090908
2004-08-10,1,617,959,107.49000000000001,108.36,107.48,108.37,eod,0.8699999999999903,0.008094529214737535,80.94529214737534,0.23000000000000398,3.7826086956520664
2004-08-11,-1,593,658,107.38999999999999,107.73,107.39999999999999,107.71000000000001,stop,-0.3400000000000176,-0.0031657355679703693,-31.657355679703695,0.3100000000000165,-1.0967741935483857
2004-08-12,-1,604,959,107.6,106.86,107.61,106.85,eod,0.7399999999999949,0.006876684323018259,68.76684323018259,0.3500000000000085,2.114285714285648
2004-08-13,-1,586,959,107.07,107.08,107.08,107.07,eod,-0.010000000000005116,-9.338812103105263e-05,-0.9338812103105263,0.27000000000001023,-0.03703703703705458
2004-08-16,1,585,959,107.59,108.52,107.58,108.53,eod,0.9299999999999926,0.00864472950362514,86.4472950362514,0.4900000000000091,1.897959183673419
2004-08-17,1,588,682,108.97000000000001,108.64,108.96000000000001,108.66,stop,-0.3300000000000125,-0.003028634361233595,-30.286343612335948,0.30000000000001137,-1.1
2004-08-18,1,588,959,108.76,110.08,108.75,110.09,eod,1.3199999999999932,0.012137931034482696,121.37931034482696,0.27000000000001023,4.888888888888679
2004-08-19,1,585,627,109.91000000000001,109.61,109.9,109.63,stop,-0.30000000000001137,-0.0027297543221111134,-27.297543221111134,0.27000000000001023,-1.1111111111111112
2004-08-20,1,586,959,109.79,110.42999999999999,109.78,110.44,eod,0.6399999999999864,0.005829841501184062,58.29841501184062,0.28000000000000114,2.285714285714228
2004-08-23,-1,585,640,110.42999999999999,110.7,110.44,110.68,stop,-0.27000000000001023,-0.0024447663889895894,-24.447663889895892,0.2400000000000091,-1.125
2004-08-24,-1,587,609,110.52999999999999,110.73,110.53999999999999,110.71000000000001,stop,-0.20000000000001705,-0.0018092998009771762,-18.09299800977176,0.17000000000001592,-1.1764705882352844
2004-08-25,1,595,601,110.35000000000001,110.07,110.34,110.08999999999999,stop,-0.28000000000001535,-0.002537611020482285,-25.37611020482285,0.2500000000000142,-1.1199999999999977
2004-08-26,1,586,959,111.06000000000002,111.14999999999999,111.05000000000001,111.16,eod,0.08999999999997499,0.0008104457451596126,8.104457451596126,0.21000000000002217,0.42857142857126423
2004-08-27,1,586,959,111.25000000000001,111.44999999999999,111.24000000000001,111.46,eod,0.19999999999997442,0.0017979144192734125,17.979144192734125,0.20000000000001705,0.9999999999997868
2004-08-30,-1,630,959,111.07999999999998,110.59,111.08999999999999,110.58,eod,0.4899999999999807,0.00441083805923108,44.1083805923108,0.2600000000000193,1.88461538461517
2004-08-31,1,585,604,110.89000000000001,110.62,110.88000000000001,110.64,stop,-0.27000000000001023,-0.002435064935065027,-24.35064935065027,0.2400000000000091,-1.125
2004-09-01,1,612,790,111.21000000000001,110.84,111.2,110.86,stop,-0.37000000000000455,-0.0033273381294964435,-33.27338129496444,0.3400000000000034,-1.0882352941176494
2004-09-02,1,590,959,111.42000000000002,112.53999999999999,111.41000000000001,112.55,eod,1.1199999999999761,0.01005295754420587,100.52957544205871,0.18000000000002103,6.222222222221363
2004-09-03,1,586,616,112.63000000000001,112.23,112.62,112.25,stop,-0.4000000000000057,-0.0035517670040845824,-35.51767004084582,0.37000000000000455,-1.0810810810810831
2004-09-07,-1,633,770,112.52,112.92,112.53,112.9,stop,-0.4000000000000057,-0.003554607660179558,-35.54607660179558,0.37000000000000455,-1.0810810810810831
2004-09-08,1,588,741,112.81000000000002,112.51,112.80000000000001,112.53,stop,-0.30000000000001137,-0.002659574468085207,-26.595744680852068,0.27000000000001023,-1.1111111111111112
2004-09-09,-1,592,889,112.47999999999999,112.81,112.49,112.79,stop,-0.3300000000000125,-0.0029335940972532006,-29.335940972532004,0.30000000000001137,-1.1
2004-09-10,1,639,959,112.56000000000002,113.0808,112.55000000000001,113.0908,eod,0.52079999999998,0.004627276765881652,46.27276765881652,0.4700000000000131,1.1080851063829051
2004-09-13,1,597,931,113.32000000000001,113.06,113.31,113.08,stop,-0.2600000000000051,-0.0022945900626600044,-22.945900626600043,0.23000000000000398,-1.1304347826086982
2004-09-14,-1,585,725,113.22999999999999,113.47,113.24,113.45,stop,-0.2400000000000091,-0.002119392440833708,-21.19392440833708,0.21000000000000796,-1.1428571428571428
2004-09-15,-1,598,959,113.05999999999999,112.75,113.07,112.74,eod,0.30999999999998806,0.002741664455646839,27.416644556468388,0.30000000000001137,1.0333333333332544
2004-09-16,1,597,959,113.07000000000001,113.08999999999999,113.06,113.1,eod,0.01999999999998181,0.0001768972227134425,1.768972227134425,0.23000000000000398,0.08695652173904984
2004-09-17,1,586,593,113.08000000000001,112.87,113.07000000000001,112.89,stop,-0.21000000000000796,-0.0018572565667286454,-18.572565667286455,0.18000000000000682,-1.1666666666666667
2004-09-20,-1,598,626,112.43999999999998,112.82000000000001,112.44999999999999,112.80000000000001,stop,-0.3800000000000239,-0.003379279679857927,-33.792796798579275,0.35000000000002274,-1.0857142857142834
2004-09-21,-1,600,667,112.57,112.82000000000001,112.58,112.80000000000001,stop,-0.2500000000000142,-0.002220643098241377,-22.206430982413767,0.22000000000001307,-1.1363636363636334
2004-09-22,-1,585,959,112.17999999999999,111.64,112.19,111.63,eod,0.539999999999992,0.004813263214190142,48.13263214190142,0.3400000000000034,1.5882352941176077
2004-09-23,-1,586,959,111.43999999999998,111.15,111.44999999999999,111.14,eod,0.28999999999997783,0.0026020637056974236,26.020637056974238,0.2600000000000193,1.115384615384447
2004-09-24,1,585,959,111.29,111.33,111.28,111.34,eod,0.03999999999999204,0.0003594536304815963,3.5945363048159633,0.1600000000000108,0.2499999999999334
2004-09-27,-1,588,772,110.88,111.18,110.89,111.16000000000001,stop,-0.30000000000001137,-0.0027053837135901466,-27.053837135901468,0.27000000000001023,-1.1111111111111112
2004-09-28,-1,586,714,110.86999999999999,111.06,110.88,111.04,stop,-0.19000000000001194,-0.0017135642135643213,-17.135642135643213,0.1600000000000108,-1.1874999999999944
2004-09-29,1,590,613,111.26,111.02,111.25,111.03999999999999,stop,-0.2400000000000091,-0.0021573033707865986,-21.573033707865985,0.21000000000000796,-1.1428571428571428
2004-09-30,1,586,664,111.70000000000002,111.4,111.69000000000001,111.42,stop,-0.30000000000001137,-0.002686005909213102,-26.86005909213102,0.27000000000001023,-1.1111111111111112
2004-10-01,1,586,959,112.58000000000001,113.47,112.57000000000001,113.48,eod,0.8899999999999864,0.00790619170294027,79.06191702940271,0.37000000000001876,2.4054054054052467
2004-10-04,1,587,771,114.20000000000002,113.95,114.19000000000001,113.97,stop,-0.2500000000000142,-0.002189333566862371,-21.893335668623713,0.22000000000001307,-1.1363636363636334
2004-10-05,-1,588,627,113.74,113.93,113.75,113.91000000000001,stop,-0.19000000000001194,-0.0016703296703297753,-16.703296703297752,0.1600000000000108,-1.1874999999999944
2004-10-06,-1,599,629,113.68999999999998,113.97,113.69999999999999,113.95,stop,-0.28000000000001535,-0.0024626209322780594,-24.626209322780593,0.2500000000000142,-1.1199999999999977
2004-10-07,-1,586,959,114.22999999999999,113.39,114.24,113.38,eod,0.8399999999999892,0.0073529411764704945,73.52941176470495,0.17000000000001592,4.941176470587709
2004-10-08,1,594,656,113.50000000000001,113.11,113.49000000000001,113.13,stop,-0.3900000000000148,-0.003436426116838618,-34.36426116838618,0.36000000000001364,-1.0833333333333333
2004-10-11,-1,605,873,112.71999999999998,112.99,112.72999999999999,112.97,stop,-0.27000000000001023,-0.00239510334427402,-23.951033442740197,0.2400000000000091,-1.125
2004-10-12,-1,585,681,112.1,112.35,112.11,112.33,stop,-0.25,-0.00222995272500223,-22.2995272500223,0.21999999999999886,-1.1363636363636422
2004-10-13,-1,585,959,112.79999999999998,111.68,112.80999999999999,111.67,eod,1.1199999999999761,0.009928197854799896,99.28197854799896,0.27000000000001023,4.148148148147903
2004-10-14,-1,587,620,111.60999999999999,111.82000000000001,111.61999999999999,111.80000000000001,stop,-0.21000000000002217,-0.0018813832646481113,-18.813832646481114,0.18000000000002103,-1.1666666666666534
2004-10-15,-1,588,626,110.83999999999999,111.14,110.85,111.12,stop,-0.30000000000001137,-0.0027063599458729036,-27.063599458729037,0.27000000000001023,-1.1111111111111112
2004-10-18,1,597,646,111.10000000000001,110.86,111.09,110.88,stop,-0.2400000000000091,-0.0021604104779909,-21.604104779909,0.21000000000000796,-1.1428571428571428
2004-10-19,1,588,599,112.10000000000001,111.87,112.09,111.89,stop,-0.23000000000000398,-0.0020519225622268175,-20.519225622268173,0.20000000000000284,-1.1500000000000035
2004-10-20,1,591,619,110.52000000000001,110.22,110.51,110.24,stop,-0.30000000000001137,-0.0027146864537146986,-27.146864537146985,0.27000000000001023,-1.1111111111111112
2004-10-21,1,586,616,110.83000000000001,110.55,110.82000000000001,110.57,stop,-0.28000000000001535,-0.002526619743728707,-25.26619743728707,0.2500000000000142,-1.1199999999999977
2004-10-22,-1,591,600,110.99999999999999,111.27,111.00999999999999,111.25,stop,-0.27000000000001023,-0.0024322133141159376,-24.322133141159377,0.2400000000000091,-1.125
2004-10-25,-1,592,628,109.53999999999999,109.82000000000001,109.55,109.80000000000001,stop,-0.28000000000001535,-0.0025559105431311306,-25.559105431311306,0.2500000000000142,-1.1199999999999977
2004-10-26,-1,587,607,110.00999999999999,110.23,110.02,110.21000000000001,stop,-0.22000000000001307,-0.001999636429740166,-19.996364297401662,0.19000000000001194,-1.1578947368421013
2004-10-27,-1,595,626,111.16,111.47,111.17,111.45,stop,-0.3100000000000023,-0.0027885220832958735,-27.885220832958737,0.28000000000000114,-1.1071428571428608
2004-10-28,1,594,620,112.82000000000001,112.49,112.81,112.50999999999999,stop,-0.3300000000000125,-0.002925272582217999,-29.25272582217999,0.30000000000001137,-1.1
2004-10-29,1,586,616,113.48,113.09,113.47,113.11,stop,-0.39000000000000057,-0.0034370318145765452,-34.37031814576545,0.35999999999999943,-1.0833333333333366
2004-11-01,-1,600,672,113.35,113.62,113.36,113.60000000000001,stop,-0.27000000000001023,-0.0023817925194072886,-23.817925194072885,0.2400000000000091,-1.125
2004-11-02,1,592,926,113.78000000000002,113.53999999999999,113.77000000000001,113.55999999999999,stop,-0.2400000000000233,-0.0021095192054146374,-21.095192054146374,0.21000000000002217,-1.1428571428571332
2004-11-03,-1,591,959,114.96999999999998,114.78,114.97999999999999,114.77,eod,0.18999999999998352,0.0016524612976168336,16.524612976168335,0.3900000000000148,0.48717948717942644
2004-11-04,-1,586,591,114.75999999999999,115.0,114.77,114.98,stop,-0.2400000000000091,-0.0020911387993378856,-20.911387993378856,0.21000000000000796,-1.1428571428571428
2004-11-05,1,591,674,117.09,116.76,117.08,116.78,stop,-0.3299999999999983,-0.0028185855825076725,-28.185855825076725,0.29999999999999716,-1.1000000000000048
2004-11-08,1,585,600,117.20000000000002,116.88,117.19000000000001,116.89999999999999,stop,-0.3200000000000216,-0.002730608413687359,-27.30608413687359,0.29000000000002046,-1.1034482758620656
2004-11-09,1,586,640,117.22000000000001,117.0,117.21000000000001,117.02,stop,-0.22000000000001307,-0.0018769729545261757,-18.769729545261757,0.19000000000001194,-1.1578947368421013
2004-11-10,-1,600,649,116.85999999999999,117.15,116.86999999999999,117.13000000000001,stop,-0.29000000000002046,-0.002481389578163947,-24.81389578163947,0.2600000000000193,-1.1153846153846112
2004-11-11,1,585,959,117.311,117.97999999999999,117.301,117.99,eod,0.6689999999999827,0.00570327618690363,57.0327618690363,0.20100000000000762,3.3283582089550117
2004-11-12,-1,586,633,117.86999999999999,118.07000000000001,117.88,118.05000000000001,stop,-0.20000000000001705,-0.001696640651510155,-16.96640651510155,0.17000000000001592,-1.1764705882352844
2004-11-15,1,590,664,118.52000000000001,118.25,118.51,118.27,stop,-0.27000000000001023,-0.0022782887520041363,-22.782887520041363,0.2400000000000091,-1.125
2004-11-16,-1,586,959,118.24,117.77000000000001,118.25,117.76,eod,0.46999999999998465,0.003974630021141519,39.74630021141519,0.1700000000000017,2.764705882352823
2004-11-17,1,605,872,118.63000000000001,118.31,118.62,118.33,stop,-0.3200000000000074,-0.0026976901028494976,-26.976901028494975,0.29000000000000625,-1.1034482758620707
2004-11-18,-1,594,658,118.43999999999998,118.71000000000001,118.44999999999999,118.69000000000001,stop,-0.27000000000002444,-0.002279442802870616,-22.79442802870616,0.2400000000000233,-1.1249999999999927
2004-11-19,-1,586,959,118.24,117.33,118.25,117.32,eod,0.9099999999999966,0.00769556025369976,76.9556025369976,0.480000000000004,1.8958333333333106
2004-11-22,-1,585,615,117.08999999999999,117.28,117.1,117.26,stop,-0.19000000000001194,-0.001622544833475764,-16.22544833475764,0.1600000000000108,-1.1874999999999944
2004-11-23,1,606,653,117.99000000000001,117.72,117.98,117.74,stop,-0.27000000000001023,-0.002288523478555774,-22.885234785557742,0.2400000000000091,-1.125
2004-11-24,-1,599,959,118.21999999999998,118.55000000000001,118.22999999999999,118.54,eod,-0.3300000000000267,-0.0027911697538698025,-27.911697538698025,0.37000000000001876,-0.8918918918919189
2004-11-26,1,585,783,118.76,118.42,118.75,118.44,stop,-0.3400000000000034,-0.002863157894736871,-28.63157894736871,0.3100000000000023,-1.0967741935483901
2004-11-29,-1,598,959,118.74,118.14,118.75,118.13,eod,0.5999999999999943,0.005052631578947321,50.52631578947321,0.27000000000001023,2.222222222222117
2004-11-30,1,585,594,118.13000000000001,117.83,118.12,117.85,stop,-0.30000000000001137,-0.002539790044023124,-25.397900440231236,0.27000000000001023,-1.1111111111111112
2004-12-01,1,586,959,118.47000000000001,119.46,118.46000000000001,119.47,eod,0.9899999999999807,0.008357251392875069,83.5725139287507,0.37000000000001876,2.6756756756754876
2004-12-02,1,590,959,119.26,119.38,119.25,119.39,eod,0.11999999999999034,0.0010062893081760197,10.062893081760198,0.25,0.47999999999996135
2004-12-03,1,596,780,119.80000000000001,119.15,119.79,119.17,stop,-0.6500000000000057,-0.005426162450955886,-54.261624509558864,0.6200000000000045,-1.048387096774195
2004-12-06,-1,587,738,118.91,119.3,118.92,119.28,stop,-0.39000000000000057,-0.0032795156407669068,-32.79515640766907,0.35999999999999943,-1.0833333333333366
2004-12-07,1,597,780,119.52000000000001,119.14,119.51,119.16,stop,-0.38000000000000966,-0.0031796502384738488,-31.79650238473849,0.3500000000000085,-1.085714285714287
2004-12-08,1,602,959,118.39000000000001,118.61,118.38000000000001,118.62,eod,0.21999999999998465,0.0018584220307483075,18.584220307483076,0.38000000000000966,0.5789473684209975
2004-12-09,-1,588,740,118.02999999999999,118.29,118.03999999999999,118.27000000000001,stop,-0.2600000000000193,-0.002202643171806331,-22.02643171806331,0.2300000000000182,-1.1304347826086902
2004-12-10,1,587,959,119.17000000000002,119.16,119.16000000000001,119.17,eod,-0.010000000000019327,-8.39207787849893e-05,-0.839207787849893,0.3200000000000216,-0.03125000000005829
2004-12-13,-1,585,834,119.67999999999999,119.98,119.69,119.96000000000001,stop,-0.30000000000001137,-0.0025064750605732424,-25.064750605732424,0.27000000000001023,-1.1111111111111112
2004-12-14,1,585,959,120.35000000000001,120.78,120.34,120.79,eod,0.4299999999999926,0.00357320924048523,35.7320924048523,0.1700000000000017,2.5294117647058134
2004-12-15,1,585,666,120.89000000000001,120.57,120.88000000000001,120.58999999999999,stop,-0.3200000000000216,-0.002647253474520364,-26.47253474520364,0.29000000000002046,-1.1034482758620656
2004-12-16,1,639,864,120.89000000000001,120.48,120.88000000000001,120.5,stop,-0.4100000000000108,-0.0033917935142290766,-33.917935142290766,0.38000000000000966,-1.0789473684210535
2004-12-17,1,631,710,119.88000000000001,119.27,119.87,119.28999999999999,stop,-0.6100000000000136,-0.005088846250104393,-50.88846250104393,0.5800000000000125,-1.0517241379310354
2004-12-20,1,586,663,120.07000000000001,119.7,120.06,119.72,stop,-0.37000000000000455,-0.003081792437114814,-30.817924371148138,0.3400000000000034,-1.0882352941176494
2004-12-21,-1,640,716,119.54999999999998,119.92,119.55999999999999,119.9,stop,-0.37000000000001876,-0.0030946804951490366,-30.946804951490368,0.3400000000000176,-1.0882352941176459
2004-12-22,1,630,959,120.61000000000001,120.89999999999999,120.60000000000001,120.91,eod,0.28999999999997783,0.0024046434494193847,24.046434494193846,0.29000000000002046,0.999999999999853
2004-12-23,1,590,893,121.06000000000002,120.8,121.05000000000001,120.82,stop,-0.2600000000000193,-0.0021478727798431995,-21.478727798431994,0.2300000000000182,-1.1304347826086902
2004-12-27,-1,601,959,121.13,120.43,121.14,120.42,eod,0.6999999999999886,0.005778438170711479,57.78438170711479,0.23000000000000398,3.0434782608694633
2004-12-28,1,586,959,120.84,121.22999999999999,120.83,121.24,eod,0.38999999999998636,0.0032276752462135757,32.276752462135754,0.2400000000000091,1.6249999999998817
2004-12-29,-1,595,604,120.99,121.21000000000001,121.0,121.19000000000001,stop,-0.22000000000001307,-0.0018181818181819262,-18.18181818181926,0.19000000000001194,-1.1578947368421013
2004-12-30,-1,601,617,121.27,121.52,121.28,121.5,stop,-0.25,-0.0020613456464379947,-20.613456464379947,0.21999999999999886,-1.1363636363636422
2005-01-03,-1,595,959,121.46999999999998,120.07000000000001,121.47999999999999,120.06,eod,1.3999999999999773,0.01152453078696063,115.24530786960631,0.29000000000002046,4.827586206896132
2005-01-04,-1,598,608,120.27999999999999,120.53,120.28999999999999,120.51,stop,-0.2500000000000142,-0.0020783107490233124,-20.783107490233125,0.22000000000001307,-1.1363636363636334
2005-01-05,1,588,630,119.01,118.71,119.0,118.72999999999999,stop,-0.30000000000001137,-0.00252100840336144,-25.2100840336144,0.27000000000001023,-1.1111111111111112
2005-01-06,1,625,652,118.70000000000002,118.36,118.69000000000001,118.38,stop,-0.3400000000000176,-0.0028646052742439766,-28.646052742439768,0.3100000000000165,-1.0967741935483857
2005-01-07,-1,595,607,118.83999999999999,119.14,118.85,119.12,stop,-0.30000000000001137,-0.0025241901556584886,-25.241901556584885,0.27000000000001023,-1.1111111111111112
2005-01-10,1,596,959,118.73,118.92999999999999,118.72,118.94,eod,0.19999999999998863,0.001684636118598287,16.84636118598287,0.39000000000000057,0.5128205128204829
2005-01-11,-1,585,850,118.38,118.68,118.39,118.66000000000001,stop,-0.30000000000001137,-0.002533997803868666,-25.339978038686663,0.27000000000001023,-1.1111111111111112
2005-01-12,-1,588,932,118.24999999999999,118.48,118.25999999999999,118.46000000000001,stop,-0.2300000000000182,-0.0019448672416710487,-19.448672416710487,0.20000000000001705,-1.1499999999999928
2005-01-13,-1,585,959,118.49999999999999,117.69000000000001,118.50999999999999,117.68,eod,0.8099999999999739,0.006834866256011931,68.34866256011931,0.2300000000000182,3.5217391304343906
2005-01-14,-1,585,616,117.78999999999999,118.1,117.8,118.08,stop,-0.3100000000000023,-0.0026315789473684405,-26.315789473684404,0.28000000000000114,-1.1071428571428608
2005-01-18,1,601,959,118.18,119.53,118.17,119.54,eod,1.3499999999999943,0.011424219345011376,114.24219345011376,0.23000000000000398,5.869565217391178
2005-01-19,-1,618,959,119.27999999999999,118.42,119.28999999999999,118.41,eod,0.8599999999999852,0.007209321820772783,72.09321820772783,0.2400000000000091,3.583333333333136
2005-01-20,-1,585,612,117.82999999999998,118.08,117.83999999999999,118.06,stop,-0.2500000000000142,-0.0021215207060422117,-21.215207060422117,0.22000000000001307,-1.1363636363636334
2005-01-21,-1,590,627,117.66999999999999,117.87,117.67999999999999,117.85000000000001,stop,-0.20000000000001705,-0.0016995241332428371,-16.99524133242837,0.17000000000001592,-1.1764705882352844
2005-01-24,-1,591,801,116.99,117.31,117.0,117.29,stop,-0.3200000000000074,-0.0027350427350427984,-27.350427350427985,0.29000000000000625,-1.1034482758620707
2005-01-25,1,585,921,117.39000000000001,116.81,117.38000000000001,116.83,stop,-0.5800000000000125,-0.004941216561594926,-49.41216561594926,0.5500000000000114,-1.0545454545454556
2005-01-26,-1,592,600,117.21,117.43,117.22,117.41000000000001,stop,-0.22000000000001307,-0.0018768128305750988,-18.768128305750988,0.19000000000001194,-1.1578947368421013
2005-01-27,1,590,908,117.24000000000001,116.99,117.23,117.00999999999999,stop,-0.2500000000000142,-0.0021325599249340118,-21.32559924934012,0.22000000000001307,-1.1363636363636334
2005-01-28,-1,585,959,117.32999999999998,117.14,117.33999999999999,117.13,eod,0.18999999999998352,0.0016192261803305227,16.19226180330523,0.21000000000002217,0.9047619047617308
2005-01-31,-1,586,744,117.85999999999999,118.14,117.86999999999999,118.12,stop,-0.28000000000001535,-0.0023754984304743816,-23.754984304743815,0.2500000000000142,-1.1199999999999977
2005-02-01,-1,587,634,118.16,118.34,118.17,118.32000000000001,stop,-0.18000000000000682,-0.001523229246001581,-15.23229246001581,0.15000000000000568,-1.2
2005-02-02,-1,596,638,118.92999999999999,119.13,118.94,119.11,stop,-0.20000000000000284,-0.0016815200941651491,-16.81520094165149,0.1700000000000017,-1.176470588235299
2005-02-03,1,586,615,119.10000000000001,118.87,119.09,118.89,stop,-0.23000000000000398,-0.0019313124527668485,-19.313124527668485,0.20000000000000284,-1.1500000000000035
2005-02-04,1,586,959,119.23,120.32,119.22,120.33,eod,1.0899999999999892,0.00914276128166406,91.42761281664059,0.25,4.359999999999957
2005-02-07,1,586,746,120.28000000000002,120.12,120.27000000000001,120.14,stop,-0.1600000000000108,-0.0013303400681800182,-13.303400681800182,0.13000000000000966,-1.2307692307692224
2005-02-08,-1,587,589,120.05999999999999,120.21000000000001,120.07,120.19000000000001,stop,-0.1500000000000199,-0.0012492712584327467,-12.492712584327467,0.12000000000001876,-1.2499999999999705
2005-02-09,-1,586,959,120.28999999999999,119.31,120.3,119.3,eod,0.9799999999999898,0.00814630091438063,81.4630091438063,0.20000000000000284,4.89999999999988
2005-02-10,-1,595,605,119.55999999999999,119.78,119.57,119.76,stop,-0.22000000000001307,-0.0018399264029439917,-18.399264029439916,0.19000000000001194,-1.1578947368421013
2005-02-11,-1,586,638,119.6,119.85,119.61,119.83,stop,-0.25,-0.002090126243625115,-20.90126243625115,0.21999999999999886,-1.1363636363636422
2005-02-14,-1,592,919,120.58999999999999,120.82000000000001,120.6,120.80000000000001,stop,-0.2300000000000182,-0.0019071310116087745,-19.071310116087744,0.20000000000001705,-1.1499999999999928
2005-02-15,1,599,959,120.86000000000001,121.19,120.85000000000001,121.2,eod,0.3299999999999841,0.002730657840297758,27.306578402977582,0.18000000000000682,1.8333333333331754
2005-02-16,-1,600,618,120.74999999999999,120.98,120.75999999999999,120.96000000000001,stop,-0.2300000000000182,-0.001904604173567557,-19.046041735675573,0.20000000000001705,-1.1499999999999928
2005-02-17,-1,604,959,121.13999999999999,120.30000000000001,121.14999999999999,120.29,eod,0.839999999999975,0.006933553446140941,69.33553446140941,0.19000000000001194,4.421052631578538
2005-02-18,1,595,703,120.29,120.03999999999999,120.28,120.05999999999999,stop,-0.2500000000000142,-0.002078483538410494,-20.78483538410494,0.22000000000001307,-1.1363636363636334
2005-02-22,1,590,739,119.94000000000001,119.73,119.93,119.75,stop,-0.21000000000000796,-0.0017510214291670803,-17.510214291670803,0.18000000000000682,-1.1666666666666667
2005-02-23,1,586,601,119.12,118.9,119.11,118.92,stop,-0.21999999999999886,-0.0018470321551506915,-18.470321551506917,0.18999999999999773,-1.157894736842113
2005-02-24,-1,585,631,119.18999999999998,119.44,119.19999999999999,119.42,stop,-0.2500000000000142,-0.00209731543624173,-20.9731543624173,0.22000000000001307,-1.1363636363636334
2005-02-25,1,585,959,120.41000000000001,121.36999999999999,120.4,121.38,eod,0.9599999999999795,0.007973421926910128,79.73421926910129,0.23000000000000398,4.1739130434781
2005-03-01,1,603,959,121.23,121.28999999999999,121.22,121.3,eod,0.05999999999998806,0.0004949678270911406,4.949678270911406,0.45000000000000284,0.13333333333330596
2005-03-02,1,588,959,120.85000000000001,121.28,120.84,121.29,eod,0.4299999999999926,0.0035584243627937158,35.584243627937155,0.20000000000000284,2.1499999999999324
2005-03-03,1,586,603,121.76,121.55,121.75,121.57,stop,-0.21000000000000796,-0.001724845995893289,-17.24845995893289,0.18000000000000682,-1.1666666666666667
2005-03-04,-1,585,597,121.82999999999998,122.08,121.83999999999999,122.06,stop,-0.2500000000000142,-0.002051871306631765,-20.51871306631765,0.22000000000001307,-1.1363636363636334
2005-03-07,1,585,959,122.87,122.77,122.86,122.78,eod,-0.10000000000000853,-0.0008139345596614726,-8.139345596614726,0.28000000000000114,-0.3571428571428861
2005-03-08,-1,599,959,122.57,122.22,122.58,122.21,eod,0.3499999999999943,0.002855278185674615,28.55278185674615,0.3300000000000125,1.0606060606060033
2005-03-09,-1,587,647,121.89999999999999,122.19,121.91,122.17,stop,-0.29000000000000625,-0.0023788040357641395,-23.788040357641396,0.2600000000000051,-1.1153846153846174
2005-03-10,-1,586,828,121.17999999999999,121.45,121.19,121.43,stop,-0.27000000000001023,-0.0022279065929532984,-22.279065929532983,0.2400000000000091,-1.125
2005-03-11,1,589,616,121.36000000000001,121.05,121.35000000000001,121.07,stop,-0.3100000000000165,-0.0025545941491554713,-25.545941491554714,0.28000000000001535,-1.1071428571428554
2005-03-14,-1,589,630,120.55999999999999,120.76,120.57,120.74000000000001,stop,-0.20000000000001705,-0.0016587874263914494,-16.587874263914493,0.17000000000001592,-1.1764705882352844
2005-03-15,-1,601,959,121.24999999999999,120.18,121.25999999999999,120.17,eod,1.069999999999979,0.008824014514266692,88.24014514266692,0.21000000000000796,5.095238095237802
2005-03-16,-1,585,611,119.63999999999999,119.89,119.64999999999999,119.87,stop,-0.2500000000000142,-0.0020894274968659777,-20.894274968659776,0.22000000000001307,-1.1363636363636334
2005-03-17,-1,585,631,119.18999999999998,119.44,119.19999999999999,119.42,stop,-0.2500000000000142,-0.00209731543624173,-20.9731543624173,0.22000000000001307,-1.1363636363636334
2005-03-18,-1,595,959,118.91999999999999,118.82000000000001,118.92999999999999,118.81,eod,0.0999999999999801,0.0008408307407717154,8.408307407717155,0.2400000000000091,0.416666666666568
2005-03-21,-1,585,959,118.64999999999999,118.27000000000001,118.66,118.26,eod,0.37999999999998124,0.003202427102646058,32.02427102646058,0.13000000000000966,2.9230769230765614
2005-03-22,1,646,862,118.70000000000002,118.3,118.69000000000001,118.32,stop,-0.4000000000000199,-0.00337012385205173,-33.7012385205173,0.37000000000001876,-1.08108108108108
2005-03-23,-1,601,608,116.80999999999999,117.13,116.82,117.11,stop,-0.3200000000000074,-0.0027392569765451757,-27.392569765451757,0.29000000000000625,-1.1034482758620707
2005-03-24,1,587,936,117.66000000000001,117.31,117.65,117.33,stop,-0.3500000000000085,-0.002974925626859401,-29.74925626859401,0.3200000000000074,-1.0937500000000013
2005-03-28,1,586,957,117.61000000000001,117.31,117.60000000000001,117.33,stop,-0.30000000000001137,-0.002551020408163362,-25.510204081633617,0.27000000000001023,-1.1111111111111112
2005-03-29,1,613,796,117.50000000000001,117.03,117.49000000000001,117.05,stop,-0.4700000000000131,-0.004000340454506877,-40.003404545068776,0.44000000000001194,-1.068181818181819
2005-03-30,1,607,959,117.12,118.11,117.11,118.12,eod,0.9899999999999949,0.008453590641277388,84.53590641277387,0.3500000000000085,2.8285714285713452
2005-03-31,1,585,612,118.4,117.99,118.39,118.00999999999999,stop,-0.4100000000000108,-0.0034631303319538034,-34.631303319538034,0.38000000000000966,-1.0789473684210535
2005-04-01,1,585,608,118.82000000000001,118.49,118.81,118.50999999999999,stop,-0.3300000000000125,-0.0027775439777797534,-27.775439777797533,0.30000000000001137,-1.1
2005-04-04,-1,585,840,117.07,117.46000000000001,117.08,117.44000000000001,stop,-0.3900000000000148,-0.003331055688418302,-33.310556884183015,0.36000000000001364,-1.0833333333333333
2005-04-05,1,589,857,118.06000000000002,117.74,118.05000000000001,117.75999999999999,stop,-0.3200000000000216,-0.0027107157983906954,-27.107157983906955,0.29000000000002046,-1.1034482758620656
2005-04-06,-1,585,613,118.38999999999999,118.61,118.39999999999999,118.59,stop,-0.22000000000001307,-0.0018581081081082186,-18.581081081082186,0.19000000000001194,-1.1578947368421013
2005-04-07,-1,585,614,118.35,118.62,118.36,118.60000000000001,stop,-0.27000000000001023,-0.002281176072997721,-22.81176072997721,0.2400000000000091,-1.125
2005-04-08,-1,586,959,119.04999999999998,118.11,119.05999999999999,118.1,eod,0.9399999999999835,0.007895178901394117,78.95178901394117,0.1600000000000108,5.874999999999501
2005-04-11,-1,586,959,118.21,118.19000000000001,118.22,118.18,eod,0.01999999999998181,0.00016917611233278472,1.6917611233278473,0.21000000000000796,0.09523809523800501
2005-04-12,-1,586,856,117.63,117.96000000000001,117.64,117.94000000000001,stop,-0.3300000000000125,-0.002805168310098712,-28.05168310098712,0.30000000000001137,-1.1
2005-04-13,-1,593,959,118.44999999999999,117.44000000000001,118.46,117.43,eod,1.0099999999999767,0.008526084754347263,85.26084754347264,0.3500000000000085,2.885714285714149
2005-04-14,1,589,608,117.47200000000001,117.14,117.462,117.16,stop,-0.33200000000000784,-0.0028264459995573704,-28.264459995573702,0.3020000000000067,-1.0993377483443725
2005-04-15,-1,586,590,115.52999999999999,115.96000000000001,115.53999999999999,115.94000000000001,stop,-0.43000000000002103,-0.003721654838151472,-37.21654838151472,0.4000000000000199,-1.074999999999999
2005-04-18,-1,589,598,113.94999999999999,114.47,113.96,114.45,stop,-0.5200000000000102,-0.004563004563004653,-45.63004563004653,0.4900000000000091,-1.0612244897959195
2005-04-19,1,599,644,115.26,114.97,115.25,114.99,stop,-0.29000000000000625,-0.002516268980477278,-25.16268980477278,0.2600000000000051,-1.1153846153846174
2005-04-20,-1,585,662,114.88,115.44,114.89,115.42,stop,-0.5600000000000023,-0.004874227521977564,-48.742275219775635,0.5300000000000011,-1.0566037735849076
2005-04-21,-1,588,598,114.72999999999999,115.02,114.74,115.0,stop,-0.29000000000000625,-0.0025274533728430037,-25.274533728430036,0.2600000000000051,-1.1153846153846174
2005-04-22,-1,585,600,115.54999999999998,115.83,115.55999999999999,115.81,stop,-0.28000000000001535,-0.0024229837313950796,-24.229837313950796,0.2500000000000142,-1.1199999999999977
2005-04-25,-1,585,608,115.71,116.01,115.72,115.99000000000001,stop,-0.30000000000001137,-0.0025924645696509797,-25.924645696509796,0.27000000000001023,-1.1111111111111112
2005-04-26,-1,585,617,115.91,116.14,115.92,116.12,stop,-0.23000000000000398,-0.0019841269841270183,-19.841269841270183,0.20000000000000284,-1.1500000000000035
2005-04-27,-1,594,634,114.57,115.03,114.58,115.01,stop,-0.46000000000000796,-0.004014662244719916,-40.14662244719916,0.4300000000000068,-1.0697674418604666
2005-04-28,-1,585,630,115.08999999999999,115.48,115.1,115.46000000000001,stop,-0.3900000000000148,-0.003388357949609164,-33.88357949609164,0.36000000000001364,-1.0833333333333333
2005-04-29,-1,585,602,114.85999999999999,115.14,114.86999999999999,115.12,stop,-0.28000000000001535,-0.0024375380865327358,-24.375380865327358,0.2500000000000142,-1.1199999999999977
2005-05-02,1,587,679,116.21000000000001,115.97,116.2,115.99,stop,-0.2400000000000091,-0.0020654044750431076,-20.654044750431076,0.21000000000000796,-1.1428571428571428
2005-05-03,1,589,859,116.18,115.99,116.17,116.00999999999999,stop,-0.19000000000001194,-0.0016355341310149948,-16.355341310149946,0.1600000000000108,-1.1874999999999944
2005-05-04,-1,587,603,116.43999999999998,116.72,116.44999999999999,116.7,stop,-0.28000000000001535,-0.0024044654358094924,-24.044654358094924,0.2500000000000142,-1.1199999999999977
2005-05-05,1,585,768,117.71000000000001,117.45,117.7,117.47,stop,-0.2600000000000051,-0.0022090059473237477,-22.090059473237478,0.23000000000000398,-1.1304347826086982
2005-05-06,-1,594,959,117.66999999999999,117.22,117.67999999999999,117.21,eod,0.44999999999998863,0.003823929299795961,38.23929299795961,0.30000000000001137,1.4999999999999052
2005-05-09,-1,589,600,117.13,117.4,117.14,117.38000000000001,stop,-0.27000000000001023,-0.002304934266689519,-23.04934266689519,0.2400000000000091,-1.125
2005-05-10,-1,592,810,117.16999999999999,117.43,117.17999999999999,117.41000000000001,stop,-0.2600000000000193,-0.0022188086704217386,-22.188086704217387,0.2300000000000182,-1.1304347826086902
2005-05-11,-1,586,850,116.77999999999999,117.04,116.78999999999999,117.02000000000001,stop,-0.2600000000000193,-0.0022262179981164427,-22.262179981164426,0.2300000000000182,-1.1304347826086902
2005-05-12,-1,590,614,117.21999999999998,117.51,117.22999999999999,117.49000000000001,stop,-0.29000000000002046,-0.0024737695129234878,-24.73769512923488,0.2600000000000193,-1.1153846153846112
2005-05-13,-1,587,645,116.02999999999999,116.35,116.03999999999999,116.33,stop,-0.3200000000000074,-0.0027576697690452207,-27.576697690452207,0.29000000000000625,-1.1034482758620707
2005-05-16,1,585,959,116.04,116.77,116.03,116.78,eod,0.7299999999999898,0.006291476342325172,62.91476342325172,0.38000000000000966,1.9210526315788716
2005-05-17,1,588,621,116.59,116.33,116.58,116.35,stop,-0.2600000000000051,-0.0022302281694973848,-22.302281694973846,0.23000000000000398,-1.1304347826086982
2005-05-18,1,624,959,118.37,118.78999999999999,118.36,118.8,eod,0.4199999999999875,0.00354849611355177,35.4849611355177,0.3500000000000085,1.1999999999999351
2005-05-19,1,597,886,119.04,118.7,119.03,118.72,stop,-0.3400000000000034,-0.0028564227505671128,-28.564227505671127,0.3100000000000023,-1.0967741935483901
2005-05-20,-1,586,959,119.02,119.16000000000001,119.03,119.15,eod,-0.14000000000001478,-0.0011761740737630411,-11.761740737630412,0.37000000000000455,-0.37837837837841365
2005-05-23,1,586,959,119.36000000000001,119.64,119.35000000000001,119.65,eod,0.2799999999999869,0.0023460410557183654,23.460410557183653,0.17000000000001592,1.6470588235291808
2005-05-24,-1,585,596,119.25999999999999,119.52,119.27,119.5,stop,-0.2600000000000051,-0.002179927894692757,-21.79927894692757,0.23000000000000398,-1.1304347826086982
2005-05-25,-1,586,870,119.22999999999999,119.42,119.24,119.4,stop,-0.19000000000001194,-0.0015934250251594428,-15.934250251594428,0.1600000000000108,-1.1874999999999944
2005-05-26,-1,593,613,119.66,119.9,119.67,119.88000000000001,stop,-0.2400000000000091,-0.0020055151667085244,-20.055151667085244,0.21000000000000796,-1.1428571428571428
2005-05-27,-1,592,789,119.91,120.14,119.92,120.12,stop,-0.23000000000000398,-0.0019179452968646096,-19.179452968646096,0.20000000000000284,-1.1500000000000035
2005-05-31,-1,585,959,119.78999999999999,119.45,119.8,119.44,eod,0.3399999999999892,0.0028380634390650183,28.380634390650183,0.38000000000000966,0.894736842105212
2005-06-01,1,590,948,119.65,120.53,119.64,120.54,eod,0.8799999999999955,0.007355399531929083,73.55399531929082,0.20000000000000284,4.399999999999915
2005-06-02,1,594,959,120.39000000000001,120.69999999999999,120.38000000000001,120.71,eod,0.30999999999997385,0.0025751786010963103,25.7517860109631,0.29000000000002046,1.0689655172412138
2005-06-03,1,585,623,120.73,120.42999999999999,120.72,120.44999999999999,stop,-0.30000000000001137,-0.00248508946322077,-24.8508946322077,0.27000000000001023,-1.1111111111111112
2005-06-06,-1,585,845,119.89999999999999,120.08,119.91,120.06,stop,-0.18000000000000682,-0.0015011258443833444,-15.011258443833443,0.15000000000000568,-1.2
2005-06-07,1,585,930,120.62,120.28999999999999,120.61,120.30999999999999,stop,-0.3300000000000125,-0.0027360915346987193,-27.36091534698719,0.30000000000001137,-1.1
2005-06-08,-1,587,600,120.25999999999999,120.5,120.27,120.48,stop,-0.2400000000000091,-0.0019955101022699684,-19.955101022699683,0.21000000000000796,-1.1428571428571428
2005-06-09,-1,601,605,119.52,119.82000000000001,119.53,119.80000000000001,stop,-0.30000000000001137,-0.0025098301681587163,-25.098301681587163,0.27000000000001023,-1.1111111111111112
2005-06-10,-1,598,959,120.41,120.22,120.42,120.21,eod,0.18999999999999773,0.0015778109948513348,15.778109948513348,0.2400000000000091,0.7916666666666272
2005-06-13,-1,587,630,119.88,120.17,119.89,120.15,stop,-0.29000000000000625,-0.0024188839769789493,-24.188839769789492,0.2600000000000051,-1.1153846153846174
2005-06-14,1,586,959,120.74000000000001,120.82,120.73,120.83,eod,0.07999999999998408,0.0006626356332310451,6.6263563323104515,0.36000000000001364,0.22222222222216959
2005-06-15,-1,588,959,120.99999999999999,121.07000000000001,121.00999999999999,121.06,eod,-0.0700000000000216,-0.0005784645897035089,-5.784645897035089,0.2400000000000091,-0.2916666666667456
2005-06-16,1,587,959,121.21000000000001,121.46,121.2,121.47,eod,0.2499999999999858,0.0020627062706269454,20.627062706269456,0.29000000000000625,0.8620689655171738
2005-06-17,1,588,598,121.73,121.46,121.72,121.47999999999999,stop,-0.27000000000001023,-0.0022182057180414904,-22.182057180414905,0.2400000000000091,-1.125
2005-06-20,-1,604,639,121.02,121.23,121.03,121.21000000000001,stop,-0.21000000000000796,-0.0017351069982649587,-17.351069982649587,0.18000000000000682,-1.1666666666666667
2005-06-21,-1,589,640,121.38,121.67,121.39,121.65,stop,-0.29000000000000625,-0.0023889941510833366,-23.889941510833367,0.2600000000000051,-1.1153846153846174
2005-06-22,-1,589,959,121.63,121.37,121.64,121.36,eod,0.2599999999999909,0.002137454784610251,21.37454784610251,0.3100000000000023,0.8387096774193193
2005-06-23,1,587,602,121.39000000000001,121.17999999999999,121.38000000000001,121.19999999999999,stop,-0.21000000000002217,-0.0017301038062285561,-17.30103806228556,0.18000000000002103,-1.1666666666666534
2005-06-24,-1,586,596,119.71,119.93,119.72,119.91000000000001,stop,-0.22000000000001307,-0.001837621115937296,-18.37621115937296,0.19000000000001194,-1.1578947368421013
2005-06-27,1,587,826,119.20000000000002,118.92,119.19000000000001,118.94,stop,-0.28000000000001535,-0.0023491903683196184,-23.491903683196185,0.2500000000000142,-1.1199999999999977
2005-06-28,1,585,959,119.59,120.14,119.58,120.15,eod,0.5499999999999972,0.004599431343033929,45.99431343033929,0.21999999999999886,2.5
2005-06-29,-1,596,959,120.14999999999999,119.95,120.16,119.94,eod,0.19999999999998863,0.001664447403461956,16.64447403461956,0.2500000000000142,0.799999999999909
2005-06-30,1,585,614,120.30000000000001,120.12,120.29,120.14,stop,-0.18000000000000682,-0.0014963837392967562,-14.963837392967562,0.15000000000000568,-1.2
2005-07-01,1,601,625,119.55000000000001,119.32,119.54,119.33999999999999,stop,-0.2300000000000182,-0.0019240421616196937,-19.240421616196937,0.20000000000001705,-1.1499999999999928
2005-07-05,1,585,959,119.37,120.47,119.36,120.48,eod,1.0999999999999943,0.009215817694369926,92.15817694369926,0.18000000000000682,6.111111111110848
2005-07-06,1,586,616,120.54,120.32,120.53,120.33999999999999,stop,-0.22000000000001307,-0.001825271716585191,-18.25271716585191,0.19000000000001194,-1.1578947368421013
2005-07-07,1,590,959,118.81000000000002,119.75999999999999,118.80000000000001,119.77,eod,0.9499999999999744,0.00799663299663278,79.9663299663278,0.5500000000000114,1.7272727272726451
2005-07-08,1,590,959,120.19000000000001,121.21,120.18,121.22,eod,1.0199999999999818,0.008487269096355315,84.87269096355315,0.4700000000000131,2.1702127659573476
2005-07-11,1,587,959,121.53000000000002,122.00999999999999,121.52000000000001,122.02,eod,0.47999999999997556,0.003949967083607435,39.499670836074344,0.22000000000001307,2.181818181817941
2005-07-12,1,593,606,122.02000000000001,121.77,122.01,121.78999999999999,stop,-0.2500000000000142,-0.0020490123760348675,-20.490123760348677,0.22000000000001307,-1.1363636363636334
2005-07-13,1,590,609,122.45000000000002,122.2,122.44000000000001,122.22,stop,-0.2500000000000142,-0.0020418163998694398,-20.418163998694396,0.22000000000001307,-1.1363636363636334
2005-07-14,-1,609,959,122.92999999999999,122.75,122.94,122.74,eod,0.1799999999999926,0.0014641288433381537,14.641288433381538,0.5100000000000051,0.3529411764705702
2005-07-15,-1,585,870,122.61999999999999,122.88,122.63,122.86,stop,-0.2600000000000051,-0.0021201989725190013,-21.201989725190014,0.22000000000001307,-1.1818181818181348
2005-07-18,-1,601,959,122.30999999999999,122.21000000000001,122.32,122.2,eod,0.0999999999999801,0.0008175277959448995,8.175277959448994,0.3200000000000074,0.3124999999999306
2005-07-19,-1,585,625,122.55999999999999,122.91,122.57,122.89,stop,-0.3500000000000085,-0.002855511136493502,-28.55511136493502,0.3200000000000074,-1.0937500000000013
2005-07-20,-1,590,692,122.55999999999999,122.91,122.57,122.89,stop,-0.3500000000000085,-0.002855511136493502,-28.55511136493502,0.3200000000000074,-1.0937500000000013
2005-07-21,-1,601,782,123.17999999999999,123.63,123.19,123.61,stop,-0.45000000000000284,-0.003652893903725975,-36.528939037259754,0.4200000000000017,-1.0714285714285738
2005-07-22,1,585,632,123.10000000000001,122.81,123.09,122.83,stop,-0.29000000000000625,-0.0023559996750345783,-23.559996750345782,0.2600000000000051,-1.1153846153846174
2005-07-25,-1,591,642,123.38999999999999,123.64,123.39999999999999,123.62,stop,-0.2500000000000142,-0.0020259319286873114,-20.259319286873115,0.22000000000001307,-1.1363636363636334
2005-07-26,-1,603,610,123.00999999999999,123.36,123.02,123.34,stop,-0.3500000000000085,-0.0028450658429524348,-28.45065842952435,0.3200000000000074,-1.0937500000000013
2005-07-27,-1,586,853,123.35999999999999,123.54,123.36999999999999,123.52000000000001,stop,-0.18000000000002103,-0.0014590256950638004,-14.590256950638004,0.1500000000000199,-1.199999999999981
2005-07-28,-1,606,701,123.91,124.24,123.92,124.22,stop,-0.3299999999999983,-0.002663008392511284,-26.63008392511284,0.29999999999999716,-1.1000000000000048
2005-07-29,1,586,611,124.48,124.3,124.47,124.32,stop,-0.18000000000000682,-0.0014461315979754706,-14.461315979754707,0.15000000000000568,-1.2
2005-08-01,-1,610,865,123.71999999999998,123.98,123.72999999999999,123.96000000000001,stop,-0.2600000000000193,-0.0021013497130850994,-21.013497130850993,0.2300000000000182,-1.1304347826086902
2005-08-02,1,585,959,123.99000000000001,124.44999999999999,123.98,124.46,eod,0.45999999999997954,0.0037102758509435355,37.102758509435354,0.2500000000000142,1.8399999999998136
2005-08-03,1,590,599,124.34,124.16,124.33,124.17999999999999,stop,-0.18000000000000682,-0.001447759993565566,-14.477599935655661,0.15000000000000568,-1.2
2005-08-04,-1,585,662,124.17999999999999,124.32000000000001,124.19,124.30000000000001,stop,-0.14000000000001478,-0.001127304935985303,-11.27304935985303,0.11000000000001364,-1.2727272727272492
2005-08-05,1,590,595,123.52000000000001,123.28,123.51,123.3,stop,-0.2400000000000091,-0.0019431624969638822,-19.431624969638822,0.21000000000000796,-1.1428571428571428
2005-08-08,1,602,615,123.34,123.06,123.33,123.08,stop,-0.28000000000000114,-0.0022703316305846197,-22.703316305846197,0.25,-1.1200000000000045
2005-08-09,1,599,915,123.18,122.98,123.17,123.0,stop,-0.20000000000000284,-0.001623772022408077,-16.23772022408077,0.1700000000000017,-1.176470588235299
2005-08-10,1,595,756,124.08000000000001,123.78999999999999,124.07000000000001,123.80999999999999,stop,-0.29000000000002046,-0.0023373901829613964,-23.373901829613963,0.2600000000000193,-1.1153846153846112
2005-08-11,1,585,738,123.48,123.21,123.47,123.22999999999999,stop,-0.27000000000001023,-0.002186766016036367,-21.86766016036367,0.2400000000000091,-1.125
2005-08-12,-1,585,930,123.41999999999999,123.7,123.42999999999999,123.68,stop,-0.28000000000001535,-0.0022684922628211568,-22.684922628211567,0.2500000000000142,-1.1199999999999977
2005-08-15,-1,588,735,123.05999999999999,123.36,123.07,123.34,stop,-0.30000000000001137,-0.0024376371170879286,-24.376371170879285,0.27000000000001023,-1.1111111111111112
2005-08-16,-1,591,959,123.19999999999999,122.12,123.21,122.11,eod,1.079999999999984,0.008765522279035664,87.65522279035665,0.3200000000000074,3.3749999999998725
2005-08-17,1,590,632,122.37,122.07,122.36,122.08999999999999,stop,-0.30000000000001137,-0.002451781627983094,-24.51781627983094,0.27000000000001023,-1.1111111111111112
2005-08-18,1,599,959,122.11000000000001,122.1,122.10000000000001,122.11,eod,-0.010000000000019327,-8.190008190024018e-05,-0.8190008190024018,0.27000000000001023,-0.037037037037107215
2005-08-19,1,602,796,122.66000000000001,122.37,122.65,122.39,stop,-0.29000000000000625,-0.0023644516918060027,-23.644516918060027,0.2600000000000051,-1.1153846153846174
2005-08-22,1,585,724,122.92000000000002,122.48,122.91000000000001,122.5,stop,-0.44000000000001194,-0.003579855178586054,-35.79855178586054,0.4100000000000108,-1.073170731707318
2005-08-23,-1,585,959,122.29999999999998,122.08,122.30999999999999,122.07,eod,0.21999999999998465,0.0017987082004740796,17.987082004740795,0.3100000000000165,0.7096774193547515
2005-08-24,-1,586,601,121.77999999999999,122.06,121.78999999999999,122.04,stop,-0.28000000000001535,-0.0022990393299943787,-22.990393299943786,0.2500000000000142,-1.1199999999999977
2005-08-25,1,587,593,121.47000000000001,121.28999999999999,121.46000000000001,121.30999999999999,stop,-0.18000000000002103,-0.0014819693726331386,-14.819693726331387,0.1500000000000199,-1.199999999999981
2005-08-26,-1,586,959,121.29999999999998,120.83,121.30999999999999,120.82,eod,0.46999999999998465,0.0038743714450579893,38.743714450579894,0.19000000000001194,2.4736842105260797
2005-08-29,1,595,959,120.62,121.58999999999999,120.61,121.6,eod,0.9699999999999847,0.008042450874720046,80.42450874720046,0.2400000000000091,4.041666666666449
2005-08-30,-1,585,605,121.02999999999999,121.31,121.03999999999999,121.29,stop,-0.28000000000001535,-0.0023132848645077276,-23.132848645077278,0.2500000000000142,-1.1199999999999977
2005-08-31,1,588,599,121.36000000000001,121.08,121.35000000000001,121.1,stop,-0.28000000000001535,-0.002307375360527526,-23.07375360527526,0.2500000000000142,-1.1199999999999977
2005-09-01,1,589,603,122.69000000000001,122.34,122.68,122.36,stop,-0.3500000000000085,-0.0028529507662211325,-28.529507662211326,0.3200000000000074,-1.0937500000000013
2005-09-02,-1,591,959,122.57,122.14,122.58,122.13,eod,0.4299999999999926,0.0035079131995430952,35.079131995430956,0.3100000000000023,1.3870967741935143
2005-09-06,1,585,959,122.99000000000001,123.74,122.98,123.75,eod,0.7499999999999858,0.006098552610180401,60.98552610180401,0.3400000000000034,2.2058823529411127
2005-09-07,-1,585,588,123.57,123.74,123.58,123.72,stop,-0.1700000000000017,-0.0013756271241301319,-13.756271241301318,0.14000000000000057,-1.2142857142857215
2005-09-08,-1,585,609,123.49,123.73,123.5,123.71000000000001,stop,-0.2400000000000091,-0.0019433198380567538,-19.43319838056754,0.21000000000000796,-1.1428571428571428
2005-09-09,1,615,959,124.03000000000002,124.47,124.02000000000001,124.48,eod,0.4399999999999835,0.0035478148685694523,35.47814868569452,0.2300000000000182,1.9130434782606467
2005-09-12,1,587,633,124.66000000000001,124.34,124.65,124.36,stop,-0.3200000000000074,-0.002567188126754973,-25.67188126754973,0.29000000000000625,-1.1034482758620707
2005-09-13,-1,646,855,123.85999999999999,124.19,123.86999999999999,124.17,stop,-0.3300000000000125,-0.002664083313150985,-26.64083313150985,0.30000000000001137,-1.1
2005-09-14,-1,586,959,123.69999999999999,123.19000000000001,123.71,123.18,eod,0.5099999999999767,0.004122544660900305,41.22544660900304,0.22000000000001307,2.3181818181815745
2005-09-15,-1,590,959,123.47999999999999,123.22,123.49,123.21,eod,0.2599999999999909,0.00210543363835121,21.054336383512098,0.17000000000001592,1.5294117647056857
2005-09-16,-1,586,611,123.05999999999999,123.34,123.07,123.32000000000001,stop,-0.28000000000001535,-0.002275127975948772,-22.75127975948772,0.2500000000000142,-1.1199999999999977
2005-09-19,-1,606,959,123.29999999999998,122.97,123.30999999999999,122.96,eod,0.3299999999999841,0.0026761819803745365,26.761819803745365,0.2500000000000142,1.3199999999998613
2005-09-20,1,612,815,123.41000000000001,123.15,123.4,123.17,stop,-0.2600000000000051,-0.0021069692058347253,-21.069692058347254,0.23000000000000398,-1.1304347826086982
2005-09-21,-1,591,959,121.52,120.89150000000001,121.53,120.8815,eod,0.6284999999999883,0.0051715625771413505,51.71562577141351,0.3500000000000085,1.7957142857142085
2005-09-22,1,601,728,121.08000000000001,120.55,121.07000000000001,120.57,stop,-0.5300000000000153,-0.004377632774428143,-43.77632774428143,0.5000000000000142,-1.0600000000000005
2005-09-23,-1,589,661,121.02,121.38,121.03,121.36,stop,-0.35999999999999943,-0.002974469139882669,-29.74469139882669,0.3299999999999983,-1.0909090909090948
2005-09-26,-1,596,625,121.93999999999998,122.2,121.94999999999999,122.18,stop,-0.2600000000000193,-0.0021320213202133606,-21.320213202133605,0.2300000000000182,-1.1304347826086902
2005-09-27,-1,603,888,121.36999999999999,121.69,121.38,121.67,stop,-0.3200000000000074,-0.002636348657109964,-26.36348657109964,0.29000000000000625,-1.1034482758620707
2005-09-28,-1,614,630,121.82999999999998,122.05,121.83999999999999,122.03,stop,-0.22000000000001307,-0.0018056467498359578,-18.056467498359577,0.19000000000001194,-1.1578947368421013
2005-09-29,-1,586,626,121.27,121.65,121.28,121.63000000000001,stop,-0.38000000000000966,-0.0031332453825858317,-31.332453825858316,0.3500000000000085,-1.085714285714287
2005-09-30,-1,591,598,122.49999999999999,122.74,122.50999999999999,122.72,stop,-0.2400000000000091,-0.0019590237531630817,-19.590237531630816,0.21000000000000796,-1.1428571428571428
2005-10-03,1,586,612,123.20000000000002,122.82,123.19000000000001,122.83999999999999,stop,-0.3800000000000239,-0.003084665963146553,-30.846659631465528,0.35000000000002274,-1.0857142857142834
2005-10-04,-1,590,615,122.55999999999999,122.92,122.57,122.9,stop,-0.36000000000001364,-0.002937097168964785,-29.37097168964785,0.3300000000000125,-1.0909090909090908
2005-10-05,-1,585,959,121.13999999999999,119.65,121.14999999999999,119.64,eod,1.4899999999999807,0.012298803136607353,122.98803136607353,0.17000000000001592,8.764705882352008
2005-10-06,-1,589,595,119.67999999999999,119.96000000000001,119.69,119.94000000000001,stop,-0.28000000000001535,-0.0023393767232017322,-23.39376723201732,0.2500000000000142,-1.1199999999999977
2005-10-07,1,585,608,120.03000000000002,119.56,120.02000000000001,119.58,stop,-0.4700000000000131,-0.0039160139976671645,-39.160139976671644,0.44000000000001194,-1.068181818181819
2005-10-10,-1,587,959,119.47999999999999,118.78,119.49,118.77,eod,0.6999999999999886,0.005858230814293988,58.58230814293988,0.23000000000000398,3.0434782608694633
2005-10-11,1,586,652,119.37,118.92,119.36,118.94,stop,-0.45000000000000284,-0.003770107238605922,-37.70107238605922,0.4200000000000017,-1.0714285714285738
2005-10-12,1,585,633,118.77000000000001,118.34,118.76,118.36,stop,-0.4300000000000068,-0.003620747726507299,-36.20747726507299,0.4000000000000057,-1.0750000000000017
2005-10-13,-1,586,638,117.38999999999999,117.83,117.39999999999999,117.81,stop,-0.44000000000001194,-0.003747870528109131,-37.47870528109131,0.4100000000000108,-1.073170731707318
2005-10-14,-1,588,679,118.02999999999999,118.36,118.03999999999999,118.34,stop,-0.3300000000000125,-0.002795662487292549,-27.95662487292549,0.30000000000001137,-1.1
2005-10-17,1,601,762,119.03000000000002,118.71,119.02000000000001,118.72999999999999,stop,-0.3200000000000216,-0.0026886237607126667,-26.886237607126667,0.29000000000002046,-1.1034482758620656
2005-10-18,-1,586,959,118.63999999999999,117.91000000000001,118.64999999999999,117.9,eod,0.7299999999999756,0.0061525495153811685,61.52549515381168,0.3200000000000074,2.2812499999998708
2005-10-19,-1,585,638,117.28999999999999,117.78,117.3,117.76,stop,-0.4900000000000091,-0.004177323103154383,-41.77323103154383,0.46000000000000796,-1.0652173913043492
2005-10-20,1,585,593,119.81000000000002,119.46,119.80000000000001,119.47999999999999,stop,-0.35000000000002274,-0.0029215358931554483,-29.215358931554483,0.3200000000000216,-1.0937499999999973
2005-10-21,-1,585,811,118.22999999999999,118.69,118.24,118.67,stop,-0.46000000000000796,-0.003890392422192219,-38.90392422192219,0.4300000000000068,-1.0697674418604666
2005-10-24,1,590,959,118.87,120.03,118.86,120.04,eod,1.1599999999999966,0.009759380784115737,97.59380784115737,0.46000000000000796,2.5217391304347316
2005-10-25,1,591,686,119.84,119.6,119.83,119.61999999999999,stop,-0.2400000000000091,-0.002002837352916708,-20.02837352916708,0.21000000000000796,-1.1428571428571428
2005-10-26,1,585,940,119.70000000000002,119.32,119.69000000000001,119.33999999999999,stop,-0.3800000000000239,-0.003174868410059519,-31.748684100595188,0.35000000000002274,-1.0857142857142834
2005-10-27,-1,586,959,119.02999999999999,117.99000000000001,119.03999999999999,117.98,eod,1.0399999999999778,0.00873655913978476,87.3655913978476,0.3400000000000176,3.058823529411541
2005-10-28,1,591,633,118.79,118.38,118.78,118.39999999999999,stop,-0.4100000000000108,-0.0034517595554808115,-34.51759555480812,0.38000000000000966,-1.0789473684210535
2005-10-31,1,585,959,120.78000000000002,120.69999999999999,120.77000000000001,120.71,eod,-0.08000000000002672,-0.0006624161629545973,-6.624161629545973,0.5800000000000125,-0.13793103448280172
2005-11-01,-1,585,861,120.46,120.72,120.47,120.7,stop,-0.2600000000000051,-0.0021582136631526946,-21.582136631526947,0.23000000000000398,-1.1304347826086982
2005-11-02,1,585,959,120.61000000000001,121.61,120.60000000000001,121.62,eod,0.9999999999999858,0.008291873963515635,82.91873963515636,0.4800000000000182,2.0833333333332247
2005-11-03,1,585,616,122.35000000000001,122.08,122.34,122.1,stop,-0.27000000000001023,-0.002206964198136425,-22.06964198136425,0.2400000000000091,-1.125
2005-11-04,-1,585,959,122.16,122.12,122.17,122.11,eod,0.03999999999999204,0.00032741262175650356,3.2741262175650356,0.29999999999999716,0.13333333333330807
2005-11-07,-1,585,859,122.24999999999999,122.56,122.25999999999999,122.54,stop,-0.3100000000000165,-0.0025355799116638027,-25.355799116638025,0.28000000000001535,-1.1071428571428554
2005-11-08,-1,587,630,121.85,122.06,121.86,122.04,stop,-0.21000000000000796,-0.0017232890201871653,-17.232890201871655,0.18000000000000682,-1.1666666666666667
2005-11-09,-1,585,634,121.97999999999999,122.21000000000001,121.99,122.19000000000001,stop,-0.2300000000000182,-0.0018854004426593835,-18.854004426593836,0.20000000000001705,-1.1499999999999928
2005-11-10,1,586,607,122.45000000000002,122.2,122.44000000000001,122.22,stop,-0.2500000000000142,-0.0020418163998694398,-20.418163998694396,0.22000000000001307,-1.1363636363636334
2005-11-11,1,603,959,123.51,123.64,123.5,123.65,eod,0.12999999999999545,0.0010526315789473315,10.526315789473315,0.23000000000000398,0.5652173913043183
2005-11-14,1,587,700,123.82000000000001,123.6,123.81,123.61999999999999,stop,-0.22000000000001307,-0.0017769162426299417,-17.769162426299417,0.19000000000001194,-1.1578947368421013
2005-11-15,-1,585,646,123.38,123.68,123.39,123.66000000000001,stop,-0.30000000000001137,-0.0024313153415998975,-24.313153415998976,0.27000000000001023,-1.1111111111111112
2005-11-16,-1,585,959,123.33999999999999,123.48,123.35,123.47,eod,-0.14000000000001478,-0.0011349817592218466,-11.349817592218466,0.21000000000000796,-0.6666666666667118
2005-11-17,1,585,603,123.88000000000001,123.65,123.87,123.67,stop,-0.23000000000000398,-0.00185678533946883,-18.5678533946883,0.20000000000000284,-1.1500000000000035
2005-11-18,-1,586,959,124.91,125.10000000000001,124.92,125.09,eod,-0.19000000000001194,-0.0015209734229908096,-15.209734229908095,0.6400000000000006,-0.2968750000000184
2005-11-21,-1,593,613,124.99999999999999,125.23,125.00999999999999,125.21000000000001,stop,-0.2300000000000182,-0.0018398528117752036,-18.398528117752036,0.20000000000001705,-1.1499999999999928
2005-11-22,1,620,959,125.62,126.36,125.61,126.37,eod,0.7399999999999949,0.005891250696600549,58.91250696600549,0.20000000000000284,3.699999999999922
2005-11-23,1,585,959,126.46000000000001,126.86999999999999,126.45,126.88,eod,0.4099999999999824,0.0032423882957689394,32.42388295768939,0.2500000000000142,1.6399999999998363
2005-11-25,-1,627,797,126.93999999999998,127.14,126.94999999999999,127.13,eod,-0.20000000000001705,-0.0015754233950375507,-15.754233950375507,0.28000000000001535,-0.7142857142857361
2005-11-28,-1,589,959,126.71999999999998,126.16000000000001,126.72999999999999,126.15,eod,0.5599999999999739,0.004418843209973754,44.18843209973754,0.5500000000000114,1.0181818181817497
2005-11-29,1,587,644,126.73,126.55,126.72,126.57,stop,-0.18000000000000682,-0.0014204545454545993,-14.204545454545993,0.15000000000000568,-1.2
2005-11-30,-1,607,624,126.07,126.47,126.08,126.45,stop,-0.4000000000000057,-0.0031725888324873547,-31.725888324873548,0.37000000000000455,-1.0810810810810831
2005-12-01,1,585,959,126.22000000000001,126.89,126.21000000000001,126.9,eod,0.6699999999999875,0.005308612629743978,53.08612629743978,0.2400000000000091,2.791666666666509
2005-12-02,1,601,762,126.80000000000001,126.58,126.79,126.6,stop,-0.22000000000001307,-0.0017351526145596109,-17.351526145596107,0.19000000000001194,-1.1578947368421013
2005-12-05,-1,589,959,126.54999999999998,126.64,126.55999999999999,126.63,eod,-0.09000000000001762,-0.0007111251580279522,-7.111251580279522,0.18000000000002103,-0.5000000000000395
2005-12-06,-1,585,621,126.99,127.2,127.0,127.18,stop,-0.21000000000000796,-0.0016535433070866768,-16.535433070866766,0.18000000000000682,-1.1666666666666667
2005-12-07,-1,587,959,126.52999999999999,126.16000000000001,126.53999999999999,126.15,eod,0.3699999999999761,0.002923976608186946,29.239766081869462,0.3400000000000176,1.0882352941175204
2005-12-08,-1,585,658,125.91999999999999,126.32000000000001,125.92999999999999,126.30000000000001,stop,-0.4000000000000199,-0.003176367823394107,-31.76367823394107,0.37000000000001876,-1.08108108108108
2005-12-09,1,589,603,126.32000000000001,126.08,126.31,126.1,stop,-0.2400000000000091,-0.0019000870873249077,-19.000870873249077,0.21000000000000796,-1.1428571428571428
2005-12-12,1,586,594,126.83000000000001,126.65,126.82000000000001,126.67,stop,-0.18000000000000682,-0.0014193344898281565,-14.193344898281564,0.15000000000000568,-1.2
2005-12-13,1,589,959,126.46000000000001,127.17,126.45,127.18,eod,0.7099999999999937,0.005614867536575672,56.148675365756716,0.1700000000000017,4.176470588235215
2005-12-15,-1,599,959,127.72999999999999,127.54,127.74,127.53,eod,0.18999999999998352,0.0014873962736807853,14.873962736807853,0.269999999999996,0.703703703703653
2005-12-16,1,675,706,127.36000000000001,127.0,127.35000000000001,127.02,stop,-0.36000000000001364,-0.0028268551236750187,-28.268551236750188,0.3300000000000125,-1.0909090909090908
2005-12-19,-1,586,617,126.57,126.8,126.58,126.78,stop,-0.23000000000000398,-0.00181703270658875,-18.170327065887502,0.20000000000000284,-1.1500000000000035
2005-12-20,-1,614,741,125.68999999999998,126.02,125.69999999999999,126.0,stop,-0.3300000000000125,-0.0026252983293557084,-26.252983293557083,0.30000000000001137,-1.1
2005-12-21,1,585,813,126.38000000000001,126.13,126.37,126.14999999999999,stop,-0.2500000000000142,-0.001978317638680179,-19.783176386801788,0.22000000000001307,-1.1363636363636334
2005-12-22,-1,585,685,126.24999999999999,126.46000000000001,126.25999999999999,126.44000000000001,stop,-0.21000000000002217,-0.0016632345952797575,-16.632345952797575,0.18000000000002103,-1.1666666666666534
2005-12-23,-1,585,959,126.63999999999999,126.76,126.64999999999999,126.75,eod,-0.12000000000001876,-0.0009474930911963582,-9.474930911963583,0.22000000000001307,-0.5454545454545983
2005-12-27,-1,618,959,126.88,125.54,126.89,125.53,eod,1.3399999999999892,0.01056032784301355,105.60327843013549,0.1700000000000017,7.882352941176328
2005-12-28,-1,585,601,125.69999999999999,125.88,125.71,125.86,stop,-0.18000000000000682,-0.001431866995465809,-14.31866995465809,0.15000000000000568,-1.2
2005-12-29,-1,604,959,125.68999999999998,125.32000000000001,125.69999999999999,125.31,eod,0.3699999999999761,0.00294351630867125,29.435163086712503,0.27000000000001023,1.37037037037023
2005-12-30,-1,607,943,124.64999999999999,125.03,124.66,125.01,stop,-0.38000000000000966,-0.00304829135247882,-30.4829135247882,0.3500000000000085,-1.085714285714287
2006-01-03,-1,592,844,125.05999999999999,125.33,125.07,125.31,stop,-0.27000000000001023,-0.0021587910769969637,-21.587910769969636,0.2400000000000091,-1.125
2006-01-04,1,585,959,126.99000000000001,127.25,126.98,127.26,eod,0.2599999999999909,0.0020475665459126703,20.475665459126702,0.29000000000000625,0.8965517241378803
2006-01-05,1,607,636,127.51,127.12,127.5,127.14,stop,-0.39000000000000057,-0.003058823529411769,-30.58823529411769,0.35999999999999943,-1.0833333333333366
2006-01-06,-1,585,754,127.83999999999999,128.16,127.85,128.14,stop,-0.3200000000000074,-0.002502933124755631,-25.02933124755631,0.28999999999999204,-1.1034482758621247
2006-01-09,-1,607,618,128.37,128.63,128.38,128.60999999999999,stop,-0.2599999999999909,-0.0020252375759463384,-20.252375759463384,0.22999999999998977,-1.1304347826087064
2006-01-10,-1,592,603,128.31000000000003,128.57,128.32000000000002,128.54999999999998,stop,-0.2599999999999625,-0.002026184538653074,-20.261845386530737,0.22999999999996135,-1.1304347826087224
2006-01-11,-1,587,621,128.79000000000002,129.06,128.8,129.04,stop,-0.2699999999999818,-0.0020962732919253243,-20.96273291925324,0.23999999999998067,-1.1250000000000149
2006-01-12,-1,587,610,129.04000000000002,129.23,129.05,129.20999999999998,stop,-0.1899999999999693,-0.0014722975590853878,-14.722975590853878,0.15999999999996817,-1.1875000000000444
2006-01-13,-1,614,688,128.55,128.84,128.56,128.82,stop,-0.28999999999999204,-0.002255756067205912,-22.55756067205912,0.2599999999999909,-1.1153846153846239
2006-01-17,1,585,617,128.24999999999997,128.03,128.23999999999998,128.05,stop,-0.21999999999997044,-0.0017155333749217909,-17.15533374921791,0.1899999999999693,-1.1578947368421368
2006-01-18,1,585,694,127.84,127.5,127.83,127.52,stop,-0.3400000000000034,-0.0026597825236642685,-26.597825236642684,0.3100000000000023,-1.0967741935483901
2006-01-19,-1,592,724,128.03000000000003,128.23,128.04000000000002,128.20999999999998,stop,-0.1999999999999602,-0.0015620118712899107,-15.620118712899108,0.16999999999995907,-1.1764705882353432
2006-01-20,-1,588,959,128.11,126.14,128.12,126.13,eod,1.970000000000013,0.015376209803309499,153.762098033095,0.19999999999998863,9.850000000000625
2006-01-23,1,593,600,126.44000000000001,126.15,126.43,126.17,stop,-0.29000000000000625,-0.002293759392549286,-22.93759392549286,0.2600000000000051,-1.1153846153846174
2006-01-24,1,585,661,126.88000000000001,126.58,126.87,126.6,stop,-0.30000000000001137,-0.002364625206904795,-23.64625206904795,0.27000000000001023,-1.1111111111111112
2006-01-25,1,602,610,127.13000000000001,126.82,127.12,126.83999999999999,stop,-0.3100000000000165,-0.0024386406544998148,-24.38640654499815,0.28000000000001535,-1.1071428571428554
2006-01-26,-1,585,702,127.03999999999999,127.34,127.05,127.32000000000001,stop,-0.30000000000001137,-0.0023612750885479055,-23.612750885479056,0.27000000000001023,-1.1111111111111112
2006-01-27,1,585,959,127.78000000000002,128.29000000000002,127.77000000000001,128.3,eod,0.5100000000000051,0.003991547311575527,39.915473115755276,0.3300000000000125,1.5454545454545023
2006-01-30,1,585,632,128.65999999999997,128.39,128.64999999999998,128.41,stop,-0.2699999999999818,-0.0020987174504468083,-20.987174504468083,0.23999999999998067,-1.1250000000000149
2006-01-31,-1,589,856,128.19000000000003,128.39000000000001,128.20000000000002,128.37,stop,-0.19999999999998863,-0.001560062402496011,-15.60062402496011,0.1699999999999875,-1.1764705882353137
2006-02-01,-1,600,611,127.79999999999998,128.05,127.80999999999999,128.03,stop,-0.2500000000000284,-0.001956028479774888,-19.56028479774888,0.22000000000001307,-1.136363636363698
2006-02-02,-1,621,959,127.86999999999999,127.13000000000001,127.88,127.12,eod,0.7399999999999807,0.0057866750078196805,57.8667500781968,0.2699999999999818,2.7407407407408537
2006-02-03,-1,594,658,126.41,126.69,126.42,126.67,stop,-0.28000000000000114,-0.0022148394241417587,-22.148394241417588,0.25,-1.1200000000000045
2006-02-06,1,585,629,126.72000000000001,126.38,126.71000000000001,126.39999999999999,stop,-0.3400000000000176,-0.0026832925578093095,-26.832925578093096,0.3100000000000165,-1.0967741935483857
2006-02-07,1,585,622,126.52000000000001,126.15,126.51,126.17,stop,-0.37000000000000455,-0.002924669986562363,-29.24669986562363,0.3400000000000034,-1.0882352941176494
2006-02-08,-1,585,628,125.74999999999999,125.99,125.75999999999999,125.97,stop,-0.2400000000000091,-0.0019083969465649578,-19.083969465649577,0.21000000000000796,-1.1428571428571428
2006-02-09,1,585,901,126.97000000000001,126.78,126.96000000000001,126.8,stop,-0.19000000000001194,-0.0014965343415249837,-14.965343415249837,0.1600000000000108,-1.1874999999999944
2006-02-10,1,589,607,126.49000000000001,126.25,126.48,126.27,stop,-0.2400000000000091,-0.0018975332068311914,-18.975332068311914,0.21000000000000796,-1.1428571428571428
2006-02-13,1,586,760,126.63000000000001,126.39,126.62,126.41,stop,-0.2400000000000091,-0.0018954351603222958,-18.954351603222957,0.21000000000000796,-1.1428571428571428
2006-02-14,-1,585,598,126.25999999999999,126.64,126.27,126.62,stop,-0.38000000000000966,-0.0030094242496238985,-30.094242496238984,0.3500000000000085,-1.085714285714287
2006-02-15,-1,585,599,127.53999999999999,127.71000000000001,127.55,127.69000000000001,stop,-0.17000000000001592,-0.0013328106624854246,-13.328106624854247,0.14000000000001478,-1.2142857142856998
2006-02-16,-1,590,690,128.26000000000002,128.51,128.27,128.48999999999998,stop,-0.24999999999997158,-0.0019490137990174753,-19.490137990174752,0.21999999999997044,-1.1363636363636598
2006-02-17,-1,586,959,128.85000000000002,128.89,128.86,128.88,eod,-0.03999999999996362,-0.0003104144032280274,-3.1041440322802742,0.30999999999997385,-0.12903225806440966
2006-02-21,1,585,599,129.38,129.07,129.37,129.09,stop,-0.3100000000000023,-0.0023962278735410237,-23.962278735410237,0.28000000000000114,-1.1071428571428608
2006-02-22,1,585,600,128.92999999999998,128.64,128.92,128.66,stop,-0.28999999999999204,-0.0022494570276139626,-22.494570276139626,0.2599999999999909,-1.1153846153846239
2006-02-23,-1,585,674,128.95000000000002,129.3,128.96,129.28,stop,-0.3499999999999943,-0.002714019851116581,-27.14019851116581,0.3199999999999932,-1.0937500000000056
2006-02-24,1,585,639,129.2,128.87,129.19,128.89000000000001,stop,-0.3299999999999841,-0.0025543772737826776,-25.543772737826774,0.29999999999998295,-1.1000000000000094
2006-02-27,1,585,959,129.64,129.67000000000002,129.63,129.68,eod,0.03000000000002956,0.00023142791020619888,2.3142791020619886,0.3599999999999852,0.08333333333341886
2006-03-01,1,587,613,128.82,128.57,128.81,128.59,stop,-0.25,-0.0019408431022436147,-19.408431022436147,0.21999999999999886,-1.1363636363636422
2006-03-02,1,591,597,129.02999999999997,128.79,129.01999999999998,128.81,stop,-0.23999999999998067,-0.0018601767167879452,-18.60176716787945,0.20999999999997954,-1.1428571428571621
2006-03-03,1,590,959,128.92,128.99,128.91,129.0,eod,0.0700000000000216,0.0005430145062448344,5.430145062448345,0.2599999999999909,0.26923076923086176
2006-03-06,-1,586,959,128.69000000000003,128.16,128.70000000000002,128.15,eod,0.5300000000000296,0.0041181041181043475,41.181041181043476,0.4899999999999807,1.0816326530613274
2006-03-07,-1,599,607,127.63,127.96000000000001,127.64,127.94000000000001,stop,-0.3300000000000125,-0.0025853964274523073,-25.853964274523072,0.30000000000001137,-1.1
2006-03-08,1,589,704,127.72000000000001,127.46,127.71000000000001,127.47999999999999,stop,-0.2600000000000193,-0.0020358625009789313,-20.358625009789314,0.2300000000000182,-1.1304347826086902
2006-03-09,1,585,726,128.54999999999998,128.24,128.54,128.26000000000002,stop,-0.30999999999997385,-0.002411700637933514,-24.117006379335137,0.2799999999999727,-1.1071428571428716
2006-03-10,1,589,959,127.80000000000001,128.51000000000002,127.79,128.52,eod,0.710000000000008,0.005555990296580389,55.55990296580389,0.36000000000001364,1.9722222222221697
2006-03-13,1,586,669,128.99999999999997,128.8,128.98999999999998,128.82000000000002,stop,-0.1999999999999602,-0.001550507791301343,-15.50507791301343,0.16999999999995907,-1.1764705882353432
2006-03-14,1,585,959,128.92,130.11,128.91,130.12,eod,1.1900000000000261,0.00923124660615954,92.3124660615954,0.30999999999997385,3.838709677419763
2006-03-15,-1,586,834,130.04000000000002,130.28,130.05,130.26,stop,-0.23999999999998067,-0.0018454440599767832,-18.454440599767832,0.20999999999997954,-1.1428571428571621
2006-03-16,1,602,645,131.07,130.85999999999999,131.06,130.88,stop,-0.21000000000000796,-0.0016023195482985498,-16.0231954829855,0.18000000000000682,-1.1666666666666667
2006-03-17,-1,587,626,130.50000000000003,130.76,130.51000000000002,130.73999999999998,stop,-0.2599999999999625,-0.001992184506934047,-19.92184506934047,0.22999999999996135,-1.1304347826087224
2006-03-20,-1,628,959,130.57000000000002,130.39999999999998,130.58,130.39,eod,0.17000000000004434,0.001301883902588791,13.01883902588791,0.3299999999999841,0.5151515151516743
2006-03-21,-1,616,693,130.06000000000003,130.51,130.07000000000002,130.48999999999998,stop,-0.4499999999999602,-0.0034596755593139087,-34.596755593139086,0.4199999999999591,-1.0714285714285812
2006-03-22,1,600,959,129.77999999999997,130.41,129.76999999999998,130.42,eod,0.6300000000000239,0.004854743006858472,48.54743006858472,0.3299999999999841,1.9090909090910735
2006-03-23,1,589,607,130.33999999999997,130.13,130.32999999999998,130.15,stop,-0.20999999999997954,-0.0016112944065064035,-16.112944065064035,0.1799999999999784,-1.166666666666693
2006-03-24,-1,585,607,129.86,130.13,129.87,130.10999999999999,stop,-0.2699999999999818,-0.002079002079001939,-20.79002079001939,0.23999999999998067,-1.1250000000000149
2006-03-27,-1,621,876,129.89000000000001,130.23,129.9,130.20999999999998,stop,-0.339999999999975,-0.0026173979984601614,-26.173979984601615,0.30999999999997385,-1.096774193548399
2006-03-28,1,585,859,130.07999999999998,129.85,130.07,129.87,stop,-0.22999999999998977,-0.001768278619204965,-17.68278619204965,0.19999999999998863,-1.1500000000000141
2006-03-29,-1,585,621,129.39000000000001,129.63,129.4,129.60999999999999,stop,-0.23999999999998067,-0.0018547140649148427,-18.547140649148428,0.20999999999997954,-1.1428571428571621
2006-03-30,1,591,670,130.51,130.01,130.5,130.03,stop,-0.5,-0.0038314176245210726,-38.314176245210724,0.46999999999999886,-1.0638297872340452
2006-03-31,-1,590,959,129.97000000000003,129.4996,129.98000000000002,129.4896,eod,0.47040000000004056,0.0036190183105096205,36.1901831050962,0.2699999999999818,1.74222222222249
2006-04-03,-1,589,599,129.88000000000002,130.15,129.89000000000001,130.13,stop,-0.2699999999999818,-0.0020786819616597256,-20.786819616597256,0.23999999999998067,-1.1250000000000149
2006-04-04,-1,585,600,129.52,129.79,129.53,129.76999999999998,stop,-0.2699999999999818,-0.002084459198641101,-20.844591986411007,0.23999999999998067,-1.1250000000000149
2006-04-05,1,607,634,130.92,130.57,130.91,130.59,stop,-0.3499999999999943,-0.0026735925444961754,-26.735925444961754,0.3199999999999932,-1.0937500000000056
2006-04-06,1,585,625,131.01,130.72,131.0,130.74,stop,-0.28999999999999204,-0.0022137404580152066,-22.137404580152065,0.2599999999999909,-1.1153846153846239
2006-04-07,-1,598,959,130.96,129.48,130.97,129.47,eod,1.4800000000000182,0.011300297778117266,113.00297778117266,0.4399999999999977,3.3636363636364224
2006-04-10,-1,587,606,129.55,129.8,129.56,129.78,stop,-0.25,-0.0019296079036739734,-19.296079036739734,0.21999999999999886,-1.1363636363636422
2006-04-11,-1,588,959,129.82000000000002,128.66,129.83,128.65,eod,1.160000000000025,0.008934760841100092,89.34760841100092,0.23999999999998067,4.833333333333827
2006-04-12,1,607,632,129.04999999999998,128.7,129.04,128.72,stop,-0.3499999999999943,-0.00271233725976437,-27.1233725976437,0.3199999999999932,-1.0937500000000056
2006-04-13,-1,585,604,128.45000000000002,128.63,128.46,128.60999999999999,stop,-0.1799999999999784,-0.0014012143858008594,-14.012143858008594,0.14999999999997726,-1.200000000000038
2006-04-17,1,588,753,129.14999999999998,128.76,129.14,128.78,stop,-0.38999999999998636,-0.0030199783181042777,-30.199783181042775,0.3599999999999852,-1.08333333333334
2006-04-18,1,597,959,129.23,130.72,129.22,130.73,eod,1.490000000000009,0.011530722798328502,115.30722798328503,0.29999999999998295,4.966666666666979
2006-04-19,-1,589,604,130.62,130.94,130.63,130.92,stop,-0.3199999999999932,-0.002449666998392354,-24.496669983923542,0.28999999999999204,-1.1034482758620758
2006-04-20,1,591,677,131.04,130.83,131.03,130.85000000000002,stop,-0.20999999999997954,-0.0016026864076927386,-16.026864076927385,0.1799999999999784,-1.166666666666693
2006-04-21,-1,598,611,131.42000000000002,131.77,131.43,131.75,stop,-0.3499999999999943,-0.0026630145324506907,-26.63014532450691,0.3199999999999932,-1.0937500000000056
2006-04-24,-1,585,930,130.64000000000001,130.98,130.65,130.95999999999998,stop,-0.339999999999975,-0.0026023727516262915,-26.023727516262916,0.30999999999997385,-1.096774193548399
2006-04-25,1,586,601,131.07,130.85,131.06,130.87,stop,-0.21999999999999886,-0.001678620479169837,-16.78620479169837,0.18999999999999773,-1.157894736842113
2006-04-26,1,594,914,130.85,130.43,130.84,130.45000000000002,stop,-0.4199999999999875,-0.0032100275145214574,-32.100275145214574,0.38999999999998636,-1.0769230769230824
2006-04-27,1,600,959,129.95,131.0,129.94,131.01,eod,1.0500000000000114,0.008080652608896502,80.80652608896501,0.3599999999999852,2.916666666666818
2006-04-28,1,601,959,131.04,131.13,131.03,131.14,eod,0.09000000000000341,0.0006868656032969809,6.868656032969809,0.3299999999999841,0.27272727272729624
2006-05-01,-1,600,609,131.43,131.81,131.44,131.79,stop,-0.37999999999999545,-0.00289105295191719,-28.9105295191719,0.3499999999999943,-1.0857142857142903
2006-05-02,-1,588,627,130.89000000000001,131.13,130.9,131.10999999999999,stop,-0.23999999999998067,-0.001833460656989921,-18.33460656989921,0.20999999999997954,-1.1428571428571621
2006-05-03,-1,585,959,131.12,130.8312,131.13,130.8212,eod,0.28880000000000905,0.0022023945702738432,22.02394570273843,0.19999999999998863,1.4440000000001274
2006-05-04,1,596,751,131.40999999999997,131.02,131.39999999999998,131.04000000000002,stop,-0.38999999999995794,-0.0029680365296800458,-29.680365296800456,0.3599999999999568,-1.0833333333333466
2006-05-05,-1,610,693,131.88000000000002,132.34,131.89000000000001,132.32,stop,-0.45999999999997954,-0.0034877549473044164,-34.87754947304416,0.4299999999999784,-1.0697674418604712
2006-05-08,1,589,658,132.70999999999998,132.43,132.7,132.45000000000002,stop,-0.2799999999999727,-0.0021100226073848738,-21.100226073848738,0.24999999999997158,-1.120000000000018
2006-05-09,1,590,959,132.46999999999997,132.52,132.45999999999998,132.53,eod,0.05000000000003979,0.0003774724445118511,3.774724445118511,0.15999999999996817,0.31250000000031086
2006-05-10,1,617,844,132.6,132.3,132.59,132.32000000000002,stop,-0.29999999999998295,-0.0022626140734594083,-22.626140734594085,0.2699999999999818,-1.1111111111111227
2006-05-11,-1,585,959,132.27,130.79,132.28,130.78,eod,1.4800000000000182,0.0111883882673119,111.883882673119,0.28000000000000114,5.285714285714329
2006-05-12,1,596,620,130.51999999999998,130.12,130.51,130.14000000000001,stop,-0.39999999999997726,-0.0030648992414372637,-30.648992414372636,0.3699999999999761,-1.0810810810810894
2006-05-15,1,610,831,129.39999999999998,128.72,129.39,128.74,stop,-0.6799999999999784,-0.005255429322204023,-52.55429322204023,0.6499999999999773,-1.0461538461538495
2006-05-16,-1,588,959,129.68,129.37,129.69,129.36,eod,0.3100000000000023,0.002390315367414622,23.903153674146218,0.3199999999999932,0.9687500000000278
2006-05-17,1,586,615,128.85,128.45,128.84,128.47,stop,-0.4000000000000057,-0.003104625892579988,-31.04625892579988,0.37000000000000455,-1.0810810810810831
2006-05-18,-1,615,959,127.27999999999999,126.37,127.28999999999999,126.36,eod,0.9099999999999824,0.007149029774530462,71.49029774530462,0.4700000000000131,1.9361702127658662
2006-05-19,1,591,618,126.94000000000001,126.51,126.93,126.53,stop,-0.4300000000000068,-0.003387694004569501,-33.87694004569501,0.4000000000000057,-1.0750000000000017
2006-05-22,-1,603,923,126.21999999999998,126.88,126.22999999999999,126.86,stop,-0.6600000000000108,-0.005228551057593368,-52.28551057593368,0.6300000000000097,-1.0476190476190488
2006-05-23,1,610,670,127.47000000000001,127.08,127.46000000000001,127.1,stop,-0.3900000000000148,-0.0030597834614782267,-30.59783461478227,0.36000000000001364,-1.0833333333333333
2006-05-24,1,586,763,125.82000000000001,125.37,125.81,125.39,stop,-0.45000000000000284,-0.0035768221921946017,-35.768221921946015,0.4200000000000017,-1.0714285714285738
2006-05-25,1,588,602,126.99000000000001,126.72,126.98,126.74,stop,-0.27000000000001023,-0.002126319105371005,-21.263191053710052,0.2400000000000091,-1.125
2006-05-26,1,588,592,128.04999999999998,127.77,128.04,127.78999999999999,stop,-0.2799999999999869,-0.0021868166198062084,-21.868166198062085,0.25,-1.1199999999999477
2006-05-30,-1,585,959,127.61999999999999,126.30000000000001,127.63,126.29,eod,1.319999999999979,0.010342395988403816,103.42395988403815,0.37999999999999545,3.473684210526302
2006-05-31,1,586,855,126.91000000000001,126.53,126.9,126.55,stop,-0.38000000000000966,-0.002994483845547751,-29.944838455477512,0.3500000000000085,-1.085714285714287
2006-06-01,1,586,959,127.60000000000001,128.81,127.59,128.82,eod,1.2099999999999937,0.009483501841837085,94.83501841837085,0.3300000000000125,3.666666666666509
2006-06-02,-1,595,959,128.74,129.14,128.75,129.13,eod,-0.39999999999997726,-0.0031067961165046776,-31.067961165046775,0.6899999999999977,-0.5797101449275052
2006-06-05,-1,586,959,128.55,126.91000000000001,128.56,126.9,eod,1.6400000000000006,0.012756689483509649,127.56689483509649,0.3100000000000023,5.290322580645125
2006-06-06,-1,585,959,126.91,126.75,126.92,126.74,eod,0.1599999999999966,0.0012606366214938274,12.606366214938275,0.46999999999999886,0.34042553191488717
2006-06-07,-1,585,603,126.58999999999999,126.99,126.6,126.97,stop,-0.4000000000000057,-0.0031595576619273752,-31.595576619273753,0.37000000000000455,-1.0810810810810831
2006-06-08,1,587,628,126.01,125.28999999999999,126.0,125.30999999999999,stop,-0.7200000000000131,-0.005714285714285818,-57.14285714285818,0.6900000000000119,-1.043478260869566
2006-06-09,1,588,711,126.44000000000001,125.88,126.43,125.89999999999999,stop,-0.5600000000000165,-0.004429328482164174,-44.29328482164174,0.5300000000000153,-1.056603773584906
2006-06-12,1,585,590,125.92000000000002,125.65,125.91000000000001,125.67,stop,-0.27000000000001023,-0.002144388849178065,-21.44388849178065,0.2400000000000091,-1.125
2006-06-13,1,589,621,124.52000000000001,123.6,124.51,123.61999999999999,stop,-0.9200000000000159,-0.007388964741787935,-73.88964741787936,0.8900000000000148,-1.03370786516854
2006-06-14,1,593,798,123.42000000000002,122.73,123.41000000000001,122.75,stop,-0.6900000000000119,-0.005591119034114025,-55.911190341140255,0.6600000000000108,-1.0454545454545465
2006-06-15,1,589,959,124.32000000000001,125.99,124.31,126.0,eod,1.6699999999999875,0.01343415654412346,134.34156544123462,0.46000000000000796,3.6304347826086056
2006-06-16,1,590,610,125.46000000000001,125.03,125.45,125.05,stop,-0.4300000000000068,-0.0034276604224791297,-34.2766042247913,0.4000000000000057,-1.0750000000000017
2006-06-19,-1,585,959,125.14999999999999,123.83,125.16,123.82,eod,1.3199999999999932,0.010546500479386331,105.46500479386332,0.3300000000000125,3.9999999999998277
2006-06-20,-1,586,639,123.89999999999999,124.26,123.91,124.24000000000001,stop,-0.36000000000001364,-0.002905334516988247,-29.05334516988247,0.3300000000000125,-1.0909090909090908
2006-06-21,1,585,959,124.60000000000001,125.11999999999999,124.59,125.13,eod,0.5199999999999818,0.004173689702223146,41.73689702223146,0.6400000000000148,0.8124999999999528
2006-06-22,-1,603,959,124.71999999999998,124.46000000000001,124.72999999999999,124.45,eod,0.2599999999999767,0.0020845025254547962,20.845025254547963,0.3400000000000176,0.764705882352833
2006-06-23,1,597,959,124.36000000000001,124.36999999999999,124.35000000000001,124.38,eod,0.009999999999976694,8.041817450725125e-05,0.8041817450725125,0.3300000000000125,0.03030303030295853
2006-06-26,-1,589,630,124.39999999999999,124.71000000000001,124.41,124.69000000000001,stop,-0.3100000000000165,-0.0024917611124509,-24.917611124509,0.28000000000001535,-1.1071428571428554
2006-06-27,1,601,603,125.28000000000002,124.97,125.27000000000001,124.99,stop,-0.3100000000000165,-0.002474654745749313,-24.746547457493133,0.28000000000001535,-1.1071428571428554
2006-06-28,-1,585,870,124.07,124.38,124.08,124.36,stop,-0.3100000000000023,-0.0024983881366860273,-24.983881366860274,0.28000000000000114,-1.1071428571428608
2006-06-29,1,585,959,125.37,127.21,125.36,127.22,eod,1.8399999999999892,0.014677728142948222,146.77728142948223,0.20000000000000284,9.199999999999815
2006-06-30,-1,586,959,127.38999999999999,127.0,127.39999999999999,126.99,eod,0.38999999999998636,0.0030612244897958115,30.612244897958114,0.2600000000000193,1.4999999999998361
2006-07-03,1,585,795,127.55000000000001,127.78999999999999,127.54,127.8,eod,0.23999999999998067,0.0018817625842871308,18.81762584287131,0.2400000000000091,0.9999999999998815
2006-07-05,-1,587,878,127.10999999999999,127.4,127.11999999999999,127.38000000000001,stop,-0.29000000000002046,-0.0022813089993708345,-22.813089993708346,0.2600000000000193,-1.1153846153846112
2006-07-06,1,602,871,127.53000000000002,127.14,127.52000000000001,127.16,stop,-0.3900000000000148,-0.0030583437892096514,-30.583437892096516,0.36000000000001364,-1.0833333333333333
2006-07-07,1,612,878,127.35000000000001,126.81,127.34,126.83,stop,-0.5400000000000063,-0.004240615674572061,-42.40615674572061,0.5100000000000051,-1.0588235294117663
2006-07-10,1,607,780,127.24000000000001,126.86,127.23,126.88,stop,-0.38000000000000966,-0.00298671696926833,-29.8671696926833,0.3500000000000085,-1.085714285714287
2006-07-11,-1,607,853,126.39999999999999,126.68,126.41,126.66000000000001,stop,-0.28000000000001535,-0.002215014634918245,-22.15014634918245,0.2500000000000142,-1.1199999999999977
2006-07-12,-1,592,959,127.10999999999999,125.97,127.11999999999999,125.96,eod,1.1399999999999864,0.008967904342353575,89.67904342353575,0.29000000000002046,3.9310344827582964
2006-07-13,-1,585,738,125.27999999999999,125.58,125.28999999999999,125.56,stop,-0.30000000000001137,-0.0023944448878602553,-23.944448878602554,0.27000000000001023,-1.1111111111111112
2006-07-14,-1,591,959,123.91,123.64,123.92,123.63,eod,0.269999999999996,0.0021788250484183025,21.788250484183024,0.3500000000000085,0.7714285714285413
2006-07-17,-1,626,959,123.46,123.42,123.47,123.41,eod,0.03999999999999204,0.0003239653357090147,3.239653357090147,0.6400000000000006,0.06249999999998751
2006-07-18,-1,607,959,123.68999999999998,123.69000000000001,123.69999999999999,123.68,eod,-2.842170943040401e-14,-2.297632128569443e-16,-2.297632128569443e-12,0.36000000000001364,-7.894919286223036e-14
2006-07-19,1,587,959,124.60000000000001,125.96,124.59,125.97,eod,1.3599999999999852,0.010915803836583877,109.15803836583876,0.44000000000001194,3.0909090909089736
2006-07-20,-1,586,959,126.04999999999998,124.97,126.05999999999999,124.96,eod,1.079999999999984,0.008567348881484882,85.67348881484882,0.2500000000000142,4.319999999999691
2006-07-21,-1,587,959,124.63999999999999,124.12,124.64999999999999,124.11,eod,0.5199999999999818,0.004171680705976589,41.71680705976589,0.5300000000000153,0.9811320754716354
2006-07-24,1,585,959,124.94000000000001,126.11999999999999,124.93,126.13,eod,1.1799999999999784,0.00944528936204257,94.4528936204257,0.5000000000000142,2.3599999999998897
2006-07-25,1,596,642,126.07000000000001,125.8,126.06,125.82,stop,-0.27000000000001023,-0.002141837220371333,-21.41837220371333,0.2400000000000091,-1.125
2006-07-26,1,593,608,126.67000000000002,126.35,126.66000000000001,126.36999999999999,stop,-0.3200000000000216,-0.002526448760461247,-25.26448760461247,0.29000000000002046,-1.1034482758620656
2006-07-27,-1,593,959,127.28999999999999,126.37,127.3,126.36,eod,0.9199999999999875,0.0072270227808325805,72.2702278083258,0.4000000000000057,2.299999999999936
2006-07-28,1,585,624,127.38000000000001,126.92,127.37,126.94,stop,-0.46000000000000796,-0.0036115254769569596,-36.115254769569596,0.4300000000000068,-1.0697674418604666
2006-07-31,1,607,959,127.74000000000001,127.66,127.73,127.67,eod,-0.0800000000000125,-0.0006263211461677954,-6.263211461677955,1.190000000000012,-0.06722689075631236
2006-08-01,-1,585,959,127.00999999999999,127.18,127.02,127.17,eod,-0.17000000000001592,-0.0013383719099355686,-13.383719099355686,0.37000000000000455,-0.45945945945949684
2006-08-02,1,672,959,127.93,127.91,127.92,127.92,eod,-0.020000000000010232,-0.00015634771732340707,-1.5634771732340706,0.38000000000000966,-0.05263157894739401
2006-08-03,1,586,959,127.46000000000001,128.11,127.45,128.12,eod,0.6500000000000057,0.005100039231071053,51.000392310710524,0.3100000000000023,2.09677419354839
2006-08-04,-1,592,959,128.89000000000001,128.09,128.9,128.08,eod,0.8000000000000114,0.00620636152055866,62.0636152055866,0.539999999999992,1.4814814814815245
2006-08-07,1,611,662,127.98,127.61,127.97,127.63,stop,-0.37000000000000455,-0.0028913026490584087,-28.913026490584087,0.3400000000000034,-1.0882352941176494
2006-08-08,-1,586,854,127.88,128.2,127.89,128.17999999999998,stop,-0.3199999999999932,-0.0025021502854014636,-25.021502854014635,0.28999999999997783,-1.1034482758621298
2006-08-09,-1,592,703,128.04000000000002,128.48,128.05,128.45999999999998,stop,-0.4399999999999693,-0.003436157750878323,-34.36157750878323,0.40999999999996817,-1.0731707317073256
2006-08-10,1,597,611,126.79,126.33,126.78,126.35,stop,-0.46000000000000796,-0.0036283325445654515,-36.28332544565451,0.4300000000000068,-1.0697674418604666
2006-08-11,1,589,594,127.20000000000002,126.92,127.19000000000001,126.94,stop,-0.28000000000001535,-0.0022014309301046885,-22.014309301046886,0.2500000000000142,-1.1199999999999977
2006-08-14,-1,587,668,127.52,127.8,127.53,127.78,stop,-0.28000000000000114,-0.0021955618285893603,-21.955618285893603,0.25,-1.1200000000000045
2006-08-15,-1,589,642,128.06000000000003,128.37,128.07000000000002,128.35,stop,-0.30999999999997385,-0.0024205512610289202,-24.2055126102892,0.2799999999999727,-1.1071428571428716
2006-08-16,-1,586,654,129.16000000000003,129.43,129.17000000000002,129.41,stop,-0.2699999999999818,-0.0020902686382285496,-20.902686382285495,0.23999999999998067,-1.1250000000000149
2006-08-17,1,602,959,129.82,130.02,129.81,130.03,eod,0.20000000000001705,0.0015407133502813115,15.407133502813116,0.3299999999999841,0.606060606060687
2006-08-18,-1,589,821,130.01000000000002,130.25,130.02,130.23,stop,-0.23999999999998067,-0.001845869866174286,-18.458698661742858,0.20999999999997954,-1.1428571428571621
2006-08-21,-1,595,620,130.03000000000003,130.23,130.04000000000002,130.20999999999998,stop,-0.1999999999999602,-0.001537988311288528,-15.379883112885281,0.16999999999995907,-1.1764705882353432
2006-08-22,1,585,804,130.32,129.87,130.31,129.89000000000001,stop,-0.44999999999998863,-0.003453303660501793,-34.533036605017934,0.4199999999999875,-1.0714285714285763
2006-08-23,-1,608,959,130.10000000000002,129.57,130.11,129.56,eod,0.5300000000000296,0.004073476289293902,40.73476289293902,0.339999999999975,1.5588235294119663
2006-08-24,-1,590,959,129.85000000000002,129.89,129.86,129.88,eod,-0.03999999999996362,-0.000308024025873738,-3.08024025873738,0.24999999999997158,-0.15999999999987266
2006-08-25,1,586,959,129.74999999999997,129.83,129.73999999999998,129.84,eod,0.08000000000004093,0.0006166178510871045,6.166178510871045,0.1999999999999602,0.40000000000028424
2006-08-28,1,589,959,129.89,130.47,129.88,130.48,eod,0.5800000000000125,0.004465660609793752,44.65660609793752,0.25,2.32000000000005
2006-08-29,-1,585,920,130.34000000000003,130.57,130.35000000000002,130.54999999999998,stop,-0.22999999999996135,-0.0017644802454926068,-17.64480245492607,0.1999999999999602,-1.1500000000000354
2006-08-30,-1,589,621,130.73000000000002,130.97,130.74,130.95,stop,-0.23999999999998067,-0.001835704451583147,-18.357044515831472,0.20999999999997954,-1.1428571428571621
2006-08-31,-1,596,602,130.70000000000002,130.93,130.71,130.91,stop,-0.22999999999998977,-0.001759620534006501,-17.596205340065012,0.19999999999998863,-1.1500000000000141
2006-09-01,-1,585,713,131.09000000000003,131.33,131.10000000000002,131.31,stop,-0.23999999999998067,-0.001830663615560493,-18.30663615560493,0.20999999999997954,-1.1428571428571621
2006-09-05,-1,593,619,131.22000000000003,131.57,131.23000000000002,131.54999999999998,stop,-0.3499999999999659,-0.0026670730778020715,-26.670730778020715,0.31999999999996476,-1.093750000000014
2006-09-06,-1,586,959,131.02,130.42999999999998,131.03,130.42,eod,0.5900000000000318,0.0045027856216136135,45.027856216136136,0.13999999999998636,4.214285714286352
2006-09-07,-1,585,727,130.03000000000003,130.23,130.04000000000002,130.20999999999998,stop,-0.1999999999999602,-0.001537988311288528,-15.379883112885281,0.16999999999995907,-1.1764705882353432
2006-09-08,-1,588,674,129.98000000000002,130.19,129.99,130.17,stop,-0.20999999999997954,-0.0016155088852987116,-16.155088852987117,0.1799999999999784,-1.166666666666693
2006-09-11,-1,587,726,129.78000000000003,130.03,129.79000000000002,130.01,stop,-0.24999999999997158,-0.0019261884582785387,-19.261884582785388,0.21999999999997044,-1.1363636363636598
2006-09-12,1,589,959,130.73,131.63,130.72,131.64,eod,0.9000000000000057,0.00688494492044068,68.8494492044068,0.18999999999999773,4.736842105263245
2006-09-13,1,585,959,131.85999999999999,132.22,131.85,132.23,eod,0.36000000000001364,0.002730375426621264,27.30375426621264,0.339999999999975,1.0588235294118826
2006-09-14,-1,603,870,131.83,132.2,131.84,132.17999999999998,stop,-0.3699999999999761,-0.0028064320388347702,-28.064320388347703,0.339999999999975,-1.088235294117657
2006-09-15,-1,586,616,132.06000000000003,132.37,132.07000000000002,132.35,stop,-0.30999999999997385,-0.0023472400999467995,-23.472400999467997,0.2799999999999727,-1.1071428571428716
2006-09-18,1,593,959,131.89,132.02,131.88,132.03,eod,0.13000000000002387,0.0009857446163180458,9.857446163180459,0.23999999999998067,0.5416666666668097
2006-09-19,-1,618,959,131.75000000000003,131.76,131.76000000000002,131.75,eod,-0.009999999999962483,-7.589556769856164e-05,-0.7589556769856164,0.38999999999995794,-0.02564102564093221
2006-09-20,1,585,868,132.36999999999998,132.2,132.35999999999999,132.22,stop,-0.1699999999999875,-0.0012843759443939824,-12.843759443939824,0.13999999999998636,-1.2142857142857433
2006-09-21,-1,589,679,132.51000000000002,132.76,132.52,132.73999999999998,stop,-0.24999999999997158,-0.001886507696951189,-18.86507696951189,0.21999999999997044,-1.1363636363636598
2006-09-22,-1,592,959,131.46,131.41,131.47,131.4,eod,0.05000000000001137,0.0003803149007378974,3.8031490073789738,0.21999999999999886,0.2272727272727801
2006-09-25,-1,588,768,131.70000000000002,131.94,131.71,131.92,stop,-0.23999999999998067,-0.001822185103636631,-18.22185103636631,0.20999999999997954,-1.1428571428571621
2006-09-26,1,585,959,132.60999999999999,133.53,132.6,133.54,eod,0.9200000000000159,0.00693815987933647,69.3815987933647,0.20999999999997954,4.380952380952884
2006-09-27,1,585,650,133.67,133.41,133.66,133.43,stop,-0.2599999999999909,-0.0019452341762680751,-19.452341762680753,0.22999999999998977,-1.1304347826087064
2006-09-28,-1,585,945,133.70000000000002,134.0,133.71,133.98,stop,-0.29999999999998295,-0.0022436616558221744,-22.436616558221743,0.2699999999999818,-1.1111111111111227
2006-09-29,-1,587,603,133.73000000000002,133.93,133.74,133.91,stop,-0.19999999999998863,-0.0014954389113203874,-14.954389113203874,0.1699999999999875,-1.1764705882353137
2006-10-02,-1,593,604,133.37,133.59,133.38,133.57,stop,-0.21999999999999886,-0.0016494227020542726,-16.494227020542727,0.18999999999999773,-1.157894736842113
2006-10-03,-1,589,635,132.67000000000002,133.02,132.68,133.0,stop,-0.3499999999999943,-0.002637925836599294,-26.37925836599294,0.3199999999999932,-1.0937500000000056
2006-10-04,1,585,597,133.39999999999998,133.13,133.39,133.15,stop,-0.2699999999999818,-0.0020241397406101044,-20.241397406101044,0.23999999999998067,-1.1250000000000149
2006-10-05,1,598,610,135.10999999999999,134.82,135.1,134.84,stop,-0.28999999999999204,-0.002146558105107269,-21.46558105107269,0.2599999999999909,-1.1153846153846239
2006-10-06,-1,588,879,134.52,135.03,134.53,135.01,stop,-0.5099999999999909,-0.003790975990485326,-37.90975990485326,0.47999999999998977,-1.0625000000000038
2006-10-09,-1,585,696,134.77,135.03,134.78,135.01,stop,-0.2599999999999909,-0.0019290695948953175,-19.290695948953175,0.22999999999998977,-1.1304347826087064
2006-10-10,-1,597,675,135.01000000000002,135.28,135.02,135.26,stop,-0.2699999999999818,-0.0019997037475928143,-19.997037475928142,0.23999999999998067,-1.1250000000000149
2006-10-11,1,610,876,134.93999999999997,134.73,134.92999999999998,134.75,stop,-0.20999999999997954,-0.0015563625583634446,-15.563625583634446,0.1799999999999784,-1.166666666666693
2006-10-12,1,598,959,135.60999999999999,136.25,135.6,136.26,eod,0.6400000000000148,0.004719764011799519,47.19764011799519,0.20999999999997954,3.047619047619415
2006-10-13,1,586,603,136.33999999999997,136.08,136.32999999999998,136.10000000000002,stop,-0.2599999999999625,-0.0019071370938161998,-19.071370938161998,0.22999999999996135,-1.1304347826087224
2006-10-16,1,588,959,136.57,136.88,136.56,136.89,eod,0.3100000000000023,0.002270064440538974,22.70064440538974,0.15000000000000568,2.0666666666666034
2006-10-17,-1,589,904,136.14000000000001,136.5,136.15,136.48,stop,-0.3599999999999852,-0.002644142489900736,-26.44142489900736,0.3299999999999841,-1.0909090909090988
2006-10-18,1,585,600,137.35999999999999,136.99,137.35,137.01000000000002,stop,-0.3699999999999761,-0.0026938478340005545,-26.938478340005545,0.339999999999975,-1.088235294117657
2006-10-19,1,593,959,136.46999999999997,136.70000000000002,136.45999999999998,136.71,eod,0.2300000000000466,0.0016854755972449556,16.854755972449556,0.23999999999998067,0.9583333333336047
2006-10-20,-1,590,931,136.57000000000002,136.91,136.58,136.89,stop,-0.339999999999975,-0.002489383511494911,-24.89383511494911,0.30999999999997385,-1.096774193548399
2006-10-23,1,586,959,136.63,137.67000000000002,136.62,137.68,eod,1.0400000000000205,0.007612355438442545,76.12355438442545,0.2400000000000091,4.333333333333254
2006-10-24,1,586,959,137.57999999999998,137.76000000000002,137.57,137.77,eod,0.18000000000003524,0.0013084248019192793,13.084248019192794,0.3599999999999852,0.5000000000001185
2006-10-25,1,592,750,137.90999999999997,137.68,137.89999999999998,137.70000000000002,stop,-0.22999999999996135,-0.0016678752719359055,-16.678752719359053,0.1999999999999602,-1.1500000000000354
2006-10-26,-1,592,829,138.52,138.76,138.53,138.73999999999998,stop,-0.23999999999998067,-0.0017324767198439377,-17.324767198439375,0.20999999999997954,-1.1428571428571621
2006-10-27,-1,586,674,138.22000000000003,138.66,138.23000000000002,138.64,stop,-0.4399999999999693,-0.003183100629385584,-31.83100629385584,0.40999999999996817,-1.0731707317073256
2006-10-30,1,585,595,137.85,137.56,137.84,137.58,stop,-0.28999999999999204,-0.0021038885664538018,-21.038885664538018,0.2599999999999909,-1.1153846153846239
2006-10-31,-1,588,959,137.98000000000002,137.79,137.99,137.78,eod,0.19000000000002615,0.001376911370389348,13.769113703893481,0.2799999999999727,0.678571428571588
2006-11-01,1,586,590,138.29,138.13,138.28,138.15,stop,-0.1599999999999966,-0.001157072606306021,-11.570726063060212,0.12999999999999545,-1.2307692307692475
2006-11-02,-1,586,603,136.44000000000003,136.7,136.45000000000002,136.67999999999998,stop,-0.2599999999999625,-0.0019054598754119638,-19.054598754119638,0.22999999999996135,-1.1304347826087224
2006-11-03,-1,587,959,137.14000000000001,136.62,137.15,136.61,eod,0.5200000000000102,0.0037914691943128705,37.9146919431287,0.24999999999997158,2.080000000000277
2006-11-06,-1,587,592,136.94000000000003,137.13,136.95000000000002,137.10999999999999,stop,-0.1899999999999693,-0.001387367652427669,-13.87367652427669,0.15999999999996817,-1.1875000000000444
2006-11-07,1,599,959,138.33999999999997,138.43,138.32999999999998,138.44,eod,0.09000000000003183,0.0006506180871830539,6.506180871830539,0.339999999999975,0.26470588235305426
2006-11-08,1,585,959,138.17999999999998,138.73000000000002,138.17,138.74,eod,0.5500000000000398,0.003980603604255915,39.80603604255916,0.38999999999998636,1.4102564102565616
2006-11-09,1,587,602,139.07,138.77,139.06,138.79000000000002,stop,-0.29999999999998295,-0.0021573421544655758,-21.57342154465576,0.2699999999999818,-1.1111111111111227
2006-11-10,-1,595,601,138.01000000000002,138.31,138.02,138.29,stop,-0.29999999999998295,-0.0021735980292709963,-21.735980292709964,0.2699999999999818,-1.1111111111111227
2006-11-13,1,593,959,138.46999999999997,138.67000000000002,138.45999999999998,138.68,eod,0.20000000000004547,0.0014444604940058176,14.444604940058177,0.39999999999997726,0.5000000000001421
2006-11-14,-1,587,882,138.77,139.12,138.78,139.1,stop,-0.3499999999999943,-0.0025219772301483955,-25.219772301483953,0.3199999999999932,-1.0937500000000056
2006-11-15,1,597,959,139.90999999999997,139.96,139.89999999999998,139.97,eod,0.05000000000003979,0.00035739814152994855,3.5739814152994853,0.37999999999996703,0.13157894736853717
2006-11-16,-1,585,635,140.25000000000003,140.5,140.26000000000002,140.48,stop,-0.24999999999997158,-0.0017824041066588588,-17.824041066588588,0.21999999999997044,-1.1363636363636598
2006-11-17,1,592,959,139.98,140.37,139.97,140.38,eod,0.3900000000000148,0.0027863113524327697,27.863113524327698,0.23999999999998067,1.6250000000001925
2006-11-20,-1,586,599,140.09000000000003,140.4,140.10000000000002,140.38,stop,-0.30999999999997385,-0.002212705210563696,-22.12705210563696,0.2799999999999727,-1.1071428571428716
2006-11-21,-1,589,621,140.39000000000001,140.64000000000001,140.4,140.62,stop,-0.25,-0.0017806267806267807,-17.806267806267808,0.21999999999999886,-1.1363636363636422
2006-11-22,-1,607,959,140.63000000000002,140.92999999999998,140.64000000000001,140.92,eod,-0.2999999999999545,-0.002133105802047458,-21.331058020474583,0.5299999999999727,-0.566037735849
2006-11-24,1,592,795,140.39,140.34,140.38,140.35,eod,-0.04999999999998295,-0.0003561760934604855,-3.561760934604855,0.18999999999999773,-0.2631578947367555
2006-11-27,-1,589,959,140.14000000000001,138.51,140.15,138.5,eod,1.6300000000000239,0.011630396004281297,116.30396004281297,0.20999999999997954,7.761904761905632
2006-11-28,1,601,959,138.46999999999997,139.01000000000002,138.45999999999998,139.02,eod,0.5400000000000489,0.0039000433338151736,39.00043333815174,0.3599999999999568,1.5000000000003157
2006-11-29,1,585,959,139.67,140.35000000000002,139.66,140.36,eod,0.6800000000000352,0.004868967492481994,48.68967492481994,0.25,2.720000000000141
2006-11-30,-1,585,595,140.25000000000003,140.62,140.26000000000002,140.6,stop,-0.3699999999999761,-0.0026379580778552406,-26.379580778552405,0.339999999999975,-1.088235294117657
2006-12-01,-1,596,959,140.44000000000003,140.07,140.45000000000002,140.06,eod,0.37000000000003297,0.0026343894624423847,26.343894624423847,0.21999999999997044,1.6818181818185576
2006-12-04,1,593,959,140.64999999999998,141.32000000000002,140.64,141.33,eod,0.6700000000000443,0.0047639362912403616,47.63936291240361,0.4199999999999875,1.5952380952382483
2006-12-05,-1,588,600,141.27,141.63,141.28,141.60999999999999,stop,-0.3599999999999852,-0.0025481313703283213,-25.481313703283213,0.3299999999999841,-1.0909090909090988
2006-12-06,-1,601,621,141.56000000000003,141.91,141.57000000000002,141.89,stop,-0.3499999999999659,-0.0024722751995476856,-24.722751995476855,0.31999999999996476,-1.093750000000014
2006-12-07,1,585,603,142.21999999999997,141.93,142.20999999999998,141.95000000000002,stop,-0.2899999999999636,-0.002039237746993627,-20.392377469936267,0.2599999999999625,-1.1153846153846365
2006-12-08,-1,601,675,140.99,141.58,141.0,141.56,stop,-0.5900000000000034,-0.004184397163120592,-41.84397163120592,0.5600000000000023,-1.0535714285714304
2006-12-11,1,596,959,141.6,141.73000000000002,141.59,141.74,eod,0.13000000000002387,0.0009181439367188635,9.181439367188634,0.2599999999999909,0.5000000000001094
2006-12-12,1,590,605,141.76,141.56,141.75,141.58,stop,-0.19999999999998863,-0.0014109347442679975,-14.109347442679974,0.1699999999999875,-1.1764705882353137
2006-12-13,-1,587,959,142.05,141.85,142.06,141.84,eod,0.20000000000001705,0.0014078558355625583,14.078558355625583,0.28000000000000114,0.7142857142857723
2006-12-14,1,586,959,142.14,142.97,142.13,142.98,eod,0.8300000000000125,0.005839724196158535,58.39724196158535,0.29999999999998295,2.7666666666668656
2006-12-15,-1,590,638,142.46,142.8,142.47,142.78,stop,-0.3400000000000034,-0.0023864673264547163,-23.864673264547164,0.3100000000000023,-1.0967741935483901
2006-12-18,1,585,662,142.61999999999998,142.44,142.60999999999999,142.46,stop,-0.1799999999999784,-0.001262183577589078,-12.62183577589078,0.14999999999997726,-1.200000000000038
2006-12-19,1,594,959,141.6,142.27,141.59,142.28,eod,0.6700000000000159,0.004731972596934924,47.31972596934924,0.4099999999999966,1.6341463414634672
2006-12-20,1,591,806,142.42999999999998,142.2,142.42,142.22,stop,-0.22999999999998977,-0.0016149417216682334,-16.149417216682334,0.19999999999998863,-1.1500000000000141
2006-12-21,1,585,618,142.39999999999998,142.14,142.39,142.16,stop,-0.2599999999999909,-0.0018259709249244394,-18.259709249244395,0.22999999999998977,-1.1304347826087064
2006-12-26,1,585,959,141.02999999999997,141.53,141.01999999999998,141.54,eod,0.5000000000000284,0.00354559636930952,35.4559636930952,0.24999999999997158,2.000000000000341
2006-12-27,1,590,959,142.29,142.58,142.28,142.59,eod,0.29000000000002046,0.0020382344672478245,20.382344672478244,0.45999999999997954,0.6304347826087682
2006-12-28,-1,587,856,142.3,142.53,142.31,142.51,stop,-0.22999999999998977,-0.0016161900077295325,-16.161900077295325,0.19999999999998863,-1.1500000000000141
2006-12-29,1,585,872,142.27999999999997,141.94,142.26999999999998,141.96,stop,-0.339999999999975,-0.0023898221691148872,-23.898221691148873,0.30999999999997385,-1.096774193548399
2007-01-03,1,614,843,142.46999999999997,141.9,142.45999999999998,141.92000000000002,stop,-0.5699999999999648,-0.004001123122279691,-40.011231222796916,0.5399999999999636,-1.0555555555555614
2007-01-04,-1,603,651,140.92000000000002,141.53,140.93,141.51,stop,-0.6099999999999852,-0.004328389980841447,-43.283899808414475,0.5799999999999841,-1.0517241379310378
2007-01-05,-1,585,959,140.99,140.76999999999998,141.0,140.76,eod,0.22000000000002728,0.0015602836879434559,15.602836879434559,0.39999999999997726,0.5500000000000995
2007-01-08,-1,597,681,140.50000000000003,140.92,140.51000000000002,140.89999999999998,stop,-0.4199999999999591,-0.002989111095295417,-29.89111095295417,0.38999999999995794,-1.0769230769230882
2007-01-09,-1,585,639,141.18,141.48,141.19,141.45999999999998,stop,-0.29999999999998295,-0.0021247963736807348,-21.247963736807346,0.2699999999999818,-1.1111111111111227
2007-01-10,1,601,959,140.73999999999998,141.39000000000001,140.73,141.4,eod,0.6500000000000341,0.004618773537980772,46.18773537980773,0.4399999999999693,1.4772727272729078
2007-01-11,1,585,959,141.85999999999999,142.26000000000002,141.85,142.27,eod,0.4000000000000341,0.002819880155093649,28.19880155093649,0.3599999999999852,1.1111111111112515
2007-01-12,1,586,959,142.40999999999997,142.95000000000002,142.39999999999998,142.96,eod,0.5400000000000489,0.003792134831461018,37.92134831461018,0.2999999999999545,1.8000000000004357
2007-01-16,1,586,605,143.23,142.94,143.22,142.96,stop,-0.28999999999999204,-0.0020248568635664855,-20.248568635664856,0.2599999999999909,-1.1153846153846239
2007-01-17,1,591,633,143.01999999999998,142.76,143.01,142.78,stop,-0.2599999999999909,-0.0018180546814907414,-18.180546814907412,0.22999999999998977,-1.1304347826087064
2007-01-18,1,594,600,143.23999999999998,142.95,143.23,142.97,stop,-0.28999999999999204,-0.0020247154925643516,-20.247154925643514,0.2599999999999909,-1.1153846153846239
2007-01-19,1,642,959,142.85999999999999,142.93,142.85,142.94,eod,0.0700000000000216,0.0004900245012252125,4.9002450122521255,0.39999999999997726,0.17500000000006394
2007-01-22,-1,593,959,142.77,142.20999999999998,142.78,142.2,eod,0.5600000000000307,0.003922117943689807,39.22117943689807,0.3299999999999841,1.6969696969698718
2007-01-23,1,597,959,142.43999999999997,142.74,142.42999999999998,142.75,eod,0.3000000000000398,0.0021062978305135143,21.062978305135143,0.3699999999999761,0.8108108108109706
2007-01-24,1,635,959,143.21999999999997,143.9,143.20999999999998,143.91,eod,0.6800000000000352,0.0047482717687314805,47.4827176873148,0.30999999999997385,2.193548387097073
2007-01-25,-1,585,959,143.74,142.35999999999999,143.75,142.35,eod,1.3800000000000239,0.009600000000000166,96.00000000000166,0.1799999999999784,7.6666666666677195
2007-01-26,-1,585,959,142.25000000000003,142.2,142.26000000000002,142.19,eod,0.05000000000003979,0.000351469141009699,3.51469141009699,0.39999999999997726,0.12500000000010658
2007-01-29,1,589,834,142.42,142.05,142.41,142.07000000000002,stop,-0.3699999999999761,-0.0025981321536407286,-25.981321536407286,0.339999999999975,-1.088235294117657
2007-01-30,-1,596,618,142.16000000000003,142.44,142.17000000000002,142.42,stop,-0.2799999999999727,-0.0019694731659279222,-19.694731659279224,0.24999999999997158,-1.120000000000018
2007-01-31,-1,591,624,142.48000000000002,142.7,142.49,142.67999999999998,stop,-0.21999999999997044,-0.0015439679977540207,-15.439679977540207,0.1899999999999693,-1.1578947368421368
2007-02-01,1,586,613,144.33999999999997,144.02,144.32999999999998,144.04000000000002,stop,-0.31999999999996476,-0.002217141273470275,-22.17141273470275,0.2899999999999636,-1.1034482758620858
2007-02-02,1,585,592,144.80999999999997,144.55,144.79999999999998,144.57000000000002,stop,-0.2599999999999625,-0.0017955801104969787,-17.955801104969787,0.22999999999996135,-1.1304347826087224
2007-02-05,1,585,597,144.74999999999997,144.48,144.73999999999998,144.5,stop,-0.2699999999999818,-0.0018654138455159724,-18.654138455159725,0.23999999999998067,-1.1250000000000149
2007-02-06,1,588,609,145.01,144.75,145.0,144.77,stop,-0.2599999999999909,-0.0017931034482757994,-17.931034482757994,0.22999999999998977,-1.1304347826087064
2007-02-07,-1,589,622,144.9,145.22,144.91,145.2,stop,-0.3199999999999932,-0.002208267200331193,-22.08267200331193,0.28999999999999204,-1.1034482758620758
2007-02-08,-1,585,787,144.54000000000002,144.87,144.55,144.85,stop,-0.3299999999999841,-0.002282947077135829,-22.82947077135829,0.29999999999998295,-1.1000000000000094
2007-02-09,-1,620,959,145.02,143.94,145.03,143.93,eod,1.0800000000000125,0.007446735158243208,74.46735158243207,0.3100000000000023,3.48387096774195
2007-02-12,-1,585,959,143.82000000000002,143.42999999999998,143.83,143.42,eod,0.3900000000000432,0.002711534450393125,27.11534450393125,0.21999999999997044,1.7727272727277072
2007-02-13,1,598,959,144.04,144.51000000000002,144.03,144.52,eod,0.4700000000000273,0.003263209053669564,32.63209053669564,0.28000000000000114,1.6785714285715192
2007-02-14,1,600,959,144.92999999999998,145.63,144.92,145.64,eod,0.700000000000017,0.004830251173061117,48.30251173061117,0.14999999999997726,4.666666666667488
2007-02-15,1,599,648,145.7,145.45,145.69,145.47,stop,-0.25,-0.0017159722698881187,-17.159722698881186,0.21999999999999886,-1.1363636363636422
2007-02-16,-1,588,923,145.37,145.64000000000001,145.38,145.62,stop,-0.27000000000001023,-0.0018572018159307348,-18.572018159307348,0.2400000000000091,-1.125
2007-02-20,-1,594,676,145.19000000000003,145.65,145.20000000000002,145.63,stop,-0.45999999999997954,-0.003168044077134845,-31.68044077134845,0.4299999999999784,-1.0697674418604712
2007-02-21,-1,594,601,145.49,145.77,145.5,145.75,stop,-0.28000000000000114,-0.0019243986254295611,-19.24398625429561,0.25,-1.1200000000000045
2007-02-22,1,588,617,146.23999999999998,146.01,146.23,146.03,stop,-0.22999999999998977,-0.0015728646652532982,-15.728646652532982,0.19999999999998863,-1.1500000000000141
2007-02-23,-1,586,959,145.47000000000003,145.37,145.48000000000002,145.36,eod,0.10000000000002274,0.0006873797085511598,6.873797085511598,0.31999999999996476,0.31250000000010547
2007-02-26,-1,591,959,145.77,145.2,145.78,145.19,eod,0.5700000000000216,0.003910001371930454,39.10001371930454,0.1799999999999784,3.1666666666671666
2007-02-27,-1,661,959,143.33,140.01,143.34,140.0,eod,3.3200000000000216,0.023161713408678817,231.61713408678816,0.589999999999975,5.627118644068072
2007-02-28,-1,586,628,140.08,141.11,140.09,141.09,stop,-1.0300000000000011,-0.007352416303804705,-73.52416303804705,1.0,-1.0300000000000011
2007-03-01,1,600,959,139.43999999999997,140.58,139.42999999999998,140.59,eod,1.1400000000000432,0.00817614573621203,81.7614573621203,1.2499999999999716,0.9120000000000553
2007-03-02,1,612,739,140.45999999999998,139.81,140.45,139.83,stop,-0.6499999999999773,-0.004627981488073886,-46.279814880738854,0.6199999999999761,-1.0483870967741973
2007-03-05,1,593,954,138.42,137.79,138.41,137.81,stop,-0.6299999999999955,-0.004551694241745506,-45.516942417455056,0.5999999999999943,-1.0500000000000023
2007-03-06,-1,609,754,138.72000000000003,139.28,138.73000000000002,139.26,stop,-0.5599999999999739,-0.004036617890866963,-40.36617890866963,0.5299999999999727,-1.0566037735849108
2007-03-07,1,586,664,139.95,139.55,139.94,139.57000000000002,stop,-0.39999999999997726,-0.002858367871944957,-28.58367871944957,0.3699999999999761,-1.0810810810810894
2007-03-08,1,616,874,140.83999999999997,140.45,140.82999999999998,140.47,stop,-0.38999999999998636,-0.002769296314705577,-27.692963147055767,0.3599999999999852,-1.08333333333334
2007-03-09,-1,591,959,141.11,140.63,141.12,140.62,eod,0.4800000000000182,0.0034013605442178158,34.01360544217816,0.30999999999997385,1.548387096774383
2007-03-12,1,585,589,140.63,140.35,140.62,140.37,stop,-0.28000000000000114,-0.001991181908690095,-19.911819086900948,0.25,-1.1200000000000045
2007-03-13,1,592,736,140.46999999999997,139.99,140.45999999999998,140.01000000000002,stop,-0.47999999999996135,-0.0034173430158049366,-34.173430158049364,0.4499999999999602,-1.066666666666675
2007-03-14,-1,590,639,138.36,138.9,138.37,138.88,stop,-0.539999999999992,-0.003902580039025743,-39.02580039025743,0.5099999999999909,-1.058823529411768
2007-03-15,1,598,959,139.40999999999997,139.56,139.39999999999998,139.57,eod,0.1500000000000341,0.0010760401721666723,10.760401721666723,0.6099999999999568,0.24590163934433562
2007-03-16,1,589,672,139.33999999999997,138.84,139.32999999999998,138.86,stop,-0.4999999999999716,-0.0035886025981480773,-35.88602598148077,0.46999999999997044,-1.063829787234049
2007-03-19,1,587,608,139.64,139.23,139.63,139.25,stop,-0.4099999999999966,-0.0029363317338680557,-29.363317338680556,0.37999999999999545,-1.0789473684210567
2007-03-20,1,585,959,140.23999999999998,140.92000000000002,140.23,140.93,eod,0.6800000000000352,0.004849176353134388,48.491763531343885,0.2799999999999727,2.428571428571791
2007-03-21,-1,596,820,140.91000000000003,141.29,140.92000000000002,141.26999999999998,stop,-0.37999999999996703,-0.0026965654271924994,-26.965654271924993,0.3499999999999659,-1.0857142857142974
2007-03-22,-1,586,732,143.27,143.59,143.28,143.57,stop,-0.3199999999999932,-0.0022333891680624872,-22.333891680624873,0.28999999999999204,-1.1034482758620758
2007-03-23,1,600,959,143.46999999999997,143.48000000000002,143.45999999999998,143.49,eod,0.010000000000047748,6.970584134983793e-05,0.6970584134983793,0.31999999999996476,0.031250000000152656
2007-03-26,-1,600,946,143.23000000000002,143.56,143.24,143.54,stop,-0.3299999999999841,-0.002303825746997934,-23.03825746997934,0.29999999999998295,-1.1000000000000094
2007-03-27,-1,599,959,142.82000000000002,142.72,142.83,142.71,eod,0.10000000000002274,0.0007001330252749613,7.001330252749613,0.339999999999975,0.294117647058912
2007-03-28,-1,630,739,142.00000000000003,142.36,142.01000000000002,142.34,stop,-0.3599999999999852,-0.002535032744172841,-25.35032744172841,0.3299999999999841,-1.0909090909090988
2007-03-29,-1,585,959,142.3,142.13,142.31,142.12,eod,0.17000000000001592,0.001194575223104602,11.94575223104602,0.3100000000000023,0.5483870967742409
2007-03-30,1,585,680,142.52999999999997,142.09,142.51999999999998,142.11,stop,-0.4399999999999693,-0.0030872859949478623,-30.872859949478624,0.40999999999996817,-1.0731707317073256
2007-04-02,-1,600,911,142.01000000000002,142.37,142.02,142.35,stop,-0.3599999999999852,-0.0025348542458807576,-25.348542458807575,0.3299999999999841,-1.0909090909090988
2007-04-03,1,588,959,143.07,143.65,143.06,143.66,eod,0.5800000000000125,0.004054242974975622,40.542429749756224,0.1599999999999966,3.6250000000001554
2007-04-04,-1,600,670,143.42000000000002,143.84,143.43,143.82,stop,-0.4199999999999875,-0.00292825768667634,-29.2825768667634,0.38999999999998636,-1.0769230769230824
2007-04-05,1,585,959,143.71999999999997,144.27,143.70999999999998,144.28,eod,0.5500000000000398,0.003827151903138542,38.27151903138542,0.1099999999999568,5.000000000002325
2007-04-10,1,599,959,144.71999999999997,144.79000000000002,144.70999999999998,144.8,eod,0.07000000000005002,0.00048372607283567155,4.837260728356715,0.4499999999999602,0.15555555555568046
2007-04-11,-1,588,959,144.4,143.84,144.41,143.83,eod,0.5600000000000023,0.0038778477944740827,38.77847794474083,0.46000000000000796,1.21739130434781
2007-04-12,-1,585,626,143.44000000000003,143.92,143.45000000000002,143.89999999999998,stop,-0.47999999999996135,-0.003346113628441696,-33.46113628441696,0.4499999999999602,-1.066666666666675
2007-04-13,-1,600,713,144.65,145.02,144.66,145.0,stop,-0.37000000000000455,-0.0025577215539886945,-25.577215539886947,0.3400000000000034,-1.0882352941176494
2007-04-16,1,590,959,146.35999999999999,146.77,146.35,146.78,eod,0.410000000000025,0.002801503245644175,28.01503245644175,0.539999999999992,0.7592592592593168
2007-04-17,-1,585,610,146.70000000000002,147.09,146.71,147.07,stop,-0.38999999999998636,-0.002658305500647443,-26.583055006474428,0.3599999999999852,-1.08333333333334
2007-04-18,1,593,959,146.89,147.14000000000001,146.88,147.15,eod,0.2500000000000284,0.0017020697167757926,17.020697167757927,0.3199999999999932,0.7812500000001055
2007-04-19,1,588,959,146.64999999999998,147.02,146.64,147.03,eod,0.37000000000003297,0.0025231860338245566,25.231860338245568,0.2899999999999636,1.275862068965791
2007-04-20,-1,602,959,148.08,148.5,148.09,148.48,stop,-0.4199999999999875,-0.0028361131744208757,-28.361131744208755,0.38999999999998636,-1.0769230769230824
2007-04-23,1,589,822,148.61999999999998,148.18,148.60999999999999,148.20000000000002,stop,-0.4399999999999693,-0.0029607698001478324,-29.607698001478322,0.40999999999996817,-1.0731707317073256
2007-04-24,-1,586,851,148.03000000000003,148.32,148.04000000000002,148.29999999999998,stop,-0.2899999999999636,-0.001958930018913561,-19.58930018913561,0.2599999999999625,-1.1153846153846365
2007-04-25,-1,585,799,148.62,149.0,148.63,148.98,stop,-0.37999999999999545,-0.0025566843840408764,-25.566843840408765,0.3499999999999943,-1.0857142857142903
2007-04-26,-1,586,882,149.41000000000003,149.7,149.42000000000002,149.67999999999998,stop,-0.2899999999999636,-0.0019408379065718351,-19.40837906571835,0.2599999999999625,-1.1153846153846365
2007-04-27,-1,588,600,148.94000000000003,149.26,148.95000000000002,149.23999999999998,stop,-0.31999999999996476,-0.0021483719368913376,-21.483719368913377,0.2899999999999636,-1.1034482758620858
2007-04-30,1,639,879,149.68999999999997,149.10999999999999,149.67999999999998,149.13,stop,-0.5799999999999841,-0.0038749331908069493,-38.74933190806949,0.549999999999983,-1.0545454545454582
2007-05-01,-1,591,600,148.32000000000002,148.71,148.33,148.69,stop,-0.38999999999998636,-0.0026292725679227824,-26.292725679227825,0.3599999999999852,-1.08333333333334
2007-05-02,1,585,959,149.08999999999997,149.62,149.07999999999998,149.63,eod,0.5300000000000296,0.003555138180842699,35.55138180842699,0.339999999999975,1.5588235294119663
2007-05-03,-1,588,600,149.75000000000003,150.08,149.76000000000002,150.06,stop,-0.3299999999999841,-0.0022035256410255343,-22.035256410255343,0.29999999999998295,-1.1000000000000094
2007-05-08,-1,587,769,150.4,150.65,150.41,150.63,stop,-0.25,-0.0016621235290206768,-16.62123529020677,0.21999999999999886,-1.1363636363636422
2007-05-09,1,587,857,150.74999999999997,150.48,150.73999999999998,150.5,stop,-0.2699999999999818,-0.0017911635929413682,-17.91163592941368,0.23999999999998067,-1.1250000000000149
2007-05-10,1,616,675,150.88,150.52,150.87,150.54000000000002,stop,-0.3599999999999852,-0.002386160270431399,-23.86160270431399,0.3299999999999841,-1.0909090909090988
2007-05-11,1,587,606,149.95999999999998,149.71,149.95,149.73000000000002,stop,-0.24999999999997158,-0.0016672224074689669,-16.67222407468967,0.21999999999997044,-1.1363636363636598
2007-05-14,-1,619,959,150.81000000000003,150.56,150.82000000000002,150.55,eod,0.2500000000000284,0.0016576050921630313,16.576050921630312,0.4899999999999807,0.5102040816327312
2007-05-15,-1,586,603,150.63000000000002,151.01,150.64000000000001,150.98999999999998,stop,-0.37999999999996703,-0.0025225703664363184,-25.225703664363184,0.3499999999999659,-1.0857142857142974
2007-05-16,1,613,636,151.11999999999998,150.73,151.10999999999999,150.75,stop,-0.38999999999998636,-0.002580901330156749,-25.809013301567493,0.3599999999999852,-1.08333333333334
2007-05-17,-1,592,606,151.18,151.5,151.19,151.48,stop,-0.3199999999999932,-0.0021165420993451496,-21.165420993451498,0.28999999999999204,-1.1034482758620758
2007-05-18,-1,587,600,151.82000000000002,152.1,151.83,152.07999999999998,stop,-0.2799999999999727,-0.001844167819271374,-18.441678192713738,0.24999999999997158,-1.120000000000018
2007-05-21,1,585,959,152.70999999999998,152.70000000000002,152.7,152.71,eod,-0.009999999999962483,-6.548788474107717e-05,-0.6548788474107717,0.20999999999997954,-0.04761904761887361
2007-05-22,-1,588,604,152.57000000000002,152.83,152.58,152.81,stop,-0.2599999999999909,-0.001704024118495156,-17.040241184951558,0.22999999999998977,-1.1304347826087064
2007-05-23,-1,585,590,152.8,153.11,152.81,153.09,stop,-0.3100000000000023,-0.0020286630456122132,-20.286630456122133,0.28000000000000114,-1.1071428571428608
2007-05-24,1,590,645,152.57999999999998,152.25,152.57,152.27,stop,-0.3299999999999841,-0.0021629416005766802,-21.629416005766803,0.29999999999998295,-1.1000000000000094
2007-05-25,1,591,600,151.60999999999999,151.32,151.6,151.34,stop,-0.28999999999999204,-0.0019129287598944067,-19.129287598944067,0.2599999999999909,-1.1153846153846239
2007-05-29,1,589,735,152.23,151.85999999999999,152.22,151.88,stop,-0.37000000000000455,-0.0024306924188674584,-24.306924188674586,0.3400000000000034,-1.0882352941176494
2007-05-30,1,593,959,151.67999999999998,153.36,151.67,153.37,eod,1.6800000000000352,0.011076679633414884,110.76679633414884,0.339999999999975,4.941176470588703
2007-05-31,1,601,611,153.89,153.55,153.88,153.57000000000002,stop,-0.339999999999975,-0.002209513906940311,-22.095139069403107,0.30999999999997385,-1.096774193548399
2007-06-01,1,600,652,154.20999999999998,153.82,154.2,153.84,stop,-0.38999999999998636,-0.0025291828793773436,-25.291828793773437,0.3599999999999852,-1.08333333333334
2007-06-04,1,585,959,153.79,154.23000000000002,153.78,154.24,eod,0.44000000000002615,0.002861230329041658,28.612303290416577,0.3100000000000023,1.4193548387097514
2007-06-05,-1,596,600,153.50000000000003,153.87,153.51000000000002,153.85,stop,-0.3699999999999761,-0.002410266432154101,-24.10266432154101,0.339999999999975,-1.088235294117657
2007-06-06,-1,586,959,152.67000000000002,152.10999999999999,152.68,152.1,eod,0.5600000000000307,0.003667801938695511,36.678019386955114,0.2799999999999727,2.0000000000003046
2007-06-07,1,585,638,151.89,151.43,151.88,151.45000000000002,stop,-0.45999999999997954,-0.00302870687384764,-30.2870687384764,0.4299999999999784,-1.0697674418604712
2007-06-08,1,590,959,149.71999999999997,151.04000000000002,149.70999999999998,151.05,eod,1.32000000000005,0.008817046289493355,88.17046289493355,0.629999999999967,2.095238095238284
2007-06-11,1,585,633,151.17,150.69,151.16,150.71,stop,-0.47999999999998977,-0.003175443238952036,-31.75443238952036,0.44999999999998863,-1.0666666666666709
2007-06-12,1,585,604,150.93999999999997,150.53,150.92999999999998,150.55,stop,-0.40999999999996817,-0.002716491088583901,-27.164910885839014,0.37999999999996703,-1.0789473684210624
2007-06-13,-1,585,619,150.28000000000003,150.65,150.29000000000002,150.63,stop,-0.3699999999999761,-0.002461906979838819,-24.61906979838819,0.339999999999975,-1.088235294117657
2007-06-14,1,587,959,152.51,152.70000000000002,152.5,152.71,eod,0.19000000000002615,0.0012459016393444337,12.459016393444337,0.47999999999998977,0.39583333333339626
2007-06-15,1,631,959,153.45999999999998,153.04000000000002,153.45,153.05,eod,-0.4199999999999591,-0.002737047898337954,-27.37047898337954,1.1499999999999773,-0.36521739130431946
2007-06-18,-1,586,959,153.11,152.91,153.12,152.9,eod,0.20000000000001705,0.0013061650992686588,13.061650992686587,0.2799999999999727,0.7142857142858448
2007-06-19,-1,587,623,152.53000000000003,152.75,152.54000000000002,152.73,stop,-0.21999999999997044,-0.0014422446571389171,-14.422446571389171,0.1899999999999693,-1.1578947368421368
2007-06-20,-1,585,606,153.31000000000003,153.61,153.32000000000002,153.59,stop,-0.29999999999998295,-0.001956691886250867,-19.56691886250867,0.2699999999999818,-1.1111111111111227
2007-06-21,-1,585,620,150.74,151.3,150.75,151.28,stop,-0.5600000000000023,-0.003714759535655073,-37.14759535655073,0.5300000000000011,-1.0566037735849076
2007-06-22,-1,586,959,151.25000000000003,150.25,151.26000000000002,150.24,eod,1.0000000000000284,0.006611133148221792,66.11133148221792,0.5199999999999818,1.923076923077045
2007-06-25,1,598,874,150.45,149.52,150.44,149.54000000000002,stop,-0.9299999999999784,-0.006181866524860266,-61.818665248602656,0.8999999999999773,-1.0333333333333354
2007-06-26,-1,591,601,149.96,150.33,149.97,150.31,stop,-0.37000000000000455,-0.0024671600986864344,-24.671600986864345,0.3400000000000034,-1.0882352941176494
2007-06-27,1,591,959,148.58999999999997,150.54000000000002,148.57999999999998,150.55,eod,1.9500000000000455,0.013124242832144606,131.24242832144606,0.5299999999999727,3.679245283019143
2007-06-28,1,591,833,150.58999999999997,150.28,150.57999999999998,150.3,stop,-0.30999999999997385,-0.0020587063355025493,-20.587063355025492,0.2799999999999727,-1.1071428571428716
2007-06-29,1,587,733,151.14,150.75,151.13,150.77,stop,-0.38999999999998636,-0.002580559782968215,-25.80559782968215,0.3599999999999852,-1.08333333333334
2007-07-02,1,597,659,151.14,150.74,151.13,150.76000000000002,stop,-0.39999999999997726,-0.002646727982531445,-26.46727982531445,0.3699999999999761,-1.0810810810810894
2007-07-05,1,587,650,152.48,152.08,152.47,152.10000000000002,stop,-0.39999999999997726,-0.0026234669115234293,-26.234669115234293,0.3699999999999761,-1.0810810810810894
2007-07-06,-1,585,618,152.08,152.47,152.09,152.45,stop,-0.38999999999998636,-0.002564271155236941,-25.64271155236941,0.3599999999999852,-1.08333333333334
2007-07-09,-1,596,633,153.06000000000003,153.36,153.07000000000002,153.34,stop,-0.29999999999998295,-0.0019598876331089234,-19.598876331089233,0.2699999999999818,-1.1111111111111227
2007-07-10,1,613,825,152.35,151.78,152.34,151.8,stop,-0.5699999999999932,-0.003741630563213819,-37.41630563213819,0.539999999999992,-1.0555555555555585
2007-07-11,1,588,593,151.2,150.71,151.19,150.73000000000002,stop,-0.4899999999999807,-0.003240955089622202,-32.409550896222015,0.45999999999997954,-1.0652173913043532
2007-07-12,1,586,959,152.86999999999998,154.72,152.85999999999999,154.73,eod,1.8500000000000227,0.012102577521915629,121.02577521915629,0.5299999999999727,3.4905660377360714
2007-07-13,1,585,959,154.71999999999997,155.11,154.70999999999998,155.12,eod,0.3900000000000432,0.002520845452782905,25.20845452782905,0.3299999999999841,1.1818181818183697
2007-07-16,1,585,816,155.2,154.81,155.19,154.83,stop,-0.38999999999998636,-0.002513048521167513,-25.130485211675133,0.3599999999999852,-1.08333333333334
2007-07-17,1,591,739,155.45999999999998,154.91,155.45,154.93,stop,-0.549999999999983,-0.0035381151495656672,-35.381151495656674,0.5199999999999818,-1.057692307692312
2007-07-18,1,587,611,154.52999999999997,154.05,154.51999999999998,154.07000000000002,stop,-0.47999999999996135,-0.0031063939943046944,-31.063939943046943,0.4499999999999602,-1.066666666666675
2007-07-19,-1,620,959,155.12,155.22,155.13,155.21,eod,-0.09999999999999432,-0.0006446206407528803,-6.446206407528803,0.4099999999999966,-0.24390243902437841
2007-07-20,-1,620,959,153.96,153.34,153.97,153.33,eod,0.6200000000000045,0.00402675845944018,40.267584594401804,1.0300000000000011,0.6019417475728193
2007-07-23,-1,585,659,154.02,154.45,154.03,154.42999999999998,stop,-0.4299999999999784,-0.0027916639615657886,-27.916639615657886,0.39999999999997726,-1.075000000000007
2007-07-24,1,596,608,153.17999999999998,152.64,153.17,152.66,stop,-0.539999999999992,-0.0035254945485407854,-35.25494548540785,0.5099999999999909,-1.058823529411768
2007-07-25,1,592,605,152.29,151.96,152.28,151.98000000000002,stop,-0.3299999999999841,-0.002167060677698871,-21.670606776988713,0.29999999999998295,-1.1000000000000094
2007-07-26,1,592,959,150.45,148.54000000000002,150.44,148.55,eod,-1.9099999999999682,-0.012696091465035683,-126.96091465035683,9.72999999999999,-0.19630010277491985
2007-07-27,1,597,653,148.45999999999998,147.14,148.45,147.16,stop,-1.3199999999999932,-0.008891882788817739,-88.91882788817739,1.289999999999992,-1.0232558139534893
2007-07-30,1,610,816,146.35,145.3,146.34,145.32000000000002,stop,-1.049999999999983,-0.007175071750717391,-71.7507175071739,1.0199999999999818,-1.029411764705884
2007-07-31,-1,585,613,147.76000000000002,149.35,147.77,149.32999999999998,stop,-1.589999999999975,-0.010759964810177809,-107.59964810177809,1.5599999999999739,-1.0192307692307703
2007-08-01,-1,586,955,145.10000000000002,146.51,145.11,146.48999999999998,stop,-1.4099999999999682,-0.009716766590861884,-97.16766590861884,1.379999999999967,-1.021739130434784
2007-08-02,-1,607,634,146.70000000000002,147.45,146.71,147.42999999999998,stop,-0.7499999999999716,-0.005112125962783529,-51.121259627835286,0.7199999999999704,-1.0416666666666698
2007-08-03,-1,589,959,146.98000000000002,143.35,146.99,143.34,eod,3.630000000000024,0.024695557520919953,246.95557520919954,0.5999999999999943,6.0500000000000975
2007-08-06,-1,585,710,143.73000000000002,144.47,143.74,144.45,stop,-0.7399999999999807,-0.005148184221510927,-51.48184221510927,0.7099999999999795,-1.0422535211267634
2007-08-07,1,585,959,146.04,147.66,146.03,147.67,eod,1.6200000000000045,0.01109361090186951,110.9361090186951,0.8100000000000023,2.0
2007-08-08,1,592,924,149.01,148.32,149.0,148.34,stop,-0.6899999999999977,-0.004630872483221461,-46.308724832214615,0.6599999999999966,-1.0454545454545474
2007-08-09,1,592,798,147.86999999999998,146.72,147.85999999999999,146.74,stop,-1.1499999999999773,-0.007777627485459065,-77.77627485459065,1.1199999999999761,-1.026785714285716
2007-08-10,1,593,635,144.35999999999999,143.27,144.35,143.29000000000002,stop,-1.089999999999975,-0.0075510910980254595,-75.5109109802546,1.0599999999999739,-1.0283018867924547
2007-08-13,-1,591,691,146.38000000000002,146.8,146.39000000000001,146.78,stop,-0.4199999999999875,-0.0028690484322698782,-28.690484322698783,0.38999999999998636,-1.0769230769230824
2007-08-14,-1,589,598,145.20000000000002,145.87,145.21,145.85,stop,-0.6699999999999875,-0.004614007299772656,-46.14007299772656,0.6399999999999864,-1.0468750000000029
2007-08-15,1,587,911,142.82999999999998,142.1,142.82,142.12,stop,-0.7299999999999898,-0.005111328945525765,-51.11328945525765,0.6999999999999886,-1.0428571428571451
2007-08-16,1,586,602,140.57,139.47,140.56,139.49,stop,-1.0999999999999943,-0.00782583949914623,-78.25839499146231,1.0699999999999932,-1.0280373831775713
2007-08-20,-1,585,924,144.59000000000003,145.39000000000001,144.60000000000002,145.37,stop,-0.799999999999983,-0.005532503457814543,-55.32503457814543,0.7699999999999818,-1.0389610389610413
2007-08-21,1,585,959,144.89999999999998,144.92000000000002,144.89,144.93,eod,0.020000000000038654,0.00013803575125984302,1.3803575125984302,0.7599999999999909,0.026315789473735387
2007-08-22,-1,663,932,145.99,146.63,146.0,146.60999999999999,stop,-0.6399999999999864,-0.004383561643835523,-43.83561643835523,0.6099999999999852,-1.0491803278688556
2007-08-23,-1,585,959,147.03000000000003,146.57999999999998,147.04000000000002,146.57,eod,0.4500000000000455,0.003060391730141767,30.60391730141767,0.6199999999999761,0.7258064516130045
2007-08-24,1,587,959,146.7,148.15,146.69,148.16,eod,1.450000000000017,0.009884791055968485,98.84791055968485,1.299999999999983,1.1153846153846432
2007-08-27,-1,585,784,147.61,147.96,147.62,147.94,stop,-0.3499999999999943,-0.002370952445468055,-23.70952445468055,0.3199999999999932,-1.0937500000000056
2007-08-28,-1,585,959,145.84000000000003,143.67,145.85000000000002,143.66,eod,2.1700000000000443,0.014878299622900541,148.78299622900542,0.40999999999996817,5.292682926829787
2007-08-29,-1,586,661,144.35000000000002,144.82,144.36,144.79999999999998,stop,-0.46999999999997044,-0.003255749515100931,-32.55749515100931,0.4399999999999693,-1.0681818181818254
2007-08-30,1,587,959,145.89999999999998,146.13,145.89,146.14,eod,0.2300000000000182,0.001576530262526686,15.765302625266859,0.589999999999975,0.38983050847462364
2007-08-31,-1,585,591,147.45000000000002,147.83,147.46,147.81,stop,-0.37999999999999545,-0.0025769700257696694,-25.769700257696694,0.3499999999999943,-1.0857142857142903
2007-09-04,1,585,959,147.92999999999998,149.22,147.92,149.23,eod,1.2900000000000205,0.008720930232558278,87.20930232558278,0.5299999999999727,2.4339622641511074
2007-09-05,-1,600,959,147.9,147.57,147.91,147.56,eod,0.3300000000000125,0.0022310864715030256,22.310864715030256,0.46000000000000796,0.7173913043478408
2007-09-06,-1,586,691,147.83,148.27,147.84,148.25,stop,-0.4399999999999977,-0.002976190476190461,-29.76190476190461,0.4099999999999966,-1.0731707317073205
2007-09-07,1,596,633,146.7,146.13,146.69,146.15,stop,-0.5699999999999932,-0.003885745449587519,-38.85745449587519,0.539999999999992,-1.0555555555555585
2007-09-10,-1,586,887,146.19000000000003,146.75,146.20000000000002,146.73,stop,-0.5599999999999739,-0.0038303693570449645,-38.303693570449646,0.5299999999999727,-1.0566037735849108
2007-09-11,1,585,959,146.58999999999997,147.63,146.57999999999998,147.64,eod,1.0400000000000205,0.007095101650975717,70.95101650975717,0.45999999999997954,2.2608695652175363
2007-09-12,1,585,959,147.39,147.63,147.38,147.64,eod,0.2400000000000091,0.0016284434794409629,16.284434794409627,0.4099999999999966,0.5853658536585636
2007-09-13,-1,585,622,148.34000000000003,148.72,148.35000000000002,148.7,stop,-0.37999999999996703,-0.0025615099427028446,-25.615099427028447,0.3499999999999659,-1.0857142857142974
2007-09-14,1,585,959,148.07999999999998,148.91,148.07,148.92,eod,0.8300000000000125,0.005605456878503496,56.05456878503496,0.339999999999975,2.4411764705884518
2007-09-17,1,606,631,148.55999999999997,148.2,148.54999999999998,148.22,stop,-0.3599999999999852,-0.002423426455738709,-24.234264557387093,0.3299999999999841,-1.0909090909090988
2007-09-18,-1,586,631,148.63000000000002,148.98,148.64000000000001,148.95999999999998,stop,-0.3499999999999659,-0.002354682454251654,-23.54682454251654,0.31999999999996476,-1.093750000000014
2007-09-19,1,585,620,153.70999999999998,153.38,153.7,153.4,stop,-0.3299999999999841,-0.0021470396877032146,-21.470396877032147,0.29999999999998295,-1.1000000000000094
2007-09-20,-1,585,608,152.76000000000002,153.39000000000001,152.77,153.37,stop,-0.6299999999999955,-0.004123846304902765,-41.23846304902765,0.5999999999999943,-1.0500000000000023
2007-09-24,-1,585,626,152.14000000000001,152.52,152.15,152.5,stop,-0.37999999999999545,-0.002497535326979924,-24.97535326979924,0.3499999999999943,-1.0857142857142903
2007-09-25,-1,585,592,150.58,150.9,150.59,150.88,stop,-0.3199999999999932,-0.0021249750979480254,-21.249750979480254,0.28999999999999204,-1.1034482758620758
2007-09-26,1,666,959,152.42999999999998,152.36,152.42,152.37,eod,-0.06999999999996476,-0.00045925731531271986,-4.592573153127199,1.039999999999992,-0.06730769230765893
2007-09-27,-1,587,919,152.70000000000002,153.01,152.71,152.98999999999998,stop,-0.30999999999997385,-0.002029991487132302,-20.299914871323022,0.2799999999999727,-1.1071428571428716
2007-09-28,1,585,616,153.07,152.76,153.06,152.78,stop,-0.3100000000000023,-0.0020253495361296373,-20.253495361296373,0.28000000000000114,-1.1071428571428608
2007-10-01,1,585,959,153.11999999999998,154.51000000000002,153.10999999999999,154.52,eod,1.3900000000000432,0.009078440337012888,90.78440337012889,0.6199999999999761,2.241935483871124
2007-10-02,-1,585,959,154.44000000000003,154.44,154.45000000000002,154.43,eod,2.842170943040401e-14,1.8401883736098416e-16,1.8401883736098417e-12,0.20999999999997954,1.353414734781275e-13
2007-10-03,-1,588,615,153.63000000000002,153.98,153.64000000000001,153.95999999999998,stop,-0.3499999999999659,-0.0022780525904710094,-22.780525904710093,0.31999999999996476,-1.093750000000014
2007-10-04,-1,585,653,153.84000000000003,154.19,153.85000000000002,154.17,stop,-0.3499999999999659,-0.0022749431264216173,-22.749431264216174,0.31999999999996476,-1.093750000000014
2007-10-05,-1,585,661,154.82000000000002,155.17,154.83,155.14999999999998,stop,-0.3499999999999659,-0.002260543822256448,-22.60543822256448,0.31999999999996476,-1.093750000000014
2007-10-08,-1,593,606,155.17000000000002,155.46,155.18,155.44,stop,-0.28999999999999204,-0.0018687975254542597,-18.687975254542597,0.2599999999999909,-1.1153846153846239
2007-10-09,1,586,597,155.70999999999998,155.45,155.7,155.47,stop,-0.2599999999999909,-0.0016698779704559469,-16.69877970455947,0.22999999999998977,-1.1304347826087064
2007-10-10,-1,594,695,155.87,156.15,155.88,156.13,stop,-0.28000000000000114,-0.0017962535283551524,-17.962535283551524,0.25,-1.1200000000000045
2007-10-11,-1,586,630,156.9,157.16,156.91,157.14,stop,-0.2599999999999909,-0.0016570008285003563,-16.570008285003563,0.22999999999998977,-1.1304347826087064
2007-10-12,1,605,959,155.67999999999998,156.04000000000002,155.67,156.05,eod,0.36000000000004206,0.002312584312970014,23.12584312970014,0.40999999999996817,0.8780487804879756
2007-10-15,-1,585,959,156.02,154.84,156.03,154.83,eod,1.1800000000000068,0.007562648208677862,75.62648208677862,0.3400000000000034,3.470588235294103
2007-10-16,-1,588,959,153.98000000000002,153.76999999999998,153.99,153.76,eod,0.21000000000003638,0.001363724917202652,13.63724917202652,2.4999999999999716,0.0840000000000155
2007-10-17,-1,585,959,154.75000000000003,154.04,154.76000000000002,154.03,eod,0.7100000000000364,0.0045877487722928165,45.877487722928166,0.339999999999975,2.088235294117908
2007-10-18,-1,590,620,153.38000000000002,153.71,153.39000000000001,153.69,stop,-0.3299999999999841,-0.0021513788382553235,-21.513788382553233,0.29999999999998295,-1.1000000000000094
2007-10-19,-1,603,959,152.59000000000003,149.98,152.60000000000002,149.97,eod,2.610000000000042,0.017103538663171963,171.03538663171963,3.889999999999958,0.6709511568123574
2007-10-22,1,592,959,149.60999999999999,150.58,149.6,150.59,eod,0.9700000000000273,0.006483957219251519,64.83957219251519,0.9499999999999886,1.0210526315789883
2007-10-23,-1,585,606,151.26000000000002,151.55,151.27,151.53,stop,-0.28999999999999204,-0.0019171018708269453,-19.171018708269454,0.2599999999999909,-1.1153846153846239
2007-10-24,-1,601,913,150.93,151.51,150.94,151.48999999999998,stop,-0.5799999999999841,-0.003842586458195204,-38.42586458195204,0.549999999999983,-1.0545454545454582
2007-10-25,-1,597,610,151.01000000000002,151.76,151.02,151.73999999999998,stop,-0.7499999999999716,-0.004966229638458294,-49.66229638458294,0.7199999999999704,-1.0416666666666698
2007-10-26,-1,585,605,152.65,153.26,152.66,153.23999999999998,stop,-0.6099999999999852,-0.003995807677191047,-39.95807677191047,0.5799999999999841,-1.0517241379310378
2007-10-29,1,586,617,154.23999999999998,153.77,154.23,153.79000000000002,stop,-0.46999999999997044,-0.003047396745120732,-30.47396745120732,0.4399999999999693,-1.0681818181818254
2007-10-30,1,591,600,153.7,153.39,153.69,153.41,stop,-0.3100000000000023,-0.0020170473030125726,-20.170473030125727,0.28000000000000114,-1.1071428571428608
2007-10-31,-1,591,640,153.56000000000003,154.02,153.57000000000002,154.0,stop,-0.45999999999997954,-0.002995376701178482,-29.953767011784823,0.4299999999999784,-1.0697674418604712
2007-11-01,-1,585,959,152.36,150.79,152.37,150.78,eod,1.5700000000000216,0.010303865590339446,103.03865590339446,1.049999999999983,1.49523809523814
2007-11-02,-1,588,959,150.66000000000003,151.13,150.67000000000002,151.12,eod,-0.46999999999997044,-0.003119400013273846,-31.19400013273846,0.8999999999999773,-0.5222222222222026
2007-11-05,1,596,830,150.05999999999997,149.33,150.04999999999998,149.35000000000002,stop,-0.7299999999999613,-0.004865044985004742,-48.650449850047416,0.6999999999999602,-1.042857142857147
2007-11-06,-1,585,601,150.81000000000003,151.17,150.82000000000002,151.14999999999998,stop,-0.3599999999999568,-0.0023869513327142073,-23.869513327142073,0.32999999999995566,-1.0909090909091066
2007-11-07,1,590,636,150.95999999999998,150.39,150.95,150.41,stop,-0.5699999999999932,-0.0037760847962901175,-37.760847962901174,0.539999999999992,-1.0555555555555585
2007-11-08,-1,585,959,147.54000000000002,147.54,147.55,147.53,eod,2.842170943040401e-14,1.9262425910134872e-16,1.926242591013487e-12,1.759999999999991,1.614869854000236e-14
2007-11-09,1,605,672,145.96999999999997,145.08,145.95999999999998,145.10000000000002,stop,-0.8899999999999579,-0.006097560975609468,-60.975609756094684,0.8599999999999568,-1.0348837209302357
2007-11-12,1,586,940,145.77999999999997,144.71,145.76999999999998,144.73000000000002,stop,-1.0699999999999648,-0.007340330657885469,-73.4033065788547,1.0399999999999636,-1.028846153846156
2007-11-13,1,614,959,146.04999999999998,148.19,146.04,148.2,eod,2.140000000000015,0.014653519583675808,146.53519583675808,0.8299999999999841,2.5783132530121153
2007-11-14,-1,589,959,148.93,147.10999999999999,148.94,147.1,eod,1.8200000000000216,0.012219685779508672,122.19685779508671,0.46999999999999886,3.87234042553197
2007-11-15,1,610,841,147.05999999999997,145.97,147.04999999999998,145.99,stop,-1.089999999999975,-0.0074124447466846315,-74.12444746684632,1.0599999999999739,-1.0283018867924547
2007-11-16,-1,585,737,145.84000000000003,146.46,145.85000000000002,146.44,stop,-0.6199999999999761,-0.004250942749399904,-42.50942749399904,0.589999999999975,-1.0508474576271227
2007-11-19,-1,631,915,144.54000000000002,145.39000000000001,144.55,145.37,stop,-0.8499999999999943,-0.00588031822898647,-58.8031822898647,0.8199999999999932,-1.0365853658536601
2007-11-20,1,587,761,144.35,143.58,144.34,143.60000000000002,stop,-0.7699999999999818,-0.005334626576139544,-53.34626576139544,0.7399999999999807,-1.0405405405405432
2007-11-21,1,593,607,143.15999999999997,142.53,143.14999999999998,142.55,stop,-0.629999999999967,-0.004400977995109794,-44.00977995109795,0.5999999999999659,-1.0500000000000047
2007-11-26,1,585,641,144.6,143.88,144.59,143.9,stop,-0.7199999999999989,-0.00497959748253682,-49.7959748253682,0.6899999999999977,-1.043478260869567
2007-11-27,-1,608,649,141.44000000000003,142.39000000000001,141.45000000000002,142.37,stop,-0.9499999999999886,-0.006716154118062838,-67.16154118062839,0.9199999999999875,-1.0326086956521756
2007-11-28,1,587,959,144.71999999999997,147.24,144.70999999999998,147.25,eod,2.5200000000000387,0.017414138622072,174.14138622072,0.5799999999999841,4.344827586207082
2007-11-29,1,585,605,147.15999999999997,146.42,147.14999999999998,146.44,stop,-0.7399999999999807,-0.005028882093102146,-50.28882093102146,0.7099999999999795,-1.0422535211267634
2007-11-30,-1,585,590,148.89000000000001,149.28,148.9,149.26,stop,-0.38999999999998636,-0.0026192075218266376,-26.192075218266375,0.3599999999999852,-1.08333333333334
2007-12-03,-1,604,750,147.56000000000003,148.35,147.57000000000002,148.32999999999998,stop,-0.7899999999999636,-0.005353391610760747,-53.533916107607475,0.7599999999999625,-1.0394736842105297
2007-12-04,1,598,959,146.77999999999997,146.55,146.76999999999998,146.56,eod,-0.22999999999996135,-0.0015670777406824377,-15.670777406824378,0.46999999999997044,-0.4893617021276081
2007-12-05,1,587,959,148.18999999999997,148.85000000000002,148.17999999999998,148.86,eod,0.6600000000000534,0.00445404238088847,44.540423808884704,0.3599999999999568,1.8333333333337019
2007-12-06,1,586,959,149.04,151.10000000000002,149.03,151.11,eod,2.0600000000000307,0.013822720257666447,138.22720257666447,0.46999999999999886,4.382978723404332
2007-12-07,1,585,593,151.48999999999998,151.01,151.48,151.03,stop,-0.47999999999998977,-0.0031687351465539333,-31.687351465539333,0.44999999999998863,-1.0666666666666709
2007-12-10,1,597,959,151.35999999999999,152.02,151.35,152.03,eod,0.660000000000025,0.004360753221011067,43.607532210110676,0.4999999999999716,1.320000000000125
2007-12-11,-1,628,803,151.95000000000002,152.33,151.96,152.31,stop,-0.37999999999999545,-0.0025006580679125786,-25.006580679125786,0.3499999999999943,-1.0857142857142903
2007-12-12,-1,586,959,150.8,149.17,150.81,149.16,eod,1.6300000000000239,0.010808301836748385,108.08301836748385,0.9499999999999886,1.7157894736842563
2007-12-13,-1,587,932,148.13000000000002,149.03,148.14000000000001,149.01,stop,-0.8999999999999773,-0.0060753341433777315,-60.753341433777315,0.8699999999999761,-1.034482758620692
2007-12-14,1,585,890,148.27999999999997,147.87,148.26999999999998,147.89000000000001,stop,-0.40999999999996817,-0.002765225601942188,-27.65225601942188,0.37999999999996703,-1.0789473684210624
2007-12-17,-1,588,637,146.23000000000002,146.75,146.24,146.73,stop,-0.5199999999999818,-0.0035557986870895907,-35.55798687089591,0.4899999999999807,-1.061224489795923
2007-12-18,-1,588,871,145.8,146.24,145.81,146.22,stop,-0.4399999999999977,-0.0030176256772512016,-30.176256772512016,0.4099999999999966,-1.0731707317073205
2007-12-19,1,586,682,146.17999999999998,145.66,146.17,145.68,stop,-0.5199999999999818,-0.0035575015393034264,-35.57501539303426,0.4899999999999807,-1.061224489795923
2007-12-20,-1,585,959,146.47000000000003,146.54,146.48000000000002,146.53,eod,-0.06999999999996476,-0.00047788093937714874,-4.778809393771487,0.38999999999998636,-0.1794871794870954
2007-12-21,1,585,959,147.43999999999997,148.18,147.42999999999998,148.19,eod,0.7400000000000375,0.005019331208031185,50.193312080311856,0.3499999999999659,2.1142857142860274
2007-12-26,-1,594,627,148.71,148.95,148.72,148.92999999999998,stop,-0.23999999999998067,-0.0016137708445399454,-16.137708445399454,0.20999999999997954,-1.1428571428571621
2007-12-27,-1,599,959,148.71,147.53,148.72,147.52,eod,1.1800000000000068,0.00793437331898875,79.3437331898875,0.3199999999999932,3.6875000000001
2007-12-28,-1,598,959,148.28000000000003,147.56,148.29000000000002,147.55,eod,0.7200000000000273,0.004855351001416327,48.55351001416327,0.3299999999999841,2.18181818181837
2007-12-31,-1,593,860,146.9,147.21,146.91,147.19,stop,-0.3100000000000023,-0.002110135457082583,-21.10135457082583,0.28000000000000114,-1.1071428571428608
2008-01-02,-1,600,959,146.50000000000003,144.56,146.51000000000002,144.55,eod,1.9400000000000261,0.01324141696812522,132.4141696812522,0.4899999999999807,3.9591836734695973
2008-01-03,-1,586,601,144.70000000000002,145.15,144.71,145.13,stop,-0.44999999999998863,-0.0031096676110841585,-31.096676110841585,0.4199999999999875,-1.0714285714285763
2008-01-04,-1,604,959,142.64000000000001,140.94,142.65,140.93,eod,1.700000000000017,0.011917280056081437,119.17280056081437,0.799999999999983,2.1250000000000666
2008-01-07,1,585,611,141.92999999999998,141.31,141.92,141.33,stop,-0.6199999999999761,-0.004368658399097915,-43.68658399097915,0.589999999999975,-1.0508474576271227
2008-01-08,1,585,674,142.45999999999998,141.83,142.45,141.85000000000002,stop,-0.629999999999967,-0.004422604422604191,-44.226044226041914,0.5999999999999659,-1.0500000000000047
2008-01-09,1,600,695,139.61999999999998,138.69,139.60999999999999,138.71,stop,-0.9299999999999784,-0.006661413938829443,-66.61413938829443,0.8999999999999773,-1.0333333333333354
2008-01-10,1,586,959,139.79,141.79000000000002,139.78,141.8,eod,2.0000000000000284,0.01430819859779674,143.0819859779674,0.4199999999999875,4.7619047619049715
2008-01-11,1,589,828,140.86999999999998,139.97,140.85999999999999,139.99,stop,-0.8999999999999773,-0.006389322731790269,-63.89322731790269,0.8699999999999761,-1.034482758620692
2008-01-14,-1,585,660,140.53000000000003,141.27,140.54000000000002,141.25,stop,-0.7399999999999807,-0.005265404866941658,-52.654048669416575,0.7099999999999795,-1.0422535211267634
2008-01-15,1,586,605,140.07,139.64,140.06,139.66,stop,-0.4300000000000068,-0.003070112808796279,-30.70112808796279,0.4000000000000057,-1.0750000000000017
2008-01-16,-1,612,869,137.28000000000003,138.53,137.29000000000002,138.51,stop,-1.2499999999999716,-0.009104814625974006,-91.04814625974007,1.2199999999999704,-1.0245901639344277
2008-01-17,1,589,600,137.65999999999997,137.03,137.64999999999998,137.05,stop,-0.629999999999967,-0.00457682528151084,-45.768252815108404,0.5999999999999659,-1.0500000000000047
2008-01-18,-1,596,613,133.28000000000003,135.03,133.29000000000002,135.01,stop,-1.7499999999999716,-0.013129267011778613,-131.29267011778612,1.7199999999999704,-1.0174418604651172
2008-01-22,1,586,959,128.27999999999997,131.01000000000002,128.26999999999998,131.02,eod,2.7300000000000466,0.02128323068527362,212.8323068527362,2.279999999999987,1.197368421052659
2008-01-23,1,588,766,128.26,127.02,128.25,127.03999999999999,stop,-1.2399999999999949,-0.009668615984405418,-96.68615984405419,1.210000000000008,-1.024793388429741
2008-01-24,1,585,614,134.76,133.88,134.75,133.9,stop,-0.8799999999999955,-0.006530612244897926,-65.30612244897925,0.8499999999999943,-1.0352941176470605
2008-01-25,-1,592,959,136.08,132.98999999999998,136.09,132.98,eod,3.090000000000032,0.022705562495407686,227.05562495407685,0.6799999999999784,4.544117647059014
2008-01-28,-1,602,629,132.27,133.36,132.28,133.34,stop,-1.0900000000000034,-0.008240096764439094,-82.40096764439095,1.0600000000000023,-1.0283018867924538
2008-01-29,-1,586,681,135.79000000000002,136.33,135.8,136.31,stop,-0.539999999999992,-0.003976435935198763,-39.76435935198763,0.5099999999999909,-1.058823529411768
2008-01-30,1,595,956,135.82,135.2,135.81,135.22,stop,-0.6200000000000045,-0.004565201384286905,-45.652013842869046,0.5900000000000034,-1.0508474576271203
2008-01-31,1,589,959,133.89999999999998,137.32000000000002,133.89,137.33,eod,3.4200000000000443,0.025543356486668493,255.43356486668495,0.6999999999999886,4.885714285714428
2008-02-01,1,585,645,138.23999999999998,137.69,138.23,137.71,stop,-0.549999999999983,-0.003978875786732135,-39.78875786732135,0.5199999999999818,-1.057692307692312
2008-02-04,-1,589,959,138.65,138.01,138.66,138.0,eod,0.6400000000000148,0.004615606519544316,46.15606519544316,0.6500000000000057,0.9846153846153988
2008-02-05,-1,586,597,135.31000000000003,136.14000000000001,135.32000000000002,136.12,stop,-0.8299999999999841,-0.006133609222583387,-61.33609222583387,0.799999999999983,-1.0375000000000023
2008-02-06,-1,585,642,133.79000000000002,134.71,133.8,134.69,stop,-0.9199999999999875,-0.006875934230194226,-68.75934230194225,0.8899999999999864,-1.0337078651685412
2008-02-07,-1,587,604,132.01000000000002,132.87,132.02,132.85,stop,-0.8599999999999852,-0.00651416452052708,-65.1416452052708,0.8299999999999841,-1.036144578313255
2008-02-08,1,597,741,133.65999999999997,132.89,133.64999999999998,132.91,stop,-0.7699999999999818,-0.0057613168724278485,-57.61316872427849,0.7399999999999807,-1.0405405405405432
2008-02-11,-1,585,765,132.74,133.83,132.75,133.81,stop,-1.0900000000000034,-0.008210922787194,-82.10922787193999,1.0600000000000023,-1.0283018867924538
2008-02-12,1,586,925,134.95999999999998,134.53,134.95,134.55,stop,-0.4299999999999784,-0.00318636532048891,-31.8636532048891,0.39999999999997726,-1.075000000000007
2008-02-13,-1,590,798,135.69000000000003,136.53,135.70000000000002,136.51,stop,-0.839999999999975,-0.006190125276344693,-61.901252763446934,0.8099999999999739,-1.0370370370370396
2008-02-14,-1,585,959,136.28000000000003,135.01999999999998,136.29000000000002,135.01,eod,1.2600000000000477,0.009244992295840103,92.44992295840103,0.7199999999999704,1.7500000000001381
2008-02-15,-1,594,614,134.23000000000002,134.88,134.24,134.85999999999999,stop,-0.6499999999999773,-0.004842073897496851,-48.42073897496851,0.6199999999999761,-1.0483870967741973
2008-02-19,-1,597,959,136.31000000000003,135.04999999999998,136.32000000000002,135.04,eod,1.2600000000000477,0.009242957746479222,92.42957746479222,0.5799999999999557,2.1724137931036966
2008-02-20,1,585,607,134.35999999999999,133.81,134.35,133.83,stop,-0.549999999999983,-0.004093784890212006,-40.93784890212006,0.5199999999999818,-1.057692307692312
2008-02-21,1,585,600,137.01999999999998,136.43,137.01,136.45000000000002,stop,-0.589999999999975,-0.004306255017881724,-43.06255017881724,0.5599999999999739,-1.053571428571433
2008-02-22,-1,585,953,134.52,135.1,134.53,135.07999999999998,stop,-0.5799999999999841,-0.0043113060283950354,-43.113060283950354,0.549999999999983,-1.0545454545454582
2008-02-25,-1,593,618,135.09000000000003,135.88,135.10000000000002,135.85999999999999,stop,-0.7899999999999636,-0.005847520355292106,-58.47520355292106,0.7599999999999625,-1.0394736842105297
2008-02-26,1,585,600,137.17999999999998,136.69,137.17,136.71,stop,-0.4899999999999807,-0.0035722096668366313,-35.72209666836631,0.45999999999997954,-1.0652173913043532
2008-02-27,1,585,959,137.89,138.11,137.88,138.12,eod,0.22000000000002728,0.0015955903684365194,15.955903684365193,0.47999999999998977,0.45833333333339993
2008-02-28,-1,585,602,137.13000000000002,137.62,137.14000000000001,137.6,stop,-0.4899999999999807,-0.0035729911039811915,-35.72991103981192,0.45999999999997954,-1.0652173913043532
2008-02-29,-1,585,959,134.91000000000003,133.23999999999998,134.92000000000002,133.23,eod,1.6700000000000443,0.01237770530684883,123.7770530684883,0.7699999999999818,2.168831168831278
2008-03-03,-1,585,605,132.51000000000002,133.28,132.52,133.26,stop,-0.7699999999999818,-0.0058104437066101855,-58.10443706610185,0.7399999999999807,-1.0405405405405432
2008-03-04,1,593,642,132.76,132.17,132.75,132.19,stop,-0.5900000000000034,-0.0044444444444444705,-44.444444444444706,0.5600000000000023,-1.0535714285714304
2008-03-05,1,589,801,133.65999999999997,133.14,133.64999999999998,133.16,stop,-0.5199999999999818,-0.0038907594463148663,-38.90759446314866,0.4899999999999807,-1.061224489795923
2008-03-06,-1,597,959,132.61,130.82999999999998,132.62,130.82,eod,1.7800000000000296,0.01342180666566151,134.2180666566151,0.6099999999999852,2.918032786885365
2008-03-07,1,585,821,130.38,129.42,130.37,129.44,stop,-0.960000000000008,-0.007363657283117342,-73.63657283117342,0.9300000000000068,-1.0322580645161301
2008-03-10,-1,591,600,129.22000000000003,129.89000000000001,129.23000000000002,129.87,stop,-0.6699999999999875,-0.0051845546699681765,-51.84554669968176,0.6399999999999864,-1.0468750000000029
2008-03-11,-1,586,885,130.42000000000002,130.99,130.43,130.97,stop,-0.5699999999999932,-0.0043701602392087185,-43.70160239208718,0.539999999999992,-1.0555555555555585
2008-03-12,-1,585,645,132.46,133.01,132.47,132.98999999999998,stop,-0.549999999999983,-0.004151883445308243,-41.51883445308243,0.5199999999999818,-1.057692307692312
2008-03-13,-1,585,670,129.04000000000002,129.9,129.05,129.88,stop,-0.8599999999999852,-0.006664083688492717,-66.64083688492717,0.8299999999999841,-1.036144578313255
2008-03-14,-1,586,959,131.77,129.26,131.78,129.25,eod,2.5100000000000193,0.019046896342388975,190.46896342388976,1.039999999999992,2.4134615384615756
2008-03-17,1,591,801,127.50000000000001,126.31,127.49000000000001,126.33,stop,-1.190000000000012,-0.009334065416895536,-93.34065416895537,1.1600000000000108,-1.025862068965518
2008-03-18,1,596,871,130.90999999999997,130.39,130.89999999999998,130.41,stop,-0.5199999999999818,-0.003972498090145011,-39.72498090145011,0.4899999999999807,-1.061224489795923
2008-03-19,1,587,596,134.51,133.92,134.5,133.94,stop,-0.5900000000000034,-0.004386617100371772,-43.866171003717724,0.5600000000000023,-1.0535714285714304
2008-03-20,1,600,959,130.26999999999998,132.72,130.26,132.73,eod,2.450000000000017,0.018808536772608762,188.0853677260876,1.009999999999991,2.4257425742574643
2008-03-24,1,592,959,134.10999999999999,134.76000000000002,134.1,134.77,eod,0.6500000000000341,0.004847129008203088,48.471290082030876,0.8699999999999761,0.7471264367816689
2008-03-25,1,587,596,135.33999999999997,134.41,135.32999999999998,134.43,stop,-0.9299999999999784,-0.006872090445577318,-68.72090445577318,0.8999999999999773,-1.0333333333333354
2008-03-26,-1,585,609,134.01000000000002,134.49,134.02,134.47,stop,-0.47999999999998977,-0.0035815549917921933,-35.815549917921935,0.44999999999998863,-1.0666666666666709
2008-03-27,-1,592,754,133.82000000000002,134.37,133.83,134.35,stop,-0.549999999999983,-0.004109691399536598,-41.09691399536598,0.5199999999999818,-1.057692307692312
2008-03-28,-1,585,597,132.73000000000002,133.18,132.74,133.16,stop,-0.44999999999998863,-0.0033900858821755957,-33.90085882175596,0.4199999999999875,-1.0714285714285763
2008-03-31,1,585,959,131.89999999999998,131.93,131.89,131.94,eod,0.03000000000002956,0.00022746227917226145,2.2746227917226145,0.8099999999999739,0.03703703703707473
2008-04-01,1,597,959,134.08999999999997,136.8,134.07999999999998,136.81,eod,2.7100000000000364,0.020211813842482374,202.11813842482374,0.5799999999999841,4.672413793103639
2008-04-02,-1,589,631,136.48000000000002,137.13,136.49,137.10999999999999,stop,-0.6499999999999773,-0.0047622536449555075,-47.62253644955508,0.6199999999999761,-1.0483870967741973
2008-04-03,1,592,959,136.14999999999998,136.78,136.14,136.79,eod,0.6300000000000239,0.0046275892463642125,46.27589246364212,0.4399999999999693,1.431818181818336
2008-04-04,-1,590,687,136.46,137.06,136.47,137.04,stop,-0.5999999999999943,-0.004396570674873557,-43.96570674873557,0.5699999999999932,-1.052631578947371
2008-04-07,-1,587,700,137.52,138.08,137.53,138.06,stop,-0.5600000000000023,-0.004071838871518958,-40.71838871518958,0.5300000000000011,-1.0566037735849076
2008-04-08,1,585,841,136.40999999999997,136.07,136.39999999999998,136.09,stop,-0.339999999999975,-0.002492668621700697,-24.92668621700697,0.30999999999997385,-1.096774193548399
2008-04-09,-1,586,959,136.26000000000002,135.39999999999998,136.27,135.39,eod,0.8600000000000421,0.006311000220151478,63.11000220151478,0.539999999999992,1.592592592592694
2008-04-10,-1,586,629,135.23000000000002,135.7,135.24,135.67999999999998,stop,-0.46999999999997044,-0.0034753031647439397,-34.7530316474394,0.4399999999999693,-1.0681818181818254
2008-04-11,1,590,601,134.65999999999997,134.26,134.64999999999998,134.28,stop,-0.39999999999997726,-0.002970664686223374,-29.706646862233743,0.3699999999999761,-1.0810810810810894
2008-04-14,1,601,612,133.29999999999998,132.92,133.29,132.94,stop,-0.37999999999999545,-0.002850926551129083,-28.50926551129083,0.3499999999999943,-1.0857142857142903
2008-04-15,-1,587,959,133.37,133.51,133.38,133.5,eod,-0.13999999999998636,-0.0010496326285798947,-10.496326285798947,0.3199999999999932,-0.4374999999999667
2008-04-16,1,588,959,134.79,136.21,134.78,136.22,eod,1.420000000000016,0.010535687787505682,105.35687787505682,0.28000000000000114,5.071428571428608
2008-04-17,-1,600,622,135.86,136.53,135.87,136.51,stop,-0.6699999999999875,-0.004931184220210403,-49.311842202104025,0.6399999999999864,-1.0468750000000029
2008-04-18,-1,587,647,138.53000000000003,139.01,138.54000000000002,138.98999999999998,stop,-0.47999999999996135,-0.0034647033347766803,-34.6470333477668,0.4499999999999602,-1.066666666666675
2008-04-21,1,585,605,138.6,138.17,138.59,138.19,stop,-0.4300000000000068,-0.003102676960819733,-31.02676960819733,0.4000000000000057,-1.0750000000000017
2008-04-22,-1,585,613,137.93,138.27,137.94,138.25,stop,-0.3400000000000034,-0.002464839785413973,-24.64839785413973,0.3100000000000023,-1.0967741935483901
2008-04-23,-1,586,635,137.56000000000003,138.2,137.57000000000002,138.17999999999998,stop,-0.6399999999999579,-0.004652177073489553,-46.52177073489553,0.6099999999999568,-1.0491803278688578
2008-04-24,-1,587,695,137.74,138.31,137.75,138.29,stop,-0.5699999999999932,-0.004137931034482709,-41.37931034482709,0.539999999999992,-1.0555555555555585
2008-04-25,-1,586,910,139.23000000000002,139.56,139.24,139.54,stop,-0.3299999999999841,-0.0023700086182130427,-23.700086182130427,0.29999999999998295,-1.1000000000000094
2008-04-28,-1,587,632,139.42000000000002,140.02,139.43,140.0,stop,-0.5999999999999943,-0.004303234598006127,-43.032345980061265,0.5699999999999932,-1.052631578947371
2008-04-29,-1,592,959,139.28000000000003,139.07999999999998,139.29000000000002,139.07,eod,0.20000000000004547,0.0014358532557975838,14.358532557975838,0.4499999999999602,0.4444444444445848
2008-04-30,1,585,899,139.60999999999999,139.21,139.6,139.23000000000002,stop,-0.39999999999997726,-0.00286532951289382,-28.6532951289382,0.3699999999999761,-1.0810810810810894
2008-05-01,1,585,959,138.61999999999998,140.93,138.60999999999999,140.94,eod,2.3100000000000307,0.016665464252218678,166.65464252218678,0.3499999999999659,6.600000000000731
2008-05-02,-1,587,959,141.66000000000003,141.35,141.67000000000002,141.34,eod,0.3100000000000307,0.0021881838074400413,21.881838074400413,0.7099999999999795,0.436619718309915
2008-05-05,1,589,654,141.14,140.75,141.13,140.77,stop,-0.38999999999998636,-0.002763409622333922,-27.63409622333922,0.3599999999999852,-1.08333333333334
2008-05-06,-1,588,602,139.78000000000003,140.14000000000001,139.79000000000002,140.12,stop,-0.3599999999999852,-0.002575291508691503,-25.752915086915028,0.3299999999999841,-1.0909090909090988
2008-05-07,-1,602,641,141.55,141.98,141.56,141.95999999999998,stop,-0.4299999999999784,-0.003037581237637598,-30.375812376375983,0.39999999999997726,-1.075000000000007
2008-05-08,1,589,602,139.85,139.42,139.84,139.44,stop,-0.4300000000000068,-0.0030749427917620624,-30.749427917620622,0.4000000000000057,-1.0750000000000017
2008-05-09,1,586,959,138.90999999999997,138.92000000000002,138.89999999999998,138.93,eod,0.010000000000047748,7.199424046110691e-05,0.7199424046110691,0.45999999999997954,0.02173913043488738
2008-05-12,-1,585,645,139.09000000000003,139.41,139.10000000000002,139.39,stop,-0.31999999999996476,-0.0023005032350824207,-23.00503235082421,0.2899999999999636,-1.1034482758620858
2008-05-13,-1,585,959,140.38000000000002,140.41,140.39000000000001,140.4,eod,-0.029999999999972715,-0.00021369043379138622,-2.136904337913862,0.5099999999999625,-0.058823529411715536
2008-05-14,1,589,944,141.51999999999998,140.98,141.51,141.0,stop,-0.539999999999992,-0.0038159847360609996,-38.159847360609994,0.5099999999999909,-1.058823529411768
2008-05-15,1,594,959,141.2,142.54000000000002,141.19,142.55,eod,1.3400000000000318,0.009490757135774713,94.90757135774713,0.3699999999999761,3.6216216216219412
2008-05-16,-1,586,959,142.3,142.66,142.31,142.65,eod,-0.3599999999999852,-0.0025296887077505812,-25.29688707750581,0.5699999999999932,-0.6315789473684027
2008-05-19,1,588,938,142.82999999999998,142.46,142.82,142.48000000000002,stop,-0.3699999999999761,-0.002590673575129367,-25.906735751293667,0.339999999999975,-1.088235294117657
2008-05-20,-1,595,959,141.94000000000003,141.64999999999998,141.95000000000002,141.64,eod,0.2900000000000489,0.002042972877774208,20.42972877774208,0.39999999999997726,0.7250000000001634
2008-05-21,-1,594,959,141.73000000000002,139.31,141.74,139.3,eod,2.420000000000016,0.01707351488641185,170.73514886411851,0.38999999999998636,6.205128205128463
2008-05-22,-1,589,602,139.31000000000003,139.73,139.32000000000002,139.70999999999998,stop,-0.4199999999999591,-0.003014642549525976,-30.14642549525976,0.38999999999995794,-1.0769230769230882
2008-05-23,-1,588,959,138.84000000000003,137.88,138.85000000000002,137.87,eod,0.9600000000000364,0.006913935902052836,69.13935902052836,0.3599999999999568,2.6666666666670875
2008-05-27,1,585,693,138.17999999999998,137.77,138.17,137.79000000000002,stop,-0.40999999999996817,-0.0029673590504448737,-29.673590504448736,0.37999999999996703,-1.0789473684210624
2008-05-28,-1,585,959,138.95000000000002,139.38,138.96,139.37,eod,-0.4299999999999784,-0.003094415659182343,-30.94415659182343,1.049999999999983,-0.4095238095237956
2008-05-29,1,586,632,139.57,139.07,139.56,139.09,stop,-0.5,-0.0035826884494124392,-35.82688449412439,0.46999999999999886,-1.0638297872340452
2008-05-30,-1,586,623,140.21,140.56,140.22,140.54,stop,-0.3499999999999943,-0.0024960775923548303,-24.960775923548304,0.3199999999999932,-1.0937500000000056
2008-06-02,-1,585,959,139.49,138.84,139.5,138.83,eod,0.6500000000000057,0.004659498207885345,46.59498207885345,0.37000000000000455,1.7567567567567506
2008-06-03,-1,587,601,138.86,139.36,138.87,139.34,stop,-0.5,-0.0036004896665946568,-36.00489666594657,0.46999999999999886,-1.0638297872340452
2008-06-04,1,585,891,138.24999999999997,137.67,138.23999999999998,137.69,stop,-0.5799999999999841,-0.004195601851851737,-41.95601851851737,0.549999999999983,-1.0545454545454582
2008-06-05,1,585,959,138.89999999999998,140.63,138.89,140.64,eod,1.7300000000000182,0.01245590035279731,124.55900352797309,0.5799999999999841,2.9827586206897685
2008-06-06,1,586,600,139.67999999999998,139.3,139.67,139.32000000000002,stop,-0.37999999999996703,-0.002720698790004776,-27.20698790004776,0.3499999999999659,-1.0857142857142974
2008-06-09,-1,586,597,136.52,137.03,136.53,137.01,stop,-0.5099999999999909,-0.0037354427598329373,-37.35442759832937,0.47999999999998977,-1.0625000000000038
2008-06-10,1,588,925,135.88,135.49,135.87,135.51000000000002,stop,-0.38999999999998636,-0.0028703908147492923,-28.703908147492925,0.3599999999999852,-1.08333333333334
2008-06-11,-1,591,959,135.72000000000003,133.97,135.73000000000002,133.96,eod,1.7500000000000284,0.012893243940175556,128.93243940175554,0.3699999999999761,4.729729729730112
2008-06-12,1,585,844,135.18999999999997,134.5,135.17999999999998,134.52,stop,-0.6899999999999693,-0.005104305370616729,-51.04305370616729,0.6599999999999682,-1.0454545454545494
2008-06-13,-1,585,602,134.74,135.4,134.75,135.38,stop,-0.6599999999999966,-0.004897959183673444,-48.97959183673444,0.6299999999999955,-1.0476190476190497
2008-06-16,1,608,959,135.98999999999998,136.43,135.98,136.44,eod,0.44000000000002615,0.0032357699661716885,32.357699661716886,0.5299999999999727,0.8301886792453751
2008-06-18,-1,596,959,134.57000000000002,134.34,134.58,134.33,eod,0.2300000000000182,0.001709020656858509,17.090206568585092,0.5099999999999909,0.45098039215690644
2008-06-19,-1,585,872,134.10000000000002,134.7,134.11,134.67999999999998,stop,-0.5999999999999659,-0.004473939303556527,-44.73939303556527,0.5699999999999648,-1.0526315789473737
2008-06-20,-1,600,959,132.47000000000003,131.6,132.48000000000002,131.59,eod,0.870000000000033,0.006567028985507494,65.67028985507494,0.6199999999999761,1.40322580645172
2008-06-23,-1,591,959,131.70000000000002,131.64,131.71,131.63,eod,0.060000000000030695,0.00045554627590942744,4.555462759094274,0.5299999999999727,0.11320754716987506
2008-06-24,-1,585,664,130.88000000000002,131.37,130.89000000000001,131.35,stop,-0.4899999999999807,-0.003743601497440451,-37.43601497440451,0.45999999999997954,-1.0652173913043532
2008-06-25,1,585,849,132.32,131.59,132.31,131.61,stop,-0.7299999999999898,-0.005517345627692463,-55.17345627692463,0.6999999999999886,-1.0428571428571451
2008-06-26,-1,591,600,130.29000000000002,130.72,130.3,130.7,stop,-0.4299999999999784,-0.0033000767459706705,-33.00076745970671,0.39999999999997726,-1.075000000000007
2008-06-27,-1,585,600,127.80999999999999,128.61,127.82,128.59,stop,-0.8000000000000256,-0.006258801439524532,-62.58801439524532,0.7700000000000102,-1.0389610389610584
2008-06-30,1,585,596,128.23999999999998,127.73,128.23,127.75,stop,-0.5099999999999767,-0.003977228417686787,-39.77228417686787,0.47999999999998977,-1.062499999999974
2008-07-01,1,587,735,126.87,126.45,126.86,126.47,stop,-0.4200000000000017,-0.0033107362446791874,-33.107362446791875,0.39000000000000057,-1.0769230769230798
2008-07-02,1,588,591,129.08999999999997,128.75,129.07999999999998,128.77,stop,-0.339999999999975,-0.0026340254105978855,-26.340254105978854,0.30999999999997385,-1.096774193548399
2008-07-07,1,586,617,127.23,126.71,127.22,126.72999999999999,stop,-0.5200000000000102,-0.004087407640308208,-40.87407640308208,0.4900000000000091,-1.0612244897959195
2008-07-08,-1,636,743,124.6,125.66,124.61,125.64,stop,-1.0600000000000023,-0.008506540406066947,-85.06540406066948,1.0300000000000011,-1.029126213592234
2008-07-09,-1,592,959,127.05999999999999,124.46000000000001,127.07,124.45,eod,2.59999999999998,0.020461163138427482,204.61163138427483,0.6800000000000068,3.823529411764638
2008-07-10,1,585,602,125.19000000000001,124.22,125.18,124.24,stop,-0.9700000000000131,-0.0077488416679981865,-77.48841667998187,0.9400000000000119,-1.0319148936170222
2008-07-11,1,586,629,124.04,123.26,124.03,123.28,stop,-0.7800000000000011,-0.006288801096508918,-62.88801096508918,0.75,-1.0400000000000016
2008-07-14,-1,585,959,124.77999999999999,122.83,124.78999999999999,122.82,eod,1.9499999999999886,0.01562625210353385,156.2625210353385,0.7200000000000131,2.708333333333268
2008-07-15,-1,590,666,121.43999999999998,121.86,121.44999999999999,121.84,stop,-0.4200000000000159,-0.003458213256484281,-34.58213256484281,0.3900000000000148,-1.0769230769230769
2008-07-16,-1,585,595,121.33999999999999,121.99,121.35,121.97,stop,-0.6500000000000057,-0.005356407086938655,-53.56407086938655,0.6200000000000045,-1.048387096774195
2008-07-17,1,585,605,125.77000000000001,124.92999999999999,125.76,124.94999999999999,stop,-0.8400000000000176,-0.006679389312977239,-66.79389312977239,0.8100000000000165,-1.0370370370370376
2008-07-18,-1,585,633,125.32,126.42,125.33,126.4,stop,-1.1000000000000085,-0.008776829170988659,-87.76829170988658,1.0700000000000074,-1.0280373831775709
2008-07-21,1,600,603,126.77000000000001,126.34,126.76,126.36,stop,-0.4300000000000068,-0.003392237298832493,-33.92237298832493,0.4000000000000057,-1.0750000000000017
2008-07-22,-1,587,593,124.89999999999999,125.24,124.91,125.22,stop,-0.3400000000000034,-0.0027219598110639932,-27.219598110639932,0.3100000000000023,-1.0967741935483901
2008-07-23,1,586,959,128.02999999999997,128.21,128.01999999999998,128.22,eod,0.18000000000003524,0.0014060303077646874,14.060303077646873,0.47999999999998977,0.37500000000008143
2008-07-24,-1,590,959,127.75999999999999,125.44000000000001,127.77,125.43,eod,2.319999999999979,0.01815762698599029,181.57626985990288,0.6499999999999915,3.5692307692307836
2008-07-25,-1,586,596,125.27,125.96000000000001,125.28,125.94000000000001,stop,-0.6900000000000119,-0.005507662835249137,-55.07662835249137,0.6600000000000108,-1.0454545454545465
2008-07-28,1,585,647,125.97000000000001,125.4,125.96000000000001,125.42,stop,-0.5700000000000074,-0.00452524610987621,-45.2524610987621,0.5400000000000063,-1.055555555555557
2008-07-29,1,594,959,124.29,126.25999999999999,124.28,126.27,eod,1.9699999999999847,0.01585130350820715,158.5130350820715,0.45000000000000284,4.377777777777716
2008-07-30,1,611,754,127.71000000000001,126.92,127.7,126.94,stop,-0.7900000000000063,-0.006186374314800362,-61.863743148003614,0.7600000000000051,-1.0394736842105274
2008-07-31,1,585,740,127.87,127.21,127.86,127.22999999999999,stop,-0.6600000000000108,-0.0051618958235571,-51.618958235571,0.6300000000000097,-1.0476190476190488
2008-08-01,-1,585,959,126.42999999999999,126.12,126.44,126.11,eod,0.30999999999998806,0.0024517557734893077,24.517557734893078,0.8500000000000085,0.36470588235292345
2008-08-04,-1,587,886,125.30999999999999,126.15,125.32,126.13000000000001,stop,-0.8400000000000176,-0.006702840727737134,-67.02840727737134,0.8100000000000165,-1.0370370370370376
2008-08-05,1,597,959,126.24000000000001,128.41,126.23,128.42,eod,2.1699999999999875,0.017190842113602056,171.90842113602056,0.3300000000000125,6.575757575757288
2008-08-06,-1,587,662,127.82999999999998,128.29,127.83999999999999,128.26999999999998,stop,-0.46000000000000796,-0.0035982478097622652,-35.98247809762265,0.4299999999999926,-1.069767441860502
2008-08-07,1,592,903,128.11999999999998,127.3,128.10999999999999,127.32,stop,-0.819999999999979,-0.006400749356022005,-64.00749356022006,0.789999999999992,-1.0379746835442876
2008-08-08,1,589,959,127.16000000000001,129.61,127.15,129.62,eod,2.450000000000003,0.019268580416830536,192.68580416830537,0.7800000000000153,3.141025641025583
2008-08-11,1,585,959,129.63,130.64000000000001,129.62,130.65,eod,1.0100000000000193,0.007792007406264614,77.92007406264614,0.4000000000000057,2.5250000000000123
2008-08-12,1,586,629,130.35999999999999,129.8,130.35,129.82000000000002,stop,-0.5599999999999739,-0.004296125815112957,-42.96125815112957,0.5299999999999727,-1.0566037735849108
2008-08-13,-1,586,600,128.33,128.97,128.34,128.95,stop,-0.6399999999999864,-0.00498675393486042,-49.8675393486042,0.6099999999999852,-1.0491803278688556
2008-08-14,1,598,959,128.29,129.53,128.28,129.54,eod,1.240000000000009,0.009666354848768391,96.66354848768391,0.5400000000000063,2.2962962962962865
2008-08-15,-1,602,959,129.83,130.06,129.84,130.05,eod,-0.22999999999998977,-0.001771410967344345,-17.71410967344345,0.6699999999999875,-0.34328358208954335
2008-08-18,-1,585,959,129.84000000000003,128.26,129.85000000000002,128.25,eod,1.580000000000041,0.012167886022333775,121.67886022333775,0.6399999999999579,2.468750000000226
2008-08-19,-1,587,761,127.24,127.72,127.25,127.7,stop,-0.480000000000004,-0.0037721021611002276,-37.72102161100228,0.45000000000000284,-1.0666666666666689
2008-08-20,-1,585,645,126.67999999999999,127.43,126.69,127.41000000000001,stop,-0.7500000000000142,-0.005919962112242594,-59.19962112242594,0.7200000000000131,-1.0416666666666674
2008-08-21,1,586,959,127.18,127.97999999999999,127.17,127.99,eod,0.799999999999983,0.006290791853424416,62.90791853424416,0.5800000000000125,1.379310344827527
2008-08-22,1,585,959,129.01,129.51000000000002,129.0,129.52,eod,0.5000000000000284,0.0038759689922482823,38.75968992248282,1.210000000000008,0.41322314049588854
2008-08-25,-1,585,688,128.49,128.87,128.5,128.85,stop,-0.37999999999999545,-0.002957198443579731,-29.571984435797308,0.3499999999999943,-1.0857142857142903
2008-08-26,1,600,870,127.37,126.62,127.36,126.64,stop,-0.75,-0.005888819095477387,-58.888190954773876,0.7199999999999989,-1.0416666666666683
2008-08-27,-1,590,618,127.36999999999999,127.83,127.38,127.81,stop,-0.46000000000000796,-0.0036112419532109276,-36.11241953210928,0.4300000000000068,-1.0697674418604666
2008-08-28,-1,590,643,129.09000000000003,129.53,129.10000000000002,129.51,stop,-0.4399999999999693,-0.003408210689387833,-34.082106893878326,0.40999999999996817,-1.0731707317073256
2008-08-29,1,585,618,130.01999999999998,129.54,130.01,129.56,stop,-0.47999999999998977,-0.003692023690485269,-36.920236904852686,0.44999999999998863,-1.0666666666666709
2008-09-02,1,585,622,130.48999999999998,129.98,130.48,130.0,stop,-0.5099999999999909,-0.0039086450030655345,-39.08645003065534,0.47999999999998977,-1.0625000000000038
2008-09-03,1,590,692,128.04,127.49,128.03,127.50999999999999,stop,-0.5499999999999972,-0.004295868155900938,-42.958681559009385,0.5200000000000102,-1.0576923076922815
2008-09-04,-1,587,613,126.66999999999999,127.21000000000001,126.67999999999999,127.19000000000001,stop,-0.5400000000000205,-0.004262709188506635,-42.62709188506635,0.5100000000000193,-1.0588235294117647
2008-09-05,1,585,600,123.64000000000001,123.07,123.63000000000001,123.08999999999999,stop,-0.5700000000000216,-0.004610531424411725,-46.105314244117245,0.5400000000000205,-1.0555555555555556
2008-09-08,-1,592,959,127.13,127.26,127.14,127.25,eod,-0.13000000000000966,-0.0010224948875256384,-10.224948875256384,1.1099999999999994,-0.11711711711712589
2008-09-09,1,588,628,127.14000000000001,126.25,127.13000000000001,126.27,stop,-0.8900000000000148,-0.007000707936757765,-70.00707936757765,0.8600000000000136,-1.0348837209302333
2008-09-10,1,589,648,123.92000000000002,123.15,123.91000000000001,123.17,stop,-0.7700000000000102,-0.006214187716891374,-62.14187716891374,0.7400000000000091,-1.0405405405405417
2008-09-11,1,602,959,122.34,125.5,122.33,125.51,eod,3.1599999999999966,0.025831766533148014,258.31766533148016,0.7400000000000091,4.270270270270213
2008-09-12,-1,589,595,123.97999999999999,124.56,123.99,124.54,stop,-0.5800000000000125,-0.004677796596499819,-46.77796596499819,0.5500000000000114,-1.0545454545454556
2008-09-15,1,585,882,122.64000000000001,121.66,122.63000000000001,121.67999999999999,stop,-0.9800000000000182,-0.007991519204110072,-79.91519204110071,0.950000000000017,-1.0315789473684216
2008-09-16,1,586,959,118.81000000000002,121.86999999999999,118.80000000000001,121.88,eod,3.059999999999974,0.025757575757575535,257.57575757575535,1.8100000000000165,1.6906077348066
2008-09-17,1,594,636,120.20000000000002,118.91,120.19000000000001,118.92999999999999,stop,-1.2900000000000205,-0.010733006073716784,-107.33006073716784,1.2600000000000193,-1.0238095238095244
2008-09-18,-1,585,597,117.75999999999999,118.57000000000001,117.77,118.55000000000001,stop,-0.8100000000000165,-0.006877812685743538,-68.77812685743538,0.7800000000000153,-1.0384615384615392
2008-09-19,-1,592,959,125.33999999999999,125.05000000000001,125.35,125.04,eod,0.28999999999997783,0.002313522138013385,23.135221380133853,2.6599999999999966,0.10902255639096925
2008-09-22,-1,586,959,123.57999999999998,120.61,123.58999999999999,120.6,eod,2.9699999999999847,0.024031070474957398,240.31070474957397,1.170000000000016,2.538461538461491
2008-09-23,1,585,665,121.30000000000001,120.49,121.29,120.50999999999999,stop,-0.8100000000000165,-0.006678209250556653,-66.78209250556652,0.7800000000000153,-1.0384615384615392
2008-09-24,-1,585,659,118.55999999999999,119.33,118.57,119.31,stop,-0.7700000000000102,-0.006494054145230752,-64.94054145230751,0.7400000000000091,-1.0405405405405417
2008-09-25,1,585,850,119.88000000000001,119.03999999999999,119.87,119.05999999999999,stop,-0.8400000000000176,-0.007007591557520794,-70.07591557520794,0.8100000000000165,-1.0370370370370376
2008-09-26,1,589,959,119.32000000000001,121.35,119.31,121.36,eod,2.029999999999987,0.017014500041907524,170.14500041907525,0.8100000000000023,2.5061728395061498
2008-09-29,-1,585,959,118.27999999999999,112.84,118.28999999999999,112.83,eod,5.4399999999999835,0.04598867190802252,459.8867190802252,1.0600000000000165,5.132075471698018
2008-09-30,-1,588,608,113.18999999999998,113.79,113.19999999999999,113.77000000000001,stop,-0.6000000000000227,-0.005300353356890661,-53.00353356890661,0.5700000000000216,-1.0526315789473684
2008-10-01,1,586,603,115.4,114.48,115.39,114.5,stop,-0.9200000000000017,-0.007972961261807797,-79.72961261807797,0.8900000000000006,-1.0337078651685405
2008-10-02,-1,585,959,114.1,111.31,114.11,111.3,eod,2.789999999999992,0.024450092016475262,244.5009201647526,1.0100000000000051,2.7623762376237404
2008-10-03,1,600,672,113.76,112.77,113.75,112.78999999999999,stop,-0.9900000000000091,-0.008703296703296783,-87.03296703296783,0.960000000000008,-1.0312500000000009
2008-10-06,-1,595,959,106.54999999999998,106.28,106.55999999999999,106.27,eod,0.2699999999999818,0.0025337837837836135,25.337837837836133,1.0700000000000216,0.2523364485981087
2008-10-07,-1,593,959,105.89999999999999,99.80000000000001,105.91,99.79,eod,6.09999999999998,0.05759607213671967,575.9607213671967,1.4300000000000068,4.265734265734231
2008-10-08,1,589,959,100.74000000000001,98.39,100.73,98.4,eod,-2.3500000000000085,-0.02332969323935281,-233.2969323935281,3.930000000000007,-0.597964376590332
2008-10-09,-1,600,959,98.97999999999999,91.76,98.99,91.75,eod,7.219999999999985,0.07293666026871386,729.3666026871385,1.6400000000000148,4.402439024390195
2008-10-10,1,585,959,89.56000000000002,90.44999999999999,89.55000000000001,90.46,eod,0.8899999999999721,0.009938581797877969,99.38581797877968,5.980000000000018,0.14882943143812197
2008-10-13,-1,591,627,93.63999999999999,94.7,93.64999999999999,94.68,stop,-1.0600000000000165,-0.01131873998932212,-113.1873998932212,1.0300000000000153,-1.0291262135922337
2008-10-14,-1,585,959,103.32999999999998,99.94000000000001,103.33999999999999,99.93,eod,3.389999999999972,0.03280433520418011,328.0433520418011,2.200000000000017,1.5409090909090664
2008-10-15,-1,589,959,96.46,90.72,96.47,90.71,eod,5.739999999999995,0.059500362807090236,595.0036280709023,1.3400000000000034,4.283582089552224
2008-10-16,1,586,611,92.22000000000001,89.75,92.21000000000001,89.77,stop,-2.470000000000013,-0.02678668257238925,-267.8668257238925,2.440000000000012,-1.0122950819672136
2008-10-17,1,585,959,93.12,94.05999999999999,93.11,94.07,eod,0.9399999999999835,0.01009558586617961,100.9558586617961,1.4699999999999989,0.6394557823129144
2008-10-20,1,596,670,96.02000000000001,94.74,96.01,94.75999999999999,stop,-1.2800000000000153,-0.01333194458910546,-133.3194458910546,1.2500000000000142,-1.0240000000000007
2008-10-21,1,585,716,97.59,96.59,97.58,96.61,stop,-1.0,-0.010248001639680263,-102.48001639680264,0.9699999999999989,-1.0309278350515476
2008-10-22,-1,590,685,92.49999999999999,93.53,92.50999999999999,93.51,stop,-1.0300000000000153,-0.011133931466868613,-111.33931466868613,1.0000000000000142,-1.0300000000000007
2008-10-23,-1,585,643,89.21,91.11,89.22,91.09,stop,-1.9000000000000057,-0.021295673615781278,-212.95673615781277,1.8700000000000045,-1.0160427807486636
2008-10-24,1,589,959,86.54,87.61999999999999,86.53,87.63,eod,1.079999999999984,0.012481220385993114,124.81220385993113,2.730000000000004,0.3956043956043892
2008-10-27,1,585,957,87.31000000000002,85.48,87.30000000000001,85.5,stop,-1.8300000000000125,-0.020962199312714917,-209.62199312714918,1.8000000000000114,-1.0166666666666673
2008-10-28,1,586,604,87.93,86.9,87.92,86.92,stop,-1.0300000000000011,-0.011715195632393097,-117.15195632393097,1.0,-1.0300000000000011
2008-10-29,1,608,959,93.96000000000001,92.76,93.95,92.78,stop,-1.2000000000000028,-0.012772751463544469,-127.72751463544469,1.1700000000000017,-1.0256410256410267
2008-10-30,1,585,597,96.15,95.32,96.14,95.33999999999999,stop,-0.8300000000000125,-0.00863324318701906,-86.3324318701906,0.8000000000000114,-1.037500000000001
2008-10-31,-1,585,600,94.54999999999998,95.51,94.55999999999999,95.49000000000001,stop,-0.9600000000000222,-0.010152284263959626,-101.52284263959626,0.930000000000021,-1.0322580645161294
2008-11-03,1,585,630,97.50000000000001,96.39,97.49000000000001,96.41,stop,-1.1100000000000136,-0.011385783157247037,-113.85783157247036,1.0800000000000125,-1.0277777777777786
2008-11-04,-1,597,619,98.39999999999999,99.12,98.41,99.10000000000001,stop,-0.7200000000000131,-0.007316329641296749,-73.1632964129675,0.6900000000000119,-1.043478260869566
2008-11-05,-1,585,603,98.69999999999999,99.42,98.71,99.4,stop,-0.7200000000000131,-0.0072940938101510805,-72.94093810151081,0.6900000000000119,-1.043478260869566
2008-11-06,-1,590,959,94.36999999999999,90.66000000000001,94.38,90.65,eod,3.7099999999999795,0.03930917567281182,393.09175672811824,1.0700000000000074,3.467289719626125
2008-11-07,-1,587,602,91.10999999999999,92.03,91.11999999999999,92.01,stop,-0.9200000000000159,-0.010096575943810535,-100.96575943810535,0.8900000000000148,-1.03370786516854
2008-11-10,-1,590,959,94.63999999999999,92.24000000000001,94.64999999999999,92.23,eod,2.3999999999999773,0.025356576862123375,253.56576862123376,0.8900000000000148,2.696629213483076
2008-11-11,-1,587,860,89.97999999999999,90.98,89.99,90.96000000000001,stop,-1.0000000000000142,-0.01111234581620196,-111.12345816201959,0.9700000000000131,-1.0309278350515472
2008-11-12,-1,585,591,87.96999999999998,88.71000000000001,87.97999999999999,88.69000000000001,stop,-0.7400000000000233,-0.008411002500568577,-84.11002500568577,0.7100000000000222,-1.042253521126761
2008-11-13,-1,585,621,85.82,86.9,85.83,86.88000000000001,stop,-1.0800000000000125,-0.012583012932541215,-125.83012932541216,1.0500000000000114,-1.0285714285714294
2008-11-14,1,585,619,90.46000000000001,89.27,90.45,89.28999999999999,stop,-1.190000000000012,-0.013156440022111795,-131.56440022111795,1.1600000000000108,-1.025862068965518
2008-11-17,-1,585,597,85.86999999999999,86.86,85.88,86.84,stop,-0.9900000000000091,-0.011527713088029915,-115.27713088029915,0.960000000000008,-1.0312500000000009
2008-11-18,1,590,787,86.22000000000001,84.8,86.21000000000001,84.82,stop,-1.420000000000016,-0.016471407029347126,-164.71407029347125,1.3900000000000148,-1.0215827338129502
2008-11-19,-1,586,615,85.80999999999999,86.81,85.82,86.79,stop,-1.0000000000000142,-0.011652295502214102,-116.52295502214102,0.9700000000000131,-1.0309278350515472
2008-11-20,-1,603,645,78.64999999999999,80.72,78.66,80.7,stop,-2.0700000000000074,-0.026315789473684306,-263.15789473684305,2.0400000000000063,-1.0147058823529418
2008-11-21,1,587,595,77.50000000000001,76.51,77.49000000000001,76.53,stop,-0.9900000000000091,-0.012775842044134842,-127.75842044134842,0.960000000000008,-1.0312500000000009
2008-11-24,-1,588,600,81.17999999999999,82.28,81.19,82.26,stop,-1.1000000000000085,-0.013548466559921278,-135.48466559921278,1.0700000000000074,-1.0280373831775709
2008-11-25,-1,585,959,86.35999999999999,86.06,86.36999999999999,86.05,eod,0.29999999999998295,0.003473428273705951,34.73428273705951,1.15000000000002,0.260869565217372
2008-11-26,1,587,959,84.98,89.03,84.97,89.04,eod,4.049999999999997,0.047663881369895224,476.6388136989522,0.7400000000000091,5.472972972972902
2008-12-01,-1,585,959,86.21999999999998,82.10000000000001,86.22999999999999,82.09,eod,4.119999999999976,0.047779195175692644,477.79195175692644,1.3300000000000125,3.0977443609022086
2008-12-02,-1,585,609,82.57,83.58,82.58,83.56,stop,-1.0100000000000051,-0.012230564301283666,-122.30564301283665,0.980000000000004,-1.0306122448979602
2008-12-03,1,588,959,84.11000000000001,87.49,84.10000000000001,87.5,eod,3.3799999999999812,0.04019024970273461,401.9024970273461,0.9700000000000131,3.4845360824741607
2008-12-04,1,590,902,87.36000000000001,85.9,87.35000000000001,85.92,stop,-1.460000000000008,-0.01671436748712087,-167.14367487120867,1.4300000000000068,-1.0209790209790217
2008-12-05,-1,589,825,83.52,84.69,83.53,84.67,stop,-1.1700000000000017,-0.014006943613073168,-140.06943613073167,1.1400000000000006,-1.0263157894736852
2008-12-08,1,585,811,91.24000000000001,89.99,91.23,90.00999999999999,stop,-1.2500000000000142,-0.013701633234681728,-137.01633234681728,1.220000000000013,-1.0245901639344268
2008-12-09,1,585,844,90.71000000000001,89.86,90.7,89.88,stop,-0.8500000000000085,-0.009371554575523798,-93.71554575523798,0.8200000000000074,-1.0365853658536597
2008-12-10,-1,589,615,89.94999999999999,90.62,89.96,90.60000000000001,stop,-0.6700000000000159,-0.007447754557581325,-74.47754557581325,0.6400000000000148,-1.0468750000000007
2008-12-11,1,587,894,89.79,89.01,89.78,89.03,stop,-0.7800000000000011,-0.00868790376475831,-86.8790376475831,0.75,-1.0400000000000016
2008-12-12,1,591,959,86.63000000000001,88.44,86.62,88.45,eod,1.809999999999988,0.020895867005310414,208.95867005310413,1.4300000000000068,1.2657342657342514
2008-12-15,-1,592,959,88.27,87.51,88.28,87.5,eod,0.7599999999999909,0.008608971454462969,86.08971454462969,0.8800000000000097,0.8636363636363438
2008-12-16,1,585,959,88.9,91.83,88.89,91.84,eod,2.9299999999999926,0.032962087973900246,329.6208797390025,0.7199999999999989,4.06944444444444
2008-12-17,1,586,613,91.08000000000001,90.25,91.07000000000001,90.27,stop,-0.8300000000000125,-0.009113868452838613,-91.13868452838612,0.8000000000000114,-1.037500000000001
2008-12-18,-1,587,654,91.02,91.6,91.03,91.58,stop,-0.5799999999999983,-0.0063715258705920935,-63.71525870592094,0.5499999999999972,-1.054545454545457
2008-12-19,1,611,723,89.63000000000001,88.7,89.62,88.72,stop,-0.9300000000000068,-0.010377147958045155,-103.77147958045155,0.9000000000000057,-1.0333333333333343
2008-12-22,-1,585,959,87.85,86.96000000000001,87.86,86.95,eod,0.8899999999999864,0.010129751877987552,101.29751877987552,0.8200000000000074,1.0853658536585102
2008-12-23,-1,608,634,87.17499999999998,87.82000000000001,87.18499999999999,87.80000000000001,stop,-0.6450000000000244,-0.0073980615931642435,-73.98061593164243,0.6150000000000233,-1.048780487804878
2008-12-26,-1,585,959,87.07,87.14,87.08,87.13,eod,-0.07000000000000739,-0.0008038585209004064,-8.038585209004065,0.23000000000000398,-0.3043478260869834
2008-12-29,-1,594,959,87.05999999999999,86.9,87.07,86.89,eod,0.15999999999998238,0.0018376019294818237,18.376019294818235,0.27000000000001023,0.5925925925925049
2008-12-30,-1,597,622,87.30999999999999,87.7,87.32,87.68,stop,-0.3900000000000148,-0.004466330737517348,-44.663307375173474,0.36000000000001364,-1.0833333333333333
2008-12-31,1,600,959,89.52000000000001,90.22999999999999,89.51,90.24,eod,0.7099999999999795,0.007932074628532895,79.32074628532895,0.6500000000000057,1.0923076923076513
2009-01-02,-1,590,620,90.27,90.69,90.28,90.67,stop,-0.4200000000000017,-0.004652193176783359,-46.52193176783359,0.39000000000000057,-1.0769230769230798
2009-01-05,-1,585,615,92.07999999999998,92.67,92.08999999999999,92.65,stop,-0.5900000000000176,-0.006406775980019738,-64.06775980019738,0.5600000000000165,-1.053571428571429
2009-01-06,1,587,611,93.85000000000001,93.42,93.84,93.44,stop,-0.4300000000000068,-0.004582267689684642,-45.82267689684642,0.4000000000000057,-1.0750000000000017
2009-01-07,1,590,615,92.15,91.62,92.14,91.64,stop,-0.5300000000000011,-0.005752116344692871,-57.52116344692871,0.5,-1.0600000000000023
2009-01-08,1,586,590,90.4,89.95,90.39,89.97,stop,-0.45000000000000284,-0.0049784268171258195,-49.7842681712582,0.4200000000000017,-1.0714285714285738
2009-01-09,-1,585,959,89.96999999999998,89.02000000000001,89.97999999999999,89.01,eod,0.9499999999999744,0.010557901755945483,105.57901755945483,1.3500000000000085,0.7037037037036803
2009-01-12,-1,585,959,88.13999999999999,87.01,88.14999999999999,87.0,eod,1.1299999999999812,0.01281905842314216,128.1905842314216,0.7700000000000102,1.4675324675324237
2009-01-13,1,585,827,87.26,86.48,87.25,86.5,stop,-0.7800000000000011,-0.008939828080229239,-89.39828080229239,0.75,-1.0400000000000016
2009-01-14,-1,585,959,85.02999999999999,84.36,85.03999999999999,84.35,eod,0.6699999999999875,0.00787864534336768,78.7864534336768,0.7200000000000131,0.9305555555555213
2009-01-15,-1,585,869,83.42999999999999,84.32000000000001,83.44,84.30000000000001,stop,-0.8900000000000148,-0.010666347075743226,-106.66347075743225,0.8600000000000136,-1.0348837209302333
2009-01-16,-1,593,959,85.36999999999999,84.99000000000001,85.38,84.98,eod,0.37999999999998124,0.004450691028343655,44.506910283436554,0.6176000000000101,0.6152849740932238
2009-01-20,-1,585,959,83.63999999999999,80.63000000000001,83.64999999999999,80.62,eod,3.0099999999999767,0.035983263598326085,359.83263598326084,0.8200000000000074,3.6707317073170116
2009-01-21,1,592,636,82.165,81.49,82.155,81.50999999999999,stop,-0.6750000000000114,-0.008216176739090881,-82.1617673909088,0.6450000000000102,-1.0465116279069777
2009-01-22,-1,585,620,82.21999999999998,82.94,82.22999999999999,82.92,stop,-0.7200000000000131,-0.0087559284932508,-87.55928493250799,0.6900000000000119,-1.043478260869566
2009-01-23,1,594,959,81.51,83.1,81.5,83.11,eod,1.5899999999999892,0.019509202453987597,195.09202453987598,0.9400000000000119,1.6914893617020947
2009-01-26,1,600,841,84.63000000000001,83.4,84.62,83.42,stop,-1.230000000000004,-0.014535570787048025,-145.35570787048024,1.2000000000000028,-1.0250000000000008
2009-01-27,1,585,605,84.82000000000001,83.96,84.81,83.97999999999999,stop,-0.8600000000000136,-0.010140313642259329,-101.40313642259329,0.8300000000000125,-1.036144578313254
2009-01-28,-1,595,635,86.13999999999999,86.73,86.14999999999999,86.71000000000001,stop,-0.5900000000000176,-0.006848520023215527,-68.48520023215526,0.5600000000000165,-1.053571428571429
2009-01-29,-1,592,959,85.85999999999999,84.58,85.86999999999999,84.57,eod,1.279999999999987,0.01490625363922193,149.0625363922193,0.5000000000000142,2.559999999999901
2009-01-30,1,589,594,85.27000000000001,84.69,85.26,84.71,stop,-0.5800000000000125,-0.0068027210884355205,-68.0272108843552,0.5500000000000114,-1.0545454545454556
2009-02-02,1,600,959,81.80000000000001,82.58,81.79,82.59,eod,0.7799999999999869,0.009536618168480093,95.36618168480094,0.4900000000000091,1.5918367346938214
2009-02-03,-1,585,667,82.50999999999999,83.27,82.52,83.25,stop,-0.7600000000000051,-0.009209888511875972,-92.09888511875971,0.730000000000004,-1.0410958904109602
2009-02-04,1,585,821,84.53000000000002,83.89,84.52000000000001,83.91,stop,-0.6400000000000148,-0.0075721722669192465,-75.72172266919246,0.6100000000000136,-1.0491803278688532
2009-02-05,-1,588,640,82.53999999999999,83.0,82.55,82.98,stop,-0.46000000000000796,-0.005572380375530078,-55.723803755300786,0.4300000000000068,-1.0697674418604666
2009-02-06,1,586,959,86.06000000000002,86.94999999999999,86.05000000000001,86.96,eod,0.8899999999999721,0.010342823939569692,103.42823939569692,1.3800000000000097,0.6449275362318594
2009-02-09,-1,602,640,86.57999999999998,87.12,86.58999999999999,87.10000000000001,stop,-0.5400000000000205,-0.006236285945259505,-62.362859452595046,0.5100000000000193,-1.0588235294117647
2009-02-10,1,585,620,86.71000000000001,86.14,86.7,86.16,stop,-0.5700000000000074,-0.006574394463667905,-65.74394463667905,0.5400000000000063,-1.055555555555557
2009-02-11,1,588,615,83.81000000000002,83.23,83.80000000000001,83.25,stop,-0.5800000000000125,-0.0069212410501194805,-69.21241050119481,0.5500000000000114,-1.0545454545454556
2009-02-12,-1,593,645,81.66,82.25,81.67,82.23,stop,-0.5900000000000034,-0.0072241949308191914,-72.24194930819192,0.5600000000000023,-1.0535714285714304
2009-02-13,-1,585,624,83.16,83.84,83.17,83.82000000000001,stop,-0.6800000000000068,-0.008176025009017757,-81.76025009017756,0.6500000000000057,-1.0461538461538475
2009-02-17,-1,586,959,79.99,79.23,80.0,79.22,eod,0.7599999999999909,0.009499999999999887,94.99999999999886,0.6300000000000097,1.2063492063491734
2009-02-18,-1,591,729,79.27999999999999,79.86,79.28999999999999,79.84,stop,-0.5800000000000125,-0.007314919914239029,-73.14919914239029,0.5500000000000114,-1.0545454545454556
2009-02-19,-1,614,959,79.68999999999998,78.29,79.69999999999999,78.28,eod,1.3999999999999773,0.017565872020075,175.65872020075,0.46000000000002217,3.043478260869369
2009-02-20,1,588,674,77.20000000000002,76.67,77.19000000000001,76.69,stop,-0.5300000000000153,-0.0068661743749192285,-68.66174374919228,0.5000000000000142,-1.0600000000000005
2009-02-23,-1,589,959,77.55999999999999,74.79,77.57,74.78,eod,2.769999999999982,0.03570968157792938,357.09681577929376,0.710000000000008,3.901408450704156
2009-02-24,1,591,600,75.80000000000001,75.12,75.79,75.14,stop,-0.6800000000000068,-0.008972159915556232,-89.72159915556232,0.6500000000000057,-1.0461538461538475
2009-02-25,-1,585,833,76.79999999999998,77.39,76.80999999999999,77.37,stop,-0.5900000000000176,-0.0076812914985030295,-76.81291498503029,0.5600000000000165,-1.053571428571429
2009-02-26,-1,586,601,77.43999999999998,78.06,77.44999999999999,78.04,stop,-0.6200000000000188,-0.008005164622337234,-80.05164622337234,0.5900000000000176,-1.050847457627119
2009-02-27,1,585,959,74.33000000000001,73.96,74.32000000000001,73.97,eod,-0.37000000000001876,-0.004978471474704235,-49.78471474704235,0.5200000000000102,-0.7115384615384837
2009-03-02,1,590,611,72.79,72.16,72.78,72.17999999999999,stop,-0.6300000000000097,-0.008656224237427998,-86.56224237427998,0.6000000000000085,-1.0500000000000012
2009-03-03,-1,586,959,71.24,70.05000000000001,71.25,70.04,eod,1.1899999999999835,0.01670175438596468,167.0175438596468,0.46000000000000796,2.58695652173905
2009-03-04,-1,591,662,71.02,71.61,71.03,71.59,stop,-0.5900000000000034,-0.008306349429818434,-83.06349429818434,0.5600000000000023,-1.0535714285714304
2009-03-05,1,586,622,70.68,69.95,70.67,69.97,stop,-0.730000000000004,-0.010329701429177924,-103.29701429177925,0.7000000000000028,-1.0428571428571443
2009-03-06,1,585,613,70.43,69.06,70.42,69.08,stop,-1.3700000000000045,-0.019454700369213356,-194.54700369213356,1.3400000000000034,-1.0223880597014934
2009-03-09,1,586,914,68.85000000000001,67.92,68.84,67.94,stop,-0.9300000000000068,-0.013509587449157565,-135.09587449157564,0.9000000000000057,-1.0333333333333343
2009-03-10,1,585,959,70.39000000000001,72.22,70.38000000000001,72.23,eod,1.829999999999984,0.026001705029837792,260.0170502983779,1.0200000000000102,1.7941176470587898
2009-03-11,1,585,778,73.07000000000001,72.28,73.06,72.3,stop,-0.7900000000000063,-0.010813030385984208,-108.13030385984207,0.7600000000000051,-1.0394736842105274
2009-03-12,-1,585,603,72.04999999999998,72.84,72.05999999999999,72.82000000000001,stop,-0.7900000000000205,-0.010963086316958377,-109.63086316958376,0.7600000000000193,-1.0394736842105268
2009-03-13,1,606,667,76.10000000000001,75.38,76.09,75.39999999999999,stop,-0.7200000000000131,-0.009462478643711567,-94.62478643711566,0.6900000000000119,-1.043478260869566
2009-03-16,-1,613,634,76.66999999999999,77.26,76.67999999999999,77.24000000000001,stop,-0.5900000000000176,-0.0076943140323424315,-76.94314032342432,0.5600000000000165,-1.053571428571429
2009-03-17,-1,586,601,75.52,76.27,75.53,76.25,stop,-0.75,-0.00992982920693764,-99.2982920693764,0.7199999999999989,-1.0416666666666683
2009-03-18,1,585,594,77.94000000000001,77.49,77.93,77.50999999999999,stop,-0.45000000000001705,-0.005774412934685192,-57.74412934685191,0.4200000000000159,-1.0714285714285714
2009-03-19,-1,592,959,80.10999999999999,78.9,80.11999999999999,78.89,eod,1.2099999999999795,0.015102346480279328,151.02346480279328,0.8900000000000148,1.3595505617977073
2009-03-20,-1,596,959,78.27,76.72,78.28,76.71,eod,1.5499999999999972,0.019800715380684685,198.00715380684684,0.6310000000000002,2.4564183835182196
2009-03-23,-1,591,601,78.46,79.14,78.47,79.12,stop,-0.6800000000000068,-0.008665732126927575,-86.65732126927576,0.6500000000000057,-1.0461538461538475
2009-03-24,-1,585,598,80.99999999999999,81.43,81.00999999999999,81.41000000000001,stop,-0.43000000000002103,-0.005307986668312815,-53.079866683128145,0.4000000000000199,-1.074999999999999
2009-03-25,1,591,807,81.61000000000001,81.1,81.60000000000001,81.11999999999999,stop,-0.5100000000000193,-0.006250000000000236,-62.500000000002366,0.4800000000000182,-1.0625
2009-03-26,-1,590,783,82.02999999999999,82.73,82.03999999999999,82.71000000000001,stop,-0.700000000000017,-0.008532423208191335,-85.32423208191335,0.6700000000000159,-1.0447761194029856
2009-03-27,1,595,608,82.17000000000002,81.67,82.16000000000001,81.69,stop,-0.5000000000000142,-0.006085686465433473,-60.85686465433473,0.4700000000000131,-1.0638297872340432
2009-03-30,-1,585,959,79.13999999999999,78.81,79.14999999999999,78.8,eod,0.3299999999999841,0.004169298799747115,41.69298799747115,0.7400000000000091,0.44594594594591896
2009-03-31,-1,587,631,79.13999999999999,79.77,79.14999999999999,79.75,stop,-0.6300000000000097,-0.007959570435881361,-79.59570435881362,0.6000000000000085,-1.0500000000000012
2009-04-01,1,596,959,78.745,81.02,78.735,81.03,eod,2.2749999999999915,0.02889439258271406,288.9439258271406,0.41500000000000625,5.48192771084327
2009-04-02,1,586,793,83.18,82.7,83.17,82.72,stop,-0.480000000000004,-0.005771311771071348,-57.713117710713476,0.45000000000000284,-1.0666666666666689
2009-04-03,1,585,587,83.71000000000001,83.28999999999999,83.7,83.30999999999999,stop,-0.4200000000000159,-0.005017921146953595,-50.17921146953595,0.3900000000000148,-1.0769230769230769
2009-04-06,-1,589,609,82.93999999999998,83.5,82.94999999999999,83.48,stop,-0.5600000000000165,-0.006751054852320875,-67.51054852320874,0.5300000000000153,-1.056603773584906
2009-04-07,-1,585,631,81.74,82.29,81.75,82.27000000000001,stop,-0.5500000000000114,-0.0067278287461775095,-67.2782874617751,0.5200000000000102,-1.0576923076923088
2009-04-08,1,585,608,82.52000000000001,81.99,82.51,82.00999999999999,stop,-0.5300000000000153,-0.006423463822567147,-64.23463822567147,0.5000000000000142,-1.0600000000000005
2009-04-09,1,590,959,84.75000000000001,85.80999999999999,84.74000000000001,85.82,eod,1.0599999999999739,0.012508850601840616,125.08850601840615,0.4200000000000159,2.523809523809366
2009-04-13,-1,596,610,84.66999999999999,85.07000000000001,84.67999999999999,85.05000000000001,stop,-0.4000000000000199,-0.004723665564478271,-47.23665564478271,0.37000000000001876,-1.08108108108108
2009-04-14,-1,585,622,84.58999999999999,85.22,84.6,85.2,stop,-0.6300000000000097,-0.007446808510638413,-74.46808510638412,0.6000000000000085,-1.0500000000000012
2009-04-15,1,591,959,84.15,85.28,84.14,85.29,eod,1.1299999999999955,0.013429997623009216,134.29997623009217,0.5400000000000063,2.09259259259256
2009-04-16,-1,585,855,85.35999999999999,86.0,85.36999999999999,85.98,stop,-0.6400000000000148,-0.007496778727890533,-74.96778727890533,0.6100000000000136,-1.0491803278688532
2009-04-17,-1,591,715,86.32,86.9,86.33,86.88000000000001,stop,-0.5800000000000125,-0.006718406116066403,-67.18406116066403,0.5500000000000114,-1.0545454545454556
2009-04-20,-1,585,959,85.08999999999999,83.42,85.1,83.41,eod,1.6699999999999875,0.019623971797884696,196.23971797884695,0.5700000000000074,2.929824561403449
2009-04-21,1,591,959,83.52000000000001,85.05,83.51,85.06,eod,1.529999999999987,0.018321159142617494,183.21159142617495,0.7700000000000102,1.9870129870129436
2009-04-22,1,600,959,84.71000000000001,84.53,84.7,84.54,eod,-0.18000000000000682,-0.0021251475796931147,-21.251475796931146,0.6400000000000148,-0.28125000000000416
2009-04-23,-1,595,879,84.39999999999999,85.0,84.41,84.98,stop,-0.6000000000000085,-0.007108162539983516,-71.08162539983516,0.5700000000000074,-1.0526315789473697
2009-04-24,1,585,959,86.08000000000001,86.64,86.07000000000001,86.65,eod,0.5599999999999881,0.006506332055303684,65.06332055303683,0.3900000000000148,1.4358974358973509
2009-04-27,1,585,836,86.04,85.53,86.03,85.55,stop,-0.5100000000000051,-0.005928164593746427,-59.28164593746427,0.480000000000004,-1.0625000000000018
2009-04-28,1,590,959,85.23,85.58,85.22,85.59,eod,0.3499999999999943,0.004107017132128542,41.070171321285414,0.46999999999999886,0.7446808510638195
2009-04-29,1,585,959,86.77000000000001,87.42999999999999,86.76,87.44,eod,0.6599999999999824,0.007607192254494955,76.07192254494954,0.4700000000000131,1.4042553191488596
2009-04-30,1,606,729,88.81000000000002,88.13,88.80000000000001,88.14999999999999,stop,-0.680000000000021,-0.007657657657657893,-76.57657657657893,0.6500000000000199,-1.0461538461538464
2009-05-01,-1,587,604,86.99999999999999,87.51,87.00999999999999,87.49000000000001,stop,-0.5100000000000193,-0.005861395241926438,-58.61395241926438,0.4800000000000182,-1.0625
2009-05-04,1,585,959,88.92000000000002,90.92,88.91000000000001,90.93,eod,1.9999999999999858,0.022494657518839112,224.9465751883911,0.5400000000000205,3.703703703703537
2009-05-05,-1,586,959,90.50999999999999,90.52000000000001,90.52,90.51,eod,-0.010000000000019327,-0.00011047282368558691,-1.104728236855869,0.4200000000000159,-0.023809523809568925
2009-05-06,-1,585,839,91.27,91.77,91.28,91.75,stop,-0.5,-0.005477651183172656,-54.77651183172656,0.46999999999999886,-1.0638297872340452
2009-05-07,-1,586,959,92.91,90.85000000000001,92.92,90.84,eod,2.059999999999988,0.022169608265174216,221.69608265174216,0.2400000000000091,8.58333333333296
2009-05-08,1,585,615,92.46000000000001,91.91,92.45,91.92999999999999,stop,-0.5500000000000114,-0.0059491617090320316,-59.49161709032032,0.5200000000000102,-1.0576923076923088
2009-05-11,-1,585,637,91.17999999999999,91.83,91.19,91.81,stop,-0.6500000000000057,-0.0071279745586139455,-71.27974558613946,0.6200000000000045,-1.048387096774195
2009-05-12,-1,585,959,91.00999999999999,91.03,91.02,91.02,eod,-0.020000000000010232,-0.00021973192704911263,-2.197319270491126,0.8200000000000074,-0.024390243902451283
2009-05-13,1,615,699,89.77000000000001,89.12,89.76,89.14,stop,-0.6500000000000057,-0.0072415329768271575,-72.41532976827158,0.6200000000000045,-1.048387096774195
2009-05-14,-1,587,613,88.69999999999999,89.25,88.71,89.23,stop,-0.5500000000000114,-0.006199977454627566,-61.99977454627566,0.5200000000000102,-1.0576923076923088
2009-05-15,-1,614,637,89.1,89.88,89.11,89.86,stop,-0.7800000000000011,-0.008753226349455741,-87.53226349455741,0.75,-1.0400000000000016
2009-05-18,1,588,613,89.82000000000001,89.38,89.81,89.39999999999999,stop,-0.44000000000001194,-0.004899231711390847,-48.99231711390847,0.4100000000000108,-1.073170731707318
2009-05-19,-1,591,627,90.97999999999999,91.49,90.99,91.47,stop,-0.5100000000000051,-0.005605011539729698,-56.05011539729698,0.480000000000004,-1.0625000000000018
2009-05-20,1,586,713,92.27000000000001,91.84,92.26,91.86,stop,-0.4300000000000068,-0.004660741383047982,-46.607413830479814,0.4000000000000057,-1.0750000000000017
2009-05-21,1,588,619,89.67000000000002,89.22,89.66000000000001,89.24,stop,-0.45000000000001705,-0.005018960517510785,-50.18960517510785,0.4200000000000159,-1.0714285714285714
2009-05-22,-1,585,621,88.85,89.57000000000001,88.86,89.55000000000001,stop,-0.7200000000000131,-0.008102633355840796,-81.02633355840796,0.6900000000000119,-1.043478260869566
2009-05-26,1,586,959,89.05000000000001,91.30999999999999,89.04,91.32,eod,2.2599999999999767,0.025381850853548705,253.81850853548704,0.7300000000000182,3.0958904109587952
2009-05-27,1,592,605,91.47000000000001,91.02,91.46000000000001,91.03999999999999,stop,-0.45000000000001705,-0.004920183686857829,-49.20183686857829,0.4200000000000159,-1.0714285714285714
2009-05-28,-1,596,795,90.29999999999998,90.73,90.30999999999999,90.71000000000001,stop,-0.43000000000002103,-0.004761377477577468,-47.61377477577468,0.4000000000000199,-1.074999999999999
2009-05-29,-1,585,952,90.92999999999999,91.71000000000001,90.94,91.69000000000001,stop,-0.7800000000000153,-0.008577083791511056,-85.77083791511056,0.7500000000000142,-1.0400000000000007
2009-06-01,1,585,959,93.9,94.75999999999999,93.89,94.77,eod,0.8599999999999852,0.009159654915326288,91.59654915326288,0.46999999999999886,1.829787234042526
2009-06-02,-1,591,592,94.13999999999999,94.77,94.14999999999999,94.75,stop,-0.6300000000000097,-0.0066914498141264975,-66.91449814126497,0.6000000000000085,-1.0500000000000012
2009-06-03,-1,585,959,93.74999999999999,93.66000000000001,93.75999999999999,93.65,eod,0.08999999999997499,0.0009598976109212351,9.598976109212352,0.38000000000000966,0.23684210526308605
2009-06-04,-1,587,653,93.74999999999999,94.08,93.75999999999999,94.06,stop,-0.3300000000000125,-0.0035196245733789735,-35.19624573378974,0.30000000000001137,-1.1
2009-06-05,-1,585,959,95.27,94.54,95.28,94.53,eod,0.7299999999999898,0.007661628883291244,76.61628883291245,0.4000000000000057,1.8249999999999484
2009-06-08,-1,585,919,93.42009999999999,94.02,93.4301,94.0,stop,-0.5999000000000052,-0.006420842961743649,-64.20842961743648,0.5699000000000041,-1.0526408141779275
2009-06-09,1,585,596,94.97000000000001,94.48,94.96000000000001,94.5,stop,-0.4900000000000091,-0.0051600673967987475,-51.600673967987476,0.46000000000000796,-1.0652173913043492
2009-06-10,-1,585,959,95.10999999999999,94.36500000000001,95.11999999999999,94.355,eod,0.7449999999999761,0.007832211942808833,78.32211942808833,0.38000000000000966,1.960526315789361
2009-06-11,1,585,959,94.94000000000001,94.86999999999999,94.93,94.88,eod,-0.0700000000000216,-0.0007373854419047887,-7.373854419047887,0.38000000000000966,-0.18421052631584164
2009-06-12,-1,595,621,94.24,94.55,94.25,94.53,stop,-0.3100000000000023,-0.0032891246684350374,-32.89124668435037,0.28000000000000114,-1.1071428571428608
2009-06-15,-1,585,959,93.55999999999999,92.87,93.57,92.86,eod,0.6899999999999835,0.007374158384097292,73.74158384097292,0.46000000000000796,1.4999999999999383
2009-06-16,-1,618,959,92.88,91.67,92.89,91.66,eod,1.2099999999999937,0.013026159974162921,130.2615997416292,0.4100000000000108,2.951219512195029
2009-06-17,-1,588,741,91.38999999999999,91.84,91.39999999999999,91.82000000000001,stop,-0.45000000000001705,-0.004923413566739793,-49.23413566739793,0.4200000000000159,-1.0714285714285714
2009-06-18,1,593,959,91.77000000000001,92.17,91.76,92.18,eod,0.3999999999999915,0.004359197907584911,43.59197907584911,0.5200000000000102,0.7692307692307377
2009-06-19,1,585,611,92.71000000000001,92.395,92.7,92.41499999999999,stop,-0.31500000000001194,-0.0033980582524273132,-33.98058252427313,0.2850000000000108,-1.105263157894737
2009-06-22,-1,585,959,90.55999999999999,89.27000000000001,90.57,89.26,eod,1.2899999999999778,0.014243126863199491,142.43126863199493,0.6300000000000097,2.047619047618981
2009-06-23,1,593,611,89.78000000000002,89.32,89.77000000000001,89.33999999999999,stop,-0.46000000000002217,-0.005124206305001917,-51.24206305001917,0.43000000000002103,-1.0697674418604644
2009-06-24,1,591,873,90.31000000000002,90.01,90.30000000000001,90.03,stop,-0.30000000000001137,-0.00332225913621275,-33.2225913621275,0.27000000000001023,-1.1111111111111112
2009-06-25,1,585,959,90.08000000000001,92.02,90.07000000000001,92.03,eod,1.9399999999999835,0.021538803153102956,215.38803153102955,0.5100000000000193,3.8039215686272745
2009-06-26,1,585,600,92.03000000000002,91.45,92.02000000000001,91.47,stop,-0.5800000000000125,-0.006302977613562404,-63.02977613562405,0.5500000000000114,-1.0545454545454556
2009-06-29,-1,589,618,91.82,92.23,91.83,92.21000000000001,stop,-0.4100000000000108,-0.0044647718610477055,-44.64771861047706,0.38000000000000966,-1.0789473684210535
2009-06-30,1,585,601,93.01,92.62,93.0,92.64,stop,-0.39000000000000057,-0.00419354838709678,-41.9354838709678,0.35999999999999943,-1.0833333333333366
2009-07-01,1,588,944,92.71000000000001,92.3,92.7,92.32,stop,-0.4100000000000108,-0.004422869471413277,-44.228694714132764,0.38000000000000966,-1.0789473684210535
2009-07-02,-1,592,959,90.47999999999999,89.83,90.49,89.82,eod,0.6499999999999915,0.007183114156260267,71.83114156260267,0.6800000000000068,0.9558823529411543
2009-07-06,1,589,620,89.48,88.83,89.47,88.85,stop,-0.6500000000000057,-0.00726500502961893,-72.6500502961893,0.6200000000000045,-1.048387096774195
2009-07-07,-1,585,959,89.38999999999999,88.11,89.39999999999999,88.1,eod,1.279999999999987,0.014317673378075917,143.17673378075918,0.4300000000000068,2.976744186046434
2009-07-08,1,585,599,88.63000000000001,88.3,88.62,88.32,stop,-0.3300000000000125,-0.003723764387271637,-37.23764387271637,0.30000000000001137,-1.1
2009-07-09,-1,589,791,88.1,88.73,88.11,88.71000000000001,stop,-0.6300000000000097,-0.007150153217569058,-71.50153217569057,0.6000000000000085,-1.0500000000000012
2009-07-10,1,587,611,88.16000000000001,87.62,88.15,87.64,stop,-0.5400000000000063,-0.0061259217243335926,-61.259217243335925,0.5100000000000051,-1.0588235294117663
2009-07-13,-1,593,655,88.10999999999999,88.63,88.11999999999999,88.61,stop,-0.5200000000000102,-0.005901044030867116,-59.010440308671164,0.4900000000000091,-1.0612244897959195
2009-07-14,-1,585,711,90.08999999999999,90.62,90.1,90.60000000000001,stop,-0.5300000000000153,-0.005882352941176641,-58.823529411766415,0.5000000000000142,-1.0600000000000005
2009-07-15,1,585,959,92.13000000000001,93.32,92.12,93.33,eod,1.1899999999999835,0.012917933130698908,129.17933130698907,0.45000000000000284,2.644444444444391
2009-07-16,1,585,606,93.4,92.87,93.39,92.89,stop,-0.5300000000000011,-0.005675125816468585,-56.75125816468585,0.5,-1.0600000000000023
2009-07-17,-1,590,630,93.63999999999999,94.11,93.64999999999999,94.09,stop,-0.4700000000000131,-0.005018686599039115,-50.18686599039115,0.44000000000001194,-1.068181818181819
2009-07-20,-1,610,905,94.57999999999998,95.03,94.58999999999999,95.01,stop,-0.45000000000001705,-0.004757373929591047,-47.57373929591047,0.4200000000000159,-1.0714285714285714
2009-07-21,-1,585,959,95.29999999999998,95.59,95.30999999999999,95.58,eod,-0.29000000000002046,-0.0030427027594168553,-30.427027594168553,0.6000000000000227,-0.4833333333333491
2009-07-22,1,586,959,95.41000000000001,95.53,95.4,95.54,eod,0.11999999999999034,0.0012578616352200245,12.578616352200244,0.5200000000000102,0.23076923076920763
2009-07-23,1,585,959,95.9,97.67,95.89,97.68,eod,1.769999999999996,0.018458650537073688,184.5865053707369,0.37000000000000455,4.783783783783714
2009-07-24,-1,596,810,97.04999999999998,97.67,97.05999999999999,97.65,stop,-0.6200000000000188,-0.00638780135998371,-63.8780135998371,0.5900000000000176,-1.050847457627119
2009-07-27,1,586,614,98.09,97.69,98.08,97.71,stop,-0.4000000000000057,-0.004078303425774935,-40.78303425774936,0.37000000000000455,-1.0810810810810831
2009-07-28,1,585,613,98.10000000000001,97.57,98.09,97.58999999999999,stop,-0.5300000000000153,-0.005403201141808699,-54.032011418086995,0.5000000000000142,-1.0600000000000005
2009-07-29,1,586,702,97.58000000000001,97.07,97.57000000000001,97.08999999999999,stop,-0.5100000000000193,-0.005227016500973858,-52.27016500973858,0.4800000000000182,-1.0625
2009-07-30,-1,586,592,98.63,98.99,98.64,98.97,stop,-0.35999999999999943,-0.0036496350364963446,-36.49635036496345,0.3299999999999983,-1.0909090909090948
2009-07-31,1,586,601,99.35000000000001,98.53,99.34,98.55,stop,-0.8200000000000074,-0.008254479565129931,-82.54479565129931,0.7900000000000063,-1.0379746835443049
2009-08-03,-1,591,605,99.35,100.04,99.36,100.02000000000001,stop,-0.6900000000000119,-0.006944444444444565,-69.44444444444565,0.6600000000000108,-1.0454545454545465
2009-08-04,1,597,959,100.11000000000001,100.67999999999999,100.10000000000001,100.69,eod,0.569999999999979,0.005694305694305484,56.94305694305484,0.3300000000000125,1.727272727272598
2009-08-05,-1,587,959,100.44999999999999,100.42,100.46,100.41,eod,0.029999999999986926,0.0002986263189327785,2.9862631893277847,0.40500000000001535,0.07407407407403899
2009-08-06,-1,585,959,100.61999999999999,99.89,100.63,99.88,eod,0.7299999999999898,0.0072542979230844655,72.54297923084465,0.4000000000000057,1.8249999999999484
2009-08-07,-1,600,638,100.60999999999999,101.21000000000001,100.61999999999999,101.19000000000001,stop,-0.6000000000000227,-0.005963029218843399,-59.63029218843399,0.5700000000000216,-1.0526315789473684
2009-08-10,1,596,788,101.04,100.52,101.03,100.53999999999999,stop,-0.5200000000000102,-0.005146986043749482,-51.46986043749482,0.4900000000000091,-1.0612244897959195
2009-08-11,-1,587,959,100.24999999999999,99.67,100.25999999999999,99.66,eod,0.5799999999999841,0.005784959106323401,57.84959106323401,0.36000000000001364,1.611111111111006
2009-08-12,1,585,959,100.16000000000001,100.77,100.15,100.78,eod,0.6099999999999852,0.006090863704443187,60.90863704443187,0.6300000000000097,0.96825396825393
2009-08-13,-1,585,654,100.78999999999999,101.34,100.8,101.32000000000001,stop,-0.5500000000000114,-0.00545634920634932,-54.5634920634932,0.5200000000000102,-1.0576923076923088
2009-08-14,-1,585,959,101.07999999999998,100.74000000000001,101.08999999999999,100.73,eod,0.339999999999975,0.003363339598377436,33.63339598377436,0.5200000000000102,0.6538461538460929
2009-08-17,-1,585,959,98.35999999999999,98.24000000000001,98.36999999999999,98.23,eod,0.11999999999997613,0.0012198841110092114,12.198841110092115,0.5900000000000176,0.20338983050842804
2009-08-18,-1,586,603,98.46,98.81,98.47,98.79,stop,-0.3500000000000085,-0.0035543820452930692,-35.543820452930696,0.3200000000000074,-1.0937500000000013
2009-08-19,1,585,959,98.75000000000001,99.99,98.74000000000001,100.0,eod,1.2399999999999807,0.01255823374518919,125.5823374518919,0.5000000000000142,2.4799999999998907
2009-08-20,1,598,959,100.59,101.00999999999999,100.58,101.02,eod,0.4199999999999875,0.004175780473254996,41.757804732549964,0.7199999999999989,0.5833333333333169
2009-08-21,-1,591,599,101.66999999999999,101.98,101.67999999999999,101.96000000000001,stop,-0.3100000000000165,-0.0030487804878050404,-30.487804878050405,0.28000000000001535,-1.1071428571428554
2009-08-24,1,609,789,103.73,103.17999999999999,103.72,103.19999999999999,stop,-0.5500000000000114,-0.005302738141149357,-53.02738141149357,0.5200000000000102,-1.0576923076923088
2009-08-25,1,585,877,103.58000000000001,103.09,103.57000000000001,103.11,stop,-0.4900000000000091,-0.004731099739306836,-47.31099739306836,0.46000000000000796,-1.0652173913043492
2009-08-26,-1,588,600,102.6,103.01,102.61,102.99000000000001,stop,-0.4100000000000108,-0.00399571191891639,-39.9571191891639,0.38000000000000966,-1.0789473684210535
2009-08-27,-1,585,795,102.50999999999999,103.18,102.52,103.16000000000001,stop,-0.6700000000000159,-0.006535310183379008,-65.35310183379008,0.6400000000000148,-1.0468750000000007
2009-08-28,-1,585,959,103.72999999999999,103.34,103.74,103.33,eod,0.38999999999998636,0.0037593984962404703,37.593984962404704,0.6200000000000045,0.6290322580644895
2009-08-31,-1,588,959,102.05999999999999,102.59,102.07,102.57000000000001,stop,-0.5300000000000153,-0.005192514940727103,-51.92514940727103,0.5000000000000142,-1.0600000000000005
2009-09-01,1,585,670,102.52000000000001,101.86,102.51,101.88,stop,-0.6600000000000108,-0.006438396254024103,-64.38396254024103,0.6300000000000097,-1.0476190476190488
2009-09-02,1,590,632,100.14000000000001,99.64,100.13000000000001,99.66,stop,-0.5000000000000142,-0.004993508439029404,-49.93508439029404,0.4700000000000131,-1.0638297872340432
2009-09-03,-1,598,607,100.19999999999999,100.65,100.21,100.63000000000001,stop,-0.45000000000001705,-0.0044905698034130035,-44.90569803413003,0.4200000000000159,-1.0714285714285714
2009-09-04,-1,590,623,100.6,101.17,100.61,101.15,stop,-0.5700000000000074,-0.005665440811052653,-56.65440811052653,0.5400000000000063,-1.055555555555557
2009-09-08,-1,585,959,102.57,102.91000000000001,102.58,102.9,eod,-0.3400000000000176,-0.0033144862546307043,-33.144862546307046,0.480000000000004,-0.7083333333333641
2009-09-09,1,588,959,103.22000000000001,103.75,103.21000000000001,103.76,eod,0.5299999999999869,0.00513516132157724,51.351613215772396,0.4200000000000159,1.261904761904683
2009-09-10,-1,585,638,103.38,103.89,103.39,103.87,stop,-0.5100000000000051,-0.00493277879872333,-49.3277879872333,0.480000000000004,-1.0625000000000018
2009-09-11,1,595,606,105.26,104.81,105.25,104.83,stop,-0.45000000000000284,-0.004275534441805253,-42.75534441805253,0.4200000000000017,-1.0714285714285738
2009-09-14,1,585,896,104.35000000000001,103.84,104.34,103.86,stop,-0.5100000000000051,-0.0048878665899942985,-48.87866589994299,0.480000000000004,-1.0625000000000018
2009-09-15,1,585,595,105.66000000000001,105.17999999999999,105.65,105.19999999999999,stop,-0.4800000000000182,-0.004543303360151615,-45.43303360151615,0.45000000000001705,-1.0666666666666667
2009-09-16,-1,585,616,105.85,106.27,105.86,106.25,stop,-0.4200000000000017,-0.003967504250897428,-39.67504250897428,0.39000000000000057,-1.0769230769230798
2009-09-17,1,588,732,107.46000000000001,107.13,107.45,107.14999999999999,stop,-0.3300000000000125,-0.003071195905072243,-30.71195905072243,0.30000000000001137,-1.1
2009-09-18,-1,592,959,106.74,106.74000000000001,106.75,106.73,eod,-1.4210854715202004e-14,-1.3312276079814523e-16,-1.3312276079814524e-12,0.4200000000000017,-3.383536836952844e-14
2009-09-21,1,585,595,106.20000000000002,105.73,106.19000000000001,105.75,stop,-0.4700000000000131,-0.004426028816272841,-44.260288162728415,0.44000000000001194,-1.068181818181819
2009-09-22,-1,585,720,106.83999999999999,107.14,106.85,107.12,stop,-0.30000000000001137,-0.002807674309780172,-28.07674309780172,0.27000000000001023,-1.1111111111111112
2009-09-23,-1,596,797,107.05999999999999,107.36,107.07,107.34,stop,-0.30000000000001137,-0.002801905295601115,-28.01905295601115,0.27000000000001023,-1.1111111111111112
2009-09-24,-1,585,959,106.18999999999998,105.05000000000001,106.19999999999999,105.04,eod,1.1399999999999721,0.010734463276835898,107.34463276835898,0.45000000000001705,2.5333333333331756
2009-09-25,1,585,717,105.09,104.52,105.08,104.53999999999999,stop,-0.5700000000000074,-0.005424438523030143,-54.244385230301425,0.5400000000000063,-1.055555555555557
2009-09-28,1,585,959,105.42000000000002,106.3,105.41000000000001,106.31,eod,0.8799999999999812,0.008348354046105504,83.48354046105504,0.5900000000000176,1.4915254237287372
2009-09-29,1,596,600,106.9,106.34,106.89,106.36,stop,-0.5600000000000023,-0.0052390307793058494,-52.3903077930585,0.5300000000000011,-1.0566037735849076
2009-09-30,-1,585,959,105.60999999999999,105.60000000000001,105.61999999999999,105.59,eod,0.009999999999976694,9.467903806075265e-05,0.9467903806075265,0.8500000000000085,0.011764705882325404
2009-10-01,-1,600,959,104.69999999999999,103.0,104.71,102.99,eod,1.6999999999999886,0.01623531658867337,162.3531658867337,0.6800000000000068,2.4999999999999583
2009-10-02,1,588,959,102.45000000000002,102.53999999999999,102.44000000000001,102.55,eod,0.08999999999997499,0.0008785630613039338,8.785630613039338,0.46000000000002217,0.19565217391297968
2009-10-05,1,594,959,103.35000000000001,104.02,103.34,104.03,eod,0.6699999999999875,0.006483452680472106,64.83452680472107,0.7500000000000142,0.8933333333332998
2009-10-06,1,585,959,105.34,105.50999999999999,105.33,105.52,eod,0.1699999999999875,0.0016139751257950015,16.139751257950014,0.6300000000000097,0.26984126984124585
2009-10-07,-1,588,617,105.10999999999999,105.69,105.11999999999999,105.67,stop,-0.5800000000000125,-0.0055175038051751574,-55.17503805175158,0.5500000000000114,-1.0545454545454556
2009-10-08,-1,600,675,106.29499999999999,106.83,106.30499999999999,106.81,stop,-0.5350000000000108,-0.0050326889610085215,-50.32688961008522,0.5050000000000097,-1.0594059405940606
2009-10-09,1,585,959,106.78000000000002,107.22999999999999,106.77000000000001,107.24,eod,0.4499999999999744,0.004214667041303497,42.14667041303497,0.4200000000000159,1.07142857142847
2009-10-12,1,585,858,107.99000000000001,107.62,107.98,107.64,stop,-0.37000000000000455,-0.0034265604741619236,-34.265604741619235,0.3400000000000034,-1.0882352941176494
2009-10-13,-1,594,707,107.16,107.59,107.17,107.57000000000001,stop,-0.4300000000000068,-0.004012316879723867,-40.12316879723867,0.4000000000000057,-1.0750000000000017
2009-10-14,-1,585,685,108.49,108.82000000000001,108.5,108.80000000000001,stop,-0.3300000000000125,-0.0030414746543779955,-30.414746543779955,0.30000000000001137,-1.1
2009-10-15,1,591,959,109.14000000000001,109.61999999999999,109.13000000000001,109.63,eod,0.47999999999997556,0.004398423898102955,43.98423898102955,0.4000000000000199,1.1999999999998792
2009-10-16,1,589,596,109.02000000000001,108.6,109.01,108.61999999999999,stop,-0.4200000000000159,-0.003852857536006017,-38.52857536006017,0.3900000000000148,-1.0769230769230769
2009-10-19,-1,587,622,108.91999999999999,109.27,108.92999999999999,109.25,stop,-0.3500000000000085,-0.0032130726154411876,-32.130726154411875,0.3200000000000074,-1.0937500000000013
2009-10-20,-1,585,959,109.335,109.23,109.345,109.22,eod,0.10499999999998977,0.0009602633865287829,9.602633865287828,0.6500000000000057,0.1615384615384444
2009-10-21,1,585,930,109.60000000000001,108.96,109.59,108.97999999999999,stop,-0.6400000000000148,-0.005839948900447256,-58.39948900447256,0.6100000000000136,-1.0491803278688532
2009-10-22,-1,588,767,107.99,108.545,108.0,108.525,stop,-0.5550000000000068,-0.005138888888888952,-51.388888888889525,0.5250000000000057,-1.0571428571428587
2009-10-23,-1,585,959,109.27999999999999,108.08,109.28999999999999,108.07,eod,1.1999999999999886,0.010979961570134401,109.79961570134401,0.4800000000000182,2.4999999999998814
2009-10-26,1,585,690,108.66000000000001,108.16,108.65,108.17999999999999,stop,-0.5000000000000142,-0.0046019328117810785,-46.01932811781079,0.4700000000000131,-1.0638297872340432
2009-10-27,1,594,599,107.33000000000001,106.74,107.32000000000001,106.75999999999999,stop,-0.5900000000000176,-0.005497577338800015,-54.97577338800015,0.5600000000000165,-1.053571428571429
2009-10-28,1,585,594,106.39000000000001,105.92999999999999,106.38000000000001,105.94999999999999,stop,-0.46000000000002217,-0.004324121075390319,-43.24121075390319,0.43000000000002103,-1.0697674418604644
2009-10-29,-1,585,602,104.99999999999999,105.46000000000001,105.00999999999999,105.44000000000001,stop,-0.46000000000002217,-0.004380535187125247,-43.80535187125247,0.43000000000002103,-1.0697674418604644
2009-10-30,-1,592,959,105.85999999999999,103.64,105.86999999999999,103.63,eod,2.2199999999999847,0.02096911306319056,209.69113063190562,0.7600000000000193,2.9210526315788528
2009-11-02,-1,585,600,104.03999999999999,104.55,104.05,104.53,stop,-0.5100000000000051,-0.004901489668428689,-49.014896684286896,0.480000000000004,-1.0625000000000018
2009-11-03,1,585,959,104.17000000000002,104.66,104.16000000000001,104.67,eod,0.4899999999999807,0.004704301075268631,47.04301075268631,0.6300000000000097,0.7777777777777352
2009-11-04,-1,585,600,105.27,105.75,105.28,105.73,stop,-0.480000000000004,-0.004559270516717363,-45.592705167173634,0.45000000000000284,-1.0666666666666689
2009-11-05,1,586,959,105.77000000000001,106.85,105.76,106.86,eod,1.079999999999984,0.010211800302571709,102.11800302571709,0.3300000000000125,3.2727272727271006
2009-11-06,1,585,959,107.03000000000002,107.14,107.02000000000001,107.15,eod,0.10999999999998522,0.0010278452625676062,10.278452625676062,0.9800000000000182,0.1122448979591665
2009-11-09,1,594,959,108.31000000000002,109.57,108.30000000000001,109.58,eod,1.2599999999999767,0.011634349030470698,116.34349030470698,0.44000000000001194,2.863636363636233
2009-11-10,1,585,666,109.71000000000001,109.23,109.7,109.25,stop,-0.480000000000004,-0.004375569735642698,-43.75569735642698,0.45000000000000284,-1.0666666666666689
2009-11-11,-1,585,597,110.13999999999999,110.42660000000001,110.14999999999999,110.40660000000001,stop,-0.2866000000000213,-0.002601906491148627,-26.01906491148627,0.25660000000002015,-1.1169134840218191
2009-11-12,1,591,671,110.11000000000001,109.62,110.10000000000001,109.64,stop,-0.4900000000000091,-0.0044504995458674755,-44.504995458674756,0.46000000000000796,-1.0652173913043492
2009-11-13,1,592,595,109.4,109.03,109.39,109.05,stop,-0.37000000000000455,-0.0033823932717799115,-33.82393271779912,0.3400000000000034,-1.0882352941176494
2009-11-16,1,589,959,111.04,111.19999999999999,111.03,111.21,eod,0.15999999999998238,0.001441051967936435,14.41051967936435,0.7200000000000131,0.2222222222221937
2009-11-17,1,585,640,111.15,110.71,111.14,110.72999999999999,stop,-0.44000000000001194,-0.003958970667626524,-39.589706676265244,0.4100000000000108,-1.073170731707318
2009-11-18,-1,590,959,111.04999999999998,111.29,111.05999999999999,111.28,eod,-0.2400000000000233,-0.0021609940572665525,-21.609940572665526,0.3800000000000239,-0.6315789473684427
2009-11-19,-1,585,745,109.71,110.59,109.72,110.57000000000001,stop,-0.8800000000000097,-0.00802041560335408,-80.2041560335408,0.8500000000000085,-1.0352941176470598
2009-11-20,-1,606,959,109.21,109.53,109.22,109.52,eod,-0.3200000000000074,-0.0029298663248489964,-29.298663248489962,0.5500000000000114,-0.5818181818181832
2009-11-23,1,585,935,111.26,110.66,111.25,110.67999999999999,stop,-0.6000000000000085,-0.005393258426966369,-53.93258426966369,0.5700000000000074,-1.0526315789473697
2009-11-24,-1,585,888,110.6,111.08,110.61,111.06,stop,-0.480000000000004,-0.004339571467317638,-43.39571467317638,0.45000000000000284,-1.0666666666666689
2009-11-25,1,600,959,111.23,111.36,111.22,111.37,eod,0.12999999999999545,0.0011688545225678425,11.688545225678425,0.4100000000000108,0.3170731707316879
2009-11-30,1,606,691,109.80000000000001,109.14,109.79,109.16,stop,-0.6600000000000108,-0.006011476455050649,-60.11476455050649,0.6300000000000097,-1.0476190476190488
2009-12-01,-1,600,680,110.89999999999999,111.36,110.91,111.34,stop,-0.46000000000000796,-0.004147506987647714,-41.47506987647714,0.4300000000000068,-1.0697674418604666
2009-12-02,1,601,739,111.60000000000001,111.17999999999999,111.59,111.19999999999999,stop,-0.4200000000000159,-0.003763778116318809,-37.63778116318809,0.3900000000000148,-1.0769230769230769
2009-12-03,1,585,601,112.00000000000001,111.41,111.99000000000001,111.42999999999999,stop,-0.5900000000000176,-0.0052683275292438395,-52.683275292438395,0.5600000000000165,-1.053571428571429
2009-12-04,1,588,656,112.36000000000001,111.62,112.35000000000001,111.64,stop,-0.7400000000000091,-0.006586559857587975,-65.86559857587974,0.710000000000008,-1.0422535211267616
2009-12-07,1,585,870,111.34,110.85,111.33,110.86999999999999,stop,-0.4900000000000091,-0.004401329381119277,-44.01329381119277,0.46000000000000796,-1.0652173913043492
2009-12-08,-1,585,701,109.36999999999999,110.12,109.38,110.10000000000001,stop,-0.7500000000000142,-0.006856829402084606,-68.56829402084607,0.7200000000000131,-1.0416666666666674
2009-12-09,-1,587,645,109.08999999999999,109.92530000000001,109.1,109.90530000000001,stop,-0.8353000000000179,-0.007656278643446544,-76.56278643446544,0.8053000000000168,-1.037253197566125
2009-12-10,-1,605,959,110.66,110.66000000000001,110.67,110.65,eod,-1.4210854715202004e-14,-1.284074700930876e-16,-1.284074700930876e-12,0.46000000000000796,-3.089316242435165e-14
2009-12-11,-1,586,598,111.00999999999999,111.28,111.02,111.26,stop,-0.27000000000001023,-0.002431994235273016,-24.319942352730163,0.2400000000000091,-1.125
2009-12-14,-1,585,700,111.53999999999999,111.91,111.55,111.89,stop,-0.37000000000000455,-0.0033168982519050164,-33.16898251905016,0.3400000000000034,-1.0882352941176494
2009-12-15,-1,589,616,111.33999999999999,111.59,111.35,111.57000000000001,stop,-0.2500000000000142,-0.0022451728783117577,-22.451728783117577,0.22000000000001307,-1.1363636363636334
2009-12-16,1,587,623,111.95000000000002,111.73,111.94000000000001,111.75,stop,-0.22000000000001307,-0.0019653385742363144,-19.653385742363145,0.19000000000001194,-1.1578947368421013
2009-12-17,-1,597,959,110.54999999999998,110.17,110.55999999999999,110.16,eod,0.37999999999998124,0.0034370477568739263,34.37047756873926,0.3800000000000239,0.9999999999998878
2009-12-18,1,585,623,110.25000000000001,109.88,110.24000000000001,109.89999999999999,stop,-0.37000000000001876,-0.003356313497823102,-33.56313497823102,0.3400000000000176,-1.0882352941176459
2009-12-21,1,602,959,111.37,111.33,111.36,111.34,eod,-0.04000000000000625,-0.00035919540229890673,-3.5919540229890674,0.6099999999999994,-0.0655737704918136
2009-12-22,1,600,690,111.87,111.42999999999999,111.86,111.44999999999999,stop,-0.44000000000001194,-0.003933488288932701,-39.33488288932701,0.4100000000000108,-1.073170731707318
2009-12-23,-1,600,827,111.88,112.13,111.89,112.11,stop,-0.25,-0.0022343372955581373,-22.343372955581373,0.21999999999999886,-1.1363636363636422
2009-12-28,-1,613,959,112.75999999999999,112.75,112.77,112.74,eod,0.009999999999990905,8.867606632961697e-05,0.8867606632961698,0.23000000000000398,0.04347826086952492
2009-12-29,-1,603,959,112.79999999999998,112.59,112.80999999999999,112.58,eod,0.20999999999997954,0.0018615370977748387,18.615370977748388,0.2300000000000182,0.9130434782607084
2009-12-31,-1,599,959,112.6,111.45,112.61,111.44,eod,1.1499999999999915,0.01021223692389656,102.12236923896559,0.20000000000000284,5.749999999999876
2010-01-04,1,585,959,112.77000000000001,113.30999999999999,112.76,113.32,eod,0.5399999999999778,0.004788932245476923,47.88932245476923,0.44000000000001194,1.2272727272726436
2010-01-05,-1,599,615,113.07,113.39,113.08,113.37,stop,-0.3200000000000074,-0.0028298549699328564,-28.298549699328564,0.29000000000000625,-1.1034482758620707
2010-01-06,-1,585,604,113.42999999999999,113.73,113.44,113.71000000000001,stop,-0.30000000000001137,-0.00264456981664326,-26.4456981664326,0.27000000000001023,-1.1111111111111112
2010-01-07,-1,592,645,113.39999999999999,113.72,113.41,113.7,stop,-0.3200000000000074,-0.002821620668371461,-28.21620668371461,0.29000000000000625,-1.1034482758620707
2010-01-08,1,598,959,114.04,114.55999999999999,114.03,114.57,eod,0.5199999999999818,0.00456020345523092,45.602034552309206,0.38000000000000966,1.3684210526314964
2010-01-11,-1,595,959,114.66499999999999,114.74000000000001,114.675,114.73,eod,-0.07500000000001705,-0.0006540222367561984,-6.5402223675619835,0.4650000000000034,-0.16129032258068066
2010-01-12,-1,585,593,113.83999999999999,114.13,113.85,114.11,stop,-0.29000000000000625,-0.0025472112428634717,-25.472112428634716,0.2600000000000051,-1.1153846153846174
2010-01-13,-1,605,718,113.77,114.14,113.78,114.12,stop,-0.37000000000000455,-0.003251889611531065,-32.518896115310646,0.3400000000000034,-1.0882352941176494
2010-01-14,1,586,959,114.66000000000001,114.91,114.65,114.92,eod,0.2499999999999858,0.002180549498473491,21.80549498473491,0.2400000000000091,1.041666666666568
2010-01-15,-1,587,959,114.49999999999999,113.67,114.50999999999999,113.66,eod,0.8299999999999841,0.007248275259802499,72.48275259802499,0.3400000000000176,2.441176470588062
2010-01-19,1,585,959,114.11000000000001,115.05,114.10000000000001,115.06,eod,0.9399999999999835,0.008238387379491528,82.38387379491529,0.5300000000000153,1.7735849056602948
2010-01-20,-1,585,959,113.94999999999999,113.9,113.96,113.89,eod,0.04999999999998295,0.00043875043875028915,4.387504387502892,0.5000000000000142,0.09999999999996305
2010-01-21,-1,586,959,113.86999999999999,111.69000000000001,113.88,111.68,eod,2.1799999999999784,0.019142957499121694,191.42957499121695,0.4000000000000057,5.449999999999869
2010-01-22,-1,604,959,110.99,109.23,111.0,109.22,eod,1.759999999999991,0.015855855855855774,158.55855855855773,0.6300000000000097,2.793650793650736
2010-01-25,-1,600,604,109.99999999999999,110.38,110.00999999999999,110.36,stop,-0.38000000000000966,-0.003454231433506133,-34.542314335061334,0.3500000000000085,-1.085714285714287
2010-01-26,1,585,959,109.53000000000002,109.28999999999999,109.52000000000001,109.3,eod,-0.2400000000000233,-0.0021913805697591606,-21.913805697591606,0.4900000000000091,-0.4897959183673854
2010-01-27,-1,611,882,108.91999999999999,109.54,108.92999999999999,109.52000000000001,stop,-0.6200000000000188,-0.00569172863306728,-56.9172863306728,0.5900000000000176,-1.050847457627119
2010-01-28,-1,589,959,109.505,108.57000000000001,109.515,108.56,eod,0.9349999999999881,0.008537643245217441,85.37643245217441,0.7450000000000045,1.2550335570469562
2010-01-29,1,586,681,109.30000000000001,108.71,109.29,108.72999999999999,stop,-0.5900000000000176,-0.005398481105316292,-53.98481105316292,0.5600000000000165,-1.053571428571429
2010-02-01,1,587,959,108.38000000000001,108.99,108.37,109.0,eod,0.6099999999999852,0.005628864076773878,56.28864076773878,0.30000000000001137,2.033333333333207
2010-02-02,-1,604,615,108.91,109.39,108.92,109.37,stop,-0.480000000000004,-0.004406904149834778,-44.06904149834778,0.45000000000000284,-1.0666666666666689
2010-02-03,1,585,626,110.34,109.81,110.33,109.83,stop,-0.5300000000000011,-0.004803770506661843,-48.037705066618436,0.5,-1.0600000000000023
2010-02-04,-1,585,959,108.61999999999999,106.48,108.63,106.47,eod,2.1399999999999864,0.019699898738838133,196.99898738838132,0.4100000000000108,5.219512195121781
2010-02-05,-1,594,959,106.00999999999999,106.76,106.02,106.75,eod,-0.7500000000000142,-0.007074136955291589,-70.74136955291588,0.8700000000000045,-0.8620689655172532
2010-02-08,-1,588,611,106.24999999999999,106.77,106.25999999999999,106.75,stop,-0.5200000000000102,-0.004893657067570208,-48.93657067570208,0.4900000000000091,-1.0612244897959195
2010-02-09,-1,589,617,106.92999999999999,107.38,106.94,107.36,stop,-0.45000000000000284,-0.004207967084346389,-42.079670843463894,0.4200000000000017,-1.0714285714285738
2010-02-10,-1,600,805,106.85,107.48,106.86,107.46000000000001,stop,-0.6300000000000097,-0.005895564289724964,-58.955642897249646,0.6000000000000085,-1.0500000000000012
2010-02-11,-1,585,610,106.41,106.94,106.42,106.92,stop,-0.5300000000000011,-0.004980266867130249,-49.80266867130249,0.5,-1.0600000000000023
2010-02-12,-1,585,616,106.50999999999999,107.09,106.52,107.07000000000001,stop,-0.5800000000000125,-0.005444986856928394,-54.44986856928394,0.5500000000000114,-1.0545454545454556
2010-02-16,-1,585,636,108.54999999999998,108.94,108.55999999999999,108.92,stop,-0.3900000000000148,-0.003592483419307432,-35.92483419307432,0.36000000000001364,-1.0833333333333333
2010-02-17,-1,604,633,109.97999999999999,110.37,109.99,110.35000000000001,stop,-0.3900000000000148,-0.003545776888808208,-35.45776888808208,0.36000000000001364,-1.0833333333333333
2010-02-18,1,591,959,110.41000000000001,110.94999999999999,110.4,110.96,eod,0.5399999999999778,0.004891304347825886,48.913043478258864,0.3750000000000142,1.4399999999998863
2010-02-19,-1,599,628,110.49,110.95,110.5,110.93,stop,-0.46000000000000796,-0.004162895927601882,-41.628959276018826,0.4300000000000068,-1.0697674418604666
2010-02-22,-1,589,959,111.11999999999999,111.14,111.13,111.13,eod,-0.020000000000010232,-0.00017996940520120788,-1.7996940520120788,0.46000000000000796,-0.043478260869586706
2010-02-23,1,585,600,111.11000000000001,110.71,111.10000000000001,110.72999999999999,stop,-0.4000000000000199,-0.0036003600360037793,-36.003600360037794,0.37000000000001876,-1.08108108108108
2010-02-24,1,585,609,110.39000000000001,110.09,110.38000000000001,110.11,stop,-0.30000000000001137,-0.0027178836745788307,-27.178836745788306,0.27000000000001023,-1.1111111111111112
2010-02-25,-1,585,620,109.05999999999999,109.41,109.07,109.39,stop,-0.3500000000000085,-0.0032089483817732516,-32.089483817732514,0.3200000000000074,-1.0937500000000013
2010-02-26,1,595,601,110.84,110.33,110.83,110.35,stop,-0.5100000000000051,-0.004601642154651314,-46.016421546513136,0.480000000000004,-1.0625000000000018
2010-03-01,1,585,959,111.56000000000002,111.88499999999999,111.55000000000001,111.895,eod,0.3249999999999744,0.0029134917077541407,29.134917077541406,0.3900000000000148,0.8333333333332361
2010-03-02,-1,591,646,112.27999999999999,112.56,112.28999999999999,112.54,stop,-0.28000000000001535,-0.002493543503428759,-24.935435034287593,0.2500000000000142,-1.1199999999999977
2010-03-03,1,588,881,112.54,112.27,112.53,112.28999999999999,stop,-0.27000000000001023,-0.0023993601706212586,-23.993601706212587,0.2400000000000091,-1.125
2010-03-04,1,585,622,112.70000000000002,112.37,112.69000000000001,112.39,stop,-0.3300000000000125,-0.0029283876120331214,-29.283876120331215,0.30000000000001137,-1.1
2010-03-05,1,587,959,113.42000000000002,114.25,113.41000000000001,114.26,eod,0.8299999999999841,0.007318578608588167,73.18578608588167,0.3200000000000216,2.5937499999997753
2010-03-08,-1,598,959,114.22999999999999,114.28,114.24,114.27,eod,-0.05000000000001137,-0.00043767507002811075,-4.376750700281107,0.29000000000000625,-0.17241379310348376
2010-03-09,1,585,959,114.12,114.44,114.11,114.45,eod,0.3199999999999932,0.0028043116291297274,28.043116291297274,0.25,1.2799999999999727
2010-03-10,1,585,750,114.85000000000001,114.44,114.84,114.46,stop,-0.4100000000000108,-0.0035701846046674573,-35.701846046674575,0.38000000000000966,-1.0789473684210535
2010-03-11,-1,589,606,114.57,114.86,114.58,114.84,stop,-0.29000000000000625,-0.002530982719497349,-25.30982719497349,0.2600000000000051,-1.1153846153846174
2010-03-12,-1,601,959,115.52,115.46000000000001,115.53,115.45,eod,0.05999999999998806,0.0005193456245130101,5.193456245130101,0.45000000000000284,0.13333333333330596
2010-03-15,1,585,599,115.33000000000001,115.09,115.32000000000001,115.11,stop,-0.2400000000000091,-0.0020811654526535646,-20.811654526535648,0.21000000000000796,-1.1428571428571428
2010-03-16,-1,591,632,115.52,115.87,115.53,115.85000000000001,stop,-0.3500000000000085,-0.0030295161429932356,-30.295161429932357,0.3200000000000074,-1.0937500000000013
2010-03-17,1,585,959,116.94000000000001,117.08999999999999,116.93,117.1,eod,0.14999999999997726,0.0012828187804667516,12.828187804667516,0.2300000000000182,0.6521739130433278
2010-03-18,1,601,635,117.22000000000001,116.94,117.21000000000001,116.96,stop,-0.28000000000001535,-0.00238887466939694,-23.8887466939694,0.2500000000000142,-1.1199999999999977
2010-03-19,-1,585,959,116.57,115.97,116.58,115.96,eod,0.5999999999999943,0.005146680391147661,51.46680391147661,0.4000000000000057,1.4999999999999645
2010-03-22,1,585,959,115.70000000000002,116.57,115.69000000000001,116.58,eod,0.8699999999999761,0.00752009681044149,75.2009681044149,0.46000000000002217,1.891304347825944
2010-03-23,-1,585,618,116.50999999999999,116.89,116.52,116.87,stop,-0.38000000000000966,-0.003261242705115085,-32.61242705115085,0.3500000000000085,-1.085714285714287
2010-03-24,1,585,601,117.13000000000001,116.87,117.12,116.89,stop,-0.2600000000000051,-0.0022199453551913005,-22.199453551913006,0.23000000000000398,-1.1304347826086982
2010-03-25,-1,588,671,117.49,117.76,117.5,117.74000000000001,stop,-0.27000000000001023,-0.002297872340425619,-22.97872340425619,0.2400000000000091,-1.125
2010-03-26,1,595,749,117.09,116.67999999999999,117.08,116.69999999999999,stop,-0.4100000000000108,-0.0035018790570550975,-35.018790570550976,0.38000000000000966,-1.0789473684210535
2010-03-29,1,585,598,117.4,117.13,117.39,117.14999999999999,stop,-0.27000000000001023,-0.0023000255558395964,-23.000255558395963,0.2400000000000091,-1.125
2010-03-30,1,590,661,117.59,117.33,117.58,117.35,stop,-0.2600000000000051,-0.0022112604184385534,-22.112604184385535,0.23000000000000398,-1.1304347826086982
2010-03-31,-1,585,624,116.74,117.205,116.75,117.185,stop,-0.4650000000000034,-0.003982869379015018,-39.82869379015018,0.4350000000000023,-1.0689655172413817
2010-04-01,1,585,657,118.11000000000001,117.74,118.10000000000001,117.75999999999999,stop,-0.37000000000001876,-0.00313293818797645,-31.3293818797645,0.3400000000000176,-1.0882352941176459
2010-04-05,1,585,959,118.33500000000001,118.77,118.325,118.78,eod,0.43499999999998806,0.0036763152334670446,36.763152334670444,0.41500000000000625,1.0481927710842929
2010-04-06,1,589,959,118.56000000000002,119.0,118.55000000000001,119.01,eod,0.4399999999999835,0.003711514129059329,37.11514129059329,0.27000000000001023,1.6296296296295067
2010-04-07,1,585,641,118.94000000000001,118.59,118.93,118.61,stop,-0.3500000000000085,-0.0029429075927016606,-29.429075927016605,0.3200000000000074,-1.0937500000000013
2010-04-08,1,625,959,117.99000000000001,118.75,117.98,118.76,eod,0.7599999999999909,0.0064417697914900054,64.41769791490006,0.3900000000000148,1.9487179487178516
2010-04-09,-1,585,598,118.92999999999999,119.16,118.94,119.14,stop,-0.23000000000000398,-0.0019337481082899275,-19.337481082899274,0.20000000000000284,-1.1500000000000035
2010-04-12,1,585,598,119.94000000000001,119.6,119.93,119.61999999999999,stop,-0.3400000000000176,-0.00283498707579436,-28.349870757943602,0.3100000000000165,-1.0967741935483857
2010-04-13,1,591,620,119.72000000000001,119.39,119.71000000000001,119.41,stop,-0.3300000000000125,-0.0027566619330048657,-27.566619330048656,0.30000000000001137,-1.1
2010-04-14,1,586,613,120.43,120.2,120.42,120.22,stop,-0.23000000000000398,-0.0019099817306095664,-19.099817306095662,0.20000000000000284,-1.1500000000000035
2010-04-15,1,585,959,121.11000000000001,121.3,121.10000000000001,121.31,eod,0.18999999999998352,0.0015689512799338026,15.689512799338026,0.1600000000000108,1.1874999999998168
2010-04-16,-1,586,959,120.79999999999998,119.37,120.80999999999999,119.36,eod,1.4299999999999784,0.011836768479430333,118.36768479430333,0.28000000000001535,5.1071428571425
2010-04-19,1,591,705,119.41000000000001,118.95,119.4,118.97,stop,-0.46000000000000796,-0.0038525963149079394,-38.525963149079395,0.4300000000000068,-1.0697674418604666
2010-04-20,-1,588,714,120.36999999999999,120.72,120.38,120.7,stop,-0.3500000000000085,-0.0029074597109155055,-29.074597109155054,0.3200000000000074,-1.0937500000000013
2010-04-21,1,586,627,121.18,120.82,121.17,120.83999999999999,stop,-0.36000000000001364,-0.002971032433770848,-29.71032433770848,0.3300000000000125,-1.0909090909090908
2010-04-22,-1,585,626,119.17999999999999,119.87,119.19,119.85000000000001,stop,-0.6900000000000119,-0.005789076264787415,-57.89076264787415,0.6600000000000108,-1.0454545454545465
2010-04-23,-1,585,600,120.63999999999999,121.04,120.64999999999999,121.02000000000001,stop,-0.4000000000000199,-0.0033153750518029003,-33.153750518029,0.37000000000001876,-1.08108108108108
2010-04-26,-1,588,673,121.75999999999999,122.13,121.77,122.11,stop,-0.37000000000000455,-0.0030385152336372223,-30.385152336372222,0.3400000000000034,-1.0882352941176494
2010-04-27,1,586,673,120.96000000000001,120.58,120.95,120.6,stop,-0.38000000000000966,-0.0031417941298057844,-31.417941298057844,0.3500000000000085,-1.085714285714287
2010-04-28,1,587,596,119.23,118.91,119.22,118.92999999999999,stop,-0.3200000000000074,-0.002684113403791372,-26.84113403791372,0.29000000000000625,-1.1034482758620707
2010-04-29,1,622,959,120.45000000000002,120.83,120.44000000000001,120.84,eod,0.37999999999998124,0.003155097974094829,31.55097974094829,0.3800000000000239,0.9999999999998878
2010-04-30,-1,596,959,120.63,118.84,120.64,118.83,eod,1.789999999999992,0.014837533156498607,148.37533156498608,0.38000000000000966,4.710526315789333
2010-05-03,1,610,652,119.74000000000001,119.32,119.73,119.33999999999999,stop,-0.4200000000000159,-0.0035078927587072237,-35.078927587072236,0.3900000000000148,-1.0769230769230769
2010-05-04,-1,585,959,118.21999999999998,117.56,118.22999999999999,117.55,eod,0.6599999999999824,0.005582339507739004,55.82339507739004,0.8100000000000165,0.8148148148147765
2010-05-05,1,595,959,116.67000000000002,116.82,116.66000000000001,116.83,eod,0.14999999999997726,0.0012857877593003364,12.857877593003364,0.700000000000017,0.21428571428567658
2010-05-06,1,585,630,116.88000000000001,116.22,116.87,116.24,stop,-0.6600000000000108,-0.005647300419269366,-56.47300419269366,0.6300000000000097,-1.0476190476190488
2010-05-07,1,585,602,113.75000000000001,112.12,113.74000000000001,112.14,stop,-1.6300000000000097,-0.014330930191665285,-143.30930191665286,1.6000000000000085,-1.0187500000000007
2010-05-10,-1,627,959,115.58999999999999,116.17,115.6,116.16,eod,-0.5800000000000125,-0.005017301038062392,-50.17301038062392,1.0600000000000165,-0.547169811320758
2010-05-11,1,586,959,115.49000000000001,115.82,115.48,115.83,eod,0.3299999999999841,0.002857637686179287,28.57637686179287,0.5800000000000125,0.5689655172413396
2010-05-12,1,597,959,116.57000000000001,117.44,116.56,117.45,eod,0.8699999999999903,0.007463967055593603,74.63967055593602,0.480000000000004,1.812499999999965
2010-05-13,1,587,911,117.30000000000001,116.64,117.29,116.66,stop,-0.6600000000000108,-0.005627078182283321,-56.27078182283321,0.6300000000000097,-1.0476190476190488
2010-05-14,-1,600,959,113.96,113.91000000000001,113.97,113.9,eod,0.04999999999998295,0.0004387119417389045,4.387119417389045,1.3700000000000045,0.036496350364950934
2010-05-17,-1,585,959,114.08999999999999,113.96000000000001,114.1,113.95,eod,0.12999999999998124,0.001139351446099748,11.393514460997482,0.4300000000000068,0.3023255813953004
2010-05-18,1,585,603,115.06000000000002,114.69,115.05000000000001,114.71,stop,-0.37000000000001876,-0.003215993046501684,-32.15993046501684,0.3400000000000176,-1.0882352941176459
2010-05-19,1,585,612,112.51,111.71,112.5,111.72999999999999,stop,-0.8000000000000114,-0.007111111111111212,-71.11111111111212,0.7700000000000102,-1.03896103896104
2010-05-20,-1,585,592,109.13,109.84,109.14,109.82000000000001,stop,-0.710000000000008,-0.006505405900678101,-65.05405900678102,0.6800000000000068,-1.0441176470588247
2010-05-21,1,589,959,107.22000000000001,109.08999999999999,107.21000000000001,109.1,eod,1.8699999999999761,0.017442402760936254,174.42402760936255,1.5800000000000125,1.1835443037974438
2010-05-24,-1,604,634,108.14999999999999,109.06,108.16,109.04,stop,-0.9100000000000108,-0.008413461538461639,-84.13461538461638,0.8800000000000097,-1.03409090909091
2010-05-25,1,592,959,105.36000000000001,107.7975,105.35000000000001,107.8075,eod,2.437499999999986,0.023137161841480642,231.37161841480642,0.9800000000000182,2.487244897959123
2010-05-26,1,597,706,109.12,108.41,109.11,108.42999999999999,stop,-0.710000000000008,-0.006507194574282907,-65.07194574282907,0.6800000000000068,-1.0441176470588247
2010-05-27,-1,601,618,108.83999999999999,109.47,108.85,109.45,stop,-0.6300000000000097,-0.005787781350482404,-57.87781350482404,0.6000000000000085,-1.0500000000000012
2010-05-28,-1,649,959,109.89999999999999,109.36,109.91,109.35,eod,0.539999999999992,0.004913110726958349,49.13110726958349,0.7800000000000153,0.6923076923076685
2010-06-01,1,587,946,108.75000000000001,108.16,108.74000000000001,108.17999999999999,stop,-0.5900000000000176,-0.005425786279198249,-54.25786279198249,0.5600000000000165,-1.053571428571429
2010-06-02,-1,585,611,107.80999999999999,108.31,107.82,108.29,stop,-0.5000000000000142,-0.004637358560564035,-46.37358560564035,0.4700000000000131,-1.0638297872340432
2010-06-03,1,593,624,110.9,110.4,110.89,110.42,stop,-0.5,-0.0045089728559834065,-45.089728559834064,0.46999999999999886,-1.0638297872340452
2010-06-04,1,592,679,109.06000000000002,108.47,109.05000000000001,108.49,stop,-0.5900000000000176,-0.005410362219165681,-54.10362219165681,0.5600000000000165,-1.053571428571429
2010-06-07,-1,585,596,106.63999999999999,107.37,106.64999999999999,107.35000000000001,stop,-0.7300000000000182,-0.006844819503047522,-68.44819503047522,0.700000000000017,-1.0428571428571434
2010-06-08,-1,591,712,105.49999999999999,106.16,105.50999999999999,106.14,stop,-0.6600000000000108,-0.0062553312482230205,-62.553312482230204,0.6300000000000097,-1.0476190476190488
2010-06-09,-1,585,653,107.10999999999999,107.45,107.11999999999999,107.43,stop,-0.3400000000000176,-0.0031740104555640185,-31.740104555640183,0.3100000000000165,-1.0967741935483857
2010-06-10,1,589,765,108.13000000000001,107.7,108.12,107.72,stop,-0.4300000000000068,-0.003977062523122519,-39.77062523122519,0.4000000000000057,-1.0750000000000017
2010-06-11,1,585,959,108.57000000000001,109.64999999999999,108.56,109.66,eod,1.079999999999984,0.00994841562269698,99.48415622696979,0.45000000000000284,2.3999999999999493
2010-06-14,-1,585,618,110.17999999999999,110.62,110.19,110.60000000000001,stop,-0.44000000000001194,-0.003993102822397785,-39.931028223977854,0.4100000000000108,-1.073170731707318
2010-06-15,1,585,959,110.51,111.97,110.5,111.98,eod,1.4599999999999937,0.013212669683257862,132.1266968325786,0.4200000000000017,3.4761904761904474
2010-06-16,1,585,633,111.72000000000001,111.2,111.71000000000001,111.22,stop,-0.5200000000000102,-0.004654910034911916,-46.549100349119165,0.4900000000000091,-1.0612244897959195
2010-06-17,-1,585,959,111.79999999999998,112.13000000000001,111.80999999999999,112.12,eod,-0.3300000000000267,-0.002951435470888353,-29.51435470888353,0.5300000000000153,-0.6226415094339947
2010-06-18,-1,591,626,111.55999999999999,111.88,111.57,111.86,stop,-0.3200000000000074,-0.0028681545218249296,-28.681545218249294,0.29000000000000625,-1.1034482758620707
2010-06-21,-1,586,959,112.69999999999999,111.37,112.71,111.36,eod,1.329999999999984,0.011800195191198511,118.00195191198512,0.5000000000000142,2.6599999999998927
2010-06-22,1,585,600,111.76,111.3,111.75,111.32,stop,-0.46000000000000796,-0.004116331096196939,-41.163310961969394,0.4300000000000068,-1.0697674418604666
2010-06-23,-1,600,870,109.16999999999999,109.6899,109.17999999999999,109.6699,stop,-0.5199000000000069,-0.004761861146730234,-47.61861146730234,0.4899000000000058,-1.0612369871402343
2010-06-24,-1,590,959,108.39999999999999,107.45,108.41,107.44,eod,0.9499999999999886,0.008763029240844836,87.63029240844835,0.4300000000000068,2.209302325581334
2010-06-25,-1,585,607,107.28999999999999,107.78,107.3,107.76,stop,-0.4900000000000091,-0.004566635601118444,-45.66635601118444,0.46000000000000796,-1.0652173913043492
2010-06-28,-1,586,665,107.57,108.15,107.58,108.13000000000001,stop,-0.5800000000000125,-0.005391336679680355,-53.913366796803544,0.5500000000000114,-1.0545454545454556
2010-06-29,-1,587,959,105.50999999999999,104.23,105.52,104.22,eod,1.279999999999987,0.01213040181956015,121.3040181956015,0.5600000000000023,2.285714285714253
2010-06-30,1,585,927,104.56000000000002,103.82,104.55000000000001,103.83999999999999,stop,-0.7400000000000233,-0.0070779531324727234,-70.77953132472723,0.7100000000000222,-1.042253521126761
2010-07-01,-1,594,959,102.91,102.80000000000001,102.92,102.79,eod,0.10999999999998522,0.0010687912942089507,10.687912942089508,0.5799999999999983,0.18965517241376817
2010-07-02,-1,590,959,102.85999999999999,102.27000000000001,102.86999999999999,102.26,eod,0.589999999999975,0.005735394186837514,57.35394186837514,0.5600000000000165,1.0535714285713529
2010-07-06,1,590,762,103.76,103.38,103.75,103.39999999999999,stop,-0.38000000000000966,-0.003662650602409732,-36.62650602409732,0.3500000000000085,-1.085714285714287
2010-07-07,1,595,959,103.51,106.11999999999999,103.5,106.13,eod,2.609999999999985,0.025217391304347685,252.17391304347686,0.4900000000000091,5.326530612244769
2010-07-08,-1,589,959,106.75999999999999,107.16000000000001,106.77,107.15,eod,-0.4000000000000199,-0.003746370703381286,-37.46370703381286,0.5200000000000102,-0.7692307692307924
2010-07-09,1,602,959,107.37,107.91,107.36,107.92,eod,0.539999999999992,0.005029806259314382,50.29806259314382,0.4399999999999977,1.2272727272727155
2010-07-12,1,585,660,108.02000000000001,107.44,108.01,107.46,stop,-0.5800000000000125,-0.005369873159892718,-53.698731598927175,0.5500000000000114,-1.0545454545454556
2010-07-13,-1,587,603,108.99999999999999,109.41,109.00999999999999,109.39,stop,-0.4100000000000108,-0.0037611228327677354,-37.61122832767735,0.38000000000000966,-1.0789473684210535
2010-07-14,1,589,600,109.47000000000001,109.06,109.46000000000001,109.08,stop,-0.4100000000000108,-0.0037456605152568134,-37.45660515256814,0.38000000000000966,-1.0789473684210535
2010-07-15,-1,585,945,109.24999999999999,109.72,109.25999999999999,109.7,stop,-0.4700000000000131,-0.004301665751418754,-43.01665751418754,0.44000000000001194,-1.068181818181819
2010-07-16,-1,585,959,108.60999999999999,106.67,108.61999999999999,106.66,eod,1.9399999999999835,0.017860430859878325,178.60430859878326,0.5700000000000216,3.403508771929667
2010-07-19,1,585,608,107.33000000000001,106.97,107.32000000000001,106.99,stop,-0.36000000000001364,-0.003354453969437324,-33.54453969437324,0.3300000000000125,-1.0909090909090908
2010-07-20,1,585,959,106.22000000000001,108.46,106.21000000000001,108.47,eod,2.2399999999999807,0.021090292816118825,210.90292816118824,0.4000000000000199,5.599999999999673
2010-07-21,-1,585,959,108.52999999999999,107.11,108.53999999999999,107.1,eod,1.4199999999999875,0.013082734475769187,130.82734475769186,0.5400000000000063,2.629629629629576
2010-07-22,1,585,959,108.95000000000002,109.44999999999999,108.94000000000001,109.46,eod,0.4999999999999716,0.004589682393978075,45.89682393978075,0.6200000000000188,0.8064516129031556
2010-07-23,-1,600,630,108.93999999999998,109.69,108.94999999999999,109.67,stop,-0.7500000000000142,-0.006883891693437488,-68.83891693437488,0.7200000000000131,-1.0416666666666674
2010-07-26,1,600,959,110.71000000000001,111.57,110.7,111.58,eod,0.8599999999999852,0.007768744354110074,77.68744354110073,0.4200000000000017,2.047619047619004
2010-07-27,-1,585,959,111.91,111.53,111.92,111.52,eod,0.37999999999999545,0.0033952823445317676,33.95282344531768,0.38000000000000966,0.9999999999999626
2010-07-28,-1,587,959,111.27,110.82000000000001,111.28,110.81,eod,0.44999999999998863,0.004043853342918661,40.43853342918661,0.39000000000000057,1.153846153846123
2010-07-29,-1,587,959,111.49,110.29,111.5,110.28,eod,1.1999999999999886,0.01076233183856492,107.6233183856492,0.3299999999999983,3.6363636363636207
2010-07-30,1,585,959,109.67000000000002,110.30999999999999,109.66000000000001,110.32,eod,0.6399999999999721,0.005836221046871896,58.36221046871896,0.6900000000000119,0.9275362318840016
2010-08-02,1,600,959,112.08000000000001,112.72999999999999,112.07000000000001,112.74,eod,0.6499999999999773,0.005799946462032455,57.99946462032455,0.5400000000000063,1.2037037037036478
2010-08-03,-1,585,682,112.27,112.59,112.28,112.57000000000001,stop,-0.3200000000000074,-0.0028500178126113947,-28.500178126113948,0.29000000000000625,-1.1034482758620707
2010-08-04,1,585,619,112.71000000000001,112.32,112.7,112.33999999999999,stop,-0.3900000000000148,-0.0034605146406389954,-34.605146406389956,0.36000000000001364,-1.0833333333333333
2010-08-05,1,586,959,112.47000000000001,112.83,112.46000000000001,112.84,eod,0.3599999999999852,0.0032011381824647448,32.01138182464745,0.3900000000000148,0.9230769230768502
2010-08-06,1,586,645,112.41000000000001,111.64,112.4,111.66,stop,-0.7700000000000102,-0.006850533807829272,-68.50533807829272,0.7400000000000091,-1.0405405405405417
2010-08-09,-1,585,871,112.46,112.98,112.47,112.96000000000001,stop,-0.5200000000000102,-0.004623455143593938,-46.23455143593938,0.4900000000000091,-1.0612244897959195
2010-08-10,-1,585,855,111.60999999999999,112.26,111.61999999999999,112.24000000000001,stop,-0.6500000000000199,-0.005823329152481813,-58.23329152481813,0.6200000000000188,-1.048387096774194
2010-08-11,-1,585,959,109.99,109.3001,110.0,109.2901,eod,0.6898999999999944,0.006271818181818131,62.71818181818131,0.7000000000000028,0.9855714285714166
2010-08-12,1,585,959,108.35000000000001,108.63,108.34,108.64,eod,0.2799999999999869,0.0025844563411481164,25.844563411481165,0.7500000000000142,0.3733333333333088
2010-08-13,1,595,696,108.77000000000001,108.22,108.76,108.24,stop,-0.5500000000000114,-0.005057006252298744,-50.570062522987435,0.5200000000000102,-1.0576923076923088
2010-08-16,1,587,959,107.95000000000002,108.27,107.94000000000001,108.28,eod,0.31999999999997897,0.002964609968500824,29.646099685008238,0.7700000000000102,0.41558441558438275
2010-08-17,-1,587,650,108.86999999999999,109.325,108.88,109.305,stop,-0.4550000000000125,-0.004178912564291077,-41.789125642910776,0.42500000000001137,-1.0705882352941185
2010-08-18,-1,585,685,108.99999999999999,109.57000000000001,109.00999999999999,109.55000000000001,stop,-0.5700000000000216,-0.005228878084579595,-52.288780845795955,0.5400000000000205,-1.0555555555555556
2010-08-19,-1,590,959,109.05999999999999,107.93,109.07,107.92,eod,1.1299999999999812,0.010360319061153216,103.60319061153216,0.4300000000000068,2.6279069767441006
2010-08-20,-1,585,691,107.14999999999999,107.72,107.16,107.7,stop,-0.5700000000000074,-0.005319148936170282,-53.19148936170282,0.5400000000000063,-1.055555555555557
2010-08-23,1,585,621,108.39000000000001,107.87,108.38000000000001,107.89,stop,-0.5200000000000102,-0.004797933198007106,-47.97933198007106,0.4900000000000091,-1.0612244897959195
2010-08-24,-1,587,660,105.69999999999999,106.08,105.71,106.06,stop,-0.38000000000000966,-0.003594740327310658,-35.94740327310658,0.3500000000000085,-1.085714285714287
2010-08-25,-1,586,663,104.88,105.34,104.89,105.32000000000001,stop,-0.46000000000000796,-0.004385546763275888,-43.85546763275888,0.4300000000000068,-1.0697674418604666
2010-08-26,-1,590,611,106.08999999999999,106.49,106.1,106.47,stop,-0.4000000000000057,-0.0037700282752121178,-37.700282752121176,0.37000000000000455,-1.0810810810810831
2010-08-27,-1,585,667,105.35999999999999,106.0,105.36999999999999,105.98,stop,-0.6400000000000148,-0.006073835057416863,-60.73835057416863,0.6100000000000136,-1.0491803278688532
2010-08-30,1,585,618,106.85000000000001,106.46,106.84,106.47999999999999,stop,-0.3900000000000148,-0.003650318232871722,-36.50318232871722,0.36000000000001364,-1.0833333333333333
2010-08-31,1,589,959,105.06000000000002,105.39,105.05000000000001,105.4,eod,0.3299999999999841,0.003141361256544351,31.413612565443508,0.5700000000000216,0.5789473684210028
2010-09-01,1,593,959,107.04,108.46,107.03,108.47,eod,1.4199999999999875,0.01326730823133689,132.6730823133689,0.38000000000000966,3.73684210526303
2010-09-02,1,588,959,108.77000000000001,109.44999999999999,108.76,109.46,eod,0.6799999999999784,0.006252298639205392,62.522986392053916,0.28000000000001535,2.4285714285712183
2010-09-03,-1,607,959,110.50999999999999,110.92,110.52,110.91,eod,-0.4100000000000108,-0.003709735794426446,-37.09735794426446,0.480000000000004,-0.8541666666666821
2010-09-07,1,585,594,110.52000000000001,110.15,110.51,110.17,stop,-0.37000000000000455,-0.003348113292914709,-33.481132929147094,0.3400000000000034,-1.0882352941176494
2010-09-08,1,585,959,110.31000000000002,110.38,110.30000000000001,110.39,eod,0.06999999999997897,0.0006346328195827648,6.346328195827648,0.5000000000000142,0.13999999999995397
2010-09-09,-1,586,959,111.32,110.94000000000001,111.33,110.93,eod,0.37999999999998124,0.0034132758465820648,34.13275846582065,0.36000000000001364,1.0555555555554634
2010-09-10,1,590,959,111.22000000000001,111.50999999999999,111.21000000000001,111.52,eod,0.28999999999997783,0.0026076791655424677,26.076791655424678,0.3500000000000085,0.828571428571345
2010-09-13,-1,597,607,112.44999999999999,112.81,112.46,112.79,stop,-0.36000000000001364,-0.003201138182464998,-32.01138182464998,0.3300000000000125,-1.0909090909090908
2010-09-14,-1,585,636,112.07,112.63,112.08,112.61,stop,-0.5600000000000023,-0.004996431120628143,-49.96431120628143,0.5300000000000011,-1.0566037735849076
2010-09-15,1,592,959,112.35000000000001,113.1,112.34,113.11,eod,0.7499999999999858,0.006676161652127343,66.76161652127344,0.37000000000000455,2.0270270270269637
2010-09-16,-1,585,606,112.49999999999999,112.92,112.50999999999999,112.9,stop,-0.4200000000000159,-0.003733001510976944,-37.33001510976944,0.3900000000000148,-1.0769230769230769
2010-09-17,-1,585,959,112.77,112.5,112.78,112.49,eod,0.269999999999996,0.0023940414967192412,23.940414967192414,0.38000000000000966,0.7105263157894451
2010-09-20,-1,585,594,112.63,112.95,112.64,112.93,stop,-0.3200000000000074,-0.0028409090909091565,-28.409090909091564,0.29000000000000625,-1.1034482758620707
2010-09-21,-1,683,859,113.99,114.37,114.0,114.35000000000001,stop,-0.38000000000000966,-0.003333333333333418,-33.33333333333418,0.3500000000000085,-1.085714285714287
2010-09-22,1,585,603,114.35000000000001,113.73,114.34,113.75,stop,-0.6200000000000045,-0.005422424348434533,-54.22424348434533,0.5900000000000034,-1.0508474576271203
2010-09-23,1,600,939,112.77000000000001,112.24,112.76,112.25999999999999,stop,-0.5300000000000153,-0.004700248315005457,-47.00248315005457,0.5000000000000142,-1.0600000000000005
2010-09-24,1,585,959,114.23,114.78999999999999,114.22,114.8,eod,0.5599999999999881,0.004902819120994467,49.02819120994467,0.5799999999999983,0.9655172413792926
2010-09-27,-1,585,870,114.50999999999999,114.9,114.52,114.88000000000001,stop,-0.3900000000000148,-0.00340551868669241,-34.0551868669241,0.36000000000001364,-1.0833333333333333
2010-09-28,-1,585,688,113.67999999999999,114.47,113.69,114.45,stop,-0.7900000000000063,-0.0069487202040637375,-69.48720204063737,0.7600000000000051,-1.0394736842105274
2010-09-29,-1,597,716,114.19999999999999,114.71000000000001,114.21,114.69000000000001,stop,-0.5100000000000193,-0.004465458366167755,-44.654583661677556,0.4800000000000182,-1.0625
2010-09-30,1,585,611,115.71000000000001,115.01,115.7,115.03,stop,-0.7000000000000028,-0.006050129645635288,-60.501296456352875,0.6700000000000017,-1.0447761194029868
2010-10-01,-1,600,959,114.69999999999999,114.63990000000001,114.71,114.6299,eod,0.06009999999997717,0.0005239299102081525,5.2392991020815245,0.4200000000000159,0.14309523809517832
2010-10-04,-1,601,959,114.33999999999999,113.75,114.35,113.74,eod,0.5899999999999892,0.005159597726278874,51.59597726278874,0.5100000000000051,1.1568627450980065
2010-10-05,1,599,959,115.04,116.02,115.03,116.03,eod,0.9799999999999898,0.008519516647830912,85.19516647830912,0.37000000000000455,2.6486486486485883
2010-10-06,-1,587,604,115.93999999999998,116.32000000000001,115.94999999999999,116.30000000000001,stop,-0.3800000000000239,-0.00327727468736545,-32.7727468736545,0.35000000000002274,-1.0857142857142834
2010-10-07,-1,586,959,116.05999999999999,115.9,116.07,115.89,eod,0.15999999999998238,0.001378478504350671,13.78478504350671,0.4700000000000131,0.34042553191484665
2010-10-08,-1,626,662,115.71999999999998,116.23,115.72999999999999,116.21000000000001,stop,-0.5100000000000193,-0.004406808951870901,-44.06808951870901,0.4800000000000182,-1.0625
2010-10-11,-1,589,605,116.55999999999999,116.87,116.57,116.85000000000001,stop,-0.3100000000000165,-0.002659346315518714,-26.59346315518714,0.28000000000001535,-1.1071428571428554
2010-10-12,-1,586,642,115.82999999999998,116.34,115.83999999999999,116.32000000000001,stop,-0.5100000000000193,-0.004402624309392433,-44.02624309392433,0.4800000000000182,-1.0625
2010-10-13,1,587,959,117.76,117.88,117.75,117.89,eod,0.11999999999999034,0.001019108280254695,10.19108280254695,0.38000000000000966,0.3157894736841771
2010-10-14,1,585,599,117.91000000000001,117.42999999999999,117.9,117.44999999999999,stop,-0.4800000000000182,-0.004071246819338577,-40.71246819338577,0.45000000000001705,-1.0666666666666667
2010-10-15,-1,585,959,117.72999999999999,117.74000000000001,117.74,117.73,eod,-0.010000000000019327,-8.493290300678892e-05,-0.8493290300678893,0.6200000000000045,-0.01612903225809557
2010-10-18,1,586,668,117.88000000000001,117.49,117.87,117.50999999999999,stop,-0.3900000000000148,-0.0033087299567321183,-33.08729956732118,0.36000000000001364,-1.0833333333333333
2010-10-19,-1,591,616,116.91999999999999,117.45,116.92999999999999,117.43,stop,-0.5300000000000153,-0.004532626357650007,-45.326263576500075,0.5000000000000142,-1.0600000000000005
2010-10-20,1,585,959,117.47000000000001,117.86,117.46000000000001,117.87,eod,0.38999999999998636,0.0033202792439978404,33.2027924399784,0.6000000000000085,0.649999999999968
2010-10-21,1,608,700,118.66000000000001,118.17,118.65,118.19,stop,-0.4900000000000091,-0.00412979351032456,-41.2979351032456,0.46000000000000796,-1.0652173913043492
2010-10-22,1,588,598,118.53000000000002,118.11,118.52000000000001,118.13,stop,-0.4200000000000159,-0.003543705703678838,-35.43705703678838,0.3900000000000148,-1.0769230769230769
2010-10-25,1,594,642,119.54,119.03999999999999,119.53,119.05999999999999,stop,-0.5000000000000142,-0.004183050280264488,-41.83050280264488,0.4700000000000131,-1.0638297872340432
2010-10-26,1,586,959,118.16000000000001,118.69999999999999,118.15,118.71,eod,0.5399999999999778,0.0045704612780362065,45.70461278036206,0.29000000000000625,1.8620689655171248
2010-10-27,1,592,624,118.19000000000001,117.7,118.18,117.72,stop,-0.4900000000000091,-0.004146217634117525,-41.46217634117525,0.46000000000000796,-1.0652173913043492
2010-10-28,-1,587,959,118.82,118.48,118.83,118.47,eod,0.3399999999999892,0.002861230329041397,28.612303290413973,0.29000000000000625,1.1724137931033858
2010-10-29,-1,597,606,118.16,118.59,118.17,118.57000000000001,stop,-0.4300000000000068,-0.0036388254210036964,-36.38825421003696,0.4000000000000057,-1.0750000000000017
2010-11-01,1,586,676,119.38000000000001,119.01,119.37,119.03,stop,-0.37000000000000455,-0.0030996062662310845,-30.996062662310845,0.3400000000000034,-1.0882352941176494
2010-11-02,1,593,612,119.64000000000001,119.28,119.63000000000001,119.3,stop,-0.36000000000001364,-0.0030092786090446678,-30.092786090446676,0.3300000000000125,-1.0909090909090908
2010-11-03,-1,586,861,119.49,119.79,119.5,119.77000000000001,stop,-0.30000000000001137,-0.00251046025104612,-25.104602510461202,0.27000000000001023,-1.1111111111111112
2010-11-04,1,588,959,121.47000000000001,122.22999999999999,121.46000000000001,122.24,eod,0.7599999999999767,0.00625720401778344,62.5720401778344,0.3400000000000176,2.2352941176468746
2010-11-05,1,614,959,122.62500000000001,122.72999999999999,122.61500000000001,122.74,eod,0.10499999999997556,0.0008563389471106761,8.563389471106762,0.4450000000000074,0.23595505617971643
2010-11-08,-1,586,742,122.22999999999999,122.51,122.24,122.49000000000001,stop,-0.28000000000001535,-0.002290575916230492,-22.90575916230492,0.2500000000000142,-1.1199999999999977
2010-11-09,-1,586,605,122.38999999999999,122.85,122.39999999999999,122.83,stop,-0.46000000000000796,-0.003758169934640588,-37.58169934640588,0.4300000000000068,-1.0697674418604666
2010-11-10,-1,589,798,121.22999999999999,121.73,121.24,121.71000000000001,stop,-0.5000000000000142,-0.00412405146816244,-41.240514681624404,0.4700000000000131,-1.0638297872340432
2010-11-11,-1,585,609,120.71,121.18,120.72,121.16000000000001,stop,-0.4700000000000131,-0.0038933068257125006,-38.93306825712501,0.44000000000001194,-1.068181818181819
2010-11-12,1,585,630,121.12,120.67999999999999,121.11,120.69999999999999,stop,-0.44000000000001194,-0.0036330608537693994,-36.33060853769399,0.4100000000000108,-1.073170731707318
2010-11-15,-1,591,702,120.54999999999998,120.85,120.55999999999999,120.83,stop,-0.30000000000001137,-0.00248838752488397,-24.8838752488397,0.27000000000001023,-1.1111111111111112
2010-11-16,-1,594,959,118.94999999999999,118.16000000000001,118.96,118.15,eod,0.7899999999999778,0.006640887693342114,66.40887693342114,0.5400000000000063,1.462962962962905
2010-11-17,-1,585,589,117.91999999999999,118.35,117.92999999999999,118.33,stop,-0.4300000000000068,-0.003646230814890247,-36.46230814890247,0.4000000000000057,-1.0750000000000017
2010-11-18,1,585,959,119.63000000000001,119.96,119.62,119.97,eod,0.3299999999999841,0.002758735997324729,27.58735997324729,0.28000000000001535,1.1785714285713071
2010-11-19,-1,585,702,119.43999999999998,119.95,119.44999999999999,119.93,stop,-0.5100000000000193,-0.004269568857262615,-42.695688572626146,0.4800000000000182,-1.0625
2010-11-22,1,586,631,119.91000000000001,119.51,119.9,119.53,stop,-0.4000000000000057,-0.0033361134278565943,-33.36113427856594,0.37000000000000455,-1.0810810810810831
2010-11-23,-1,590,959,118.61999999999999,118.43,118.63,118.42,eod,0.18999999999998352,0.0016016184776193503,16.0161847761935,0.39500000000001023,0.48101265822779393
2010-11-24,1,595,959,119.60000000000001,120.17,119.59,120.18,eod,0.5699999999999932,0.004766284806421884,47.66284806421884,0.4300000000000068,1.3255813953488003
2010-11-26,1,590,789,119.45000000000002,119.0,119.44000000000001,119.02,stop,-0.45000000000001705,-0.0037675820495647774,-37.67582049564778,0.4200000000000159,-1.0714285714285714
2010-11-29,-1,594,870,118.27999999999999,118.78,118.28999999999999,118.76,stop,-0.5000000000000142,-0.004226899991546321,-42.26899991546321,0.4700000000000131,-1.0638297872340432
2010-11-30,1,586,959,118.23,118.44,118.22,118.45,eod,0.20999999999999375,0.0017763491794958023,17.763491794958025,0.4200000000000017,0.49999999999998307
2010-12-01,1,585,959,120.50000000000001,121.0,120.49000000000001,121.01,eod,0.4999999999999858,0.004149721968627984,41.497219686279834,0.3100000000000165,1.61290322580632
2010-12-02,1,587,959,121.55000000000001,122.55999999999999,121.54,122.57,eod,1.0099999999999767,0.008310021392134085,83.10021392134085,0.4200000000000159,2.404761904761758
2010-12-03,1,585,959,122.51,122.85,122.5,122.86,eod,0.3399999999999892,0.0027755102040815443,27.755102040815444,0.4000000000000057,0.8499999999999609
2010-12-06,-1,592,624,122.49,122.81,122.5,122.79,stop,-0.3200000000000074,-0.002612244897959244,-26.12244897959244,0.29000000000000625,-1.1034482758620707
2010-12-07,-1,592,959,123.71999999999998,122.84,123.72999999999999,122.83,eod,0.8799999999999812,0.0071122605673642715,71.12260567364271,0.29000000000002046,3.034482758620411
2010-12-08,1,585,606,123.34,122.91,123.33,122.92999999999999,stop,-0.4300000000000068,-0.00348658071839785,-34.8658071839785,0.4000000000000057,-1.0750000000000017
2010-12-09,-1,611,959,123.6,123.80000000000001,123.61,123.79,eod,-0.20000000000001705,-0.0016179920718389859,-16.17992071838986,0.4200000000000017,-0.47619047619051486
2010-12-10,1,595,601,124.18,123.92,124.17,123.94,stop,-0.2600000000000051,-0.0020939035193686486,-20.939035193686486,0.23000000000000398,-1.1304347826086982
2010-12-13,1,648,946,125.07000000000001,124.64,125.06,124.66,stop,-0.4300000000000068,-0.0034383495921958005,-34.383495921958,0.4000000000000057,-1.0750000000000017
2010-12-14,-1,590,603,124.63999999999999,124.929,124.64999999999999,124.909,stop,-0.2890000000000157,-0.0023184917769756576,-23.184917769756577,0.25900000000001455,-1.1158301158301138
2010-12-15,1,585,766,124.64000000000001,124.35,124.63000000000001,124.36999999999999,stop,-0.29000000000002046,-0.0023268875872584486,-23.268875872584488,0.2600000000000193,-1.1153846153846112
2010-12-16,-1,594,671,124.10999999999999,124.39,124.11999999999999,124.37,stop,-0.28000000000001535,-0.0022558814050919703,-22.558814050919704,0.2500000000000142,-1.1199999999999977
2010-12-17,-1,602,621,123.88999999999999,124.14,123.89999999999999,124.12,stop,-0.2500000000000142,-0.0020177562550445054,-20.177562550445053,0.22000000000001307,-1.1363636363636334
2010-12-20,-1,586,844,124.50999999999999,124.73,124.52,124.71000000000001,stop,-0.22000000000001307,-0.001766784452296925,-17.66784452296925,0.19000000000001194,-1.1578947368421013
2010-12-21,1,590,959,125.10000000000001,125.35,125.09,125.36,eod,0.2499999999999858,0.0019985610360539275,19.985610360539276,0.23000000000000398,1.0869565217390498
2010-12-22,1,603,959,125.58000000000001,125.77,125.57000000000001,125.78,eod,0.18999999999998352,0.0015131002628014933,15.131002628014933,0.17000000000001592,1.1176470588233278
2010-12-23,-1,617,959,125.57,125.60000000000001,125.58,125.59,eod,-0.030000000000015348,-0.00023889154323949153,-2.3889154323949153,0.21000000000000796,-0.14285714285721052
2010-12-27,1,613,959,125.26,125.64999999999999,125.25,125.66,eod,0.38999999999998636,0.0031137724550897115,31.137724550897115,0.21999999999999886,1.7727272727272199
2010-12-28,-1,599,959,125.63,125.81,125.64,125.8,eod,-0.18000000000000682,-0.0014326647564470458,-14.326647564470457,0.3200000000000074,-0.5625000000000083
2010-12-29,1,611,959,126.07000000000001,125.92,126.06,125.93,eod,-0.15000000000000568,-0.0011899095668729627,-11.899095668729627,0.1700000000000017,-0.8823529411764952
2010-12-30,-1,603,959,125.72999999999999,125.77000000000001,125.74,125.76,eod,-0.040000000000020464,-0.00031811674884698953,-3.1811674884698955,0.4000000000000057,-0.10000000000004974
2010-12-31,-1,585,643,125.39999999999999,125.66,125.41,125.64,stop,-0.2600000000000051,-0.0020731999043138915,-20.731999043138917,0.23000000000000398,-1.1304347826086982
2011-01-03,1,588,959,127.00000000000001,127.03999999999999,126.99000000000001,127.05,eod,0.03999999999997783,0.00031498543192359893,3.149854319235989,0.3400000000000176,0.1176470588234581
2011-01-04,-1,590,959,126.91,126.94000000000001,126.92,126.93,eod,-0.030000000000015348,-0.0002363693665302186,-2.3636936653021863,0.46000000000000796,-0.06521739130438006
2011-01-05,1,587,959,126.76,127.61999999999999,126.75,127.63,eod,0.8599999999999852,0.006785009861932822,67.85009861932822,0.30000000000001137,2.8666666666665086
2011-01-06,-1,610,631,127.46,127.77,127.47,127.75,stop,-0.3100000000000023,-0.0024319447713187594,-24.319447713187593,0.28000000000000114,-1.1071428571428608
2011-01-07,-1,586,959,127.38,127.13000000000001,127.39,127.12,eod,0.2499999999999858,0.001962477431509426,19.62477431509426,0.39000000000000057,0.6410256410256037
2011-01-10,1,585,595,126.75000000000001,126.37,126.74000000000001,126.39,stop,-0.38000000000000966,-0.002998264162853161,-29.98264162853161,0.3500000000000085,-1.085714285714287
2011-01-11,-1,585,662,127.39999999999999,127.71000000000001,127.41,127.69000000000001,stop,-0.3100000000000165,-0.0024330900243310295,-24.330900243310296,0.28000000000001535,-1.1071428571428554
2011-01-12,-1,586,616,128.00000000000003,128.29,128.01000000000002,128.26999999999998,stop,-0.2899999999999636,-0.0022654480118737877,-22.654480118737876,0.2599999999999625,-1.1153846153846365
2011-01-13,-1,585,692,128.42000000000002,128.69,128.43,128.67,stop,-0.2699999999999818,-0.0021023125437980364,-21.023125437980365,0.23999999999998067,-1.1250000000000149
2011-01-14,1,593,959,128.48,129.27,128.47,129.28,eod,0.7900000000000205,0.006149295555382739,61.492955553827386,0.37999999999999545,2.0789473684211313
2011-01-18,-1,590,616,129.14000000000001,129.47,129.15,129.45,stop,-0.3299999999999841,-0.0025551684088268222,-25.55168408826822,0.29999999999998295,-1.1000000000000094
2011-01-19,-1,588,959,129.16000000000003,128.26999999999998,129.17000000000002,128.26,eod,0.8900000000000432,0.00689014477045787,68.9014477045787,0.339999999999975,2.617647058823849
2011-01-20,1,599,625,128.01999999999998,127.45,128.01,127.47,stop,-0.569999999999979,-0.004452777126786806,-44.527771267868054,0.539999999999992,-1.0555555555555323
2011-01-21,1,588,629,128.90999999999997,128.7,128.89999999999998,128.72,stop,-0.20999999999997954,-0.0016291698991464669,-16.29169899146467,0.1799999999999784,-1.166666666666693
2011-01-24,1,586,959,128.57,129.12,128.56,129.13,eod,0.5500000000000114,0.004278158058494176,42.781580584941764,0.3100000000000023,1.7741935483871205
2011-01-25,1,589,674,128.88,128.57,128.87,128.59,stop,-0.3100000000000023,-0.0024055249476216518,-24.055249476216517,0.28000000000000114,-1.1071428571428608
2011-01-26,1,608,959,129.55999999999997,129.66,129.54999999999998,129.67,eod,0.10000000000002274,0.0007719027402549035,7.719027402549035,0.3299999999999841,0.3030303030303865
2011-01-27,1,590,684,129.92,129.55,129.91,129.57000000000002,stop,-0.3699999999999761,-0.0028481256254328084,-28.481256254328084,0.339999999999975,-1.088235294117657
2011-01-28,1,585,596,130.23999999999998,129.98,130.23,130.0,stop,-0.2599999999999909,-0.001996467787760047,-19.96467787760047,0.22999999999998977,-1.1304347826087064
2011-01-31,-1,589,639,127.83999999999999,128.24,127.85,128.22,stop,-0.4000000000000199,-0.003128666405944622,-31.28666405944622,0.37000000000000455,-1.0810810810811216
2011-02-01,1,595,959,129.79,130.74,129.78,130.75,eod,0.950000000000017,0.007320080135614248,73.20080135614248,0.40989999999999327,2.317638448402129
2011-02-02,1,589,939,130.60999999999999,130.31,130.6,130.33,stop,-0.29999999999998295,-0.0022970903522203903,-22.970903522203905,0.2699999999999818,-1.1111111111111227
2011-02-03,-1,595,891,130.21,130.56,130.22,130.54,stop,-0.3499999999999943,-0.002687759176777717,-26.877591767777172,0.3199999999999932,-1.0937500000000056
2011-02-04,-1,585,900,130.51000000000002,131.05,130.52,131.03,stop,-0.539999999999992,-0.0041372969659821636,-41.372969659821635,0.5099999999999909,-1.058823529411768
2011-02-07,1,586,959,131.73999999999998,131.97,131.73,131.98,eod,0.2300000000000182,0.0017459955970547197,17.459955970547195,0.30999999999997385,0.741935483871089
2011-02-08,-1,586,600,131.75000000000003,132.16,131.76000000000002,132.14,stop,-0.40999999999996817,-0.00311171827565246,-31.1171827565246,0.37999999999996703,-1.0789473684210624
2011-02-09,-1,589,602,132.17000000000002,132.41,132.18,132.39,stop,-0.23999999999998067,-0.0018157058556512382,-18.157058556512382,0.20999999999997954,-1.1428571428571621
2011-02-10,-1,586,614,131.53000000000003,131.87,131.54000000000002,131.85,stop,-0.339999999999975,-0.0025847650904665875,-25.847650904665876,0.30999999999997385,-1.096774193548399
2011-02-11,-1,585,591,131.78000000000003,132.06,131.79000000000002,132.04,stop,-0.2799999999999727,-0.0021245921541844805,-21.245921541844805,0.24999999999997158,-1.120000000000018
2011-02-14,1,588,645,133.17999999999998,132.93,133.17,132.95000000000002,stop,-0.24999999999997158,-0.0018772996921226372,-18.772996921226373,0.21999999999997044,-1.1363636363636598
2011-02-15,1,585,612,133.14,132.82,133.13,132.84,stop,-0.3199999999999932,-0.0024036655900247367,-24.036655900247368,0.28999999999999204,-1.1034482758620758
2011-02-16,-1,587,599,133.43,133.66,133.44,133.64,stop,-0.22999999999998977,-0.0017236211031174294,-17.236211031174292,0.19999999999998863,-1.1500000000000141
2011-02-17,1,586,959,133.54999999999998,134.26000000000002,133.54,134.27,eod,0.7100000000000364,0.005316759023513827,53.16759023513827,0.20999999999997954,3.3809523809528836
2011-02-18,-1,585,625,134.13000000000002,134.4,134.14000000000001,134.38,stop,-0.2699999999999818,-0.0020128224243326507,-20.128224243326507,0.23999999999998067,-1.1250000000000149
2011-02-22,1,587,711,133.15999999999997,132.72,133.14999999999998,132.74,stop,-0.4399999999999693,-0.003304543747652793,-33.04543747652793,0.40999999999996817,-1.0731707317073256
2011-02-23,-1,588,959,131.60000000000002,131.04,131.61,131.03,eod,0.5600000000000307,0.00425499582098648,42.549958209864805,0.46999999999997044,1.191489361702268
2011-02-24,1,587,673,131.26999999999998,130.68,131.26,130.70000000000002,stop,-0.589999999999975,-0.0044948956269996575,-44.94895626999658,0.5599999999999739,-1.053571428571433
2011-02-25,1,595,959,131.80999999999997,132.31,131.79999999999998,132.32,eod,0.5000000000000284,0.0037936267071322343,37.93626707132234,0.40999999999996817,1.2195121951221153
2011-02-28,1,604,775,133.20999999999998,132.7,133.2,132.72,stop,-0.5099999999999909,-0.0038288288288287607,-38.2882882882876,0.47999999999998977,-1.0625000000000038
2011-03-01,-1,586,959,133.08,130.92999999999998,133.09,130.92,eod,2.150000000000034,0.01615448192952163,161.5448192952163,0.6099999999999852,3.5245901639345676
2011-03-02,1,591,703,131.14999999999998,130.7,131.14,130.72,stop,-0.44999999999998863,-0.0034314473082201363,-34.31447308220136,0.4199999999999875,-1.0714285714285763
2011-03-03,1,585,959,132.90999999999997,133.46,132.89999999999998,133.47,eod,0.5500000000000398,0.004138449962378028,41.38449962378028,0.5199999999999818,1.0576923076924212
2011-03-04,-1,585,634,133.08,133.51,133.09,133.48999999999998,stop,-0.4299999999999784,-0.003230896385904113,-32.30896385904113,0.39999999999997726,-1.075000000000007
2011-03-07,-1,608,959,132.73000000000002,131.42,132.74,131.41,eod,1.3100000000000307,0.00986891667922277,98.6891667922277,0.4293999999999869,3.050768514206033
2011-03-08,-1,585,601,131.19000000000003,131.78,131.20000000000002,131.76,stop,-0.589999999999975,-0.004496951219512004,-44.96951219512004,0.5599999999999739,-1.053571428571433
2011-03-09,1,624,657,132.43999999999997,131.72,132.42999999999998,131.74,stop,-0.7199999999999704,-0.005436834554103833,-54.36834554103833,0.6899999999999693,-1.0434782608695687
2011-03-10,-1,607,644,130.09000000000003,131.07,130.10000000000002,131.04999999999998,stop,-0.9799999999999613,-0.007532667179092707,-75.32667179092707,0.9499999999999602,-1.0315789473684236
2011-03-11,1,696,959,130.27989999999997,130.83,130.26989999999998,130.84,eod,0.5501000000000431,0.004222771338582767,42.22771338582767,0.7898999999999603,0.6964172680086983
2011-03-14,1,597,631,130.42999999999998,129.91,130.42,129.93,stop,-0.5199999999999818,-0.003987118540101073,-39.87118540101073,0.4899999999999807,-1.061224489795923
2011-03-15,1,586,959,127.32000000000001,128.62,127.31,128.63,eod,1.2999999999999972,0.010211295263529943,102.11295263529944,0.8200000000000074,1.585365853658519
2011-03-16,1,603,660,128.32,127.66,128.31,127.67999999999999,stop,-0.6599999999999966,-0.005143792377834904,-51.437923778349045,0.6300000000000097,-1.0476190476190261
2011-03-17,-1,585,618,127.60999999999999,128.149,127.61999999999999,128.129,stop,-0.5390000000000157,-0.004223475944209494,-42.23475944209495,0.5090000000000003,-1.0589390962672207
2011-03-18,-1,587,959,128.58,127.80000000000001,128.59,127.79,eod,0.7800000000000011,0.00606579049692823,60.6579049692823,0.29999999999998295,2.6000000000001515
2011-03-21,1,585,959,129.60999999999999,129.715,129.6,129.725,eod,0.10500000000001819,0.0008101851851853256,8.101851851853256,0.4099999999999966,0.2560975609756562
2011-03-22,-1,585,959,129.55,129.31,129.56,129.3,eod,0.2400000000000091,0.0018524235875270847,18.524235875270847,0.339999999999975,0.7058823529412551
2011-03-23,-1,585,596,128.56000000000003,129.04,128.57000000000002,129.01999999999998,stop,-0.47999999999996135,-0.003733374815275424,-37.33374815275424,0.4499999999999602,-1.066666666666675
2011-03-24,-1,586,655,130.01000000000002,130.49,130.02,130.47,stop,-0.47999999999998977,-0.0036917397323487904,-36.917397323487904,0.44999999999998863,-1.0666666666666709
2011-03-25,1,627,737,131.32,130.91,131.31,130.93,stop,-0.4099999999999966,-0.0031223821491127607,-31.223821491127605,0.37999999999999545,-1.0789473684210567
2011-03-28,1,586,697,131.71999999999997,131.43,131.70999999999998,131.45000000000002,stop,-0.2899999999999636,-0.0022018070002274973,-22.018070002274975,0.2599999999999625,-1.1153846153846365
2011-03-29,-1,585,609,130.49,130.96,130.5,130.94,stop,-0.46999999999999886,-0.0036015325670497996,-36.015325670497994,0.4399999999999977,-1.068181818181821
2011-03-30,1,597,609,132.67999999999998,132.43,132.67,132.45000000000002,stop,-0.24999999999997158,-0.0018843747644529405,-18.843747644529405,0.21999999999997044,-1.1363636363636598
2011-03-31,-1,593,637,132.57000000000002,132.97,132.58,132.95,stop,-0.39999999999997726,-0.0030170463116607122,-30.170463116607124,0.3699999999999761,-1.0810810810810894
2011-04-01,-1,585,611,133.21,133.49,133.22,133.47,stop,-0.28000000000000114,-0.002101786518540768,-21.01786518540768,0.25,-1.1200000000000045
2011-04-04,-1,592,959,133.37,133.25,133.38,133.24,eod,0.12000000000000455,0.0008996851102114601,8.9968511021146,0.29999999999998295,0.4000000000000379
2011-04-05,1,587,959,133.2,133.21,133.19,133.22,eod,0.010000000000019327,7.508071176529264e-05,0.7508071176529264,0.2599999999999909,0.03846153846161414
2011-04-06,-1,596,959,133.71,133.63,133.72,133.62,eod,0.0800000000000125,0.0005982650314090077,5.982650314090077,0.28999999999999204,0.2758620689655679
2011-04-07,1,585,637,133.71999999999997,133.35,133.70999999999998,133.37,stop,-0.3699999999999761,-0.0027671827088473276,-27.671827088473275,0.339999999999975,-1.088235294117657
2011-04-08,-1,587,959,133.69000000000003,132.85999999999999,133.70000000000002,132.85,eod,0.8300000000000409,0.0062079281974572985,62.079281974572986,0.29999999999998295,2.76666666666696
2011-04-11,1,588,620,133.24999999999997,132.95,133.23999999999998,132.97,stop,-0.29999999999998295,-0.002251576103272163,-22.515761032721628,0.2699999999999818,-1.1111111111111227
2011-04-12,1,585,596,131.92,131.51,131.91,131.53,stop,-0.4099999999999966,-0.003108179819573926,-31.08179819573926,0.37999999999999545,-1.0789473684210567
2011-04-13,-1,585,959,131.92000000000002,131.47,131.93,131.46,eod,0.45000000000001705,0.0034108997195483742,34.108997195483745,0.2599999999999909,1.730769230769357
2011-04-14,-1,586,619,130.59000000000003,130.91,130.60000000000002,130.89,stop,-0.31999999999996476,-0.002450229709034952,-24.50229709034952,0.2899999999999636,-1.1034482758620858
2011-04-15,-1,586,600,131.46,131.87,131.47,131.85,stop,-0.4099999999999966,-0.0031185821860500234,-31.185821860500234,0.37999999999999545,-1.0789473684210567
2011-04-18,-1,597,881,129.99,130.63,130.0,130.60999999999999,stop,-0.6399999999999864,-0.004923076923076818,-49.23076923076818,0.6099999999999852,-1.0491803278688556
2011-04-19,-1,592,821,130.70000000000002,131.1,130.71,131.07999999999998,stop,-0.39999999999997726,-0.0030602096243590943,-30.602096243590942,0.3699999999999761,-1.0810810810810894
2011-04-20,-1,591,602,132.83,133.08,132.84,133.06,stop,-0.25,-0.0018819632640770852,-18.819632640770852,0.21999999999999886,-1.1363636363636422
2011-04-21,-1,585,710,133.55,133.82,133.56,133.79999999999998,stop,-0.2699999999999818,-0.0020215633423179232,-20.21563342317923,0.23999999999998067,-1.1250000000000149
2011-04-25,1,586,620,133.76999999999998,133.46,133.76,133.48000000000002,stop,-0.30999999999997385,-0.002317583732057221,-23.17583732057221,0.2799999999999727,-1.1071428571428716
2011-04-26,1,593,959,134.18999999999997,134.77,134.17999999999998,134.78,eod,0.5800000000000409,0.004322551796095104,43.22551796095104,0.2799999999999727,2.0714285714289193
2011-04-27,-1,586,799,134.83,135.13,134.84,135.10999999999999,stop,-0.29999999999998295,-0.0022248590922573637,-22.248590922573637,0.2699999999999818,-1.1111111111111227
2011-04-28,1,592,959,135.67999999999998,136.10000000000002,135.67,136.11,eod,0.42000000000004434,0.0030957470332427534,30.957470332427533,0.2699999999999818,1.5555555555558245
2011-04-29,1,586,597,136.30999999999997,136.07,136.29999999999998,136.09,stop,-0.23999999999998067,-0.0017608217168010322,-17.608217168010324,0.20999999999997954,-1.1428571428571621
2011-05-02,-1,585,625,136.68,137.13,136.69,137.10999999999999,stop,-0.44999999999998863,-0.003292120857414505,-32.92120857414505,0.4199999999999875,-1.0714285714285763
2011-05-03,-1,585,596,135.72000000000003,136.1,135.73000000000002,136.07999999999998,stop,-0.37999999999996703,-0.0027996758270092607,-27.996758270092606,0.3499999999999659,-1.0857142857142974
2011-05-04,-1,597,959,135.28000000000003,134.85,135.29000000000002,134.84,eod,0.43000000000003524,0.003178357602188153,31.78357602188153,0.4499999999999602,0.9555555555557184
2011-05-05,1,585,673,134.20999999999998,133.72,134.2,133.74,stop,-0.4899999999999807,-0.0036512667660207206,-36.51266766020721,0.45999999999997954,-1.0652173913043532
2011-05-06,-1,591,678,134.86,135.46,134.87,135.44,stop,-0.5999999999999943,-0.004448728405130825,-44.487284051308244,0.5699999999999932,-1.052631578947371
2011-05-09,1,586,593,134.42,134.14,134.41,134.16,stop,-0.28000000000000114,-0.002083178334945325,-20.83178334945325,0.25,-1.1200000000000045
2011-05-10,1,585,959,135.24999999999997,135.88,135.23999999999998,135.89,eod,0.6300000000000239,0.004658385093167879,46.58385093167879,0.24999999999997158,2.520000000000382
2011-05-11,-1,600,959,135.29000000000002,134.45999999999998,135.3,134.45,eod,0.8300000000000409,0.006134515890613754,61.34515890613754,0.39999999999997726,2.0750000000002204
2011-05-12,-1,585,683,133.39000000000001,134.19,133.4,134.17,stop,-0.799999999999983,-0.005997001499250247,-59.97001499250247,0.7699999999999818,-1.0389610389610413
2011-05-13,-1,586,959,134.88000000000002,134.04,134.89000000000001,134.03,eod,0.8400000000000318,0.006227296315516582,62.27296315516582,0.45999999999997954,1.8260869565218896
2011-05-16,1,601,940,133.89999999999998,133.27,133.89,133.29000000000002,stop,-0.629999999999967,-0.004705355142280731,-47.05355142280731,0.5999999999999659,-1.0500000000000047
2011-05-17,1,585,668,132.85999999999999,132.45,132.85,132.47,stop,-0.4099999999999966,-0.0030861874294316645,-30.861874294316646,0.37999999999999545,-1.0789473684210567
2011-05-18,1,587,959,133.33999999999997,134.36,133.32999999999998,134.37,eod,1.0200000000000387,0.00765019125478166,76.5019125478166,0.38999999999998636,2.615384615384806
2011-05-19,1,593,600,134.92999999999998,134.64,134.92,134.66,stop,-0.28999999999999204,-0.002149421879632316,-21.49421879632316,0.2599999999999909,-1.1153846153846239
2011-05-20,-1,585,814,134.21,134.47,134.22,134.45,stop,-0.2599999999999909,-0.001937118164207949,-19.37118164207949,0.22999999999998977,-1.1304347826087064
2011-05-23,1,604,695,132.26999999999998,131.71,132.26,131.73000000000002,stop,-0.5599999999999739,-0.004234084379252789,-42.34084379252789,0.5299999999999727,-1.0566037735849108
2011-05-24,1,595,631,132.57999999999998,132.29,132.57,132.31,stop,-0.28999999999999204,-0.0021875235724522295,-21.875235724522295,0.2599999999999909,-1.1153846153846239
2011-05-25,1,586,959,131.92999999999998,132.37,131.92,132.38,eod,0.44000000000002615,0.003335354760461084,33.35354760461084,0.549999999999983,0.8000000000000723
2011-05-26,1,590,595,132.42,131.97,132.41,131.99,stop,-0.44999999999998863,-0.0033985348538629156,-33.985348538629154,0.4199999999999875,-1.0714285714285763
2011-05-27,1,585,603,133.6,133.31,133.59,133.33,stop,-0.28999999999999204,-0.002170821169249136,-21.708211692491357,0.2599999999999909,-1.1153846153846239
2011-05-31,-1,585,959,134.56000000000003,134.92,134.57000000000002,134.89999999999998,stop,-0.3599999999999568,-0.002675187634687945,-26.75187634687945,0.32999999999995566,-1.0909090909091066
2011-06-01,-1,585,959,134.42000000000002,131.87,134.43,131.86,eod,2.5500000000000114,0.018968980138362058,189.6898013836206,0.1799999999999784,14.16666666666843
2011-06-02,-1,587,959,131.51000000000002,131.70999999999998,131.52,131.7,eod,-0.1999999999999602,-0.00152068126520651,-15.2068126520651,0.7299999999999898,-0.2739726027396754
2011-06-03,1,585,959,130.54,130.42000000000002,130.53,130.43,eod,-0.11999999999997613,-0.0009193288899101825,-9.193288899101825,0.45999999999997954,-0.260869565217351
2011-06-06,-1,588,959,130.06000000000003,129.06,130.07000000000002,129.05,eod,1.0000000000000284,0.007688167909587363,76.88167909587364,0.29999999999998295,3.3333333333336177
2011-06-07,-1,585,606,129.46,129.77,129.47,129.75,stop,-0.3100000000000023,-0.0023943770757704663,-23.943770757704662,0.28000000000000114,-1.1071428571428608
2011-06-08,-1,589,663,128.72000000000003,129.1,128.73000000000002,129.07999999999998,stop,-0.37999999999996703,-0.0029519148605606075,-29.519148605606077,0.3499999999999659,-1.0857142857142974
2011-06-09,1,589,959,128.79999999999998,129.36,128.79,129.37,eod,0.5600000000000307,0.004348163677304377,43.48163677304377,0.339999999999975,1.6470588235296233
2011-06-10,-1,593,959,128.42000000000002,127.54,128.43,127.53,eod,0.8800000000000097,0.006851981624231174,68.51981624231173,0.5099999999999909,1.7254901960784812
2011-06-13,-1,658,847,127.78999999999999,128.25,127.8,128.23,stop,-0.46000000000000796,-0.0035993740219092954,-35.993740219092956,0.4299999999999926,-1.069767441860502
2011-06-14,1,585,959,129.08999999999997,129.3,129.07999999999998,129.31,eod,0.21000000000003638,0.0016268980477226248,16.268980477226247,0.2699999999999818,0.7777777777779649
2011-06-15,1,585,697,128.40999999999997,127.97,128.39999999999998,127.99,stop,-0.4399999999999693,-0.0034267912772583285,-34.26791277258329,0.4099999999999824,-1.0731707317072883
2011-06-16,1,588,600,127.51,126.94,127.5,126.96,stop,-0.5700000000000074,-0.004470588235294176,-44.70588235294176,0.5400000000000063,-1.055555555555557
2011-06-17,-1,594,959,127.42999999999999,127.06,127.44,127.05,eod,0.36999999999999034,0.002903327055869353,29.033270558693527,0.5000000000000142,0.7399999999999597
2011-06-20,1,588,959,127.08000000000001,127.71,127.07000000000001,127.72,eod,0.6299999999999812,0.004957897222003472,49.57897222003472,0.5000000000000142,1.2599999999999267
2011-06-21,1,592,959,128.45,129.44,128.44,129.45,eod,0.9900000000000091,0.007707879165369115,77.07879165369116,0.2599999999999909,3.807692307692476
2011-06-22,1,585,941,129.38,128.89,129.37,128.91,stop,-0.4900000000000091,-0.0037875859936616608,-37.87585993661661,0.46000000000000796,-1.0652173913043492
2011-06-23,-1,591,784,126.57999999999998,127.21000000000001,126.58999999999999,127.19000000000001,stop,-0.6300000000000239,-0.0049766964215184764,-49.766964215184764,0.6000000000000227,-1.05
2011-06-24,-1,586,959,127.91999999999999,126.81,127.92999999999999,126.8,eod,1.1099999999999852,0.008676620026576919,86.76620026576919,0.45000000000000284,2.4666666666666184
2011-06-27,1,586,959,127.23,127.94,127.22,127.95,eod,0.7099999999999937,0.005580883508882202,55.80883508882202,0.5900000000000034,1.203389830508457
2011-06-28,1,585,959,128.79,129.59,128.78,129.6,eod,0.8000000000000114,0.006212144742972599,62.121447429726,0.5199999999999818,1.538461538461614
2011-06-29,-1,602,644,129.89000000000001,130.38,129.9,130.35999999999999,stop,-0.4899999999999807,-0.0037721324095456557,-37.72132409545656,0.45999999999997954,-1.0652173913043532
2011-06-30,1,585,959,131.42,131.96,131.41,131.97,eod,0.5400000000000205,0.0041092763107832015,41.09276310783201,0.4299999999999784,1.2558139534884827
2011-07-01,1,588,959,132.05999999999997,133.9,132.04999999999998,133.91,eod,1.8400000000000318,0.013934115865202818,139.34115865202818,0.2799999999999727,6.571428571429325
2011-07-05,1,603,624,133.82,133.45,133.81,133.47,stop,-0.37000000000000455,-0.002765114714894287,-27.65114714894287,0.3400000000000034,-1.0882352941176494
2011-07-06,-1,600,696,133.39000000000001,133.73,133.4,133.70999999999998,stop,-0.339999999999975,-0.002548725637181222,-25.48725637181222,0.30999999999997385,-1.096774193548399
2011-07-07,-1,588,601,134.93,135.2,134.94,135.17999999999998,stop,-0.2699999999999818,-0.0020008892841261437,-20.008892841261435,0.23999999999998067,-1.1250000000000149
2011-07-08,1,594,611,134.20999999999998,133.79,134.2,133.81,stop,-0.4199999999999875,-0.003129657228017791,-31.29657228017791,0.38999999999998636,-1.0769230769230824
2011-07-11,-1,585,591,132.70000000000002,133.05,132.71,133.03,stop,-0.3499999999999943,-0.0026373295154848487,-26.37329515484849,0.3199999999999932,-1.0937500000000056
2011-07-12,-1,594,601,131.58,132.08,131.59,132.06,stop,-0.5,-0.0037996808268105477,-37.996808268105475,0.46999999999999886,-1.0638297872340452
2011-07-13,1,586,592,132.32,132.02,132.31,132.04000000000002,stop,-0.29999999999998295,-0.00226740231275023,-22.674023127502302,0.2699999999999818,-1.1111111111111227
2011-07-14,1,589,654,132.40999999999997,131.94,132.39999999999998,131.96,stop,-0.46999999999997044,-0.0035498489425979645,-35.49848942597964,0.4399999999999693,-1.0681818181818254
2011-07-15,-1,585,959,131.45000000000002,131.72,131.46,131.71,eod,-0.2699999999999818,-0.0020538566864444076,-20.538566864444075,0.4199999999999875,-0.6428571428571187
2011-07-18,-1,595,959,130.82000000000002,130.60999999999999,130.83,130.6,eod,0.21000000000003638,0.0016051364365973887,16.05136436597389,0.45999999999997954,0.4565217391305342
2011-07-19,1,594,959,131.92999999999998,132.71,131.92,132.72,eod,0.7800000000000296,0.005912674348089976,59.126743480899755,0.6199999999999761,1.2580645161291284
2011-07-20,-1,588,959,132.74,132.66,132.75,132.65,eod,0.0800000000000125,0.0006026365348400189,6.026365348400189,0.4099999999999966,0.19512195121954432
2011-07-21,1,586,959,133.52999999999997,134.48000000000002,133.51999999999998,134.49,eod,0.9500000000000455,0.007115038945476675,71.15038945476675,0.38999999999998636,2.4358974358976377
2011-07-22,-1,586,733,134.23000000000002,134.67,134.24,134.64999999999998,stop,-0.4399999999999693,-0.0032777115613823694,-32.777115613823696,0.40999999999996817,-1.0731707317073256
2011-07-25,1,587,959,133.54999999999998,133.83,133.54,133.84,eod,0.28000000000002956,0.0020967500374421866,20.967500374421867,0.38999999999998636,0.7179487179488189
2011-07-26,-1,585,857,133.47000000000003,133.94,133.48000000000002,133.92,stop,-0.46999999999997044,-0.0035211267605631583,-35.21126760563158,0.4399999999999693,-1.0681818181818254
2011-07-27,-1,591,959,132.11,130.62,132.12,130.61,eod,1.490000000000009,0.011277626400242272,112.77626400242272,0.4899999999999807,3.040816326530751
2011-07-28,1,606,928,130.93999999999997,130.42,130.92999999999998,130.44,stop,-0.5199999999999818,-0.003971587871381516,-39.71587871381516,0.4899999999999807,-1.061224489795923
2011-07-29,-1,585,593,128.49,129.0,128.5,128.98,stop,-0.5099999999999909,-0.003968871595330668,-39.688715953306684,0.47999999999998977,-1.0625000000000038
2011-08-01,-1,586,959,130.11,128.79999999999998,130.12,128.79,eod,1.3100000000000307,0.010067629880110902,100.67629880110903,0.8499999999999943,1.5411764705882818
2011-08-02,1,586,653,128.32,127.74,128.31,127.75999999999999,stop,-0.5799999999999983,-0.004520302392642805,-45.20302392642805,0.5500000000000114,-1.0545454545454296
2011-08-03,-1,585,600,125.24,125.85,125.25,125.83,stop,-0.6099999999999994,-0.00487025948103792,-48.702594810379196,0.5799999999999983,-1.0517241379310367
2011-08-04,-1,588,959,124.07,120.21000000000001,124.08,120.2,eod,3.859999999999985,0.03110896196002567,311.0896196002567,0.5500000000000114,7.018181818181646
2011-08-05,-1,589,959,120.99,120.04,121.0,120.03,eod,0.9499999999999886,0.007851239669421394,78.51239669421395,1.0799999999999983,0.8796296296296205
2011-08-08,-1,617,959,116.71999999999998,112.29,116.72999999999999,112.28,eod,4.429999999999978,0.037950826694080175,379.5082669408018,1.6300000000000097,2.7177914110429153
2011-08-09,1,601,861,114.33000000000001,112.11,114.32000000000001,112.13,stop,-2.220000000000013,-0.019419174247725796,-194.19174247725795,2.190000000000012,-1.0136986301369868
2011-08-10,1,588,600,115.4,113.99,115.39,114.00999999999999,stop,-1.4100000000000108,-0.01221942975994463,-122.1942975994463,1.3800000000000097,-1.0217391304347834
2011-08-11,-1,590,617,113.19999999999999,114.56,113.21,114.54,stop,-1.3600000000000136,-0.012013073050084037,-120.13073050084037,1.3300000000000125,-1.0225563909774442
2011-08-12,-1,594,713,118.19999999999999,119.2,118.21,119.18,stop,-1.0000000000000142,-0.008459521191100704,-84.59521191100704,0.9700000000000131,-1.0309278350515472
2011-08-15,1,590,692,119.84,119.08,119.83,119.1,stop,-0.7600000000000051,-0.006342318284236044,-63.42318284236044,0.730000000000004,-1.0410958904109602
2011-08-16,-1,588,628,119.21999999999998,119.87,119.22999999999999,119.85000000000001,stop,-0.6500000000000199,-0.00545164807514904,-54.5164807514904,0.6200000000000188,-1.048387096774194
2011-08-17,1,586,695,120.71000000000001,120.01,120.7,120.03,stop,-0.7000000000000028,-0.005799502899751474,-57.99502899751474,0.6700000000000017,-1.0447761194029868
2011-08-18,-1,585,959,115.60999999999999,114.415,115.61999999999999,114.405,eod,1.194999999999979,0.010335582079224867,103.35582079224868,1.0300000000000153,1.160194174757244
2011-08-19,1,599,893,114.38000000000001,112.87,114.37,112.89,stop,-1.5100000000000051,-0.013202762962315337,-132.02762962315336,1.480000000000004,-1.020270270270271
2011-08-22,-1,585,959,114.38,112.78,114.39,112.77,eod,1.5999999999999943,0.013987236646559964,139.87236646559964,0.8500000000000085,1.882352941176445
2011-08-23,1,596,959,113.47000000000001,116.47,113.46000000000001,116.48,eod,2.999999999999986,0.026441036488630228,264.41036488630226,0.8900000000000148,3.3707865168538604
2011-08-24,1,585,959,116.63000000000001,118.08,116.62,118.09,eod,1.4499999999999886,0.012433544846509935,124.33544846509935,0.710000000000008,2.042253521126722
2011-08-25,-1,588,959,118.35999999999999,116.33,118.36999999999999,116.32,eod,2.029999999999987,0.017149615612063757,171.49615612063758,1.0400000000000205,1.951923076923026
2011-08-26,-1,585,625,115.21999999999998,115.96000000000001,115.22999999999999,115.94000000000001,stop,-0.7400000000000233,-0.006421938731233388,-64.21938731233388,0.7100000000000222,-1.042253521126761
2011-08-29,1,585,959,120.17000000000002,121.33999999999999,120.16000000000001,121.35,eod,1.1699999999999733,0.009737017310252772,97.37017310252772,0.6900000000000119,1.6956521739129755
2011-08-30,1,585,599,121.05000000000001,120.58,121.04,120.6,stop,-0.4700000000000131,-0.003883013879709295,-38.83013879709295,0.44000000000001194,-1.068181818181819
2011-08-31,1,585,715,123.02000000000001,122.3,123.01,122.32,stop,-0.7200000000000131,-0.005853182668075873,-58.531826680758726,0.6900000000000119,-1.043478260869566
2011-09-01,-1,586,600,122.02999999999999,122.59,122.03999999999999,122.57000000000001,stop,-0.5600000000000165,-0.0045886594559162285,-45.88659455916228,0.5300000000000153,-1.056603773584906
2011-09-02,1,607,851,118.88000000000001,118.05,118.87,118.07,stop,-0.8300000000000125,-0.006982417767308929,-69.8241776730893,0.8000000000000114,-1.037500000000001
2011-09-06,1,586,959,115.08000000000001,117.00999999999999,115.07000000000001,117.02,eod,1.9299999999999784,0.01677239940905517,167.72399409055168,0.700000000000017,2.757142857142759
2011-09-07,1,591,959,118.92000000000002,120.2799,118.91000000000001,120.2899,eod,1.359899999999982,0.01143638045580676,114.3638045580676,0.5600000000000165,2.4283928571427533
2011-09-08,-1,601,632,119.38999999999999,120.4,119.39999999999999,120.38000000000001,stop,-1.0100000000000193,-0.008458961474037014,-84.58961474037014,0.9800000000000182,-1.0306122448979598
2011-09-09,1,642,682,117.91000000000001,116.95,117.9,116.97,stop,-0.960000000000008,-0.008142493638676912,-81.42493638676912,0.9300000000000068,-1.0322580645161301
2011-09-12,1,585,812,115.19000000000001,114.41,115.18,114.42999999999999,stop,-0.7800000000000153,-0.006772009029345505,-67.72009029345504,0.7500000000000142,-1.0400000000000007
2011-09-13,1,591,959,117.13000000000001,117.72999999999999,117.12,117.74,eod,0.5999999999999801,0.005122950819671961,51.22950819671961,0.9100000000000108,0.6593406593406297
2011-09-14,-1,600,759,117.78999999999999,118.63,117.8,118.61,stop,-0.8400000000000034,-0.007130730050933815,-71.30730050933815,0.8100000000000023,-1.0370370370370383
2011-09-15,1,601,630,120.77000000000001,119.97,120.76,119.99,stop,-0.8000000000000114,-0.006624710168930203,-66.24710168930203,0.7700000000000102,-1.03896103896104
2011-09-16,1,588,626,121.68,121.17,121.67,121.19,stop,-0.5100000000000051,-0.004191665981753966,-41.91665981753966,0.480000000000004,-1.0625000000000018
2011-09-19,-1,585,706,119.1,119.72,119.11,119.7,stop,-0.6200000000000045,-0.005205272437242923,-52.052724372429225,0.5900000000000034,-1.0508474576271203
2011-09-20,-1,585,627,120.22999999999999,121.01,120.24,120.99000000000001,stop,-0.7800000000000153,-0.0064870259481039205,-64.8702594810392,0.7500000000000142,-1.0400000000000007
2011-09-21,-1,592,600,119.97999999999999,120.6,119.99,120.58,stop,-0.6200000000000045,-0.00516709725810488,-51.6709725810488,0.5900000000000034,-1.0508474576271203
2011-09-22,-1,585,620,113.21999999999998,113.92,113.22999999999999,113.9,stop,-0.700000000000017,-0.0061821072154024295,-61.82107215402429,0.6700000000000159,-1.0447761194029856
2011-09-23,1,585,959,112.87,113.42999999999999,112.86,113.44,eod,0.5599999999999881,0.004961899698741698,49.61899698741698,0.8500000000000085,0.658823529411744
2011-09-26,-1,592,701,114.02,114.89,114.03,114.87,stop,-0.8700000000000045,-0.007629571165482807,-76.29571165482807,0.8400000000000034,-1.035714285714287
2011-09-27,1,591,922,118.76,118.15,118.75,118.17,stop,-0.6099999999999994,-0.005136842105263153,-51.36842105263153,0.5799999999999983,-1.0517241379310367
2011-09-28,1,587,616,118.19000000000001,117.52,118.18,117.53999999999999,stop,-0.6700000000000159,-0.005669317989507665,-56.69317989507665,0.6400000000000148,-1.0468750000000007
2011-09-29,1,585,603,117.42000000000002,116.94,117.41000000000001,116.96,stop,-0.4800000000000182,-0.004088237799165472,-40.88237799165472,0.45000000000001705,-1.0666666666666667
2011-09-30,-1,588,619,114.10999999999999,115.12,114.11999999999999,115.10000000000001,stop,-1.0100000000000193,-0.008850332982825266,-88.50332982825266,0.9800000000000182,-1.0306122448979598
2011-10-03,1,585,593,112.93,112.25,112.92,112.27,stop,-0.6800000000000068,-0.006021962451293011,-60.21962451293011,0.6500000000000057,-1.0461538461538475
2011-10-04,-1,585,642,108.22999999999999,108.94,108.24,108.92,stop,-0.710000000000008,-0.006559497413156023,-65.59497413156024,0.6800000000000068,-1.0441176470588247
2011-10-05,1,604,959,112.64000000000001,114.44999999999999,112.63000000000001,114.46,eod,1.8099999999999739,0.01607031874278588,160.7031874278588,1.0600000000000165,1.7075471698112696
2011-10-06,-1,587,613,114.1,114.65,114.11,114.63000000000001,stop,-0.5500000000000114,-0.004819910612566921,-48.19910612566921,0.5200000000000102,-1.0576923076923088
2011-10-07,-1,587,625,116.42999999999999,117.21000000000001,116.44,117.19000000000001,stop,-0.7800000000000153,-0.006698728959120709,-66.98728959120709,0.7500000000000142,-1.0400000000000007
2011-10-10,1,590,959,118.22000000000001,119.58,118.21000000000001,119.59,eod,1.3599999999999852,0.011504948819896669,115.04948819896669,0.5500000000000114,2.472727272727195
2011-10-11,-1,585,587,118.75999999999999,119.12,118.77,119.10000000000001,stop,-0.36000000000001364,-0.0030310684516293143,-30.310684516293144,0.3300000000000125,-1.0909090909090908
2011-10-12,-1,588,609,120.33999999999999,120.87,120.35,120.85000000000001,stop,-0.5300000000000153,-0.004403822185293023,-44.03822185293023,0.5000000000000142,-1.0600000000000005
2011-10-13,-1,585,808,119.60999999999999,120.1,119.61999999999999,120.08,stop,-0.4900000000000091,-0.004096304965724872,-40.96304965724872,0.46000000000000796,-1.0652173913043492
2011-10-14,1,587,594,122.26,121.83,122.25,121.85,stop,-0.4300000000000068,-0.0035173824130879904,-35.1738241308799,0.4000000000000057,-1.0750000000000017
2011-10-17,-1,593,959,121.63,120.22,121.64,120.21,eod,1.4099999999999966,0.011591581716540584,115.91581716540584,0.4300000000000068,3.2790697674418006
2011-10-18,-1,586,641,119.96,120.5,119.97,120.48,stop,-0.5400000000000063,-0.004501125281320382,-45.01125281320382,0.5100000000000051,-1.0588235294117663
2011-10-19,-1,586,619,122.27999999999999,122.8,122.28999999999999,122.78,stop,-0.5200000000000102,-0.004252187423338051,-42.521874233380515,0.4900000000000091,-1.0612244897959195
2011-10-20,1,600,656,121.54,120.84,121.53,120.86,stop,-0.7000000000000028,-0.0057598946762116585,-57.59894676211658,0.6700000000000017,-1.0447761194029868
2011-10-21,1,587,791,123.21000000000001,122.91,123.2,122.92999999999999,stop,-0.30000000000001137,-0.0024350649350650274,-24.350649350650272,0.27000000000001023,-1.1111111111111112
2011-10-24,1,586,959,124.70000000000002,125.50139999999999,124.69000000000001,125.5114,eod,0.8013999999999726,0.006427139305477364,64.27139305477364,0.6400000000000148,1.2521874999999283
2011-10-26,-1,588,931,123.93999999999998,124.56,123.94999999999999,124.54,stop,-0.6200000000000188,-0.005002016942315601,-50.02016942315601,0.5900000000000176,-1.050847457627119
2011-10-27,-1,586,721,127.32999999999998,127.83,127.33999999999999,127.81,stop,-0.5000000000000142,-0.003926495994974197,-39.26495994974197,0.4700000000000131,-1.0638297872340432
2011-10-28,-1,590,637,127.85,128.47,127.86,128.45,stop,-0.6200000000000045,-0.004849053652432383,-48.49053652432383,0.5899999999999892,-1.0508474576271456
2011-10-31,-1,585,959,126.78999999999999,125.38000000000001,126.8,125.37,eod,1.4099999999999824,0.011119873817034562,111.19873817034562,0.4650000000000034,3.032258064516069
2011-11-01,1,597,959,122.56000000000002,122.0,122.55000000000001,122.01,eod,-0.5600000000000165,-0.004569563443492586,-45.69563443492586,1.0400000000000205,-0.5384615384615438
2011-11-02,-1,587,649,123.55999999999999,124.05,123.57,124.03,stop,-0.4900000000000091,-0.0039653637614308415,-39.653637614308415,0.46000000000000796,-1.0652173913043492
2011-11-03,-1,588,769,124.85999999999999,125.45,124.86999999999999,125.43,stop,-0.5900000000000176,-0.004724913910467027,-47.24913910467027,0.5600000000000165,-1.053571428571429
2011-11-04,-1,597,826,125.04999999999998,125.55,125.05999999999999,125.53,stop,-0.5000000000000142,-0.003998080921157958,-39.98080921157958,0.4700000000000131,-1.0638297872340432
2011-11-07,1,585,627,125.95000000000002,125.26,125.94000000000001,125.28,stop,-0.6900000000000119,-0.005478799428299284,-54.78799428299284,0.6600000000000108,-1.0454545454545465
2011-11-08,1,585,612,127.04,126.63,127.03,126.64999999999999,stop,-0.4100000000000108,-0.0032275840352673445,-32.27584035267345,0.38000000000000966,-1.0789473684210535
2011-11-09,-1,586,675,124.68999999999998,125.21000000000001,124.69999999999999,125.19000000000001,stop,-0.5200000000000244,-0.004170008019246387,-41.700080192463865,0.4900000000000233,-1.0612244897959178
2011-11-10,-1,589,795,124.33999999999999,124.88,124.35,124.86,stop,-0.5400000000000063,-0.004342581423401739,-43.42581423401739,0.5100000000000051,-1.0588235294117663
2011-11-11,1,595,959,126.27000000000001,126.67999999999999,126.26,126.69,eod,0.4099999999999824,0.0032472675431647583,32.47267543164758,0.480000000000004,0.8541666666666229
2011-11-14,-1,585,959,125.92999999999999,125.49000000000001,125.94,125.48,eod,0.4399999999999835,0.003493727171668918,34.93727171668918,0.4300000000000068,1.0232558139534338
2011-11-15,1,585,680,125.59,124.95,125.58,124.97,stop,-0.6400000000000006,-0.005096352922439883,-50.96352922439883,0.6099999999999994,-1.0491803278688543
2011-11-16,1,585,931,125.21000000000001,124.62,125.2,124.64,stop,-0.5900000000000034,-0.004712460063897791,-47.1246006389779,0.5600000000000023,-1.0535714285714304
2011-11-17,-1,585,633,123.32,123.99,123.33,123.97,stop,-0.6700000000000017,-0.005432579258898903,-54.32579258898903,0.6400000000000006,-1.0468750000000018
2011-11-18,-1,585,650,122.07,122.68,122.08,122.66000000000001,stop,-0.6100000000000136,-0.004996723460026324,-49.96723460026324,0.5800000000000125,-1.0517241379310354
2011-11-21,-1,591,959,119.63,119.67,119.64,119.66,eod,-0.04000000000000625,-0.0003343363423604668,-3.3433634236046683,0.7199999999999989,-0.05555555555556433
2011-11-22,1,585,648,119.87,119.135,119.86,119.155,stop,-0.7349999999999994,-0.006132154179876518,-61.32154179876518,0.7049999999999983,-1.0425531914893633
2011-11-23,-1,590,959,117.63999999999999,116.64,117.64999999999999,116.63,eod,0.9999999999999858,0.008499787505312247,84.99787505312247,0.5700000000000074,1.754385964912233
2011-11-28,1,591,890,119.87,119.28,119.86,119.3,stop,-0.5900000000000034,-0.00492240947772404,-49.2240947772404,0.5600000000000023,-1.0535714285714304
2011-11-29,1,590,959,120.11000000000001,120.02,120.10000000000001,120.03,eod,-0.09000000000001762,-0.0007493755203998136,-7.493755203998136,0.5000000000000142,-0.18000000000003014
2011-11-30,1,586,959,123.83000000000001,125.07969999999999,123.82000000000001,125.0897,eod,1.2496999999999758,0.01009287675658194,100.9287675658194,0.6100000000000136,2.0486885245900783
2011-12-01,1,586,673,125.01,124.6799,125.0,124.6999,stop,-0.3301000000000016,-0.002640800000000013,-26.40800000000013,0.3001000000000005,-1.0999666777740789
2011-12-02,-1,592,602,125.725,126.22,125.735,126.2,stop,-0.49500000000000455,-0.003936851314272116,-39.36851314272116,0.4650000000000034,-1.06451612903226
2011-12-05,1,598,828,126.87,126.44,126.86,126.46,stop,-0.4300000000000068,-0.00338956329812397,-33.8956329812397,0.4000000000000057,-1.0750000000000017
2011-12-06,-1,585,623,125.96999999999998,126.45,125.97999999999999,126.43,stop,-0.4800000000000182,-0.0038101285918401193,-38.101285918401196,0.45000000000001705,-1.0666666666666667
2011-12-07,-1,626,690,125.10999999999999,125.89,125.11999999999999,125.87,stop,-0.7800000000000153,-0.006234015345268665,-62.34015345268665,0.7500000000000142,-1.0400000000000007
2011-12-08,1,591,604,126.11000000000001,125.6,126.10000000000001,125.61999999999999,stop,-0.5100000000000193,-0.004044409199048527,-40.444091990485276,0.4800000000000182,-1.0625
2011-12-09,1,590,959,125.16000000000001,126.02,125.15,126.03,eod,0.8599999999999852,0.006871753895325491,68.71753895325492,0.7600000000000051,1.131578947368394
2011-12-12,-1,595,959,124.36999999999999,124.2,124.38,124.19,eod,0.1699999999999875,0.0013667792249556802,13.667792249556802,0.6000000000000085,0.28333333333330846
2011-12-13,1,585,644,125.39000000000001,124.81,125.38000000000001,124.83,stop,-0.5800000000000125,-0.004625937151060875,-46.25937151060875,0.5500000000000114,-1.0545454545454556
2011-12-14,-1,587,959,122.39999999999999,121.75,122.41,121.74,eod,0.6499999999999915,0.005310023690874859,53.100236908748585,0.6300000000000097,1.0317460317460023
2011-12-15,1,600,603,123.16000000000001,122.76,123.15,122.78,stop,-0.4000000000000057,-0.0032480714575721125,-32.48071457572112,0.37000000000000455,-1.0810810810810831
2011-12-16,-1,587,603,122.13,122.61,122.14,122.59,stop,-0.480000000000004,-0.003929916489274636,-39.29916489274636,0.45000000000000284,-1.0666666666666689
2011-12-19,-1,587,959,121.99999999999999,120.34,122.00999999999999,120.33,eod,1.6599999999999824,0.013605442176870606,136.05442176870605,0.3200000000000074,5.187499999999825
2011-12-20,1,628,959,123.19000000000001,123.92,123.18,123.93,eod,0.7299999999999898,0.005926286734859472,59.262867348594725,1.0200000000000102,0.7156862745097867
2011-12-21,-1,595,917,123.22999999999999,124.08,123.24,124.06,stop,-0.8500000000000085,-0.006897111327491144,-68.97111327491143,0.8200000000000074,-1.0365853658536597
2011-12-22,1,594,959,124.93,125.3,124.92,125.31,eod,0.36999999999999034,0.002961895613192366,29.618956131923657,0.5700000000000074,0.6491228070175185
2011-12-23,-1,585,673,125.39999999999999,125.82000000000001,125.41,125.80000000000001,stop,-0.4200000000000159,-0.003349015230045578,-33.49015230045578,0.3900000000000148,-1.0769230769230769
2011-12-27,1,587,959,126.51,126.44999999999999,126.5,126.46,eod,-0.060000000000016485,-0.0004743083003953872,-4.743083003953872,0.45000000000000284,-0.13333333333336914
2011-12-28,-1,585,959,126.07999999999998,124.97,126.08999999999999,124.96,eod,1.1099999999999852,0.008803235783963718,88.03235783963719,0.45000000000001705,2.46666666666654
2011-12-29,1,605,959,125.60000000000001,126.14999999999999,125.59,126.16,eod,0.549999999999983,0.004379329564455633,43.79329564455633,0.4200000000000017,1.3095238095237636
2011-12-30,1,591,860,126.18,125.86,126.17,125.88,stop,-0.3200000000000074,-0.0025362606007767884,-25.362606007767884,0.29000000000000625,-1.1034482758620707
2012-01-03,1,602,757,128.14,127.7,128.13,127.72,stop,-0.4399999999999835,-0.00343401233122597,-34.3401233122597,0.4099999999999966,-1.0731707317072858
2012-01-04,1,595,612,127.39000000000001,127.01,127.38000000000001,127.03,stop,-0.38000000000000966,-0.00298319987439166,-29.8319987439166,0.3500000000000085,-1.085714285714287
2012-01-05,-1,587,682,126.51499999999999,127.18,126.52499999999999,127.16000000000001,stop,-0.6650000000000205,-0.00525587828492409,-52.5587828492409,0.6350000000000193,-1.0472440944881893
2012-01-06,-1,590,959,127.46999999999998,127.80000000000001,127.47999999999999,127.79,eod,-0.3300000000000267,-0.002588641355506956,-25.88641355506956,0.75,-0.44000000000003564
2012-01-09,-1,601,617,127.63999999999999,128.08,127.64999999999999,128.06,stop,-0.44000000000002615,-0.003446925186055826,-34.46925186055826,0.4100000000000108,-1.0731707317073527
2012-01-10,1,604,745,129.51999999999998,129.12,129.51,129.14000000000001,stop,-0.39999999999997726,-0.0030885645896068046,-30.885645896068045,0.3699999999999761,-1.0810810810810894
2012-01-11,1,585,601,128.93999999999997,128.54,128.92999999999998,128.56,stop,-0.39999999999997726,-0.0031024586985184,-31.024586985184,0.3699999999999761,-1.0810810810810894
2012-01-12,-1,586,959,129.13000000000002,129.54,129.14000000000001,129.53,eod,-0.40999999999996817,-0.003174849001083848,-31.748490010838477,0.5699999999999648,-0.7192982456140237
2012-01-13,1,594,606,128.67999999999998,128.21,128.67,128.23000000000002,stop,-0.46999999999997044,-0.003652755109971015,-36.52755109971015,0.4399999999999693,-1.0681818181818254
2012-01-17,1,585,600,130.26,129.95,130.25,129.97,stop,-0.3100000000000023,-0.0023800383877159484,-23.800383877159483,0.28000000000000114,-1.1071428571428608
2012-01-18,1,585,959,129.51,130.77,129.5,130.78,eod,1.2600000000000193,0.009729729729729878,97.29729729729878,0.4299999999999784,2.930232558139727
2012-01-19,1,597,602,131.26,130.95,131.25,130.97,stop,-0.3100000000000023,-0.002361904761904779,-23.61904761904779,0.28000000000000114,-1.1071428571428608
2012-01-20,1,590,605,131.35,131.06,131.34,131.08,stop,-0.28999999999999204,-0.0022080097456981273,-22.080097456981274,0.2599999999999909,-1.1153846153846239
2012-01-23,1,590,698,131.99999999999997,131.44,131.98999999999998,131.46,stop,-0.5599999999999739,-0.004242745662549996,-42.42745662549996,0.5299999999999727,-1.0566037735849108
2012-01-24,1,598,959,130.93999999999997,131.45000000000002,130.92999999999998,131.46,eod,0.5100000000000477,0.0038952111815477573,38.95211181547757,0.339999999999975,1.5000000000002507
2012-01-25,-1,588,665,130.82000000000002,131.29,130.83,131.26999999999998,stop,-0.46999999999997044,-0.0035924482152409265,-35.92448215240926,0.4399999999999693,-1.0681818181818254
2012-01-26,1,592,620,133.20999999999998,132.85999999999999,133.2,132.88,stop,-0.3499999999999943,-0.0026276276276275853,-26.276276276275855,0.3199999999999932,-1.0937500000000056
2012-01-27,1,585,959,131.73,131.70000000000002,131.72,131.71,eod,-0.029999999999972715,-0.0002277558457331667,-2.2775584573316667,0.5799999999999841,-0.05172413793098886
2012-01-30,-1,590,648,130.21,130.58,130.22,130.56,stop,-0.37000000000000455,-0.0028413454154508104,-28.413454154508102,0.3400000000000034,-1.0882352941176494
2012-01-31,-1,585,959,131.75000000000003,131.25,131.76000000000002,131.24,eod,0.5000000000000284,0.0037947783849425344,37.94778384942534,0.4299999999999784,1.162790697674543
2012-02-01,1,606,959,132.52999999999997,132.44,132.51999999999998,132.45,eod,-0.08999999999997499,-0.0006791427709023167,-6.791427709023167,0.39999999999997726,-0.22499999999995027
2012-02-02,-1,586,609,132.43,132.83,132.44,132.81,stop,-0.4000000000000057,-0.0030202355783751564,-30.202355783751564,0.37000000000000455,-1.0810810810810831
2012-02-03,1,600,959,134.07,134.54000000000002,134.06,134.55,eod,0.4700000000000273,0.003505892883783584,35.05892883783584,0.29999999999998295,1.5666666666668467
2012-02-06,1,587,959,134.10999999999999,134.44,134.1,134.45,eod,0.3300000000000125,0.0024608501118569166,24.608501118569166,0.2799999999999727,1.178571428571588
2012-02-07,-1,586,646,133.94000000000003,134.32,133.95000000000002,134.29999999999998,stop,-0.37999999999996703,-0.002836879432623867,-28.368794326238667,0.3499999999999659,-1.0857142857142974
2012-02-08,1,585,664,135.07,134.7446,135.06,134.7646,stop,-0.3254000000000019,-0.002409299570561246,-24.09299570561246,0.2954000000000008,-1.1015572105619535
2012-02-09,-1,590,782,135.06000000000003,135.52,135.07000000000002,135.5,stop,-0.45999999999997954,-0.0034056415192121083,-34.05641519212108,0.4299999999999784,-1.0697674418604712
2012-02-10,1,587,600,134.32999999999998,133.95,134.32,133.97,stop,-0.37999999999999545,-0.002829064919594963,-28.29064919594963,0.3499999999999943,-1.0857142857142903
2012-02-13,-1,585,876,135.10000000000002,135.48,135.11,135.45999999999998,stop,-0.37999999999996703,-0.0028125231293018057,-28.125231293018057,0.3499999999999659,-1.0857142857142974
2012-02-14,1,585,602,135.08499999999998,134.87,135.075,134.89000000000001,stop,-0.214999999999975,-0.0015917083101978531,-15.917083101978532,0.18499999999997385,-1.1621621621621911
2012-02-15,-1,620,701,135.25000000000003,135.74,135.26000000000002,135.72,stop,-0.4899999999999807,-0.0036226526689337618,-36.22652668933762,0.45999999999997954,-1.0652173913043532
2012-02-16,1,585,594,134.82,134.455,134.81,134.47500000000002,stop,-0.3649999999999807,-0.0027075142793559874,-27.075142793559873,0.33499999999997954,-1.089552238805979
2012-02-17,-1,603,959,136.24,136.41,136.25,136.4,eod,-0.1699999999999875,-0.0012477064220182568,-12.477064220182568,0.3299999999999841,-0.5151515151515021
2012-02-21,-1,588,638,136.60000000000002,136.85,136.61,136.82999999999998,stop,-0.24999999999997158,-0.001830027084400641,-18.30027084400641,0.21999999999997044,-1.1363636363636598
2012-02-22,1,585,601,136.46999999999997,136.14,136.45999999999998,136.16,stop,-0.3299999999999841,-0.002418291074307373,-24.18291074307373,0.29999999999998295,-1.1000000000000094
2012-02-23,-1,585,615,135.51000000000002,136.01,135.52,135.98999999999998,stop,-0.4999999999999716,-0.003689492325855752,-36.89492325855752,0.46999999999997044,-1.063829787234049
2012-02-24,-1,585,606,136.72000000000003,137.05,136.73000000000002,137.03,stop,-0.3299999999999841,-0.0024135156878518542,-24.135156878518544,0.29999999999998295,-1.1000000000000094
2012-02-27,1,600,959,136.14999999999998,137.10000000000002,136.14,137.11,eod,0.9500000000000455,0.006978110768327057,69.78110768327058,0.3499999999999659,2.7142857142861088
2012-02-28,1,597,959,137.26999999999998,137.55,137.26,137.56,eod,0.28000000000002956,0.0020399242313859068,20.39924231385907,0.339999999999975,0.8235294117648534
2012-02-29,1,585,606,138.01999999999998,137.7,138.01,137.72,stop,-0.3199999999999932,-0.002318672559959374,-23.18672559959374,0.28999999999999204,-1.1034482758620758
2012-03-01,1,590,600,137.61999999999998,137.24,137.60999999999999,137.26000000000002,stop,-0.37999999999996703,-0.0027614272218586373,-27.614272218586372,0.3499999999999659,-1.0857142857142974
2012-03-02,-1,588,618,137.48000000000002,137.77,137.49,137.75,stop,-0.28999999999999204,-0.0021092443086769366,-21.092443086769364,0.2599999999999909,-1.1153846153846239
2012-03-05,-1,585,603,136.89000000000001,137.15,136.9,137.13,stop,-0.2599999999999909,-0.0018991964937910219,-18.99196493791022,0.22999999999998977,-1.1304347826087064
2012-03-06,-1,590,959,135.12,134.70999999999998,135.13,134.7,eod,0.410000000000025,0.0030341152963814476,30.341152963814476,0.3100000000000023,1.3225806451613613
2012-03-07,-1,589,594,134.94000000000003,135.19,134.95000000000002,135.17,stop,-0.24999999999997158,-0.0018525379770283183,-18.525379770283184,0.21999999999997044,-1.1363636363636598
2012-03-08,-1,590,675,136.48000000000002,136.79,136.49,136.76999999999998,stop,-0.30999999999997385,-0.002271228661440207,-22.71228661440207,0.2799999999999727,-1.1071428571428716
2012-03-09,1,585,959,137.45,137.55,137.44,137.56,eod,0.10000000000002274,0.0007275902211875927,7.275902211875927,0.3199999999999932,0.3125000000000777
2012-03-12,-1,601,959,137.37,137.57999999999998,137.38,137.57,eod,-0.20999999999997954,-0.0015286067841023406,-15.286067841023407,0.38999999999998636,-0.5384615384615048
2012-03-13,-1,590,635,138.13000000000002,138.42,138.14000000000001,138.39999999999998,stop,-0.2899999999999636,-0.002099319530910407,-20.99319530910407,0.2599999999999625,-1.1153846153846365
2012-03-14,1,585,659,140.26999999999998,139.97,140.26,139.99,stop,-0.29999999999998295,-0.0021388849279907526,-21.388849279907525,0.2699999999999818,-1.1111111111111227
2012-03-15,1,616,959,140.17999999999998,140.67000000000002,140.17,140.68,eod,0.4900000000000375,0.003495755154455572,34.95755154455572,0.4199999999999875,1.1666666666667906
2012-03-16,-1,585,764,140.27,140.48,140.28,140.45999999999998,stop,-0.20999999999997954,-0.0014970059880238063,-14.970059880238063,0.1799999999999784,-1.166666666666693
2012-03-19,1,587,959,140.33999999999997,140.84,140.32999999999998,140.85,eod,0.5000000000000284,0.0035630300007128087,35.630300007128085,0.22999999999996135,2.1739130434787497
2012-03-20,-1,585,608,139.65,140.13,139.66,140.10999999999999,stop,-0.47999999999998977,-0.0034369182299870383,-34.36918229987038,0.44999999999998863,-1.0666666666666709
2012-03-21,-1,594,959,140.34000000000003,140.22,140.35000000000002,140.21,eod,0.12000000000003297,0.0008550053437836334,8.550053437836334,0.30999999999997385,0.3870967741936874
2012-03-22,1,587,617,139.46999999999997,139.10999999999999,139.45999999999998,139.13,stop,-0.3599999999999852,-0.0025813853434675555,-25.813853434675554,0.3299999999999841,-1.0909090909090988
2012-03-23,-1,600,687,138.95000000000002,139.4,138.96,139.38,stop,-0.44999999999998863,-0.003238341968911835,-32.38341968911835,0.4199999999999875,-1.0714285714285763
2012-03-26,1,598,959,140.83999999999997,141.55,140.82999999999998,141.56,eod,0.7100000000000364,0.005041539444720844,50.415394447208435,0.23999999999998067,2.958333333333723
2012-03-27,1,586,602,141.82,141.6,141.81,141.62,stop,-0.21999999999999886,-0.0015513715534870522,-15.51371553487052,0.18999999999999773,-1.157894736842113
2012-03-28,-1,585,959,140.9,140.48,140.91,140.47,eod,0.4200000000000159,0.0029806259314457168,29.80625931445717,0.4199999999999875,1.0000000000000677
2012-03-29,1,587,595,139.77999999999997,139.51,139.76999999999998,139.53,stop,-0.2699999999999818,-0.0019317450096585952,-19.31745009658595,0.23999999999998067,-1.1250000000000149
2012-03-30,-1,585,843,140.62,141.0,140.63,140.98,stop,-0.37999999999999545,-0.0027021261466258655,-27.021261466258654,0.3499999999999943,-1.0857142857142903
2012-04-02,1,585,959,140.79999999999998,141.79000000000002,140.79,141.8,eod,0.9900000000000375,0.007031749414021149,70.3174941402115,0.4399999999999693,2.250000000000242
2012-04-03,-1,586,607,141.52210000000002,141.81,141.5321,141.79,stop,-0.2878999999999792,-0.0020341675139419193,-20.341675139419195,0.25789999999997804,-1.1163241566498785
2012-04-04,-1,610,959,139.98000000000002,139.89,139.99,139.88,eod,0.09000000000003183,0.0006429030645048349,6.429030645048349,0.35899999999998045,0.2506963788301859
2012-04-05,1,585,959,139.64,139.786,139.63,139.796,eod,0.146000000000015,0.001045620568645814,10.456205686458139,0.37999999999999545,0.3842105263158336
2012-04-09,-1,590,624,137.91000000000003,138.3,137.92000000000002,138.28,stop,-0.38999999999998636,-0.0028277262180973484,-28.277262180973484,0.3599999999999852,-1.08333333333334
2012-04-10,-1,605,959,137.81000000000003,135.87,137.82000000000002,135.86,eod,1.9400000000000261,0.014076331446814873,140.76331446814874,0.5299999999999727,3.6603773584908037
2012-04-11,-1,590,619,137.09000000000003,137.46,137.10000000000002,137.44,stop,-0.3699999999999761,-0.0026987600291756095,-26.987600291756095,0.339999999999975,-1.088235294117657
2012-04-12,1,586,959,137.51,138.82000000000002,137.5,138.83,eod,1.3100000000000307,0.00952727272727295,95.2727272727295,0.47999999999998977,2.7291666666667886
2012-04-13,-1,599,959,138.04000000000002,137.14,138.05,137.13,eod,0.9000000000000341,0.006519377037305571,65.19377037305571,0.4399999999999693,2.0454545454547657
2012-04-16,-1,585,959,137.63000000000002,137.0,137.64000000000001,136.99,eod,0.6300000000000239,0.004577157802964428,45.771578029644274,0.40999999999996817,1.536585365853836
2012-04-17,-1,602,617,137.78000000000003,138.18,137.79000000000002,138.16,stop,-0.39999999999997726,-0.00290296828507132,-29.0296828507132,0.3699999999999761,-1.0810810810810894
2012-04-18,1,592,959,138.79,138.61,138.78,138.62,eod,-0.1799999999999784,-0.00129701686121904,-12.9701686121904,0.4099999999999966,-0.4390243902438534
2012-04-19,1,585,603,138.70999999999998,138.23,138.7,138.25,stop,-0.47999999999998977,-0.0034607065609227818,-34.60706560922782,0.44999999999998863,-1.0666666666666709
2012-04-20,-1,585,599,138.17000000000002,138.53,138.18,138.51,stop,-0.3599999999999852,-0.0026052974381240786,-26.052974381240787,0.3299999999999841,-1.0909090909090988
2012-04-23,-1,590,749,136.25000000000003,136.66,136.26000000000002,136.64,stop,-0.40999999999996817,-0.003008953471304624,-30.08953471304624,0.37999999999996703,-1.0789473684210624
2012-04-24,1,587,959,137.1,137.32000000000002,137.09,137.33,eod,0.22000000000002728,0.0016047851776207402,16.047851776207402,0.29999999999998295,0.733333333333466
2012-04-25,1,585,753,138.93999999999997,138.53,138.92999999999998,138.55,stop,-0.40999999999996817,-0.0029511264665656677,-29.51126466565668,0.37999999999996703,-1.0789473684210624
2012-04-26,1,589,959,139.15999999999997,140.13,139.14999999999998,140.14,eod,0.9700000000000273,0.0069708947179304885,69.70894717930489,0.3499999999999659,2.7714285714289195
2012-04-27,-1,585,814,140.22000000000003,140.63,140.23000000000002,140.60999999999999,stop,-0.40999999999996817,-0.002923768095271826,-29.237680952718257,0.37999999999996703,-1.0789473684210624
2012-04-30,-1,585,959,139.73000000000002,139.82999999999998,139.74,139.82,eod,-0.0999999999999659,-0.000715614713038256,-7.15614713038256,0.47999999999998977,-0.20833333333326673
2012-05-01,-1,598,600,139.73000000000002,140.11,139.74,140.09,stop,-0.37999999999999545,-0.0027193359095462675,-27.193359095462675,0.3499999999999943,-1.0857142857142903
2012-05-02,1,588,601,140.02999999999997,139.74,140.01999999999998,139.76000000000002,stop,-0.2899999999999636,-0.002071132695328979,-20.71132695328979,0.2599999999999625,-1.1153846153846365
2012-05-03,1,592,600,140.45,140.07,140.44,140.09,stop,-0.37999999999999545,-0.0027057818285388456,-27.057818285388457,0.3499999999999943,-1.0857142857142903
2012-05-04,-1,585,959,138.11,137.01,138.12,137.0,eod,1.1000000000000227,0.00796408919779918,79.6408919779918,0.549999999999983,2.0000000000001035
2012-05-08,-1,605,919,135.98000000000002,136.54,135.99,136.51999999999998,stop,-0.5599999999999739,-0.004117949849253429,-41.17949849253429,0.5299999999999727,-1.0566037735849108
2012-05-09,-1,597,603,134.97000000000003,135.46,134.98000000000002,135.44,stop,-0.4899999999999807,-0.003630167432212036,-36.301674322120355,0.45999999999997954,-1.0652173913043532
2012-05-10,1,592,615,136.82999999999998,136.38,136.82,136.4,stop,-0.44999999999998863,-0.0032889928373044048,-32.88992837304405,0.4199999999999875,-1.0714285714285763
2012-05-11,1,585,959,135.54999999999998,135.56,135.54,135.57,eod,0.010000000000019327,7.377895824125223e-05,0.7377895824125222,0.4399999999999693,0.022727272727318237
2012-05-14,-1,585,684,134.07000000000002,134.64000000000001,134.08,134.62,stop,-0.5699999999999932,-0.004251193317422383,-42.51193317422383,0.539999999999992,-1.0555555555555585
2012-05-15,-1,587,592,133.93,134.45,133.94,134.42999999999998,stop,-0.5199999999999818,-0.0038823353740479456,-38.823353740479455,0.4899999999999807,-1.061224489795923
2012-05-16,-1,585,589,133.77,134.18,133.78,134.16,stop,-0.4099999999999966,-0.003064733143967683,-30.64733143967683,0.37999999999999545,-1.0789473684210567
2012-05-17,-1,586,959,132.44000000000003,130.84,132.45000000000002,130.83,eod,1.6000000000000227,0.01208003020007567,120.8003020007567,0.5799999999999841,2.758620689655287
2012-05-18,1,652,692,131.45999999999998,130.83,131.45,130.85000000000002,stop,-0.629999999999967,-0.004792696842905797,-47.92696842905797,0.5999999999999659,-1.0500000000000047
2012-05-21,-1,594,604,129.99,130.52,130.0,130.5,stop,-0.5300000000000011,-0.004076923076923086,-40.76923076923086,0.5,-1.0600000000000023
2012-05-22,1,590,930,132.39999999999998,131.94,132.39,131.96,stop,-0.45999999999997954,-0.0034745826724071273,-34.74582672407127,0.4299999999999784,-1.0697674418604712
2012-05-23,-1,588,597,131.01000000000002,131.45,131.02,131.42999999999998,stop,-0.4399999999999693,-0.0033582659136007424,-33.58265913600742,0.40999999999996817,-1.0731707317073256
2012-05-24,-1,588,633,132.17000000000002,132.7,132.18,132.67999999999998,stop,-0.5299999999999727,-0.004009683764563268,-40.096837645632675,0.4999999999999716,-1.0600000000000056
2012-05-25,1,598,610,132.82999999999998,132.33,132.82,132.35000000000002,stop,-0.4999999999999716,-0.0037644932992017136,-37.64493299201714,0.46999999999997044,-1.063829787234049
2012-05-29,1,585,600,133.35,132.93,133.34,132.95000000000002,stop,-0.4199999999999875,-0.0031498425078745123,-31.49842507874512,0.38999999999998636,-1.0769230769230824
2012-05-30,-1,600,959,132.00000000000003,131.79999999999998,132.01000000000002,131.79,eod,0.20000000000004547,0.0015150367396412805,15.150367396412806,0.6199999999999761,0.3225806451613761
2012-05-31,-1,586,788,131.24,131.9,131.25,131.88,stop,-0.6599999999999966,-0.005028571428571402,-50.28571428571402,0.6299999999999955,-1.0476190476190497
2012-06-01,-1,586,959,129.32000000000002,128.23,129.33,128.22,eod,1.0900000000000318,0.008428052269388631,84.28052269388631,0.5398999999999887,2.018892387479264
2012-06-04,-1,585,959,128.28000000000003,128.17999999999998,128.29000000000002,128.17,eod,0.10000000000005116,0.0007794839816045767,7.794839816045767,0.45999999999997954,0.21739130434794698
2012-06-05,1,585,959,128.33999999999997,129.00900000000001,128.32999999999998,129.019,eod,0.6690000000000396,0.005213122418764433,52.13122418764433,0.5599999999999881,1.1946428571429533
2012-06-06,1,585,959,130.42,132.0,130.41,132.01,eod,1.5800000000000125,0.012115635304041198,121.15635304041199,0.4899999999999807,3.22448979591852
2012-06-07,-1,600,959,133.18,132.03,133.19,132.02,eod,1.1500000000000057,0.00863428185299201,86.3428185299201,0.3499999999999943,3.2857142857143553
2012-06-08,1,605,959,131.80999999999997,133.08,131.79999999999998,133.09,eod,1.2700000000000387,0.00963581183611562,96.3581183611562,0.5199999999999818,2.442307692307852
2012-06-11,-1,585,959,133.43,131.48,133.44,131.47,eod,1.950000000000017,0.014613309352518113,146.13309352518112,0.8199999999999932,2.3780487804878456
2012-06-12,1,591,608,131.98999999999998,131.45,131.98,131.47,stop,-0.539999999999992,-0.004091529019548357,-40.91529019548357,0.5099999999999909,-1.058823529411768
2012-06-13,-1,590,609,132.20000000000002,132.63,132.21,132.60999999999999,stop,-0.4299999999999784,-0.0032524014824898144,-32.524014824898146,0.39999999999997726,-1.075000000000007
2012-06-14,1,596,959,132.48999999999998,133.48000000000002,132.48,133.49,eod,0.9900000000000375,0.007472826086956806,74.72826086956806,0.5099999999999909,1.9411764705883434
2012-06-15,1,598,959,133.48,134.09,133.47,134.1,eod,0.6100000000000136,0.004570315426687748,45.703154266877476,0.37999999999999545,1.605263157894792
2012-06-18,1,585,959,133.95999999999998,134.41,133.95,134.42,eod,0.45000000000001705,0.0033594624860023674,33.59462486002367,0.6799999999999784,0.661764705882399
2012-06-19,1,590,959,135.26,135.69,135.25,135.7,eod,0.4300000000000068,0.0031792975970425645,31.792975970425644,0.3299999999999841,1.3030303030303865
2012-06-20,-1,657,785,135.31000000000003,135.89000000000001,135.32000000000002,135.87,stop,-0.5799999999999841,-0.0042861365651787175,-42.861365651787175,0.549999999999983,-1.0545454545454582
2012-06-21,-1,585,959,135.26000000000002,132.47,135.27,132.46,eod,2.7900000000000205,0.020625415834996823,206.25415834996824,0.5199999999999818,5.365384615384842
2012-06-22,-1,585,602,132.81000000000003,133.25,132.82000000000002,133.23,stop,-0.4399999999999693,-0.0033127541032974646,-33.12754103297465,0.40999999999996817,-1.0731707317073256
2012-06-25,-1,611,959,131.42000000000002,131.29,131.43,131.28,eod,0.13000000000002387,0.000989119683481883,9.89119683481883,0.6799999999999784,0.19117647058827647
2012-06-26,-1,600,763,131.54000000000002,132.0,131.55,131.98,stop,-0.45999999999997954,-0.0034967692892434775,-34.967692892434776,0.4299999999999784,-1.0697674418604712
2012-06-27,-1,587,604,132.38000000000002,132.77,132.39000000000001,132.75,stop,-0.38999999999998636,-0.0029458418309538962,-29.458418309538963,0.3599999999999852,-1.08333333333334
2012-06-28,1,591,607,132.38,131.99,132.37,132.01000000000002,stop,-0.38999999999998636,-0.0029462869230187077,-29.462869230187078,0.3599999999999852,-1.08333333333334
2012-06-29,-1,588,611,134.84000000000003,135.32,134.85000000000002,135.29999999999998,stop,-0.47999999999996135,-0.0035595105672967093,-35.595105672967094,0.4499999999999602,-1.066666666666675
2012-07-02,1,585,600,136.54999999999998,136.28,136.54,136.3,stop,-0.2699999999999818,-0.001977442507689921,-19.774425076899213,0.23999999999998067,-1.1250000000000149
2012-07-05,-1,586,665,136.72000000000003,137.11,136.73000000000002,137.09,stop,-0.38999999999998636,-0.0028523367220067747,-28.523367220067747,0.3599999999999852,-1.08333333333334
2012-07-06,-1,586,959,135.45000000000002,135.53,135.46,135.52,eod,-0.07999999999998408,-0.0005905802450906841,-5.905802450906841,0.3199999999999932,-0.2499999999999556
2012-07-09,-1,585,959,135.07000000000002,135.32,135.08,135.31,eod,-0.24999999999997158,-0.0018507551080838877,-18.507551080838876,0.4999999999999716,-0.4999999999999716
2012-07-10,-1,597,959,135.92000000000002,134.17,135.93,134.16,eod,1.7500000000000284,0.012874273523137117,128.74273523137117,0.30999999999997385,5.6451612903231485
2012-07-11,-1,585,588,134.00000000000003,134.32,134.01000000000002,134.29999999999998,stop,-0.31999999999996476,-0.002387881501380231,-23.87881501380231,0.2899999999999636,-1.1034482758620858
2012-07-12,-1,590,715,132.79000000000002,133.42,132.8,133.39999999999998,stop,-0.629999999999967,-0.004743975903614209,-47.439759036142085,0.5999999999999659,-1.0500000000000047
2012-07-13,1,585,959,134.83999999999997,135.69,134.82999999999998,135.7,eod,0.8500000000000227,0.006304234962545597,63.04234962545597,0.9999999999999716,0.8500000000000469
2012-07-16,-1,585,638,135.17000000000002,135.57,135.18,135.54999999999998,stop,-0.39999999999997726,-0.0029590176061545883,-29.590176061545883,0.3699999999999761,-1.0810810810810894
2012-07-17,-1,586,804,135.84000000000003,136.27,135.85000000000002,136.25,stop,-0.4299999999999784,-0.0031652557968345845,-31.652557968345846,0.39999999999997726,-1.075000000000007
2012-07-18,1,585,959,136.49999999999997,137.34,136.48999999999998,137.35,eod,0.8400000000000318,0.006154297018096798,61.54297018096798,0.5399999999999636,1.5555555555557192
2012-07-19,-1,601,736,137.52,137.99,137.53,137.97,stop,-0.46999999999999886,-0.003417436195739103,-34.17436195739103,0.4399999999999977,-1.068181818181821
2012-07-20,-1,585,604,136.83,137.11,136.84,137.09,stop,-0.28000000000000114,-0.0020461853259280995,-20.461853259280996,0.25,-1.1200000000000045
2012-07-23,-1,585,649,133.94000000000003,134.53,133.95000000000002,134.51,stop,-0.589999999999975,-0.004404628592758305,-44.04628592758305,0.5599999999999739,-1.053571428571433
2012-07-24,-1,591,959,134.83,134.0,134.84,133.99,eod,0.8300000000000125,0.006155443488579149,61.554434885791494,0.4199999999999875,1.9761904761905649
2012-07-25,-1,587,959,134.11,133.97,134.12,133.96,eod,0.14000000000001478,0.0010438413361170203,10.438413361170204,0.44999999999998863,0.3111111111111518
2012-07-26,-1,600,609,135.86,136.3,135.87,136.28,stop,-0.4399999999999977,-0.0032383896371531444,-32.38389637153144,0.4099999999999966,-1.0731707317073205
2012-07-27,1,592,959,137.07999999999998,138.69,137.07,138.7,eod,1.6100000000000136,0.011745823301962601,117.45823301962602,0.4299999999999784,3.7441860465118477
2012-07-30,1,598,681,138.93999999999997,138.48,138.92999999999998,138.5,stop,-0.45999999999997954,-0.003311019938098176,-33.11019938098176,0.4299999999999784,-1.0697674418604712
2012-07-31,-1,603,674,138.36,138.88,138.37,138.85999999999999,stop,-0.5199999999999818,-0.003758040037580269,-37.58040037580269,0.4899999999999807,-1.061224489795923
2012-08-01,-1,585,959,138.33,137.63,138.34,137.62,eod,0.700000000000017,0.005059997108573204,50.599971085732044,0.39999999999997726,1.750000000000142
2012-08-02,1,585,698,136.82,136.18,136.81,136.20000000000002,stop,-0.6399999999999864,-0.004678020612528224,-46.78020612528224,0.6099999999999852,-1.0491803278688556
2012-08-03,1,585,959,138.82,139.34,138.81,139.35,eod,0.5200000000000102,0.003746127800590809,37.46127800590809,0.3299999999999841,1.5757575757576827
2012-08-06,1,585,959,139.98,139.55,139.97,139.57000000000002,stop,-0.4299999999999784,-0.003072086875758937,-30.720868757589372,0.39999999999997726,-1.075000000000007
2012-08-07,1,585,959,140.45,140.28,140.44,140.29,eod,-0.1699999999999875,-0.001210481344346251,-12.10481344346251,0.29999999999998295,-0.5666666666666572
2012-08-08,1,591,959,140.17999999999998,140.46,140.17,140.47,eod,0.28000000000002956,0.0019975743739746705,19.975743739746704,0.3699999999999761,0.7567567567568855
2012-08-09,1,619,712,140.76999999999998,140.22,140.76,140.24,stop,-0.549999999999983,-0.003907360045467341,-39.07360045467341,0.5199999999999818,-1.057692307692312
2012-08-10,1,610,959,140.17,140.83,140.16,140.84,eod,0.660000000000025,0.0047089041095892195,47.08904109589219,0.3599999999999852,1.833333333333478
2012-08-13,1,586,611,140.77999999999997,140.44,140.76999999999998,140.46,stop,-0.339999999999975,-0.00241528734815639,-24.152873481563898,0.30999999999997385,-1.096774193548399
2012-08-14,-1,595,959,140.95000000000002,140.76999999999998,140.96,140.76,eod,0.18000000000003524,0.0012769580022703975,12.769580022703975,0.4299999999999784,0.4186046511628937
2012-08-15,1,589,959,140.855,140.91,140.845,140.92,eod,0.05500000000000682,0.0003905001952501461,3.9050019525014608,0.3049999999999784,0.18032786885249416
2012-08-16,-1,586,639,140.92000000000002,141.32,140.93,141.29999999999998,stop,-0.39999999999997726,-0.002838288512027086,-28.38288512027086,0.3699999999999761,-1.0810810810810894
2012-08-17,-1,585,959,141.93,142.28,141.94,142.26,stop,-0.3499999999999943,-0.002465830632661648,-24.65830632661648,0.3199999999999932,-1.0937500000000056
2012-08-20,1,585,599,142.11999999999998,141.82,142.10999999999999,141.84,stop,-0.29999999999998295,-0.0021110407430862217,-21.110407430862217,0.2699999999999818,-1.1111111111111227
2012-08-21,1,598,703,142.74999999999997,142.43,142.73999999999998,142.45000000000002,stop,-0.31999999999996476,-0.002241838307411831,-22.41838307411831,0.2899999999999636,-1.1034482758620858
2012-08-22,1,585,680,141.58999999999997,141.22,141.57999999999998,141.24,stop,-0.3699999999999761,-0.002613363469416416,-26.133634694164158,0.339999999999975,-1.088235294117657
2012-08-23,-1,589,959,141.13000000000002,140.7,141.14000000000001,140.69,eod,0.43000000000003524,0.0030466203769309564,30.466203769309566,0.3499999999999659,1.228571428571649
2012-08-24,-1,599,611,140.24,140.52,140.25,140.5,stop,-0.28000000000000114,-0.0019964349376114165,-19.964349376114164,0.25,-1.1200000000000045
2012-08-27,-1,585,676,141.50000000000003,141.93,141.51000000000002,141.91,stop,-0.4299999999999784,-0.0030386545120484653,-30.38654512048465,0.39999999999997726,-1.075000000000007
2012-08-28,1,589,597,141.51999999999998,141.09,141.51,141.11,stop,-0.4299999999999784,-0.003038654512048466,-30.386545120484662,0.39999999999997726,-1.075000000000007
2012-08-29,-1,594,791,141.43,141.71,141.44,141.69,stop,-0.28000000000000114,-0.001979638009049782,-19.79638009049782,0.25,-1.1200000000000045
2012-08-30,1,585,600,140.92,140.60999999999999,140.91,140.63,stop,-0.3100000000000023,-0.0021999858065431996,-21.999858065431997,0.28000000000000114,-1.1071428571428608
2012-08-31,-1,594,657,141.22000000000003,141.62,141.23000000000002,141.6,stop,-0.39999999999997726,-0.0028322594349640814,-28.322594349640813,0.3699999999999761,-1.0810810810810894
2012-09-04,-1,585,875,140.84000000000003,141.2,140.85000000000002,141.17999999999998,stop,-0.3599999999999568,-0.0025559105431306834,-25.559105431306833,0.32999999999995566,-1.0909090909091066
2012-09-05,-1,585,612,140.66000000000003,141.23,140.67000000000002,141.20999999999998,stop,-0.5699999999999648,-0.004052036681594972,-40.520366815949714,0.5399999999999636,-1.0555555555555614
2012-09-06,1,600,959,142.58999999999997,143.73000000000002,142.57999999999998,143.74,eod,1.1400000000000432,0.007995511291906602,79.95511291906601,0.839999999999975,1.357142857142949
2012-09-07,1,585,959,144.33999999999997,144.32000000000002,144.32999999999998,144.33,eod,-0.01999999999995339,-0.0001385713295915845,-1.3857132959158451,0.45999999999997954,-0.04347826086946582
2012-09-10,1,602,882,144.29999999999998,143.97,144.29,143.99,stop,-0.3299999999999841,-0.00228706078037275,-22.8706078037275,0.29999999999998295,-1.1000000000000094
2012-09-11,1,589,959,143.82999999999998,143.87,143.82,143.88,eod,0.040000000000020464,0.0002781254345711338,2.781254345711338,0.2699999999999818,0.14814814814823393
2012-09-12,-1,594,959,144.32000000000002,144.34,144.33,144.33,eod,-0.01999999999998181,-0.0001385713295917814,-1.385713295917814,0.22999999999998977,-0.08695652173905521
2012-09-13,-1,590,603,144.16000000000003,144.4,144.17000000000002,144.38,stop,-0.23999999999998067,-0.0016647013941872835,-16.647013941872835,0.20999999999997954,-1.1428571428571621
2012-09-14,1,590,924,147.42,146.8,147.41,146.82000000000002,stop,-0.6199999999999761,-0.004205956176649998,-42.05956176649998,0.589999999999975,-1.0508474576271227
2012-09-17,-1,585,959,146.87,146.78,146.88,146.77,eod,0.09000000000000341,0.0006127450980392389,6.127450980392389,0.3199999999999932,0.28125000000001665
2012-09-18,1,600,959,146.57999999999998,146.61,146.57,146.62,eod,0.03000000000002956,0.00020468035750855946,2.0468035750855944,0.3299999999999841,0.09090909090918486
2012-09-19,-1,593,602,146.42000000000002,146.83,146.43,146.81,stop,-0.4099999999999966,-0.0027999726831933113,-27.999726831933113,0.37999999999999545,-1.0789473684210567
2012-09-20,-1,587,613,145.86,146.18,145.87,146.16,stop,-0.3199999999999932,-0.0021937341468430327,-21.937341468430326,0.28999999999999204,-1.1034482758620758
2012-09-21,-1,653,959,146.33,145.89,146.34,145.88,eod,0.44000000000002615,0.0030066967336341817,30.06696733634182,0.339999999999975,1.2941176470589957
2012-09-24,1,595,959,145.39999999999998,145.6099,145.39,145.6199,eod,0.20990000000003306,0.0014437031432700535,14.437031432700536,0.3599999999999852,0.5830555555556713
2012-09-25,-1,587,600,145.8,146.04,145.81,146.01999999999998,stop,-0.23999999999998067,-0.0016459776421368952,-16.45977642136895,0.20999999999997954,-1.1428571428571621
2012-09-26,-1,586,959,143.65,143.34,143.66,143.33,eod,0.3100000000000023,0.0021578727551162624,21.578727551162626,0.46000000000000796,0.6739130434782542
2012-09-27,-1,585,717,143.70000000000002,143.99,143.71,143.97,stop,-0.28999999999999204,-0.0020179528216546657,-20.179528216546657,0.2599999999999909,-1.1153846153846239
2012-09-28,-1,585,731,143.77,144.18,143.78,144.16,stop,-0.4099999999999966,-0.0028515788009458656,-28.515788009458657,0.37999999999999545,-1.0789473684210567
2012-10-01,1,600,794,144.92999999999998,144.4,144.92,144.42000000000002,stop,-0.5299999999999727,-0.003657190173888854,-36.57190173888854,0.4999999999999716,-1.0600000000000056
2012-10-02,-1,591,959,144.70000000000002,144.48999999999998,144.71,144.48,eod,0.21000000000003638,0.0014511782185062288,14.511782185062287,0.44999999999998863,0.4666666666667593
2012-10-03,-1,585,620,144.49,144.92,144.5,144.89999999999998,stop,-0.4299999999999784,-0.002975778546712653,-29.75778546712653,0.39999999999997726,-1.075000000000007
2012-10-04,1,592,959,145.73999999999998,146.19,145.73,146.2,eod,0.45000000000001705,0.0030879022850478083,30.879022850478083,0.29999999999998295,1.500000000000142
2012-10-05,1,595,701,147.01999999999998,146.64,147.01,146.66,stop,-0.37999999999999545,-0.0025848581729133765,-25.848581729133766,0.3499999999999943,-1.0857142857142903
2012-10-08,1,585,700,145.64,145.34,145.63,145.36,stop,-0.29999999999998295,-0.0020600151067773327,-20.60015106777333,0.2699999999999818,-1.1111111111111227
2012-10-09,-1,589,959,145.31000000000003,144.22,145.32000000000002,144.21,eod,1.0900000000000318,0.007500688136526505,75.00688136526504,0.339999999999975,3.205882352941506
2012-10-10,-1,596,630,143.83,144.3,143.84,144.28,stop,-0.46999999999999886,-0.003267519466073407,-32.67519466073407,0.4399999999999977,-1.068181818181821
2012-10-11,-1,585,643,144.12,144.36,144.13,144.34,stop,-0.2400000000000091,-0.0016651633941581149,-16.65163394158115,0.21000000000000796,-1.1428571428571428
2012-10-12,-1,585,597,143.28000000000003,143.64000000000001,143.29000000000002,143.62,stop,-0.3599999999999852,-0.002512387465977983,-25.12387465977983,0.3299999999999841,-1.0909090909090988
2012-10-15,-1,587,695,143.08,143.43,143.09,143.41,stop,-0.3499999999999943,-0.002446012998811897,-24.460129988118968,0.3199999999999932,-1.0937500000000056
2012-10-16,1,586,959,144.88,145.56,144.87,145.57,eod,0.6800000000000068,0.004693863463795174,46.938634637951736,0.21999999999999886,3.090909090909138
2012-10-17,1,589,959,145.73999999999998,146.18,145.73,146.19,eod,0.44000000000002615,0.003019282234269033,30.192822342690327,0.3199999999999932,1.375000000000111
2012-10-18,1,599,617,145.98999999999998,145.72,145.98,145.74,stop,-0.2699999999999818,-0.0018495684340319347,-18.495684340319347,0.23999999999998067,-1.1250000000000149
2012-10-19,-1,618,959,144.83,143.35999999999999,144.84,143.35,eod,1.4700000000000273,0.010149130074565225,101.49130074565225,0.7299999999999898,2.013698630137052
2012-10-22,-1,585,602,143.10000000000002,143.5,143.11,143.48,stop,-0.39999999999997726,-0.002795052756620622,-27.950527566206222,0.3699999999999761,-1.0810810810810894
2012-10-23,-1,616,888,141.35000000000002,141.95,141.36,141.92999999999998,stop,-0.5999999999999659,-0.004244482173174631,-42.44482173174631,0.5699999999999648,-1.0526315789473737
2012-10-24,-1,586,959,141.65,141.01999999999998,141.66,141.01,eod,0.6300000000000239,0.004447268106734603,44.47268106734603,0.44999999999998863,1.4000000000000885
2012-10-25,-1,586,959,141.85000000000002,141.42999999999998,141.86,141.42,eod,0.42000000000004434,0.0029606654448050495,29.606654448050495,0.4299999999999784,0.9767441860466638
2012-10-26,-1,599,930,141.20000000000002,141.81,141.21,141.79,stop,-0.6099999999999852,-0.004319807379080697,-43.198073790806966,0.5799999999999841,-1.0517241379310378
2012-10-31,1,589,612,141.95,141.53,141.94,141.55,stop,-0.4199999999999875,-0.0029589967591939375,-29.589967591939374,0.38999999999998636,-1.0769230769230824
2012-11-01,1,589,959,142.01999999999998,142.87,142.01,142.88,eod,0.8500000000000227,0.005985493979297393,59.85493979297393,0.4999999999999716,1.700000000000142
2012-11-02,-1,585,959,143.21,141.54999999999998,143.22,141.54,eod,1.660000000000025,0.011590559977656926,115.90559977656926,0.5099999999999909,3.2549019607844207
2012-11-05,-1,586,638,141.04000000000002,141.45,141.05,141.42999999999998,stop,-0.40999999999996817,-0.0029067706487059066,-29.067706487059066,0.37999999999996703,-1.0789473684210624
2012-11-06,1,598,959,142.57,142.91,142.56,142.92,eod,0.3400000000000034,0.0023849607182940755,23.849607182940755,0.4399999999999977,0.7727272727272845
2012-11-07,-1,602,959,140.8,139.73,140.81,139.72,eod,1.0700000000000216,0.007598892124139064,75.98892124139064,0.8799999999999955,1.2159090909091217
2012-11-08,1,586,621,140.39,139.66,140.38,139.68,stop,-0.7299999999999898,-0.005200170964524789,-52.001709645247885,0.6999999999999886,-1.0428571428571451
2012-11-09,1,585,959,138.14999999999998,138.18,138.14,138.19,eod,0.03000000000002956,0.00021717098595649023,2.1717098595649023,0.5999999999999659,0.05000000000005211
2012-11-12,1,586,611,138.73999999999998,138.39,138.73,138.41,stop,-0.3499999999999943,-0.0025228861817919294,-25.228861817919295,0.3199999999999932,-1.0937500000000056
2012-11-13,1,585,959,137.93999999999997,137.82000000000002,137.92999999999998,137.83,eod,-0.1199999999999477,-0.0008700065250485589,-8.700065250485588,0.5799999999999557,-0.20689655172406357
2012-11-14,-1,595,959,137.95000000000002,135.92999999999998,137.96,135.92,eod,2.0200000000000387,0.01464192519570918,146.4192519570918,0.47999999999998977,4.208333333333504
2012-11-15,-1,597,959,135.83,135.67999999999998,135.84,135.67,eod,0.1500000000000341,0.0011042402826857635,11.042402826857636,0.6600999999999999,0.22723829722774447
2012-11-16,-1,585,710,135.46,135.95,135.47,135.92999999999998,stop,-0.4899999999999807,-0.0036170369823575747,-36.17036982357575,0.45999999999997954,-1.0652173913043532
2012-11-19,1,591,959,138.42,139.10000000000002,138.41,139.11,eod,0.6800000000000352,0.0049129398164875025,49.12939816487503,0.5999999999999943,1.1333333333334028
2012-11-20,1,600,791,138.945,138.47,138.935,138.49,stop,-0.4749999999999943,-0.003418864936840928,-34.18864936840928,0.4449999999999932,-1.0674157303370821
2012-11-21,-1,607,763,139.11,139.55,139.12,139.53,stop,-0.4399999999999977,-0.0031627372052903803,-31.6273720529038,0.4099999999999966,-1.0731707317073205
2012-11-26,1,586,664,140.74999999999997,140.41,140.73999999999998,140.43,stop,-0.339999999999975,-0.0024158021884323933,-24.158021884323933,0.30999999999997385,-1.096774193548399
2012-11-27,1,585,616,141.1101,140.72,141.1001,140.74,stop,-0.3900999999999897,-0.0027647039229595845,-27.647039229595844,0.36009999999998854,-1.0833101916134464
2012-11-28,-1,586,624,139.51000000000002,139.8,139.52,139.78,stop,-0.28999999999999204,-0.0020785550458715025,-20.785550458715026,0.2599999999999909,-1.1153846153846239
2012-11-29,1,600,608,142.43999999999997,141.95,142.42999999999998,141.97,stop,-0.4899999999999807,-0.0034402864565048147,-34.40286456504815,0.45999999999997954,-1.0652173913043532
2012-11-30,-1,586,601,141.94000000000003,142.28,141.95000000000002,142.26,stop,-0.339999999999975,-0.002395209580838147,-23.95209580838147,0.30999999999997385,-1.096774193548399
2012-12-03,-1,585,959,142.63000000000002,141.47,142.64000000000001,141.46,eod,1.160000000000025,0.008132361189007465,81.32361189007466,0.2899999999999636,4.000000000000588
2012-12-04,1,612,632,141.77999999999997,141.23,141.76999999999998,141.25,stop,-0.549999999999983,-0.003879523171333731,-38.79523171333731,0.5199999999999818,-1.057692307692312
2012-12-05,-1,598,715,141.25010000000003,141.7,141.26010000000002,141.67999999999998,stop,-0.4498999999999569,-0.003184905008561914,-31.849050085619137,0.41989999999995575,-1.0714455822815059
2012-12-06,-1,621,646,141.19000000000003,141.75,141.20000000000002,141.73,stop,-0.5599999999999739,-0.003966005665722194,-39.66005665722194,0.5299999999999727,-1.0566037735849108
2012-12-07,-1,587,959,142.26000000000002,142.41,142.27,142.4,eod,-0.14999999999997726,-0.0010543333099035444,-10.543333099035443,0.4299999999999784,-0.34883720930229023
2012-12-10,1,586,959,142.46999999999997,142.5,142.45999999999998,142.51,eod,0.03000000000002956,0.0002105854274886253,2.105854274886253,0.31999999999996476,0.0937500000001027
2012-12-11,1,590,959,143.29999999999998,143.42000000000002,143.29,143.43,eod,0.12000000000003297,0.0008374624886595923,8.374624886595923,0.30999999999997385,0.3870967741936874
2012-12-12,-1,585,750,143.76000000000002,144.05,143.77,144.03,stop,-0.28999999999999204,-0.0020171106628642417,-20.171106628642416,0.2599999999999909,-1.1153846153846239
2012-12-13,1,610,670,143.64999999999998,143.24,143.64,143.26000000000002,stop,-0.40999999999996817,-0.002854358117515791,-28.54358117515791,0.37999999999996703,-1.0789473684210624
2012-12-14,1,585,698,142.52999999999997,142.08,142.51999999999998,142.10000000000002,stop,-0.4499999999999602,-0.0031574515857420733,-31.57451585742073,0.4199999999999591,-1.0714285714285812
2012-12-17,1,585,959,142.89999999999998,143.76000000000002,142.89,143.77,eod,0.8600000000000421,0.0060186157183850664,60.18615718385067,0.46999999999997044,1.8297872340427577
2012-12-18,1,618,959,144.14,145.34,144.13,145.35,eod,1.200000000000017,0.008325816970790377,83.25816970790376,0.3499999999999943,3.428571428571533
2012-12-19,-1,590,959,145.23000000000002,144.29,145.24,144.28,eod,0.9400000000000261,0.006472046268245842,64.72046268245842,0.3499999999999943,2.685714285714404
2012-12-20,-1,587,608,144.11,144.54,144.12,144.51999999999998,stop,-0.4299999999999784,-0.002983624757146672,-29.83624757146672,0.39999999999997726,-1.075000000000007
2012-12-21,1,593,697,142.73999999999998,142.01,142.73,142.03,stop,-0.7299999999999898,-0.005114551951236529,-51.14551951236529,0.6999999999999886,-1.0428571428571451
2012-12-26,-1,615,959,142.46,141.72,142.47,141.71,eod,0.7400000000000091,0.005194075945813218,51.94075945813218,0.25,2.9600000000000364
2012-12-27,-1,600,959,141.58,141.5999,141.59,141.5899,eod,-0.01989999999997849,-0.00014054664877447906,-1.4054664877447907,0.5,-0.03979999999995698
2012-12-28,-1,586,605,140.58,140.92,140.59,140.89999999999998,stop,-0.339999999999975,-0.002418379685610463,-24.183796856104628,0.30999999999997385,-1.096774193548399
2012-12-31,1,598,959,140.32,142.45000000000002,140.31,142.46,eod,2.130000000000024,0.015180671370536839,151.8067137053684,0.7800000000000011,2.7307692307692575
2013-01-02,1,591,669,145.40999999999997,144.91,145.39999999999998,144.93,stop,-0.4999999999999716,-0.003438789546079585,-34.38789546079585,0.46999999999997044,-1.063829787234049
2013-01-03,1,632,919,146.01,145.58,146.0,145.60000000000002,stop,-0.4299999999999784,-0.0029452054794519068,-29.452054794519068,0.39999999999997726,-1.075000000000007
2013-01-04,1,587,959,146.01999999999998,146.37,146.01,146.38,eod,0.35000000000002274,0.0023970960893091075,23.970960893091075,0.3499999999999943,1.0000000000000813
2013-01-07,-1,591,610,145.62,145.92,145.63,145.89999999999998,stop,-0.29999999999998295,-0.0020600151067773327,-20.60015106777333,0.2699999999999818,-1.1111111111111227
2013-01-08,-1,591,959,145.63000000000002,145.54999999999998,145.64000000000001,145.54,eod,0.08000000000004093,0.000549299642955513,5.49299642955513,0.2799999999999727,0.2857142857144597
2013-01-09,1,593,764,146.07999999999998,145.77,146.07,145.79000000000002,stop,-0.30999999999997385,-0.0021222701444511115,-21.222701444511117,0.2799999999999727,-1.1071428571428716
2013-01-10,-1,587,892,146.48000000000002,146.86,146.49,146.84,stop,-0.37999999999999545,-0.0025940337224383604,-25.940337224383605,0.3499999999999943,-1.0857142857142903
2013-01-11,-1,588,945,146.86,147.14000000000001,146.87,147.12,stop,-0.28000000000000114,-0.0019064478790767423,-19.064478790767424,0.25,-1.1200000000000045
2013-01-14,-1,588,959,146.83,146.97,146.84,146.96,eod,-0.13999999999998636,-0.0009534186870061724,-9.534186870061724,0.23999999999998067,-0.5833333333333235
2013-01-15,1,598,959,146.49999999999997,147.03,146.48999999999998,147.04,eod,0.5300000000000296,0.0036179944023484855,36.17994402348486,0.29999999999998295,1.7666666666668656
2013-01-16,1,600,959,146.89,147.03,146.88,147.04,eod,0.14000000000001478,0.0009531590413944361,9.531590413944361,0.2799999999999727,0.5000000000001015
2013-01-17,-1,585,614,147.44000000000003,147.76,147.45000000000002,147.73999999999998,stop,-0.31999999999996476,-0.0021702271956593063,-21.702271956593062,0.2899999999999636,-1.1034482758620858
2013-01-18,-1,653,880,147.67000000000002,148.1,147.68,148.07999999999998,stop,-0.4299999999999784,-0.00291170097508111,-29.117009750811103,0.39999999999997726,-1.075000000000007
2013-01-22,1,595,601,148.51,148.22,148.5,148.24,stop,-0.28999999999999204,-0.0019528619528618994,-19.528619528618993,0.2599999999999909,-1.1153846153846239
2013-01-23,-1,594,611,149.06000000000003,149.27,149.07000000000002,149.25,stop,-0.20999999999997954,-0.0014087341517406554,-14.087341517406555,0.1799999999999784,-1.166666666666693
2013-01-24,1,590,826,149.71999999999997,149.09,149.70999999999998,149.11,stop,-0.629999999999967,-0.004208135729075994,-42.08135729075994,0.5999999999999659,-1.0500000000000047
2013-01-25,1,585,603,150.05999999999997,149.72,150.04999999999998,149.74,stop,-0.339999999999975,-0.002265911362878874,-22.659113628788738,0.30999999999997385,-1.096774193548399
2013-01-28,-1,587,959,150.02,150.04999999999998,150.03,150.04,eod,-0.029999999999972715,-0.00019996000799821846,-1.9996000799821847,0.3100000000000023,-0.09677419354829837
2013-01-29,1,590,608,149.98,149.67,149.97,149.69,stop,-0.3100000000000023,-0.0020670800826832186,-20.670800826832185,0.28000000000000114,-1.1071428571428608
2013-01-30,1,585,608,150.89,150.46,150.88,150.48000000000002,stop,-0.4299999999999784,-0.0028499469777305037,-28.499469777305038,0.39999999999997726,-1.075000000000007
2013-01-31,1,585,676,150.23,149.68,150.22,149.70000000000002,stop,-0.549999999999983,-0.003661296764744927,-36.612967647449274,0.5199999999999818,-1.057692307692312
2013-02-01,-1,590,600,150.42000000000002,150.75,150.43,150.73,stop,-0.3299999999999841,-0.0021937113607656987,-21.937113607656986,0.29999999999998295,-1.1000000000000094
2013-02-04,-1,586,593,150.23000000000002,150.54,150.24,150.51999999999998,stop,-0.30999999999997385,-0.002063365282214948,-20.633652822149482,0.2799999999999727,-1.1071428571428716
2013-02-05,1,589,959,150.51,151.05,150.5,151.06,eod,0.5400000000000205,0.0035880398671097706,35.88039867109771,0.21999999999999886,2.4545454545455603
2013-02-06,1,596,959,150.82999999999998,151.16,150.82,151.17,eod,0.3300000000000125,0.002188038721655036,21.880387216550357,0.4199999999999875,0.7857142857143389
2013-02-07,-1,594,959,150.97000000000003,150.95,150.98000000000002,150.94,eod,0.020000000000038654,0.00013246787654019507,1.3246787654019507,0.37999999999996703,0.05263157894747471
2013-02-08,1,594,959,151.77999999999997,151.77,151.76999999999998,151.78,eod,-0.009999999999962483,-6.588917440839748e-05,-0.6588917440839748,0.5599999999999739,-0.017857142857076697
2013-02-11,-1,616,646,151.47000000000003,151.8,151.48000000000002,151.78,stop,-0.3299999999999841,-0.00217850541325577,-21.7850541325577,0.29999999999998295,-1.1000000000000094
2013-02-12,1,603,959,151.92,152.0,151.91,152.01,eod,0.0800000000000125,0.0005266276084524554,5.266276084524554,0.30999999999997385,0.25806451612909437
2013-02-13,-1,589,600,152.23000000000002,152.54,152.24,152.51999999999998,stop,-0.30999999999997385,-0.0020362585391485405,-20.362585391485403,0.2799999999999727,-1.1071428571428716
2013-02-14,1,588,959,151.89999999999998,152.28,151.89,152.29,eod,0.3800000000000239,0.0025018105207717683,25.01810520771768,0.37999999999996703,1.0000000000001497
2013-02-15,-1,586,596,152.34000000000003,152.51,152.35000000000002,152.48999999999998,stop,-0.16999999999995907,-0.001115851657367634,-11.15851657367634,0.13999999999995794,-1.2142857142857868
2013-02-19,1,587,959,152.57999999999998,153.21,152.57,153.22,eod,0.6300000000000239,0.004129252146555836,41.29252146555836,0.21999999999997044,2.8636363636368567
2013-02-20,-1,596,959,152.89000000000001,151.32,152.9,151.31,eod,1.5700000000000216,0.010268149117070122,102.68149117070122,0.29999999999998295,5.233333333333703
2013-02-21,-1,586,959,150.56000000000003,150.42,150.57000000000002,150.41,eod,0.1400000000000432,0.000929800092980296,9.29800092980296,0.39999999999997726,0.3500000000001279
2013-02-22,-1,585,759,151.04000000000002,151.4,151.05,151.38,stop,-0.3599999999999852,-0.0023833167825222457,-23.833167825222457,0.3299999999999841,-1.0909090909090988
2013-02-25,1,600,621,152.70999999999998,152.33,152.7,152.35000000000002,stop,-0.37999999999996703,-0.0024885396201700526,-24.885396201700527,0.3499999999999659,-1.0857142857142974
2013-02-26,-1,585,600,149.67000000000002,150.02,149.68,150.0,stop,-0.3499999999999943,-0.002338321753073185,-23.383217530731848,0.3199999999999932,-1.0937500000000056
2013-02-27,1,593,959,150.48,151.9,150.47,151.91,eod,1.420000000000016,0.009437097095766704,94.37097095766704,0.7199999999999989,1.9722222222222474
2013-02-28,1,586,959,152.35999999999999,151.72,152.35,151.74,stop,-0.6399999999999864,-0.004200853298326133,-42.00853298326133,0.6099999999999852,-1.0491803278688556
2013-03-01,1,600,959,151.14,152.12,151.13,152.13,eod,0.9800000000000182,0.006484483557202529,64.84483557202529,0.7299999999999898,1.3424657534247013
2013-03-04,1,588,751,151.981,151.57,151.971,151.59,stop,-0.41100000000000136,-0.002704463351560504,-27.044633515605042,0.3810000000000002,-1.078740157480318
2013-03-05,1,595,959,154.08999999999997,154.3,154.07999999999998,154.31,eod,0.21000000000003638,0.0013629283489098936,13.629283489098936,0.44999999999998863,0.4666666666667593
2013-03-06,-1,585,596,154.55,154.9,154.56,154.88,stop,-0.3499999999999943,-0.0022644927536231516,-22.644927536231517,0.3199999999999932,-1.0937500000000056
2013-03-07,-1,590,715,154.58,154.94,154.59,154.92,stop,-0.3599999999999852,-0.0023287405394914625,-23.287405394914625,0.3299999999999841,-1.0909090909090988
2013-03-08,-1,585,943,155.11,155.63,155.12,155.60999999999999,stop,-0.5199999999999818,-0.003352243424445473,-33.52243424445473,0.4899999999999807,-1.061224489795923
2013-03-11,1,591,959,155.38,155.99,155.37,156.0,eod,0.6100000000000136,0.00392611186200691,39.2611186200691,0.25,2.4400000000000546
2013-03-12,-1,587,597,155.73000000000002,155.97,155.74,155.95,stop,-0.23999999999998067,-0.001541029921664188,-15.410299216641882,0.20999999999997954,-1.1428571428571621
2013-03-13,-1,587,740,155.29000000000002,155.85,155.3,155.82999999999998,stop,-0.5599999999999739,-0.0036059240180294516,-36.059240180294516,0.5299999999999727,-1.0566037735849108
2013-03-14,1,591,620,156.57009999999997,156.22,156.56009999999998,156.24,stop,-0.3500999999999692,-0.002236201944173319,-22.362019441733192,0.3200999999999681,-1.0937207122774262
2013-03-15,-1,595,687,155.59000000000003,155.92,155.60000000000002,155.89999999999998,stop,-0.32999999999995566,-0.002120822622107684,-21.20822622107684,0.2999999999999545,-1.100000000000019
2013-03-18,1,588,959,154.7,154.94,154.69,154.95,eod,0.2400000000000091,0.0015514900769281084,15.514900769281084,0.5,0.4800000000000182
2013-03-19,1,592,624,155.49999999999997,155.15,155.48999999999998,155.17000000000002,stop,-0.3499999999999659,-0.0022509486140585627,-22.509486140585626,0.31999999999996476,-1.093750000000014
2013-03-20,-1,586,864,155.45000000000002,155.75,155.46,155.73,stop,-0.29999999999998295,-0.0019297568506367099,-19.2975685063671,0.2699999999999818,-1.1111111111111227
2013-03-21,1,587,616,155.01,154.67,155.0,154.69,stop,-0.3400000000000034,-0.002193548387096796,-21.93548387096796,0.3100000000000023,-1.0967741935483901
2013-03-22,-1,587,601,154.79000000000002,155.06,154.8,155.04,stop,-0.2699999999999818,-0.0017441860465115104,-17.441860465115102,0.23999999999998067,-1.1250000000000149
2013-03-25,1,585,628,156.14999999999998,155.78,156.14,155.8,stop,-0.3699999999999761,-0.0023696682464453447,-23.696682464453446,0.339999999999975,-1.088235294117657
2013-03-26,1,585,645,155.891,155.52009999999999,155.881,155.5401,stop,-0.370900000000006,-0.002379379141781269,-23.79379141781269,0.34090000000000487,-1.0880023467292481
2013-03-27,1,585,959,155.33999999999997,156.12,155.32999999999998,156.13,eod,0.7800000000000296,0.005021566986416208,50.21566986416208,0.339999999999975,2.294117647059079
2013-03-28,1,632,959,156.39,156.57000000000002,156.38,156.58,eod,0.18000000000003524,0.0011510423327793532,11.510423327793532,0.6399999999999864,0.28125000000006106
2013-04-01,-1,600,959,156.52,156.07,156.53,156.06,eod,0.45000000000001705,0.0028748482718968698,28.7484827189687,0.38999999999998636,1.153846153846238
2013-04-02,1,587,942,156.83999999999997,156.48,156.82999999999998,156.5,stop,-0.3599999999999852,-0.002295479181278998,-22.954791812789978,0.3299999999999841,-1.0909090909090988
2013-04-03,-1,587,959,156.55,155.26999999999998,156.56,155.26,eod,1.2800000000000296,0.008175779253960331,81.75779253960332,0.47999999999998977,2.666666666666785
2013-04-04,1,585,629,155.79999999999998,155.28,155.79,155.3,stop,-0.5199999999999818,-0.0033378265613966352,-33.378265613966356,0.4899999999999807,-1.061224489795923
2013-04-05,1,587,959,154.26,155.18,154.25,155.19,eod,0.9200000000000159,0.005964343598055208,59.643435980552084,0.4899999999999807,1.8775510204082697
2013-04-08,-1,585,823,155.02,155.33,155.03,155.31,stop,-0.3100000000000023,-0.0019996129781332792,-19.996129781332794,0.28000000000000114,-1.1071428571428608
2013-04-09,-1,591,750,156.19000000000003,156.63,156.20000000000002,156.60999999999999,stop,-0.4399999999999693,-0.0028169014084505075,-28.169014084505076,0.40999999999996817,-1.0731707317073256
2013-04-10,1,589,959,157.58999999999997,158.69,157.57999999999998,158.7,eod,1.1000000000000227,0.006980581292042282,69.80581292042282,0.45999999999997954,2.391304347826243
2013-04-11,-1,585,589,158.56000000000003,158.83,158.57000000000002,158.81,stop,-0.2699999999999818,-0.0017027180425047725,-17.027180425047725,0.23999999999998067,-1.1250000000000149
2013-04-12,1,586,595,158.92,158.6,158.91,158.62,stop,-0.3199999999999932,-0.0020137184569881893,-20.137184569881892,0.28999999999999204,-1.1034482758620758
2013-04-15,-1,586,959,157.81000000000003,155.10999999999999,157.82000000000002,155.1,eod,2.7000000000000455,0.01710809783297456,171.0809783297456,0.31999999999996476,8.437500000001071
2013-04-16,-1,619,679,156.14000000000001,156.6,156.15,156.57999999999998,stop,-0.45999999999997954,-0.002945885366634515,-29.45885366634515,0.4299999999999784,-1.0697674418604712
2013-04-17,-1,614,959,155.65,155.07,155.66,155.06,eod,0.5800000000000125,0.003726069638956781,37.26069638956781,0.6699999999999875,0.8656716417910796
2013-04-18,-1,594,959,154.70000000000002,154.17999999999998,154.71,154.17,eod,0.5200000000000387,0.0033611272703770838,33.61127270377084,0.7099999999999795,0.7323943661972586
2013-04-19,-1,585,605,154.3,154.78,154.31,154.76,stop,-0.47999999999998977,-0.0031106214762490424,-31.106214762490424,0.44999999999998863,-1.0666666666666709
2013-04-22,-1,586,760,155.34000000000003,156.02,155.35000000000002,156.0,stop,-0.6799999999999784,-0.004377212745413443,-43.77212745413443,0.6499999999999773,-1.0461538461538495
2013-04-23,1,585,789,157.35,156.85999999999999,157.34,156.88,stop,-0.4900000000000091,-0.003114274818863665,-31.14274818863665,0.46000000000000796,-1.0652173913043492
2013-04-24,-1,608,858,157.73000000000002,158.18,157.74,158.16,stop,-0.44999999999998863,-0.0028527957398249565,-28.527957398249566,0.4199999999999875,-1.0714285714285763
2013-04-25,-1,586,601,158.20000000000002,158.52,158.21,158.5,stop,-0.3199999999999932,-0.0020226281524555537,-20.226281524555535,0.28999999999999204,-1.1034482758620758
2013-04-26,1,597,612,158.48999999999998,158.07,158.48,158.09,stop,-0.4199999999999875,-0.002650176678445151,-26.501766784451508,0.38999999999998636,-1.0769230769230824
2013-04-29,1,603,959,158.85,159.32000000000002,158.84,159.33,eod,0.4700000000000273,0.0029589524049359562,29.58952404935956,0.4300000000000068,1.0930232558139996
2013-04-30,-1,586,693,158.95000000000002,159.4,158.96,159.38,stop,-0.44999999999998863,-0.002830900855561076,-28.30900855561076,0.4199999999999875,-1.0714285714285763
2013-05-01,1,586,590,159.39,159.08,159.38,159.10000000000002,stop,-0.30999999999997385,-0.001945037018446316,-19.45037018446316,0.2799999999999727,-1.1071428571428716
2013-05-02,1,610,959,159.04999999999998,159.71,159.04,159.72,eod,0.660000000000025,0.004149899396378427,41.49899396378427,0.5199999999999818,1.2692307692308618
2013-05-03,1,621,959,161.67999999999998,161.37,161.67,161.38,eod,-0.30999999999997385,-0.0019174862373970054,-19.174862373970054,0.6399999999999864,-0.48437499999996947
2013-05-06,-1,592,622,161.42000000000002,161.75,161.43,161.73,stop,-0.3299999999999841,-0.002044229697082228,-20.44229697082228,0.29999999999998295,-1.1000000000000094
2013-05-07,1,587,612,162.33999999999997,161.97,162.32999999999998,161.99,stop,-0.3699999999999761,-0.002279307583317786,-22.79307583317786,0.339999999999975,-1.088235294117657
2013-05-08,1,585,959,162.57,163.33,162.56,163.34,eod,0.7600000000000193,0.00467519685039382,46.7519685039382,0.23999999999998067,3.1666666666670023
2013-05-09,-1,589,810,163.19000000000003,163.5,163.20000000000002,163.48,stop,-0.30999999999997385,-0.0018995098039214081,-18.99509803921408,0.2799999999999727,-1.1071428571428716
2013-05-10,1,599,634,163.23999999999998,162.76,163.23,162.78,stop,-0.47999999999998977,-0.002940635912516019,-29.40635912516019,0.44999999999998863,-1.0666666666666709
2013-05-13,-1,590,613,163.06000000000003,163.36,163.07000000000002,163.34,stop,-0.29999999999998295,-0.0018397007420125277,-18.397007420125277,0.2699999999999818,-1.1111111111111227
2013-05-14,1,590,959,164.20999999999998,165.26000000000002,164.2,165.27,eod,1.0500000000000398,0.006394640682095249,63.94640682095249,0.539999999999992,1.9444444444445468
2013-05-15,-1,588,601,164.91000000000003,165.26,164.92000000000002,165.23999999999998,stop,-0.3499999999999659,-0.002122241086587229,-21.22241086587229,0.31999999999996476,-1.093750000000014
2013-05-16,1,587,604,166.07999999999998,165.73,166.07,165.75,stop,-0.3499999999999943,-0.0021075450111398466,-21.075450111398467,0.3199999999999932,-1.0937500000000056
2013-05-17,-1,585,597,165.74,166.16,165.75,166.14,stop,-0.4199999999999875,-0.002533936651583635,-25.339366515836346,0.38999999999998636,-1.0769230769230824
2013-05-20,-1,589,606,166.75000000000003,167.12,166.76000000000002,167.1,stop,-0.3699999999999761,-0.0022187574958022075,-22.187574958022076,0.339999999999975,-1.088235294117657
2013-05-21,1,592,612,167.42,166.98,167.41,167.0,stop,-0.4399999999999977,-0.0026282778806522773,-26.282778806522774,0.4099999999999966,-1.0731707317073205
2013-05-22,1,589,813,167.7,167.2665,167.69,167.28650000000002,stop,-0.4334999999999809,-0.0025851273182657336,-25.851273182657337,0.40349999999997976,-1.0743494423791886
2013-05-23,-1,589,609,164.11,164.64000000000001,164.12,164.62,stop,-0.5300000000000011,-0.0032293443821594025,-32.293443821594025,0.5,-1.0600000000000023
2013-05-24,-1,590,700,164.24,164.79,164.25,164.76999999999998,stop,-0.549999999999983,-0.0033485540334854363,-33.48554033485436,0.5199999999999818,-1.057692307692312
2013-05-28,1,586,698,167.30999999999997,166.9,167.29999999999998,166.92000000000002,stop,-0.40999999999996817,-0.0024506873879256916,-24.506873879256915,0.37999999999996703,-1.0789473684210624
2013-05-29,1,601,632,165.64999999999998,164.92,165.64,164.94,stop,-0.7299999999999898,-0.004407148031876297,-44.07148031876297,0.6999999999999886,-1.0428571428571451
2013-05-30,1,585,959,165.74999999999997,165.81,165.73999999999998,165.82,eod,0.060000000000030695,0.0003620127911188048,3.6201279111880478,0.5299999999999727,0.11320754716987506
2013-05-31,1,668,871,165.95,165.09,165.94,165.11,stop,-0.8599999999999852,-0.005182596119079097,-51.82596119079097,0.8299999999999841,-1.036144578313255
2013-06-03,-1,585,608,163.32000000000002,163.91,163.33,163.89,stop,-0.589999999999975,-0.003612318618747168,-36.12318618747168,0.5599999999999739,-1.053571428571433
2013-06-04,1,586,660,165.01999999999998,164.26,165.01,164.28,stop,-0.7599999999999909,-0.004605781467789776,-46.05781467789776,0.7299999999999898,-1.041095890410961
2013-06-05,1,585,612,163.35,162.81,163.34,162.83,stop,-0.539999999999992,-0.0033059875107137996,-33.059875107138,0.5099999999999909,-1.058823529411768
2013-06-06,1,586,729,161.79999999999998,160.91,161.79,160.93,stop,-0.8899999999999864,-0.005500958032016728,-55.00958032016728,0.8599999999999852,-1.0348837209302344
2013-06-07,1,600,959,163.90999999999997,164.8,163.89999999999998,164.81,eod,0.8900000000000432,0.0054301403294694526,54.30140329469452,0.7699999999999818,1.1558441558442392
2013-06-10,-1,585,959,164.73000000000002,164.76999999999998,164.74,164.76,eod,-0.03999999999996362,-0.00024280684715286888,-2.4280684715286887,0.6699999999999875,-0.05970149253726025
2013-06-11,1,591,959,163.32,163.11,163.31,163.12,eod,-0.20999999999997954,-0.0012858979854263642,-12.858979854263643,0.5809999999999889,-0.3614457831325018
2013-06-12,-1,585,959,163.86,161.78,163.87,161.77,eod,2.0800000000000125,0.012692988344419433,126.92988344419433,0.5299999999999727,3.924528301887018
2013-06-13,1,585,959,161.82,164.20000000000002,161.81,164.21,eod,2.380000000000024,0.014708608862245991,147.08608862245993,0.5199999999999818,4.576923076923283
2013-06-14,1,586,647,164.17,163.85999999999999,164.16,163.88,stop,-0.3100000000000023,-0.001888401559454205,-18.88401559454205,0.28000000000000114,-1.1071428571428608
2013-06-17,1,585,864,164.79999999999998,164.26,164.79,164.28,stop,-0.539999999999992,-0.0032768978700163363,-32.768978700163366,0.5099999999999909,-1.058823529411768
2013-06-18,1,614,959,164.98,165.73000000000002,164.97,165.74,eod,0.7500000000000284,0.004546281142025995,45.46281142025995,0.45999999999997954,1.63043478260883
2013-06-19,-1,590,840,165.33,165.86,165.34,165.84,stop,-0.5300000000000011,-0.0032055159066166753,-32.05515906616675,0.5,-1.0600000000000023
2013-06-20,1,586,611,161.95,161.35999999999999,161.94,161.38,stop,-0.5900000000000034,-0.0036433246881561283,-36.43324688156128,0.5600000000000023,-1.0535714285714304
2013-06-21,-1,599,959,159.10000000000002,158.995,159.11,158.985,eod,0.10500000000001819,0.0006599208095029739,6.599208095029739,0.6599999999999682,0.15909090909094434
2013-06-24,-1,595,844,156.53000000000003,157.52,156.54000000000002,157.5,stop,-0.9899999999999807,-0.006324262169413444,-63.24262169413444,0.9599999999999795,-1.0312500000000018
2013-06-25,-1,593,669,158.02,158.65,158.03,158.63,stop,-0.6299999999999955,-0.003986584825665984,-39.86584825665984,0.5999999999999943,-1.0500000000000023
2013-06-26,-1,588,809,159.79000000000002,160.19,159.8,160.17,stop,-0.39999999999997726,-0.002503128911138781,-25.03128911138781,0.3699999999999761,-1.0810810810810894
2013-06-27,1,585,729,161.36999999999998,161.02,161.35999999999999,161.04000000000002,stop,-0.3499999999999659,-0.0021690629647989957,-21.690629647989958,0.31999999999996476,-1.093750000000014
2013-06-28,-1,585,639,160.52,160.86,160.53,160.84,stop,-0.3400000000000034,-0.002117984177412343,-21.179841774123428,0.3100000000000023,-1.0967741935483901
2013-07-01,1,585,941,161.76,161.13,161.75,161.15,stop,-0.6299999999999955,-0.003894899536321456,-38.94899536321456,0.5999999999999943,-1.0500000000000023
2013-07-02,1,587,851,161.80999999999997,161.0,161.79999999999998,161.02,stop,-0.8099999999999739,-0.005006180469715537,-50.061804697155374,0.7799999999999727,-1.0384615384615412
2013-07-05,-1,600,851,162.08,162.67,162.09,162.64999999999998,stop,-0.589999999999975,-0.0036399531124682275,-36.39953112468228,0.5599999999999739,-1.053571428571433
2013-07-08,1,586,715,164.02999999999997,163.63,164.01999999999998,163.65,stop,-0.39999999999997726,-0.002438726984513945,-24.387269845139453,0.3699999999999761,-1.0810810810810894
2013-07-09,-1,600,755,164.64000000000001,165.16,164.65,165.14,stop,-0.5199999999999818,-0.00315821439416934,-31.5821439416934,0.4899999999999807,-1.061224489795923
2013-07-10,1,587,618,165.23,164.94,165.22,164.96,stop,-0.28999999999999204,-0.0017552354436508415,-17.552354436508416,0.2599999999999909,-1.1153846153846239
2013-07-11,-1,585,865,166.84000000000003,167.18,166.85000000000002,167.16,stop,-0.339999999999975,-0.0020377584656875933,-20.377584656875932,0.30999999999997385,-1.096774193548399
2013-07-12,1,590,710,167.54,167.17,167.53,167.19,stop,-0.37000000000000455,-0.002208559660956274,-22.08559660956274,0.3400000000000034,-1.0882352941176494
2013-07-15,-1,585,692,167.68,168.15,167.69,168.13,stop,-0.46999999999999886,-0.0028027908640944534,-28.027908640944535,0.4399999999999977,-1.068181818181821
2013-07-16,-1,589,959,167.87,167.53,167.88,167.52,eod,0.3400000000000034,0.0020252561353347833,20.252561353347833,0.4900000000000091,0.6938775510204023
2013-07-17,-1,587,625,168.02,168.29,168.03,168.26999999999998,stop,-0.2699999999999818,-0.0016068559185858586,-16.068559185858586,0.23999999999998067,-1.1250000000000149
2013-07-18,1,586,959,168.61999999999998,168.88,168.60999999999999,168.89,eod,0.2600000000000193,0.0015420200462607162,15.420200462607163,0.4199999999999875,0.6190476190476835
2013-07-19,1,585,959,168.67,169.16,168.66,169.17,eod,0.4900000000000091,0.002905253172062191,29.052531720621907,0.3599999999999852,1.3611111111111922
2013-07-22,-1,585,665,169.09000000000003,169.51,169.10000000000002,169.48999999999998,stop,-0.4199999999999591,-0.0024837374334710765,-24.837374334710766,0.38999999999995794,-1.0769230769230882
2013-07-23,-1,593,959,169.64000000000001,169.23999999999998,169.65,169.23,eod,0.4000000000000341,0.002357795461243938,23.57795461243938,0.18999999999999773,2.1052631578949415
2013-07-24,-1,585,959,169.33,168.54,169.34,168.53,eod,0.7900000000000205,0.00466517066257246,46.6517066257246,0.5300000000000011,1.4905660377358845
2013-07-25,1,585,699,168.26,167.94,168.25,167.96,stop,-0.3199999999999932,-0.0019019316493313115,-19.019316493313116,0.28999999999999204,-1.1034482758620758
2013-07-26,1,598,627,168.42,168.12,168.41,168.14000000000001,stop,-0.29999999999998295,-0.0017813669022028558,-17.81366902202856,0.2699999999999818,-1.1111111111111227
2013-07-29,1,585,612,168.96999999999997,168.6,168.95999999999998,168.62,stop,-0.3699999999999761,-0.002189867424242283,-21.898674242422832,0.339999999999975,-1.088235294117657
2013-07-30,-1,589,959,168.86,168.59,168.87,168.58,eod,0.27000000000001023,0.001598863030733761,15.98863030733761,0.4199999999999875,0.6428571428571863
2013-07-31,1,626,786,169.26989999999998,168.88,169.2599,168.9,stop,-0.38989999999998304,-0.0023035580193535685,-23.035580193535687,0.3598999999999819,-1.0833564879133166
2013-08-01,1,595,959,170.26999999999998,170.65,170.26,170.66,eod,0.3800000000000239,0.0022318806531189,22.318806531189,0.3699999999999761,1.0270270270271578
2013-08-02,-1,585,612,170.10000000000002,170.42,170.11,170.39999999999998,stop,-0.31999999999996476,-0.0018811357357002218,-18.81135735700222,0.2899999999999636,-1.1034482758620858
2013-08-05,-1,585,597,170.4,170.66,170.41,170.64,stop,-0.2599999999999909,-0.0015257320579777649,-15.257320579777648,0.22999999999998977,-1.1304347826087064
2013-08-06,-1,585,959,170.26000000000002,169.76,170.27,169.75,eod,0.5000000000000284,0.0029365125976392108,29.365125976392108,0.2599999999999909,1.9230769230770997
2013-08-07,1,585,598,169.27999999999997,168.99,169.26999999999998,169.01000000000002,stop,-0.2899999999999636,-0.0017132392036389417,-17.13239203638942,0.2599999999999625,-1.1153846153846365
2013-08-08,-1,586,959,169.85000000000002,169.79999999999998,169.86,169.79,eod,0.05000000000003979,0.00029436006122712696,2.9436006122712697,0.3299999999999841,0.1515151515152794
2013-08-09,1,585,620,169.99999999999997,169.48,169.98999999999998,169.5,stop,-0.5199999999999818,-0.003059003470792293,-30.59003470792293,0.4899999999999807,-1.061224489795923
2013-08-12,1,585,959,168.92999999999998,169.10000000000002,168.92,169.11,eod,0.17000000000004434,0.0010063935590814844,10.063935590814845,0.549999999999983,0.3090909090909993
2013-08-13,-1,592,760,169.10000000000002,169.53,169.11,169.51,stop,-0.4299999999999784,-0.0025427236709832557,-25.427236709832556,0.39999999999997726,-1.075000000000007
2013-08-14,-1,610,959,169.32000000000002,168.75,169.33,168.74,eod,0.5700000000000216,0.0033662079962205253,33.662079962205254,0.47999999999998977,1.1875000000000704
2013-08-15,-1,589,959,166.92000000000002,166.35999999999999,166.93,166.35,eod,0.5600000000000307,0.003354699574672202,33.54699574672202,0.5099999999999909,1.0980392156863543
2013-08-16,1,587,785,166.26,165.84,166.25,165.86,stop,-0.4199999999999875,-0.0025263157894736088,-25.26315789473609,0.38999999999998636,-1.0769230769230824
2013-08-19,1,596,813,165.92,165.37,165.91,165.39000000000001,stop,-0.549999999999983,-0.003315050328491248,-33.15050328491248,0.5199999999999818,-1.057692307692312
2013-08-20,1,596,959,165.15999999999997,165.57000000000002,165.14999999999998,165.58,eod,0.41000000000005343,0.002482591583409346,24.82591583409346,0.2999999999999545,1.366666666667052
2013-08-21,1,588,687,165.40999999999997,164.88,165.39999999999998,164.9,stop,-0.5299999999999727,-0.0032043530834339347,-32.04353083433935,0.4999999999999716,-1.0600000000000056
2013-08-22,1,612,959,165.51999999999998,165.98000000000002,165.51,165.99,eod,0.4600000000000364,0.0027792882605282847,27.79288260528285,0.6299999999999955,0.7301587301587932
2013-08-23,-1,585,931,166.18,166.59,166.19,166.57,stop,-0.4099999999999966,-0.0024670557795294337,-24.670557795294336,0.37999999999999545,-1.0789473684210567
2013-08-26,1,585,914,166.92999999999998,166.5,166.92,166.52,stop,-0.4299999999999784,-0.002576084351785157,-25.760843517851573,0.39999999999997726,-1.075000000000007
2013-08-27,1,587,625,164.74499999999998,164.27,164.73499999999999,164.29000000000002,stop,-0.4749999999999659,-0.0028834188241719486,-28.834188241719485,0.44499999999996476,-1.0674157303370866
2013-08-28,1,589,959,163.76,163.91,163.75,163.92,eod,0.15000000000000568,0.0009160305343511797,9.160305343511798,0.7099999999999795,0.2112676056338169
2013-08-29,1,585,959,164.15999999999997,164.16,164.14999999999998,164.17,eod,2.842170943040401e-14,1.731447421894853e-16,1.7314474218948528e-12,0.7599999999999625,3.73969860926387e-14
2013-08-30,-1,600,959,164.02,163.57999999999998,164.03,163.57,eod,0.44000000000002615,0.0026824361397306965,26.824361397306966,0.5099999999999909,0.8627450980392823
2013-09-03,-1,598,959,165.18,164.39,165.19,164.38,eod,0.7900000000000205,0.004782371814274595,47.82371814274595,0.4000000000000057,1.9750000000000232
2013-09-04,1,585,959,164.70999999999998,165.75,164.7,165.76,eod,1.0400000000000205,0.006314511232544144,63.14511232544144,0.5749999999999886,1.8086956521739843
2013-09-05,1,585,959,166.23999999999998,165.905,166.23,165.915,eod,-0.33499999999997954,-0.0020152800336881403,-20.152800336881402,0.5099999999999909,-0.6568627450980108
2013-09-06,-1,585,828,165.4,166.72,165.41,166.7,stop,-1.3199999999999932,-0.00798017048546033,-79.8017048546033,1.289999999999992,-1.0232558139534893
2013-09-09,1,586,959,166.82999999999998,167.63,166.82,167.64,eod,0.8000000000000114,0.004795588058985801,47.95588058985801,0.38999999999998636,2.0512820512821524
2013-09-10,1,595,959,168.67999999999998,168.88,168.67,168.89,eod,0.20000000000001705,0.001185747317246796,11.857473172467959,0.4199999999999875,0.47619047619053095
2013-09-11,-1,596,691,168.55,168.87,168.56,168.85,stop,-0.3199999999999932,-0.0018984337921214593,-18.984337921214593,0.28999999999999204,-1.1034482758620758
2013-09-12,1,625,697,169.46999999999997,169.04,169.45999999999998,169.06,stop,-0.4299999999999784,-0.002537471969786253,-25.37471969786253,0.39999999999997726,-1.075000000000007
2013-09-13,1,594,605,169.29999999999998,168.99,169.29,169.01000000000002,stop,-0.30999999999997385,-0.0018311772697736067,-18.311772697736068,0.2799999999999727,-1.1071428571428716
2013-09-16,-1,596,959,170.60000000000002,170.32,170.61,170.31,eod,0.28000000000002956,0.0016411699197000735,16.411699197000736,0.6399999999999864,0.4375000000000555
2013-09-17,1,585,959,170.74999999999997,171.03,170.73999999999998,171.04,eod,0.28000000000002956,0.0016399203467261894,16.399203467261895,0.2899999999999636,0.9655172413795334
2013-09-18,1,589,626,171.11999999999998,170.89,171.10999999999999,170.91,stop,-0.22999999999998977,-0.0013441645724971644,-13.441645724971643,0.19999999999998863,-1.1500000000000141
2013-09-19,-1,587,959,173.13000000000002,172.82,173.14000000000001,172.81,eod,0.3100000000000307,0.0017904585884257287,17.904585884257287,0.46999999999997044,0.6595744680852131
2013-09-20,-1,585,959,172.02,170.72,172.03,170.71,eod,1.3000000000000114,0.007556821484624841,75.56821484624841,0.3100000000000023,4.19354838709678
2013-09-23,-1,585,959,170.23000000000002,169.94,170.24,169.93,eod,0.29000000000002046,0.0017034774436091426,17.034774436091425,0.4199999999999875,0.6904761904762597
2013-09-24,-1,600,646,169.55,169.95,169.56,169.92999999999998,stop,-0.39999999999997726,-0.002359046945034072,-23.59046945034072,0.3699999999999761,-1.0810810810810894
2013-09-25,-1,585,677,169.16000000000003,169.69,169.17000000000002,169.67,stop,-0.5299999999999727,-0.00313294319323741,-31.3294319323741,0.4999999999999716,-1.0600000000000056
2013-09-26,1,587,656,169.83999999999997,169.29,169.82999999999998,169.31,stop,-0.549999999999983,-0.0032385326502972563,-32.38532650297256,0.5199999999999818,-1.057692307692312
2013-09-27,-1,602,635,168.57000000000002,169.02,168.58,169.0,stop,-0.44999999999998863,-0.0026693557954679593,-26.693557954679594,0.4199999999999875,-1.0714285714285763
2013-09-30,1,606,959,167.85999999999999,168.0,167.85,168.01,eod,0.14000000000001478,0.0008340780458743806,8.340780458743806,0.7099999999999795,0.1971830985915758
2013-10-01,1,620,959,168.71999999999997,169.32000000000002,168.70999999999998,169.33,eod,0.6000000000000512,0.0035563985537315585,35.56398553731559,0.7199999999999704,0.8333333333334386
2013-10-02,-1,607,678,168.13000000000002,168.61,168.14000000000001,168.59,stop,-0.47999999999998977,-0.002854763887236765,-28.547638872367653,0.44999999999998863,-1.0666666666666709
2013-10-03,-1,588,959,168.46,167.67999999999998,168.47,167.67,eod,0.7800000000000296,0.004629904434024037,46.29904434024037,0.47999999999998977,1.6250000000000961
2013-10-04,1,588,959,167.85,168.85000000000002,167.84,168.86,eod,1.0000000000000284,0.005958055290753267,59.58055290753267,0.3199999999999932,3.1250000000001554
2013-10-07,1,585,959,167.68999999999997,167.44,167.67999999999998,167.45,eod,-0.24999999999997158,-0.0014909351145036475,-14.909351145036476,0.4399999999999693,-0.5681818181817933
2013-10-08,1,595,648,167.55999999999997,167.02,167.54999999999998,167.04000000000002,stop,-0.5399999999999636,-0.003222918531781341,-32.22918531781341,0.5099999999999625,-1.0588235294117712
2013-10-09,-1,589,804,165.31000000000003,165.85,165.32000000000002,165.82999999999998,stop,-0.5399999999999636,-0.0032663924510038926,-32.663924510038925,0.5099999999999625,-1.0588235294117712
2013-10-10,1,593,959,167.77999999999997,169.15,167.76999999999998,169.16,eod,1.370000000000033,0.008165941467485446,81.65941467485446,0.549999999999983,2.490909090909228
2013-10-11,1,585,959,169.21999999999997,170.23000000000002,169.20999999999998,170.24,eod,1.0100000000000477,0.005968914366763477,59.68914366763477,0.4499999999999602,2.244444444444749
2013-10-14,1,692,959,169.68999999999997,170.96,169.67999999999998,170.97,eod,1.2700000000000387,0.007484677039132713,74.84677039132713,0.6099999999999568,2.081967213114965
2013-10-15,1,608,870,170.71999999999997,169.98,170.70999999999998,170.0,stop,-0.7399999999999807,-0.0043348368578289545,-43.348368578289545,0.7099999999999795,-1.0422535211267634
2013-10-16,1,591,959,171.04999999999998,172.06,171.04,172.07,eod,1.0100000000000193,0.005905051449953341,59.050514499533406,0.41499999999999204,2.4337349397591295
2013-10-17,1,585,959,171.79,173.21,171.78,173.22,eod,1.420000000000016,0.008266387239492466,82.66387239492465,0.44999999999998863,3.1555555555556705
2013-10-18,1,585,634,173.96999999999997,173.49,173.95999999999998,173.51000000000002,stop,-0.47999999999996135,-0.0027592550011494676,-27.592550011494676,0.4499999999999602,-1.066666666666675
2013-10-21,1,598,641,174.55999999999997,174.21,174.54999999999998,174.23000000000002,stop,-0.3499999999999659,-0.0020051561157259576,-20.051561157259577,0.31999999999996476,-1.093750000000014
2013-10-22,1,591,655,175.14999999999998,174.82,175.14,174.84,stop,-0.3299999999999841,-0.0018842069201780525,-18.842069201780525,0.29999999999998295,-1.1000000000000094
2013-10-23,-1,585,959,174.56000000000003,174.63,174.57000000000002,174.62,eod,-0.06999999999996476,-0.00040098527811173023,-4.009852781117302,0.32999999999995566,-0.21212121212113383
2013-10-24,-1,586,669,174.50000000000003,175.05,174.51000000000002,175.03,stop,-0.549999999999983,-0.003151681852042765,-31.51681852042765,0.5199999999999818,-1.057692307692312
2013-10-25,1,599,622,175.68999999999997,175.37,175.67999999999998,175.39000000000001,stop,-0.31999999999996476,-0.001821493624772113,-18.21493624772113,0.2899999999999636,-1.1034482758620858
2013-10-28,1,585,658,175.98999999999998,175.69,175.98,175.71,stop,-0.29999999999998295,-0.0017047391749061426,-17.047391749061426,0.2699999999999818,-1.1111111111111227
2013-10-29,-1,591,748,176.56000000000003,176.9,176.57000000000002,176.88,stop,-0.339999999999975,-0.0019255819221836946,-19.255819221836948,0.30999999999997385,-1.096774193548399
2013-10-30,-1,608,959,177.11,176.355,177.12,176.345,eod,0.7550000000000239,0.0042626467931347325,42.62646793134733,0.39999999999997726,1.887500000000167
2013-10-31,1,585,594,176.57,176.05,176.56,176.07000000000002,stop,-0.5199999999999818,-0.00294517444494779,-29.4517444494779,0.4899999999999807,-1.061224489795923
2013-11-01,1,585,617,176.29,175.97,176.28,175.99,stop,-0.3199999999999932,-0.0018152938506920421,-18.15293850692042,0.28999999999999204,-1.1034482758620758
2013-11-04,-1,586,956,176.50000000000003,176.83,176.51000000000002,176.81,stop,-0.3299999999999841,-0.0018695824599171947,-18.695824599171946,0.29999999999998295,-1.1000000000000094
2013-11-05,-1,586,640,175.93,176.26,175.94,176.23999999999998,stop,-0.3299999999999841,-0.0018756394225303177,-18.756394225303175,0.29999999999998295,-1.1000000000000094
2013-11-06,1,588,631,177.14999999999998,176.85,177.14,176.87,stop,-0.29999999999998295,-0.0016935757028338206,-16.935757028338205,0.2699999999999818,-1.1111111111111227
2013-11-07,1,585,590,177.64,177.3,177.63,177.32000000000002,stop,-0.339999999999975,-0.0019140910882169398,-19.140910882169397,0.30999999999997385,-1.096774193548399
2013-11-08,1,585,959,175.49999999999997,177.22,175.48999999999998,177.23,eod,1.7200000000000273,0.009801128269417217,98.01128269417217,0.6499999999999773,2.6461538461539806
2013-11-11,1,589,959,177.29,177.29000000000002,177.28,177.3,eod,2.842170943040401e-14,1.603210143863042e-16,1.603210143863042e-12,0.37999999999999545,7.479397218527459e-14
2013-11-12,1,585,707,177.14999999999998,176.71,177.14,176.73000000000002,stop,-0.4399999999999693,-0.0024839110308229047,-24.839110308229046,0.40999999999996817,-1.0731707317073256
2013-11-13,1,586,959,176.46489999999997,178.35000000000002,176.45489999999998,178.36,eod,1.885100000000051,0.010683183068308396,106.83183068308396,0.37489999999996826,5.028274206455617
2013-11-14,-1,586,634,178.34000000000003,178.78,178.35000000000002,178.76,stop,-0.4399999999999693,-0.0024670591533499818,-24.670591533499817,0.40999999999996817,-1.0731707317073256
2013-11-15,1,588,959,179.60999999999999,180.05,179.6,180.06,eod,0.44000000000002615,0.0024498886414255354,24.498886414255352,0.2799999999999727,1.5714285714288179
2013-11-18,-1,587,959,180.09000000000003,179.48,180.10000000000002,179.47,eod,0.6100000000000421,0.0033870072182123376,33.87007218212337,0.40999999999996817,1.4878048780489985
2013-11-19,-1,585,600,179.01000000000002,179.52,179.02,179.5,stop,-0.5099999999999909,-0.0028488437046139585,-28.488437046139584,0.47999999999998977,-1.0625000000000038
2013-11-20,-1,585,620,179.17000000000002,179.57,179.18,179.54999999999998,stop,-0.39999999999997726,-0.0022323920080364844,-22.323920080364843,0.3699999999999761,-1.0810810810810894
2013-11-21,1,598,959,179.2,179.87,179.19,179.88,eod,0.6700000000000159,0.0037390479379430545,37.390479379430545,0.339999999999975,1.9705882352943094
2013-11-22,1,612,959,180.1,180.75,180.09,180.76,eod,0.6500000000000057,0.0036093064578822014,36.093064578822016,0.3299999999999841,1.9696969696970819
2013-11-25,-1,587,959,180.93,180.665,180.94,180.655,eod,0.2650000000000148,0.0014645738918979483,14.645738918979484,0.23999999999998067,1.104166666666817
2013-11-26,-1,587,738,180.68,180.97,180.69,180.95,stop,-0.28999999999999204,-0.0016049587691626102,-16.0495876916261,0.2599999999999909,-1.1153846153846239
2013-11-27,1,585,779,181.04,180.72,181.03,180.74,stop,-0.3199999999999932,-0.0017676628183173682,-17.676628183173683,0.28999999999999204,-1.1034482758620758
2013-12-02,-1,585,716,180.86,181.25,180.87,181.23,stop,-0.38999999999998636,-0.002156244816719115,-21.56244816719115,0.3599999999999852,-1.08333333333334
2013-12-03,-1,587,593,179.88000000000002,180.2,179.89000000000001,180.17999999999998,stop,-0.31999999999996476,-0.0017788648618598296,-17.788648618598295,0.2899999999999636,-1.1034482758620858
2013-12-04,1,600,803,179.46999999999997,179.0,179.45999999999998,179.02,stop,-0.46999999999997044,-0.0026189680151564167,-26.189680151564165,0.4399999999999693,-1.0681818181818254
2013-12-05,-1,585,602,179.17000000000002,179.65,179.18,179.63,stop,-0.47999999999998977,-0.0026788704096438764,-26.788704096438764,0.44999999999998863,-1.0666666666666709
2013-12-06,-1,585,759,180.4,180.83,180.41,180.81,stop,-0.4300000000000068,-0.00238345989690154,-23.834598969015403,0.4000000000000057,-1.0750000000000017
2013-12-09,1,595,630,181.51999999999998,181.2,181.51,181.22,stop,-0.3199999999999932,-0.0017629882651093228,-17.62988265109323,0.28999999999999204,-1.1034482758620758
2013-12-10,1,590,596,181.15999999999997,180.88,181.14999999999998,180.9,stop,-0.2799999999999727,-0.0015456803753793693,-15.456803753793693,0.24999999999997158,-1.120000000000018
2013-12-11,-1,586,959,180.44000000000003,178.69,180.45000000000002,178.68,eod,1.7500000000000284,0.009697977279024817,96.97977279024818,0.40999999999996817,4.26829268292723
2013-12-12,1,585,587,178.86999999999998,178.495,178.85999999999999,178.51500000000001,stop,-0.3749999999999716,-0.0020966118752095025,-20.966118752095024,0.34499999999997044,-1.0869565217391413
2013-12-13,-1,585,959,178.31000000000003,178.12,178.32000000000002,178.11,eod,0.19000000000002615,0.0010655002243159831,10.655002243159831,0.3499999999999659,0.5428571428572705
2013-12-16,1,585,959,179.67999999999998,179.19,179.67,179.2,eod,-0.4899999999999807,-0.0027272221294594575,-27.272221294594576,0.7799999999999727,-0.6282051282051254
2013-12-17,-1,591,959,178.65,178.64,178.66,178.63,eod,0.010000000000019327,5.597223777017422e-05,0.5597223777017423,0.7599999999999909,0.013157894736867693
2013-12-18,-1,593,842,178.76000000000002,179.12,178.77,179.1,stop,-0.3599999999999852,-0.002013760698103626,-20.13760698103626,0.3299999999999841,-1.0909090909090988
2013-12-19,-1,592,715,181.03000000000003,181.45,181.04000000000002,181.42999999999998,stop,-0.4199999999999591,-0.002319929297392615,-23.19929297392615,0.38999999999995794,-1.0769230769230882
2013-12-20,1,585,959,181.39999999999998,181.54000000000002,181.39,181.55,eod,0.1400000000000432,0.0007718176305201125,7.718176305201125,0.7399999999999807,0.1891891891892525
2013-12-23,1,585,589,182.51999999999998,182.28,182.51,182.3,stop,-0.23999999999998067,-0.0013149964385512063,-13.149964385512064,0.20999999999997954,-1.1428571428571621
2013-12-26,1,585,959,183.49999999999997,183.86,183.48999999999998,183.87,eod,0.36000000000004206,0.001961959779824743,19.61959779824743,0.1799999999999784,2.000000000000474
2013-12-27,-1,630,959,183.97000000000003,183.84,183.98000000000002,183.83,eod,0.13000000000002387,0.0007065985433200557,7.065985433200558,0.20999999999997954,0.619047619047793
2013-12-30,-1,588,959,183.70000000000002,183.82,183.71,183.81,eod,-0.11999999999997613,-0.0006532034184310931,-6.532034184310931,0.3199999999999932,-0.3749999999999334
2013-12-31,-1,589,600,183.97000000000003,184.21,183.98000000000002,184.19,stop,-0.23999999999998067,-0.0013044896184366815,-13.044896184366815,0.20999999999997954,-1.1428571428571621
2014-01-02,-1,603,959,183.27,182.95999999999998,183.28,182.95,eod,0.3100000000000307,0.0016914011348757676,16.914011348757676,0.799999999999983,0.38750000000004664
2014-01-03,1,602,677,183.54999999999998,183.07,183.54,183.09,stop,-0.47999999999998977,-0.0026152337365151455,-26.152337365151457,0.44999999999998863,-1.0666666666666709
2014-01-06,-1,585,959,182.78000000000003,182.41,182.79000000000002,182.4,eod,0.37000000000003297,0.002024180753870742,20.24180753870742,0.7799999999999727,0.47435897435903324
2014-01-07,1,585,959,183.35,183.43,183.34,183.44,eod,0.0800000000000125,0.0004363477691720983,4.363477691720983,0.4000000000000057,0.20000000000002843
2014-01-08,-1,588,620,183.16000000000003,183.61,183.17000000000002,183.59,stop,-0.44999999999998863,-0.0024567341813615143,-24.567341813615144,0.4199999999999875,-1.0714285714285763
2014-01-09,-1,608,959,183.75000000000003,183.64,183.76000000000002,183.63,eod,0.11000000000004206,0.0005986068785374513,5.986068785374513,0.38999999999995794,0.2820512820514203
2014-01-10,-1,586,959,183.73000000000002,184.07999999999998,183.74,184.07,eod,-0.3499999999999659,-0.0019048655709152382,-19.04865570915238,0.4899999999999807,-0.7142857142856729
2014-01-13,1,607,745,184.01999999999998,183.58,184.01,183.60000000000002,stop,-0.4399999999999693,-0.0023911743926958826,-23.911743926958827,0.40999999999996817,-1.0731707317073256
2014-01-14,-1,587,608,182.09000000000003,182.59,182.10000000000002,182.57,stop,-0.4999999999999716,-0.0027457440966500357,-27.457440966500357,0.46999999999997044,-1.063829787234049
2014-01-15,1,600,959,184.33999999999997,184.66,184.32999999999998,184.67,eod,0.3200000000000216,0.0017360169261651473,17.360169261651475,0.3299999999999841,0.969696969697082
2014-01-16,1,595,650,184.45,184.0,184.44,184.02,stop,-0.44999999999998863,-0.0024398178269355274,-24.398178269355274,0.4199999999999875,-1.0714285714285763
2014-01-17,-1,587,663,184.07000000000002,184.33,184.08,184.31,stop,-0.2599999999999909,-0.001412429378531024,-14.12429378531024,0.22999999999998977,-1.1304347826087064
2014-01-21,-1,603,959,184.48000000000002,184.2,184.49,184.19,eod,0.28000000000002956,0.0015176974361755626,15.176974361755626,0.28999999999999204,0.9655172413794387
2014-01-22,-1,590,939,184.22000000000003,184.55,184.23000000000002,184.53,stop,-0.3299999999999841,-0.0017912392118546601,-17.912392118546602,0.29999999999998295,-1.1000000000000094
2014-01-23,-1,605,959,182.71,182.79,182.72,182.78,eod,-0.07999999999998408,-0.00043782837127837173,-4.378283712783717,0.6899999999999977,-0.11594202898548456
2014-01-24,-1,585,959,181.02,178.89999999999998,181.03,178.89,eod,2.120000000000033,0.011710766171352997,117.10766171352996,0.6399999999999864,3.312500000000122
2014-01-27,1,585,614,179.46999999999997,178.85,179.45999999999998,178.87,stop,-0.6199999999999761,-0.0034548088710574846,-34.548088710574845,0.589999999999975,-1.0508474576271227
2014-01-28,1,585,959,178.76999999999998,179.06,178.76,179.07,eod,0.29000000000002046,0.0016222868650706001,16.222868650706,0.6499999999999773,0.44615384615389325
2014-01-29,1,601,849,178.23,177.24,178.22,177.26000000000002,stop,-0.9899999999999807,-0.005554932106385258,-55.549321063852574,0.9599999999999795,-1.0312500000000018
2014-01-30,-1,585,680,178.57000000000002,179.02,178.58,179.0,stop,-0.44999999999998863,-0.0025198790458057373,-25.198790458057374,0.4199999999999875,-1.0714285714285763
2014-01-31,1,585,959,177.45,178.09,177.44,178.1,eod,0.6400000000000148,0.0036068530207394884,36.068530207394886,0.5300000000000011,1.207547169811346
2014-02-03,-1,585,959,177.84000000000003,174.17999999999998,177.85000000000002,174.17,eod,3.6600000000000534,0.020579139724487223,205.79139724487223,0.5299999999999727,6.905660377358947
2014-02-04,-1,587,596,174.33,175.16,174.34,175.14,stop,-0.8299999999999841,-0.004760812206034095,-47.608122060340946,0.799999999999983,-1.0375000000000023
2014-02-05,-1,587,602,174.67000000000002,175.22,174.68,175.2,stop,-0.549999999999983,-0.0031486146095716905,-31.486146095716904,0.5199999999999818,-1.057692307692312
2014-02-06,1,590,707,176.27999999999997,175.55,176.26999999999998,175.57000000000002,stop,-0.7299999999999613,-0.004141374028478819,-41.41374028478819,0.6999999999999602,-1.042857142857147
2014-02-07,-1,614,710,178.04000000000002,178.9,178.05,178.88,stop,-0.8599999999999852,-0.004830103903397839,-48.30103903397839,0.8299999999999841,-1.036144578313255
2014-02-10,1,585,646,179.79999999999998,179.31,179.79,179.33,stop,-0.4899999999999807,-0.0027254018577227914,-27.254018577227914,0.45999999999997954,-1.0652173913043532
2014-02-11,1,585,959,180.55999999999997,181.94,180.54999999999998,181.95,eod,1.3800000000000239,0.007643312101910961,76.4331210191096,0.4999999999999716,2.7600000000002045
2014-02-12,1,585,622,182.60999999999999,182.18,182.6,182.20000000000002,stop,-0.4299999999999784,-0.0023548740416209114,-23.548740416209114,0.39999999999997726,-1.075000000000007
2014-02-13,1,586,959,181.38,183.04000000000002,181.37,183.05,eod,1.660000000000025,0.009152561063020483,91.52561063020482,0.549999999999983,3.018181818181957
2014-02-14,1,610,959,183.24999999999997,184.0,183.23999999999998,184.01,eod,0.7500000000000284,0.004092992796332834,40.92992796332834,0.5799999999999841,1.2931034482759465
2014-02-18,1,586,595,184.42,184.0399,184.41,184.0599,stop,-0.38009999999999877,-0.002061168049455012,-20.61168049455012,0.35009999999999764,-1.0856898029134572
2014-02-19,1,588,742,184.29,183.60999999999999,184.28,183.63,stop,-0.6800000000000068,-0.003690036900369041,-36.90036900369041,0.6500000000000057,-1.0461538461538475
2014-02-20,-1,593,633,183.04000000000002,183.67,183.05,183.64999999999998,stop,-0.629999999999967,-0.003441682600382229,-34.41682600382229,0.5999999999999659,-1.0500000000000047
2014-02-21,1,589,863,184.51,184.13,184.5,184.15,stop,-0.37999999999999545,-0.0020596205962059373,-20.596205962059372,0.3499999999999943,-1.0857142857142903
2014-02-24,1,585,959,184.88,184.98000000000002,184.87,184.99,eod,0.10000000000002274,0.0005409206469412167,5.409206469412167,0.6800000000000068,0.14705882352944372
2014-02-25,-1,594,674,184.53000000000003,185.29,184.54000000000002,185.26999999999998,stop,-0.7599999999999625,-0.004118348325566069,-41.18348325566069,0.7299999999999613,-1.0410958904109626
2014-02-26,-1,585,625,184.93,185.39000000000001,184.94,185.37,stop,-0.46000000000000796,-0.0024872931761652857,-24.872931761652858,0.4300000000000068,-1.0697674418604666
2014-02-27,-1,592,635,184.55,185.08,184.56,185.06,stop,-0.5300000000000011,-0.002871694841785875,-28.716948417858752,0.5,-1.0600000000000023
2014-02-28,1,595,902,186.45999999999998,185.71,186.45,185.73000000000002,stop,-0.7499999999999716,-0.004022526146419799,-40.22526146419799,0.7199999999999704,-1.0416666666666698
2014-03-03,1,600,671,185.42999999999998,184.38,185.42,184.4,stop,-1.049999999999983,-0.00566281954481708,-56.6281954481708,1.0199999999999818,-1.029411764705884
2014-03-04,1,590,959,187.1,187.68,187.09,187.69,eod,0.5800000000000125,0.0031001122454434363,31.001122454434363,0.3499999999999943,1.6571428571429199
2014-03-05,1,593,959,187.89999999999998,187.72,187.89,187.73,eod,-0.1799999999999784,-0.0009580073447228613,-9.580073447228614,0.44999999999998863,-0.3999999999999621
2014-03-06,1,586,617,188.48999999999998,188.12,188.48,188.14000000000001,stop,-0.3699999999999761,-0.001963073005093252,-19.63073005093252,0.339999999999975,-1.088235294117657
2014-03-07,-1,588,959,188.33,188.22,188.34,188.21,eod,0.11000000000001364,0.0005840501221196434,5.840501221196434,0.6299999999999955,0.17460317460319752
2014-03-10,1,588,611,188.08999999999997,187.67,188.07999999999998,187.69,stop,-0.4199999999999875,-0.0022330923011483813,-22.33092301148381,0.38999999999998636,-1.0769230769230824
2014-03-11,-1,585,650,188.00000000000003,188.51,188.01000000000002,188.48999999999998,stop,-0.5099999999999625,-0.0027126216690599564,-27.126216690599563,0.47999999999996135,-1.0625000000000073
2014-03-12,-1,585,605,186.05900000000003,186.65,186.06900000000002,186.63,stop,-0.5909999999999798,-0.00317624107186033,-31.7624107186033,0.5609999999999786,-1.053475935828881
2014-03-13,-1,594,959,187.56000000000003,185.2,187.57000000000002,185.19,eod,2.360000000000042,0.012581969398091601,125.81969398091601,0.4299999999999784,5.48837209302363
2014-03-14,1,585,671,185.57999999999998,184.76,185.57,184.78,stop,-0.8199999999999932,-0.004418817696825959,-44.18817696825959,0.789999999999992,-1.0379746835443056
2014-03-17,1,590,959,186.51999999999998,186.33,186.51,186.34,eod,-0.1899999999999693,-0.0010187121333975085,-10.187121333975085,1.009999999999991,-0.18811881188115942
2014-03-18,1,588,959,186.96999999999997,187.68,186.95999999999998,187.69,eod,0.7100000000000364,0.0037976037655115345,37.97603765511534,0.45999999999997954,1.543478260869713
2014-03-19,1,595,841,187.76999999999998,187.41,187.76,187.43,stop,-0.3599999999999852,-0.0019173412867489626,-19.173412867489628,0.3299999999999841,-1.0909090909090988
2014-03-20,-1,586,605,186.19000000000003,186.58,186.20000000000002,186.56,stop,-0.38999999999998636,-0.002094522019333976,-20.94522019333976,0.3599999999999852,-1.08333333333334
2014-03-21,-1,601,959,187.65,186.22,187.66,186.21,eod,1.4300000000000068,0.007620164126611994,76.20164126611994,0.5199999999999818,2.7500000000001092
2014-03-24,-1,585,959,186.3,185.42,186.31,185.41,eod,0.8800000000000239,0.004723310611346809,47.23310611346809,0.7699999999999818,1.142857142857201
2014-03-25,1,601,625,186.77999999999997,186.33,186.76999999999998,186.35000000000002,stop,-0.4499999999999602,-0.002409380521496816,-24.093805214968157,0.4199999999999591,-1.0714285714285812
2014-03-26,-1,588,959,186.83,184.97,186.84,184.96,eod,1.8600000000000136,0.009955041746949334,99.55041746949334,0.5099999999999909,3.6470588235295036
2014-03-27,-1,585,608,183.92000000000002,184.97,183.93,184.95,stop,-1.049999999999983,-0.005708693524710395,-57.08693524710395,1.0199999999999818,-1.029411764705884
2014-03-28,1,585,859,185.92999999999998,185.02,185.92,185.04000000000002,stop,-0.9099999999999682,-0.004894578313252841,-48.94578313252841,0.879999999999967,-1.0340909090909116
2014-03-31,1,591,683,186.95,186.57,186.94,186.59,stop,-0.37999999999999545,-0.002032737776826765,-20.32737776826765,0.3499999999999943,-1.0857142857142903
2014-04-01,1,587,720,187.89,187.5,187.88,187.52,stop,-0.38999999999998636,-0.002075793059399544,-20.757930593995443,0.3599999999999852,-1.08333333333334
2014-04-02,1,588,959,188.54,188.87,188.53,188.88,eod,0.3300000000000125,0.0017503845541824246,17.503845541824244,0.4000000000000057,0.8250000000000195
2014-04-03,-1,590,959,188.95000000000002,188.64,188.96,188.63,eod,0.3100000000000307,0.0016405588484336934,16.405588484336935,0.2699999999999818,1.148148148148339
2014-04-04,-1,585,959,188.88000000000002,186.39999999999998,188.89000000000001,186.39,eod,2.4800000000000466,0.01312933453332652,131.2933453332652,0.8199999999999648,3.024390243902626
2014-04-07,-1,585,611,185.26000000000002,186.08,185.27,186.06,stop,-0.8199999999999932,-0.0044259729044097435,-44.25972904409743,0.789999999999992,-1.0379746835443056
2014-04-08,-1,621,664,184.04000000000002,184.79,184.05,184.76999999999998,stop,-0.7499999999999716,-0.00407497962510172,-40.749796251017194,0.7199999999999704,-1.0416666666666698
2014-04-09,-1,587,632,185.29000000000002,185.73,185.3,185.70999999999998,stop,-0.4399999999999693,-0.0023745277927683175,-23.745277927683176,0.40999999999996817,-1.0731707317073256
2014-04-10,-1,594,959,186.65,183.16,186.66,183.15,eod,3.490000000000009,0.018697096324868795,186.97096324868795,0.5199999999999818,6.711538461538714
2014-04-11,1,585,619,182.63,181.83,182.62,181.85000000000002,stop,-0.799999999999983,-0.004380681195925873,-43.80681195925873,0.7699999999999818,-1.0389610389610413
2014-04-14,-1,585,651,182.50000000000003,183.06,182.51000000000002,183.04,stop,-0.5599999999999739,-0.0030683250232862516,-30.683250232862516,0.5299999999999727,-1.0566037735849108
2014-04-15,1,585,620,184.01999999999998,183.12,184.01,183.14000000000001,stop,-0.8999999999999773,-0.004891038530514522,-48.910385305145226,0.8699999999999761,-1.034482758620692
2014-04-16,-1,589,727,185.10000000000002,185.69,185.11,185.67,stop,-0.589999999999975,-0.003187294041380665,-31.872940413806653,0.5599999999999739,-1.053571428571433
2014-04-17,-1,593,629,185.72000000000003,186.21,185.73000000000002,186.19,stop,-0.4899999999999807,-0.002638238302912726,-26.382383029127258,0.45999999999997954,-1.0652173913043532
2014-04-21,1,592,636,186.82999999999998,186.31,186.82,186.33,stop,-0.5199999999999818,-0.0027834278985118394,-27.834278985118395,0.4899999999999807,-1.061224489795923
2014-04-22,1,591,959,187.40999999999997,187.85000000000002,187.39999999999998,187.86,eod,0.44000000000005457,0.002347918890074998,23.479188900749982,0.2799999999999727,1.5714285714289193
2014-04-23,-1,585,959,187.58,187.47,187.59,187.46,eod,0.11000000000001364,0.0005863852017698899,5.863852017698899,0.339999999999975,0.3235294117647698
2014-04-24,-1,585,959,187.56000000000003,187.82999999999998,187.57000000000002,187.82,eod,-0.2699999999999534,-0.00143946260062885,-14.3946260062885,0.8299999999999557,-0.32530120481923835
2014-04-25,-1,587,959,186.93,186.32,186.94,186.31,eod,0.6100000000000136,0.0032630790628009718,32.63079062800972,0.4000000000000057,1.5250000000000123
2014-04-28,-1,588,613,186.53000000000003,187.26,186.54000000000002,187.23999999999998,stop,-0.7299999999999613,-0.003913369786640727,-39.133697866407275,0.6999999999999602,-1.042857142857147
2014-04-29,1,592,615,187.85,187.32,187.84,187.34,stop,-0.5300000000000011,-0.002821550255536633,-28.21550255536633,0.5,-1.0600000000000023
2014-04-30,1,586,594,187.64999999999998,187.29,187.64,187.31,stop,-0.3599999999999852,-0.001918567469622603,-19.18567469622603,0.3299999999999841,-1.0909090909090988
2014-05-01,1,585,601,188.51,187.97,188.5,187.99,stop,-0.539999999999992,-0.0028647214854110982,-28.64721485411098,0.5099999999999909,-1.058823529411768
2014-05-02,1,585,649,188.83999999999997,188.06,188.82999999999998,188.08,stop,-0.7799999999999727,-0.004130699571042592,-41.30699571042592,0.7499999999999716,-1.040000000000003
2014-05-05,1,594,959,187.23,188.43,187.22,188.44,eod,1.200000000000017,0.0064095716269630225,64.09571626963023,0.6099999999999852,1.967213114754174
2014-05-06,1,630,660,188.04999999999998,187.48,188.04,187.5,stop,-0.5699999999999932,-0.0030312699425653756,-30.312699425653758,0.539999999999992,-1.0555555555555585
2014-05-07,-1,592,705,187.15,187.72,187.16,187.7,stop,-0.5699999999999932,-0.0030455225475528595,-30.455225475528596,0.539999999999992,-1.0555555555555585
2014-05-08,1,588,887,188.42,187.51,188.41,187.53,stop,-0.9099999999999966,-0.0048298922562496505,-48.29892256249651,0.8799999999999955,-1.0340909090909105
2014-05-09,-1,585,758,186.85000000000002,187.77,186.86,187.75,stop,-0.9199999999999875,-0.004923472118163264,-49.234721181632636,0.8899999999999864,-1.0337078651685412
2014-05-12,1,585,959,189.20999999999998,189.77,189.2,189.78,eod,0.5600000000000307,0.0029598308668077732,29.59830866807773,0.45999999999997954,1.217391304347947
2014-05-13,1,586,705,190.2,189.81,190.19,189.83,stop,-0.38999999999998636,-0.0020505809979493475,-20.505809979493474,0.3599999999999852,-1.08333333333334
2014-05-14,-1,588,959,189.47000000000003,189.06,189.48000000000002,189.05,eod,0.410000000000025,0.0021638167616636317,21.638167616636316,0.40999999999996817,1.0000000000001386
2014-05-15,-1,585,959,188.11,187.39,188.12,187.38,eod,0.7200000000000273,0.0038273442483522605,38.27344248352261,0.6099999999999852,1.1803278688525323
2014-05-16,-1,605,694,186.91000000000003,187.56,186.92000000000002,187.54,stop,-0.6499999999999773,-0.003477423496682951,-34.77423496682951,0.6199999999999761,-1.0483870967741973
2014-05-19,1,585,959,188.35,188.73000000000002,188.34,188.74,eod,0.3800000000000239,0.0020176276945950084,20.176276945950082,0.8299999999999841,0.4578313253012424
2014-05-20,-1,588,959,188.20000000000002,187.54,188.21,187.53,eod,0.660000000000025,0.0035067212156634875,35.067212156634874,0.46999999999997044,1.4042553191490776
2014-05-21,1,586,959,188.688,189.11,188.678,189.12,eod,0.42200000000002547,0.002236614761657562,22.36614761657562,0.6279999999999859,0.6719745222930492
2014-05-22,1,585,959,189.29,189.585,189.28,189.595,eod,0.2950000000000159,0.001558537616230008,15.585376162300081,0.4299999999999784,0.6860465116279785
2014-05-23,1,600,959,189.93999999999997,190.36,189.92999999999998,190.37,eod,0.42000000000004434,0.0022113410203761616,22.113410203761617,0.2599999999999625,1.615384615385019
2014-05-27,1,585,959,191.24999999999997,191.53,191.23999999999998,191.54,eod,0.28000000000002956,0.0014641288433383684,14.641288433383684,0.29999999999998295,0.9333333333334849
2014-05-28,1,591,600,191.67,191.31,191.66,191.33,stop,-0.3599999999999852,-0.0018783262026504498,-18.7832620265045,0.3299999999999841,-1.0909090909090988
2014-05-29,-1,590,863,191.69000000000003,191.99,191.70000000000002,191.97,stop,-0.29999999999998295,-0.0015649452269169688,-15.649452269169688,0.2699999999999818,-1.1111111111111227
2014-05-30,1,602,959,192.32,192.64000000000001,192.31,192.65,eod,0.3200000000000216,0.0016639800322397254,16.639800322397253,0.28999999999999204,1.1034482758621738
2014-06-02,-1,587,946,192.64000000000001,193.01,192.65,192.98999999999998,stop,-0.3699999999999761,-0.0019205813651698735,-19.205813651698733,0.339999999999975,-1.088235294117657
2014-06-03,1,592,701,192.58999999999997,192.25,192.57999999999998,192.27,stop,-0.339999999999975,-0.0017655000519263425,-17.655000519263425,0.30999999999997385,-1.096774193548399
2014-06-04,1,589,959,192.58999999999997,193.16,192.57999999999998,193.17,eod,0.5700000000000216,0.0029598089105827272,29.598089105827274,0.32499999999998863,1.7538461538462817
2014-06-05,-1,596,666,193.10000000000002,193.58950000000002,193.11,193.5695,stop,-0.4894999999999925,-0.002534824711304399,-25.34824711304399,0.45949999999999136,-1.065288356909688
2014-06-06,1,599,959,195.11999999999998,195.37,195.10999999999999,195.38,eod,0.2500000000000284,0.0012813284813696297,12.813284813696297,0.339999999999975,0.7352941176471965
2014-06-09,1,587,851,195.61999999999998,195.26,195.60999999999999,195.28,stop,-0.3599999999999852,-0.0018403967077347029,-18.40396707734703,0.3299999999999841,-1.0909090909090988
2014-06-10,1,594,602,195.48,195.14,195.47,195.16,stop,-0.3400000000000034,-0.0017393973499769961,-17.39397349976996,0.3100000000000023,-1.0967741935483901
2014-06-11,1,592,631,195.1,194.77,195.09,194.79000000000002,stop,-0.3299999999999841,-0.0016915269875441288,-16.915269875441286,0.29999999999998295,-1.1000000000000094
2014-06-12,-1,615,959,194.39000000000001,193.54,194.4,193.53,eod,0.8500000000000227,0.004372427983539212,43.72427983539212,0.4099999999999966,2.07317073170739
2014-06-13,-1,589,624,193.58,193.97,193.59,193.95,stop,-0.38999999999998636,-0.002014566868123283,-20.14566868123283,0.3599999999999852,-1.08333333333334
2014-06-16,1,585,694,194.38,193.7,194.37,193.72,stop,-0.6800000000000068,-0.003498482276071445,-34.98482276071445,0.6500000000000057,-1.0461538461538475
2014-06-17,1,585,959,194.23,194.81,194.22,194.82,eod,0.5800000000000125,0.0029863041911235328,29.863041911235328,0.4199999999999875,1.3809523809524518
2014-06-18,1,596,657,195.04,194.65,195.03,194.67000000000002,stop,-0.38999999999998636,-0.0019996923550222342,-19.99692355022234,0.3599999999999852,-1.08333333333334
2014-06-19,-1,596,959,196.3,196.5,196.31,196.49,eod,-0.19999999999998863,-0.001018796800977987,-10.18796800977987,0.29999999999998295,-0.6666666666666666
2014-06-20,-1,626,664,195.75000000000003,196.07,195.76000000000002,196.04999999999998,stop,-0.31999999999996476,-0.001634654679198839,-16.34654679198839,0.2899999999999636,-1.1034482758620858
2014-06-23,-1,586,600,195.61,196.03,195.62,196.01,stop,-0.4199999999999875,-0.0021470197321336645,-21.470197321336645,0.38999999999998636,-1.0769230769230824
2014-06-24,1,585,867,195.76999999999998,195.49,195.76,195.51000000000002,stop,-0.2799999999999727,-0.0014303228442990024,-14.303228442990024,0.24999999999997158,-1.120000000000018
2014-06-25,1,585,959,194.90999999999997,195.55,194.89999999999998,195.56,eod,0.6400000000000432,0.0032837352488457837,32.83735248845784,0.6599999999999682,0.969696969697082
2014-06-26,-1,585,959,194.75000000000003,195.45,194.76000000000002,195.44,eod,-0.6999999999999602,-0.0035941671801189164,-35.941671801189166,0.879999999999967,-0.7954545454545301
2014-06-27,1,586,797,195.35999999999999,194.95,195.35,194.97,stop,-0.4099999999999966,-0.0020987970309700363,-20.987970309700362,0.37999999999999545,-1.0789473684210567
2014-06-30,1,588,945,195.83999999999997,195.52,195.82999999999998,195.54000000000002,stop,-0.31999999999996476,-0.0016340703671550059,-16.34070367155006,0.2899999999999636,-1.1034482758620858
2014-07-01,1,590,959,196.48,197.05,196.47,197.06,eod,0.5700000000000216,0.0029012062910369093,29.012062910369092,0.3499999999999943,1.6285714285715167
2014-07-02,1,642,959,197.35,197.23000000000002,197.34,197.24,eod,-0.11999999999997613,-0.0006080875646091828,-6.080875646091828,0.38999999999998636,-0.30769230769225725
2014-07-07,1,611,656,197.88,197.51,197.87,197.53,stop,-0.37000000000000455,-0.0018699145903876512,-18.699145903876513,0.3400000000000034,-1.0882352941176494
2014-07-08,-1,588,959,196.64000000000001,196.28,196.65,196.27,eod,0.36000000000001364,0.00183066361556071,18.3066361556071,0.5799999999999841,0.6206896551724543
2014-07-09,-1,590,859,196.60000000000002,197.03,196.61,197.01,stop,-0.4299999999999784,-0.0021870708509230375,-21.870708509230376,0.39999999999997726,-1.075000000000007
2014-07-10,1,605,959,195.61999999999998,196.32500000000002,195.60999999999999,196.335,eod,0.7050000000000409,0.0036041102193141504,36.041102193141505,0.5599999999999739,1.2589285714287033
2014-07-11,-1,587,849,195.83,196.5,195.84,196.48,stop,-0.6699999999999875,-0.0034211601307188905,-34.21160130718891,0.6399999999999864,-1.0468750000000029
2014-07-14,1,586,959,197.71999999999997,197.58,197.70999999999998,197.59,eod,-0.13999999999995794,-0.0007081078347071871,-7.081078347071871,0.2799999999999727,-0.49999999999989847
2014-07-15,1,586,594,198.08999999999997,197.68,198.07999999999998,197.70000000000002,stop,-0.40999999999996817,-0.0020698707592890155,-20.698707592890155,0.37999999999996703,-1.0789473684210624
2014-07-16,-1,591,959,197.82000000000002,197.98,197.83,197.97,eod,-0.15999999999996817,-0.0008087752110396206,-8.087752110396206,0.4399999999999693,-0.3636363636363167
2014-07-17,1,594,674,197.76999999999998,197.27,197.76,197.29000000000002,stop,-0.4999999999999716,-0.002528317152103416,-25.283171521034163,0.46999999999997044,-1.063829787234049
2014-07-18,1,630,959,196.64,197.71,196.63,197.72,eod,1.0700000000000216,0.0054416925189443195,54.4169251894432,0.39999999999997726,2.675000000000206
2014-07-21,1,592,611,197.21999999999997,196.81,197.20999999999998,196.83,stop,-0.40999999999996817,-0.002079002079001918,-20.790020790019177,0.37999999999996703,-1.0789473684210624
2014-07-22,-1,585,602,197.86,198.26,197.87,198.23999999999998,stop,-0.39999999999997726,-0.002021529286905429,-20.215292869054288,0.3699999999999761,-1.0810810810810894
2014-07-23,-1,585,630,198.15,198.64000000000001,198.16,198.62,stop,-0.4900000000000091,-0.0024727492935002478,-24.727492935002477,0.46000000000000796,-1.0652173913043492
2014-07-24,1,587,597,198.92999999999998,198.63,198.92,198.65,stop,-0.29999999999998295,-0.0015081439774782977,-15.081439774782977,0.2699999999999818,-1.1111111111111227
2014-07-25,1,594,660,198.18999999999997,197.72,198.17999999999998,197.74,stop,-0.46999999999997044,-0.0023715813906548112,-23.715813906548114,0.4399999999999693,-1.0681818181818254
2014-07-28,-1,585,813,197.31000000000003,197.83,197.32000000000002,197.81,stop,-0.5199999999999818,-0.0026353131968375318,-26.35313196837532,0.4899999999999807,-1.061224489795923
2014-07-29,1,594,667,198.23,197.8,198.22,197.82000000000002,stop,-0.4299999999999784,-0.002169306830793958,-21.69306830793958,0.39999999999997726,-1.075000000000007
2014-07-30,-1,585,959,197.56000000000003,197.0,197.57000000000002,196.99,eod,0.5600000000000307,0.0028344384268868283,28.344384268868282,0.3499999999999659,1.6000000000002437
2014-07-31,1,589,600,195.67999999999998,195.19,195.67,195.21,stop,-0.4899999999999807,-0.002504216282516383,-25.04216282516383,0.45999999999997954,-1.0652173913043532
2014-08-01,1,596,669,193.35999999999999,192.43,193.35,192.45000000000002,stop,-0.9299999999999784,-0.004809930178432782,-48.09930178432782,0.8999999999999773,-1.0333333333333354
2014-08-04,1,593,618,192.98,192.6,192.97,192.62,stop,-0.37999999999999545,-0.001969218013162644,-19.69218013162644,0.3499999999999943,-1.0857142857142903
2014-08-05,-1,590,631,192.88000000000002,193.44,192.89000000000001,193.42,stop,-0.5599999999999739,-0.002903209082896852,-29.03209082896852,0.5299999999999727,-1.0566037735849108
2014-08-06,1,585,959,191.83999999999997,192.04000000000002,191.82999999999998,192.05,eod,0.20000000000004547,0.0010425897930461633,10.425897930461632,0.7599999999999625,0.2631578947369149
2014-08-07,-1,587,959,192.54000000000002,191.01999999999998,192.55,191.01,eod,1.5200000000000387,0.007894053492599525,78.94053492599525,0.589999999999975,2.5762711864408527
2014-08-08,-1,585,605,190.99,191.64000000000001,191.0,191.62,stop,-0.6500000000000057,-0.0034031413612565743,-34.03141361256574,0.6200000000000045,-1.048387096774195
2014-08-11,1,594,841,194.05999999999997,193.75,194.04999999999998,193.77,stop,-0.30999999999997385,-0.0015975264107187523,-15.975264107187524,0.2799999999999727,-1.1071428571428716
2014-08-12,1,588,661,194.05999999999997,193.38,194.04999999999998,193.4,stop,-0.6799999999999784,-0.003504251481576802,-35.04251481576802,0.6499999999999773,-1.0461538461538495
2014-08-13,-1,586,662,194.22000000000003,194.57,194.23000000000002,194.54999999999998,stop,-0.3499999999999659,-0.0018019873346031296,-18.019873346031297,0.31999999999996476,-1.093750000000014
2014-08-14,-1,606,625,195.04000000000002,195.36,195.05,195.34,stop,-0.3199999999999932,-0.0016406049730837897,-16.406049730837896,0.28999999999999204,-1.1034482758620758
2014-08-15,1,602,642,196.51999999999998,196.17,196.51,196.19,stop,-0.3499999999999943,-0.001781079843264945,-17.81079843264945,0.3199999999999932,-1.0937500000000056
2014-08-18,1,593,959,196.92,197.35000000000002,196.91,197.36,eod,0.43000000000003524,0.0021837387639024692,21.83738763902469,0.22999999999998977,1.8695652173915407
2014-08-19,-1,586,591,197.67000000000002,197.95,197.68,197.92999999999998,stop,-0.2799999999999727,-0.0014164305949007118,-14.164305949007119,0.24999999999997158,-1.120000000000018
2014-08-20,1,590,959,198.355,198.9,198.345,198.91,eod,0.5450000000000159,0.002747737528044649,27.477375280446488,0.27499999999997726,1.9818181818184035
2014-08-21,1,585,614,199.23,198.92,199.22,198.94,stop,-0.3100000000000023,-0.0015560686678044488,-15.560686678044487,0.28000000000000114,-1.1071428571428608
2014-08-22,-1,585,607,199.03000000000003,199.49,199.04000000000002,199.47,stop,-0.45999999999997954,-0.0023110932475883215,-23.110932475883214,0.4299999999999784,-1.0697674418604712
2014-08-25,1,590,784,200.17999999999998,199.88,200.17,199.9,stop,-0.29999999999998295,-0.0014987260828295097,-14.987260828295097,0.2699999999999818,-1.1111111111111227
2014-08-26,1,590,959,200.57,200.33,200.56,200.34,eod,-0.23999999999998067,-0.0011966493817310564,-11.966493817310564,0.28999999999999204,-0.8275862068965077
2014-08-27,-1,586,959,200.29000000000002,200.28,200.3,200.27,eod,0.010000000000019327,4.992511233159923e-05,0.4992511233159923,0.2799999999999727,0.03571428571435822
2014-08-28,-1,585,593,199.39000000000001,199.74,199.4,199.72,stop,-0.3499999999999943,-0.001755265797392148,-17.55265797392148,0.3199999999999932,-1.0937500000000056
2014-08-29,-1,586,694,200.28000000000003,200.58,200.29000000000002,200.56,stop,-0.29999999999998295,-0.0014978281491835983,-14.978281491835983,0.2699999999999818,-1.1111111111111227
2014-09-02,-1,585,959,200.525,200.6,200.535,200.59,eod,-0.07499999999998863,-0.00037399955120048187,-3.739995512004819,0.46999999999999886,-0.15957446808508258
2014-09-03,-1,594,959,201.08,200.51999999999998,201.09,200.51,eod,0.5600000000000307,0.0027848227161968806,27.848227161968808,0.3299999999999841,1.6969696969698718
2014-09-04,1,585,868,201.23,200.67,201.22,200.69,stop,-0.5600000000000023,-0.0027830235563065416,-27.830235563065415,0.5300000000000011,-1.0566037735849076
2014-09-05,-1,632,714,199.54000000000002,200.33,199.55,200.31,stop,-0.789999999999992,-0.0039589075419693915,-39.58907541969391,0.7599999999999909,-1.0394736842105283
2014-09-08,1,594,618,201.14,200.83,201.13,200.85000000000002,stop,-0.30999999999997385,-0.0015412917018842235,-15.412917018842235,0.2799999999999727,-1.1071428571428716
2014-09-09,-1,593,828,199.83,200.45,199.84,200.42999999999998,stop,-0.6199999999999761,-0.003102481985588351,-31.02481985588351,0.589999999999975,-1.0508474576271227
2014-09-10,-1,591,738,199.01000000000002,199.62,199.02,199.6,stop,-0.6099999999999852,-0.003065018591096298,-30.65018591096298,0.5799999999999841,-1.0517241379310378
2014-09-11,1,591,638,199.71999999999997,199.17,199.70999999999998,199.19,stop,-0.549999999999983,-0.0027539932902708075,-27.539932902708074,0.5199999999999818,-1.057692307692312
2014-09-12,-1,587,959,199.60000000000002,199.13989999999998,199.61,199.1299,eod,0.4601000000000397,0.0023049947397426967,23.049947397426966,0.5199999999999818,0.8848076923077997
2014-09-15,-1,585,875,198.68,199.22,198.69,199.2,stop,-0.539999999999992,-0.0027178016004831248,-27.178016004831246,0.5099999999999909,-1.058823529411768
2014-09-16,1,585,959,198.90999999999997,200.48000000000002,198.89999999999998,200.49,eod,1.57000000000005,0.00789341377576697,78.9341377576697,0.40999999999996817,3.8292682926833463
2014-09-17,1,586,638,200.96999999999997,200.63,200.95999999999998,200.65,stop,-0.339999999999975,-0.0016918789808915956,-16.918789808915957,0.30999999999997385,-1.096774193548399
2014-09-18,1,593,959,201.42,201.76000000000002,201.41,201.77,eod,0.34000000000003183,0.0016880989027358714,16.880989027358712,0.3199999999999932,1.0625000000001221
2014-09-19,-1,618,959,201.28000000000003,200.73999999999998,201.29000000000002,200.73,eod,0.5400000000000489,0.0026826966068858307,26.826966068858308,0.4499999999999602,1.2000000000002147
2014-09-22,-1,601,959,199.81000000000003,199.14999999999998,199.82000000000002,199.14,eod,0.6600000000000534,0.0033029726754081343,33.029726754081345,0.5699999999999648,1.1578947368422705
2014-09-23,1,585,795,198.79999999999998,198.26,198.79,198.28,stop,-0.539999999999992,-0.0027164344282911215,-27.164344282911216,0.5099999999999909,-1.058823529411768
2014-09-24,-1,585,668,197.9,198.38,197.91,198.35999999999999,stop,-0.47999999999998977,-0.002425344853721337,-24.25344853721337,0.44999999999998863,-1.0666666666666709
2014-09-25,-1,587,959,198.48000000000002,196.32999999999998,198.49,196.32,eod,2.150000000000034,0.010831779938536118,108.31779938536118,0.5699999999999932,3.7719298245615085
2014-09-26,-1,585,601,196.42000000000002,196.98,196.43,196.95999999999998,stop,-0.5599999999999739,-0.002850888357175451,-28.50888357175451,0.5299999999999727,-1.0566037735849108
2014-09-29,1,585,959,196.60999999999999,197.51000000000002,196.6,197.52,eod,0.9000000000000341,0.004577822990844528,45.778229908445276,0.5599999999999739,1.607142857142993
2014-09-30,-1,589,646,197.14000000000001,197.955,197.15,197.935,stop,-0.8149999999999977,-0.004133908191732172,-41.33908191732172,0.7849999999999966,-1.0382165605095557
2014-10-01,-1,586,959,195.67000000000002,194.35,195.68,194.34,eod,1.3200000000000216,0.006745707277187355,67.45707277187354,1.0999999999999943,1.200000000000026
2014-10-02,1,591,605,194.67,194.13,194.66,194.15,stop,-0.539999999999992,-0.0027740676050549266,-27.740676050549265,0.5099999999999909,-1.058823529411768
2014-10-03,1,586,959,195.92,196.52,195.91,196.53,eod,0.6000000000000227,0.0030626307998571933,30.62630799857193,0.839999999999975,0.7142857142857626
2014-10-06,1,588,602,197.60999999999999,197.2,197.6,197.22,stop,-0.4099999999999966,-0.002074898785425084,-20.74898785425084,0.37999999999999545,-1.0789473684210567
2014-10-07,-1,585,610,194.65,195.41,194.66,195.39,stop,-0.7599999999999909,-0.003904243296003241,-39.04243296003241,0.7299999999999898,-1.041095890410961
2014-10-08,-1,597,825,193.17000000000002,193.95,193.18,193.92999999999998,stop,-0.7799999999999727,-0.0040376850605651346,-40.37685060565135,0.7499999999999716,-1.040000000000003
2014-10-09,-1,590,959,196.02,192.69,196.03,192.68,eod,3.3300000000000125,0.016987195837371894,169.87195837371894,0.5799999999999841,5.741379310345007
2014-10-10,1,585,609,193.52999999999997,192.08,193.51999999999998,192.10000000000002,stop,-1.4499999999999602,-0.007492765605621953,-74.92765605621953,1.419999999999959,-1.0211267605633816
2014-10-13,-1,591,959,190.18,187.39,190.19,187.38,eod,2.7900000000000205,0.014669540985330567,146.69540985330568,0.9699999999999989,2.876288659793839
2014-10-14,-1,595,675,188.08,189.06,188.09,189.04,stop,-0.9799999999999898,-0.00521027167845175,-52.102716784517504,0.9499999999999886,-1.0315789473684227
2014-10-15,1,591,763,185.51999999999998,183.62,185.51,183.64000000000001,stop,-1.8999999999999773,-0.010242035469785873,-102.42035469785874,1.8699999999999761,-1.0160427807486638
2014-10-16,1,590,959,184.78699999999998,186.23000000000002,184.777,186.24,eod,1.4430000000000405,0.007809413509257324,78.09413509257324,1.8969999999999914,0.7606747496046637
2014-10-17,1,604,959,188.54,188.53,188.53,188.54,eod,-0.009999999999990905,-5.304195618729595e-05,-0.5304195618729595,0.9199999999999875,-0.010869565217381567
2014-10-20,1,585,959,189.13,190.31,189.12,190.32,eod,1.1800000000000068,0.006239424703891745,62.39424703891745,1.0600000000000023,1.1132075471698153
2014-10-21,1,585,959,192.02999999999997,194.04000000000002,192.01999999999998,194.05,eod,2.0100000000000477,0.01046765961878996,104.67659618789959,0.549999999999983,3.6545454545456546
2014-10-22,1,590,757,194.49999999999997,193.89,194.48999999999998,193.91,stop,-0.6099999999999852,-0.003136408041544477,-31.364080415444768,0.5799999999999841,-1.0517241379310378
2014-10-23,-1,585,604,194.45000000000002,194.9,194.46,194.88,stop,-0.44999999999998863,-0.0023141005862387567,-23.141005862387566,0.4199999999999875,-1.0714285714285763
2014-10-24,-1,603,699,194.88000000000002,195.85,194.89000000000001,195.82999999999998,stop,-0.9699999999999704,-0.004977166606803686,-49.771666068036865,0.9399999999999693,-1.0319148936170235
2014-10-27,-1,586,642,195.50000000000003,195.87,195.51000000000002,195.85,stop,-0.3699999999999761,-0.0018924863178352825,-18.924863178352826,0.339999999999975,-1.088235294117657
2014-10-28,1,590,959,197.17999999999998,198.36,197.17,198.37,eod,1.1800000000000352,0.005984683268245855,59.846832682458555,0.44999999999998863,2.622222222222367
2014-10-29,1,595,626,198.98999999999998,198.44,198.98,198.46,stop,-0.549999999999983,-0.0027640968941601315,-27.640968941601315,0.5199999999999818,-1.057692307692312
2014-10-30,1,590,600,198.29,197.54,198.28,197.56,stop,-0.75,-0.0037825297559007463,-37.82529755900746,0.7199999999999989,-1.0416666666666683
2014-10-31,-1,585,959,200.9,201.67,200.91,201.66,eod,-0.7699999999999818,-0.003832561843611477,-38.32561843611477,0.9199999999999875,-0.836956521739122
2014-11-03,1,600,616,202.05999999999997,201.60999999999999,202.04999999999998,201.63,stop,-0.44999999999998863,-0.0022271714922048437,-22.27171492204844,0.4199999999999875,-1.0714285714285763
2014-11-04,1,603,627,201.54999999999998,201.04,201.54,201.06,stop,-0.5099999999999909,-0.002530515034236335,-25.305150342363348,0.47999999999998977,-1.0625000000000038
2014-11-05,-1,590,959,201.75000000000003,202.38,201.76000000000002,202.37,eod,-0.629999999999967,-0.0031225218080886546,-31.225218080886545,0.839999999999975,-0.7499999999999831
2014-11-06,-1,595,679,202.21,202.73,202.22,202.70999999999998,stop,-0.5199999999999818,-0.0025714568291958354,-25.714568291958354,0.4899999999999807,-1.061224489795923
2014-11-07,-1,594,655,202.70000000000002,203.3,202.71,203.28,stop,-0.5999999999999943,-0.002959893443835994,-29.59893443835994,0.5699999999999932,-1.052631578947371
2014-11-10,-1,593,642,203.26000000000002,203.56,203.27,203.54,stop,-0.29999999999998295,-0.001475869533133187,-14.75869533133187,0.2699999999999818,-1.1111111111111227
2014-11-11,1,625,959,204.13,204.16,204.12,204.17,eod,0.030000000000001137,0.00014697236919459697,1.4697236919459697,0.47999999999998977,0.0625000000000037
2014-11-12,1,589,959,203.68999999999997,203.97,203.67999999999998,203.98,eod,0.28000000000002956,0.001374705420267231,13.74705420267231,0.37999999999996703,0.7368421052632996
2014-11-13,1,588,675,204.57,204.1,204.56,204.12,stop,-0.46999999999999886,-0.002297614391865462,-22.976143918654618,0.4399999999999977,-1.068181818181821
2014-11-14,-1,588,602,203.97000000000003,204.31,203.98000000000002,204.29,stop,-0.339999999999975,-0.0016668300813804048,-16.66830081380405,0.30999999999997385,-1.096774193548399
2014-11-17,1,585,690,204.08999999999997,203.71,204.07999999999998,203.73000000000002,stop,-0.37999999999996703,-0.0018620148961190075,-18.620148961190075,0.3499999999999659,-1.0857142857142974
2014-11-18,1,590,959,205.05499999999998,205.54000000000002,205.045,205.55,eod,0.48500000000004206,0.0023653344387819363,23.653344387819363,0.6149999999999807,0.788617886178955
2014-11-19,-1,601,842,204.69000000000003,205.35,204.70000000000002,205.32999999999998,stop,-0.6599999999999682,-0.0032242305813383883,-32.24230581338388,0.629999999999967,-1.047619047619052
2014-11-20,1,586,959,204.64999999999998,205.58,204.64,205.59,eod,0.9300000000000352,0.004544566067240204,45.445660672402035,0.46999999999997044,1.9787234042555186
2014-11-21,-1,585,959,207.26000000000002,206.69,207.27,206.68,eod,0.5700000000000216,0.0027500361846867446,27.500361846867445,0.45999999999997954,1.2391304347827108
2014-11-24,-1,586,959,207.04000000000002,207.29,207.05,207.28,eod,-0.24999999999997158,-0.0012074378169522897,-12.074378169522896,0.3499999999999659,-0.7142857142857026
2014-11-25,-1,591,959,207.35000000000002,207.19,207.36,207.18,eod,0.160000000000025,0.0007716049382717255,7.716049382717254,0.4399999999999693,0.36363636363644586
2014-12-01,-1,586,959,206.17000000000002,205.81,206.18,205.8,eod,0.36000000000001364,0.0017460471432729345,17.460471432729346,0.3699999999999761,0.9729729729730726
2014-12-02,1,598,959,206.32999999999998,207.08,206.32,207.09,eod,0.7500000000000284,0.003635129895308397,36.35129895308397,0.539999999999992,1.388888888888962
2014-12-03,1,585,959,207.57,207.9,207.56,207.91,eod,0.3300000000000125,0.001589901715166759,15.899017151667591,0.46999999999999886,0.7021276595744964
2014-12-04,1,585,629,207.73,207.32,207.72,207.34,stop,-0.4099999999999966,-0.001973810899287486,-19.73810899287486,0.37999999999999545,-1.0789473684210567
2014-12-05,-1,585,619,207.65,208.2,207.66,208.17999999999998,stop,-0.549999999999983,-0.0026485601463930608,-26.485601463930607,0.5199999999999818,-1.057692307692312
2014-12-08,1,587,736,207.93999999999997,207.3,207.92999999999998,207.32000000000002,stop,-0.6399999999999579,-0.003077958928485346,-30.779589284853458,0.6099999999999568,-1.0491803278688578
2014-12-09,1,585,632,204.74999999999997,204.07,204.73999999999998,204.09,stop,-0.6799999999999784,-0.003321285532870853,-33.21285532870853,0.6499999999999773,-1.0461538461538495
2014-12-10,-1,585,959,205.48000000000002,203.17999999999998,205.49,203.17,eod,2.30000000000004,0.011192758771716578,111.92758771716578,0.4999999999999716,4.600000000000341
2014-12-11,1,587,951,205.11999999999998,203.85,205.10999999999999,203.87,stop,-1.2699999999999818,-0.006191799522207508,-61.91799522207508,1.2399999999999807,-1.024193548387098
2014-12-12,1,597,658,203.58999999999997,202.41,203.57999999999998,202.43,stop,-1.1799999999999784,-0.005796247175557415,-57.96247175557415,1.1499999999999773,-1.0260869565217405
2014-12-15,-1,596,959,201.93,199.48999999999998,201.94,199.48,eod,2.440000000000026,0.01208279687035766,120.8279687035766,0.5999999999999943,4.066666666666749
2014-12-16,1,586,953,199.04999999999998,198.15,199.04,198.17000000000002,stop,-0.8999999999999773,-0.004521704180064195,-45.21704180064195,0.8699999999999761,-1.034482758620692
2014-12-17,1,682,959,199.54999999999998,201.89000000000001,199.54,201.9,eod,2.340000000000032,0.011726972035682228,117.26972035682229,1.259999999999991,1.8571428571428958
2014-12-18,1,599,667,204.92999999999998,204.17,204.92,204.19,stop,-0.7599999999999909,-0.0037087643958617555,-37.087643958617555,0.7299999999999898,-1.041095890410961
2014-12-19,-1,585,609,205.64000000000001,206.61,205.65,206.59,stop,-0.9699999999999989,-0.004716751762703617,-47.16751762703617,0.9399999999999977,-1.0319148936170226
2014-12-22,-1,662,847,206.49,207.07,206.5,207.04999999999998,stop,-0.5799999999999841,-0.0028087167070217148,-28.08716707021715,0.549999999999983,-1.0545454545454582
2014-12-23,-1,587,883,207.94000000000003,208.24,207.95000000000002,208.22,stop,-0.29999999999998295,-0.0014426544842509397,-14.426544842509397,0.2699999999999818,-1.1111111111111227
2014-12-26,1,588,959,208.58999999999997,208.41,208.57999999999998,208.42,eod,-0.1799999999999784,-0.0008629782337711114,-8.629782337711115,0.339999999999975,-0.5294117647058577
2014-12-29,1,588,959,208.70999999999998,208.72,208.7,208.73,eod,0.010000000000019327,4.7915668423667115e-05,0.4791566842366711,0.5699999999999932,0.017543859649156925
2014-12-30,-1,597,959,208.07000000000002,207.62,208.08,207.61,eod,0.45000000000001705,0.002162629757785549,21.62629757785549,0.29999999999998295,1.500000000000142
2014-12-31,-1,587,652,207.71,208.12,207.72,208.1,stop,-0.4099999999999966,-0.001973810899287486,-19.73810899287486,0.37999999999999545,-1.0789473684210567
