date,direction,entry_time,exit_time,entry_px,exit_px,entry_px_raw,exit_px_raw,exit_reason,pnl_ps,ret,bps,risk_ps,r_mult
2003-01-02,-1,632,919,90.33,90.97292139208369,90.34,90.9529213920837,stop,-0.6429213920836929,-0.007116685765814621,-71.16685765814621,0.6129213920836918,-1.0489459176779798
2003-01-06,-1,793,955,92.89,93.13000000000001,92.9,93.12,time,-0.2400000000000091,-0.0025834230355221647,-25.834230355221646,0.7531916702344432,-0.31864399127688864
2003-01-10,-1,661,759,93.49,92.83,93.5,92.82,target,0.6599999999999966,0.0070588235294117285,70.58823529411728,0.7823212981877106,0.8436431444841425
2003-01-13,1,649,773,92.61,93.08999999999999,92.6,93.1,target,0.47999999999998977,0.005183585313174836,51.83585313174836,0.7871901126685827,0.6097637562707499
2003-01-24,1,724,955,86.64,86.5,86.63,86.51,time,-0.14000000000000057,-0.0016160683366039544,-16.160683366039542,0.7447350312218219,-0.1879863228272138
2003-01-27,1,702,955,85.06,85.08,85.05,85.09,time,0.01999999999999602,0.0002351557907112995,2.351557907112995,0.8446253082906452,0.023679138907727108
2003-01-29,-1,776,930,86.28999999999999,87.14777010995968,86.3,87.12777010995968,stop,-0.8577701099596879,-0.009939398724909478,-99.39398724909478,0.8277701099596868,-1.0362419464523334
2003-01-31,-1,762,927,85.97999999999999,85.33,85.99,85.32,target,0.6499999999999915,0.007559018490522055,75.59018490522055,0.8398858472676523,0.7739146958060974
2003-02-11,1,891,955,83.13000000000001,83.14999999999999,83.12,83.16,time,0.01999999999998181,0.00024061597690064736,2.4061597690064738,0.9526006405601919,0.02099515699277768
2003-02-21,-1,704,955,85.16,85.26,85.17,85.25,time,-0.10000000000000853,-0.0011741223435482978,-11.741223435482977,0.6617924221290679,-0.15110478249100556
2003-03-03,1,881,955,84.11,83.89,84.1,83.9,time,-0.21999999999999886,-0.0026159334126040295,-26.159334126040296,0.8234571109581026,-0.2671663126984551
2003-03-07,-1,733,851,83.30999999999999,82.57000000000001,83.32,82.56,target,0.7399999999999807,0.008881421027364148,88.81421027364148,0.747772568750122,0.9896057048961653
2003-03-13,-1,870,955,83.0,83.73,83.01,83.72,time,-0.730000000000004,-0.008794121190218093,-87.94121190218094,0.9292358984671267,-0.7855916901232685
2003-03-17,-1,631,647,85.08,85.89982758651985,85.09,85.87982758651985,stop,-0.8198275865198497,-0.009634828846161118,-96.34828846161119,0.7898275865198485,-1.0379829731349188
2003-03-20,-1,812,955,88.25999999999999,88.25,88.27,88.24,time,0.009999999999990905,0.00011328877308248448,1.1328877308248448,0.8880851316646527,0.011260181758979134
2003-03-21,-1,775,859,89.57,88.77000000000001,89.58,88.76,target,0.799999999999983,0.008930564858227092,89.30564858227092,0.8829664676474209,0.9060366721870037
2003-03-25,-1,798,899,88.19999999999999,87.43,88.21,87.42,target,0.7699999999999818,0.008729169028454617,87.29169028454618,1.0151474773187914,0.7585104797124715
2003-04-07,1,898,935,89.30000000000001,88.43265429612026,89.29,88.45265429612026,stop,-0.8673457038797494,-0.009713805620783396,-97.13805620783396,0.8373457038797483,-1.0358274961715328
2003-04-09,1,764,955,87.39,86.94999999999999,87.38,86.96,time,-0.44000000000001194,-0.005035477225909956,-50.354772259099555,0.8649583135700425,-0.5086950354681823
2003-04-16,1,860,955,88.52000000000001,88.24,88.51,88.25,time,-0.28000000000001535,-0.003163484352050789,-31.63484352050789,0.7896917373557386,-0.35456873455151977
2003-04-22,-1,643,792,90.11999999999999,90.97359513216244,90.13,90.95359513216245,stop,-0.8535951321624538,-0.009470710442277309,-94.70710442277309,0.8235951321624526,-1.0364256645388765
2003-04-28,-1,664,955,91.86999999999999,91.77000000000001,91.88,91.76,time,0.0999999999999801,0.0010883761427947336,10.883761427947336,0.8029007229406631,0.12454839950040801
2003-04-29,1,656,900,91.42,92.02,91.41,92.03,target,0.5999999999999943,0.006563833278634661,65.63833278634661,0.7552392746572281,0.7944502095343354
2003-05-01,-1,853,955,92.03999999999999,91.99000000000001,92.05,91.98,time,0.04999999999998295,0.0005431830526885709,5.431830526885709,0.7551343987069288,0.06621337881786549
2003-05-02,-1,693,955,93.19,93.26,93.2,93.25,time,-0.07000000000000739,-0.0007510729613734699,-7.510729613734698,0.7992845729121427,-0.08757831987794638
2003-05-12,-1,752,955,94.91,94.85000000000001,94.92,94.84,time,0.05999999999998806,0.0006321112515801523,6.321112515801523,0.7166889523220448,0.08371832690540347
2003-05-19,1,718,955,92.88000000000001,92.42,92.87,92.43,time,-0.46000000000000796,-0.004953160331646473,-49.53160331646473,0.6165793242248867,-0.7460516140048686
2003-05-20,1,885,950,91.88000000000001,92.39999999999999,91.87,92.41,target,0.5199999999999818,0.0056601719821484904,56.601719821484906,0.7008859578158564,0.7419181311898979
2003-05-27,-1,631,725,94.53999999999999,95.0883322297542,94.55,95.0683322297542,stop,-0.5483322297542088,-0.005799388997929231,-57.99388997929231,0.5183322297542077,-1.057877936732252
2003-05-29,1,808,955,95.51,95.36,95.5,95.37,time,-0.15000000000000568,-0.0015706806282723108,-15.706806282723107,0.6769725174834491,-0.22157472589523983
2003-06-06,1,739,928,99.99000000000001,99.21878249727322,99.98,99.23878249727322,stop,-0.7712175027267847,-0.007713717770822011,-77.13717770822011,0.7412175027267836,-1.0404739498050672
2003-06-13,1,818,955,99.02000000000001,99.33,99.01,99.34,time,0.30999999999998806,0.00313099686900301,31.309968690030104,0.7719791805879055,0.4015652336166704
2003-06-16,-1,663,955,101.124,101.56,101.134,101.55,time,-0.43600000000000705,-0.004311111990033095,-43.11111990033095,0.7639390157237926,-0.5707261849781552
2003-06-27,1,822,955,98.17,98.00999999999999,98.16,98.02,time,-0.1600000000000108,-0.0016299918500408599,-16.299918500408598,0.8731177591954093,-0.1832513407440631
2003-07-01,-1,863,916,97.77,98.49739355787098,97.78,98.47739355787098,stop,-0.7273935578709825,-0.007439083226334449,-74.39083226334449,0.6973935578709813,-1.0430173173546164
2003-07-22,-1,719,817,99.27,98.60600000000001,99.28,98.596,target,0.6639999999999873,0.006688154713940242,66.88154713940241,0.8154073785125888,0.8143168893212755
2003-07-24,1,888,955,98.97,98.49,98.96,98.5,time,-0.480000000000004,-0.004850444624090582,-48.50444624090582,0.7748090856650691,-0.6195074488420443
2003-07-25,-1,875,955,99.67999999999999,100.22,99.69,100.21,time,-0.5400000000000063,-0.005416792055371715,-54.16792055371715,0.7608588422477993,-0.7097242878911527
2003-07-31,-1,648,890,100.47999999999999,100.17,100.49,100.16,target,0.30999999999998806,0.0030848840680663555,30.848840680663553,0.7699811607846954,0.4026072529931304
2003-08-04,-1,804,955,98.36999999999999,98.66000000000001,98.38,98.65,time,-0.29000000000002046,-0.0029477536084572117,-29.477536084572115,0.7122492817857307,-0.4071608177307542
2003-08-06,-1,866,940,97.847,97.131,97.857,97.121,target,0.715999999999994,0.007316799002626219,73.16799002626219,0.7592062950159431,0.9430901781247194
2003-08-21,1,681,722,100.5,101.0,100.49,101.01,target,0.5,0.004975619464623346,49.75619464623345,0.5702491118262429,0.8768097830064695
2003-08-22,1,708,867,100.46000000000001,99.85332415809329,100.45,99.87332415809328,stop,-0.6066758419067213,-0.006039580307682641,-60.39580307682641,0.5766758419067202,-1.0520222936698878
2003-09-02,-1,885,955,102.34599999999999,102.80000000000001,102.356,102.79,time,-0.45400000000002194,-0.0044354996287469415,-44.35499628746942,0.5599032116904823,-0.8108544307672158
2003-09-05,1,855,955,102.461,102.74,102.451,102.75,time,0.27899999999999636,0.002723253067319952,27.23253067319952,0.58634387944943,0.4758299860859366
2003-09-12,-1,897,955,102.44999999999999,102.44000000000001,102.46,102.43,time,0.009999999999976694,9.759906304876727e-05,0.9759906304876727,0.6036937346664928,0.016564690712752118
2003-09-18,-1,827,955,104.53999999999999,104.587,104.55,104.577,time,-0.047000000000011255,-0.00044954567192741516,-4.495456719274151,0.5547648206094635,-0.08472058474864565
2003-09-24,1,721,764,102.07000000000001,101.54297023701125,102.06,101.56297023701124,stop,-0.5270297629887608,-0.005163920860168144,-51.63920860168144,0.49702976298875967,-1.0603585584485
2003-09-30,-1,842,944,100.50999999999999,99.94000000000001,100.52,99.93,target,0.569999999999979,0.005670513330680253,56.70513330680252,0.6051879317423783,0.9418561906198446
2003-10-01,-1,839,955,101.512,101.95,101.522,101.94,time,-0.4380000000000024,-0.004314335808987238,-43.14335808987238,0.6389738794142374,-0.6854740297076422
2003-10-09,1,875,955,104.02000000000001,104.07,104.01,104.08,time,0.04999999999998295,0.00048072300740297034,4.807230074029704,0.5883611737538956,0.08498181428419228
2003-10-24,1,766,885,102.24000000000001,102.64,102.23,102.65,target,0.3999999999999915,0.003912745769343554,39.12745769343554,0.5417527081344389,0.7383442555874207
2003-11-12,-1,898,955,106.24,106.39,106.25,106.38,time,-0.15000000000000568,-0.0014117647058824064,-14.117647058824064,0.47164322711282125,-0.31803700631563264
2003-11-14,1,871,908,105.86,105.37350445117261,105.85,105.3935044511726,stop,-0.4864955488273921,-0.00459608454253559,-45.9608454253559,0.45649554882739096,-1.065718055908897
2003-11-18,1,836,955,104.49000000000001,104.08999999999999,104.48,104.1,time,-0.4000000000000199,-0.003828483920367725,-38.28483920367725,0.5089130332738705,-0.7859889093953716
2003-11-19,-1,868,955,104.92,104.85000000000001,104.93,104.84,time,0.06999999999999318,0.000667111407605005,6.671114076050051,0.5290681761360077,0.13230809025640256
2003-11-20,-1,765,908,105.07,104.54,105.08,104.53,target,0.5299999999999869,0.00504377617053661,50.4377617053661,0.4745027687377359,1.1169587090289985
2003-12-09,1,889,955,106.82000000000001,106.67999999999999,106.81,106.69,time,-0.14000000000001478,-0.001310738694878895,-13.10738694878895,0.45678617815870837,-0.30648913363436403
2003-12-10,1,888,955,106.12,106.5,106.11,106.51,time,0.37999999999999545,0.003581189331825421,35.811893318254214,0.4684736500238813,0.8111448743822075
2003-12-11,-1,871,955,107.86999999999999,107.74000000000001,107.88,107.73,time,0.12999999999998124,0.0012050426399701636,12.050426399701635,0.5075997630517008,0.2561072905519467
2003-12-15,1,894,941,108.13000000000001,107.57610735171261,108.12,107.5961073517126,stop,-0.5538926482874018,-0.00512294347287645,-51.2294347287645,0.5238926482874007,-1.0572636399805777
2003-12-18,-1,885,955,109.47,109.58,109.48,109.57,time,-0.10999999999999943,-0.0010047497259773421,-10.047497259773422,0.529927545151665,-0.20757554689578836
2004-01-02,1,864,890,111.43,110.97225482648513,111.42,110.99225482648512,stop,-0.45774517351487987,-0.00410828552786645,-41.082855278664496,0.42774517351487873,-1.0701352156787285
2004-01-07,-1,736,868,112.67,112.34,112.68,112.33,target,0.3299999999999983,0.0029286474973375777,29.28647497337578,0.4023668752989522,0.8201470355998205
2004-01-13,1,703,719,112.49000000000001,112.03860337878973,112.48,112.05860337878973,stop,-0.4513966212102787,-0.004013127855710159,-40.13127855710159,0.42139662121027754,-1.0711918380214802
2004-01-15,-1,757,902,113.72,113.4,113.73,113.39,target,0.3199999999999932,0.002813681526422168,28.13681526422168,0.4517070580393039,0.7084237323830999
2004-01-21,-1,745,859,114.49,114.97301677049332,114.5,114.95301677049332,stop,-0.4830167704933217,-0.004218487078544294,-42.18487078544294,0.45301677049332056,-1.0662227139347007
2004-01-23,1,840,955,114.35000000000001,114.41,114.34,114.42,time,0.05999999999998806,0.0005247507433967821,5.247507433967821,0.5112435627249283,0.11736089092288624
2004-01-26,-1,872,918,115.14999999999999,115.69803663080519,115.16,115.6780366308052,stop,-0.5480366308051998,-0.004758914821163597,-47.589148211635965,0.5180366308051987,-1.0579109626926793
2004-01-27,1,788,955,114.95,114.82,114.94,114.83,time,-0.13000000000000966,-0.0011310248825475001,-11.310248825475002,0.5041780945199434,-0.2578453951352052
2004-01-28,1,863,866,114.51,113.93515855034828,114.5,113.95515855034827,stop,-0.5748414496517285,-0.005020449341936493,-50.20449341936493,0.5448414496517273,-1.0550618900584339
2004-01-29,1,830,857,112.62,113.24,112.61,113.25,target,0.6199999999999903,0.005505727732883317,55.057277328833166,0.6038085590001998,1.0268155208442238
2004-02-02,-1,731,934,114.14999999999999,113.87,114.16,113.86,target,0.2799999999999869,0.0024526979677644265,24.526979677644267,0.607544383085667,0.4608716791650519
2004-02-06,-1,632,955,114.30999999999999,114.60000000000001,114.32,114.59,time,-0.29000000000002046,-0.002536738978306687,-25.367389783066873,0.5252741001883408,-0.5520927072095101
2004-02-11,-1,676,832,115.71,116.12804066377177,115.72,116.10804066377177,stop,-0.4180406637717766,-0.0036125186983388922,-36.12518698338892,0.3880406637717755,-1.0773114851118941
2004-02-13,1,645,955,115.23,115.11,115.22,115.12,time,-0.12000000000000455,-0.0010414858531505341,-10.414858531505342,0.5416577933785192,-0.22154209072026887
2004-02-18,1,865,955,115.45,115.64999999999999,115.44,115.66,time,0.19999999999998863,0.001732501732501634,17.32501732501634,0.6608391880800895,0.302645490169917
2004-02-20,1,646,837,114.58,114.88,114.57,114.89,target,0.29999999999999716,0.0026184865147944243,26.184865147944244,0.5089445875809986,0.5894551338602302
2004-02-24,-1,634,727,114.92999999999999,114.46000000000001,114.94,114.45,target,0.46999999999998465,0.004089089959978986,40.89089959978986,0.4570121166602519,1.0284191225270907
2004-02-27,1,711,806,114.84,115.21,114.83,115.22,target,0.36999999999999034,0.003222154489244887,32.22154489244887,0.5552140235217138,0.6664096804563512
2004-03-01,-1,882,955,116.19,116.14,116.2,116.13,time,0.04999999999999716,0.0004302925989672733,4.302925989672732,0.5280888472161962,0.09468103760109797
2004-03-02,1,823,923,115.26,115.75999999999999,115.25,115.77,target,0.4999999999999858,0.004338394793926124,43.38394793926124,0.5128601406037774,0.9749246634986067
2004-03-05,-1,631,671,116.44999999999999,116.2,116.46,116.19,target,0.2499999999999858,0.002146659797355193,21.46659797355193,0.518633865117053,0.48203562631522734
2004-03-08,1,867,955,115.67,115.33999999999999,115.66,115.35,time,-0.3300000000000125,-0.002853190385613112,-28.53190385613112,0.5353177109439287,-0.6164563459298249
2004-03-11,-1,782,844,113.22999999999999,112.72,113.24,112.71,target,0.5099999999999909,0.004503708936771379,45.03708936771379,0.5713558877696272,0.8926135372313251
2004-03-15,1,718,780,111.18,111.69,111.17,111.7,target,0.5099999999999909,0.004587568588647934,45.875685886479346,0.5798053819763709,0.8796054949706817
2004-03-16,1,886,933,110.99000000000001,111.55,110.98,111.56,target,0.5599999999999881,0.005045954225986557,50.459542259865565,0.6048097188909765,0.9259110469104981
2004-03-18,-1,798,802,112.99,112.47,113.0,112.46,target,0.519999999999996,0.00460176991150439,46.0176991150439,0.7924616040943278,0.6561832110393322
2004-03-22,1,848,951,109.26,109.78999999999999,109.25,109.8,target,0.5299999999999869,0.0048512585812355786,48.51258581235579,0.6997658925433825,0.7573961601266943
2004-04-08,1,864,955,114.05000000000001,114.32,114.04,114.33,time,0.2699999999999818,0.002367590319186091,23.675903191860908,0.5399331081067231,0.5000619446115048
2004-04-13,1,757,878,113.87,113.25861822449014,113.86,113.27861822449013,stop,-0.6113817755098694,-0.00536959226690558,-53.695922669055804,0.5813817755098682,-1.051601204688075
2004-04-15,1,852,901,112.42,113.03999999999999,112.41,113.05,target,0.6199999999999903,0.005515523529934973,55.155235299349734,0.5439902594207098,1.1397262896953755
2004-04-20,1,892,935,113.31,112.76757381667753,113.3,112.78757381667752,stop,-0.5424261833224762,-0.004787521476809145,-47.87521476809145,0.512426183322475,-1.0585450177535558
2004-04-22,-1,676,709,113.49,114.07233638925727,113.5,114.05233638925728,stop,-0.5823363892572786,-0.005130717085967212,-51.30717085967213,0.5523363892572775,-1.0543147266475452
2004-04-29,1,862,920,111.84,111.1616584108008,111.83,111.1816584108008,stop,-0.6783415891992064,-0.006065828393089568,-60.658283930895685,0.6483415891992053,-1.046271904347607
2004-05-04,-1,889,929,112.92999999999999,112.28,112.94,112.27,target,0.6499999999999915,0.00575526828404455,57.5526828404455,0.6536496193715919,0.9944165509113136
2004-05-06,1,764,905,111.02000000000001,111.58,111.01,111.59,target,0.5599999999999881,0.0050445905774253496,50.4459057742535,0.6618908258721063,0.8460609788058823
2004-05-07,1,840,955,110.94000000000001,110.41,110.93,110.42,time,-0.5300000000000153,-0.004777787794104528,-47.77787794104528,0.8321381671756143,-0.6369134608966497
2004-05-25,-1,779,917,110.92999999999999,111.57764972480608,110.94,111.55764972480608,stop,-0.6476497248060866,-0.005837837793456703,-58.378377934567034,0.6176497248060855,-1.048571218920918
2004-06-02,-1,875,955,113.44,113.2,113.45,113.19,time,0.23999999999999488,0.0021154693697663716,21.154693697663717,0.6502982626252987,0.36906141964934436
2004-06-18,-1,631,891,114.17,113.81,114.18,113.8,target,0.35999999999999943,0.0031529164477141305,31.529164477141304,0.4513040240502306,0.7976884335512396
2004-06-22,-1,866,955,113.64,113.57000000000001,113.65,113.56,time,0.06999999999999318,0.0006159260888692756,6.159260888692756,0.4662208727052075,0.15014342792896435
2004-06-25,1,857,955,113.97,114.05,113.96,114.06,time,0.0799999999999983,0.0007020007020006871,7.020007020006871,0.47177373459223304,0.16957281453819062
2004-06-28,1,867,955,113.86,113.50999999999999,113.85,113.52,time,-0.3500000000000085,-0.0030742204655248885,-30.742204655248884,0.5105804467689694,-0.6854943275146193
2004-07-01,1,660,671,113.54,113.05682436681772,113.53,113.07682436681772,stop,-0.4831756331822845,-0.004255929121661979,-42.5592912166198,0.4531756331822834,-1.0661994992743444
2004-07-12,-1,876,955,111.89999999999999,111.72,111.91,111.71,time,0.1799999999999926,0.0016084353498346225,16.084353498346225,0.4671544900090794,0.38531150582860546
2004-07-14,-1,647,787,112.17999999999999,111.9,112.19,111.89,target,0.2799999999999869,0.0024957661110614755,24.957661110614755,0.44254201957137695,0.6327082799305256
2004-07-16,1,642,955,110.87,110.44,110.86,110.45,time,-0.4300000000000068,-0.0038787660111853405,-38.787660111853405,0.4844493710487825,-0.8876056523081072
2004-07-19,1,754,851,110.06,110.50999999999999,110.05,110.52,target,0.44999999999998863,0.004089050431621887,40.89050431621887,0.50436153468425,0.8922171280997988
2004-07-20,-1,858,890,111.19,110.84,111.2,110.83,target,0.3499999999999943,0.003147482014388438,31.47482014388438,0.48558784120859855,0.7207758726595493
2004-07-21,1,806,900,111.13000000000001,110.60246607398565,111.12,110.62246607398565,stop,-0.5275339260143568,-0.004747425540086004,-47.47425540086004,0.49753392601435564,-1.0602973956777684
2004-07-22,1,708,728,108.81,109.36999999999999,108.8,109.38,target,0.5599999999999881,0.005147058823529302,51.47058823529302,0.5432978302857947,1.03074219844649
2004-07-26,1,681,811,108.42,108.86,108.41,108.87,target,0.4399999999999977,0.00405866617470711,40.5866617470711,0.5160545082923704,0.8526231104073912
2004-07-27,-1,886,955,109.86999999999999,109.88000000000001,109.88,109.87,time,-0.010000000000019327,-9.100837277047076e-05,-0.9100837277047076,0.5757655991401549,-0.017368179021034377
2004-07-28,1,667,856,108.7,109.11999999999999,108.69,109.13,target,0.4199999999999875,0.0038642009384486846,38.64200938448685,0.5624659629554429,0.7467118504257986
2004-08-02,-1,824,955,111.08999999999999,111.10000000000001,111.1,111.09,time,-0.010000000000019327,-9.000900090026397e-05,-0.9000900090026397,0.5964386028799424,-0.016766185072082322
2004-08-04,-1,885,955,110.64,110.34,110.65,110.33,time,0.29999999999999716,0.0027112516945322833,27.11251694532283,0.6335928728373545,0.47349017462355225
2004-08-05,1,726,946,109.32000000000001,108.67345969754959,109.31,108.69345969754959,stop,-0.6465403024504184,-0.005914740668286692,-59.14740668286692,0.6165403024504172,-1.0486586195270078
2004-08-18,-1,849,955,109.71,110.08,109.72,110.07,time,-0.37000000000000455,-0.003372220196864788,-33.72220196864788,0.5866283667907766,-0.6307229942256893
2004-08-25,-1,865,955,111.1,111.08,111.11,111.07,time,0.01999999999999602,0.00018000180001796436,1.8000180001796438,0.587726596561069,0.03402942816782647
2004-09-01,1,791,798,110.76,111.16,110.75,111.17,target,0.3999999999999915,0.0036117381489841217,36.117381489841215,0.5085021633445734,0.7866239887143641
2004-09-02,-1,892,922,112.08,112.60654403573177,112.09,112.58654403573178,stop,-0.5265440357317743,-0.004697511247495533,-46.97511247495533,0.4965440357317732,-1.060417602148396
2004-09-10,-1,891,955,112.97,113.08,112.98,113.07,time,-0.10999999999999943,-0.0009736236502035707,-9.736236502035707,0.44594076390345094,-0.24666953304994368
2004-09-21,-1,899,955,113.39,113.24000000000001,113.4,113.23,time,0.14999999999999147,0.0013227513227512474,13.227513227512475,0.3540894874443836,0.42362172648108276
2004-09-28,-1,877,955,111.32,111.4,111.33,111.39,time,-0.0800000000000125,-0.0007185843887542666,-7.185843887542666,0.40144894894751815,-0.1992781403706477
2004-10-01,-1,643,955,113.11999999999999,113.49000000000001,113.13,113.48,time,-0.37000000000001876,-0.003270573676301766,-32.70573676301766,0.41406331622518167,-0.8935831441749846
2004-10-08,1,861,955,112.75,112.66,112.74,112.67,time,-0.09000000000000341,-0.0007982969664715577,-7.9829696647155775,0.47822253027202066,-0.18819690479411325
2004-10-12,-1,892,955,112.69,112.57000000000001,112.7,112.56,time,0.11999999999999034,0.0010647737355811032,10.647737355811032,0.49138200373064933,0.24420918773771016
2004-10-13,1,633,808,112.29,111.81611767587388,112.28,111.83611767587388,stop,-0.47388232412612297,-0.004220540827628455,-42.20540827628455,0.44388232412612183,-1.0675854801361209
2004-10-14,1,710,955,111.07000000000001,110.69999999999999,111.06,110.71,time,-0.37000000000001876,-0.003331532504952447,-33.31532504952447,0.4929974203482459,-0.7505110264849995
2004-10-15,-1,812,908,111.64,111.13000000000001,111.65,111.12,target,0.5099999999999909,0.00456784594715621,45.6784594715621,0.4574054727692669,1.1149844729935157
2004-10-18,-1,741,955,111.67,111.78,111.68,111.77,time,-0.10999999999999943,-0.0009849570200573014,-9.849570200573014,0.5338138460158177,-0.20606434400493231
2004-10-19,1,678,898,111.36,110.80551985196452,111.35,110.82551985196451,stop,-0.5544801480354806,-0.004979615159725915,-49.796151597259154,0.5244801480354795,-1.057199495752834
2004-10-21,1,806,862,110.25,110.82,110.24,110.83,target,0.5699999999999932,0.00517053701015959,51.7053701015959,0.5739926845840699,0.993044014860625
2004-10-22,1,826,955,110.30000000000001,109.96,110.29,109.97,time,-0.3400000000000176,-0.0030827817571857613,-30.82781757185761,0.5520023744431484,-0.6159393795053952
2004-10-26,-1,754,955,110.97,111.28,110.98,111.27,time,-0.3100000000000023,-0.0027932960893854953,-27.932960893854954,0.5399425456551796,-0.5741351602953247
2004-10-27,-1,666,794,112.19999999999999,112.73246750683013,112.21,112.71246750683014,stop,-0.5324675068301445,-0.004745276774174714,-47.45276774174714,0.5024675068301434,-1.059705353266042
2004-11-04,-1,739,840,115.74,116.37838808674239,115.75,116.3583880867424,stop,-0.6383880867423954,-0.005515231850906224,-55.15231850906224,0.6083880867423943,-1.0493106302600956
2004-11-12,-1,876,955,118.64,118.9,118.65,118.89,time,-0.2600000000000051,-0.0021913190054783406,-21.913190054783406,0.5906776605592796,-0.4401723941173358
2004-11-17,1,874,955,118.21000000000001,118.38,118.2,118.39,time,0.1699999999999875,0.0014382402707274746,14.382402707274746,0.47579221831928464,0.35729882384479744
2004-11-19,1,636,955,117.51,117.19999999999999,117.5,117.21,time,-0.3100000000000165,-0.0026382978723405656,-26.382978723405657,0.5154349804919036,-0.6014337631958332
2004-11-22,-1,841,955,117.92,117.93,117.93,117.92,time,-0.010000000000005116,-8.479606546260591e-05,-0.8479606546260591,0.5482627815745502,-0.018239428857976133
2004-11-29,1,672,694,118.17,117.666265265595,118.16,117.686265265595,stop,-0.5037347344050005,-0.004263157874111379,-42.631578741113785,0.47373473440499936,-1.0633265788240764
2004-12-01,-1,647,955,119.03,119.41000000000001,119.04,119.4,time,-0.38000000000000966,-0.0031922043010753497,-31.922043010753498,0.48899359425341515,-0.7771062943681
2004-12-07,1,797,926,118.7,118.24174369691853,118.69,118.26174369691853,stop,-0.4582563030814697,-0.003860951243419578,-38.60951243419578,0.42825630308146856,-1.0700515083704305
2004-12-09,-1,788,900,118.64,119.15792567370131,118.65,119.13792567370132,stop,-0.5179256737013134,-0.004365155277718612,-43.65155277718612,0.48792567370131223,-1.0614847744584268
2004-12-16,1,900,930,120.32000000000001,120.75999999999999,120.31,120.77,target,0.4399999999999835,0.003657218851300669,36.572188513006694,0.5876144713126052,0.7487902723313085
2004-12-20,1,727,955,119.36,119.32,119.35,119.33,time,-0.04000000000000625,-0.00033514872224554886,-3.351487222455489,0.49273695049487287,-0.08117921734879607
2004-12-21,-1,872,955,120.42,120.41000000000001,120.43,120.4,time,0.009999999999990905,8.303578842473557e-05,0.8303578842473557,0.4987531805178804,0.020049997454868164
2004-12-27,1,695,955,120.52000000000001,120.47,120.51,120.48,time,-0.05000000000001137,-0.00041490332752478105,-4.1490332752478105,0.49837567129340243,-0.10032592455857561
2005-01-03,1,636,805,120.78,120.39951716367399,120.77,120.41951716367399,stop,-0.38048283632601,-0.003150474756363418,-31.50474756363418,0.35048283632600885,-1.0855962029823796
2005-01-04,1,735,847,119.57000000000001,119.17372915020114,119.56,119.19372915020114,stop,-0.3962708497988672,-0.003314409918023312,-33.14409918023312,0.36627084979886604,-1.0819066000378554
2005-01-07,1,639,672,118.31,118.64,118.3,118.65,target,0.3299999999999983,0.0027895181741335443,27.895181741335442,0.48190538360843505,0.684781725261104
2005-01-18,-1,636,712,118.69,119.27420739428793,118.7,119.25420739428793,stop,-0.5842073942879296,-0.004921713515483821,-49.21713515483821,0.5542073942879284,-1.0541313600453608
2005-01-28,1,681,941,116.65,117.05,116.64,117.06,target,0.3999999999999915,0.00342935528120706,34.2935528120706,0.4707492028186664,0.8497093518267143
2005-02-11,-1,666,685,120.14999999999999,120.62582189472484,120.16,120.60582189472484,stop,-0.47582189472484515,-0.003959902585925808,-39.599025859258084,0.445821894724844,-1.0672914461020735
2005-02-16,-1,899,955,121.36999999999999,121.27000000000001,121.38,121.26,time,0.0999999999999801,0.0008238589553466808,8.238589553466808,0.44847987697976066,0.2229754446808613
2005-02-22,-1,640,675,120.42,120.02000000000001,120.43,120.01,target,0.3999999999999915,0.0033214315369923726,33.214315369923725,0.41554868796720257,0.9625827528339151
2005-02-24,-1,852,936,119.86,120.30841842156245,119.87,120.28841842156245,stop,-0.44841842156245093,-0.0037408727918782922,-37.40872791878292,0.4184184215624498,-1.071698564054555
2005-02-25,-1,713,955,121.00999999999999,121.41000000000001,121.02,121.4,time,-0.4000000000000199,-0.003305238803503718,-33.052388035037175,0.4930927064691417,-0.8112064825786515
2005-03-02,-1,672,835,121.6,121.24000000000001,121.61,121.23,target,0.3599999999999852,0.0029602828714742637,29.602828714742635,0.4471715154993774,0.8050602230286433
2005-03-03,1,717,792,120.91000000000001,121.28,120.9,121.29,target,0.36999999999999034,0.003060380479735238,30.60380479735238,0.4929691466982007,0.7505540711384663
2005-03-11,1,830,955,120.5,120.52,120.49,120.53,time,0.01999999999999602,0.00016598887874509107,1.6598887874509107,0.5463061026462697,0.03660951232855972
2005-03-21,1,635,723,117.9,118.24,117.89,118.25,target,0.3399999999999892,0.0028840444482143455,28.840444482143454,0.5444144667705899,0.6245241828653707
2005-03-22,1,882,918,118.0,117.39336082030724,117.99,117.41336082030723,stop,-0.6066391796927633,-0.0051414457131347,-51.414457131347,0.5766391796927621,-1.0520256012017521
2005-03-29,1,845,955,116.78,116.32,116.77,116.33,time,-0.46000000000000796,-0.003939367988353241,-39.393679883532414,0.5343787402758693,-0.8608126883238958
2005-04-01,1,658,774,117.74000000000001,117.2320100008747,117.73,117.25201000087469,stop,-0.5079899991253143,-0.004314873007095169,-43.14873007095169,0.47798999912531315,-1.062762819420697
2005-04-12,-1,859,887,118.00999999999999,118.61113795915155,118.02,118.59113795915155,stop,-0.6011379591515578,-0.005093526174814081,-50.93526174814081,0.5711379591515566,-1.0525267135887222
2005-04-13,1,828,930,117.79,117.18759348326303,117.78,117.20759348326303,stop,-0.602406516736977,-0.005114675808600586,-51.14675808600586,0.5724065167369758,-1.0524103047795774
2005-04-14,1,815,856,116.32000000000001,116.91,116.31,116.92,target,0.5899999999999892,0.005072650674920378,50.72650674920378,0.5597833293052759,1.0539792257340246
2005-04-15,1,771,945,115.21000000000001,114.51587759343496,115.2,114.53587759343496,stop,-0.6941224065650431,-0.006025368112543777,-60.25368112543777,0.664122406565042,-1.0451723954852938
2005-04-20,1,814,921,114.42,113.81535067095234,114.41,113.83535067095234,stop,-0.6046493290476604,-0.005284934263155847,-52.849342631558464,0.5746493290476593,-1.0522057513748755
2005-04-21,-1,830,955,115.47,115.852,115.48,115.842,time,-0.382000000000005,-0.003307932109456226,-33.07932109456226,0.6784747071602766,-0.563027620585663
2005-04-27,-1,726,955,115.67,115.73,115.68,115.72,time,-0.060000000000002274,-0.0005186721991701441,-5.186721991701441,0.7023940675007339,-0.08542213377953906
2005-04-29,-1,878,955,115.53999999999999,115.71000000000001,115.55,115.7,time,-0.17000000000001592,-0.0014712245781048543,-14.712245781048543,0.6383432430849183,-0.26631440348370844
2005-05-05,1,782,935,116.81,117.42999999999999,116.8,117.44,target,0.6199999999999903,0.005308219178082109,53.08219178082109,0.7115184050358749,0.8713759132748362
2005-05-11,-1,860,955,117.33,117.28,117.34,117.27,time,0.04999999999999716,0.0004261121527185713,4.261121527185713,0.6107618013307388,0.0818649756599975
2005-05-12,1,864,955,116.46000000000001,116.11,116.45,116.12,time,-0.3500000000000085,-0.0030055817947617735,-30.055817947617737,0.696722911694934,-0.5023517873820963
2005-05-13,1,858,955,115.42,115.52,115.41,115.53,time,0.09999999999999432,0.0008664760419373912,8.664760419373913,0.6633379774995376,0.1507527133859361
2005-05-17,-1,884,955,117.28,117.61,117.29,117.6,time,-0.3299999999999983,-0.0028135390911416002,-28.135390911416003,0.6695938587721599,-0.492836061258271
2005-06-01,-1,679,867,120.85,120.48,120.86,120.47,target,0.36999999999999034,0.003061393347674916,30.61393347674916,0.4951608166997943,0.7472319850872079
2005-06-03,1,714,955,119.94000000000001,120.03,119.93,120.04,time,0.0899999999999892,0.0007504377553572017,7.5043775535720165,0.46099140998552457,0.19523140355872415
2005-06-07,1,854,955,120.38000000000001,120.1,120.37,120.11,time,-0.28000000000001535,-0.002326161003572446,-23.26161003572446,0.36162323576648703,-0.774286528924323
2005-06-08,1,846,955,119.91000000000001,119.89999999999999,119.9,119.91,time,-0.010000000000019327,-8.340283569657486e-05,-0.8340283569657486,0.4683940348447635,-0.021349546014892258
2005-06-09,-1,702,955,120.16,120.49000000000001,120.17,120.48,time,-0.3300000000000125,-0.0027461096779563326,-27.461096779563327,0.4143024773181878,-0.7965194949741267
2005-06-10,1,737,912,119.74000000000001,120.05,119.73,120.06,target,0.30999999999998806,0.002589158940950372,25.89158940950372,0.4138130791872783,0.7491305026144236
2005-06-13,-1,650,668,120.64,121.08696283795743,120.65,121.06696283795743,stop,-0.44696283795742886,-0.0037046236051175205,-37.04623605117521,0.4169628379574277,-1.0719488579532936
2005-06-15,1,659,841,120.32000000000001,120.58,120.31,120.59,target,0.2599999999999909,0.0021610838666776735,21.610838666776736,0.47681269054206155,0.5452875000126601
2005-06-23,1,821,906,120.75,120.30362873210635,120.74,120.32362873210634,stop,-0.4463712678936531,-0.0036969626295647933,-36.969626295647934,0.416371267893652,-1.0720510811223016
2005-06-30,1,875,955,119.5,119.05999999999999,119.49,119.07,time,-0.44000000000001194,-0.0036823165118420953,-36.82316511842095,0.46410292582937984,-0.9480655594094898
2005-07-05,-1,631,749,120.03,120.47225526938233,120.04,120.45225526938233,stop,-0.4422552693823292,-0.0036842325006858478,-36.84232500685848,0.41225526938232804,-1.0727704464395311
2005-07-06,1,871,955,119.7,119.53999999999999,119.69,119.55,time,-0.1600000000000108,-0.0013367866989724355,-13.367866989724355,0.4340727623392979,-0.368601796477027
2005-07-07,-1,732,906,119.25,119.6839240622756,119.26,119.6639240622756,stop,-0.43392406227559377,-0.003638471090689198,-36.384710906891975,0.40392406227559263,-1.0742713861387452
2005-07-08,-1,721,927,120.78,121.26366382649174,120.79,121.24366382649174,stop,-0.48366382649173545,-0.004004171094393041,-40.04171094393041,0.4536638264917343,-1.0661282611664162
2005-07-20,-1,801,941,123.21,123.6829702534734,123.22,123.6629702534734,stop,-0.47297025347340593,-0.003838421144890488,-38.38421144890488,0.4429702534734048,-1.0677246378617211
2005-07-21,1,642,751,122.53,122.97,122.52,122.98,target,0.4399999999999977,0.003591250408096619,35.91250408096619,0.4933727498462872,0.891820636906035
2005-08-08,1,853,955,122.51,122.42999999999999,122.5,122.44,time,-0.0800000000000125,-0.000653061224489898,-6.530612244898981,0.4533241720034482,-0.17647415456902657
2005-08-10,1,837,903,123.59,123.12951968570613,123.58,123.14951968570612,stop,-0.4604803142938749,-0.003726171826297742,-37.26171826297742,0.4304803142938738,-1.0696895978837284
2005-08-15,-1,803,955,123.77,123.66000000000001,123.78,123.65,time,0.10999999999998522,0.0008886734529001876,8.886734529001876,0.4504353712950433,0.2442081750456787
2005-08-22,1,751,955,122.29,122.42999999999999,122.28,122.44,time,0.13999999999998636,0.0011449133137061364,11.449133137061363,0.47058874300438447,0.297499679032233
2005-08-29,-1,823,955,121.46,121.65,121.47,121.64,time,-0.19000000000001194,-0.0015641722235944014,-15.641722235944014,0.5173869575437777,-0.36722997599709584
2005-08-31,-1,897,949,121.78999999999999,122.33363626105566,121.8,122.31363626105566,stop,-0.5436362610556671,-0.0044633518970087615,-44.633518970087614,0.513636261055666,-1.0584070913107706
2005-09-01,-1,701,822,122.97999999999999,122.46000000000001,122.99,122.45,target,0.5199999999999818,0.0042279860151230335,42.27986015123034,0.5046437485326152,1.0304298854628022
2005-09-20,1,887,897,122.65,122.17748095042612,122.64,122.19748095042611,stop,-0.47251904957389,-0.0038528950552339366,-38.52895055233937,0.4425190495738889,-1.0677936916588988
2005-09-21,1,833,897,120.99000000000001,121.47999999999999,120.98,121.49,target,0.4899999999999807,0.0040502562407007826,40.50256240700782,0.5094098168952712,0.9618974423901199
2005-09-22,-1,824,955,121.49,121.52000000000001,121.5,121.51,time,-0.030000000000015348,-0.0002469135802470399,-2.469135802470399,0.47252238712191286,-0.06348905537098969
2005-09-23,-1,836,955,121.75999999999999,121.53,121.77,121.52,time,0.22999999999998977,0.0018888067668554633,18.888067668554633,0.4930329584837807,0.4665002532636083
2005-09-26,1,856,955,121.36,121.58,121.35,121.59,time,0.21999999999999886,0.0018129377832715194,18.129377832715193,0.4724318913405483,0.46567559056129393
2005-09-27,-1,898,955,121.85,121.52000000000001,121.86,121.51,time,0.3299999999999841,0.0027080256031510263,27.080256031510263,0.4550287685081429,0.725228870873202
2005-09-29,-1,713,843,121.94999999999999,122.45330231221979,121.96,122.4333023122198,stop,-0.5033023122198017,-0.004126781831910477,-41.26781831910477,0.47330231221980057,-1.0633844357516453
2005-10-04,1,873,917,122.16000000000001,121.62131955906142,122.15,121.64131955906142,stop,-0.5386804409385917,-0.00440999132982883,-44.0999132982883,0.5086804409385906,-1.0589761225036425
2005-10-05,1,713,801,120.33,120.82,120.32,120.83,target,0.4899999999999949,0.004072473404255277,40.72473404255277,0.5482726146334471,0.8937159852997383
2005-10-06,1,839,924,119.18,118.5811998485571,119.17,118.6011998485571,stop,-0.5988001514429016,-0.005024755823134191,-50.247558231341905,0.5688001514429004,-1.0527426019910486
2005-10-12,1,717,955,117.85000000000001,117.91,117.84,117.92,time,0.05999999999998806,0.0005091649694500005,5.091649694500005,0.5689461134847278,0.10545814195389286
2005-10-19,-1,843,895,118.35,118.95858081062859,118.36,118.9385808106286,stop,-0.6085808106285953,-0.005141777717375762,-51.41777717375762,0.5785808106285941,-1.0518510110409778
2005-10-20,1,859,920,118.62,117.88224163494124,118.61,117.90224163494123,stop,-0.7377583650587667,-0.0062200351155785065,-62.200351155785064,0.7077583650587655,-1.042387347830937
2005-10-28,-1,888,955,119.63,119.88000000000001,119.64,119.87,time,-0.2500000000000142,-0.0020896021397527097,-20.896021397527097,0.741766534357609,-0.33703326912223314
2005-11-10,-1,826,898,122.83,123.4731593077151,122.84,123.4531593077151,stop,-0.643159307715095,-0.0052357481904517665,-52.35748190451766,0.6131593077150939,-1.048926925878031
2005-11-15,1,900,955,122.96000000000001,123.05,122.95,123.06,time,0.0899999999999892,0.0007320048800324456,7.320048800324456,0.5223982086841943,0.172282367174802
2005-11-18,1,763,849,124.37,124.80999999999999,124.36,124.82,target,0.4399999999999835,0.0035381151495656443,35.38115149565644,0.5062166778230335,0.8691930141302092
2005-11-22,-1,850,955,126.22999999999999,126.46000000000001,126.24,126.45,time,-0.2300000000000182,-0.0018219264892270137,-18.219264892270136,0.46147938094780727,-0.4983971321267567
2005-11-23,-1,770,912,127.19999999999999,126.87,127.21,126.86,target,0.3299999999999841,0.0025941356811570167,25.941356811570166,0.4230512362512826,0.780047360041212
2005-12-01,-1,810,955,126.94999999999999,126.87,126.96,126.86,time,0.07999999999998408,0.0006301197227471967,6.301197227471967,0.5008989638668311,0.15971284784141193
2005-12-07,1,811,955,126.01,126.17,126.0,126.18,time,0.1599999999999966,0.0012698412698412427,12.698412698412428,0.4492994393415586,0.35610994804372365
2005-12-08,-1,699,766,126.75999999999999,126.32000000000001,126.77,126.31,target,0.4399999999999835,0.00347085272540809,34.7085272540809,0.5210197672303991,0.8444977094418223
2005-12-09,-1,870,955,126.74,126.41000000000001,126.75,126.4,time,0.3299999999999841,0.0026035502958578626,26.035502958578626,0.5155417551409869,0.6401033412118828
2005-12-12,1,819,913,126.0,126.41,125.99,126.42,target,0.4099999999999966,0.0032542265259147283,32.542265259147285,0.528711705355164,0.7754698748812032
2005-12-13,-1,861,955,127.17,127.11,127.18,127.1,time,0.060000000000002274,0.00047177229124077897,4.7177229124077895,0.526574146033866,0.11394406742510949
2005-12-19,1,867,955,125.98,125.77,125.97,125.78,time,-0.21000000000000796,-0.0016670635865682938,-16.67063586568294,0.5074096314577048,-0.413866799092308
2005-12-21,1,897,955,125.87,126.13,125.86,126.14,time,0.2599999999999909,0.0020657873828062207,20.657873828062208,0.4811248924672782,0.5404002247039708
2005-12-27,1,694,801,126.29,125.82537387942304,126.28,125.84537387942304,stop,-0.4646261205769662,-0.0036793325988039765,-36.79332598803976,0.43462612057696504,-1.0690248436062155
2006-01-03,1,634,698,124.58,124.89999999999999,124.57,124.91,target,0.3199999999999932,0.002568836798587085,25.68836798587085,0.46097887215373134,0.69417498139324
2006-01-06,-1,833,955,128.35000000000002,128.37,128.36,128.36,time,-0.01999999999998181,-0.00015581177937037868,-1.5581177937037867,0.4649070081389084,-0.04301935580632517
2006-01-12,1,873,955,128.54,128.49,128.53,128.5,time,-0.04999999999998295,-0.0003890142379209752,-3.890142379209752,0.44627899228149204,-0.11203753899409469
2006-01-19,-1,783,955,128.56,128.48,128.57,128.47,time,0.0800000000000125,0.0006222291358793849,6.222291358793848,0.4439170790174103,0.18021383673069927
2006-01-20,1,652,709,127.41000000000001,126.9618998056653,127.4,126.9818998056653,stop,-0.4481001943347138,-0.003517269971230093,-35.172699712300926,0.4181001943347127,-1.0717531357471326
2006-01-25,1,746,788,126.13000000000001,126.67999999999999,126.12,126.69,target,0.549999999999983,0.004360926102124825,43.60926102124825,0.39834640531209686,1.3807078278240477
2006-02-02,1,661,690,127.30000000000001,126.80548408706188,127.29,126.82548408706188,stop,-0.4945159129381267,-0.003884954929202032,-38.84954929202032,0.46451591293812555,-1.0645833633776873
2006-02-03,-1,801,858,127.07,126.55000000000001,127.08,126.54,target,0.5199999999999818,0.004091910607491201,40.919106074912015,0.4864617212604827,1.068943304835162
2006-02-07,1,791,955,125.56,125.52,125.55,125.53,time,-0.04000000000000625,-0.0003185981680605835,-3.1859816806058348,0.4958379917872975,-0.08067151098249302
2006-02-10,1,637,700,125.67,126.03999999999999,125.66,126.05,target,0.36999999999999034,0.0029444532866464298,29.444532866464296,0.39476224478700317,0.9372730165713454
2006-02-14,-1,714,850,127.35,127.81336063755037,127.36,127.79336063755038,stop,-0.46336063755038026,-0.003638195960665674,-36.38195960665674,0.4333606375503791,-1.0692264072934257
2006-02-28,1,661,813,128.34,128.66,128.33,128.67,target,0.3199999999999932,0.0024935712615911567,24.935712615911566,0.519971200742475,0.6154186992338425
2006-03-03,-1,761,922,129.59,129.29,129.6,129.28,target,0.30000000000001137,0.0023148148148149027,23.148148148149026,0.5238184855042789,0.5727174742815768
2006-03-06,1,821,955,128.26,128.08,128.25,128.09,time,-0.1799999999999784,-0.0014035087719296562,-14.035087719296563,0.5133343616738841,-0.3506486482086124
2006-03-08,-1,886,955,128.31,128.23,128.32,128.22,time,0.0800000000000125,0.0006234413965088256,6.234413965088256,0.4676079444505774,0.17108349194967087
2006-03-09,1,803,955,127.77000000000001,127.69,127.76,127.7,time,-0.0800000000000125,-0.0006261740763933352,-6.261740763933352,0.45440243805299474,-0.17605539341468607
2006-03-10,-1,643,890,128.5,128.26,128.51,128.25,target,0.2400000000000091,0.001867558944829267,18.67558944829267,0.4198212727979751,0.5716718412111076
2006-03-14,-1,807,955,129.77,130.1,129.78,130.09,time,-0.3299999999999841,-0.002542764678686886,-25.42764678686886,0.5294747218263467,-0.623259215967283
2006-03-21,-1,703,826,130.88,130.45999999999998,130.89,130.45,target,0.4200000000000159,0.003208801283520635,32.08801283520635,0.42358077320110965,0.9915464217744518
2006-03-28,1,873,955,129.44,129.21,129.43,129.22,time,-0.22999999999998977,-0.0017770223286717897,-17.770223286717897,0.38781220676668227,-0.5930705531875217
2006-03-29,-1,693,955,130.12,130.22,130.13,130.21,time,-0.09999999999999432,-0.0007684623069238017,-7.684623069238017,0.49891956527307,-0.20043310978446405
2006-03-30,1,671,955,129.97,130.02,129.96,130.03,time,0.05000000000001137,0.00038473376423523673,3.8473376423523673,0.4773728017461849,0.10473994290650004
2006-04-04,-1,729,955,130.32000000000002,130.47,130.33,130.46,time,-0.14999999999997726,-0.00115092457607594,-11.5092457607594,0.513834563033015,-0.29192275255788785
2006-04-07,1,631,694,130.32999999999998,129.89370785130123,130.32,129.91370785130124,stop,-0.43629214869875454,-0.0033478525836307133,-33.478525836307135,0.4062921486987534,-1.0738384930550178
2006-04-11,1,632,905,129.0,128.41101364864704,128.99,128.43101364864705,stop,-0.5889863513529576,-0.004566139633715463,-45.661396337154635,0.5589863513529565,-1.0536685733513707
2006-04-17,1,832,955,128.28,128.52,128.27,128.53,time,0.2400000000000091,0.0018710532470570598,18.710532470570598,0.5795256810795735,0.4141317767884305
2006-04-18,-1,842,918,130.3,130.86554279408168,130.31,130.84554279408167,stop,-0.5655427940816651,-0.0043399800021615,-43.399800021615,0.5355427940816639,-1.056017932332456
2006-04-20,1,679,776,130.63,131.3,130.62,131.31,target,0.6700000000000159,0.005129382942887888,51.29382942887887,0.5263539189091375,1.2729077830152442
2006-04-27,-1,676,955,131.12,131.10999999999999,131.13,131.1,time,0.010000000000019327,7.626019980187087e-05,0.7626019980187086,0.569795718340373,0.01755014942749312
2006-05-11,1,686,800,131.32,130.79191887958342,131.31,130.81191887958343,stop,-0.528081120416573,-0.004021636740663872,-40.21636740663872,0.4980811204165718,-1.0602311526582469
2006-05-12,1,774,955,129.60999999999999,129.21,129.6,129.22,time,-0.39999999999997726,-0.0030864197530862444,-30.864197530862445,0.5018082601934282,-0.7971172093615844
2006-05-15,1,832,875,128.72,129.21,128.71,129.22,target,0.4900000000000091,0.0038070080024862796,38.0700800248628,0.5792821069634044,0.8458745645857906
2006-05-16,1,705,777,129.07,129.54000000000002,129.06,129.55,target,0.4700000000000273,0.0036417170308385813,36.41717030838581,0.6021848759353645,0.780491205910782
2006-05-17,1,675,689,128.06,127.46968775990605,128.05,127.48968775990605,stop,-0.5903122400939509,-0.004610013589175719,-46.10013589175719,0.560312240093964,-1.0535415753097879
2006-05-19,1,672,682,125.99000000000001,126.58999999999999,125.98,126.6,target,0.5999999999999801,0.00476266073979981,47.6266073979981,0.5388071623247725,1.1135709432873553
2006-05-22,1,711,725,125.63000000000001,126.27,125.62,126.28,target,0.6399999999999864,0.0050947301385128665,50.94730138512867,0.5388277767484908,1.1877635630850556
2006-05-24,1,767,843,125.31,125.72999999999999,125.3,125.74,target,0.4199999999999875,0.00335195530726247,33.5195530726247,0.6384889644615299,0.6578030684589745
2006-06-05,1,861,947,127.61,126.85820197727844,127.6,126.87820197727844,stop,-0.7517980227215588,-0.005891834033868016,-58.91834033868016,0.7217980227215577,-1.041562873623407
2006-06-08,1,682,821,124.58,124.92999999999999,124.57,124.94,target,0.3499999999999943,0.0028096652484546386,28.096652484546386,0.8027285393268642,0.43601290206212207
2006-06-13,1,891,955,123.05000000000001,122.83999999999999,123.04,122.85,time,-0.21000000000002217,-0.0017067620286087626,-17.067620286087624,0.833927309360007,-0.2518205095851646
2006-06-15,-1,880,942,125.44,126.25713112834295,125.45,126.23713112834295,stop,-0.8171311283429503,-0.006513600066504187,-65.13600066504188,0.7871311283429492,-1.0381130905890565
2006-06-19,1,822,955,123.7,123.97999999999999,123.69,123.99,time,0.2799999999999869,0.0022637238256931597,22.637238256931596,0.848023947418568,0.33017935501977563
2006-06-29,-1,863,948,126.66,127.23288581418242,126.67,127.21288581418243,stop,-0.5728858141824276,-0.004522663726079005,-45.22663726079005,0.5428858141824264,-1.0552602392920885
2006-07-07,1,898,955,126.42,126.53,126.41,126.54,time,0.10999999999999943,0.000870184320860687,8.701843208606869,0.6315840271563218,0.17416526585586625
2006-07-12,1,831,955,125.99000000000001,125.82,125.98,125.83,time,-0.17000000000001592,-0.0013494205429434507,-13.494205429434507,0.5722365833946697,-0.29707992276818046
2006-07-13,1,888,955,124.44000000000001,124.39,124.43,124.4,time,-0.05000000000001137,-0.0004018323555413595,-4.018323555413595,0.6192997798079602,-0.08073634390039014
2006-07-14,1,690,808,123.18,123.63,123.17,123.64,target,0.44999999999998863,0.003653487050418029,36.53487050418029,0.6385190803031833,0.7047557604485656
2006-07-18,1,799,876,122.71000000000001,123.27,122.7,123.28,target,0.5599999999999881,0.004563977180114002,45.63977180114002,0.6133228559302779,0.913059075795552
2006-07-19,-1,645,955,125.71,125.96000000000001,125.72,125.95,time,-0.2500000000000142,-0.0019885459751830593,-19.88545975183059,0.5910172297565595,-0.42299951238814043
2006-07-24,-1,706,955,125.94999999999999,126.09,125.96,126.08,time,-0.14000000000001478,-0.0011114639568118036,-11.114639568118037,0.6801962600410434,-0.20582294879358365
2006-08-04,1,796,955,127.98,128.06,127.97,128.07,time,0.0799999999999983,0.0006251465187153105,6.251465187153105,0.761228237962257,0.10509331631489587
2006-08-09,1,900,955,127.29,126.61999999999999,127.28,126.63,time,-0.6700000000000159,-0.005263984915147831,-52.63984915147831,0.7288945252435184,-0.9192002090784998
2006-09-06,1,897,955,130.43949999999998,130.46,130.4295,130.47,time,0.02050000000002683,0.00015717303217467545,1.5717303217467544,0.39011233295545367,0.052548966716127105
2006-09-07,-1,827,882,130.42000000000002,130.03,130.43,130.02,target,0.3900000000000148,0.002990109637353483,29.901096373534827,0.402967828169551,0.9678191973080295
2006-09-11,-1,749,955,130.29000000000002,130.31,130.3,130.3,time,-0.01999999999998181,-0.00015349194167292254,-1.5349194167292255,0.3940877526781321,-0.050750118124875204
2006-09-12,-1,873,955,131.46,131.66,131.47,131.65,time,-0.19999999999998863,-0.0015212596029511572,-15.212596029511571,0.44976758776181214,-0.44467410600940105
2006-09-19,1,746,912,131.22,131.52,131.21,131.53,target,0.30000000000001137,0.002286411096715276,22.864110967152758,0.43011514795460926,0.6974876412203712
2006-09-21,1,776,955,131.87,131.70000000000002,131.86,131.71,time,-0.1699999999999875,-0.0012892461701803995,-12.892461701803995,0.4524316173001921,-0.37574739142775493
2006-09-25,-1,772,852,132.01000000000002,132.50298997028494,132.02,132.48298997028493,stop,-0.4929899702849241,-0.0037342067132625665,-37.342067132625665,0.46298997028492295,-1.0647962200596683
2006-10-02,1,831,955,133.07999999999998,133.16,133.07,133.17,time,0.0800000000000125,0.0006011873450064816,6.011873450064816,0.47863342697763755,0.16714252597270066
2006-10-03,-1,727,947,133.46,133.28,133.47,133.27,target,0.18000000000000682,0.0013486176668914874,13.486176668914874,0.4006809820392334,0.44923519724822325
2006-10-04,-1,698,854,134.01000000000002,134.50353660665976,134.02,134.48353660665975,stop,-0.4935366066597453,-0.0036825593691967263,-36.82559369196726,0.46353660665974417,-1.0647198076030755
2006-10-11,1,893,914,134.44,134.96,134.43,134.97,target,0.5200000000000102,0.0038681841850778114,38.68184185077811,0.4024276538025049,1.292157720988044
2006-10-18,1,643,708,136.51,136.82000000000002,136.5,136.83,target,0.3100000000000307,0.002271062271062496,22.71062271062496,0.45805850676958926,0.676769441934992
2006-10-23,-1,631,859,137.49,137.35999999999999,137.5,137.35,target,0.13000000000002387,0.0009454545454547191,9.45454545454719,0.3892217328109666,0.3339998490350512
2006-10-25,-1,859,869,138.35000000000002,137.87,138.36,137.86,target,0.4800000000000182,0.0034692107545534704,34.692107545534704,0.4282023612247201,1.1209653272979379
2006-10-26,-1,894,955,138.93,138.95,138.94,138.94,time,-0.01999999999998181,-0.00014394702749375134,-1.4394702749375134,0.45949885697842774,-0.043525679544662625
2006-10-27,1,867,955,137.82,137.70000000000002,137.81,137.71,time,-0.11999999999997613,-0.0008707640954936226,-8.707640954936226,0.37565693338208916,-0.31944039717196276
2006-10-31,1,782,923,137.29,137.70000000000002,137.28,137.71,target,0.410000000000025,0.0029865967365969187,29.865967365969187,0.48889273520399,0.838629765748008
2006-11-01,1,718,905,137.42,136.9255709151256,137.41,136.94557091512561,stop,-0.4944290848743833,-0.0035982030774644007,-35.98203077464401,0.46442908487438217,-1.064595437661092
2006-11-03,1,685,893,136.51,136.77,136.5,136.78,target,0.2600000000000193,0.0019047619047620464,19.047619047620465,0.46011084982279726,0.5650812192326116
2006-11-08,-1,854,955,138.86,138.76,138.87,138.75,time,0.10000000000002274,0.0007200979333190951,7.2009793331909515,0.39482407278518394,0.25327736299004944
2006-11-09,1,885,955,138.07999999999998,138.01000000000002,138.07,138.02,time,-0.06999999999996476,-0.0005069892083723094,-5.0698920837230945,0.5055778746759074,-0.13845542597139388
2006-11-14,1,631,777,138.16,138.55,138.15,138.56,target,0.3900000000000148,0.002823018458197718,28.23018458197718,0.5447064333773426,0.7159819970950192
2006-11-27,1,674,754,139.2,138.79680574426794,139.19,138.81680574426795,stop,-0.40319425573204626,-0.0028967185554425335,-28.967185554425335,0.3731942557320451,-1.080387089402419
2006-11-28,-1,633,756,138.89000000000001,138.64999999999998,138.9,138.64,target,0.24000000000003752,0.0017278617710585853,17.278617710585852,0.4556921488261878,0.5266713517409742
2006-11-29,-1,674,785,140.38,140.011,140.39,140.001,target,0.3689999999999998,0.00262839233563644,26.283923356364397,0.4518102518919136,0.8167145354821995
2006-11-30,-1,810,955,140.64000000000001,140.67,140.65,140.66,time,-0.029999999999972715,-0.0002132954141484018,-2.132954141484018,0.48595596012862075,-0.061733989211764054
2006-12-01,1,631,705,139.67999999999998,139.91,139.67,139.92,target,0.2300000000000182,0.0016467387413189533,16.467387413189535,0.47597755554238574,0.4832160620219344
2006-12-04,-1,822,955,141.44,141.19,141.45,141.18,time,0.25,0.0017674089784376107,17.674089784376108,0.4333788892717223,0.5768624319013693
2006-12-07,1,646,810,141.48,141.85000000000002,141.47,141.86,target,0.37000000000003297,0.0026153954902101715,26.153954902101713,0.4794230625950604,0.7717609536705778
2006-12-08,-1,691,828,141.81,141.37,141.82,141.36,target,0.4399999999999977,0.0031025243266111814,31.025243266111815,0.4560708517612966,0.9647623791364106
2006-12-12,1,743,861,140.97,141.41,140.96,141.42,target,0.4399999999999977,0.0031214528944381223,31.21452894438122,0.5081948365755693,0.8658096626185794
2006-12-19,-1,847,955,142.21,142.31,142.22,142.3,time,-0.09999999999999432,-0.0007031359864997491,-7.031359864997491,0.5144456864370852,-0.19438397995436188
2006-12-21,1,754,955,141.60999999999999,141.62,141.6,141.63,time,0.010000000000019327,7.062146892669016e-05,0.7062146892669017,0.5141496035761861,0.019449591967909664
2007-01-03,1,844,851,141.85999999999999,141.43296360808716,141.85,141.45296360808717,stop,-0.4270363919128215,-0.003010478617644142,-30.10478617644142,0.39703639191282036,-1.0755598242656517
2007-01-25,1,826,905,142.76999999999998,142.22185477639204,142.76,142.24185477639205,stop,-0.5481452236079463,-0.0038396275119637596,-38.39627511963759,0.5181452236079451,-1.0578988257213013
2007-01-31,-1,860,876,143.36,143.85560809627634,143.37,143.83560809627633,stop,-0.49560809627632807,-0.0034568465946594688,-34.568465946594685,0.46560809627632693,-1.0644318692907713
2007-02-09,1,781,827,144.41,143.904789507332,144.4,143.924789507332,stop,-0.5052104926679988,-0.003498687622354562,-34.98687622354562,0.47521049266799764,-1.063129919189222
2007-02-20,-1,692,955,145.94,146.07,145.95,146.06,time,-0.12999999999999545,-0.0008907159986296366,-8.907159986296366,0.457433205332336,-0.2841944976546847
2007-02-22,1,680,934,145.53,145.75,145.52,145.76,target,0.21999999999999886,0.0015118196811434775,15.118196811434775,0.4053837230512727,0.5426956917364277
2007-02-26,1,766,955,144.94,145.15,144.93,145.16,time,0.21000000000000796,0.0014489753674188086,14.489753674188087,0.45949851872794056,0.45701997164509806
2007-02-27,1,731,817,142.91,142.4656540289822,142.9,142.4856540289822,stop,-0.44434597101781037,-0.0031094889504395405,-31.094889504395404,0.41434597101780923,-1.0724032622455781
2007-02-28,-1,631,645,140.86,141.99417226618525,140.87,141.97417226618524,stop,-1.1341722661852316,-0.008051198027864212,-80.51198027864211,1.1041722661852305,-1.0271696735362201
2007-03-01,-1,631,656,140.28,140.9196801132117,140.29,140.8996801132117,stop,-0.6396801132117105,-0.00455969857589073,-45.5969857589073,0.6096801132117093,-1.0492061317892842
2007-03-02,1,811,955,139.0,139.18,138.99,139.19,time,0.18000000000000682,0.0012950571983596432,12.950571983596433,0.7516863273957881,0.23946158582345847
2007-03-13,1,830,955,139.06,138.19,139.05,138.2,time,-0.8700000000000045,-0.006256742179072308,-62.56742179072308,0.9562545630142267,-0.9097995802055703
2007-03-14,1,744,800,137.07,137.92000000000002,137.06,137.93,target,0.8500000000000227,0.0062016635050344575,62.016635050344576,0.9465581275053125,0.8979902821607246
2007-03-21,-1,866,898,142.38,143.25715862469468,142.39,143.23715862469467,stop,-0.8771586246946868,-0.006160254404766394,-61.60254404766393,0.8471586246946856,-1.035412494337543
2007-03-30,1,704,707,141.34,140.6825678613911,141.33,140.70256786139112,stop,-0.6574321386088968,-0.004651752201294111,-46.51752201294111,0.6274321386088957,-1.0478139358090826
2007-04-12,-1,811,955,144.55,144.76999999999998,144.56,144.76,time,-0.21999999999997044,-0.0015218594355282957,-15.218594355282956,0.5467455273603434,-0.40238097796998545
2007-04-24,-1,857,955,148.35000000000002,147.98999999999998,148.36,147.98,time,0.36000000000004206,0.0024265300620116073,24.265300620116072,0.544040705049639,0.6617151927394757
2007-04-25,-1,848,955,149.18,149.45,149.19,149.44,time,-0.2699999999999818,-0.001809772772973938,-18.09772772973938,0.5002265542722739,-0.5397554322016669
2007-05-10,1,721,955,149.92,149.37,149.91,149.38,time,-0.549999999999983,-0.0036688679874590283,-36.688679874590285,0.6106905761297128,-0.9006197598227896
2007-05-14,1,857,955,150.04,150.36,150.03,150.37,time,0.3200000000000216,0.002132906751983081,21.329067519830808,0.687651374945915,0.46535208342336287
2007-05-15,1,886,955,150.38,150.20000000000002,150.37,150.21,time,-0.1799999999999784,-0.0011970472833675494,-11.970472833675494,0.7063252488768512,-0.25484010416759384
2007-05-24,1,689,936,151.60999999999999,150.82124604823258,151.6,150.8412460482326,stop,-0.7887539517674043,-0.005202862478676809,-52.02862478676809,0.7587539517674031,-1.0395385090649223
2007-05-30,-1,900,955,152.98000000000002,153.26,152.99,153.25,time,-0.2799999999999727,-0.0018301849794102405,-18.301849794102406,0.8700612235741687,-0.3218164336180234
2007-06-07,1,674,813,150.76,149.9714434281884,150.75,149.9914434281884,stop,-0.788556571811597,-0.005230889365251058,-52.308893652510584,0.7585565718115959,-1.0395487971692798
2007-06-12,-1,842,881,151.47,150.66,151.48,150.65,target,0.8100000000000023,0.005347240559809892,53.472405598098916,0.6641878276342368,1.2195345447463743
2007-06-13,-1,899,955,151.59,151.82,151.6,151.81,time,-0.22999999999998977,-0.0015171503957782967,-15.171503957782967,0.730762635578202,-0.3147396826303341
2007-06-20,1,878,937,152.01,151.2820797000601,152.0,151.30207970006012,stop,-0.7279202999398819,-0.00478894934170975,-47.8894934170975,0.6979202999398808,-1.0429848508527197
2007-06-21,-1,816,955,151.93,151.94,151.94,151.93,time,-0.009999999999990905,-6.581545346841454e-05,-0.6581545346841454,0.8063518462037393,-0.01240153420255731
2007-06-22,1,750,955,150.26,150.19,150.25,150.2,time,-0.06999999999999318,-0.0004658901830282408,-4.6589018302824075,0.8272778805622636,-0.08461485752818307
2007-06-25,1,875,955,149.47,149.5,149.46,149.51,time,0.030000000000001137,0.0002007226013649213,2.007226013649213,0.7438444217407607,0.04033101428628649
2007-06-27,-1,867,955,149.88,150.51,149.89,150.5,time,-0.6299999999999955,-0.004203082260324208,-42.03082260324208,0.8890505755318827,-0.7086211036116726
2007-07-20,1,699,848,153.45999999999998,153.93,153.45,153.94,target,0.4700000000000273,0.003062886933854854,30.62886933854854,0.7078988230382492,0.6639366879899901
2007-07-24,1,881,925,152.16,151.39368625042079,152.15,151.4136862504208,stop,-0.7663137495792114,-0.005036567529275132,-50.36567529275132,0.7363137495792103,-1.0407435010104669
2007-07-25,1,645,665,150.92,151.44,150.91,151.45,target,0.5200000000000102,0.00344576237492552,34.4576237492552,0.8119621215809332,0.6404239633587128
2007-07-26,1,678,756,148.92999999999998,148.09525078762695,148.92,148.11525078762696,stop,-0.8347492123730262,-0.005605353292862116,-56.05353292862116,0.8047492123730251,-1.0372786944538135
2007-07-27,1,735,823,146.5,147.47,146.49,147.48,target,0.9699999999999989,0.0066216123967506235,66.21612396750623,1.2457800219606554,0.7786286365977971
2007-07-31,1,878,955,146.62,145.82000000000002,146.61,145.83,time,-0.799999999999983,-0.0054566537071139955,-54.566537071139955,1.2957348903411798,-0.6174102480094018
2007-08-10,-1,744,828,146.35000000000002,144.39999999999998,146.36,144.39,target,1.9500000000000455,0.013323312380432122,133.23312380432122,1.9430723430205887,1.0035653108873381
2007-08-16,1,767,819,137.48999999999998,139.12,137.48,139.13,target,1.6300000000000239,0.011856270002909688,118.56270002909689,1.7675298538051152,0.9221909301791883
2007-08-17,1,643,785,142.69,144.02,142.68,144.03,target,1.3300000000000125,0.009321558732828795,93.21558732828795,1.778622081849619,0.7477698683561396
2007-09-18,-1,856,856,150.8,151.3257928405274,150.81,151.3057928405274,stop,-0.5257928405274015,-0.0034864587263934853,-34.86458726393485,0.49579284052740036,-1.0605091432302423
2007-10-11,1,854,868,156.31,155.69447474278877,156.3,155.71447474278878,stop,-0.6155252572112317,-0.003938101453686703,-39.38101453686703,0.5855252572112306,-1.0512360476862888
2007-10-15,1,667,784,155.04999999999998,154.36665351467323,155.04,154.38665351467324,stop,-0.6833464853267515,-0.0044075495699609874,-44.075495699609874,0.6533464853267503,-1.0459174430011628
2007-10-17,1,777,832,153.6,152.82413047246163,153.59,152.84413047246164,stop,-0.7758695275383616,-0.005051562781029765,-50.51562781029765,0.7458695275383604,-1.0402215117957856
2007-10-19,1,660,738,151.62,152.27,151.61,152.28,target,0.6500000000000057,0.004287316140096337,42.87316140096337,0.8146379606111509,0.7979004556973605
2007-10-22,-1,809,904,150.66,149.67,150.67,149.66,target,0.9900000000000091,0.006570651091790065,65.70651091790066,0.9837005167471204,1.0064038629091296
2007-10-24,1,672,838,149.47,148.40096230013216,149.46,148.42096230013217,stop,-1.0690376998678346,-0.007152667602487854,-71.52667602487854,1.0390376998678335,-1.0288728695829008
2007-10-25,1,804,898,150.19,151.18,150.18,151.19,target,0.9900000000000091,0.00659208949260893,65.9208949260893,1.1546306826736554,0.8574170207460375
2007-10-31,-1,898,955,155.09,154.79999999999998,155.1,154.79,time,0.29000000000002046,0.0018697614442296613,18.69761444229661,1.1819959763510042,0.24534770490107183
2007-11-07,1,799,955,148.81,147.81,148.8,147.82,time,-1.0,-0.006720430107526881,-67.20430107526882,1.2342108197610742,-0.8102343489369068
2007-11-08,1,770,920,145.64999999999998,146.83,145.64,146.84,target,1.1800000000000352,0.008102169733589916,81.02169733589916,1.2190916788422612,0.9679337661632222
2007-11-20,1,792,934,142.82,143.99,142.81,144.0,target,1.170000000000016,0.008192703592185532,81.92703592185532,1.5914674746054516,0.7351705383046401
2007-12-11,1,863,878,150.45,149.40137254865073,150.44,149.42137254865074,stop,-1.0486274513492617,-0.006970403159726547,-69.70403159726547,1.0186274513492606,-1.0294513955620022
2007-12-12,1,763,911,149.28,148.00708781279215,149.27,148.02708781279216,stop,-1.2729121872078508,-0.008527582147838485,-85.27582147838486,1.2429121872078497,-1.024136862047668
2007-12-18,1,723,805,144.0,145.21,143.99,145.22,target,1.210000000000008,0.00840336134453787,84.0336134453787,1.086549060059241,1.113617455924205
2008-01-02,1,743,851,144.42999999999998,145.32000000000002,144.42,145.33,target,0.8900000000000432,0.006162581359922748,61.625813599227484,1.1307099769583715,0.7871160758607242
2008-01-04,1,870,955,141.34,141.03,141.33,141.04,time,-0.3100000000000023,-0.0021934479586782868,-21.934479586782867,0.9744062926383492,-0.31814244462710867
2008-01-07,1,633,671,140.23999999999998,141.09,140.23,141.1,target,0.8500000000000227,0.006061470441417834,60.61470441417834,0.9505672233046596,0.8942029339545144
2008-01-08,1,706,837,141.12,141.92000000000002,141.11,141.93,target,0.8000000000000114,0.005669335979023537,56.69335979023537,0.9500160182575712,0.8420910643878353
2008-01-09,1,849,889,137.95999999999998,139.0,137.95,139.01,target,1.0400000000000205,0.007538963392533676,75.38963392533675,1.086968767224846,0.9567892209591797
2008-01-10,-1,738,767,141.29000000000002,140.59,141.3,140.58,target,0.700000000000017,0.004953998584571954,49.539985845719535,1.094506008905995,0.6395579323494959
2008-01-16,-1,878,940,138.89000000000001,137.79,138.9,137.78,target,1.1000000000000227,0.007919366450684109,79.19366450684109,1.2421449459569942,0.8855649282963046
2008-01-17,1,635,879,135.37,134.09491822556754,135.36,134.11491822556755,stop,-1.275081774432465,-0.0094199303666701,-94.199303666701,1.2450817744324638,-1.024094802940695
2008-01-18,1,684,955,132.25,132.46,132.24,132.47,time,0.21000000000000796,0.0015880217785844521,15.880217785844522,1.2564780279307683,0.16713384184349533
2008-01-22,-1,668,955,131.64000000000001,130.84,131.65,130.83,time,0.8000000000000114,0.006076718571971221,60.76718571971222,2.0202692699211866,0.39598681814886016
2008-03-13,-1,808,955,131.59,131.92999999999998,131.6,131.92,time,-0.339999999999975,-0.0025835866261396277,-25.835866261396276,1.2705035546125032,-0.2676104279800092
2008-03-14,1,867,919,128.26,129.8,128.25,129.81,target,1.5400000000000205,0.012007797270955325,120.07797270955325,1.381841554247444,1.114454834033928
2008-03-19,1,833,955,131.62,130.52,131.61,130.53,time,-1.0999999999999943,-0.008358027505508656,-83.58027505508656,1.694891991973293,-0.6490089074757558
2008-04-24,-1,709,855,138.66,139.5421259408366,138.67,139.5221259408366,stop,-0.8821259408366018,-0.0063613322336237245,-63.613322336237246,0.8521259408366006,-1.035206063519845
2008-05-01,-1,760,797,140.10000000000002,140.98455051196882,140.11,140.9645505119688,stop,-0.8845505119687971,-0.006313257526006688,-63.13257526006688,0.854550511968796,-1.0351061752112045
2008-05-06,-1,740,955,141.33,141.82999999999998,141.34,141.82,time,-0.4999999999999716,-0.0035375689825949594,-35.37568982594959,0.9484442142880596,-0.5271791344895195
2008-05-07,1,867,925,140.25,139.41084306166098,140.24,139.430843061661,stop,-0.8391569383390163,-0.005983720324722021,-59.83720324722021,0.8091569383390151,-1.0370756259738478
2008-05-21,1,842,874,140.45,139.59128106042144,140.44,139.61128106042145,stop,-0.8587189395785515,-0.00611448974351005,-61.1448974351005,0.8287189395785504,-1.036200451766262
2008-05-29,-1,759,924,140.64000000000001,140.04,140.65,140.03,target,0.6000000000000227,0.004265908282972078,42.65908282972078,0.8592872984916937,0.6982530767686224
2008-06-02,1,763,929,138.1,138.71,138.09,138.72,target,0.6100000000000136,0.004417408936201127,44.17408936201127,0.8428964212825747,0.723695088266979
2008-06-03,1,820,865,138.25,137.37571269301696,138.24,137.39571269301697,stop,-0.8742873069830353,-0.006324416283152743,-63.244162831527426,0.8442873069830341,-1.0355329278929974
2008-06-06,1,668,927,138.07,137.10743228517856,138.06,137.12743228517857,stop,-0.9625677148214322,-0.006972097021740057,-69.72097021740056,0.9325677148214311,-1.03216924575364
2008-06-09,1,850,943,135.72,136.54000000000002,135.71,136.55,target,0.8200000000000216,0.006042296072507712,60.42296072507712,1.0361475437316017,0.7913930838911781
2008-06-24,-1,748,908,132.27,131.39999999999998,132.28,131.39,target,0.870000000000033,0.0065769579679470285,65.76957967947028,1.0297047003062119,0.8449024266290266
2008-06-26,1,885,955,128.64,128.26000000000002,128.63,128.27,time,-0.37999999999996703,-0.0029542097488919152,-29.542097488919154,1.0648590383343048,-0.35685474444991166
2008-07-01,1,744,836,126.23,127.13,126.22,127.14,target,0.8999999999999915,0.007130407225479254,71.30407225479254,0.9983298483148388,0.9015056511824963
2008-07-07,1,742,777,125.71000000000001,124.59915673275276,125.7,124.61915673275276,stop,-1.1108432672472475,-0.008837257496000377,-88.37257496000377,1.0808432672472463,-1.0277561057269726
2008-07-08,-1,900,955,126.44999999999999,127.29,126.46,127.28,time,-0.8400000000000176,-0.00664241657441102,-66.4241657441102,1.0969866901670997,-0.7657339943404998
2008-07-09,1,894,944,125.57000000000001,124.56984529543746,125.56,124.58984529543746,stop,-1.0001547045625472,-0.007965551963702988,-79.65551963702988,0.970154704562546,-1.0309229031812286
2008-07-11,-1,900,934,124.89,123.63000000000001,124.9,123.62,target,1.259999999999991,0.010088070456365018,100.88070456365018,1.2601075892885092,0.9999146189663225
2008-07-14,1,718,933,122.89,123.69,122.88,123.7,target,0.7999999999999972,0.0065104166666666435,65.10416666666643,1.1880386094128,0.6733787889228661
2008-07-15,-1,761,943,122.74,121.88000000000001,122.75,121.87,target,0.8599999999999852,0.007006109979633281,70.06109979633281,1.3590753971363654,0.6327831419890647
2008-08-08,-1,809,955,129.23000000000002,129.7,129.24,129.69,time,-0.46999999999997044,-0.0036366450015472796,-36.36645001547279,1.0818421722167386,-0.43444414727974723
2008-08-18,1,848,955,128.14999999999998,128.05,128.14,128.06,time,-0.0999999999999659,-0.0007803964413919612,-7.803964413919612,1.1188919911931805,-0.08937413154001256
2008-08-25,1,737,955,127.01,127.07,127.0,127.08,time,0.05999999999998806,0.00047244094488179577,4.7244094488179575,1.0742662813511714,0.05585207414731694
2008-09-02,1,753,853,128.95999999999998,128.08108701515212,128.95,128.10108701515213,stop,-0.8789129848478581,-0.0068159207820694696,-68.15920782069469,0.8489129848478569,-1.0353393110194653
2008-09-04,1,642,806,125.71000000000001,124.69395032083806,125.7,124.71395032083805,stop,-1.0160496791619522,-0.00808313189468538,-80.8313189468538,0.9860496791619511,-1.030424430567736
2008-09-05,-1,885,955,124.30999999999999,124.85000000000001,124.32,124.84,time,-0.5400000000000205,-0.004343629343629508,-43.43629343629508,1.0029099301358713,-0.5384331970138763
2008-09-08,1,661,923,125.65,126.53,125.64,126.54,target,0.8799999999999955,0.007004138809296366,70.04138809296366,0.6489516230011105,1.3560332832367221
2008-09-09,1,657,874,125.35000000000001,124.29998657427416,125.34,124.31998657427415,stop,-1.0500134257258509,-0.008377321092435382,-83.77321092435382,1.0200134257258497,-1.0294113775793226
2008-09-11,-1,721,797,123.89999999999999,122.84,123.91,122.83,target,1.059999999999988,0.008554596077798305,85.54596077798305,1.222054213655241,0.8673919603202066
2008-09-15,-1,655,696,124.16,122.83,124.17,122.82,target,1.3299999999999983,0.010711121849077862,107.11121849077863,1.2423608866336906,1.0705423957798408
2008-09-16,-1,655,684,120.19,118.91000000000001,120.2,118.9,target,1.279999999999987,0.010648918469217861,106.48918469217861,1.3174762502929553,0.9715545154725672
2008-09-17,1,689,822,117.31,115.99229757805115,117.3,116.01229757805115,stop,-1.3177024219488516,-0.011233609735284327,-112.33609735284327,1.2877024219488504,-1.0232973080493226
2008-09-18,1,711,773,115.71000000000001,114.04299719259068,115.7,114.06299719259067,stop,-1.6670028074093324,-0.01440797586352059,-144.0797586352059,1.6370028074093312,-1.0183261750463815
2008-09-29,1,824,825,114.19000000000001,112.13799655276209,114.18,112.15799655276209,stop,-2.0520034472379223,-0.017971653943229304,-179.71653943229305,2.022003447237921,-1.0148367699575298
2008-10-03,1,873,955,110.76,110.02,110.75,110.03,time,-0.7400000000000091,-0.00668171557562085,-66.8171557562085,2.758413353997909,-0.26827016296433215
2008-10-06,1,644,671,102.71000000000001,105.25999999999999,102.7,105.27,target,2.549999999999983,0.0248296007789677,248.296007789677,2.5224008021539532,1.0109416385462857
2008-10-07,1,830,955,101.80000000000001,100.38,101.79,100.39,time,-1.420000000000016,-0.013950289812358933,-139.50289812358932,2.7382598598389905,-0.5185775173593319
2008-10-10,1,717,763,85.15,87.96,85.14,87.97,target,2.809999999999988,0.033004463237021234,330.04463237021235,2.6695038850669164,1.052630046998246
2008-10-14,1,859,947,98.05000000000001,100.6,98.04,100.61,target,2.549999999999983,0.02600979192166445,260.0979192166445,3.269026495380686,0.7800487403828855
2008-11-13,1,774,820,83.08,84.89,83.07,84.9,target,1.8100000000000023,0.021788852774768296,217.88852774768296,2.418373608380193,0.7484368807730768
2008-11-20,-1,770,801,82.22999999999999,79.96000000000001,82.24,79.95,target,2.269999999999982,0.027602140077820792,276.0214007782079,2.2216447258983294,1.0217655296267498
2008-12-05,-1,883,955,86.36,87.85000000000001,86.37,87.84,time,-1.490000000000009,-0.01725136042607397,-172.51360426073973,2.4225664184584303,-0.6150502164345826
2009-01-02,-1,872,955,92.78999999999999,93.36,92.8,93.35,time,-0.5700000000000074,-0.006142241379310425,-61.42241379310425,1.2151502583184595,-0.469077791901045
2009-01-15,-1,839,882,83.80999999999999,84.8627801761498,83.82,84.8427801761498,stop,-1.0527801761498097,-0.012560011645786325,-125.60011645786325,1.0227801761498085,-1.0293318160632856
2009-01-16,1,717,847,83.98,84.69999999999999,83.97,84.71,target,0.7199999999999847,0.008574490889603248,85.74490889603247,1.1353664161938894,0.6341565064198873
2009-01-20,1,863,955,81.56,80.67999999999999,81.55,80.69,time,-0.8800000000000097,-0.010790925812385159,-107.90925812385159,1.1765027032256654,-0.7479795818464996
2009-01-22,-1,848,905,83.58,82.32000000000001,83.59,82.31,target,1.259999999999991,0.015073573393946535,150.73573393946535,1.3545396318969694,0.9302053408621348
2009-01-23,-1,816,955,83.6,83.44000000000001,83.61,83.43,time,0.15999999999998238,0.001913646692979098,19.13646692979098,1.3606913439715527,0.1175872843675027
2009-01-26,1,848,927,83.03,84.22999999999999,83.02,84.24,target,1.1999999999999886,0.014454348349795094,144.54348349795094,1.3703510577450828,0.8756880167441127
2009-02-05,-1,729,955,84.951,84.71000000000001,84.961,84.7,time,0.24099999999998545,0.0028365956144582273,28.365956144582274,1.4087235254450405,0.17107686188732407
2009-02-10,1,693,868,84.38000000000001,83.07615059588528,84.37,83.09615059588528,stop,-1.3038494041147288,-0.015453945764071693,-154.53945764071693,1.2738494041147277,-1.023550664547235
2009-02-23,1,773,955,75.63000000000001,74.89999999999999,75.62,74.91,time,-0.7300000000000182,-0.009653530811954749,-96.53530811954748,1.2258663780367982,-0.5954972035117722
2009-02-24,-1,858,955,77.21,77.81,77.22,77.8,time,-0.6000000000000085,-0.00777000777000788,-77.70007770007881,1.2138155670411663,-0.4943090336718837
2009-02-26,1,897,955,76.07000000000001,76.05999999999999,76.06,76.07,time,-0.010000000000019327,-0.00013147515119667796,-1.3147515119667796,1.3103108956486125,-0.007631776575489179
2009-03-12,-1,891,955,75.22,75.51,75.23,75.5,time,-0.29000000000000625,-0.0038548451415659477,-38.54845141565948,1.4424135352661267,-0.2010519125824072
2009-03-18,-1,858,893,79.33,80.73299801718848,79.34,80.71299801718848,stop,-1.4029980171884802,-0.017683362959269977,-176.83362959269976,1.372998017188479,-1.021849995137963
2009-03-25,1,843,955,80.23,80.708,80.22,80.718,time,0.47799999999999443,0.005958613812016884,59.58613812016884,1.4499480492524128,0.3296669837560382
2009-04-16,-1,893,955,86.77,86.74000000000001,86.78,86.73,time,0.029999999999986926,0.0003457017746022923,3.457017746022923,1.0979665762156117,0.027323236107412906
2009-04-30,1,805,955,87.2201,87.5,87.2101,87.51,time,0.2798999999999978,0.003209490643858886,32.09490643858886,1.072533782463637,0.2609708007118065
2009-05-07,1,821,955,90.77000000000001,91.03,90.76,91.04,time,0.2599999999999909,0.0028646981048919226,28.646981048919226,1.0306782233510177,0.2522610782972202
2009-05-26,-1,636,955,90.83,91.15,90.84,91.14,time,-0.3200000000000074,-0.003522677234698452,-35.226772346984525,0.967197080192733,-0.3308529425422181
2009-05-28,-1,875,955,91.28,90.79,91.29,90.78,time,0.4899999999999949,0.005367510132544582,53.675101325445816,1.1031831972381525,0.4441692016581856
2009-06-25,-1,716,955,91.52,91.81,91.53,91.8,time,-0.29000000000000625,-0.0031683601005135613,-31.683601005135614,0.8686592322682145,-0.33384783034282356
2009-07-08,1,740,937,87.29,87.77,87.28,87.78,target,0.47999999999998977,0.005499541704857811,54.99541704857811,0.8102729616055626,0.5923929623035499
2009-07-13,-1,692,940,89.14,89.98362526239852,89.15,89.96362526239852,stop,-0.8436252623985183,-0.0094629866786149,-94.629866786149,0.8136252623985172,-1.0368720114608574
2009-07-23,-1,639,819,97.28999999999999,98.05277975203272,97.3,98.03277975203272,stop,-0.7627797520327277,-0.007839463021919093,-78.39463021919093,0.7327797520327266,-1.040939995840198
2009-08-07,-1,658,922,101.6,101.23,101.61,101.22,target,0.36999999999999034,0.0036413738805234756,36.41373880523476,0.7194752044275106,0.5142637268429575
2009-08-19,-1,721,955,99.86999999999999,99.92,99.88,99.91,time,-0.05000000000001137,-0.0005006007208651519,-5.006007208651519,0.7633717706862768,-0.06549888523525176
2009-08-27,-1,871,955,103.39,103.43,103.4,103.42,time,-0.04000000000000625,-0.0003868471953578941,-3.868471953578941,0.8003259128698232,-0.04997963874063945
2009-08-28,1,745,922,102.75,103.44,102.74,103.45,target,0.6899999999999977,0.006715982090714403,67.15982090714402,0.7952576459503433,0.867643339883188
2009-09-01,1,671,689,101.73,100.94281017515594,101.72,100.96281017515594,stop,-0.787189824844063,-0.007738791042509467,-77.38791042509467,0.7571898248440618,-1.0396201837579888
2009-09-10,-1,837,955,104.71,104.78,104.72,104.77,time,-0.07000000000000739,-0.0006684491978610331,-6.684491978610331,0.7451119666097554,-0.09394561238696245
2009-09-16,-1,801,955,107.21,107.23,107.22,107.22,time,-0.020000000000010232,-0.00018653236336513927,-1.8653236336513928,0.7067046664630965,-0.02830036498854025
2009-09-23,-1,875,915,107.91,107.33,107.92,107.32,target,0.5799999999999983,0.005374351371386196,53.743513713861965,0.6344500244810405,0.9141775988966498
2009-09-24,1,634,915,105.08,105.26939999999999,105.07,105.2794,target,0.18939999999999202,0.0018026077852859239,18.02607785285924,0.669783283294322,0.28277803391632905
2009-09-30,-1,781,904,106.17999999999999,105.49000000000001,106.19,105.48,target,0.6899999999999835,0.006497786985591708,64.97786985591708,0.642097065123238,1.0746038838653644
2009-10-01,1,687,955,103.71000000000001,103.14,103.7,103.15,time,-0.5700000000000074,-0.005496624879460052,-54.96624879460052,0.7438812304216498,-0.7662513539653604
2009-10-05,-1,895,955,104.17,104.07000000000001,104.18,104.06,time,0.09999999999999432,0.0009598771357265724,9.598771357265724,0.7795853405328899,0.1282733201879332
2009-10-22,-1,854,919,108.89,109.57683125982021,108.9,109.55683125982021,stop,-0.6868312598202095,-0.006306990448303118,-63.06990448303118,0.6568312598202084,-1.0456738310661597
2009-10-23,1,678,938,108.32000000000001,107.65646278558013,108.31,107.67646278558013,stop,-0.6635372144198755,-0.006126278408456056,-61.26278408456056,0.6335372144198743,-1.0473531772359608
2009-10-26,1,692,697,108.04,107.35957820926618,108.03,107.37957820926617,stop,-0.6804217907338312,-0.006298452195999549,-62.98452195999548,0.6504217907338301,-1.0461239159379239
2009-10-28,1,772,955,104.9,104.44,104.89,104.45,time,-0.46000000000000796,-0.004385546763275888,-43.85546763275888,0.7632905768497551,-0.6026538437019819
2009-10-29,-1,875,955,106.53999999999999,106.60000000000001,106.55,106.59,time,-0.060000000000016485,-0.0005631159080245565,-5.631159080245565,0.7889370717625468,-0.07605169302790123
2009-10-30,1,712,768,105.03,104.24007772853963,105.02,104.26007772853963,stop,-0.7899222714603695,-0.007521636559325553,-75.21636559325553,0.7599222714603684,-1.0394777217706084
2009-11-02,1,772,936,103.60000000000001,104.27,103.59,104.28,target,0.6699999999999875,0.006467805772757867,64.67805772757868,0.771954263738877,0.8679270670193788
2009-12-04,1,691,705,111.06,110.34095796782204,111.05,110.36095796782203,stop,-0.7190420321779669,-0.006474939506330184,-64.74939506330185,0.6890420321779658,-1.0435387082340613
2010-01-04,-1,704,955,113.3299,113.30000000000001,113.3399,113.29,time,0.029899999999983606,0.00026380824405159705,2.6380824405159706,0.4297178972076239,0.06958053223819306
2010-01-07,-1,876,955,114.22999999999999,114.1725,114.24,114.1625,time,0.05749999999999034,0.0005033263305321284,5.033263305321284,0.40178414335859713,0.14311167065811978
2010-01-12,1,744,955,113.55000000000001,113.50999999999999,113.54,113.52,time,-0.040000000000020464,-0.00035229874933962005,-3.5229874933962004,0.4491665864309198,-0.08905381924746604
2010-01-13,-1,726,925,114.28999999999999,114.73839922614053,114.3,114.71839922614053,stop,-0.4483992261405376,-0.003923002853373033,-39.23002853373033,0.4183992261405365,-1.071701853458793
2010-01-15,1,641,955,113.61500000000001,113.66,113.605,113.67,time,0.044999999999987494,0.00039610932617391395,3.9610932617391397,0.4394913642482692,0.10239109038458136
2010-01-19,-1,779,955,114.92999999999999,115.08,114.94,115.07,time,-0.15000000000000568,-0.0013050287106316835,-13.050287106316835,0.5056073156504226,-0.29667292255659494
2010-01-20,1,664,843,113.23,113.526,113.22,113.536,target,0.29599999999999227,0.002614379084967252,26.14379084967252,0.555930228796754,0.5324409155455526
2010-01-21,1,631,633,112.7201,112.41856214684447,112.7101,112.43856214684446,stop,-0.30153785315553705,-0.002675340126178018,-26.75340126178018,0.2715378531555359,-1.1104818339372273
2010-01-22,1,882,916,110.26,109.66280986217515,110.25,109.68280986217515,stop,-0.5971901378248532,-0.0054166905925156755,-54.166905925156755,0.5671901378248521,-1.0528923159966246
2010-01-28,1,665,823,108.59,108.83999999999999,108.58,108.85,target,0.2499999999999858,0.0023024498065940856,23.024498065940858,0.7659172822132376,0.3264060046766039
2010-01-29,1,875,932,108.06,107.2291219874335,108.05,107.2491219874335,stop,-0.830878012566501,-0.007689754859477103,-76.89754859477104,0.8008780125664998,-1.0374588882817033
2010-02-05,1,819,908,104.95,106.05999999999999,104.94,106.07,target,1.1099999999999852,0.010577472841623645,105.77472841623646,0.8500896275943717,1.305744669701619
2010-02-09,-1,739,888,108.085,107.18,108.095,107.17,target,0.9049999999999869,0.008372265137147759,83.72265137147758,0.9619871886421265,0.9407609692572115
2010-02-11,-1,706,955,107.88,108.12,107.89,108.11,time,-0.2400000000000091,-0.0022244879043471044,-22.244879043471045,0.9570478416726047,-0.2507711626835374
2010-02-25,-1,841,955,110.22,110.545,110.23,110.535,time,-0.32500000000000284,-0.002948380658622905,-29.48380658622905,0.7877767384757277,-0.41255343567118596
2010-03-19,1,631,935,116.06,115.53429319383409,116.05,115.55429319383408,stop,-0.525706806165914,-0.004530002638224163,-45.300026382241626,0.4957068061659129,-1.0605196451346688
2010-03-22,-1,631,955,116.35,116.601,116.36,116.591,time,-0.2510000000000048,-0.002157098659333145,-21.57098659333145,0.47818259605041646,-0.5249040890930731
2010-03-25,1,891,955,117.06,116.75,117.05,116.76,time,-0.3100000000000023,-0.0026484408372490584,-26.484408372490584,0.46362242577610857,-0.668647551897558
2010-03-26,1,776,955,116.5,116.58999999999999,116.49,116.6,time,0.0899999999999892,0.0007725985063094618,7.725985063094618,0.5069566224656512,0.17752998187944008
2010-04-01,1,876,955,117.31,117.71,117.3,117.72,time,0.3999999999999915,0.0034100596760442583,34.100596760442585,0.5383865448096685,0.7429606178984288
2010-04-08,-1,769,955,118.58,118.76,118.59,118.75,time,-0.18000000000000682,-0.0015178345560334498,-15.178345560334497,0.5771938332901954,-0.31185364364332757
2010-04-16,1,651,674,120.11,119.62283608910235,120.1,119.64283608910235,stop,-0.48716391089764954,-0.004056318991654035,-40.563189916540345,0.4571639108976484,-1.0656219777740017
2010-04-19,1,712,859,118.72,119.11,118.71,119.12,target,0.39000000000000057,0.0032853171594642455,32.853171594642454,0.5178701658229699,0.7530845098601784
2010-04-21,1,871,946,120.16000000000001,120.69999999999999,120.15,120.71,target,0.5399999999999778,0.004494382022471726,44.94382022471726,0.5577907365937307,0.9681049981174018
2010-04-22,-1,790,923,120.25,120.8875259263666,120.26,120.86752592636661,stop,-0.6375259263666067,-0.005301230054603414,-53.01230054603414,0.6075259263666055,-1.0493806086259074
2010-04-27,1,684,688,120.21000000000001,119.54802242045166,120.2,119.56802242045165,stop,-0.6619775795483491,-0.005507300994578612,-55.07300994578612,0.631977579548348,-1.0474700384488973
2010-04-30,1,775,941,119.54,118.84416353815868,119.53,118.86416353815868,stop,-0.6958364618413242,-0.005821437813447036,-58.21437813447036,0.6658364618413231,-1.0450561086982806
2010-05-04,1,663,955,117.46000000000001,117.675,117.45,117.685,time,0.2149999999999892,0.0018305661983821983,18.305661983821985,0.7836327824142728,0.2743632027971081
2010-05-05,-1,719,845,117.72999999999999,116.98,117.74,116.97,target,0.7499999999999858,0.006369967725496737,63.69967725496737,0.9037837467500651,0.8298445316116012
2010-05-06,1,805,850,114.98,114.08381103253214,114.97,114.10381103253214,stop,-0.8961889674678645,-0.007794981016507475,-77.94981016507475,0.8661889674678633,-1.0346344748394802
2010-05-07,1,631,670,110.69000000000001,111.83,110.68,111.84,target,1.1399999999999864,0.010299963859775807,102.99963859775806,1.1352527409806896,1.0041816758928905
2010-06-04,1,893,955,106.9,106.64,106.89,106.65,time,-0.2600000000000051,-0.0024324071475348968,-24.32407147534897,1.3564697568830013,-0.191674011662046
2010-06-22,1,890,955,110.0599,109.58,110.0499,109.59,time,-0.47990000000000066,-0.004360749078372635,-43.607490783726355,1.0524761824929243,-0.4559723136568242
2010-07-01,1,640,706,101.57000000000001,102.13,101.56,102.14,target,0.5599999999999881,0.005513981882630839,55.13981882630839,0.9312891457989423,0.6013170050635246
2010-07-06,1,825,955,102.7317,102.35,102.7217,102.36,time,-0.38170000000000925,-0.0037158652942855235,-37.158652942855234,0.953957672698678,-0.40012257453751304
2010-07-20,-1,833,955,107.69,108.33,107.7,108.32,time,-0.6400000000000006,-0.0059424326833797635,-59.424326833797636,1.0089491019204786,-0.6343233754624451
2010-07-21,1,854,955,107.32000000000001,107.0783,107.31,107.0883,time,-0.24170000000000869,-0.0022523529959929986,-22.523529959929984,0.9278323120117165,-0.26049965804268793
2010-07-29,1,683,870,110.27000000000001,110.49,110.26,110.5,target,0.21999999999998465,0.001995283874478366,19.952838744783662,0.906917885748797,0.24257984483164272
2010-08-06,1,659,888,111.12,111.64999999999999,111.11,111.66,target,0.5299999999999869,0.004770047700476887,47.70047700476887,0.8705307119610524,0.6088240112816367
2010-08-10,-1,881,955,112.85,112.44000000000001,112.86,112.43,time,0.4099999999999824,0.0036328194222929504,36.328194222929504,0.8230600361280977,0.4981410614087593
2010-08-17,-1,812,955,110.35,109.71000000000001,110.36,109.7,target,0.6399999999999864,0.005799202609641051,57.99202609641051,0.78011300043147,0.820393968112326
2010-08-18,-1,789,955,110.21,109.88000000000001,110.22,109.87,time,0.3299999999999841,0.00299401197604776,29.9401197604776,0.8345672311224064,0.39541451867954164
2010-08-19,1,703,918,107.66000000000001,108.18499999999999,107.65,108.195,target,0.5249999999999773,0.004876915931258497,48.769159312584975,0.7605174417190597,0.6903194735590507
2010-08-25,-1,881,955,105.88,106.0095,105.89,105.9995,time,-0.12950000000000728,-0.0012229672301445583,-12.229672301445582,0.8316221798199592,-0.15571975248188208
2010-08-26,1,896,955,105.04,105.39,105.03,105.4,time,0.3499999999999943,0.0033323812244120186,33.323812244120184,0.8342123660909664,0.41955743432581616
2010-08-27,-1,671,955,106.19,106.89,106.2,106.88,time,-0.7000000000000028,-0.006591337099811702,-65.91337099811702,0.8373086630655138,-0.8360118924808407
2010-09-23,-1,693,882,113.6,113.06,113.61,113.05,target,0.539999999999992,0.0047531027198309305,47.5310271983093,0.6060567252892781,0.8910057053524876
2010-09-28,-1,691,955,114.53999999999999,115.0,114.55,114.99,time,-0.46000000000000796,-0.004015713662156333,-40.15713662156333,0.5860548894406463,-0.7849094142684313
2010-09-30,1,670,685,114.46000000000001,113.85128379104161,114.45,113.8712837910416,stop,-0.6087162089583984,-0.005318621310252498,-53.18621310252498,0.5787162089583973,-1.0518388798094953
2010-10-04,1,687,955,113.64,113.55999999999999,113.63,113.57,time,-0.0800000000000125,-0.0007040394262079777,-7.0403942620797775,0.655209577793002,-0.12209833725185044
2010-10-05,-1,794,955,116.07,116.15,116.08,116.14,time,-0.0800000000000125,-0.0006891798759477301,-6.891798759477301,0.7082882037909002,-0.11294837267066782
2010-10-19,1,842,955,116.58,116.6,116.57,116.61,time,0.01999999999999602,0.00017157073003342218,1.7157073003342218,0.6881379155832548,0.02906394132205946
2010-10-21,1,833,955,117.52000000000001,118.00999999999999,117.51,118.02,time,0.4899999999999807,0.004169857884435203,41.69857884435203,0.5761519141446172,0.8504701415901017
2010-11-01,1,881,955,118.43,118.41,118.42,118.42,time,-0.020000000000010232,-0.0001688903901368876,-1.688903901368876,0.6879751923947737,-0.029070815664722166
2010-11-03,1,871,882,118.55000000000001,119.25999999999999,118.54,119.27,target,0.7099999999999795,0.005989539395984305,59.89539395984305,0.6536338087662585,1.0862351219869009
2010-11-09,1,822,948,121.82000000000001,121.13197146145748,121.81,121.15197146145748,stop,-0.6880285385425253,-0.005648374834106603,-56.483748341066025,0.6580285385425242,-1.0455907278223047
2010-11-10,-1,811,955,121.91,122.00500000000001,121.92,121.995,time,-0.09500000000001307,-0.000779199475065724,-7.79199475065724,0.6338296670962933,-0.14988253931884887
2010-11-12,1,743,955,119.97,120.03,119.96,120.04,time,0.060000000000002274,0.0005001667222407659,5.001667222407659,0.6138169908441427,0.09774900482550698
2010-11-16,1,670,955,118.2796,118.1,118.2696,118.11,time,-0.17960000000000775,-0.001518564364807252,-15.185643648072519,0.7073963895885669,-0.25388877105305274
2010-11-29,-1,900,955,119.1,119.27000000000001,119.11,119.26,time,-0.17000000000001592,-0.0014272521198893118,-14.272521198893118,0.7770976727045849,-0.21876271924525725
2011-01-03,-1,696,873,127.47999999999999,127.25,127.49,127.24,target,0.22999999999998977,0.0018040630637696272,18.04063063769627,0.3546845507498091,0.648463541797256
2011-01-04,1,744,850,126.42,126.69999999999999,126.41,126.71,target,0.2799999999999869,0.00221501463491802,22.1501463491802,0.39344870540762145,0.7116556647705851
2011-01-05,-1,685,910,127.28,127.7280104798608,127.29,127.7080104798608,stop,-0.4480104798607982,-0.0035196046811281187,-35.196046811281185,0.4180104798607971,-1.0717685355878912
2011-01-06,1,668,833,127.10000000000001,127.3925,127.09,127.4025,target,0.29249999999998977,0.0023015186088597827,23.015186088597826,0.3809764900345698,0.7677639110314873
2011-01-07,1,668,752,126.95,126.52050986809984,126.94,126.54050986809983,stop,-0.4294901319001667,-0.003383410523870858,-33.83410523870858,0.3994901319001656,-1.0750957222830682
2011-01-11,1,844,946,127.03,127.42,127.02,127.43,target,0.39000000000000057,0.0030703826169107273,30.703826169107273,0.4339108969055161,0.8988020415742702
2011-01-14,-1,835,955,129.09,129.23999999999998,129.1,129.23,time,-0.14999999999997726,-0.0011618900077457572,-11.618900077457573,0.4725239432472108,-0.31744423143760486
2011-01-19,1,757,914,128.42,127.90180231284235,128.41,127.92180231284235,stop,-0.5181976871576381,-0.004035493241629454,-40.35493241629454,0.4881976871576512,-1.0614505164386392
2011-01-20,-1,855,955,128.20000000000002,127.98,128.21,127.97,time,0.22000000000001307,0.0017159347944779117,17.159347944779118,0.5323168472386044,0.41328768973077573
2011-01-28,1,631,669,129.27499999999998,128.72378145558122,129.265,128.74378145558123,stop,-0.5512185444187594,-0.004264252074565888,-42.64252074565888,0.5212185444187583,-1.0575574302204767
2011-02-01,-1,734,955,130.55010000000001,130.81,130.5601,130.8,time,-0.2598999999999876,-0.00199065411255037,-19.9065411255037,0.5925735394549179,-0.4385953517922148
2011-02-11,-1,663,742,132.86,132.51,132.87,132.5,target,0.35000000000002274,0.002634153684052252,26.341536840522522,0.5921910222091071,0.5910255084489192
2011-02-22,1,712,768,132.745,132.20123894245606,132.735,132.22123894245607,stop,-0.5437610575439464,-0.004096591385421677,-40.96591385421677,0.5137610575439453,-1.0583929037818034
2011-02-23,1,723,796,130.92999999999998,130.3473946393636,130.92,130.36739463936362,stop,-0.5826053606363644,-0.004450086775407611,-44.50086775407611,0.5526053606363632,-1.0542882898664865
2011-02-24,1,756,866,130.26,130.65,130.25,130.66,target,0.3900000000000148,0.0029942418426104783,29.942418426104783,0.6137784954633503,0.6354083808452724
2011-03-01,1,631,662,132.31,132.88,132.3,132.89,target,0.5699999999999932,0.004308390022675685,43.083900226756846,0.5929310281636333,0.9613259770960886
2011-03-04,1,735,953,131.91,132.43,131.9,132.44,target,0.5200000000000102,0.003942380591357166,39.42380591357166,0.6957880653304471,0.7473540089438718
2011-03-07,1,673,779,131.73,130.93300777505297,131.72,130.95300777505298,stop,-0.7969922249470187,-0.006050654607857719,-60.50654607857719,0.7669922249470176,-1.0391138254394605
2011-03-08,-1,716,955,132.83,132.67999999999998,132.84,132.67,time,0.1500000000000341,0.0011291779584465078,11.291779584465077,0.8387184348112555,0.17884428644255324
2011-03-15,-1,731,942,128.32000000000002,129.28766375390867,128.33,129.26766375390866,stop,-0.9676637539086528,-0.007540432898844017,-75.40432898844017,0.9376637539086516,-1.0319944115093989
2011-03-16,1,662,675,127.07000000000001,127.69999999999999,127.06,127.71,target,0.6299999999999812,0.004958287423264452,49.582874232644514,1.0392262957717548,0.6062202261078544
2011-04-07,1,639,654,133.01999999999998,133.315,133.01,133.325,target,0.2950000000000159,0.0022178783550110214,22.178783550110214,0.5645244253367707,0.5225637488121647
2011-04-08,1,884,955,132.79999999999998,132.91500000000002,132.79,132.925,time,0.11500000000003752,0.0008660290684542324,8.660290684542325,0.5744985615814358,0.20017456559590732
2011-04-11,1,782,955,132.51,132.4,132.5,132.41,time,-0.10999999999998522,-0.0008301886792451714,-8.301886792451715,0.552076151118996,-0.199247875093006
2011-04-13,1,759,885,131.07,131.57000000000002,131.06,131.58,target,0.5000000000000284,0.0038150465435680485,38.15046543568049,0.49384714805805174,1.0124590209059048
2011-04-18,-1,898,955,130.65,130.45,130.66,130.44,time,0.20000000000001705,0.0015306903413440766,15.306903413440766,0.5672553717324433,0.35257488948795856
2011-05-02,1,752,955,136.17,136.23000000000002,136.16,136.24,time,0.060000000000030695,0.000440658049353927,4.40658049353927,0.6182420668019404,0.09704936500099444
2011-05-03,1,852,951,135.14999999999998,135.71,135.14,135.72,target,0.5600000000000307,0.004143850821370658,41.438508213706584,0.5946681552743485,0.9417016785465439
2011-05-05,-1,723,851,134.88,134.23999999999998,134.89,134.23,target,0.6400000000000148,0.004744606716583993,47.44606716583993,0.5524643768238207,1.1584457330614621
2011-05-06,1,796,862,134.34,133.74777481382537,134.33,133.76777481382538,stop,-0.5922251861746304,-0.004408733612555872,-44.08733612555872,0.5622251861746292,-1.05335940249159
2011-05-09,-1,738,955,135.05,134.85999999999999,135.06,134.85,time,0.19000000000002615,0.0014067821708872068,14.067821708872069,0.6931949150755656,0.2740931819722222
2011-05-11,1,726,816,134.6,133.93233786197345,134.59,133.95233786197346,stop,-0.6676621380265431,-0.004960711330905291,-49.607113309052906,0.6376621380265419,-1.0470468579063612
2011-05-12,-1,781,846,134.67000000000002,135.342299206618,134.68,135.322299206618,stop,-0.6722992066179927,-0.004991826600965196,-49.918266009651965,0.6422992066179916,-1.0467072038870564
2011-05-13,1,729,955,134.021,133.99,134.011,134.0,time,-0.03099999999997749,-0.00023132429427418264,-2.3132429427418266,0.7063732339175033,-0.04388614759374922
2011-05-18,-1,849,955,134.47,134.415,134.48,134.405,time,0.05500000000000682,0.00040898274836411976,4.089827483641198,0.7468560139006968,0.07364203939759627
2011-05-26,-1,872,955,133.16,132.97,133.17,132.96,time,0.18999999999999773,0.0014267477660133495,14.267477660133494,0.7458454771138463,0.2547444555609955
2011-06-01,1,730,882,133.07,132.29393725542397,133.06,132.31393725542398,stop,-0.7760627445760235,-0.005832427059792752,-58.324270597927516,0.7460627445760224,-1.0402110951365755
2011-06-15,1,711,955,127.42,127.205,127.41,127.215,time,-0.2150000000000034,-0.0016874656620359738,-16.874656620359737,0.7515378809845572,-0.28608005722657814
2011-06-16,1,886,937,126.52000000000001,127.28999999999999,126.51,127.3,target,0.7699999999999818,0.006086475377440374,60.86475377440374,0.8029458557951017,0.9589687703631077
2011-06-23,-1,900,955,127.80999999999999,128.22,127.82,128.21,time,-0.4100000000000108,-0.0032076357377563043,-32.07635737756304,0.6462955994219044,-0.6343846381852913
2011-07-01,-1,876,955,133.8,133.92999999999998,133.81,133.92,time,-0.12999999999996703,-0.000971526791719356,-9.71526791719356,0.8406326707987546,-0.15464542899152764
2011-07-14,1,775,955,131.17,130.85000000000002,131.16,130.86,time,-0.31999999999996476,-0.0024397682220186397,-24.397682220186397,0.8555681638901262,-0.37402046208098483
2011-07-27,1,884,955,130.79,130.70000000000002,130.78,130.71,time,-0.08999999999997499,-0.000688178620583996,-6.88178620583996,0.811027035479043,-0.11097040673473406
2011-07-29,-1,656,927,130.07000000000002,129.54,130.08,129.53,target,0.5300000000000296,0.004074415744157668,40.74415744157668,0.7459324270423338,0.7105201232523313
2011-08-01,1,663,903,128.35,128.63,128.34,128.64,target,0.28000000000000114,0.002181704846501489,21.817048465014892,0.8298639371563326,0.3374047087278764
2011-08-02,1,775,951,126.72,125.77154781362826,126.71,125.79154781362826,stop,-0.948452186371739,-0.007485219685673894,-74.85219685673894,0.9184521863717379,-1.0326636491753733
2011-08-03,1,635,662,124.23,124.88,124.22,124.89,target,0.6499999999999915,0.005232651746900591,52.326517469005914,0.9475246767771353,0.68599796494047
2011-08-04,1,703,767,122.58,123.25999999999999,122.57,123.27,target,0.6799999999999926,0.005547850208044323,55.47850208044323,0.9903537243416736,0.6866233581865054
2011-08-05,1,676,717,118.61,117.60287032525457,118.6,117.62287032525457,stop,-1.0071296747454284,-0.008491818505442061,-84.91818505442062,0.9771296747454272,-1.0307021685814803
2011-08-08,1,634,669,115.65,116.74,115.64,116.75,target,1.0899999999999892,0.009425804219992989,94.25804219992989,1.160363816934023,0.9393605557953773
2011-08-09,1,862,880,112.18,111.22710298320952,112.17,111.24710298320952,stop,-0.9528970167904873,-0.008495114707947645,-84.95114707947644,0.9228970167904862,-1.0325063354352695
2011-08-10,-1,851,909,115.97999999999999,114.12,115.99,114.11,target,1.8599999999999852,0.016035865160789597,160.35865160789598,1.5383184071561686,1.2091124902018804
2011-08-11,-1,778,934,116.64,118.52106614169023,116.65,118.50106614169023,stop,-1.8810661416902263,-0.016125727747022943,-161.25727747022944,1.8510661416902252,-1.0162068763099994
2011-08-26,-1,725,955,117.90899999999999,117.97,117.919,117.96,time,-0.06100000000000705,-0.0005173042512233571,-5.173042512233571,2.127954947574068,-0.028666020429402823
2011-09-29,1,845,951,114.69000000000001,115.75,114.68,115.76,target,1.059999999999988,0.00924311126613174,92.4311126613174,1.448834318307476,0.7316226476732528
2011-10-03,1,797,955,111.04,110.36,111.03,110.37,time,-0.6800000000000068,-0.006124470863730584,-61.24470863730584,1.4989696062913112,-0.45364495527193166
2011-10-26,1,656,814,122.28,123.37089999999999,122.27,123.3809,target,1.0908999999999907,0.00892205774106478,89.22057741064779,1.2106802044771428,0.9010637127507328
2011-10-27,-1,881,955,128.9,128.16,128.91,128.15,time,0.7400000000000091,0.0057404390660151195,57.40439066015119,1.2057909773820938,0.6137050399951004
2011-11-09,1,847,955,123.39,123.1,123.38,123.11,time,-0.29000000000000625,-0.0023504619873561863,-23.50461987356186,1.3211492308046644,-0.2195058614410862
2011-11-17,1,758,955,121.83,121.6,121.82,121.61,time,-0.23000000000000398,-0.001888031521917616,-18.88031521917616,0.9779352859640511,-0.23518938655871222
2012-01-05,-1,780,955,127.86,128.07999999999998,127.87,128.07,time,-0.21999999999998465,-0.0017204973801515965,-17.204973801515965,0.8249547192339151,-0.26668130367723114
2012-01-23,1,723,906,131.1609,131.64000000000001,131.1509,131.65,target,0.47910000000001673,0.003653043936412306,36.53043936412306,0.6378498132066,0.7511172537489416
2012-01-25,-1,783,839,131.83,132.46187484733375,131.84,132.44187484733374,stop,-0.6318748473337337,-0.004792740043490091,-47.92740043490091,0.6018748473337325,-1.049844249403176
2012-01-26,1,822,955,131.95,131.71,131.94,131.72,time,-0.23999999999998067,-0.001819008640290895,-18.19008640290895,0.6177296913100747,-0.38851945013520583
2012-01-30,-1,827,955,131.19,131.23,131.2,131.22,time,-0.03999999999999204,-0.0003048780487804272,-3.048780487804272,0.6433462427608276,-0.06217491817211492
2012-01-31,1,671,863,130.75,131.29000000000002,130.74,131.3,target,0.5400000000000205,0.00413033501606257,41.303350160625705,0.5866278507601805,0.9205154499573495
2012-02-15,1,782,955,134.75,134.57000000000002,134.74,134.58,time,-0.1799999999999784,-0.0013359061896985186,-13.359061896985185,0.6017613986113304,-0.2991218785640951
2012-02-16,-1,719,955,135.66,136.10999999999999,135.67,136.1,time,-0.44999999999998863,-0.0033168718213310877,-33.168718213310875,0.5708570057001339,-0.7882884776864237
2012-02-27,-1,646,770,136.76090000000002,137.31101703911295,136.7709,137.29101703911294,stop,-0.5501170391129335,-0.004022178980418594,-40.22178980418594,0.5201170391129324,-1.057679325505595
2012-02-29,1,649,742,137.1,137.5,137.09,137.51,target,0.4000000000000057,0.002917791232037389,29.177912320373892,0.42143242305110107,0.9491438677263411
2012-03-28,1,710,943,140.1814,140.3605,140.1714,140.3705,target,0.17910000000000537,0.0012777214182066053,12.777214182066054,0.5777568382183347,0.3099920038199935
2012-04-02,-1,708,955,141.71,141.845,141.72,141.835,time,-0.1349999999999909,-0.0009525825571548893,-9.525825571548893,0.6160492456523627,-0.21913832530877175
2012-04-03,1,845,949,140.76999999999998,141.17000000000002,140.76,141.18,target,0.4000000000000341,0.0028417163967038514,28.417163967038515,0.5558459942816398,0.71962378809077
2012-04-10,1,712,736,136.761,136.21237082529515,136.751,136.23237082529516,stop,-0.5486291747048426,-0.004011884188816481,-40.11884188816481,0.5186291747048415,-1.057844798293645
2012-04-19,1,868,955,137.57999999999998,137.72500000000002,137.57,137.735,time,0.14500000000003865,0.0010540088682128273,10.540088682128273,0.8219151641316387,0.17641723419622335
2012-05-01,-1,631,937,141.17000000000002,140.92,141.18,140.91,target,0.2500000000000284,0.0017707890636069444,17.707890636069443,0.7443780307855832,0.33585085757594113
2012-05-03,1,825,955,139.07999999999998,139.23000000000002,139.07,139.24,time,0.1500000000000341,0.0010785935140579142,10.785935140579141,0.6793969945935885,0.22078402052656013
2012-05-04,1,714,955,137.13,137.235,137.12,137.245,time,0.10500000000001819,0.0007657526254377056,7.657526254377056,0.738022481655122,0.14227208873710803
2012-05-08,1,667,714,135.07,135.65,135.06,135.66,target,0.5800000000000125,0.004294387679549923,42.94387679549923,0.6937957919377311,0.8359808559520178
2012-05-09,-1,683,955,135.95000000000002,135.79999999999998,135.96,135.79,time,0.1500000000000341,0.0011032656663727133,11.032656663727133,0.7641797359481188,0.19628890029899695
2012-05-16,1,877,955,132.98,132.895,132.97,132.905,time,-0.08499999999997954,-0.0006392419342707343,-6.392419342707343,0.7902525603626032,-0.10756054996010103
2012-05-17,1,731,791,131.51999999999998,132.2201,131.51,132.2301,target,0.7001000000000204,0.005323549539959093,53.23549539959093,0.7958524542120813,0.8796856707480297
2012-05-18,1,882,955,129.97,129.58,129.96,129.59,time,-0.38999999999998636,-0.0030009233610340594,-30.009233610340594,0.8060944169542381,-0.483814292466594
2012-06-21,1,747,917,133.64,132.6921647995967,133.63,132.7121647995967,stop,-0.94783520040329,-0.007092982117812542,-70.92982117812542,0.9178352004032888,-1.0326856062905623
2012-07-10,1,858,955,134.32999999999998,134.25,134.32,134.26,time,-0.07999999999998408,-0.0005955926146514599,-5.9559261465145985,0.8787672674901046,-0.09103661795286991
2012-07-17,1,642,698,134.64999999999998,135.38,134.64,135.39,target,0.7300000000000182,0.005421865715983499,54.21865715983499,0.804738234729399,0.9071272725664485
2012-07-24,1,725,954,133.5,133.91,133.49,133.92,target,0.4099999999999966,0.003071391115439333,30.713911154393333,0.7216694334628926,0.5681271521126138
2012-07-27,-1,807,955,138.38,138.67,138.39,138.66,time,-0.28999999999999204,-0.002095527133463343,-20.95527133463343,0.7233996878605637,-0.4008848840641053
2012-08-02,1,713,938,135.935,136.53,135.925,136.54,target,0.5949999999999989,0.004377414015081838,43.77414015081838,0.8244049124399453,0.7217327201981494
2012-08-16,-1,874,955,142.11,141.89999999999998,142.12,141.89,time,0.21000000000003638,0.0014776245426402785,14.776245426402784,0.655276239850366,0.32047552959953257
2012-08-21,1,825,915,142.02499999999998,141.4838119913773,142.015,141.50381199137732,stop,-0.5411880086226688,-0.003810780612066816,-38.10780612066816,0.5111880086226677,-1.0586868226444364
2012-08-23,1,806,955,140.48,140.6226,140.47,140.6326,time,0.14260000000001583,0.0010151633800812689,10.15163380081269,0.5152563386671147,0.27675545024618053
2012-08-24,-1,676,823,141.21,141.60790158235153,141.22,141.58790158235152,stop,-0.3979015823515226,-0.002817600781415682,-28.176007814156822,0.3679015823515215,-1.0815435470765027
2012-08-31,-1,661,730,141.63,141.189,141.64,141.179,target,0.4410000000000025,0.0031135272521886654,31.135272521886655,0.4782492785855652,0.9221132571370971
2012-09-04,-1,876,955,141.18,141.075,141.19,141.065,time,0.10500000000001819,0.0007436787307884283,7.436787307884282,0.4791121363593902,0.21915537518602096
2012-09-06,-1,636,938,143.20000000000002,143.73867843917364,143.21,143.71867843917363,stop,-0.5386784391736228,-0.003761458272282821,-37.61458272282821,0.5086784391736217,-1.0589763545880535
2012-09-13,-1,753,781,145.23000000000002,145.65338090292855,145.24,145.63338090292854,stop,-0.42338090292852826,-0.002915043396643681,-29.15043396643681,0.3933809029285271,-1.0762619633456172
2012-09-25,1,763,900,145.32999999999998,144.72898783601417,145.32,144.74898783601418,stop,-0.6010121639858141,-0.0041357842278132,-41.357842278132,0.571012163985813,-1.052538285332826
2012-09-27,-1,726,822,144.39620000000002,144.97501407271605,144.4062,144.95501407271604,stop,-0.5788140727160282,-0.004008235607030918,-40.08235607030918,0.5488140727160271,-1.0546633213166967
2012-09-28,-1,819,928,144.48000000000002,143.91,144.49,143.9,target,0.5700000000000216,0.0039449096823311065,39.449096823311066,0.583399990915666,0.9770312116484393
2012-10-01,1,792,955,144.56,144.16,144.55,144.17,time,-0.4000000000000057,-0.002767208578346632,-27.672085783466322,0.6221868447909173,-0.6428936955978611
2012-10-05,1,895,955,146.04999999999998,145.92000000000002,146.04,145.93,time,-0.12999999999996703,-0.0008901670775127845,-8.901670775127844,0.5301772304058261,-0.2452010243828428
2012-10-09,1,662,955,144.44,144.19,144.43,144.2,time,-0.25,-0.001730942325001731,-17.30942325001731,0.5301905033988419,-0.471528626781032
2012-10-10,1,783,955,143.14239999999998,143.19500000000002,143.1324,143.205,time,0.052600000000040836,0.00036749191657542836,3.6749191657542837,0.6505748909247586,0.08085156794980614
2012-10-12,1,692,955,142.73999999999998,142.93,142.73,142.94,time,0.19000000000002615,0.0013311847544316272,13.311847544316272,0.650877272084557,0.29191371115404807
2012-10-15,-1,761,955,143.91,144.14999999999998,143.92,144.14,time,-0.23999999999998067,-0.0016675931072816892,-16.67593107281689,0.700932263892156,-0.3424011311268539
2012-10-19,1,713,829,144.14,143.45760465199177,144.13,143.47760465199178,stop,-0.6823953480082139,-0.004734582307695926,-47.34582307695926,0.6523953480082127,-1.045984386755044
2012-10-22,1,821,937,142.3801,143.02,142.3701,143.03,target,0.6399000000000115,0.004494623519966702,44.94623519966702,0.6272105690133003,1.020231532460739
2012-10-25,1,699,809,140.85999999999999,141.4,140.85,141.41,target,0.5400000000000205,0.003833865814696631,38.33865814696631,0.7013362535694512,0.7699587712052389
2012-11-02,1,880,955,141.89999999999998,141.60000000000002,141.89,141.61,time,-0.2999999999999545,-0.0021143139051374624,-21.143139051374625,0.7209015081417647,-0.41614561297458097
2012-11-06,-1,725,933,143.46,142.84,143.47,142.83,target,0.6200000000000045,0.004321460932599181,43.21460932599181,0.8120294938479447,0.7635190651290577
2012-11-07,1,659,691,139.94,139.10608865255105,139.93,139.12608865255106,stop,-0.8339113474489466,-0.005959489369319992,-59.59489369319992,0.8039113474489454,-1.0373175476315892
2012-11-08,1,806,955,138.54999999999998,138.51000000000002,138.54,138.52,time,-0.03999999999996362,-0.00028872527789781737,-2.8872527789781737,0.8708791321728029,-0.045930598773408986
2012-11-16,-1,754,872,136.51000000000002,135.69,136.52,135.68,target,0.8200000000000216,0.00600644594198668,60.06445941986679,0.9276407838339082,0.8839628596437827
2012-11-28,-1,746,955,140.82000000000002,141.47,140.83,141.46,time,-0.6499999999999773,-0.004615493857842628,-46.154938578426275,0.9185117852165945,-0.7076664779501992
2012-12-05,-1,726,955,141.99,141.66,142.0,141.65,time,0.3300000000000125,0.002323943661971919,23.23943661971919,0.7328514805022053,0.45029587683151234
2012-12-12,-1,773,874,144.47,144.03,144.48,144.02,target,0.4399999999999977,0.0030454042081948904,30.454042081948906,0.633329446559685,0.6947411057390841
2012-12-13,1,762,955,142.619,142.84,142.609,142.85,time,0.22100000000000364,0.0015496918146821281,15.496918146821281,0.6330857993386871,0.34908380543499357
2012-12-18,-1,676,955,144.925,145.39,144.935,145.38,time,-0.464999999999975,-0.0032083347707591334,-32.08334770759134,0.6292987038882245,-0.7389177780391041
2012-12-26,1,691,856,141.44,141.931,141.43,141.941,target,0.49100000000001387,0.0034716821042212673,34.71682104221267,0.6515273907496635,0.7536137497382223
2012-12-27,1,634,757,140.64,139.9249178444399,140.63,139.9449178444399,stop,-0.7150821555600828,-0.005084847867169756,-50.84847867169756,0.6850821555600817,-1.0437903684346805
2012-12-31,-1,766,891,141.17950000000002,141.888808616061,141.1895,141.868808616061,stop,-0.7093086160609801,-0.005023805708363441,-50.23805708363441,0.6793086160609789,-1.044162548936827
2013-01-24,1,821,932,149.2329,149.595,149.2229,149.605,target,0.3620999999999981,0.0024265712568245093,24.265712568245092,0.45202878078148956,0.80105518806564
2013-01-29,-1,786,955,150.59,150.73999999999998,150.6,150.73,time,-0.14999999999997726,-0.0009960159362548291,-9.960159362548291,0.43923743230541845,-0.3415009490713819
2013-02-01,-1,834,955,151.35500000000002,151.26,151.365,151.25,time,0.09500000000002728,0.0006276219733757954,6.276219733757954,0.4612391167139833,0.20596691945132065
2013-02-04,1,729,955,149.67,149.53,149.66,149.54,time,-0.13999999999998636,-0.0009354536950420042,-9.354536950420043,0.4698481874696654,-0.29796858588291375
2013-02-05,-1,886,955,151.401,151.04,151.411,151.03,time,0.3610000000000184,0.0023842389258377423,23.842389258377423,0.5225289631853229,0.690870794605091
2013-02-07,1,639,756,150.1299,150.44,150.1199,150.45,target,0.3101000000000056,0.0020656821647230352,20.656821647230352,0.5503709667737269,0.5634381512124649
2013-02-15,1,868,955,151.67,151.95100000000002,151.66,151.961,time,0.28100000000003433,0.0018528286957670732,18.528286957670733,0.5411092063825151,0.5193036760150646
2013-02-20,1,889,917,152.07,151.55725813496645,152.06,151.57725813496646,stop,-0.5127418650335471,-0.0033719707025749515,-33.719707025749514,0.482741865033546,-1.0621450140810067
2013-02-25,1,654,717,151.66,151.11211421081325,151.65,151.13211421081326,stop,-0.5478857891867506,-0.0036128307892301387,-36.128307892301386,0.5178857891867494,-1.0579278300860717
2013-02-26,1,704,755,148.7782,149.47,148.7682,149.48,target,0.6918000000000006,0.004650187338423135,46.50187338423135,0.6253129138691804,1.1063261043489816
2013-02-27,-1,728,867,151.37,152.0498241509887,151.38,152.0298241509887,stop,-0.6798241509887077,-0.004490845230471051,-44.908452304710515,0.6498241509887066,-1.0461663358531015
2013-03-01,-1,643,955,151.745,152.0,151.755,151.99,time,-0.25499999999999545,-0.0016803400217455468,-16.80340021745547,0.720413490356691,-0.3539633882671185
2013-03-18,-1,727,929,155.49,155.03,155.5,155.02,target,0.46000000000000796,0.0029581993569132345,29.581993569132344,0.5997970689427916,0.7669260551919812
2013-03-19,1,713,799,154.39,153.77567323357138,154.38,153.7956732335714,stop,-0.6143267664286043,-0.003979315756112219,-39.793157561122186,0.5843267664286032,-1.051341136027981
2013-03-21,1,844,903,154.23999999999998,154.799,154.23,154.809,target,0.5590000000000259,0.003624456979835479,36.24456979835479,0.6106017481818924,0.9154903366465718
2013-03-25,1,647,773,155.39,154.76251570896062,155.38,154.78251570896063,stop,-0.6274842910393659,-0.004038385191397644,-40.383851913976436,0.5974842910393647,-1.0502105251132445
2013-04-03,1,813,955,155.435,155.32000000000002,155.425,155.33,time,-0.11499999999998067,-0.0007399067074150276,-7.399067074150277,0.6367936467430866,-0.1805922540027747
2013-04-10,-1,768,955,158.76500000000001,158.75,158.775,158.74,time,0.01500000000001478,9.447331128965378e-05,0.9447331128965378,0.7176132292730699,0.02090262468434358
2013-04-15,1,756,845,156.82999999999998,156.12885518337907,156.82,156.14885518337908,stop,-0.7011448166209107,-0.004471016557970353,-44.71016557970353,0.6711448166209095,-1.044699741780091
2013-04-17,1,660,823,154.73999999999998,155.23000000000002,154.73,155.24,target,0.4900000000000375,0.003166806695534399,31.668066955343992,0.7719185835051974,0.6347819711439014
2013-04-18,1,898,955,153.62,154.199,153.61,154.209,time,0.5790000000000077,0.003769285853785611,37.69285853785611,0.9072539454718367,0.6381895641124895
2013-04-22,-1,866,955,156.38,156.22,156.39,156.21,time,0.1599999999999966,0.0010230833173476349,10.230833173476348,0.9401632849560713,0.17018320387556138
2013-04-23,1,790,792,156.29999999999998,157.45000000000002,156.29,157.46,target,1.150000000000034,0.00735811632222173,73.5811632222173,0.873549083183434,1.3164686703226143
2013-05-14,-1,708,955,165.08,165.26,165.09,165.25,time,-0.1799999999999784,-0.0010903143739776995,-10.903143739776995,0.5869037558743173,-0.30669423768098114
2013-05-15,-1,727,857,166.0701,165.72,166.0801,165.71,target,0.35009999999999764,0.0021080189619346185,21.080189619346186,0.5794346173696852,0.6042096718163981
2013-05-22,1,809,827,167.47,166.79867261167206,167.46,166.81867261167207,stop,-0.6713273883279385,-0.004008882051402952,-40.08882051402952,0.6413273883279373,-1.0467779803981503
2013-05-23,-1,681,955,165.29000000000002,165.45,165.3,165.44,time,-0.15999999999996817,-0.0009679370840893415,-9.679370840893414,0.7326563555240853,-0.21838341917544227
2013-05-24,-1,859,955,165.31,165.06,165.32,165.05,time,0.25,0.001512218727316719,15.12218727316719,0.7155363652726123,0.34938825213272345
2013-05-28,1,825,955,166.26999999999998,166.42000000000002,166.26,166.43,time,0.1500000000000341,0.0009022013713462896,9.022013713462895,0.6337659772298139,0.23668042367260378
2013-05-31,1,895,955,164.73,164.14000000000001,164.72,164.15,time,-0.589999999999975,-0.0035818358426419074,-35.818358426419074,0.8385347425548559,-0.7036082943950028
2013-06-04,1,811,942,163.37,163.98000000000002,163.36,163.99,target,0.6100000000000136,0.0037340842311460185,37.340842311460186,0.8451447446134068,0.721769855267863
2013-06-05,1,769,955,161.47,161.41,161.46,161.42,time,-0.060000000000002274,-0.0003716090672612552,-3.716090672612552,0.9729010682308967,-0.06167122429940902
2013-06-12,1,718,955,162.25,161.94,162.24,161.95,time,-0.3100000000000023,-0.001910749506903367,-19.107495069033668,1.0742772026503644,-0.2885661161152791
2013-06-13,-1,858,946,163.32000000000002,164.35211606461542,163.33,164.3321160646154,stop,-1.0321160646153942,-0.006319206910031189,-63.19206910031189,1.002116064615393,-1.0299366521097684
2013-06-17,1,896,940,163.57999999999998,164.555,163.57,164.565,target,0.9750000000000227,0.005960750748914977,59.60750748914977,1.117537647114517,0.8724538296472368
2013-06-19,1,898,955,164.17,163.85000000000002,164.16,163.86,time,-0.31999999999996476,-0.0019493177387912084,-19.493177387912084,0.9971462202050532,-0.3209158230917828
2013-06-20,1,870,955,159.915,159.51000000000002,159.905,159.52,time,-0.4049999999999727,-0.0025327538225819873,-25.327538225819872,1.070092173766085,-0.37847206991021604
2013-06-21,1,691,769,157.7,158.62,157.69,158.63,target,0.9200000000000159,0.005834231720464303,58.34231720464303,1.1399674060100153,0.8070406181349479
2013-06-24,-1,850,955,157.8,157.60999999999999,157.81,157.6,time,0.19000000000002615,0.0012039794689818525,12.039794689818525,1.1160795302186557,0.17023876422391016
2013-07-24,1,796,955,168.32999999999998,168.345,168.32,168.355,time,0.01500000000001478,8.911596958183686e-05,0.8911596958183686,0.5904739526751541,0.025403322080604872
2013-07-26,-1,853,955,168.751,168.97,168.761,168.96,time,-0.2189999999999941,-0.001297693187407008,-12.97693187407008,0.5864738908790912,-0.3734181579195716
2013-07-30,1,811,924,168.29999999999998,168.77,168.29,168.78,target,0.4700000000000273,0.002792798146057563,27.92798146057563,0.5452357370208745,0.8620124619271484
2013-08-06,1,661,764,169.37,169.88,169.36,169.89,target,0.5099999999999909,0.0030113367973546934,30.113367973546936,0.5673328634622976,0.8989431651950887
2013-08-08,1,636,721,169.04999999999998,169.51000000000002,169.04,169.52,target,0.4600000000000364,0.002721249408424257,27.212494084242568,0.5376134990721653,0.8556332770548408
2013-08-09,1,685,755,168.97,169.41,168.96,169.42,target,0.4399999999999977,0.002604166666666653,26.04166666666653,0.6030784595622265,0.7295899779265751
2013-08-13,-1,771,955,169.60000000000002,169.63,169.61,169.62,time,-0.029999999999972715,-0.00017687636342180715,-1.7687636342180715,0.6216700510635746,-0.0482571099390226
2013-08-20,-1,708,955,166.03,165.67,166.04,165.66,time,0.36000000000001364,0.0021681522524693666,21.681522524693666,0.6827302239144899,0.5272946581095005
2013-08-21,1,848,856,164.26,164.99,164.25,165.0,target,0.7300000000000182,0.0044444444444445555,44.44444444444555,0.6408489778584965,1.1391139335814104
2013-08-27,1,863,955,163.62,163.37,163.61,163.38,time,-0.25,-0.0015280239594156835,-15.280239594156836,0.6806221891923769,-0.3673109751191756
2013-09-03,1,767,955,164.1,164.29000000000002,164.09,164.3,time,0.19000000000002615,0.0011579011518070945,11.579011518070946,0.7622913566952718,0.24924852988459004
2013-09-06,-1,657,955,166.22,166.2,166.23,166.19,time,0.020000000000010232,0.00012031522589189817,1.2031522589189816,0.7793539359258261,0.02566228138214433
2013-09-18,-1,841,841,172.39000000000001,172.4231210719042,172.4,172.4031210719042,stop,-0.03312107190419056,-0.00019211758645122133,-1.9211758645122132,0.003121071904189421,-10.612082297665772
2013-09-20,1,842,955,170.87,170.79000000000002,170.86,170.8,time,-0.07999999999998408,-0.0004682195949899571,-4.6821959498995716,0.7162624031464304,-0.11169091054975998
2013-10-02,-1,809,955,169.15,168.89999999999998,169.16,168.89,time,0.2500000000000284,0.001477890754315609,14.778907543156091,0.6857484950261323,0.36456514569602005
2013-10-03,1,707,789,167.16,167.72990000000001,167.15,167.7399,target,0.5699000000000183,0.003409512413999511,34.09512413999511,0.6654727496151907,0.8563836766111952
2013-10-08,1,707,955,166.20499999999998,165.66,166.195,165.67,time,-0.5449999999999875,-0.0032792803634284274,-32.792803634284276,0.7869633150797597,-0.6925354582058899
2013-10-09,1,682,723,164.56,165.3,164.55,165.31,target,0.7400000000000091,0.004497113339410569,44.971133394105685,0.740242167078577,0.9996728542504898
2013-10-14,-1,845,955,170.72,170.73,170.73,170.72,time,-0.009999999999990905,-5.857201429151822e-05,-0.5857201429151822,0.7900834891503052,-0.012656890236682958
2013-10-30,1,858,955,176.09,176.29500000000002,176.08,176.305,time,0.2050000000000125,0.0011642435256702208,11.642435256702209,0.7202512200038598,0.2846229125428124
2013-11-07,1,634,679,176.42,175.83406156358427,176.41,175.85406156358428,stop,-0.5859384364157165,-0.0033214581736620177,-33.214581736620175,0.5559384364157154,-1.0539628096114728
2013-11-08,-1,631,808,176.04000000000002,176.65119995138033,176.05,176.63119995138032,stop,-0.6111999513803141,-0.0034717407065056184,-34.717407065056186,0.581199951380313,-1.0516173477453896
2013-11-13,-1,768,939,177.41500000000002,178.07931556056982,177.425,178.05931556056981,stop,-0.6643155605698041,-0.003744204934872786,-37.44204934872786,0.634315560569803,-1.0472950718299459
2013-11-20,1,854,955,178.64,178.3,178.63,178.31,time,-0.339999999999975,-0.0019033756927726306,-19.033756927726305,0.6983201266242531,-0.4868827161599477
2013-12-03,1,807,950,179.34,179.85000000000002,179.33,179.86,target,0.5100000000000193,0.002843919031952374,28.439190319523743,0.5833569482518044,0.874250322257033
2013-12-04,-1,631,721,180.345,179.82,180.355,179.81,target,0.5250000000000057,0.0029109256743644796,29.109256743644796,0.5863301381796759,0.8953999902340409
2013-12-11,1,737,942,179.32,178.71369661996727,179.31,178.73369661996728,stop,-0.6063033800327275,-0.0033813138142475465,-33.81313814247547,0.5763033800327264,-1.0520559154074327
2013-12-18,1,794,840,178.01,177.39950884932247,178.0,177.41950884932248,stop,-0.6104911506775181,-0.0034297255656040343,-34.29725565604034,0.580491150677517,-1.0516803743950047
2014-01-02,1,859,955,182.64999999999998,183.06,182.64,183.07,time,0.410000000000025,0.0022448532632502465,22.448532632502463,0.6520003410841468,0.6288340268630482
2014-01-06,1,677,833,182.155,182.668,182.145,182.678,target,0.5130000000000052,0.002816437453677044,28.164374536770442,0.5553179486403508,0.9237951001872756
2014-01-09,1,666,753,182.89999999999998,183.46900000000002,182.89,183.479,target,0.5690000000000452,0.00311115971348923,31.1115971348923,0.594383729403944,0.9572940372554378
2014-01-13,1,751,783,183.29,182.74944029726964,183.28,182.76944029726965,stop,-0.5405597027303486,-0.0029493654666649313,-29.493654666649313,0.5105597027303475,-1.0587590439268288
2014-01-14,-1,678,917,183.12,183.68580158126554,183.13,183.66580158126553,stop,-0.5658015812655321,-0.0030896171095152743,-30.89617109515274,0.535801581265531,-1.0559908761917853
2014-01-21,1,670,787,183.54,183.88,183.53,183.89,target,0.3400000000000034,0.0018525581648776953,18.525581648776953,0.6144485215425277,0.5533417171327201
2014-01-23,1,830,937,181.85999999999999,182.675,181.85,182.685,target,0.8150000000000261,0.004481715699752687,44.81715699752687,0.6419399361952003,1.269589184356653
2014-01-24,1,648,843,180.41,179.67049918495627,180.4,179.69049918495628,stop,-0.7395008150437263,-0.004099228464765667,-40.99228464765667,0.7095008150437252,-1.0422832495240366
2014-01-27,1,718,824,177.771,178.3099,177.761,178.3199,target,0.5389000000000124,0.0030315986071186166,30.315986071186167,0.7639735649987642,0.7053908992268392
2014-01-29,1,859,875,176.98999999999998,178.04000000000002,176.98,178.05,target,1.0500000000000398,0.005932873771047801,59.32873771047801,0.7662450218939796,1.3703188536281565
2014-01-31,-1,722,947,178.71,178.14999999999998,178.72,178.14,target,0.5600000000000307,0.0031333930170100196,31.333930170100196,0.9416378187633825,0.59470848434641
2014-02-03,1,670,725,176.03,175.0215410597749,176.02,175.04154105977491,stop,-1.008458940225097,-0.005729229293404709,-57.29229293404709,0.9784589402250958,-1.0306604587752037
2014-03-03,1,723,782,183.92999999999998,184.66,183.92,184.67,target,0.7300000000000182,0.003969117007394618,39.69117007394618,0.7866371167831403,0.9280009605766724
2014-03-13,1,727,781,186.39,185.5541398336106,186.38,185.57413983361062,stop,-0.8358601663893808,-0.004484709552470119,-44.84709552470119,0.8058601663893796,-1.037227302268103
2014-03-21,1,860,955,186.63,186.25,186.62,186.26,time,-0.37999999999999545,-0.0020362233415496486,-20.362233415496487,0.9207087943003387,-0.41272550273483977
2014-03-24,1,635,841,185.17999999999998,185.4299,185.17,185.4399,target,0.2499000000000251,0.0013495706647946488,13.495706647946488,0.8864931105382254,0.2818972838359689
2014-03-26,1,822,955,185.7,185.13,185.69,185.14,time,-0.5699999999999932,-0.0030696321826700046,-30.696321826700046,0.8421810136652539,-0.6768141180472563
2014-04-04,1,706,776,187.94,187.12970790087022,187.93,187.14970790087023,stop,-0.8102920991297822,-0.004311669766028745,-43.11669766028746,0.780292099129781,-1.0384471405432127
2014-04-07,1,738,917,184.48239999999998,184.98000000000002,184.4724,184.99,target,0.497600000000034,0.002697422487049738,26.97422487049738,0.939107241376206,0.5298649377581528
2014-04-09,-1,859,955,186.68,187.04,186.69,187.03,time,-0.3599999999999852,-0.0019283303872729403,-19.2833038727294,0.9535882008170233,-0.37752144971124996
2014-04-10,1,690,778,185.44899999999998,184.48293768209405,185.439,184.50293768209406,stop,-0.9660623179059371,-0.005209596244079925,-52.09596244079925,0.936062317905936,-1.032049148252345
2014-04-11,1,890,955,181.38,181.51000000000002,181.37,181.52,time,0.13000000000002387,0.0007167668302366647,7.167668302366646,1.0253483265995271,0.1267861824392466
2014-04-15,1,663,839,182.39999999999998,182.86,182.39,182.87,target,0.4600000000000364,0.002522068095838787,25.22068095838787,1.0358404282341382,0.44408384482948504
2014-04-28,1,786,909,185.84,186.42000000000002,185.83,186.43,target,0.5800000000000125,0.0031211322176183205,31.211322176183206,0.9544193415514712,0.607699335867591
2014-05-05,-1,643,955,188.12,188.435,188.13,188.425,time,-0.3149999999999977,-0.0016743741030138613,-16.74374103013861,0.7492402498853892,-0.42042589149232584
2014-05-07,-1,706,840,187.65,186.95,187.66,186.94,target,0.700000000000017,0.003730150271768182,37.30150271768182,0.7106155677536492,0.9850614477991393
2014-05-08,1,884,955,187.695,187.73000000000002,187.685,187.74,time,0.03500000000002501,0.00018648267043197385,1.8648267043197384,0.7488308065398996,0.04673953007054888
2014-05-15,1,676,851,186.72,187.25900000000001,186.71,187.269,target,0.5390000000000157,0.002886829843072228,28.86829843072228,0.7549002730313816,0.7140015963109992
2014-05-20,1,821,955,187.32,187.69,187.31,187.7,time,0.37000000000000455,0.001975335006139579,19.75335006139579,0.7438674946339177,0.497400414279554
2014-06-05,-1,703,764,193.96,194.5982520372634,193.97,194.57825203726338,stop,-0.6382520372633849,-0.0032904677901911886,-32.90467790191189,0.6082520372633837,-1.0493216597102997
2014-06-12,1,811,910,193.81,193.27883154452525,193.8,193.29883154452526,stop,-0.5311684554747558,-0.0027408073037913094,-27.408073037913095,0.5011684554747546,-1.0598601122482505
2014-06-13,-1,635,792,194.24,193.85,194.25,193.84,target,0.3900000000000148,0.002007722007722084,20.077220077220836,0.5177057886304794,0.7533236223448592
2014-06-16,1,695,744,193.73999999999998,194.19,193.73,194.2,target,0.45000000000001705,0.002322820420172493,23.228204201724928,0.528806784925024,0.8509724398937498
2014-06-18,-1,863,908,195.42000000000002,195.950885990467,195.43,195.93088599046698,stop,-0.5308859904669703,-0.002716502023573506,-27.16502023573506,0.5008859904669691,-1.05989386920571
2014-06-24,1,869,910,195.39,194.84375199527508,195.38,194.8637519952751,stop,-0.5462480047249016,-0.002795823547573455,-27.95823547573455,0.5162480047249005,-1.0581116047431265
2014-06-26,-1,821,955,195.3,195.31,195.31,195.3,time,-0.009999999999990905,-5.1200655368342146e-05,-0.5120065536834215,0.5774887630846024,-0.017316354255235786
2014-07-01,-1,788,955,197.43,197.17999999999998,197.44,197.17,time,0.2500000000000284,0.0012662074554296416,12.662074554296415,0.6040188256834256,0.4138943843632066
2014-07-08,1,690,799,195.89999999999998,196.35000000000002,195.89,196.36,target,0.4500000000000455,0.0022972076165197076,22.972076165197077,0.569958037473441,0.7895318083324944
2014-07-10,-1,658,804,196.13,196.69638953182465,196.14,196.67638953182464,stop,-0.5663895318246546,-0.00288767988082316,-28.876798808231598,0.5363895318246534,-1.0559295031317057
2014-07-15,1,648,796,196.92499999999998,197.25,196.915,197.26,target,0.32500000000001705,0.0016504583195796007,16.504583195796005,0.6074387113037574,0.5350334016455147
2014-07-17,1,690,787,196.915,197.28,196.905,197.29,target,0.3650000000000091,0.0018536857875625762,18.536857875625763,0.5744601280827908,0.6353791710804436
2014-07-18,-1,744,955,197.37,197.67,197.38,197.66,time,-0.29999999999998295,-0.0015199108318977757,-15.199108318977757,0.6556488746029743,-0.4575619841971769
2014-07-28,-1,818,955,197.98700000000002,197.77499999999998,197.997,197.765,time,0.21200000000004593,0.0010707232937875114,10.707232937875114,0.6598440226264586,0.3212880510096858
2014-07-29,1,696,745,197.29,197.89000000000001,197.28,197.9,target,0.6000000000000227,0.0030413625304137404,30.413625304137405,0.6947414455609646,0.8636306410589287
2014-07-30,1,646,842,196.56,197.065,196.55,197.075,target,0.5049999999999955,0.0025693207835156217,25.693207835156215,0.7190954047481171,0.7022712100029141
2014-07-31,1,657,733,194.45,193.8125407951147,194.44,193.8325407951147,stop,-0.637459204885289,-0.003278436560817162,-32.78436560817162,0.6074592048852878,-1.0493860324425677
2014-08-01,1,704,810,192.10999999999999,192.77,192.1,192.78,target,0.660000000000025,0.0034357105674129363,34.357105674129365,0.7765262958989467,0.8499390213643379
2014-08-04,-1,887,955,193.70000000000002,194.1,193.71,194.09,time,-0.39999999999997726,-0.002064942439729375,-20.64942439729375,0.8135369693763437,-0.49168017564907557
2014-08-05,1,820,955,192.04,192.0,192.03,192.01,time,-0.03999999999999204,-0.00020830078633542697,-2.0830078633542697,0.7626757855500159,-0.052446925361797604
2014-08-07,1,717,955,191.38,191.15,191.37,191.16,time,-0.22999999999998977,-0.0012018602706797814,-12.018602706797815,0.8559376813241784,-0.2687111515457157
2014-08-08,-1,801,955,192.52,193.28,192.53,193.27,time,-0.7599999999999909,-0.003947436763101807,-39.47436763101807,0.8793373408745992,-0.8642871906748393
2014-08-15,1,656,867,194.88,195.46,194.87,195.47,target,0.5800000000000125,0.0029763432031611457,29.76343203161146,0.7702327018412802,0.7530191831812557
2014-09-02,1,765,896,200.01,200.46,200.0,200.47,target,0.45000000000001705,0.0022500000000000853,22.500000000000853,0.529110915611227,0.8504833045830829
2014-09-03,1,720,955,200.41,200.45000000000002,200.4,200.46,time,0.040000000000020464,0.00019960079840329573,1.9960079840329574,0.5493680681432807,0.07281093008410541
2014-09-04,1,873,910,200.565,200.01098289119273,200.555,200.03098289119274,stop,-0.5540171088072725,-0.0027624198290108573,-27.624198290108573,0.5240171088072714,-1.0572500391605246
2014-09-05,-1,752,953,200.61,201.1832747248943,200.62,201.16327472489428,stop,-0.5732747248942758,-0.0028575153269578095,-28.575153269578095,0.5432747248942746,-1.0552206804869109
2014-09-08,1,811,935,200.19,200.62,200.18,200.63,target,0.4300000000000068,0.0021480667399340933,21.480667399340934,0.5655873358446684,0.76027161986898
2014-09-10,-1,745,955,199.78,200.07999999999998,199.79,200.07,time,-0.29999999999998295,-0.0015015766554881773,-15.015766554881774,0.5664527626735207,-0.5296116812707473
2014-09-12,1,802,955,198.9201,199.10000000000002,198.9101,199.11,time,0.17990000000003192,0.0009044286841142402,9.044286841142402,0.5884918444844516,0.3056966747901721
2014-09-16,-1,697,743,199.81,200.44429623965755,199.82,200.42429623965754,stop,-0.6342962396575444,-0.0031743381025800444,-31.743381025800442,0.6042962396575433,-1.0496445253688858
2014-09-17,1,845,851,199.92,200.89000000000001,199.91,200.9,target,0.9700000000000273,0.004852183482567292,48.52183482567292,0.6722648198103798,1.4428837735010844
2014-09-19,1,792,918,200.38,201.05,200.37,201.06,target,0.6700000000000159,0.0033438139442033034,33.438139442033034,0.674332725351718,0.993574795959306
2014-09-24,-1,690,927,198.87,199.6826692290439,198.88,199.6626692290439,stop,-0.8126692290439053,-0.004086229027775066,-40.86229027775067,0.7826692290439041,-1.0383303685474496
2014-09-25,1,634,750,197.17999999999998,196.42881786830281,197.17,196.44881786830283,stop,-0.7511821316971634,-0.003809819605909436,-38.098196059094356,0.7211821316971623,-1.0415983684030024
2014-09-26,-1,857,955,197.79000000000002,197.98999999999998,197.8,197.98,time,-0.1999999999999602,-0.001011122345803641,-10.111223458036411,0.83626276474061,-0.2391592791555125
2014-09-29,-1,675,759,197.64000000000001,196.923,197.65,196.913,target,0.717000000000013,0.0036276245889198732,36.276245889198734,0.8694840524908614,0.8246269703808615
2014-09-30,1,828,936,196.64,197.43,196.63,197.44,target,0.7900000000000205,0.00401769821492153,40.176982149215306,0.8965978772379799,0.8811084880477966
2014-10-01,1,819,955,194.59,194.59,194.58,194.6,time,0.0,0.0,0.0,0.8070137129956265,0.0
2014-10-02,1,696,776,192.95,193.60000000000002,192.94,193.61,target,0.6500000000000341,0.0033689229812378673,33.68922981237867,0.8949776149766535,0.7262751482527192
2014-10-06,1,766,861,195.60999999999999,196.62,195.6,196.63,target,1.0100000000000193,0.005163599182004189,51.635991820041895,0.986422397871479,1.0239021358187086
2014-10-08,-1,841,860,194.42000000000002,195.5278422534748,194.43,195.5078422534748,stop,-1.1078422534747858,-0.005697897718843727,-56.97897718843727,1.0778422534747847,-1.027833386474956
2014-10-09,1,708,787,194.42,193.18861556398411,194.41,193.20861556398413,stop,-1.2313844360158726,-0.0063339562574758115,-63.33956257475811,1.2013844360158714,-1.024971190820059
2014-10-10,1,632,652,191.20499999999998,192.33,191.195,192.34,target,1.1250000000000284,0.005884045084861155,58.840450848611546,1.2889526516934495,0.8728016490923719
2014-10-15,1,763,801,183.81,182.34278393944223,183.8,182.36278393944224,stop,-1.4672160605577744,-0.007982677152109763,-79.82677152109763,1.4372160605577733,-1.0208736882528007
2014-10-16,-1,690,955,186.4,186.45499999999998,186.41,186.445,time,-0.0549999999999784,-0.00029504854889747544,-2.9504854889747545,1.5130585925250273,-0.036350211599005644
2014-11-13,1,806,939,203.42,204.15,203.41,204.16,target,0.7300000000000182,0.0035888107762647764,35.88810776264776,0.7415216698918528,0.9844621265167949
2014-11-19,-1,844,878,205.53,204.82999999999998,205.54,204.82,target,0.700000000000017,0.0034056631312640705,34.056631312640704,0.6701353209677734,1.0445651469155732
2014-11-20,-1,672,955,205.61,205.47,205.62,205.46,time,0.14000000000001478,0.0006808676198814063,6.808676198814063,0.619629428469608,0.2259414959450745
2014-11-21,1,744,955,206.56,206.48000000000002,206.55,206.49,time,-0.07999999999998408,-0.00038731541999508147,-3.8731541999508146,0.6057418671690016,-0.13206945785978524
2014-12-02,-1,887,955,207.24,206.95999999999998,207.25,206.95,time,0.28000000000002956,0.0013510253317251125,13.510253317251125,0.5219951771237277,0.5364034233857713
2014-12-04,1,647,707,206.75,207.23000000000002,206.74,207.24,target,0.4800000000000182,0.0023217567959757093,23.217567959757094,0.6018328769503967,0.7975636067478913
2014-12-08,1,737,813,207.17,206.56174378527393,207.16,206.58174378527394,stop,-0.6082562147260546,-0.0029361663193959,-29.361663193959,0.5782562147260535,-1.0518801168686331
2014-12-09,-1,760,792,205.4,206.008561263214,205.41,205.988561263214,stop,-0.6085612632139998,-0.0029626661954822056,-29.626661954822055,0.5785612632139987,-1.0518527628921204
2014-12-10,1,828,862,204.41,203.72327146682213,204.4,203.74327146682214,stop,-0.6867285331778703,-0.003359728635899561,-33.59728635899561,0.6567285331778692,-1.0456809754478504
2014-12-11,-1,631,838,205.91,205.45,205.92,205.44,target,0.46000000000000796,0.0022338772338772726,22.338772338772724,0.7344167704711992,0.6263473527502287
2014-12-12,1,663,796,202.13,202.79000000000002,202.12,202.8,target,0.660000000000025,0.003265386898872081,32.65386898872081,0.7641494644895204,0.8637053752840473
2014-12-15,1,635,675,200.95999999999998,200.08657360220894,200.95,200.10657360220895,stop,-0.8734263977910359,-0.00434648617960207,-43.464861796020706,0.8434263977910348,-1.0355691973580294
2014-12-16,-1,656,681,200.4001,201.26038093998494,200.4101,201.24038093998493,stop,-0.860280939984932,-0.004292602718051296,-42.92602718051296,0.8302809399849309,-1.0361323481670501
2014-12-17,-1,717,842,200.43900000000002,201.51117168222635,200.449,201.49117168222634,stop,-1.072171682226326,-0.005348850242337582,-53.48850242337582,1.042171682226325,-1.0287860440958385
