date,direction,entry_time,exit_time,entry_px,exit_px,entry_px_raw,exit_px_raw,exit_reason,pnl_ps,ret,bps,risk_ps,r_mult
2003-01-02,-1,583,602,88.82,89.43,88.83,89.41000000000001,stop,-0.6100000000000136,-0.006867049420241063,-68.67049420241064,0.5800000000000125,-1.0517241379310354
2003-01-03,-1,575,579,90.82,91.06,90.83,91.04,stop,-0.2400000000000091,-0.002642298799956062,-26.42298799956062,0.19000000000001194,-1.2631578947368105
2003-01-06,1,575,959,91.59,93.11,91.58,93.12,eod,1.519999999999996,0.016597510373443942,165.97510373443941,0.4200000000000017,3.619047619047595
2003-01-07,1,575,582,92.94000000000001,92.65,92.93,92.67,stop,-0.29000000000000625,-0.003120628430001143,-31.20628430001143,0.2600000000000051,-1.1153846153846174
2003-01-08,-1,596,687,91.86999999999999,92.31,91.88,92.29,stop,-0.44000000000001194,-0.00478885502829791,-47.8885502829791,0.4100000000000108,-1.073170731707318
2003-01-09,1,577,959,92.05000000000001,92.97999999999999,92.04,92.99,eod,0.9299999999999784,0.010104302477183597,101.04302477183597,0.2600000000000051,3.5769230769229234
2003-01-10,1,583,959,92.30000000000001,93.02,92.29,93.03,eod,0.7199999999999847,0.007801495286596431,78.0149528659643,0.5000000000000142,1.4399999999999284
2003-01-13,1,575,587,93.80000000000001,93.45,93.79,93.47,stop,-0.3500000000000085,-0.003731741123787275,-37.31741123787275,0.3200000000000074,-1.0937500000000013
2003-01-14,-1,578,622,92.66999999999999,93.0,92.67999999999999,92.98,stop,-0.3300000000000125,-0.0035606387570135145,-35.60638757013515,0.30000000000001137,-1.1
2003-01-15,-1,575,959,93.19,92.14,93.2,92.13,eod,1.0499999999999972,0.011266094420600828,112.66094420600828,0.37999999999999545,2.763157894736868
2003-01-16,-1,575,592,92.39999999999999,92.67,92.41,92.65,stop,-0.27000000000001023,-0.0029217617141003164,-29.217617141003164,0.2400000000000091,-1.125
2003-01-17,-1,576,585,90.91999999999999,91.19,90.92999999999999,91.17,stop,-0.27000000000001023,-0.002969317057076985,-29.69317057076985,0.2400000000000091,-1.125
2003-01-21,-1,575,959,90.69999999999999,89.08,90.71,89.07,eod,1.6199999999999903,0.01785911145408434,178.5911145408434,0.22000000000001307,7.363636363635882
2003-01-22,1,576,581,88.89000000000001,88.67999999999999,88.88000000000001,88.69999999999999,stop,-0.21000000000002217,-0.0023627362736276117,-23.62736273627612,0.18000000000002103,-1.1666666666666534
2003-01-23,1,576,587,88.95000000000002,88.61,88.94000000000001,88.63,stop,-0.3400000000000176,-0.003822801888914072,-38.22801888914072,0.30000000000001137,-1.133333333333349
2003-01-24,-1,577,959,88.39999999999999,86.34,88.41,86.33,eod,2.059999999999988,0.023300531614070672,233.00531614070673,0.28000000000001535,7.357142857142411
2003-01-27,-1,578,595,85.63,86.02,85.64,86.0,stop,-0.39000000000000057,-0.004553946753853346,-45.53946753853346,0.35999999999999943,-1.0833333333333366
2003-01-28,-1,575,580,85.44999999999999,85.78,85.46,85.76,stop,-0.3300000000000125,-0.003861455651767055,-38.61455651767055,0.30000000000001137,-1.1
2003-01-29,-1,575,613,85.18999999999998,85.61,85.19999999999999,85.59,stop,-0.4200000000000159,-0.00492957746478892,-49.2957746478892,0.3900000000000148,-1.0769230769230769
2003-01-30,1,575,578,86.87,86.59,86.86,86.61,stop,-0.28000000000000114,-0.0032235781717706784,-32.235781717706786,0.25,-1.1200000000000045
2003-01-31,1,581,959,84.59,85.8,84.58,85.81,eod,1.2099999999999937,0.014305982501773395,143.05982501773394,0.4399999999999977,2.75
2003-02-03,1,575,590,86.31000000000002,85.99,86.30000000000001,86.00999999999999,stop,-0.3200000000000216,-0.0037079953650060436,-37.07995365006044,0.29000000000002046,-1.1034482758620656
2003-02-04,-1,575,959,85.17999999999999,85.15,85.19,85.14,eod,0.029999999999986926,0.00035215400868631206,3.5215400868631206,0.2500000000000142,0.11999999999994088
2003-02-05,1,575,583,85.81000000000002,85.5,85.80000000000001,85.52,stop,-0.3100000000000165,-0.0036130536130538045,-36.13053613053805,0.28000000000001535,-1.1071428571428554
2003-02-06,1,575,585,84.60000000000001,84.32,84.59,84.33999999999999,stop,-0.28000000000001535,-0.0033100839342713718,-33.10083934271372,0.2500000000000142,-1.1199999999999977
2003-02-07,-1,578,583,84.67999999999999,85.0,84.69,84.98,stop,-0.3200000000000074,-0.0037784862439486054,-37.784862439486055,0.29000000000000625,-1.1034482758620707
2003-02-10,1,576,584,83.66000000000001,83.41,83.65,83.42999999999999,stop,-0.2500000000000142,-0.0029886431560073425,-29.886431560073426,0.22000000000001307,-1.1363636363636334
2003-02-11,-1,575,584,84.22999999999999,84.48,84.24,84.46000000000001,stop,-0.2500000000000142,-0.0029677113010448033,-29.677113010448032,0.22000000000001307,-1.1363636363636334
2003-02-12,1,575,585,83.36000000000001,83.13,83.35000000000001,83.14999999999999,stop,-0.2300000000000182,-0.0027594481103781422,-27.594481103781423,0.20000000000001705,-1.1499999999999928
2003-02-13,1,577,583,82.28000000000002,82.02,82.27000000000001,82.03999999999999,stop,-0.2600000000000193,-0.003160325756655151,-31.603257566551513,0.2300000000000182,-1.1304347826086902
2003-02-14,-1,582,615,82.27999999999999,82.65,82.28999999999999,82.63000000000001,stop,-0.37000000000001876,-0.004496293595819891,-44.96293595819891,0.3400000000000176,-1.0882352941176459
2003-02-18,1,578,959,84.86000000000001,85.49,84.85000000000001,85.5,eod,0.6299999999999812,0.007424867413081688,74.24867413081688,0.37000000000001876,1.7027027027025656
2003-02-19,-1,578,586,85.18999999999998,85.47,85.19999999999999,85.45,stop,-0.28000000000001535,-0.0032863849765260023,-32.86384976526002,0.2500000000000142,-1.1199999999999977
2003-02-20,-1,576,581,85.16,85.39,85.17,85.37,stop,-0.23000000000000398,-0.0027004813901609012,-27.004813901609012,0.20000000000000284,-1.1500000000000035
2003-02-21,-1,575,593,84.27999999999999,84.55,84.28999999999999,84.53,stop,-0.27000000000001023,-0.0032032269545617543,-32.032269545617545,0.2400000000000091,-1.125
2003-02-24,-1,583,959,84.71,83.69000000000001,84.72,83.68,eod,1.0199999999999818,0.01203966005665701,120.3966005665701,0.29000000000000625,3.517241379310206
2003-02-25,1,576,593,83.01,82.75,83.0,82.77,stop,-0.2600000000000051,-0.0031325301204819895,-31.325301204819894,0.23000000000000398,-1.1304347826086982
2003-02-26,1,576,581,84.10000000000001,83.83,84.09,83.85,stop,-0.27000000000001023,-0.0032108455226544205,-32.10845522654421,0.2400000000000091,-1.125
2003-02-27,-1,575,621,83.66999999999999,83.92,83.67999999999999,83.9,stop,-0.2500000000000142,-0.0029875717017210112,-29.87571701721011,0.22000000000001307,-1.1363636363636334
2003-02-28,-1,581,583,84.30999999999999,84.61,84.32,84.59,stop,-0.30000000000001137,-0.0035578747628084843,-35.57874762808484,0.27000000000001023,-1.1111111111111112
2003-03-03,1,585,618,85.47000000000001,85.22,85.46000000000001,85.24,stop,-0.2500000000000142,-0.0029253451907326725,-29.253451907326724,0.22000000000001307,-1.1363636363636334
2003-03-04,-1,576,959,83.74999999999999,82.74000000000001,83.75999999999999,82.73,eod,1.0099999999999767,0.012058261700095234,120.58261700095234,0.2600000000000193,3.884615384615006
2003-03-05,-1,578,583,82.44999999999999,82.71000000000001,82.46,82.69000000000001,stop,-0.2600000000000193,-0.0031530439000729974,-31.530439000729974,0.2300000000000182,-1.1304347826086902
2003-03-06,1,580,591,82.94000000000001,82.64,82.93,82.66,stop,-0.30000000000001137,-0.003617508742312931,-36.17508742312931,0.27000000000001023,-1.1111111111111112
2003-03-07,1,577,959,81.73,83.36,81.72,83.37,eod,1.6299999999999955,0.019946157611355795,199.46157611355795,0.29999999999999716,5.43333333333337
2003-03-10,1,575,582,82.77000000000001,82.55,82.76,82.57,stop,-0.22000000000001307,-0.0026582890285163493,-26.582890285163494,0.19000000000001194,-1.1578947368421013
2003-03-11,-1,575,579,81.32999999999998,81.57000000000001,81.33999999999999,81.55000000000001,stop,-0.2400000000000233,-0.0029505778214903287,-29.505778214903287,0.21000000000002217,-1.1428571428571332
2003-03-12,1,576,604,80.54,80.22,80.53,80.24,stop,-0.3200000000000074,-0.003973674407053364,-39.73674407053364,0.29000000000000625,-1.1034482758620707
2003-03-13,-1,587,736,82.07999999999998,82.49,82.08999999999999,82.47,stop,-0.4100000000000108,-0.004994518211718977,-49.94518211718977,0.38000000000000966,-1.0789473684210535
2003-03-14,-1,575,609,83.99,84.43,84.0,84.41000000000001,stop,-0.44000000000001194,-0.00523809523809538,-52.3809523809538,0.4100000000000108,-1.073170731707318
2003-03-17,-1,575,578,83.28999999999999,83.56,83.3,83.54,stop,-0.27000000000001023,-0.003241296518607566,-32.41296518607566,0.2400000000000091,-1.125
2003-03-18,-1,579,831,86.89999999999999,87.28,86.91,87.26,stop,-0.38000000000000966,-0.004372339201472899,-43.723392014728994,0.3500000000000085,-1.085714285714287
2003-03-19,-1,587,887,87.13,87.73,87.14,87.71000000000001,stop,-0.6000000000000085,-0.006885471654808452,-68.85471654808453,0.5700000000000074,-1.0526315789473697
2003-03-20,-1,579,661,87.28999999999999,87.66,87.3,87.64,stop,-0.37000000000000455,-0.004238258877434188,-42.382588774341876,0.3400000000000034,-1.0882352941176494
2003-03-21,-1,580,713,88.47999999999999,88.83,88.49,88.81,stop,-0.3500000000000085,-0.003955249180698481,-39.552491806984804,0.3200000000000074,-1.0937500000000013
2003-03-24,-1,578,588,87.68999999999998,88.08,87.69999999999999,88.06,stop,-0.3900000000000148,-0.00444697833523392,-44.469783352339206,0.36000000000001364,-1.0833333333333333
2003-03-25,-1,576,578,86.67999999999999,86.91,86.69,86.89,stop,-0.23000000000000398,-0.0026531318491175913,-26.531318491175913,0.20000000000000284,-1.1500000000000035
2003-03-26,-1,576,602,87.38,87.64,87.39,87.62,stop,-0.2600000000000051,-0.0029751687836137445,-29.751687836137446,0.23000000000000398,-1.1304347826086982
2003-03-27,1,575,591,86.49000000000001,86.28999999999999,86.48,86.30999999999999,stop,-0.20000000000001705,-0.002312673450508985,-23.12673450508985,0.17000000000001592,-1.1764705882352844
2003-03-28,-1,577,583,86.35999999999999,86.59,86.36999999999999,86.57000000000001,stop,-0.2300000000000182,-0.0026629616765082575,-26.629616765082574,0.20000000000001705,-1.1499999999999928
2003-03-31,-1,580,712,85.27999999999999,85.51,85.28999999999999,85.49000000000001,stop,-0.2300000000000182,-0.002696681908782017,-26.96681908782017,0.20000000000001705,-1.1499999999999928
2003-04-01,1,578,586,85.38000000000001,85.12,85.37,85.14,stop,-0.2600000000000051,-0.003045566358205518,-30.45566358205518,0.23000000000000398,-1.1304347826086982
2003-04-02,1,578,959,87.72000000000001,88.38,87.71000000000001,88.39,eod,0.6599999999999824,0.007524797628548425,75.24797628548424,0.22000000000001307,2.9999999999997415
2003-04-03,-1,577,959,88.49,87.85000000000001,88.5,87.84,eod,0.6399999999999864,0.0072316384180789416,72.31638418078941,0.5,1.2799999999999727
2003-04-04,-1,575,584,88.24,88.51,88.25,88.49000000000001,stop,-0.27000000000001023,-0.0030594900849859516,-30.594900849859517,0.2400000000000091,-1.125
2003-04-07,1,575,577,90.4,90.17999999999999,90.39,90.19999999999999,stop,-0.22000000000001307,-0.002433897555039419,-24.33897555039419,0.19000000000001194,-1.1578947368421013
2003-04-08,-1,575,578,88.07,88.34,88.08,88.32000000000001,stop,-0.27000000000001023,-0.003065395095367964,-30.653950953679637,0.2400000000000091,-1.125
2003-04-09,-1,578,608,88.14999999999999,88.5,88.16,88.48,stop,-0.3500000000000085,-0.003970054446461077,-39.70054446461077,0.3200000000000074,-1.0937500000000013
2003-04-10,-1,575,578,86.91,87.2,86.92,87.18,stop,-0.29000000000000625,-0.003336401288541259,-33.36401288541259,0.2600000000000051,-1.1153846153846174
2003-04-11,1,575,601,88.37,88.11,88.36,88.13,stop,-0.2600000000000051,-0.0029425079221367715,-29.425079221367714,0.23000000000000398,-1.1304347826086982
2003-04-14,-1,591,652,87.24,87.75,87.25,87.73,stop,-0.5100000000000051,-0.005845272206303783,-58.45272206303783,0.480000000000004,-1.0625000000000018
2003-04-15,-1,575,589,88.42999999999999,88.9,88.44,88.88000000000001,stop,-0.4700000000000131,-0.00531433740388979,-53.1433740388979,0.44000000000001194,-1.068181818181819
2003-04-16,1,576,582,90.07000000000001,89.77,90.06,89.78999999999999,stop,-0.30000000000001137,-0.0033311125916057225,-33.31112591605723,0.27000000000001023,-1.1111111111111112
2003-04-17,1,577,586,88.51,88.24,88.5,88.25999999999999,stop,-0.27000000000001023,-0.003050847457627234,-30.50847457627234,0.2400000000000091,-1.125
2003-04-21,-1,575,585,89.57999999999998,89.9,89.58999999999999,89.88000000000001,stop,-0.3200000000000216,-0.0035718272128588196,-35.7182721285882,0.29000000000002046,-1.1034482758620656
2003-04-22,-1,577,592,88.89999999999999,89.25,88.91,89.23,stop,-0.3500000000000085,-0.003936565065796969,-39.36565065796969,0.3200000000000074,-1.0937500000000013
2003-04-23,1,581,609,91.71000000000001,91.4,91.7,91.42,stop,-0.3100000000000023,-0.0033805888767721075,-33.80588876772107,0.28000000000000114,-1.1071428571428608
2003-04-24,-1,576,592,91.39999999999999,91.63,91.41,91.61,stop,-0.23000000000000398,-0.002516136090143354,-25.161360901433543,0.20000000000000284,-1.1500000000000035
2003-04-25,1,575,581,91.42000000000002,91.16,91.41000000000001,91.17999999999999,stop,-0.2600000000000193,-0.0028443277540752578,-28.44327754075258,0.2300000000000182,-1.1304347826086902
2003-04-28,-1,575,582,90.30999999999999,90.58,90.32,90.56,stop,-0.27000000000001023,-0.002989371124889396,-29.893711248893958,0.2400000000000091,-1.125
2003-04-29,-1,575,580,91.93999999999998,92.19,91.94999999999999,92.17,stop,-0.2500000000000142,-0.00271886895051674,-27.1886895051674,0.22000000000001307,-1.1363636363636334
2003-04-30,-1,575,594,91.6,91.98,91.61,91.96000000000001,stop,-0.38000000000000966,-0.0041480187752429825,-41.48018775242983,0.3500000000000085,-1.085714285714287
2003-05-01,-1,575,851,91.71999999999998,92.05,91.72999999999999,92.03,stop,-0.3300000000000125,-0.0035975144445657098,-35.9751444456571,0.30000000000001137,-1.1
2003-05-02,1,579,959,91.79,93.33,91.78,93.34,eod,1.539999999999992,0.016779254739594594,167.79254739594595,0.30000000000001137,5.133333333333113
2003-05-05,1,575,583,93.59,93.25,93.58,93.27,stop,-0.3400000000000034,-0.003633254969010509,-36.33254969010509,0.3100000000000023,-1.0967741935483901
2003-05-06,1,575,959,93.21000000000001,93.78999999999999,93.2,93.8,eod,0.5799999999999841,0.006223175965665065,62.23175965665065,0.21000000000000796,2.7619047619045816
2003-05-07,-1,575,585,93.27999999999999,93.55,93.28999999999999,93.53,stop,-0.27000000000001023,-0.002894200878979636,-28.94200878979636,0.2400000000000091,-1.125
2003-05-08,1,577,581,92.67000000000002,92.42999999999999,92.66000000000001,92.44999999999999,stop,-0.2400000000000233,-0.0025901143967194395,-25.901143967194397,0.21000000000002217,-1.1428571428571332
2003-05-09,1,575,613,92.98,92.72,92.97,92.74,stop,-0.2600000000000051,-0.0027966010541035295,-27.966010541035295,0.23000000000000398,-1.1304347826086982
2003-05-12,-1,576,590,93.39999999999999,93.65,93.41,93.63000000000001,stop,-0.2500000000000142,-0.0026763729793385527,-26.763729793385526,0.22000000000001307,-1.1363636363636334
2003-05-13,1,575,579,94.64000000000001,94.44,94.63000000000001,94.46,stop,-0.20000000000001705,-0.0021134946634261548,-21.13494663426155,0.17000000000001592,-1.1764705882352844
2003-05-14,-1,578,959,95.04999999999998,94.37,95.05999999999999,94.36,eod,0.6799999999999784,0.007153376814643157,71.53376814643157,0.19000000000001194,3.5789473684207143
2003-05-15,-1,584,597,94.77999999999999,95.18,94.78999999999999,95.16000000000001,stop,-0.4000000000000199,-0.004219854415022892,-42.19854415022892,0.37000000000001876,-1.08108108108108
2003-05-16,1,577,602,94.97000000000001,94.75,94.96000000000001,94.77,stop,-0.22000000000001307,-0.0023167649536648383,-23.167649536648383,0.19000000000001194,-1.1578947368421013
2003-05-19,1,575,582,94.32000000000001,94.09,94.31,94.11,stop,-0.23000000000000398,-0.002438765772452592,-24.387657724525923,0.20000000000000284,-1.1500000000000035
2003-05-20,1,575,583,93.01,92.67,93.0,92.69,stop,-0.3400000000000034,-0.0036559139784946605,-36.5591397849466,0.3100000000000023,-1.0967741935483901
2003-05-21,-1,577,603,92.07,92.39,92.08,92.37,stop,-0.3200000000000074,-0.0034752389226760144,-34.752389226760144,0.29000000000000625,-1.1034482758620707
2003-05-22,-1,576,587,92.78999999999999,93.01,92.8,92.99000000000001,stop,-0.22000000000001307,-0.0023706896551725547,-23.706896551725546,0.19000000000001194,-1.1578947368421013
2003-05-23,-1,575,644,93.35,93.69,93.36,93.67,stop,-0.3400000000000034,-0.003641816623821802,-36.41816623821802,0.3100000000000023,-1.0967741935483901
2003-05-27,1,587,959,93.39000000000001,95.61,93.38000000000001,95.62,eod,2.2199999999999847,0.023773827372028104,237.73827372028103,0.21000000000000796,10.571428571428097
2003-05-28,1,583,608,95.92000000000002,95.56,95.91000000000001,95.58,stop,-0.36000000000001364,-0.003753518923991384,-37.53518923991384,0.3300000000000125,-1.0909090909090908
2003-05-29,1,575,581,96.06000000000002,95.82,96.05000000000001,95.83999999999999,stop,-0.2400000000000233,-0.002498698594482283,-24.98698594482283,0.21000000000002217,-1.1428571428571332
2003-05-30,1,583,959,96.11000000000001,96.91,96.10000000000001,96.92,eod,0.799999999999983,0.008324661810613766,83.24661810613766,0.3400000000000176,2.352941176470416
2003-06-02,-1,582,610,97.47999999999999,97.79,97.49,97.77000000000001,stop,-0.3100000000000165,-0.0031798133141862396,-31.798133141862397,0.28000000000001535,-1.1071428571428554
2003-06-03,-1,576,590,97.03999999999999,97.36,97.05,97.34,stop,-0.3200000000000074,-0.00329726944873784,-32.9726944873784,0.29000000000000625,-1.1034482758620707
2003-06-04,-1,578,582,97.6,97.8,97.61,97.78,stop,-0.20000000000000284,-0.002048970392377859,-20.489703923778592,0.1700000000000017,-1.176470588235299
2003-06-05,-1,577,588,98.49999999999999,98.76,98.50999999999999,98.74000000000001,stop,-0.2600000000000193,-0.0026393259567558556,-26.393259567558555,0.2300000000000182,-1.1304347826086902
2003-06-06,-1,575,578,100.27999999999999,100.67,100.28999999999999,100.65,stop,-0.3900000000000148,-0.0038887227041580897,-38.8872270415809,0.36000000000001364,-1.0833333333333333
2003-06-09,-1,578,595,98.68999999999998,99.09,98.69999999999999,99.07000000000001,stop,-0.4000000000000199,-0.004052684903748936,-40.526849037489356,0.37000000000001876,-1.08108108108108
2003-06-10,1,575,597,98.74000000000001,98.41,98.73,98.42999999999999,stop,-0.3300000000000125,-0.003342449103616049,-33.42449103616049,0.30000000000001137,-1.1
2003-06-11,-1,579,608,98.83999999999999,99.19,98.85,99.17,stop,-0.3500000000000085,-0.00354071825998997,-35.4071825998997,0.3200000000000074,-1.0937500000000013
2003-06-12,1,575,592,100.82000000000001,100.51,100.81,100.53,stop,-0.3100000000000023,-0.003075091756770184,-30.75091756770184,0.28000000000000114,-1.1071428571428608
2003-06-13,-1,575,959,100.53999999999999,99.44000000000001,100.55,99.43,eod,1.09999999999998,0.010939830929885432,109.39830929885431,0.20000000000000284,5.499999999999822
2003-06-16,1,579,586,100.12,99.92,100.11,99.94,stop,-0.20000000000000284,-0.0019978024173409534,-19.978024173409533,0.1700000000000017,-1.176470588235299
2003-06-17,-1,585,959,101.71,101.76,101.72,101.75,eod,-0.05000000000001137,-0.0004915454187968086,-4.915454187968086,0.4690000000000083,-0.10660980810236777
2003-06-18,1,575,580,101.43,101.2,101.42,101.22,stop,-0.23000000000000398,-0.002267797278643305,-22.67797278643305,0.20000000000000284,-1.1500000000000035
2003-06-19,1,577,586,101.71000000000001,101.42999999999999,101.7,101.44999999999999,stop,-0.28000000000001535,-0.0027531956735498066,-27.531956735498067,0.2500000000000142,-1.1199999999999977
2003-06-20,-1,578,671,100.21999999999998,100.47,100.22999999999999,100.45,stop,-0.2500000000000142,-0.0024942631946524418,-24.94263194652442,0.22000000000001307,-1.1363636363636334
2003-06-23,-1,575,959,99.39999999999999,98.37,99.41,98.36,eod,1.029999999999987,0.010361130670958524,103.61130670958525,0.2400000000000091,4.291666666666449
2003-06-24,1,576,959,98.45000000000002,98.64,98.44000000000001,98.65,eod,0.18999999999998352,0.0019301097114992228,19.301097114992228,0.43000000000002103,0.4418604651162191
2003-06-25,1,575,863,98.78000000000002,98.48,98.77000000000001,98.5,stop,-0.30000000000001137,-0.0030373595221222164,-30.373595221222164,0.27000000000001023,-1.1111111111111112
2003-06-26,-1,575,578,97.60999999999999,97.86,97.61999999999999,97.84,stop,-0.2500000000000142,-0.0025609506248720983,-25.609506248720983,0.22000000000001307,-1.1363636363636334
2003-06-27,-1,583,626,98.58899999999998,98.84,98.59899999999999,98.82000000000001,stop,-0.251000000000019,-0.0025456647633345067,-25.456647633345067,0.22100000000001785,-1.1357466063348358
2003-06-30,1,575,603,98.62400000000001,98.15,98.614,98.17,stop,-0.47400000000000375,-0.004806619749731313,-48.066197497313134,0.4440000000000026,-1.0675675675675698
2003-07-01,-1,578,784,97.17999999999999,97.42,97.19,97.4,stop,-0.2400000000000091,-0.0024693898549234396,-24.693898549234394,0.21000000000000796,-1.1428571428571428
2003-07-02,1,578,959,98.92000000000002,99.58999999999999,98.91000000000001,99.6,eod,0.6699999999999733,0.006773834799312236,67.73834799312236,0.35000000000002274,1.9142857142855136
2003-07-03,1,577,638,99.11000000000001,98.92,99.10000000000001,98.94,stop,-0.19000000000001194,-0.0019172552976792323,-19.17255297679232,0.1600000000000108,-1.1874999999999944
2003-07-07,1,575,959,99.86000000000001,100.72999999999999,99.85000000000001,100.74,eod,0.8699999999999761,0.00871306960440637,87.13069604406371,0.21000000000000796,4.142857142856872
2003-07-08,1,575,599,100.653,100.37,100.643,100.39,stop,-0.28300000000000125,-0.0028119193585246986,-28.119193585246986,0.2530000000000001,-1.1185770750988187
2003-07-09,1,575,583,101.07000000000001,100.828,101.06,100.848,stop,-0.24200000000000443,-0.0023946170591728124,-23.946170591728123,0.2120000000000033,-1.1415094339622673
2003-07-10,1,575,578,99.94000000000001,99.71,99.93,99.72999999999999,stop,-0.2300000000000182,-0.0023016111277896346,-23.016111277896346,0.20000000000001705,-1.1499999999999928
2003-07-11,1,575,959,99.65,100.13,99.64,100.14,eod,0.47999999999998977,0.004817342432757826,48.17342432757826,0.2600000000000051,1.8461538461537705
2003-07-14,1,575,584,101.32300000000001,101.11,101.313,101.13,stop,-0.21300000000000807,-0.0021023955464748658,-21.023955464748656,0.18300000000000693,-1.1639344262295082
2003-07-15,-1,576,959,101.17999999999999,100.39,101.19,100.38,eod,0.789999999999992,0.00780709556280257,78.0709556280257,0.28000000000000114,2.8214285714285317
2003-07-16,-1,576,959,100.58999999999999,99.77000000000001,100.6,99.76,eod,0.819999999999979,0.008151093439363608,81.51093439363608,0.28000000000001535,2.928571428571193
2003-07-17,-1,580,583,99.05999999999999,99.312,99.07,99.292,stop,-0.25200000000000955,-0.002543656000807606,-25.43656000807606,0.2220000000000084,-1.135135135135135
2003-07-18,-1,575,577,98.96999999999998,99.18,98.97999999999999,99.16000000000001,stop,-0.21000000000002217,-0.002121640735502346,-21.21640735502346,0.18000000000002103,-1.1666666666666534
2003-07-21,-1,578,959,99.00999999999999,98.25,99.02,98.24,eod,0.7599999999999909,0.007675217127852868,76.75217127852868,0.480000000000004,1.5833333333333013
2003-07-22,-1,577,692,98.55999999999999,98.805,98.57,98.78500000000001,stop,-0.24500000000001876,-0.002485543268743216,-24.85543268743216,0.21500000000001762,-1.139534883720924
2003-07-23,-1,575,875,99.07999999999998,99.38,99.08999999999999,99.36,stop,-0.30000000000001137,-0.0030275507114745324,-30.275507114745324,0.27000000000001023,-1.1111111111111112
2003-07-24,-1,575,602,99.72999999999999,100.02,99.74,100.0,stop,-0.29000000000000625,-0.0029075596551033315,-29.075596551033314,0.2600000000000051,-1.1153846153846174
2003-07-25,1,576,580,98.81000000000002,98.52,98.80000000000001,98.53999999999999,stop,-0.29000000000002046,-0.0029352226720649843,-29.352226720649842,0.2600000000000193,-1.1153846153846112
2003-07-28,1,580,585,100.42000000000002,100.06,100.41000000000001,100.08,stop,-0.36000000000001364,-0.0035853002688976555,-35.85300268897655,0.3300000000000125,-1.0909090909090908
2003-07-29,-1,579,959,100.04999999999998,99.32900000000001,100.05999999999999,99.319,eod,0.7209999999999752,0.007205676594043327,72.05676594043327,0.22000000000001307,3.27727272727242
2003-07-30,-1,576,959,99.44999999999999,99.12,99.46,99.11,eod,0.3299999999999841,0.0033179167504522834,33.17916750452284,0.3400000000000176,0.9705882352940205
2003-07-31,-1,578,599,99.78899999999999,100.05,99.79899999999999,100.03,stop,-0.2610000000000099,-0.0026152566658985553,-26.152566658985553,0.23100000000000875,-1.12987012987013
2003-08-01,-1,575,578,99.02,99.29,99.03,99.27000000000001,stop,-0.27000000000001023,-0.0027264465313542384,-27.264465313542384,0.2400000000000091,-1.125
2003-08-04,1,577,579,98.43,98.19,98.42,98.21,stop,-0.2400000000000091,-0.00243852875431832,-24.385287543183203,0.21000000000000796,-1.1428571428571428
2003-08-05,-1,577,587,98.291,98.59,98.301,98.57000000000001,stop,-0.2990000000000066,-0.0030416781111077874,-30.416781111077874,0.26900000000000546,-1.1115241635687751
2003-08-06,-1,579,580,96.53999999999999,96.82000000000001,96.55,96.80000000000001,stop,-0.28000000000001535,-0.0029000517866392063,-29.000517866392062,0.2500000000000142,-1.1199999999999977
2003-08-07,-1,575,599,97.03999999999999,97.27,97.05,97.25,stop,-0.23000000000000398,-0.002369912416280309,-23.699124162803088,0.20000000000000284,-1.1500000000000035
2003-08-08,1,575,581,98.38000000000001,98.14,98.37,98.16,stop,-0.2400000000000091,-0.0024397682220190006,-24.397682220190006,0.21000000000000796,-1.1428571428571428
2003-08-11,-1,577,584,98.18999999999998,98.4,98.19999999999999,98.38000000000001,stop,-0.21000000000002217,-0.0021384928716906538,-21.384928716906536,0.18000000000002103,-1.1666666666666534
2003-08-12,-1,576,606,98.63999999999999,98.81,98.64999999999999,98.79,stop,-0.17000000000001592,-0.0017232640648759852,-17.23264064875985,0.14000000000001478,-1.2142857142856998
2003-08-13,-1,575,959,99.63999999999999,98.9,99.64999999999999,98.89,eod,0.7399999999999807,0.00742599096838917,74.25990968389169,0.2090000000000174,3.540669856458943
2003-08-14,-1,575,641,98.99,99.183,99.0,99.16300000000001,stop,-0.19300000000001205,-0.0019494949494950713,-19.494949494950713,0.16300000000001091,-1.184049079754596
2003-08-15,-1,577,624,99.27999999999999,99.5,99.28999999999999,99.48,stop,-0.22000000000001307,-0.0022157316950348785,-22.157316950348786,0.19000000000001194,-1.1578947368421013
2003-08-18,-1,576,583,99.83999999999999,100.04,99.85,100.02000000000001,stop,-0.20000000000001705,-0.0020030045067603113,-20.030045067603112,0.17000000000001592,-1.1764705882352844
2003-08-19,-1,578,657,100.61999999999999,100.84,100.63,100.82000000000001,stop,-0.22000000000001307,-0.0021862267713406843,-21.862267713406844,0.19000000000001194,-1.1578947368421013
2003-08-20,-1,578,579,100.24999999999999,100.402,100.25999999999999,100.382,stop,-0.15200000000001523,-0.0015160582485539123,-15.160582485539123,0.1220000000000141,-1.2459016393442433
2003-08-21,-1,575,589,100.89999999999999,101.109,100.91,101.089,stop,-0.20900000000000318,-0.002071152512139562,-20.711525121395617,0.17900000000000205,-1.1675977653631329
2003-08-22,-1,575,959,101.54999999999998,99.78,101.55999999999999,99.77,eod,1.7699999999999818,0.01742812130760124,174.28121307601242,0.2680000000000149,6.604477611939863
2003-08-25,1,577,580,99.9,99.667,99.89,99.687,stop,-0.2330000000000041,-0.002332565822404686,-23.32565822404686,0.20300000000000296,-1.1477832512315305
2003-08-26,1,575,604,99.68,99.46,99.67,99.47999999999999,stop,-0.22000000000001307,-0.0022072840373232976,-22.072840373232975,0.19000000000001194,-1.1578947368421013
2003-08-27,1,576,579,100.13000000000001,99.98,100.12,100.0,stop,-0.15000000000000568,-0.0014982021574111634,-14.982021574111634,0.12000000000000455,-1.25
2003-08-28,1,576,580,100.52000000000001,100.36,100.51,100.38,stop,-0.1600000000000108,-0.0015918814048354471,-15.918814048354472,0.13000000000000966,-1.2307692307692224
2003-08-29,-1,578,585,100.47999999999999,100.73,100.49,100.71000000000001,stop,-0.2500000000000142,-0.002487809732311814,-24.87809732311814,0.22000000000001307,-1.1363636363636334
2003-09-02,1,575,604,101.78000000000002,101.55,101.77000000000001,101.57,stop,-0.2300000000000182,-0.002259998034784496,-22.599980347844962,0.20000000000001705,-1.1499999999999928
2003-09-03,-1,575,598,102.91,103.19,102.92,103.17,stop,-0.28000000000000114,-0.002720559657986797,-27.20559657986797,0.25,-1.1200000000000045
2003-09-04,-1,575,590,103.03999999999999,103.24,103.05,103.22,stop,-0.20000000000000284,-0.0019408054342552436,-19.408054342552436,0.1700000000000017,-1.176470588235299
2003-09-05,-1,575,577,102.85999999999999,103.03,102.86999999999999,103.01,stop,-0.17000000000001592,-0.0016525712063771355,-16.525712063771355,0.14000000000001478,-1.2142857142856998
2003-09-08,-1,576,583,102.96999999999998,103.14,102.97999999999999,103.12,stop,-0.17000000000001592,-0.0016508059817441827,-16.508059817441826,0.14000000000001478,-1.2142857142856998
2003-09-09,-1,575,959,103.28999999999999,102.93700000000001,103.3,102.927,eod,0.3529999999999802,0.003417231364956246,34.17231364956246,0.1700000000000017,2.076470588235157
2003-09-10,1,575,584,102.65,102.5,102.64,102.52,stop,-0.15000000000000568,-0.0014614185502728535,-14.614185502728535,0.12000000000000455,-1.25
2003-09-11,1,576,589,102.32000000000001,102.05,102.31,102.07,stop,-0.27000000000001023,-0.002639038217183171,-26.39038217183171,0.2400000000000091,-1.125
2003-09-12,1,576,583,102.00000000000001,101.87,101.99000000000001,101.89,stop,-0.13000000000000966,-0.0012746347681146157,-12.746347681146156,0.10000000000000853,-1.2999999999999858
2003-09-15,-1,576,614,102.44999999999999,102.63,102.46,102.61,stop,-0.18000000000000682,-0.0017567831348819717,-17.567831348819716,0.15000000000000568,-1.2
2003-09-16,1,576,959,102.48,103.53999999999999,102.47,103.55,eod,1.059999999999988,0.01034449107055712,103.4449107055712,0.3100000000000023,3.419354838709614
2003-09-17,1,579,647,103.57000000000001,103.35,103.56,103.36999999999999,stop,-0.22000000000001307,-0.0021243723445346957,-21.24372344534696,0.19000000000001194,-1.1578947368421013
2003-09-18,-1,575,597,103.32999999999998,103.5,103.33999999999999,103.48,stop,-0.17000000000001592,-0.0016450551577319133,-16.450551577319132,0.14000000000001478,-1.2142857142856998
2003-09-19,-1,575,959,104.05999999999999,103.87,104.07,103.86,eod,0.18999999999998352,0.0018256942442585137,18.256942442585135,0.21000000000000796,0.904761904761792
2003-09-22,-1,592,959,102.69999999999999,102.5,102.71,102.49,eod,0.19999999999998863,0.0019472300652320965,19.472300652320964,0.2600000000000051,0.7692307692307103
2003-09-23,-1,578,590,102.57,102.75,102.58,102.73,stop,-0.18000000000000682,-0.0017547280171574071,-17.54728017157407,0.15000000000000568,-1.2
2003-09-24,-1,576,586,103.05799999999999,103.22,103.068,103.2,stop,-0.16200000000000614,-0.0015717778553964968,-15.717778553964967,0.132000000000005,-1.2272727272727273
2003-09-25,-1,576,690,101.33999999999999,101.56,101.35,101.54,stop,-0.22000000000001307,-0.0021706956092749194,-21.706956092749195,0.19000000000001194,-1.1578947368421013
2003-09-26,-1,579,595,100.17999999999999,100.51,100.19,100.49000000000001,stop,-0.3300000000000125,-0.0032937418904083493,-32.93741890408349,0.30000000000001137,-1.1
2003-09-29,1,576,600,100.4,100.22,100.39,100.24,stop,-0.18000000000000682,-0.0017930072716406695,-17.930072716406695,0.15000000000000568,-1.2
2003-09-30,-1,575,841,100.35,100.56,100.36,100.54,stop,-0.21000000000000796,-0.0020924671183739332,-20.92467118373933,0.18000000000000682,-1.1666666666666667
2003-10-01,1,577,959,100.50000000000001,101.99,100.49000000000001,102.0,eod,1.4899999999999807,0.014827346004577377,148.27346004577376,0.30000000000001137,4.966666666666414
2003-10-02,1,575,584,101.98,101.696,101.97,101.716,stop,-0.284000000000006,-0.00278513288222032,-27.8513288222032,0.2540000000000049,-1.1181102362204747
2003-10-03,1,577,611,104.00000000000001,103.556,103.99000000000001,103.576,stop,-0.4440000000000168,-0.004269641311664745,-42.69641311664745,0.4140000000000157,-1.0724637681159421
2003-10-06,-1,580,597,103.38,103.56,103.39,103.54,stop,-0.18000000000000682,-0.0017409807524906356,-17.409807524906356,0.15000000000000568,-1.2
2003-10-07,-1,578,596,103.17999999999999,103.35,103.19,103.33,stop,-0.1700000000000017,-0.0016474464579901318,-16.47446457990132,0.14000000000000057,-1.2142857142857215
2003-10-08,-1,575,959,104.07999999999998,103.72,104.08999999999999,103.71,eod,0.3599999999999852,0.0034585454894801157,34.58545489480116,0.3100000000000165,1.1612903225805358
2003-10-09,-1,575,664,104.74,105.0,104.75,104.98,stop,-0.2600000000000051,-0.0024821002386635335,-24.821002386635335,0.23000000000000398,-1.1304347826086982
2003-10-10,1,575,583,104.34,104.17,104.33,104.19,stop,-0.1700000000000017,-0.0016294450301926743,-16.294450301926744,0.14000000000000057,-1.2142857142857215
2003-10-13,1,581,795,104.88000000000001,104.67,104.87,104.69,stop,-0.21000000000000796,-0.002002479260036311,-20.024792600363114,0.18000000000000682,-1.1666666666666667
2003-10-14,-1,575,826,104.67999999999999,104.93,104.69,104.91000000000001,stop,-0.2500000000000142,-0.0023880026745631312,-23.880026745631312,0.22000000000001307,-1.1363636363636334
2003-10-15,-1,575,959,105.67999999999999,105.02000000000001,105.69,105.01,eod,0.6599999999999824,0.006244677831393532,62.44677831393532,0.21000000000000796,3.14285714285694
2003-10-16,1,578,959,104.87,105.32,104.86,105.33,eod,0.44999999999998863,0.0042914362006483756,42.914362006483756,0.21999999999999886,2.0454545454545046
2003-10-17,-1,576,587,105.32999999999998,105.51,105.33999999999999,105.49000000000001,stop,-0.18000000000002103,-0.001708752610594466,-17.08752610594466,0.1500000000000199,-1.199999999999981
2003-10-20,-1,579,595,104.30999999999999,104.52,104.32,104.5,stop,-0.21000000000000796,-0.0020130368098160273,-20.13036809816027,0.18000000000000682,-1.1666666666666667
2003-10-21,-1,576,599,104.71,104.9,104.72,104.88000000000001,stop,-0.19000000000001194,-0.0018143621084798695,-18.143621084798696,0.1600000000000108,-1.1874999999999944
2003-10-22,-1,575,580,103.93999999999998,104.11,103.94999999999999,104.09,stop,-0.17000000000001592,-0.0016354016354017888,-16.354016354017887,0.14000000000001478,-1.2142857142856998
2003-10-23,1,577,959,103.07000000000001,103.72999999999999,103.06,103.74,eod,0.6599999999999824,0.006404036483601615,64.04036483601615,0.23000000000000398,2.869565217391178
2003-10-24,-1,577,589,102.78999999999999,103.02,102.8,103.0,stop,-0.23000000000000398,-0.0022373540856031517,-22.373540856031518,0.20000000000000284,-1.1500000000000035
2003-10-27,1,578,660,103.88000000000001,103.67999999999999,103.87,103.69999999999999,stop,-0.20000000000001705,-0.0019254837777993362,-19.254837777993362,0.17000000000001592,-1.1764705882352844
2003-10-28,-1,583,596,103.88,104.04,103.89,104.02000000000001,stop,-0.1600000000000108,-0.0015400904803158225,-15.400904803158225,0.13000000000000966,-1.2307692307692224
2003-10-29,1,575,959,104.84,105.24,104.83,105.25,eod,0.3999999999999915,0.00381570161213385,38.1570161213385,0.15000000000000568,2.666666666666509
2003-10-30,-1,576,959,105.63999999999999,105.10000000000001,105.64999999999999,105.09,eod,0.5399999999999778,0.005111216280170165,51.11216280170165,0.19000000000001194,2.8421052631575994
2003-10-31,1,578,611,105.60000000000001,105.38,105.59,105.39999999999999,stop,-0.22000000000001307,-0.002083530637371087,-20.83530637371087,0.19000000000001194,-1.1578947368421013
2003-11-03,-1,585,591,105.71999999999998,106.04,105.72999999999999,106.02000000000001,stop,-0.3200000000000216,-0.0030265771304267626,-30.265771304267627,0.29000000000002046,-1.1034482758620656
2003-11-04,-1,575,612,105.74999999999999,106.02,105.75999999999999,106.0,stop,-0.27000000000001023,-0.002552950075643062,-25.529500756430622,0.2400000000000091,-1.125
2003-11-05,1,579,617,105.63000000000001,105.42,105.62,105.44,stop,-0.21000000000000796,-0.0019882597992805146,-19.882597992805145,0.18000000000000682,-1.1666666666666667
2003-11-06,-1,580,771,105.47999999999999,105.69,105.49,105.67,stop,-0.21000000000000796,-0.001990710019907176,-19.90710019907176,0.18000000000000682,-1.1666666666666667
2003-11-07,1,578,588,106.70000000000002,106.4,106.69000000000001,106.42,stop,-0.30000000000001137,-0.002811884900178192,-28.11884900178192,0.27000000000001023,-1.1111111111111112
2003-11-10,-1,579,959,105.63999999999999,105.19000000000001,105.64999999999999,105.18,eod,0.4499999999999744,0.004259346900141736,42.59346900141736,0.20000000000001705,2.2499999999996803
2003-11-11,1,575,593,105.19000000000001,105.01,105.18,105.03,stop,-0.18000000000000682,-0.001711351968054828,-17.11351968054828,0.15000000000000568,-1.2
2003-11-12,-1,578,586,105.19999999999999,105.409,105.21,105.38900000000001,stop,-0.2090000000000174,-0.00198650318410814,-19.8650318410814,0.17900000000001626,-1.1675977653631195
2003-11-13,1,591,644,106.10000000000001,105.88,106.09,105.89999999999999,stop,-0.22000000000001307,-0.0020737110000943826,-20.737110000943826,0.19000000000001194,-1.1578947368421013
2003-11-14,1,576,615,106.47000000000001,106.27,106.46000000000001,106.28999999999999,stop,-0.20000000000001705,-0.0018786398647380898,-18.7863986473809,0.17000000000001592,-1.1764705882352844
2003-11-17,-1,577,579,104.78999999999999,104.97,104.8,104.95,stop,-0.18000000000000682,-0.0017175572519084622,-17.17557251908462,0.15000000000000568,-1.2
2003-11-18,1,575,591,105.30000000000001,105.17,105.29,105.19,stop,-0.13000000000000966,-0.001234685155285494,-12.34685155285494,0.10000000000000853,-1.2999999999999858
2003-11-19,1,575,591,104.13000000000001,103.98,104.12,104.0,stop,-0.15000000000000568,-0.0014406454091433507,-14.406454091433506,0.12000000000000455,-1.25
2003-11-20,1,575,959,104.30000000000001,103.89,104.29,103.9,eod,-0.4100000000000108,-0.003931345287180082,-39.31345287180082,0.4800000000000182,-0.8541666666666567
2003-11-21,-1,575,800,104.16,104.34,104.17,104.32000000000001,stop,-0.18000000000000682,-0.0017279447057694808,-17.279447057694806,0.15000000000000568,-1.2
2003-11-24,1,575,959,104.88000000000001,105.72,104.87,105.73,eod,0.8399999999999892,0.008009917040144837,80.09917040144838,0.20000000000000284,4.1999999999998865
2003-11-25,-1,575,589,105.54999999999998,105.79,105.55999999999999,105.77000000000001,stop,-0.2400000000000233,-0.002273588480485253,-22.73588480485253,0.21000000000002217,-1.1428571428571332
2003-11-26,-1,576,942,106.28999999999999,106.47,106.3,106.45,stop,-0.18000000000000682,-0.001693320790216433,-16.93320790216433,0.15000000000000568,-1.2
2003-12-01,1,575,581,107.04,106.81,107.03,106.83,stop,-0.23000000000000398,-0.0021489302064842007,-21.489302064842008,0.20000000000000284,-1.1500000000000035
2003-12-02,1,577,650,107.46000000000001,107.27,107.45,107.28999999999999,stop,-0.19000000000001194,-0.0017682643089810325,-17.682643089810323,0.1600000000000108,-1.1874999999999944
2003-12-03,1,576,602,107.74000000000001,107.56,107.73,107.58,stop,-0.18000000000000682,-0.0016708437761069972,-16.708437761069973,0.15000000000000568,-1.2
2003-12-04,1,575,587,107.27000000000001,107.13,107.26,107.14999999999999,stop,-0.14000000000001478,-0.0013052396046990002,-13.052396046990003,0.11000000000001364,-1.2727272727272492
2003-12-05,-1,576,590,107.02999999999999,107.22,107.03999999999999,107.2,stop,-0.19000000000001194,-0.0017750373692078845,-17.750373692078846,0.1600000000000108,-1.1874999999999944
2003-12-08,1,576,959,106.88000000000001,107.50999999999999,106.87,107.52,eod,0.6299999999999812,0.00589501263216975,58.9501263216975,0.20000000000000284,3.1499999999998614
2003-12-09,-1,575,959,107.74999999999999,106.63000000000001,107.75999999999999,106.62,eod,1.1199999999999761,0.010393466963622646,103.93466963622646,0.18000000000002103,6.222222222221363
2003-12-10,-1,575,599,106.69999999999999,106.86,106.71,106.84,stop,-0.1600000000000108,-0.0014993908724581651,-14.993908724581651,0.13000000000000966,-1.2307692307692224
2003-12-11,1,577,959,106.87,107.83,106.86,107.84,eod,0.9599999999999937,0.008983717012914035,89.83717012914035,0.20000000000000284,4.7999999999999
2003-12-12,-1,584,739,107.88,108.04,107.89,108.02000000000001,stop,-0.1600000000000108,-0.0014829919362314469,-14.829919362314469,0.13000000000000966,-1.2307692307692224
2003-12-15,-1,575,959,108.99,107.54,109.0,107.53,eod,1.4499999999999886,0.013302752293577877,133.02752293577876,0.2400000000000091,6.041666666666391
2003-12-16,-1,582,601,107.60999999999999,107.88,107.61999999999999,107.86,stop,-0.27000000000001023,-0.0025088273555102236,-25.088273555102237,0.2400000000000091,-1.125
2003-12-17,-1,575,639,107.96,108.16,107.97,108.14,stop,-0.20000000000000284,-0.0018523663980735653,-18.523663980735652,0.1700000000000017,-1.176470588235299
2003-12-18,-1,575,585,108.46,108.6,108.47,108.58,stop,-0.14000000000000057,-0.001290679450539325,-12.906794505393249,0.10999999999999943,-1.2727272727272845
2003-12-19,-1,585,688,109.04999999999998,109.36,109.05999999999999,109.34,stop,-0.3100000000000165,-0.0028424720337430452,-28.42472033743045,0.28000000000001535,-1.1071428571428554
2003-12-22,1,578,959,108.91000000000001,109.44999999999999,108.9,109.46,eod,0.5399999999999778,0.00495867768595021,49.586776859502095,0.13000000000000966,4.153846153845675
2003-12-23,1,575,959,109.65,109.78,109.64,109.79,eod,0.12999999999999545,0.0011856986501276492,11.856986501276491,0.27000000000001023,0.48148148148144637
2003-12-24,1,575,578,109.55000000000001,109.42999999999999,109.54,109.44999999999999,stop,-0.12000000000001876,-0.001095490231878937,-10.95490231878937,0.09000000000001762,-1.3333333333332806
2003-12-26,1,580,785,109.87,109.67999999999999,109.86,109.69999999999999,stop,-0.19000000000001194,-0.0017294738758420894,-17.294738758420895,0.1600000000000108,-1.1874999999999944
2003-12-29,1,580,959,110.25000000000001,111.14,110.24000000000001,111.15,eod,0.8899999999999864,0.00807329462989828,80.7329462989828,0.1600000000000108,5.562499999999539
2003-12-30,1,585,600,111.24000000000001,110.98,111.23,111.0,stop,-0.2600000000000051,-0.0023374988762025093,-23.374988762025094,0.23000000000000398,-1.1304347826086982
2003-12-31,1,575,613,111.32000000000001,111.19,111.31,111.21,stop,-0.13000000000000966,-0.0011679094420987302,-11.679094420987301,0.10000000000000853,-1.2999999999999858
2004-01-02,1,577,739,111.96000000000001,111.58,111.95,111.6,stop,-0.38000000000000966,-0.003394372487717817,-33.94372487717817,0.3500000000000085,-1.085714285714287
2004-01-05,1,575,685,111.89000000000001,111.64,111.88000000000001,111.66,stop,-0.2500000000000142,-0.002234537003932912,-22.345370039329122,0.22000000000001307,-1.1363636363636334
2004-01-06,1,575,576,112.28,112.13,112.27,112.14999999999999,stop,-0.15000000000000568,-0.001336064843680464,-13.36064843680464,0.12000000000000455,-1.25
2004-01-07,1,575,594,112.50000000000001,112.32,112.49000000000001,112.33999999999999,stop,-0.18000000000002103,-0.0016001422348655083,-16.001422348655083,0.1500000000000199,-1.199999999999981
2004-01-08,-1,582,929,113.05999999999999,113.37,113.07,113.35000000000001,stop,-0.3100000000000165,-0.0027416644556470904,-27.416644556470903,0.28000000000001535,-1.1071428571428554
2004-01-09,1,576,580,112.9,112.65,112.89,112.67,stop,-0.25,-0.002214545132429799,-22.14545132429799,0.21999999999999886,-1.1363636363636422
2004-01-12,1,578,590,112.73,112.5,112.72,112.52,stop,-0.23000000000000398,-0.002040454222853123,-20.404542228531227,0.20000000000000284,-1.1500000000000035
2004-01-13,-1,582,959,113.03999999999999,112.48,113.05,112.47,eod,0.5599999999999881,0.004953560371516922,49.53560371516922,0.19000000000001194,2.9473684210523836
2004-01-14,-1,577,584,112.66,112.87,112.67,112.85000000000001,stop,-0.21000000000000796,-0.0018638501819473502,-18.6385018194735,0.18000000000000682,-1.1666666666666667
2004-01-15,1,576,588,113.66000000000001,113.45,113.65,113.47,stop,-0.21000000000000796,-0.001847778266608077,-18.47778266608077,0.18000000000000682,-1.1666666666666667
2004-01-16,-1,575,586,113.83999999999999,114.1,113.85,114.08,stop,-0.2600000000000051,-0.0022837066315327635,-22.837066315327636,0.23000000000000398,-1.1304347826086982
2004-01-20,-1,584,607,114.35999999999999,114.57000000000001,114.36999999999999,114.55000000000001,stop,-0.21000000000002217,-0.0018361458424413935,-18.361458424413936,0.18000000000002103,-1.1666666666666534
2004-01-21,-1,575,694,113.92999999999999,114.19,113.94,114.17,stop,-0.2600000000000051,-0.00228190275583645,-22.8190275583645,0.23000000000000398,-1.1304347826086982
2004-01-22,1,575,605,115.22000000000001,115.05,115.21000000000001,115.07,stop,-0.17000000000001592,-0.0014755663570871964,-14.755663570871963,0.14000000000001478,-1.2142857142856998
2004-01-23,1,577,592,115.08000000000001,114.92999999999999,115.07000000000001,114.94999999999999,stop,-0.1500000000000199,-0.0013035543582169105,-13.035543582169105,0.12000000000001876,-1.2499999999999705
2004-01-26,1,575,959,114.55000000000001,115.78999999999999,114.54,115.8,eod,1.2399999999999807,0.010825912345032133,108.25912345032133,0.1600000000000108,7.749999999999356
2004-01-27,-1,575,959,115.66999999999999,114.71000000000001,115.67999999999999,114.7,eod,0.9599999999999795,0.008298755186721815,82.98755186721814,0.18000000000000682,5.333333333333018
2004-01-28,1,575,855,115.13000000000001,114.92,115.12,114.94,stop,-0.21000000000000796,-0.0018241834607366917,-18.24183460736692,0.18000000000000682,-1.1666666666666667
2004-01-29,1,578,584,113.64000000000001,113.42,113.63000000000001,113.44,stop,-0.22000000000001307,-0.001936108422071751,-19.36108422071751,0.19000000000001194,-1.1578947368421013
2004-01-30,-1,575,601,113.29999999999998,113.56,113.30999999999999,113.54,stop,-0.2600000000000193,-0.00229459006266013,-22.9459006266013,0.2300000000000182,-1.1304347826086902
2004-02-02,1,577,607,113.72000000000001,113.56,113.71000000000001,113.58,stop,-0.1600000000000108,-0.0014070882068420612,-14.070882068420612,0.13000000000000966,-1.2307692307692224
2004-02-03,1,575,584,113.77000000000001,113.57,113.76,113.58999999999999,stop,-0.20000000000001705,-0.0017580872011253256,-17.580872011253255,0.17000000000001592,-1.1764705882352844
2004-02-04,1,576,606,113.29,113.11,113.28,113.13,stop,-0.18000000000000682,-0.0015889830508475178,-15.889830508475178,0.15000000000000568,-1.2
2004-02-05,1,576,587,113.31000000000002,113.05,113.30000000000001,113.07,stop,-0.2600000000000193,-0.0022947925860548925,-22.947925860548924,0.2300000000000182,-1.1304347826086902
2004-02-06,-1,584,606,113.32,113.65,113.33,113.63000000000001,stop,-0.3300000000000125,-0.002911850348539773,-29.11850348539773,0.30000000000001137,-1.1
2004-02-09,-1,586,618,114.46999999999998,114.72,114.47999999999999,114.7,stop,-0.2500000000000142,-0.002183787561146176,-21.837875611461758,0.22000000000001307,-1.1363636363636334
2004-02-10,1,580,959,114.39000000000001,114.89,114.38000000000001,114.9,eod,0.4999999999999858,0.004371393600279645,43.71393600279645,0.12000000000001876,4.166666666665897
2004-02-11,1,580,607,114.88000000000001,114.67999999999999,114.87,114.69999999999999,stop,-0.20000000000001705,-0.0017410986332377213,-17.410986332377213,0.17000000000001592,-1.1764705882352844
2004-02-12,1,579,716,116.02000000000001,115.83,116.01,115.85,stop,-0.19000000000001194,-0.0016377898457030594,-16.377898457030593,0.1600000000000108,-1.1874999999999944
2004-02-13,1,575,589,116.03000000000002,115.76,116.02000000000001,115.78,stop,-0.27000000000001023,-0.0023271849681090347,-23.271849681090348,0.2400000000000091,-1.125
2004-02-17,-1,590,641,115.80999999999999,116.07000000000001,115.82,116.05000000000001,stop,-0.2600000000000193,-0.0022448627180108732,-22.448627180108733,0.2300000000000182,-1.1304347826086902
2004-02-18,-1,575,959,116.10999999999999,115.67,116.11999999999999,115.66,eod,0.4399999999999835,0.0037891836031689937,37.891836031689934,0.14000000000001478,3.1428571428566934
2004-02-19,-1,575,959,116.27,115.23,116.28,115.22,eod,1.039999999999992,0.008943928448572343,89.43928448572343,0.12000000000000455,8.666666666666272
2004-02-20,-1,576,959,115.36999999999999,115.01,115.38,115.0,eod,0.3599999999999852,0.003120124804992072,31.201248049920718,0.13000000000000966,2.76923076923045
2004-02-23,-1,576,959,115.07,114.56,115.08,114.55,eod,0.5099999999999909,0.004431699687174061,44.316996871740606,0.19000000000001194,2.684210526315573
2004-02-24,-1,576,621,114.19999999999999,114.4,114.21,114.38000000000001,stop,-0.20000000000001705,-0.0017511601435952812,-17.511601435952812,0.17000000000001592,-1.1764705882352844
2004-02-25,-1,575,579,114.39999999999999,114.57000000000001,114.41,114.55000000000001,stop,-0.17000000000001592,-0.001485884101040258,-14.85884101040258,0.14000000000001478,-1.2142857142856998
2004-02-26,-1,581,661,114.58999999999999,114.82000000000001,114.6,114.80000000000001,stop,-0.2300000000000182,-0.00200698080279248,-20.069808027924797,0.20000000000001705,-1.1499999999999928
2004-02-27,1,578,700,115.27000000000001,115.08,115.26,115.1,stop,-0.19000000000001194,-0.0016484469894153385,-16.484469894153385,0.1600000000000108,-1.1874999999999944
2004-03-01,1,575,660,115.51,115.35,115.5,115.36999999999999,stop,-0.1600000000000108,-0.0013852813852814787,-13.852813852814787,0.13000000000000966,-1.2307692307692224
2004-03-02,1,577,642,116.04,115.87,116.03,115.89,stop,-0.1700000000000017,-0.0014651383262949385,-14.651383262949384,0.14000000000000057,-1.2142857142857215
2004-03-03,-1,582,595,115.17999999999999,115.39,115.19,115.37,stop,-0.21000000000000796,-0.0018230749196979595,-18.230749196979595,0.18000000000000682,-1.1666666666666667
2004-03-04,1,576,578,115.76,115.62,115.75,115.64,stop,-0.14000000000000057,-0.0012095032397408257,-12.095032397408257,0.10999999999999943,-1.2727272727272845
2004-03-05,1,578,959,115.50000000000001,116.28,115.49000000000001,116.29,eod,0.7799999999999869,0.006753831500562706,67.53831500562706,0.14000000000001478,5.57142857142789
2004-03-08,1,578,654,116.39000000000001,116.17,116.38000000000001,116.19,stop,-0.22000000000001307,-0.0018903591682420781,-18.90359168242078,0.19000000000001194,-1.1578947368421013
2004-03-09,-1,576,587,114.94999999999999,115.14,114.96,115.12,stop,-0.19000000000001194,-0.0016527487821852119,-16.52748782185212,0.1600000000000108,-1.1874999999999944
2004-03-10,-1,577,959,114.62599999999999,113.01,114.636,113.0,eod,1.6159999999999854,0.01409679332844818,140.9679332844818,0.12400000000000944,13.03225806451502
2004-03-11,-1,580,594,112.29999999999998,112.59,112.30999999999999,112.57000000000001,stop,-0.29000000000002046,-0.0025821387231771036,-25.821387231771038,0.2600000000000193,-1.1153846153846112
2004-03-12,1,577,588,111.86000000000001,111.64,111.85000000000001,111.66,stop,-0.22000000000001307,-0.001966919982119026,-19.66919982119026,0.19000000000001194,-1.1578947368421013
2004-03-15,-1,575,959,112.19999999999999,111.04,112.21,111.03,eod,1.1599999999999824,0.010337759557971504,103.37759557971505,0.15000000000000568,7.733333333332923
2004-03-16,1,576,618,112.03000000000002,111.7,112.02000000000001,111.72,stop,-0.3300000000000125,-0.002945902517407717,-29.459025174077173,0.30000000000001137,-1.1
2004-03-17,1,577,959,112.38000000000001,112.99,112.37,113.0,eod,0.6099999999999852,0.0054284951499509225,54.284951499509226,0.28000000000001535,2.1785714285712565
2004-03-18,1,575,601,112.73,112.57,112.72,112.58999999999999,stop,-0.1600000000000108,-0.0014194464158978958,-14.194464158978958,0.13000000000000966,-1.2307692307692224
2004-03-19,1,577,582,112.47000000000001,112.22,112.46000000000001,112.24,stop,-0.2500000000000142,-0.002223012626711846,-22.23012626711846,0.22000000000001307,-1.1363636363636334
2004-03-22,-1,576,959,110.35999999999999,109.76,110.36999999999999,109.75,eod,0.5999999999999801,0.0054362598532208045,54.36259853220805,0.20000000000001705,2.9999999999996447
2004-03-23,-1,575,588,110.13,110.35,110.14,110.33,stop,-0.21999999999999886,-0.001997457781005982,-19.97457781005982,0.18999999999999773,-1.157894736842113
2004-03-24,-1,576,586,109.55999999999999,109.81,109.57,109.79,stop,-0.2500000000000142,-0.0022816464360683967,-22.816464360683966,0.22000000000001307,-1.1363636363636334
2004-03-25,1,577,586,110.16000000000001,109.97,110.15,109.99,stop,-0.19000000000001194,-0.0017249205628689236,-17.249205628689236,0.1600000000000108,-1.1874999999999944
2004-03-26,1,582,959,111.02000000000001,111.16,111.01,111.17,eod,0.13999999999998636,0.0012611476443562413,12.611476443562413,0.19000000000001194,0.7368421052630398
2004-03-29,1,577,959,111.83000000000001,112.47,111.82000000000001,112.48,eod,0.6399999999999864,0.005723484170988967,57.23484170988967,0.2500000000000142,2.5599999999997998
2004-03-30,1,584,959,112.47000000000001,112.96,112.46000000000001,112.97,eod,0.4899999999999807,0.004357104748354799,43.571047483547986,0.2500000000000142,1.9599999999998112
2004-03-31,-1,581,863,112.78999999999999,113.05,112.8,113.03,stop,-0.2600000000000051,-0.0023049645390071376,-23.049645390071376,0.23000000000000398,-1.1304347826086982
2004-04-01,1,575,959,113.25000000000001,113.47999999999999,113.24000000000001,113.49,eod,0.22999999999997556,0.002031084422465344,20.310844224653437,0.20000000000001705,1.1499999999997796
2004-04-02,-1,580,959,114.63999999999999,114.43,114.64999999999999,114.42,eod,0.20999999999997954,0.0018316615787176585,18.316615787176584,0.20000000000001705,1.0499999999998082
2004-04-05,1,577,679,114.59,114.42999999999999,114.58,114.44999999999999,stop,-0.1600000000000108,-0.0013964042590330842,-13.964042590330843,0.13000000000000966,-1.2307692307692224
2004-04-06,-1,575,581,114.71,114.9,114.72,114.88000000000001,stop,-0.19000000000001194,-0.0016562064156207456,-16.562064156207455,0.1600000000000108,-1.1874999999999944
2004-04-07,-1,580,959,114.74,114.51,114.75,114.5,eod,0.22999999999998977,0.0020043572984748564,20.043572984748565,0.2400000000000091,0.9583333333332544
2004-04-08,-1,576,959,115.19999999999999,114.24000000000001,115.21,114.23,eod,0.9599999999999795,0.008332610016491446,83.32610016491446,0.21000000000000796,4.571428571428301
2004-04-12,1,598,959,114.78000000000002,114.83999999999999,114.77000000000001,114.85,eod,0.05999999999997385,0.0005227846998342237,5.227846998342237,0.21000000000002217,0.28571428571413104
2004-04-13,-1,575,959,115.1,113.30000000000001,115.11,113.29,eod,1.799999999999983,0.015637216575449423,156.37216575449423,0.18000000000000682,9.999999999999526
2004-04-14,-1,575,581,112.58999999999999,112.79,112.6,112.77000000000001,stop,-0.20000000000001705,-0.001776198934280791,-17.76198934280791,0.17000000000001592,-1.1764705882352844
2004-04-15,1,582,607,113.47000000000001,113.25,113.46000000000001,113.27,stop,-0.22000000000001307,-0.0019390093424996745,-19.390093424996746,0.19000000000001194,-1.1578947368421013
2004-04-16,-1,579,631,113.27,113.49,113.28,113.47,stop,-0.21999999999999886,-0.001942090395480216,-19.42090395480216,0.18999999999999773,-1.157894736842113
2004-04-19,1,578,589,113.76,113.48,113.75,113.5,stop,-0.28000000000000114,-0.0024615384615384716,-24.615384615384716,0.25,-1.1200000000000045
2004-04-20,-1,575,594,113.97999999999999,114.18,113.99,114.16000000000001,stop,-0.20000000000001705,-0.001754539871918739,-17.54539871918739,0.17000000000001592,-1.1764705882352844
2004-04-21,-1,575,597,112.13,112.3,112.14,112.28,stop,-0.1700000000000017,-0.0015159621901195087,-15.159621901195088,0.14000000000000057,-1.2142857142857215
2004-04-22,1,576,959,112.68,114.42999999999999,112.67,114.44,eod,1.7499999999999858,0.015532084849560538,155.3208484956054,0.2400000000000091,7.291666666666331
2004-04-23,-1,577,584,114.16,114.45,114.17,114.43,stop,-0.29000000000000625,-0.0025400718227205593,-25.400718227205594,0.2600000000000051,-1.1153846153846174
2004-04-26,1,575,616,114.62,114.44,114.61,114.46,stop,-0.18000000000000682,-0.0015705435825844763,-15.705435825844763,0.15000000000000568,-1.2
2004-04-27,1,577,886,114.32000000000001,114.1,114.31,114.11999999999999,stop,-0.22000000000001307,-0.0019245910244074277,-19.245910244074278,0.19000000000001194,-1.1578947368421013
2004-04-28,-1,575,959,113.52,112.59,113.53,112.58,eod,0.9299999999999926,0.008191667400686978,81.91667400686978,0.38000000000000966,2.4473684210525497
2004-04-29,-1,577,607,112.66,112.92,112.67,112.9,stop,-0.2600000000000051,-0.0023076240347919153,-23.076240347919153,0.23000000000000398,-1.1304347826086982
2004-04-30,1,576,592,112.19000000000001,111.97,112.18,111.99,stop,-0.22000000000001307,-0.0019611338919594675,-19.611338919594676,0.19000000000001194,-1.1578947368421013
2004-05-03,1,579,959,111.56000000000002,112.13,111.55000000000001,112.14,eod,0.569999999999979,0.0051098162259074755,51.098162259074755,0.21000000000002217,2.7142857142853276
2004-05-04,1,575,585,112.30000000000001,112.11,112.29,112.13,stop,-0.19000000000001194,-0.0016920473773266713,-16.920473773266714,0.1600000000000108,-1.1874999999999944
2004-05-05,-1,575,596,112.25999999999999,112.5,112.27,112.48,stop,-0.2400000000000091,-0.002137703749888742,-21.37703749888742,0.21000000000000796,-1.1428571428571428
2004-05-06,1,580,625,112.08000000000001,111.9,112.07000000000001,111.92,stop,-0.18000000000000682,-0.0016061390202552583,-16.061390202552584,0.15000000000000568,-1.2
2004-05-07,1,575,616,111.54,111.15,111.53,111.17,stop,-0.39000000000000057,-0.003496816999910343,-34.96816999910343,0.35999999999999943,-1.0833333333333366
2004-05-10,-1,575,582,109.27999999999999,109.56,109.28999999999999,109.54,stop,-0.28000000000001535,-0.002561991033031525,-25.61991033031525,0.2500000000000142,-1.1199999999999977
2004-05-11,1,575,823,109.58000000000001,109.32,109.57000000000001,109.33999999999999,stop,-0.2600000000000193,-0.0023729122935111737,-23.729122935111736,0.2300000000000182,-1.1304347826086902
2004-05-12,-1,577,583,109.44999999999999,109.66,109.46,109.64,stop,-0.21000000000000796,-0.0019185090443998535,-19.185090443998536,0.18000000000000682,-1.1666666666666667
2004-05-13,1,575,602,110.05000000000001,109.7,110.04,109.72,stop,-0.3500000000000085,-0.00318066157760822,-31.8066157760822,0.3200000000000074,-1.0937500000000013
2004-05-14,-1,593,781,109.88,110.47,109.89,110.45,stop,-0.5900000000000034,-0.0053690053690054,-53.69005369005399,0.5600000000000023,-1.0535714285714304
2004-05-17,1,575,586,109.01,108.77,109.0,108.78999999999999,stop,-0.2400000000000091,-0.0022018348623854046,-22.018348623854045,0.21000000000000796,-1.1428571428571428
2004-05-18,1,575,959,109.60000000000001,109.67999999999999,109.59,109.69,eod,0.07999999999998408,0.0007299936125557449,7.2999361255574495,0.27000000000001023,0.2962962962962261
2004-05-19,-1,579,587,110.39999999999999,110.58,110.41,110.56,stop,-0.18000000000000682,-0.001630287111674729,-16.30287111674729,0.15000000000000568,-1.2
2004-05-20,-1,575,583,109.30999999999999,109.54,109.32,109.52000000000001,stop,-0.2300000000000182,-0.002103915111599142,-21.03915111599142,0.20000000000001705,-1.1499999999999928
2004-05-21,1,575,580,110.04,109.9,110.03,109.92,stop,-0.14000000000000057,-0.0012723802599291154,-12.723802599291155,0.10999999999999943,-1.2727272727272845
2004-05-24,-1,575,577,110.38,110.57000000000001,110.39,110.55000000000001,stop,-0.19000000000001194,-0.001721170395869299,-17.21170395869299,0.1600000000000108,-1.1874999999999944
2004-05-25,-1,575,623,109.85999999999999,110.03,109.86999999999999,110.01,stop,-0.17000000000001592,-0.0015472831528171105,-15.472831528171104,0.14000000000001478,-1.2142857142856998
2004-05-26,1,575,605,111.73,111.59,111.72,111.61,stop,-0.14000000000000057,-0.0012531328320802056,-12.531328320802057,0.10999999999999943,-1.2727272727272845
2004-05-27,1,575,678,112.62,112.42999999999999,112.61,112.44999999999999,stop,-0.19000000000001194,-0.0016872391439482456,-16.872391439482456,0.1600000000000108,-1.1874999999999944
2004-05-28,1,576,580,112.79,112.57,112.78,112.58999999999999,stop,-0.22000000000001307,-0.0019507004788084153,-19.507004788084153,0.19000000000001194,-1.1578947368421013
2004-06-01,1,576,675,112.52000000000001,112.33,112.51,112.35,stop,-0.19000000000001194,-0.001688738778775326,-16.887387787753262,0.1600000000000108,-1.1874999999999944
2004-06-02,-1,578,857,112.94999999999999,113.12,112.96,113.10000000000001,stop,-0.17000000000001592,-0.001504957507082294,-15.04957507082294,0.14000000000001478,-1.2142857142856998
2004-06-03,1,585,602,112.87,112.64,112.86,112.66,stop,-0.23000000000000398,-0.002037923090554705,-20.37923090554705,0.20000000000000284,-1.1500000000000035
2004-06-04,-1,576,582,112.94999999999999,113.13,112.96,113.11,stop,-0.18000000000000682,-0.0015934844192635165,-15.934844192635165,0.15000000000000568,-1.2
2004-06-07,1,575,959,113.55000000000001,114.64,113.54,114.65,eod,1.0899999999999892,0.00960014091949964,96.0014091949964,0.13000000000000966,8.384615384614678
2004-06-08,-1,576,583,114.22999999999999,114.43,114.24,114.41000000000001,stop,-0.20000000000001705,-0.001750700280112194,-17.507002801121942,0.17000000000001592,-1.1764705882352844
2004-06-09,1,576,608,114.59,114.39,114.58,114.41,stop,-0.20000000000000284,-0.0017455053237912623,-17.455053237912622,0.1700000000000017,-1.176470588235299
2004-06-10,-1,578,607,113.99,114.18,114.0,114.16000000000001,stop,-0.19000000000001194,-0.0016666666666667713,-16.666666666667712,0.1600000000000108,-1.1874999999999944
2004-06-14,-1,586,959,113.63,113.2,113.64,113.19,eod,0.4299999999999926,0.003783878915874627,37.83878915874627,0.21000000000000796,2.0476190476189347
2004-06-15,1,575,917,114.04,113.87,114.03,113.89,stop,-0.1700000000000017,-0.0014908357449794063,-14.908357449794064,0.14000000000000057,-1.2142857142857215
2004-06-16,-1,575,638,113.88,114.06,113.89,114.04,stop,-0.18000000000000682,-0.001580472385635322,-15.804723856353219,0.15000000000000568,-1.2
2004-06-17,-1,586,805,113.69999999999999,113.91,113.71,113.89,stop,-0.21000000000000796,-0.001846803271480151,-18.46803271480151,0.18000000000000682,-1.1666666666666667
2004-06-18,1,575,959,113.32000000000001,113.69999999999999,113.31,113.71,eod,0.37999999999998124,0.0033536316300413135,33.536316300413134,0.12000000000000455,3.1666666666663903
2004-06-21,-1,579,590,113.68999999999998,113.87,113.69999999999999,113.85000000000001,stop,-0.18000000000002103,-0.001583113456464565,-15.831134564645652,0.1500000000000199,-1.199999999999981
2004-06-22,-1,575,586,113.07,113.22,113.08,113.2,stop,-0.15000000000000568,-0.001326494517156046,-13.26494517156046,0.12000000000000455,-1.25
2004-06-23,1,575,619,113.76,113.55,113.75,113.57,stop,-0.21000000000000796,-0.0018461538461539161,-18.46153846153916,0.18000000000000682,-1.1666666666666667
2004-06-24,1,577,863,114.58000000000001,114.42999999999999,114.57000000000001,114.44999999999999,stop,-0.1500000000000199,-0.001309243257397398,-13.09243257397398,0.12000000000001876,-1.2499999999999705
2004-06-25,1,577,846,114.52000000000001,114.28999999999999,114.51,114.30999999999999,stop,-0.2300000000000182,-0.0020085582045237813,-20.085582045237814,0.20000000000001705,-1.1499999999999928
2004-06-28,-1,579,589,114.35999999999999,114.58,114.36999999999999,114.56,stop,-0.22000000000001307,-0.001923581358748038,-19.23581358748038,0.19000000000001194,-1.1578947368421013
2004-06-29,1,577,959,113.56000000000002,113.97,113.55000000000001,113.98,eod,0.4099999999999824,0.0036107441655656744,36.10744165565674,0.14000000000001478,2.9285714285709936
2004-06-30,1,578,603,114.15,113.9,114.14,113.92,stop,-0.25,-0.0021902926230944453,-21.902926230944452,0.21999999999999886,-1.1363636363636422
2004-07-01,1,576,592,114.36000000000001,114.21,114.35000000000001,114.22999999999999,stop,-0.1500000000000199,-0.0013117621337999116,-13.117621337999116,0.12000000000001876,-1.2499999999999705
2004-07-02,-1,575,630,112.99,113.24,113.0,113.22,stop,-0.25,-0.0022123893805309734,-22.123893805309734,0.21999999999999886,-1.1363636363636422
2004-07-06,-1,578,959,112.30999999999999,111.97,112.32,111.96,eod,0.3399999999999892,0.003027065527065431,30.27065527065431,0.14000000000001478,2.428571428571095
2004-07-07,1,575,959,112.07000000000001,112.13,112.06,112.14,eod,0.05999999999998806,0.0005354274495804753,5.354274495804753,0.3200000000000074,0.18749999999995837
2004-07-08,1,575,588,111.93,111.67999999999999,111.92,111.69999999999999,stop,-0.2500000000000142,-0.0022337383845605274,-22.337383845605274,0.22000000000001307,-1.1363636363636334
2004-07-09,1,576,600,111.9,111.62,111.89,111.64,stop,-0.28000000000000114,-0.002502457771025124,-25.02457771025124,0.25,-1.1200000000000045
2004-07-12,-1,587,861,111.46,111.74,111.47,111.72,stop,-0.28000000000000114,-0.0025118866062617848,-25.118866062617847,0.25,-1.1200000000000045
2004-07-13,1,576,617,111.95,111.8,111.94,111.82,stop,-0.15000000000000568,-0.001340003573342913,-13.40003573342913,0.12000000000000455,-1.25
2004-07-14,-1,575,578,111.21,111.35,111.22,111.33,stop,-0.14000000000000057,-0.0012587664089192643,-12.587664089192643,0.10999999999999943,-1.2727272727272845
2004-07-15,-1,577,583,111.64999999999999,111.82000000000001,111.66,111.80000000000001,stop,-0.17000000000001592,-0.0015224789539675437,-15.224789539675436,0.14000000000001478,-1.2142857142856998
2004-07-16,-1,577,959,111.42999999999999,110.54,111.44,110.53,eod,0.8899999999999864,0.007986360373294924,79.86360373294924,0.2400000000000091,3.708333333333136
2004-07-19,-1,576,588,110.66,110.83,110.67,110.81,stop,-0.1700000000000017,-0.001536098310291874,-15.360983102918741,0.14000000000000057,-1.2142857142857215
2004-07-20,1,578,611,110.55000000000001,110.35,110.54,110.36999999999999,stop,-0.20000000000001705,-0.001809299800977176,-18.092998009771758,0.17000000000001592,-1.1764705882352844
2004-07-21,1,580,591,111.88000000000001,111.72,111.87,111.74,stop,-0.1600000000000108,-0.0014302315187271904,-14.302315187271905,0.13000000000000966,-1.2307692307692224
2004-07-22,1,577,603,109.45000000000002,109.23,109.44000000000001,109.25,stop,-0.22000000000001307,-0.002010233918128774,-20.102339181287743,0.19000000000001194,-1.1578947368421013
2004-07-23,-1,577,959,109.50999999999999,108.93,109.52,108.92,eod,0.5799999999999841,0.005295836376917313,52.95836376917313,0.19000000000001194,3.052631578947093
2004-07-26,-1,575,586,109.14999999999999,109.35,109.16,109.33,stop,-0.20000000000000284,-0.001832172957127179,-18.32172957127179,0.1700000000000017,-1.176470588235299
2004-07-27,1,576,585,109.16000000000001,108.98,109.15,109.0,stop,-0.18000000000000682,-0.001649106733852559,-16.49106733852559,0.15000000000000568,-1.2
2004-07-28,1,575,609,109.65,109.51,109.64,109.53,stop,-0.14000000000000057,-0.0012769062385990567,-12.769062385990567,0.10999999999999943,-1.2727272727272845
2004-07-29,-1,576,596,110.35,110.57000000000001,110.36,110.55000000000001,stop,-0.22000000000001307,-0.001993475897064272,-19.93475897064272,0.19000000000001194,-1.1578947368421013
2004-07-30,1,589,595,110.47000000000001,110.26,110.46000000000001,110.28,stop,-0.21000000000000796,-0.0019011406844107184,-19.011406844107185,0.18000000000000682,-1.1666666666666667
2004-08-02,1,575,959,110.4,111.08999999999999,110.39,111.1,eod,0.6899999999999835,0.006250566174472176,62.50566174472176,0.3500000000000085,1.9714285714284763
2004-08-03,1,581,601,110.97000000000001,110.83,110.96000000000001,110.85,stop,-0.14000000000001478,-0.001261715933669924,-12.61715933669924,0.11000000000001364,-1.2727272727272492
2004-08-04,-1,577,592,109.83999999999999,110.05,109.85,110.03,stop,-0.21000000000000796,-0.0019116977696860078,-19.11697769686008,0.18000000000000682,-1.1666666666666667
2004-08-05,1,576,577,110.37,110.2,110.36,110.22,stop,-0.1700000000000017,-0.0015404131931859523,-15.404131931859522,0.14000000000000057,-1.2142857142857215
2004-08-06,-1,576,584,107.57999999999998,107.88,107.58999999999999,107.86,stop,-0.30000000000001137,-0.002788363230783636,-27.88363230783636,0.27000000000001023,-1.1111111111111112
2004-08-09,1,580,602,107.26,106.95,107.25,106.97,stop,-0.3100000000000023,-0.0028904428904429117,-28.904428904429118,0.28000000000000114,-1.1071428571428608
2004-08-10,1,617,959,107.49000000000001,108.36,107.48,108.37,eod,0.8699999999999903,0.008094529214737535,80.94529214737534,0.23000000000000398,3.7826086956520664
2004-08-11,-1,580,658,107.53999999999999,107.73,107.55,107.71000000000001,stop,-0.19000000000001194,-0.0017666201766621287,-17.66620176662129,0.1600000000000108,-1.1874999999999944
2004-08-12,1,575,604,107.84,107.59,107.83,107.61,stop,-0.25,-0.0023184642492812763,-23.184642492812763,0.21999999999999886,-1.1363636363636422
2004-08-13,1,575,586,107.27000000000001,107.06,107.26,107.08,stop,-0.21000000000000796,-0.001957859407048368,-19.57859407048368,0.18000000000000682,-1.1666666666666667
2004-08-16,1,575,959,107.28000000000002,108.52,107.27000000000001,108.53,eod,1.2399999999999807,0.011559615922438525,115.59615922438526,0.18000000000002103,6.888888888887976
2004-08-17,1,575,682,108.87,108.64,108.86,108.66,stop,-0.23000000000000398,-0.0021128054381775122,-21.128054381775122,0.20000000000000284,-1.1500000000000035
2004-08-18,1,577,959,108.61000000000001,110.08,108.60000000000001,110.09,eod,1.4699999999999847,0.013535911602209802,135.35911602209802,0.12000000000001876,12.249999999997957
2004-08-19,1,584,627,109.88000000000001,109.61,109.87,109.63,stop,-0.27000000000001023,-0.0024574497132976263,-24.574497132976262,0.2400000000000091,-1.125
2004-08-20,1,575,959,109.70000000000002,110.42999999999999,109.69000000000001,110.44,eod,0.7299999999999756,0.006655118971647146,66.55118971647146,0.19000000000001194,3.8421052631575248
2004-08-23,1,578,584,110.61000000000001,110.44,110.60000000000001,110.46,stop,-0.17000000000001592,-0.0015370705244124403,-15.370705244124403,0.14000000000001478,-1.2142857142856998
2004-08-24,-1,576,609,110.6,110.73,110.61,110.71000000000001,stop,-0.13000000000000966,-0.001175300605731938,-11.753006057319379,0.10000000000000853,-1.2999999999999858
2004-08-25,-1,575,595,110.21,110.36,110.22,110.34,stop,-0.15000000000000568,-0.0013609145345672808,-13.609145345672808,0.12000000000000455,-1.25
2004-08-26,1,581,959,111.01,111.14999999999999,111.0,111.16,eod,0.13999999999998636,0.0012612612612611384,12.612612612611384,0.1600000000000108,0.8749999999998557
2004-08-27,-1,575,586,111.13,111.26,111.14,111.24000000000001,stop,-0.13000000000000966,-0.0011696958790715284,-11.696958790715284,0.10000000000000853,-1.2999999999999858
2004-08-30,1,581,630,111.27000000000001,111.07,111.26,111.08999999999999,stop,-0.20000000000001705,-0.0017975912277549617,-17.975912277549618,0.17000000000001592,-1.1764705882352844
2004-08-31,1,580,604,110.84,110.62,110.83,110.64,stop,-0.21999999999999886,-0.0019850221059279877,-19.85022105927988,0.18999999999999773,-1.157894736842113
2004-09-01,1,575,582,111.13000000000001,110.91,111.12,110.92999999999999,stop,-0.22000000000001307,-0.001979841612671104,-19.79841612671104,0.19000000000001194,-1.1578947368421013
2004-09-02,1,590,959,111.42000000000002,112.53999999999999,111.41000000000001,112.55,eod,1.1199999999999761,0.01005295754420587,100.52957544205871,0.18000000000002103,6.222222222221363
2004-09-03,1,575,616,112.46000000000001,112.23,112.45,112.25,stop,-0.23000000000000398,-0.002045353490440231,-20.45353490440231,0.20000000000000284,-1.1500000000000035
2004-09-07,1,575,633,112.84,112.51,112.83,112.53,stop,-0.3299999999999983,-0.0029247540547726516,-29.247540547726516,0.29999999999999716,-1.1000000000000048
2004-09-08,-1,576,580,112.6,112.74,112.61,112.72,stop,-0.14000000000000057,-0.0012432288429091605,-12.432288429091605,0.10999999999999943,-1.2727272727272845
2004-09-09,1,575,592,112.79,112.47,112.78,112.49,stop,-0.3200000000000074,-0.002837382514630319,-28.37382514630319,0.29000000000000625,-1.1034482758620707
2004-09-10,-1,578,639,112.24,112.57000000000001,112.25,112.55000000000001,stop,-0.3300000000000125,-0.002939866369710579,-29.398663697105793,0.30000000000001137,-1.1
2004-09-13,-1,575,597,113.13,113.33,113.14,113.31,stop,-0.20000000000000284,-0.0017677214071062652,-17.677214071062654,0.1700000000000017,-1.176470588235299
2004-09-14,1,577,584,113.39000000000001,113.24,113.38000000000001,113.25999999999999,stop,-0.1500000000000199,-0.001322984653378196,-13.229846533781961,0.12000000000001876,-1.2499999999999705
2004-09-15,-1,575,959,113.22999999999999,112.75,113.24,112.74,eod,0.47999999999998977,0.004238784881667165,42.38784881667165,0.13000000000000966,3.692307692307339
2004-09-16,1,578,959,113.02000000000001,113.08999999999999,113.01,113.1,eod,0.06999999999997897,0.0006194142111315721,6.1941421113157205,0.18000000000000682,0.38888888888875733
2004-09-17,1,584,593,113.06000000000002,112.88,113.05000000000001,112.89999999999999,stop,-0.18000000000002103,-0.0015922158337020877,-15.922158337020877,0.1500000000000199,-1.199999999999981
2004-09-20,1,575,580,112.74000000000001,112.57,112.73,112.58999999999999,stop,-0.17000000000001592,-0.0015080280315800223,-15.080280315800222,0.14000000000001478,-1.2142857142856998
2004-09-21,-1,577,582,112.61999999999999,112.79,112.63,112.77000000000001,stop,-0.17000000000001592,-0.0015093669537424835,-15.093669537424836,0.14000000000001478,-1.2142857142856998
2004-09-22,-1,583,959,112.29999999999998,111.64,112.30999999999999,111.63,eod,0.6599999999999824,0.00587659157688525,58.7659157688525,0.22000000000001307,2.9999999999997415
2004-09-23,-1,577,959,111.49999999999999,111.15,111.50999999999999,111.14,eod,0.3499999999999801,0.0031387319522910963,31.387319522910964,0.20000000000001705,1.7499999999997513
2004-09-24,-1,575,584,111.11999999999999,111.26,111.13,111.24000000000001,stop,-0.14000000000001478,-0.0012597858364079438,-12.597858364079437,0.11000000000001364,-1.2727272727272492
2004-09-27,-1,575,772,110.97999999999999,111.18,110.99,111.16000000000001,stop,-0.20000000000001705,-0.0018019641409137495,-18.019641409137495,0.17000000000001592,-1.1764705882352844
2004-09-28,1,575,586,111.02000000000001,110.86,111.01,110.88,stop,-0.1600000000000108,-0.0014413115935502279,-14.41311593550228,0.13000000000000966,-1.2307692307692224
2004-09-29,1,581,613,111.23,111.02,111.22,111.03999999999999,stop,-0.21000000000000796,-0.0018881496133789602,-18.881496133789604,0.18000000000000682,-1.1666666666666667
2004-09-30,1,576,664,111.60000000000001,111.4,111.59,111.42,stop,-0.20000000000000284,-0.0017922752934851048,-17.922752934851047,0.1700000000000017,-1.176470588235299
2004-10-01,-1,576,579,112.21,112.35,112.22,112.33,stop,-0.14000000000000057,-0.0012475494564248848,-12.475494564248848,0.10999999999999943,-1.2727272727272845
2004-10-04,-1,578,587,114.02,114.21000000000001,114.03,114.19000000000001,stop,-0.19000000000001194,-0.001666228185565307,-16.66228185565307,0.1600000000000108,-1.1874999999999944
2004-10-05,1,576,588,113.9,113.73,113.89,113.75,stop,-0.1700000000000017,-0.001492668364211096,-14.926683642110959,0.14000000000000057,-1.2142857142857215
2004-10-06,1,575,599,113.84,113.67999999999999,113.83,113.69999999999999,stop,-0.1600000000000108,-0.001405604849336825,-14.05604849336825,0.13000000000000966,-1.2307692307692224
2004-10-07,-1,577,959,114.25999999999999,113.39,114.27,113.38,eod,0.8699999999999903,0.007613546862693536,76.13546862693536,0.14000000000001478,6.21428571428499
2004-10-08,1,580,656,113.38000000000001,113.11,113.37,113.13,stop,-0.27000000000001023,-0.002381582429214168,-23.815824292141677,0.2400000000000091,-1.125
2004-10-11,-1,605,873,112.71999999999998,112.99,112.72999999999999,112.97,stop,-0.27000000000001023,-0.00239510334427402,-23.951033442740197,0.2400000000000091,-1.125
2004-10-12,1,579,583,112.32000000000001,112.16,112.31,112.17999999999999,stop,-0.1600000000000108,-0.001424628261063225,-14.24628261063225,0.13000000000000966,-1.2307692307692224
2004-10-13,-1,576,959,112.93999999999998,111.68,112.94999999999999,111.67,eod,1.2599999999999767,0.011155378486055571,111.55378486055571,0.13000000000000966,9.692307692306793
2004-10-14,-1,580,620,111.63999999999999,111.82000000000001,111.64999999999999,111.80000000000001,stop,-0.18000000000002103,-0.0016121809225259386,-16.121809225259387,0.1500000000000199,-1.199999999999981
2004-10-15,-1,576,626,110.97999999999999,111.14,110.99,111.12,stop,-0.1600000000000108,-0.001441571312730974,-14.41571312730974,0.13000000000000966,-1.2307692307692224
2004-10-18,1,575,646,111.04,110.86,111.03,110.88,stop,-0.18000000000000682,-0.0016211834639287294,-16.211834639287293,0.15000000000000568,-1.2
2004-10-19,-1,576,582,111.91999999999999,112.08,111.92999999999999,112.06,stop,-0.1600000000000108,-0.001429464844099087,-14.29464844099087,0.13000000000000966,-1.2307692307692224
2004-10-20,1,578,619,110.46000000000001,110.22,110.45,110.24,stop,-0.2400000000000091,-0.0021729289271164246,-21.729289271164244,0.21000000000000796,-1.1428571428571428
2004-10-21,-1,575,586,110.63999999999999,110.84,110.64999999999999,110.82000000000001,stop,-0.20000000000001705,-0.0018075011296883603,-18.075011296883602,0.17000000000001592,-1.1764705882352844
2004-10-22,-1,575,600,111.07,111.27,111.08,111.25,stop,-0.20000000000000284,-0.0018005041411595503,-18.005041411595503,0.1700000000000017,-1.176470588235299
2004-10-25,-1,577,628,109.6,109.82000000000001,109.61,109.80000000000001,stop,-0.22000000000001307,-0.0020071161390385283,-20.07116139038528,0.19000000000001194,-1.1578947368421013
2004-10-26,-1,575,580,110.04999999999998,110.18,110.05999999999999,110.16000000000001,stop,-0.13000000000002387,-0.0011811739051428665,-11.811739051428665,0.10000000000002274,-1.2999999999999432
2004-10-27,-1,577,626,111.29999999999998,111.47,111.30999999999999,111.45,stop,-0.17000000000001592,-0.0015272661935137538,-15.272661935137538,0.14000000000001478,-1.2142857142856998
2004-10-28,-1,576,594,112.58999999999999,112.83,112.6,112.81,stop,-0.2400000000000091,-0.0021314387211368484,-21.314387211368484,0.21000000000000796,-1.1428571428571428
2004-10-29,1,575,616,113.35000000000001,113.09,113.34,113.11,stop,-0.2600000000000051,-0.002293982706899639,-22.93982706899639,0.23000000000000398,-1.1304347826086982
2004-11-01,-1,577,672,113.38,113.62,113.39,113.60000000000001,stop,-0.2400000000000091,-0.002116588764441389,-21.16588764441389,0.21000000000000796,-1.1428571428571428
2004-11-02,-1,575,582,113.55999999999999,113.75,113.57,113.73,stop,-0.19000000000001194,-0.0016729770185789552,-16.72977018578955,0.1600000000000108,-1.1874999999999944
2004-11-03,1,578,591,115.37,114.96,115.36,114.97999999999999,stop,-0.4100000000000108,-0.0035540915395285266,-35.54091539528527,0.38000000000000966,-1.0789473684210535
2004-11-04,-1,586,591,114.75999999999999,115.0,114.77,114.98,stop,-0.2400000000000091,-0.0020911387993378856,-20.911387993378856,0.21000000000000796,-1.1428571428571428
2004-11-05,-1,576,591,116.88999999999999,117.1,116.89999999999999,117.08,stop,-0.21000000000000796,-0.0017964071856288108,-17.964071856288108,0.18000000000000682,-1.1666666666666667
2004-11-08,1,583,600,117.10000000000001,116.88,117.09,116.89999999999999,stop,-0.22000000000001307,-0.0018788965752840811,-18.788965752840813,0.19000000000001194,-1.1578947368421013
2004-11-09,1,582,640,117.17000000000002,117.0,117.16000000000001,117.02,stop,-0.17000000000001592,-0.0014510071696826213,-14.510071696826213,0.14000000000001478,-1.2142857142856998
2004-11-10,-1,583,649,116.86999999999999,117.15,116.88,117.13000000000001,stop,-0.28000000000001535,-0.00239561943874072,-23.956194387407198,0.2500000000000142,-1.1199999999999977
2004-11-11,-1,578,584,117.1,117.28,117.11,117.26,stop,-0.18000000000000682,-0.0015370164802323185,-15.370164802323185,0.15000000000000568,-1.2
2004-11-12,-1,577,633,117.91999999999999,118.07000000000001,117.92999999999999,118.05000000000001,stop,-0.1500000000000199,-0.0012719409819386069,-12.719409819386069,0.12000000000001876,-1.2499999999999705
2004-11-15,-1,575,590,118.28999999999999,118.53,118.3,118.51,stop,-0.2400000000000091,-0.0020287404902790285,-20.287404902790286,0.21000000000000796,-1.1428571428571428
2004-11-16,-1,586,959,118.24,117.77000000000001,118.25,117.76,eod,0.46999999999998465,0.003974630021141519,39.74630021141519,0.1700000000000017,2.764705882352823
2004-11-17,1,575,872,118.59,118.31,118.58,118.33,stop,-0.28000000000000114,-0.0023612750885478252,-23.612750885478253,0.25,-1.1200000000000045
2004-11-18,-1,575,580,118.46999999999998,118.62,118.47999999999999,118.60000000000001,stop,-0.1500000000000199,-0.0012660364618502693,-12.660364618502692,0.12000000000001876,-1.2499999999999705
2004-11-19,-1,576,959,118.6,117.33,118.61,117.32,eod,1.269999999999996,0.010707360256302133,107.07360256302132,0.12000000000000455,10.583333333332899
2004-11-22,-1,575,615,117.11999999999999,117.28,117.13,117.26,stop,-0.1600000000000108,-0.0013660035857595049,-13.660035857595048,0.13000000000000966,-1.2307692307692224
2004-11-23,-1,578,606,117.82,118.0,117.83,117.98,stop,-0.18000000000000682,-0.0015276245438343955,-15.276245438343954,0.15000000000000568,-1.2
2004-11-24,1,575,599,118.45000000000002,118.21,118.44000000000001,118.22999999999999,stop,-0.2400000000000233,-0.0020263424518745634,-20.263424518745634,0.21000000000002217,-1.1428571428571332
2004-11-26,1,575,783,118.64000000000001,118.42,118.63000000000001,118.44,stop,-0.22000000000001307,-0.0018545056056647818,-18.54505605664782,0.19000000000001194,-1.1578947368421013
2004-11-29,1,576,598,118.89000000000001,118.73,118.88000000000001,118.75,stop,-0.1600000000000108,-0.001345895020188516,-13.458950201885159,0.13000000000000966,-1.2307692307692224
2004-11-30,-1,575,585,117.96,118.14,117.97,118.12,stop,-0.18000000000000682,-0.0015258116470289636,-15.258116470289636,0.15000000000000568,-1.2
2004-12-01,1,578,959,118.21000000000001,119.46,118.2,119.47,eod,1.2499999999999858,0.010575296108290912,105.75296108290912,0.11000000000001364,11.363636363634825
2004-12-02,1,575,582,119.22000000000001,119.03,119.21000000000001,119.05,stop,-0.19000000000001194,-0.0015938260213070373,-15.938260213070373,0.1600000000000108,-1.1874999999999944
2004-12-03,1,577,780,119.44000000000001,119.15,119.43,119.17,stop,-0.29000000000000625,-0.0024282006196098653,-24.282006196098653,0.2600000000000051,-1.1153846153846174
2004-12-06,-1,576,738,119.08999999999999,119.3,119.1,119.28,stop,-0.21000000000000796,-0.0017632241813602685,-17.632241813602686,0.18000000000000682,-1.1666666666666667
2004-12-07,-1,575,597,119.30999999999999,119.53,119.32,119.51,stop,-0.22000000000001307,-0.0018437814280926339,-18.43781428092634,0.19000000000001194,-1.1578947368421013
2004-12-08,-1,576,602,118.17999999999999,118.4,118.19,118.38000000000001,stop,-0.22000000000001307,-0.0018614095947204763,-18.614095947204763,0.19000000000001194,-1.1578947368421013
2004-12-09,-1,578,740,118.07999999999998,118.29,118.08999999999999,118.27000000000001,stop,-0.21000000000002217,-0.0017783046828691862,-17.783046828691862,0.18000000000002103,-1.1666666666666534
2004-12-10,1,581,959,119.09,119.16,119.08,119.17,eod,0.06999999999999318,0.0005878401074907052,5.878401074907052,0.2400000000000091,0.2916666666666272
2004-12-13,1,577,584,119.91000000000001,119.71,119.9,119.72999999999999,stop,-0.20000000000001705,-0.0016680567139284157,-16.680567139284157,0.17000000000001592,-1.1764705882352844
2004-12-14,1,580,959,120.32000000000001,120.78,120.31,120.79,eod,0.45999999999999375,0.003823456071814427,38.23456071814427,0.14000000000000057,3.285714285714228
2004-12-15,1,578,666,120.75000000000001,120.57,120.74000000000001,120.58999999999999,stop,-0.18000000000002103,-0.0014908066920657696,-14.908066920657696,0.1500000000000199,-1.199999999999981
2004-12-16,1,584,864,120.78000000000002,120.48,120.77000000000001,120.5,stop,-0.30000000000001137,-0.0024840606110790044,-24.840606110790045,0.27000000000001023,-1.1111111111111112
2004-12-17,1,631,710,119.88000000000001,119.27,119.87,119.28999999999999,stop,-0.6100000000000136,-0.005088846250104393,-50.88846250104393,0.5800000000000125,-1.0517241379310354
2004-12-20,1,581,663,119.98,119.7,119.97,119.72,stop,-0.28000000000000114,-0.002333916812536477,-23.339168125364772,0.25,-1.1200000000000045
2004-12-21,1,578,640,119.88000000000001,119.53999999999999,119.87,119.55999999999999,stop,-0.3400000000000176,-0.002836406106615647,-28.36406106615647,0.3100000000000165,-1.0967741935483857
2004-12-22,1,575,959,120.56000000000002,120.89999999999999,120.55000000000001,120.91,eod,0.339999999999975,0.0028204064703440477,28.204064703440476,0.2400000000000233,1.416666666666425
2004-12-23,1,575,893,121.01,120.8,121.0,120.82,stop,-0.21000000000000796,-0.0017355371900827103,-17.3553719008271,0.18000000000000682,-1.1666666666666667
2004-12-27,1,575,580,121.34,121.16,121.33,121.17999999999999,stop,-0.18000000000000682,-0.0014835572405835888,-14.835572405835888,0.15000000000000568,-1.2
2004-12-28,1,581,959,120.76,121.22999999999999,120.75,121.24,eod,0.46999999999998465,0.0038923395445133306,38.92339544513331,0.1600000000000108,2.937499999999706
2004-12-29,1,575,595,121.16000000000001,120.98,121.15,121.0,stop,-0.18000000000000682,-0.0014857614527445879,-14.857614527445879,0.15000000000000568,-1.2
2004-12-30,1,575,601,121.43,121.26,121.42,121.28,stop,-0.1700000000000017,-0.0014000988305056968,-14.000988305056968,0.14000000000000057,-1.2142857142857215
2004-12-31,1,575,757,121.35000000000001,121.17,121.34,121.19,stop,-0.18000000000000682,-0.0014834349761002705,-14.834349761002706,0.15000000000000568,-1.2
2005-01-03,1,575,595,121.67000000000002,121.46,121.66000000000001,121.47999999999999,stop,-0.21000000000002217,-0.0017261219792867183,-17.261219792867184,0.18000000000002103,-1.1666666666666534
2005-01-04,1,575,577,120.50000000000001,120.38,120.49000000000001,120.39999999999999,stop,-0.12000000000001876,-0.0009959332724709,-9.959332724709,0.09000000000001762,-1.3333333333332806
2005-01-05,1,579,630,118.98,118.71,118.97,118.72999999999999,stop,-0.27000000000001023,-0.0022694797007649847,-22.694797007649846,0.2400000000000091,-1.125
2005-01-06,1,575,652,118.56000000000002,118.36,118.55000000000001,118.38,stop,-0.20000000000001705,-0.0016870518768453567,-16.870518768453568,0.17000000000001592,-1.1764705882352844
2005-01-07,1,575,595,119.09,118.83,119.08,118.85,stop,-0.2600000000000051,-0.0021834061135371607,-21.834061135371606,0.23000000000000398,-1.1304347826086982
2005-01-10,1,575,959,118.50000000000001,118.92999999999999,118.49000000000001,118.94,eod,0.4299999999999784,0.0036289982276983576,36.28998227698358,0.1600000000000108,2.687499999999684
2005-01-11,1,575,576,118.66000000000001,118.46,118.65,118.47999999999999,stop,-0.20000000000001705,-0.0016856300042142186,-16.856300042142188,0.17000000000001592,-1.1764705882352844
2005-01-12,1,577,578,118.43,118.27,118.42,118.28999999999999,stop,-0.1600000000000108,-0.0013511231210945008,-13.511231210945008,0.13000000000000966,-1.2307692307692224
2005-01-13,-1,575,959,118.55999999999999,117.69000000000001,118.57,117.68,eod,0.8699999999999761,0.007337437800455226,73.37437800455226,0.17000000000001592,5.11764705882291
2005-01-14,-1,582,616,117.89999999999999,118.1,117.91,118.08,stop,-0.20000000000000284,-0.001696208972945491,-16.96208972945491,0.1700000000000017,-1.176470588235299
2005-01-18,-1,577,601,117.97999999999999,118.19,117.99,118.17,stop,-0.21000000000000796,-0.0017798118484618015,-17.798118484618016,0.18000000000000682,-1.1666666666666667
2005-01-19,1,575,579,119.51,119.34,119.5,119.36,stop,-0.1700000000000017,-0.0014225941422594285,-14.225941422594286,0.14000000000000057,-1.2142857142857215
2005-01-20,1,575,585,118.01,117.82,118.0,117.83999999999999,stop,-0.19000000000001194,-0.001610169491525525,-16.10169491525525,0.1600000000000108,-1.1874999999999944
2005-01-21,1,576,581,117.82000000000001,117.67,117.81,117.69,stop,-0.15000000000000568,-0.0012732365673542626,-12.732365673542626,0.12000000000000455,-1.25
2005-01-24,1,575,591,117.18,116.98,117.17,117.0,stop,-0.20000000000000284,-0.0017069215669540227,-17.069215669540228,0.1700000000000017,-1.176470588235299
2005-01-25,1,575,921,117.06000000000002,116.81,117.05000000000001,116.83,stop,-0.2500000000000142,-0.0021358393848783784,-21.358393848783784,0.22000000000001307,-1.1363636363636334
2005-01-26,-1,576,600,117.25999999999999,117.43,117.27,117.41000000000001,stop,-0.17000000000001592,-0.0014496461158012785,-14.496461158012785,0.14000000000001478,-1.2142857142856998
2005-01-27,-1,577,580,117.03999999999999,117.22,117.05,117.2,stop,-0.18000000000000682,-0.0015378043571124035,-15.378043571124035,0.15000000000000568,-1.2
2005-01-28,-1,576,959,117.41,117.14,117.42,117.13,eod,0.269999999999996,0.0022994379151762565,22.994379151762566,0.13000000000000966,2.076923076922892
2005-01-31,1,576,584,118.10000000000001,117.87,118.09,117.89,stop,-0.23000000000000398,-0.0019476670336184602,-19.4766703361846,0.20000000000000284,-1.1500000000000035
2005-02-01,1,579,587,118.32000000000001,118.16,118.31,118.17999999999999,stop,-0.1600000000000108,-0.001352379342405636,-13.523793424056361,0.13000000000000966,-1.2307692307692224
2005-02-02,1,577,596,119.09,118.92,119.08,118.94,stop,-0.1700000000000017,-0.0014276116896204376,-14.276116896204377,0.14000000000000057,-1.2142857142857215
2005-02-03,1,586,615,119.10000000000001,118.88,119.09,118.89999999999999,stop,-0.22000000000001307,-0.0018473423461248892,-18.473423461248892,0.19000000000001194,-1.1578947368421013
2005-02-04,1,576,959,119.12,120.32,119.11,120.33,eod,1.1999999999999886,0.010074720846276456,100.74720846276456,0.14000000000000057,8.571428571428456
2005-02-07,-1,575,586,120.16,120.29,120.17,120.27000000000001,stop,-0.13000000000000966,-0.0010818007822252613,-10.818007822252612,0.10000000000000853,-1.2999999999999858
2005-02-08,-1,577,589,120.07,120.21000000000001,120.08,120.19000000000001,stop,-0.14000000000001478,-0.0011658894070620818,-11.658894070620818,0.11000000000001364,-1.2727272727272492
2005-02-09,-1,575,579,120.30999999999999,120.5,120.32,120.48,stop,-0.19000000000001194,-0.0015791223404256311,-15.79122340425631,0.1600000000000108,-1.1874999999999944
2005-02-10,-1,577,605,119.60999999999999,119.78,119.61999999999999,119.76,stop,-0.17000000000001592,-0.001421167028925062,-14.211670289250621,0.14000000000001478,-1.2142857142856998
2005-02-11,1,575,579,119.80000000000001,119.65,119.79,119.67,stop,-0.15000000000000568,-0.0012521913348360104,-12.521913348360105,0.12000000000000455,-1.25
2005-02-14,1,576,580,120.79,120.6,120.78,120.61999999999999,stop,-0.19000000000001194,-0.0015731081304852785,-15.731081304852786,0.1600000000000108,-1.1874999999999944
2005-02-15,-1,578,599,120.69999999999999,120.87,120.71,120.85000000000001,stop,-0.17000000000001592,-0.0014083340236932809,-14.08334023693281,0.14000000000001478,-1.2142857142856998
2005-02-16,-1,575,618,120.80999999999999,120.98,120.82,120.96000000000001,stop,-0.17000000000001592,-0.0014070518126139374,-14.070518126139374,0.14000000000001478,-1.2142857142856998
2005-02-17,-1,575,580,121.16999999999999,121.27,121.17999999999999,121.25,stop,-0.10000000000000853,-0.0008252186829510524,-8.252186829510524,0.07000000000000739,-1.4285714285713995
2005-02-18,1,575,580,120.26500000000001,120.06,120.25500000000001,120.08,stop,-0.2050000000000125,-0.0017047108228349132,-17.04710822834913,0.17500000000001137,-1.1714285714285668
2005-02-22,-1,575,590,119.80999999999999,119.95,119.82,119.93,stop,-0.14000000000001478,-0.0011684192956102051,-11.68419295610205,0.11000000000001364,-1.2727272727272492
2005-02-23,1,586,601,119.11000000000001,118.9,119.10000000000001,118.92,stop,-0.21000000000000796,-0.0017632241813602683,-17.632241813602683,0.18000000000000682,-1.1666666666666667
2005-02-24,1,575,584,119.36000000000001,119.19,119.35000000000001,119.21,stop,-0.17000000000001592,-0.0014243820695434932,-14.243820695434932,0.14000000000001478,-1.2142857142856998
2005-02-25,1,576,959,120.33000000000001,121.36999999999999,120.32000000000001,121.38,eod,1.0399999999999778,0.00864361702127641,86.43617021276411,0.15000000000000568,6.933333333332923
2005-03-01,1,575,959,121.06000000000002,121.28999999999999,121.05000000000001,121.3,eod,0.22999999999997556,0.0019000413052455642,19.00041305245564,0.28000000000001535,0.8214285714284391
2005-03-02,1,588,959,120.85000000000001,121.28,120.84,121.29,eod,0.4299999999999926,0.0035584243627937158,35.584243627937155,0.19000000000001194,2.263157894736661
2005-03-03,-1,578,586,121.57999999999998,121.77,121.58999999999999,121.75,stop,-0.19000000000001194,-0.0015626285056337852,-15.626285056337853,0.1600000000000108,-1.1874999999999944
2005-03-04,-1,575,597,121.93999999999998,122.08,121.94999999999999,122.06,stop,-0.14000000000001478,-0.0011480114801149224,-11.480114801149224,0.11000000000001364,-1.2727272727272492
2005-03-07,1,575,959,122.77000000000001,122.77,122.76,122.78,eod,-1.4210854715202004e-14,-1.1576127985664713e-16,-1.1576127985664713e-12,0.18000000000000682,-7.894919286223036e-14
2005-03-08,1,577,599,122.80000000000001,122.56,122.79,122.58,stop,-0.2400000000000091,-0.0019545565599805286,-19.545565599805286,0.21000000000000796,-1.1428571428571428
2005-03-09,1,576,587,122.05000000000001,121.89,122.04,121.91,stop,-0.1600000000000108,-0.001311045558833258,-13.110455588332579,0.13000000000000966,-1.2307692307692224
2005-03-10,1,575,586,121.42000000000002,121.17,121.41000000000001,121.19,stop,-0.2500000000000142,-0.00205913845646993,-20.591384564699297,0.22000000000001307,-1.1363636363636334
2005-03-11,-1,575,589,121.21999999999998,121.37,121.22999999999999,121.35000000000001,stop,-0.1500000000000199,-0.001237317495669553,-12.37317495669553,0.12000000000001876,-1.2499999999999705
2005-03-14,1,583,589,120.74000000000001,120.55,120.73,120.57,stop,-0.19000000000001194,-0.0015737596289241442,-15.737596289241441,0.1600000000000108,-1.1874999999999944
2005-03-15,-1,575,583,121.32,121.46000000000001,121.33,121.44000000000001,stop,-0.14000000000001478,-0.0011538778537873138,-11.538778537873139,0.11000000000001364,-1.2727272727272492
2005-03-16,1,577,585,119.85000000000001,119.63,119.84,119.64999999999999,stop,-0.22000000000001307,-0.001835781041388627,-18.35781041388627,0.19000000000001194,-1.1578947368421013
2005-03-17,1,575,578,119.41000000000001,119.27,119.4,119.28999999999999,stop,-0.14000000000001478,-0.0011725293132329546,-11.725293132329545,0.11000000000001364,-1.2727272727272492
2005-03-18,-1,595,959,118.91999999999999,118.82000000000001,118.92999999999999,118.81,eod,0.0999999999999801,0.0008408307407717154,8.408307407717155,0.2400000000000091,0.416666666666568
2005-03-21,-1,585,959,118.64999999999999,118.27000000000001,118.66,118.26,eod,0.37999999999998124,0.003202427102646058,32.02427102646058,0.13000000000000966,2.9230769230765614
2005-03-22,1,577,862,118.52000000000001,118.3,118.51,118.32,stop,-0.22000000000001307,-0.001856383427558966,-18.56383427558966,0.19000000000001194,-1.1578947368421013
2005-03-23,-1,577,608,116.88999999999999,117.13,116.89999999999999,117.11,stop,-0.2400000000000091,-0.0020530367835757835,-20.530367835757836,0.21000000000000796,-1.1428571428571428
2005-03-24,1,575,936,117.56000000000002,117.31,117.55000000000001,117.33,stop,-0.2500000000000142,-0.0021267545725224516,-21.267545725224515,0.22000000000001307,-1.1363636363636334
2005-03-28,1,577,957,117.52000000000001,117.31,117.51,117.33,stop,-0.21000000000000796,-0.001787081950472368,-17.87081950472368,0.18000000000000682,-1.1666666666666667
2005-03-29,1,576,796,117.18,117.03,117.17,117.05,stop,-0.15000000000000568,-0.0012801911752155473,-12.801911752155473,0.12000000000000455,-1.25
2005-03-30,1,575,959,116.96000000000001,118.11,116.95,118.12,eod,1.1499999999999915,0.009833262077810958,98.33262077810959,0.19000000000001194,6.052631578946944
2005-03-31,-1,578,582,118.02999999999999,118.23,118.03999999999999,118.21000000000001,stop,-0.20000000000001705,-0.0016943409013895042,-16.943409013895042,0.17000000000001592,-1.1764705882352844
2005-04-01,1,575,608,118.76,118.49,118.75,118.50999999999999,stop,-0.27000000000001023,-0.002273684210526402,-22.73684210526402,0.2400000000000091,-1.125
2005-04-04,-1,575,840,117.22999999999999,117.46000000000001,117.24,117.44000000000001,stop,-0.2300000000000182,-0.001961787785738811,-19.61787785738811,0.20000000000001705,-1.1499999999999928
2005-04-05,1,575,857,117.99000000000001,117.74,117.98,117.75999999999999,stop,-0.2500000000000142,-0.002119003220885016,-21.19003220885016,0.22000000000001307,-1.1363636363636334
2005-04-06,-1,585,613,118.38999999999999,118.61,118.39999999999999,118.59,stop,-0.22000000000001307,-0.0018581081081082186,-18.581081081082186,0.19000000000001194,-1.1578947368421013
2005-04-07,1,575,584,118.54,118.38,118.53,118.39999999999999,stop,-0.1600000000000108,-0.0013498692314182976,-13.498692314182975,0.13000000000000966,-1.2307692307692224
2005-04-08,-1,581,959,119.07999999999998,118.11,119.08999999999999,118.1,eod,0.9699999999999847,0.008145100344277309,81.45100344277309,0.13000000000000966,7.461538461537788
2005-04-11,1,578,581,118.42000000000002,118.24,118.41000000000001,118.25999999999999,stop,-0.18000000000002103,-0.001520141879908969,-15.20141879908969,0.1500000000000199,-1.199999999999981
2005-04-12,-1,576,856,117.78999999999999,117.96000000000001,117.8,117.94000000000001,stop,-0.17000000000001592,-0.0014431239388795918,-14.431239388795918,0.14000000000001478,-1.2142857142856998
2005-04-13,1,575,593,118.60000000000001,118.44,118.59,118.46,stop,-0.1600000000000108,-0.001349186272029773,-13.491862720297732,0.13000000000000966,-1.2307692307692224
2005-04-14,-1,575,589,117.35,117.482,117.36,117.462,stop,-0.132000000000005,-0.0011247443762781612,-11.247443762781613,0.10200000000000387,-1.2941176470588236
2005-04-15,-1,576,590,115.69999999999999,115.96000000000001,115.71,115.94000000000001,stop,-0.2600000000000193,-0.0022469968023508713,-22.469968023508713,0.2300000000000182,-1.1304347826086902
2005-04-18,-1,580,598,114.1,114.47,114.11,114.45,stop,-0.37000000000000455,-0.003242485321181356,-32.42485321181356,0.3400000000000034,-1.0882352941176494
2005-04-19,1,575,644,115.24000000000001,114.97,115.23,114.99,stop,-0.27000000000001023,-0.002343139807341927,-23.43139807341927,0.2400000000000091,-1.125
2005-04-20,-1,576,662,115.22999999999999,115.44,115.24,115.42,stop,-0.21000000000000796,-0.0018222839291913223,-18.22283929191322,0.18000000000000682,-1.1666666666666667
2005-04-21,1,581,588,114.96000000000001,114.72,114.95,114.74,stop,-0.2400000000000091,-0.002087864288821306,-20.878642888213058,0.21000000000000796,-1.1428571428571428
2005-04-22,-1,575,600,115.67999999999999,115.83,115.69,115.81,stop,-0.15000000000000568,-0.0012965684155934454,-12.965684155934454,0.12000000000000455,-1.25
2005-04-25,-1,577,608,115.82,116.01,115.83,115.99000000000001,stop,-0.19000000000001194,-0.00164033497366841,-16.4033497366841,0.1600000000000108,-1.1874999999999944
2005-04-26,-1,582,617,115.92999999999999,116.14,115.94,116.12,stop,-0.21000000000000796,-0.0018112816974297737,-18.112816974297736,0.18000000000000682,-1.1666666666666667
2005-04-27,-1,575,634,114.83999999999999,115.03,114.85,115.01,stop,-0.19000000000001194,-0.001654331737048428,-16.543317370484278,0.1600000000000108,-1.1874999999999944
2005-04-28,1,575,583,115.46000000000001,115.23,115.45,115.25,stop,-0.23000000000000398,-0.0019922044174967863,-19.922044174967862,0.20000000000000284,-1.1500000000000035
2005-04-29,-1,581,602,114.91999999999999,115.14,114.92999999999999,115.12,stop,-0.22000000000001307,-0.0019142086487428267,-19.142086487428266,0.19000000000001194,-1.1578947368421013
2005-05-02,1,583,679,116.16000000000001,115.97,116.15,115.99,stop,-0.19000000000001194,-0.001635815755488695,-16.35815755488695,0.1600000000000108,-1.1874999999999944
2005-05-03,-1,576,579,116.00999999999999,116.17,116.02,116.15,stop,-0.1600000000000108,-0.0013790725736942838,-13.790725736942838,0.12000000000000455,-1.3333333333333728
2005-05-04,-1,587,603,116.43999999999998,116.72,116.44999999999999,116.7,stop,-0.28000000000001535,-0.0024044654358094924,-24.044654358094924,0.2500000000000142,-1.1199999999999977
2005-05-05,-1,575,585,117.50999999999999,117.72,117.52,117.7,stop,-0.21000000000000796,-0.0017869298842750848,-17.869298842750847,0.18000000000000682,-1.1666666666666667
2005-05-06,-1,576,959,117.82999999999998,117.22,117.83999999999999,117.21,eod,0.6099999999999852,0.005176510522742577,51.76510522742577,0.14000000000001478,4.357142857142292
2005-05-09,-1,575,579,117.14999999999999,117.3,117.16,117.28,stop,-0.15000000000000568,-0.0012803004438375358,-12.803004438375359,0.12000000000000455,-1.25
2005-05-10,-1,592,810,117.16999999999999,117.43,117.17999999999999,117.41000000000001,stop,-0.2600000000000193,-0.0022188086704217386,-22.188086704217387,0.2300000000000182,-1.1304347826086902
2005-05-11,-1,575,850,116.88999999999999,117.04,116.89999999999999,117.02000000000001,stop,-0.1500000000000199,-0.0012831479897349863,-12.831479897349864,0.12000000000001876,-1.2499999999999705
2005-05-12,-1,575,577,117.22999999999999,117.4,117.24,117.38000000000001,stop,-0.17000000000001592,-0.0014500170590243597,-14.500170590243597,0.14000000000001478,-1.2142857142856998
2005-05-13,-1,583,645,116.05999999999999,116.35,116.07,116.33,stop,-0.29000000000000625,-0.0024984922891359202,-24.9849228913592,0.2600000000000051,-1.1153846153846174
2005-05-16,1,577,959,115.81000000000002,116.77,115.80000000000001,116.78,eod,0.9599999999999795,0.00829015544041433,82.9015544041433,0.1500000000000199,6.3999999999990145
2005-05-17,1,581,621,116.50000000000001,116.33,116.49000000000001,116.35,stop,-0.17000000000001592,-0.0014593527341404062,-14.593527341404062,0.14000000000001478,-1.2142857142856998
2005-05-18,1,624,959,118.37,118.78999999999999,118.36,118.8,eod,0.4199999999999875,0.00354849611355177,35.4849611355177,0.3500000000000085,1.1999999999999351
2005-05-19,-1,576,597,118.77999999999999,119.05,118.78999999999999,119.03,stop,-0.27000000000001023,-0.002272918595841487,-22.72918595841487,0.2400000000000091,-1.125
2005-05-20,-1,575,959,119.04999999999998,119.16000000000001,119.05999999999999,119.15,eod,-0.11000000000002785,-0.0009239039139931788,-9.239039139931787,0.3400000000000176,-0.323529411764771
2005-05-23,1,586,959,119.36000000000001,119.64,119.35000000000001,119.65,eod,0.2799999999999869,0.0023460410557183654,23.460410557183653,0.17000000000001592,1.6470588235291808
2005-05-24,-1,577,596,119.30999999999999,119.52,119.32,119.5,stop,-0.21000000000000796,-0.0017599731813611127,-17.59973181361113,0.18000000000000682,-1.1666666666666667
2005-05-25,-1,579,870,119.27999999999999,119.42,119.28999999999999,119.4,stop,-0.14000000000001478,-0.0011736105289631552,-11.736105289631553,0.11000000000001364,-1.2727272727272492
2005-05-26,1,579,593,119.81000000000002,119.65,119.80000000000001,119.67,stop,-0.1600000000000108,-0.001335559265442494,-13.35559265442494,0.13000000000000966,-1.2307692307692224
2005-05-27,-1,582,789,119.94999999999999,120.14,119.96,120.12,stop,-0.19000000000001194,-0.001583861287095798,-15.83861287095798,0.1600000000000108,-1.1874999999999944
2005-05-31,-1,580,959,119.97999999999999,119.45,119.99,119.44,eod,0.5299999999999869,0.004417034752895966,44.17034752895966,0.19000000000001194,2.7894736842102823
2005-06-01,1,576,948,119.59,120.53,119.58,120.54,eod,0.9399999999999977,0.0078608462953671,78.608462953671,0.14000000000000057,6.714285714285671
2005-06-02,1,579,959,120.32000000000001,120.69999999999999,120.31,120.71,eod,0.37999999999998124,0.0031585071897596313,31.58507189759631,0.22000000000001307,1.7272727272725394
2005-06-03,-1,576,579,120.46,120.65,120.47,120.63000000000001,stop,-0.19000000000001194,-0.0015771561384578063,-15.771561384578064,0.1600000000000108,-1.1874999999999944
2005-06-06,1,575,585,120.05000000000001,119.89,120.04,119.91,stop,-0.1600000000000108,-0.0013328890369877606,-13.328890369877605,0.13000000000000966,-1.2307692307692224
2005-06-07,-1,575,576,120.30999999999999,120.43,120.32,120.41000000000001,stop,-0.12000000000001876,-0.000997340425532071,-9.973404255320709,0.09000000000001762,-1.3333333333332806
2005-06-08,1,575,581,120.48,120.36,120.47,120.38,stop,-0.12000000000000455,-0.0009960986137628003,-9.960986137628003,0.09000000000000341,-1.3333333333333333
2005-06-09,-1,576,605,119.64999999999999,119.82000000000001,119.66,119.80000000000001,stop,-0.17000000000001592,-0.0014206919605550387,-14.206919605550388,0.14000000000001478,-1.2142857142856998
2005-06-10,-1,577,583,120.42999999999999,120.61,120.44,120.59,stop,-0.18000000000000682,-0.001494520092992418,-14.94520092992418,0.15000000000000568,-1.2
2005-06-13,-1,587,630,119.88,120.17,119.89,120.15,stop,-0.29000000000000625,-0.0024188839769789493,-24.188839769789492,0.2600000000000051,-1.1153846153846174
2005-06-14,1,578,959,120.53000000000002,120.82,120.52000000000001,120.83,eod,0.28999999999997783,0.00240623962827728,24.062396282772802,0.1500000000000199,1.933333333332929
2005-06-15,-1,578,959,121.1,121.07000000000001,121.11,121.06,eod,0.029999999999986926,0.00024770869457507163,2.4770869457507163,0.13000000000000966,0.23076923076911304
2005-06-16,1,583,959,121.14000000000001,121.46,121.13000000000001,121.47,eod,0.31999999999997897,0.0026417898125978613,26.417898125978613,0.22000000000001307,1.4545454545452725
2005-06-17,-1,583,588,121.49,121.74,121.5,121.72,stop,-0.25,-0.00205761316872428,-20.5761316872428,0.21999999999999886,-1.1363636363636422
2005-06-20,-1,578,639,121.04999999999998,121.23,121.05999999999999,121.21000000000001,stop,-0.18000000000002103,-0.001486866016851322,-14.868660168513221,0.1500000000000199,-1.199999999999981
2005-06-21,1,575,589,121.55000000000001,121.37,121.54,121.39,stop,-0.18000000000000682,-0.001480993911469531,-14.809939114695311,0.15000000000000568,-1.2
2005-06-22,1,575,589,121.92000000000002,121.62,121.91000000000001,121.64,stop,-0.30000000000001137,-0.0024608317611353567,-24.608317611353566,0.27000000000001023,-1.1111111111111112
2005-06-23,-1,576,587,121.27,121.4,121.28,121.38000000000001,stop,-0.13000000000000966,-0.001071899736147837,-10.71899736147837,0.10000000000000853,-1.2999999999999858
2005-06-24,-1,580,596,119.78999999999999,119.93,119.8,119.91000000000001,stop,-0.14000000000001478,-0.0011686143572622269,-11.686143572622269,0.11000000000001364,-1.2727272727272492
2005-06-27,1,578,826,119.10000000000001,118.92,119.09,118.94,stop,-0.18000000000000682,-0.001511461919556695,-15.11461919556695,0.15000000000000568,-1.2
2005-06-28,1,582,959,119.49000000000001,120.14,119.48,120.15,eod,0.6499999999999915,0.005440241044526209,54.40241044526209,0.11000000000001364,5.909090909090099
2005-06-29,-1,575,959,120.25999999999999,119.95,120.27,119.94,eod,0.30999999999998806,0.002577533882098512,25.775338820985123,0.14000000000001478,2.214285714285395
2005-06-30,1,580,614,120.27000000000001,120.12,120.26,120.14,stop,-0.15000000000000568,-0.0012472975220356368,-12.472975220356368,0.12000000000000455,-1.25
2005-07-01,1,579,584,119.54,119.38,119.53,119.39999999999999,stop,-0.1600000000000108,-0.0013385760896846885,-13.385760896846884,0.13000000000000966,-1.2307692307692224
2005-07-05,-1,577,580,119.17999999999999,119.35,119.19,119.33,stop,-0.1700000000000017,-0.0014262941521939903,-14.262941521939903,0.14000000000000057,-1.2142857142857215
2005-07-06,1,577,616,120.44000000000001,120.32,120.43,120.33999999999999,stop,-0.12000000000001876,-0.0009964294610978889,-9.96429461097889,0.09000000000001762,-1.3333333333332806
2005-07-07,-1,577,580,118.25999999999999,118.53,118.27,118.51,stop,-0.27000000000001023,-0.0022829119810603726,-22.829119810603725,0.2400000000000091,-1.125
2005-07-08,1,575,959,119.99000000000001,121.21,119.98,121.22,eod,1.2199999999999847,0.010168361393565466,101.68361393565466,0.27000000000001023,4.518518518518291
2005-07-11,1,575,959,121.4,122.00999999999999,121.39,122.02,eod,0.6099999999999852,0.005025125628140582,50.25125628140582,0.09000000000000341,6.777777777777357
2005-07-12,-1,575,593,121.86999999999999,122.03,121.88,122.01,stop,-0.1600000000000108,-0.0013127666557270332,-13.12766655727033,0.13000000000000966,-1.2307692307692224
2005-07-13,1,576,609,122.39000000000001,122.2,122.38000000000001,122.22,stop,-0.19000000000001194,-0.0015525412649126649,-15.525412649126649,0.1600000000000108,-1.1874999999999944
2005-07-14,1,575,609,123.10000000000001,122.92,123.09,122.94,stop,-0.18000000000000682,-0.0014623446258835552,-14.623446258835552,0.15000000000000568,-1.2
2005-07-15,-1,575,870,122.67999999999999,122.88,122.69,122.86,stop,-0.20000000000000284,-0.0016301247045399205,-16.301247045399204,0.1600000000000108,-1.2499999999999334
2005-07-18,-1,578,959,122.46999999999998,122.21000000000001,122.47999999999999,122.2,eod,0.2599999999999767,0.0021227955584583336,21.227955584583338,0.1500000000000199,1.7333333333329481
2005-07-19,-1,583,625,122.67999999999999,122.91,122.69,122.89,stop,-0.23000000000000398,-0.0018746434102209144,-18.746434102209143,0.20000000000000284,-1.1500000000000035
2005-07-20,1,577,590,122.75000000000001,122.55,122.74000000000001,122.57,stop,-0.20000000000001705,-0.001629460648525477,-16.294606485254768,0.17000000000001592,-1.1764705882352844
2005-07-21,-1,601,782,123.17999999999999,123.63,123.19,123.61,stop,-0.45000000000000284,-0.003652893903725975,-36.528939037259754,0.4200000000000017,-1.0714285714285738
2005-07-22,1,575,632,123.02000000000001,122.81,123.01,122.83,stop,-0.21000000000000796,-0.0017071782781888298,-17.0717827818883,0.18000000000000682,-1.1666666666666667
2005-07-25,1,575,591,123.58000000000001,123.38,123.57000000000001,123.39999999999999,stop,-0.20000000000001705,-0.001618515820992288,-16.185158209922882,0.17000000000001592,-1.1764705882352844
2005-07-26,-1,577,610,123.10999999999999,123.36,123.11999999999999,123.34,stop,-0.2500000000000142,-0.0020305393112411813,-20.305393112411814,0.22000000000001307,-1.1363636363636334
2005-07-27,-1,586,853,123.35999999999999,123.54,123.36999999999999,123.52000000000001,stop,-0.18000000000002103,-0.0014590256950638004,-14.590256950638004,0.1500000000000199,-1.199999999999981
2005-07-28,1,575,606,124.09,123.9,124.08,123.92,stop,-0.18999999999999773,-0.0015312701482914067,-15.312701482914067,0.1599999999999966,-1.187500000000011
2005-07-29,-1,577,584,124.32,124.47,124.33,124.45,stop,-0.15000000000000568,-0.0012064666613046384,-12.064666613046384,0.12000000000000455,-1.25
2005-08-01,1,575,582,123.91000000000001,123.73,123.9,123.75,stop,-0.18000000000000682,-0.0014527845036320162,-14.527845036320162,0.15000000000000568,-1.2
2005-08-02,-1,576,581,123.79999999999998,123.92,123.80999999999999,123.9,stop,-0.12000000000001876,-0.0009692270414346076,-9.692270414346076,0.09000000000001762,-1.3333333333332806
2005-08-03,1,590,599,124.33000000000001,124.16,124.32000000000001,124.17999999999999,stop,-0.17000000000001592,-0.0013674388674389953,-13.674388674389952,0.14000000000001478,-1.2142857142856998
2005-08-04,1,578,585,124.29,124.17,124.28,124.19,stop,-0.12000000000000455,-0.0009655616350177386,-9.655616350177386,0.09000000000000341,-1.3333333333333333
2005-08-05,-1,578,590,123.38999999999999,123.53,123.39999999999999,123.51,stop,-0.14000000000001478,-0.0011345218800649496,-11.345218800649496,0.11000000000001364,-1.2727272727272492
2005-08-08,1,576,581,123.28000000000002,123.12,123.27000000000001,123.14,stop,-0.1600000000000108,-0.0012979638192586256,-12.979638192586256,0.13000000000000966,-1.2307692307692224
2005-08-09,1,576,915,123.12,122.98,123.11,123.0,stop,-0.14000000000000057,-0.0011371943790106456,-11.371943790106457,0.10999999999999943,-1.2727272727272845
2005-08-10,1,576,756,123.95000000000002,123.78999999999999,123.94000000000001,123.80999999999999,stop,-0.160000000000025,-0.001290947232532072,-12.909472325320719,0.13000000000002387,-1.230769230769197
2005-08-11,1,577,738,123.36000000000001,123.21,123.35000000000001,123.22999999999999,stop,-0.1500000000000199,-0.0012160518848805828,-12.160518848805827,0.12000000000001876,-1.2499999999999705
2005-08-12,-1,578,930,123.52,123.7,123.53,123.68,stop,-0.18000000000000682,-0.0014571359184004438,-14.571359184004438,0.15000000000000568,-1.2
2005-08-15,1,575,582,123.28000000000002,123.11,123.27000000000001,123.13,stop,-0.17000000000001592,-0.0013790865579623257,-13.790865579623258,0.14000000000001478,-1.2142857142856998
2005-08-16,1,575,578,123.51,123.34,123.5,123.36,stop,-0.1700000000000017,-0.0013765182186234956,-13.765182186234956,0.14000000000000057,-1.2142857142857215
2005-08-17,-1,579,590,122.13999999999999,122.38,122.14999999999999,122.36,stop,-0.2400000000000091,-0.001964797380270234,-19.64797380270234,0.21000000000000796,-1.1428571428571428
2005-08-18,1,599,959,122.11000000000001,122.1,122.10000000000001,122.11,eod,-0.010000000000019327,-8.190008190024018e-05,-0.8190008190024018,0.2600000000000193,-0.038461538461609934
2005-08-19,-1,575,602,122.50999999999999,122.67,122.52,122.65,stop,-0.1600000000000108,-0.0013059092393079563,-13.059092393079563,0.13000000000000966,-1.2307692307692224
2005-08-22,1,575,724,122.73,122.48,122.72,122.5,stop,-0.25,-0.0020371577574967406,-20.371577574967407,0.21999999999999886,-1.1363636363636422
2005-08-23,-1,579,959,122.46,122.08,122.47,122.07,eod,0.37999999999999545,0.0031028006858822197,31.028006858822195,0.15000000000000568,2.533333333333207
2005-08-24,-1,576,601,121.86999999999999,122.06,121.88,122.04,stop,-0.19000000000001194,-0.0015589104036758446,-15.589104036758446,0.1600000000000108,-1.1874999999999944
2005-08-25,1,587,593,121.47000000000001,121.28999999999999,121.46000000000001,121.30999999999999,stop,-0.18000000000002103,-0.0014819693726331386,-14.819693726331387,0.1500000000000199,-1.199999999999981
2005-08-26,-1,576,959,121.38,120.83,121.39,120.82,eod,0.5499999999999972,0.0045308509761924146,45.30850976192414,0.10999999999999943,5.0
2005-08-29,1,579,959,120.56000000000002,121.58999999999999,120.55000000000001,121.6,eod,1.0299999999999727,0.008544172542513252,85.44172542513252,0.18000000000002103,5.722222222221402
2005-08-30,1,580,584,121.27000000000001,121.09,121.26,121.11,stop,-0.18000000000000682,-0.0014844136566056969,-14.844136566056969,0.15000000000000568,-1.2
2005-08-31,1,576,599,121.26,121.08,121.25,121.1,stop,-0.18000000000000682,-0.001484536082474283,-14.845360824742832,0.15000000000000568,-1.2
2005-09-01,1,577,603,122.54,122.34,122.53,122.36,stop,-0.20000000000000284,-0.0016322533257161743,-16.322533257161744,0.1700000000000017,-1.176470588235299
2005-09-02,-1,576,959,122.71999999999998,122.14,122.72999999999999,122.13,eod,0.5799999999999841,0.004725820907683404,47.258209076834035,0.1600000000000108,3.624999999999656
2005-09-06,1,575,959,122.87,123.74,122.86,123.75,eod,0.8699999999999903,0.00708123066905413,70.81230669054129,0.21999999999999886,3.954545454545431
2005-09-07,-1,582,588,123.58999999999999,123.73,123.6,123.71000000000001,stop,-0.14000000000001478,-0.0011326860841425145,-11.326860841425145,0.11000000000001364,-1.2727272727272492
2005-09-08,-1,578,609,123.52999999999999,123.73,123.53999999999999,123.71000000000001,stop,-0.20000000000001705,-0.0016189088554315774,-16.189088554315774,0.17000000000001592,-1.1764705882352844
2005-09-09,1,576,959,123.9,124.47,123.89,124.48,eod,0.5699999999999932,0.004600855597707589,46.00855597707589,0.10000000000000853,5.699999999999446
2005-09-12,1,581,633,124.53000000000002,124.35,124.52000000000001,124.36999999999999,stop,-0.18000000000002103,-0.0014455509155157486,-14.455509155157486,0.1500000000000199,-1.199999999999981
2005-09-13,-1,576,855,124.04999999999998,124.19,124.05999999999999,124.17,stop,-0.14000000000001478,-0.001128486216347048,-11.28486216347048,0.11000000000001364,-1.2727272727272492
2005-09-14,1,575,586,123.93,123.69,123.92,123.71,stop,-0.2400000000000091,-0.0019367333763719262,-19.367333763719262,0.21000000000000796,-1.1428571428571428
2005-09-15,1,578,590,123.64000000000001,123.47,123.63000000000001,123.49,stop,-0.17000000000001592,-0.0013750707757018191,-13.75070775701819,0.14000000000001478,-1.2142857142856998
2005-09-16,-1,582,611,123.10999999999999,123.34,123.11999999999999,123.32000000000001,stop,-0.2300000000000182,-0.0018680961663419282,-18.680961663419282,0.20000000000001705,-1.1499999999999928
2005-09-19,1,577,580,123.53000000000002,123.38,123.52000000000001,123.39999999999999,stop,-0.1500000000000199,-0.0012143782383421298,-12.143782383421298,0.12000000000001876,-1.2499999999999705
2005-09-20,1,575,815,123.31000000000002,123.15,123.30000000000001,123.17,stop,-0.1600000000000108,-0.0012976480129765675,-12.976480129765674,0.13000000000000966,-1.2307692307692224
2005-09-21,-1,576,959,121.64999999999999,120.89150000000001,121.66,120.8815,eod,0.7584999999999837,0.006234588196613379,62.345881966133796,0.22000000000001307,3.447727272726994
2005-09-22,-1,578,601,120.88,121.09,120.89,121.07000000000001,stop,-0.21000000000000796,-0.0017371163867979814,-17.371163867979813,0.18000000000000682,-1.1666666666666667
2005-09-23,-1,575,661,121.19999999999999,121.38,121.21,121.36,stop,-0.18000000000000682,-0.0014850259879548456,-14.850259879548457,0.15000000000000568,-1.2
2005-09-26,-1,581,625,121.97999999999999,122.2,121.99,122.18,stop,-0.22000000000001307,-0.0018034265103698097,-18.034265103698097,0.19000000000001194,-1.1578947368421013
2005-09-27,-1,577,888,121.49,121.68,121.5,121.66000000000001,stop,-0.19000000000001194,-0.001563786008230551,-15.63786008230551,0.1600000000000108,-1.1874999999999944
2005-09-28,1,575,584,121.96000000000001,121.84,121.95,121.86,stop,-0.12000000000000455,-0.0009840098400984382,-9.840098400984381,0.09000000000000341,-1.3333333333333333
2005-09-29,-1,575,626,121.46,121.65,121.47,121.63000000000001,stop,-0.19000000000001194,-0.0015641722235944014,-15.641722235944014,0.1600000000000108,-1.1874999999999944
2005-09-30,1,575,580,122.67000000000002,122.51,122.66000000000001,122.53,stop,-0.1600000000000108,-0.001304418718408697,-13.04418718408697,0.13000000000000966,-1.2307692307692224
2005-10-03,-1,575,582,122.85,123.05,122.86,123.03,stop,-0.20000000000000284,-0.0016278691193228295,-16.278691193228294,0.1700000000000017,-1.176470588235299
2005-10-04,-1,576,615,122.75999999999999,122.92,122.77,122.9,stop,-0.1600000000000108,-0.001303249979636807,-13.03249979636807,0.13000000000000966,-1.2307692307692224
2005-10-05,-1,575,959,121.21,119.65,121.22,119.64,eod,1.559999999999988,0.012869163504372118,128.6916350437212,0.10000000000000853,15.59999999999855
2005-10-06,-1,575,581,119.71999999999998,119.9,119.72999999999999,119.88000000000001,stop,-0.18000000000002103,-0.0015033826108746433,-15.033826108746434,0.1500000000000199,-1.199999999999981
2005-10-07,1,575,608,119.76,119.56,119.75,119.58,stop,-0.20000000000000284,-0.00167014613778708,-16.7014613778708,0.1700000000000017,-1.176470588235299
2005-10-10,-1,575,959,119.52999999999999,118.78,119.53999999999999,118.77,eod,0.7499999999999858,0.006274050527020126,62.74050527020126,0.18000000000000682,4.16666666666643
2005-10-11,1,577,652,119.29,118.92,119.28,118.94,stop,-0.37000000000000455,-0.003101945003353492,-31.01945003353492,0.3400000000000034,-1.0882352941176494
2005-10-12,1,575,633,118.73,118.34,118.72,118.36,stop,-0.39000000000000057,-0.003285040431266851,-32.85040431266851,0.35999999999999943,-1.0833333333333366
2005-10-13,1,577,586,117.78000000000002,117.38,117.77000000000001,117.39999999999999,stop,-0.4000000000000199,-0.003396450709009254,-33.96450709009254,0.37000000000001876,-1.08108108108108
2005-10-14,1,576,588,118.28000000000002,118.02,118.27000000000001,118.03999999999999,stop,-0.2600000000000193,-0.0021983596854656235,-21.983596854656234,0.2300000000000182,-1.1304347826086902
2005-10-17,1,578,762,118.89000000000001,118.71,118.88000000000001,118.72999999999999,stop,-0.18000000000002103,-0.0015141318977121552,-15.141318977121552,0.1500000000000199,-1.199999999999981
2005-10-18,-1,578,959,118.85999999999999,117.91000000000001,118.86999999999999,117.9,eod,0.9499999999999744,0.007991923950533983,79.91923950533983,0.10000000000000853,9.499999999998934
2005-10-19,-1,576,638,117.42999999999999,117.78,117.44,117.76,stop,-0.3500000000000085,-0.002980245231607702,-29.80245231607702,0.3200000000000074,-1.0937500000000013
2005-10-20,1,580,593,119.64000000000001,119.46,119.63000000000001,119.47999999999999,stop,-0.18000000000002103,-0.0015046393045224527,-15.046393045224526,0.1500000000000199,-1.199999999999981
2005-10-21,1,575,584,118.50000000000001,118.24,118.49000000000001,118.25999999999999,stop,-0.2600000000000193,-0.002194277998143466,-21.94277998143466,0.2300000000000182,-1.1304347826086902
2005-10-24,1,590,959,118.87,120.03,118.86,120.04,eod,1.1599999999999966,0.009759380784115737,97.59380784115737,0.46000000000000796,2.5217391304347316
2005-10-25,1,581,686,119.78000000000002,119.6,119.77000000000001,119.61999999999999,stop,-0.18000000000002103,-0.0015028805209987561,-15.028805209987562,0.1500000000000199,-1.199999999999981
2005-10-26,-1,575,584,119.44999999999999,119.61,119.46,119.59,stop,-0.1600000000000108,-0.0013393604553826454,-13.393604553826453,0.13000000000000966,-1.2307692307692224
2005-10-27,1,575,579,119.30000000000001,119.13,119.29,119.14999999999999,stop,-0.17000000000001592,-0.0014250984994552426,-14.250984994552427,0.14000000000001478,-1.2142857142856998
2005-10-28,1,580,633,118.71000000000001,118.38,118.7,118.39999999999999,stop,-0.3300000000000125,-0.0027801179443977466,-27.801179443977464,0.30000000000001137,-1.1
2005-10-31,1,576,959,120.51,120.69999999999999,120.5,120.71,eod,0.18999999999998352,0.0015767634854770417,15.767634854770417,0.3100000000000023,0.6129032258063939
2005-11-01,-1,575,578,120.49999999999999,120.67,120.50999999999999,120.65,stop,-0.17000000000001592,-0.0014106713135840672,-14.106713135840671,0.14000000000001478,-1.2142857142856998
2005-11-02,1,576,959,120.36000000000001,121.61,120.35000000000001,121.62,eod,1.2499999999999858,0.010386373078520863,103.86373078520863,0.2300000000000182,5.43478260869516
2005-11-03,1,585,616,122.35000000000001,122.08,122.34,122.1,stop,-0.27000000000001023,-0.002206964198136425,-22.06964198136425,0.2400000000000091,-1.125
2005-11-04,1,575,579,122.43,122.28999999999999,122.42,122.30999999999999,stop,-0.14000000000001478,-0.0011436039862768729,-11.436039862768729,0.11000000000001364,-1.2727272727272492
2005-11-07,1,575,580,122.48,122.3,122.47,122.32,stop,-0.18000000000000682,-0.0014697476933127037,-14.697476933127037,0.15000000000000568,-1.2
2005-11-08,-1,578,581,121.86999999999999,122.01,121.88,121.99000000000001,stop,-0.14000000000001478,-0.0011486708237611978,-11.486708237611978,0.11000000000001364,-1.2727272727272492
2005-11-09,1,575,585,122.11000000000001,121.97,122.10000000000001,121.99,stop,-0.14000000000001478,-0.0011466011466012675,-11.466011466012676,0.11000000000001364,-1.2727272727272492
2005-11-10,-1,580,582,122.22999999999999,122.4,122.24,122.38000000000001,stop,-0.17000000000001592,-0.0013907068062828528,-13.907068062828527,0.14000000000001478,-1.2142857142856998
2005-11-11,1,577,959,123.42000000000002,123.64,123.41000000000001,123.65,eod,0.21999999999998465,0.0017826756340651863,17.826756340651862,0.14000000000001478,1.5714285714282958
2005-11-14,1,587,700,123.82000000000001,123.6,123.81,123.61999999999999,stop,-0.22000000000001307,-0.0017769162426299417,-17.769162426299417,0.19000000000001194,-1.1578947368421013
2005-11-15,-1,581,646,123.52999999999999,123.68,123.53999999999999,123.66000000000001,stop,-0.1500000000000199,-0.0012141816415737405,-12.141816415737404,0.12000000000001876,-1.2499999999999705
2005-11-16,1,576,585,123.54,123.33,123.53,123.35,stop,-0.21000000000000796,-0.0016999919048005178,-16.99991904800518,0.18000000000000682,-1.1666666666666667
2005-11-17,1,582,603,123.86000000000001,123.65,123.85000000000001,123.67,stop,-0.21000000000000796,-0.0016955995155430597,-16.955995155430596,0.18000000000000682,-1.1666666666666667
2005-11-18,-1,586,959,124.91999999999999,125.10000000000001,124.92999999999999,125.09,eod,-0.18000000000002103,-0.0014408068518371971,-14.408068518371971,0.6300000000000097,-0.28571428571431473
2005-11-21,1,581,593,125.21000000000001,124.99,125.2,125.00999999999999,stop,-0.22000000000001307,-0.0017571884984026603,-17.571884984026603,0.19000000000001194,-1.1578947368421013
2005-11-22,-1,576,620,125.47999999999999,125.62,125.49,125.60000000000001,stop,-0.14000000000001478,-0.001115626743166904,-11.156267431669042,0.11000000000001364,-1.2727272727272492
2005-11-23,1,575,959,126.34,126.86999999999999,126.33,126.88,eod,0.5299999999999869,0.004195361355180772,41.95361355180772,0.13000000000000966,4.076923076922673
2005-11-25,-1,627,797,126.93999999999998,127.14,126.94999999999999,127.13,eod,-0.20000000000001705,-0.0015754233950375507,-15.754233950375507,0.28000000000001535,-0.7142857142857361
2005-11-28,-1,575,959,127.05999999999999,126.16000000000001,127.07,126.15,eod,0.8999999999999773,0.00708271031714785,70.8271031714785,0.21000000000000796,4.285714285714015
2005-11-29,-1,582,587,126.6,126.74,126.61,126.72,stop,-0.14000000000000057,-0.0011057578390332562,-11.057578390332562,0.10999999999999943,-1.2727272727272845
2005-11-30,1,576,607,126.37,126.06,126.36,126.08,stop,-0.3100000000000023,-0.0024533080088635826,-24.533080088635824,0.28000000000000114,-1.1071428571428608
2005-12-01,1,575,959,126.12,126.89,126.11,126.9,eod,0.769999999999996,0.006105780667671049,61.05780667671049,0.14000000000000057,5.499999999999949
2005-12-02,-1,580,601,126.63999999999999,126.81,126.64999999999999,126.79,stop,-0.17000000000001592,-0.0013422818791947566,-13.422818791947567,0.14000000000001478,-1.2142857142856998
2005-12-05,-1,576,959,126.61999999999999,126.64,126.63,126.63,eod,-0.020000000000010232,-0.00015794045644799994,-1.5794045644799994,0.11000000000001364,-0.1818181818182523
2005-12-06,1,576,580,127.15,127.0,127.14,127.02,stop,-0.15000000000000568,-0.0011798017932987705,-11.798017932987705,0.12000000000000455,-1.25
2005-12-07,1,575,577,126.87,126.71,126.86,126.72999999999999,stop,-0.1600000000000108,-0.0012612328551159608,-12.612328551159608,0.13000000000000966,-1.2307692307692224
2005-12-08,-1,575,658,126.16,126.32000000000001,126.17,126.30000000000001,stop,-0.1600000000000108,-0.0012681303003884506,-12.681303003884505,0.13000000000000966,-1.2307692307692224
2005-12-09,1,575,603,126.29,126.08,126.28,126.1,stop,-0.21000000000000796,-0.0016629711751663602,-16.629711751663603,0.18000000000000682,-1.1666666666666667
2005-12-12,-1,581,586,126.68999999999998,126.84,126.69999999999999,126.82000000000001,stop,-0.1500000000000199,-0.0011838989739543797,-11.838989739543797,0.12000000000001876,-1.2499999999999705
2005-12-13,-1,579,589,126.29999999999998,126.47,126.30999999999999,126.45,stop,-0.17000000000001592,-0.0013458950201885515,-13.458950201885514,0.14000000000001478,-1.2142857142856998
2005-12-15,1,577,599,127.9,127.72,127.89,127.74,stop,-0.18000000000000682,-0.0014074595355384066,-14.074595355384066,0.15000000000000568,-1.2
2005-12-16,-1,575,675,127.21,127.37,127.22,127.35000000000001,stop,-0.1600000000000108,-0.0012576638893256626,-12.576638893256627,0.13000000000000966,-1.2307692307692224
2005-12-19,-1,575,617,126.66999999999999,126.8,126.67999999999999,126.78,stop,-0.13000000000000966,-0.0010262077676034865,-10.262077676034865,0.10000000000000853,-1.2999999999999858
2005-12-20,-1,581,741,125.80999999999999,126.01,125.82,125.99000000000001,stop,-0.20000000000001705,-0.0015895724050231845,-15.895724050231845,0.17000000000001592,-1.1764705882352844
2005-12-21,1,575,813,126.32000000000001,126.13,126.31,126.14999999999999,stop,-0.19000000000001194,-0.0015042356107989228,-15.042356107989228,0.1600000000000108,-1.1874999999999944
2005-12-22,-1,577,685,126.27,126.46000000000001,126.28,126.44000000000001,stop,-0.19000000000001194,-0.0015045929680076967,-15.045929680076966,0.1600000000000108,-1.1874999999999944
2005-12-23,-1,575,959,126.67999999999999,126.76,126.69,126.75,eod,-0.0800000000000125,-0.0006314626253059634,-6.314626253059634,0.18000000000000682,-0.4444444444444971
2005-12-27,-1,618,959,126.88,125.54,126.89,125.53,eod,1.3399999999999892,0.01056032784301355,105.60327843013549,0.1700000000000017,7.882352941176328
2005-12-28,-1,585,601,125.69999999999999,125.87,125.71,125.85000000000001,stop,-0.17000000000001592,-0.001352318829051117,-13.52318829051117,0.14000000000001478,-1.2142857142856998
2005-12-29,-1,604,959,125.68999999999998,125.32000000000001,125.69999999999999,125.31,eod,0.3699999999999761,0.00294351630867125,29.435163086712503,0.2600000000000193,1.4230769230767255
2005-12-30,-1,577,943,124.68999999999998,125.03,124.69999999999999,125.01,stop,-0.3400000000000176,-0.002726543704891882,-27.26543704891882,0.3100000000000165,-1.0967741935483857
2006-01-03,-1,578,844,125.07999999999998,125.33,125.08999999999999,125.31,stop,-0.2500000000000142,-0.0019985610360541547,-19.985610360541546,0.22000000000001307,-1.1363636363636334
2006-01-04,-1,576,582,126.69999999999999,126.89,126.71,126.87,stop,-0.19000000000001194,-0.0014994870175993366,-14.994870175993366,0.1600000000000108,-1.1874999999999944
2006-01-05,1,579,636,127.43,127.12,127.42,127.14,stop,-0.3100000000000023,-0.0024328990739287573,-24.328990739287573,0.28000000000000114,-1.1071428571428608
2006-01-06,-1,577,754,127.96999999999998,128.16,127.97999999999999,128.14,stop,-0.19000000000001194,-0.0014846069698391307,-14.846069698391307,0.1599999999999966,-1.1875000000001
2006-01-09,1,578,607,128.51,128.35999999999999,128.5,128.38,stop,-0.15000000000000568,-0.0011673151750973205,-11.673151750973204,0.12000000000000455,-1.25
2006-01-10,1,577,592,128.49999999999997,128.3,128.48999999999998,128.32000000000002,stop,-0.1999999999999602,-0.0015565413650864678,-15.565413650864679,0.16999999999995907,-1.1764705882353432
2006-01-11,-1,575,621,128.91000000000003,129.06,128.92000000000002,129.04,stop,-0.14999999999997726,-0.0011635122556622498,-11.635122556622498,0.11999999999997613,-1.2500000000000593
2006-01-12,-1,576,610,129.06000000000003,129.23,129.07000000000002,129.20999999999998,stop,-0.16999999999995907,-0.001317114743937081,-13.171147439370811,0.13999999999995794,-1.2142857142857868
2006-01-13,1,575,614,128.74999999999997,128.54,128.73999999999998,128.56,stop,-0.20999999999997954,-0.0016311946558954448,-16.31194655895445,0.1799999999999784,-1.166666666666693
2006-01-17,1,583,617,128.23999999999998,128.03,128.23,128.05,stop,-0.20999999999997954,-0.0016376822896356513,-16.37682289635651,0.1799999999999784,-1.166666666666693
2006-01-18,1,582,694,127.74000000000001,127.5,127.73,127.52,stop,-0.2400000000000091,-0.0018789634385031637,-18.789634385031636,0.21000000000000796,-1.1428571428571428
2006-01-19,-1,578,584,128.05,128.19,128.06,128.17,stop,-0.13999999999998636,-0.0010932375449007213,-10.932375449007212,0.10999999999998522,-1.2727272727273198
2006-01-20,-1,575,959,128.17000000000002,126.14,128.18,126.13,eod,2.0300000000000153,0.015837104072398307,158.37104072398307,0.13999999999998636,14.500000000001522
2006-01-23,1,577,600,126.32000000000001,126.15,126.31,126.17,stop,-0.1700000000000017,-0.0013458950201884388,-13.458950201884388,0.14000000000000057,-1.2142857142857215
2006-01-24,1,576,661,126.72000000000001,126.58,126.71000000000001,126.6,stop,-0.14000000000001478,-0.0011048851708627162,-11.048851708627163,0.11000000000001364,-1.2727272727272492
2006-01-25,-1,575,602,126.96999999999998,127.14,126.97999999999999,127.12,stop,-0.17000000000001592,-0.001338793510789226,-13.387935107892261,0.14000000000001478,-1.2142857142856998
2006-01-26,-1,580,702,127.14999999999999,127.34,127.16,127.32000000000001,stop,-0.19000000000001194,-0.0014941805599245986,-14.941805599245985,0.1600000000000108,-1.1874999999999944
2006-01-27,-1,575,584,127.55,127.78,127.56,127.76,stop,-0.23000000000000398,-0.0018030730636563498,-18.030730636563497,0.20000000000000284,-1.1500000000000035
2006-01-30,1,578,632,128.57999999999998,128.39,128.57,128.41,stop,-0.18999999999999773,-0.0014777941977132903,-14.777941977132903,0.1599999999999966,-1.187500000000011
2006-01-31,-1,575,856,128.27,128.39000000000001,128.28,128.37,stop,-0.12000000000000455,-0.0009354536950421309,-9.35453695042131,0.09000000000000341,-1.3333333333333333
2006-02-01,1,582,600,128.02999999999997,127.78999999999999,128.01999999999998,127.80999999999999,stop,-0.23999999999998067,-0.0018747070770190652,-18.74707077019065,0.20999999999999375,-1.1428571428570848
2006-02-02,-1,575,959,128.06000000000003,127.13000000000001,128.07000000000002,127.12,eod,0.930000000000021,0.007261653783087537,72.61653783087537,0.07999999999995566,11.625000000006706
2006-02-03,1,583,594,126.64000000000001,126.4,126.63000000000001,126.42,stop,-0.2400000000000091,-0.0018952854773751013,-18.952854773751014,0.21000000000000796,-1.1428571428571428
2006-02-06,1,575,629,126.58000000000001,126.38,126.57000000000001,126.39999999999999,stop,-0.20000000000001705,-0.0015801532748677969,-15.80153274867797,0.17000000000001592,-1.1764705882352844
2006-02-07,-1,575,583,126.24,126.43,126.25,126.41000000000001,stop,-0.19000000000001194,-0.0015049504950495995,-15.049504950495995,0.1600000000000108,-1.1874999999999944
2006-02-08,-1,576,628,125.79999999999998,125.99,125.80999999999999,125.97,stop,-0.19000000000001194,-0.0015102138144822506,-15.102138144822506,0.1600000000000108,-1.1874999999999944
2006-02-09,1,583,901,126.95000000000002,126.78,126.94000000000001,126.8,stop,-0.17000000000001592,-0.001339215377343752,-13.39215377343752,0.14000000000001478,-1.2142857142856998
2006-02-10,-1,576,589,126.35999999999999,126.5,126.36999999999999,126.48,stop,-0.14000000000001478,-0.0011078578776609542,-11.078578776609541,0.11000000000001364,-1.2727272727272492
2006-02-13,-1,577,586,126.49999999999999,126.64,126.50999999999999,126.62,stop,-0.14000000000001478,-0.0011066318868074838,-11.066318868074838,0.11000000000001364,-1.2727272727272492
2006-02-14,-1,575,598,126.42999999999999,126.64,126.44,126.62,stop,-0.21000000000000796,-0.0016608668142993354,-16.608668142993356,0.18000000000000682,-1.1666666666666667
2006-02-15,-1,585,599,127.53999999999999,127.71000000000001,127.55,127.69000000000001,stop,-0.17000000000001592,-0.0013328106624854246,-13.328106624854247,0.14000000000001478,-1.2142857142856998
2006-02-16,1,579,590,128.43999999999997,128.25,128.42999999999998,128.27,stop,-0.1899999999999693,-0.001479405123413294,-14.79405123413294,0.15999999999996817,-1.1875000000000444
2006-02-17,-1,583,959,128.88000000000002,128.89,128.89000000000001,128.88,eod,-0.009999999999962483,-7.758553805541534e-05,-0.7758553805541534,0.2799999999999727,-0.035714285714155206
2006-02-21,1,579,599,129.23,129.07,129.22,129.09,stop,-0.1599999999999966,-0.0012381984212969865,-12.381984212969865,0.12999999999999545,-1.2307692307692475
2006-02-22,-1,575,578,128.68,128.83,128.69,128.81,stop,-0.15000000000000568,-0.0011655917320693582,-11.65591732069358,0.12000000000000455,-1.25
2006-02-23,-1,576,674,129.13000000000002,129.3,129.14000000000001,129.28,stop,-0.1699999999999875,-0.0013164008053274546,-13.164008053274546,0.13999999999998636,-1.2142857142857433
2006-02-24,-1,575,585,129.02,129.21,129.03,129.19,stop,-0.18999999999999773,-0.0014725257692009433,-14.725257692009434,0.1599999999999966,-1.187500000000011
2006-02-27,1,575,959,129.43999999999997,129.67000000000002,129.42999999999998,129.68,eod,0.2300000000000466,0.0017770223286722295,17.770223286722295,0.15999999999996817,1.4375000000005773
2006-02-28,1,576,578,129.24999999999997,129.13,129.23999999999998,129.15,stop,-0.11999999999997613,-0.0009285051067779026,-9.285051067779026,0.08999999999997499,-1.3333333333334385
2006-03-01,1,577,613,128.76999999999998,128.57,128.76,128.59,stop,-0.19999999999998863,-0.0015532774153462928,-15.532774153462928,0.1699999999999875,-1.1764705882353137
2006-03-02,1,580,597,129.01999999999998,128.79,129.01,128.81,stop,-0.22999999999998977,-0.0017828075342995876,-17.828075342995877,0.19999999999998863,-1.1500000000000141
2006-03-03,1,575,959,128.76999999999998,128.99,128.76,129.0,eod,0.22000000000002728,0.001708605156881231,17.086051568812312,0.10999999999998522,2.000000000000517
2006-03-06,-1,576,959,129.04000000000002,128.16,129.05,128.15,eod,0.8800000000000239,0.006819062378923083,68.19062378923083,0.13999999999998636,6.285714285715069
2006-03-07,-1,577,607,127.78999999999999,127.96000000000001,127.8,127.94000000000001,stop,-0.17000000000001592,-0.0013302034428796239,-13.302034428796238,0.14000000000001478,-1.2142857142856998
2006-03-08,-1,575,589,127.55999999999999,127.73,127.57,127.71000000000001,stop,-0.17000000000001592,-0.0013326017088658457,-13.326017088658457,0.14000000000001478,-1.2142857142856998
2006-03-09,1,575,726,128.39,128.24,128.38,128.26000000000002,stop,-0.14999999999997726,-0.001168406293815059,-11.68406293815059,0.11999999999997613,-1.2500000000000593
2006-03-10,-1,575,589,127.66,127.81,127.67,127.79,stop,-0.15000000000000568,-0.0011749040495026685,-11.749040495026685,0.12000000000000455,-1.25
2006-03-13,1,575,669,128.95999999999998,128.8,128.95,128.82000000000002,stop,-0.15999999999996817,-0.0012407910042649723,-12.407910042649723,0.12999999999996703,-1.2307692307692981
2006-03-14,1,578,959,128.74999999999997,130.11,128.73999999999998,130.12,eod,1.360000000000042,0.010563927295324236,105.63927295324237,0.13999999999995794,9.714285714288934
2006-03-15,1,575,584,130.26,130.06,130.25,130.08,stop,-0.19999999999998863,-0.0015355086372359971,-15.355086372359972,0.1699999999999875,-1.1764705882353137
2006-03-16,1,602,645,131.07,130.85999999999999,131.06,130.88,stop,-0.21000000000000796,-0.0016023195482985498,-16.0231954829855,0.18000000000000682,-1.1666666666666667
2006-03-17,-1,575,578,130.58,130.75,130.59,130.73,stop,-0.1699999999999875,-0.0013017842101231908,-13.017842101231908,0.13999999999998636,-1.2142857142857433
2006-03-20,-1,575,577,130.59000000000003,130.74,130.60000000000002,130.72,stop,-0.14999999999997726,-0.001148545176110086,-11.485451761100862,0.11999999999997613,-1.2500000000000593
2006-03-21,-1,575,693,130.29000000000002,130.51,130.3,130.48999999999998,stop,-0.21999999999997044,-0.0016884113584034568,-16.88411358403457,0.1899999999999693,-1.1578947368421368
2006-03-22,1,582,959,129.70999999999998,130.41,129.7,130.42,eod,0.700000000000017,0.0053970701619122366,53.970701619122366,0.2599999999999909,2.692307692307852
2006-03-23,1,583,607,130.29999999999998,130.13,130.29,130.15,stop,-0.1699999999999875,-0.0013047816409546972,-13.047816409546972,0.13999999999998636,-1.2142857142857433
2006-03-24,1,575,583,130.08999999999997,129.93,130.07999999999998,129.95000000000002,stop,-0.15999999999996817,-0.0012300123001227567,-12.300123001227567,0.12999999999996703,-1.2307692307692981
2006-03-27,1,578,621,130.07999999999998,129.88,130.07,129.9,stop,-0.19999999999998863,-0.0015376335819173418,-15.376335819173418,0.1699999999999875,-1.1764705882353137
2006-03-28,1,582,859,130.02999999999997,129.85,130.01999999999998,129.87,stop,-0.1799999999999784,-0.00138440239963066,-13.8440239963066,0.14999999999997726,-1.200000000000038
2006-03-29,-1,585,621,129.39000000000001,129.63,129.4,129.60999999999999,stop,-0.23999999999998067,-0.0018547140649148427,-18.547140649148428,0.20999999999997954,-1.1428571428571621
2006-03-30,1,575,670,130.27999999999997,130.01,130.26999999999998,130.03,stop,-0.2699999999999818,-0.0020726184079218686,-20.726184079218687,0.23999999999998067,-1.1250000000000149
2006-03-31,-1,590,959,129.97000000000003,129.4996,129.98000000000002,129.4896,eod,0.47040000000004056,0.0036190183105096205,36.1901831050962,0.2699999999999818,1.74222222222249
2006-04-03,-1,575,599,129.95000000000002,130.15,129.96,130.13,stop,-0.19999999999998863,-0.0015389350569405096,-15.389350569405096,0.1699999999999875,-1.1764705882353137
2006-04-04,-1,580,600,129.62,129.79,129.63,129.76999999999998,stop,-0.1699999999999875,-0.001311424824500405,-13.11424824500405,0.13999999999998636,-1.2142857142857433
2006-04-05,1,575,634,130.79999999999998,130.57,130.79,130.59,stop,-0.22999999999998977,-0.001758544231210259,-17.58544231210259,0.19999999999998863,-1.1500000000000141
2006-04-06,-1,577,582,130.77,131.0,130.78,130.98,stop,-0.22999999999998977,-0.0017586786970484002,-17.586786970484003,0.19999999999998863,-1.1500000000000141
2006-04-07,1,575,598,131.13,130.95,131.12,130.97,stop,-0.18000000000000682,-0.0013727882855400155,-13.727882855400155,0.15000000000000568,-1.2
2006-04-10,-1,575,606,129.61,129.8,129.62,129.78,stop,-0.18999999999999773,-0.001465823175435872,-14.65823175435872,0.1599999999999966,-1.187500000000011
2006-04-11,1,580,588,130.01999999999998,129.81,130.01,129.83,stop,-0.20999999999997954,-0.0016152603645871821,-16.15260364587182,0.1799999999999784,-1.166666666666693
2006-04-12,1,575,632,128.95999999999998,128.7,128.95,128.72,stop,-0.2599999999999909,-0.0020162853819309105,-20.162853819309106,0.22999999999998977,-1.1304347826087064
2006-04-13,-1,585,604,128.45000000000002,128.63,128.46,128.60999999999999,stop,-0.1799999999999784,-0.0014012143858008594,-14.012143858008594,0.14999999999997726,-1.200000000000038
2006-04-17,1,575,753,128.98999999999998,128.76,128.98,128.78,stop,-0.22999999999998977,-0.001783222204992943,-17.83222204992943,0.19999999999998863,-1.1500000000000141
2006-04-18,1,575,959,129.14999999999998,130.72,129.14,130.73,eod,1.5700000000000216,0.012157348613907555,121.57348613907556,0.21999999999997044,7.136363636364694
2006-04-19,1,575,589,130.79999999999998,130.60999999999999,130.79,130.63,stop,-0.18999999999999773,-0.0014527104518693916,-14.527104518693916,0.1599999999999966,-1.187500000000011
2006-04-20,1,591,677,131.04,130.83,131.03,130.85000000000002,stop,-0.20999999999997954,-0.0016026864076927386,-16.026864076927385,0.1799999999999784,-1.166666666666693
2006-04-21,-1,575,578,131.61,131.76,131.62,131.73999999999998,stop,-0.14999999999997726,-0.0011396444309373747,-11.396444309373747,0.11999999999997613,-1.2500000000000593
2006-04-24,-1,577,930,130.81000000000003,130.98,130.82000000000002,130.95999999999998,stop,-0.16999999999995907,-0.0012994954899859276,-12.994954899859277,0.13999999999995794,-1.2142857142857868
2006-04-25,-1,575,586,130.94000000000003,131.08,130.95000000000002,131.06,stop,-0.13999999999998636,-0.0010691103474607586,-10.691103474607585,0.10999999999998522,-1.2727272727273198
2006-04-26,1,594,914,130.85,130.43,130.84,130.45000000000002,stop,-0.4199999999999875,-0.0032100275145214574,-32.100275145214574,0.38999999999998636,-1.0769230769230824
2006-04-27,-1,576,600,129.68,129.96,129.69,129.94,stop,-0.28000000000000114,-0.002158994525406748,-21.58994525406748,0.25,-1.1200000000000045
2006-04-28,1,576,959,130.89,131.13,130.88,131.14,eod,0.2400000000000091,0.0018337408312959131,18.33740831295913,0.1799999999999784,1.3333333333335438
2006-05-01,1,579,600,131.64999999999998,131.42,131.64,131.44,stop,-0.22999999999998977,-0.0017471893041627908,-17.471893041627908,0.19999999999998863,-1.1500000000000141
2006-05-02,1,577,579,131.1,130.92,131.09,130.94,stop,-0.18000000000000682,-0.001373102448699419,-13.731024486994189,0.15000000000000568,-1.2
2006-05-03,1,577,584,131.32999999999998,131.12,131.32,131.14000000000001,stop,-0.20999999999997954,-0.0015991471215350255,-15.991471215350256,0.1799999999999784,-1.166666666666693
2006-05-04,1,575,751,131.39999999999998,131.02,131.39,131.04000000000002,stop,-0.37999999999996703,-0.002892153131897154,-28.92153131897154,0.3499999999999659,-1.0857142857142974
2006-05-05,1,575,610,132.20999999999998,131.87,132.2,131.89000000000001,stop,-0.339999999999975,-0.002571860816943835,-25.71860816943835,0.30999999999997385,-1.096774193548399
2006-05-08,1,575,658,132.60999999999999,132.43,132.6,132.45000000000002,stop,-0.1799999999999784,-0.0013574660633482534,-13.574660633482534,0.14999999999997726,-1.200000000000038
2006-05-09,1,581,959,132.45,132.52,132.44,132.53,eod,0.0700000000000216,0.0005285412262158079,5.285412262158079,0.13999999999998636,0.5000000000002031
2006-05-10,1,575,844,132.45999999999998,132.3,132.45,132.32000000000002,stop,-0.15999999999996817,-0.0012080030200073099,-12.080030200073098,0.12999999999996703,-1.2307692307692981
2006-05-11,-1,584,959,132.28000000000003,130.79,132.29000000000002,130.78,eod,1.4900000000000375,0.011263134023736014,112.63134023736013,0.2699999999999818,5.518518518519029
2006-05-12,-1,575,596,130.34000000000003,130.53,130.35000000000002,130.51,stop,-0.1899999999999693,-0.0014576141158417282,-14.576141158417283,0.15999999999996817,-1.1875000000000444
2006-05-15,1,575,831,129.01999999999998,128.72,129.01,128.74,stop,-0.29999999999998295,-0.0023254011316950853,-23.254011316950855,0.2699999999999818,-1.1111111111111227
2006-05-16,1,575,588,129.89,129.67,129.88,129.69,stop,-0.21999999999999886,-0.0016938712657837917,-16.938712657837918,0.18999999999999773,-1.157894736842113
2006-05-17,1,575,582,128.73999999999998,128.49,128.73,128.51000000000002,stop,-0.24999999999997158,-0.0019420492503687686,-19.420492503687687,0.21999999999997044,-1.1363636363636598
2006-05-18,1,576,615,127.66000000000001,127.27,127.65,127.28999999999999,stop,-0.3900000000000148,-0.0030552291421857797,-30.552291421857795,0.36000000000001364,-1.0833333333333333
2006-05-19,-1,575,591,126.68999999999998,126.95,126.69999999999999,126.93,stop,-0.2600000000000193,-0.0020520915548541386,-20.520915548541385,0.2300000000000182,-1.1304347826086902
2006-05-22,1,575,603,126.49000000000001,126.21,126.48,126.22999999999999,stop,-0.28000000000001535,-0.002213788741303094,-22.13788741303094,0.2500000000000142,-1.1199999999999977
2006-05-23,1,575,670,127.36000000000001,127.08,127.35000000000001,127.1,stop,-0.28000000000001535,-0.0021986650961917185,-21.986650961917185,0.2500000000000142,-1.1199999999999977
2006-05-24,-1,575,584,125.39999999999999,125.78,125.41,125.76,stop,-0.38000000000000966,-0.003030061398612628,-30.30061398612628,0.3500000000000085,-1.085714285714287
2006-05-25,-1,580,588,126.79999999999998,127.0,126.80999999999999,126.98,stop,-0.20000000000001705,-0.0015771626843310233,-15.771626843310234,0.17000000000001592,-1.1764705882352844
2006-05-26,-1,575,588,127.85999999999999,128.06,127.86999999999999,128.04,stop,-0.20000000000001705,-0.001564088527410785,-15.640885274107848,0.1700000000000017,-1.1764705882353825
2006-05-30,-1,583,959,127.69999999999999,126.30000000000001,127.71,126.29,eod,1.3999999999999773,0.010962336543731716,109.62336543731716,0.29999999999999716,4.666666666666635
2006-05-31,1,586,855,126.91000000000001,126.53,126.9,126.55,stop,-0.38000000000000966,-0.002994483845547751,-29.944838455477512,0.3500000000000085,-1.085714285714287
2006-06-01,1,576,959,127.42000000000002,128.81,127.41000000000001,128.82,eod,1.3899999999999864,0.010909661721999735,109.09661721999736,0.1500000000000199,9.266666666665346
2006-06-02,1,575,583,129.42999999999998,129.07,129.42,129.09,stop,-0.3599999999999852,-0.002781641168289177,-27.81641168289177,0.3299999999999841,-1.0909090909090988
2006-06-05,-1,576,959,128.63000000000002,126.91000000000001,128.64000000000001,126.9,eod,1.720000000000013,0.013370646766169255,133.70646766169256,0.22999999999998977,7.478260869565607
2006-06-06,-1,577,959,127.11999999999999,126.75,127.13,126.74,eod,0.36999999999999034,0.002910406670337374,29.10406670337374,0.2600000000000051,1.4230769230768578
2006-06-07,-1,576,603,126.79999999999998,126.99,126.80999999999999,126.97,stop,-0.19000000000001194,-0.0014983045501144386,-14.983045501144385,0.1600000000000108,-1.1874999999999944
2006-06-08,-1,575,577,125.41,125.64,125.42,125.62,stop,-0.23000000000000398,-0.0018338383033009407,-18.338383033009407,0.20000000000000284,-1.1500000000000035
2006-06-09,-1,575,588,126.14999999999999,126.45,126.16,126.43,stop,-0.30000000000001137,-0.0023779327837667357,-23.779327837667356,0.27000000000001023,-1.1111111111111112
2006-06-12,-1,575,585,125.68999999999998,125.93,125.69999999999999,125.91000000000001,stop,-0.2400000000000233,-0.0019093078758951737,-19.093078758951737,0.21000000000002217,-1.1428571428571332
2006-06-13,1,575,621,123.86000000000001,123.6,123.85000000000001,123.61999999999999,stop,-0.2600000000000193,-0.0020993136859105313,-20.993136859105313,0.2300000000000182,-1.1304347826086902
2006-06-14,1,575,798,123.33000000000001,122.73,123.32000000000001,122.75,stop,-0.6000000000000085,-0.004865390853065265,-48.65390853065265,0.5700000000000074,-1.0526315789473697
2006-06-15,1,575,959,124.08000000000001,125.99,124.07000000000001,126.0,eod,1.9099999999999824,0.015394535342951416,153.94535342951417,0.22000000000001307,8.681818181817587
2006-06-16,-1,576,581,125.11999999999999,125.37,125.13,125.35000000000001,stop,-0.2500000000000142,-0.001997922160952723,-19.97922160952723,0.22000000000001307,-1.1363636363636334
2006-06-19,1,575,583,125.46000000000001,125.27,125.45,125.28999999999999,stop,-0.19000000000001194,-0.001514547628537361,-15.14547628537361,0.1600000000000108,-1.1874999999999944
2006-06-20,-1,575,577,123.93999999999998,124.14,123.94999999999999,124.12,stop,-0.20000000000001705,-0.0016135538523599602,-16.135538523599603,0.17000000000001592,-1.1764705882352844
2006-06-21,1,578,959,124.26,125.11999999999999,124.25,125.13,eod,0.8599999999999852,0.006921529175050183,69.21529175050183,0.30000000000001137,2.8666666666665086
2006-06-22,1,578,603,124.98,124.71,124.97,124.72999999999999,stop,-0.27000000000001023,-0.002160518524445949,-21.60518524445949,0.2400000000000091,-1.125
2006-06-23,-1,578,597,124.1,124.37,124.11,124.35000000000001,stop,-0.27000000000001023,-0.0021754894851342375,-21.754894851342375,0.2400000000000091,-1.125
2006-06-26,1,575,579,124.69000000000001,124.42999999999999,124.68,124.44999999999999,stop,-0.2600000000000193,-0.0020853384664743287,-20.853384664743288,0.2300000000000182,-1.1304347826086902
2006-06-27,1,583,603,125.21000000000001,124.97,125.2,124.99,stop,-0.2400000000000091,-0.0019169329073483155,-19.169329073483155,0.21000000000000796,-1.1428571428571428
2006-06-28,-1,575,870,124.14999999999999,124.38,124.16,124.36,stop,-0.23000000000000398,-0.0018524484536082794,-18.524484536082795,0.20000000000000284,-1.1500000000000035
2006-06-29,1,585,959,125.37,127.21,125.36,127.22,eod,1.8399999999999892,0.014677728142948222,146.77728142948223,0.20000000000000284,9.199999999999815
2006-06-30,-1,575,959,127.44899999999998,127.0,127.45899999999999,126.99,eod,0.44899999999998386,0.003522701417710667,35.22701417710667,0.20100000000002183,2.2338308457708216
2006-07-03,-1,575,585,127.35,127.56,127.36,127.54,stop,-0.21000000000000796,-0.0016488693467337308,-16.488693467337306,0.18000000000000682,-1.1666666666666667
2006-07-05,-1,577,878,127.13999999999999,127.4,127.14999999999999,127.38000000000001,stop,-0.2600000000000193,-0.002044828942194411,-20.448289421944107,0.2300000000000182,-1.1304347826086902
2006-07-06,1,575,871,127.52000000000001,127.14,127.51,127.16,stop,-0.38000000000000966,-0.0029801584189476094,-29.801584189476095,0.3500000000000085,-1.085714285714287
2006-07-07,-1,575,582,126.91999999999999,127.27,126.92999999999999,127.25,stop,-0.3500000000000085,-0.0027574253525565946,-27.574253525565947,0.3200000000000074,-1.0937500000000013
2006-07-10,1,575,780,127.05000000000001,126.86,127.04,126.88,stop,-0.19000000000001194,-0.0014955919395466934,-14.955919395466934,0.1600000000000108,-1.1874999999999944
2006-07-11,-1,575,853,126.43999999999998,126.68,126.44999999999999,126.66000000000001,stop,-0.2400000000000233,-0.0018979833926454988,-18.979833926454987,0.21000000000002217,-1.1428571428571332
2006-07-12,1,575,581,127.36000000000001,127.12,127.35000000000001,127.14,stop,-0.2400000000000091,-0.0018845700824500124,-18.845700824500124,0.21000000000000796,-1.1428571428571428
2006-07-13,1,581,585,125.53000000000002,125.27,125.52000000000001,125.28999999999999,stop,-0.2600000000000193,-0.0020713830465266037,-20.71383046526604,0.2300000000000182,-1.1304347826086902
2006-07-14,-1,575,959,124.08999999999999,123.64,124.1,123.63,eod,0.44999999999998863,0.003626107977437459,36.26107977437459,0.17000000000001592,2.6470588235290973
2006-07-17,1,575,626,123.80000000000001,123.45,123.79,123.47,stop,-0.3500000000000085,-0.0028273689312546127,-28.27368931254613,0.3200000000000074,-1.0937500000000013
2006-07-18,1,577,607,123.91000000000001,123.67999999999999,123.9,123.69999999999999,stop,-0.2300000000000182,-0.0018563357546409862,-18.56335754640986,0.20000000000001705,-1.1499999999999928
2006-07-19,1,575,959,124.38000000000001,125.96,124.37,125.97,eod,1.579999999999984,0.012704028302645203,127.04028302645203,0.22000000000001307,7.1818181818176825
2006-07-20,1,577,584,126.29,126.06,126.28,126.08,stop,-0.23000000000000398,-0.0018213493823250235,-18.213493823250236,0.20000000000000284,-1.1500000000000035
2006-07-21,-1,575,959,124.85999999999999,124.12,124.86999999999999,124.11,eod,0.7399999999999807,0.005926163209737973,59.26163209737973,0.3100000000000165,2.3870967741933593
2006-07-24,1,583,959,124.84,126.11999999999999,124.83,126.13,eod,1.279999999999987,0.010253945365697244,102.53945365697244,0.4000000000000057,3.199999999999922
2006-07-25,-1,576,596,125.92999999999999,126.08,125.94,126.06,stop,-0.15000000000000568,-0.00119104335397813,-11.9104335397813,0.12000000000000455,-1.25
2006-07-26,-1,579,593,126.43999999999998,126.68,126.44999999999999,126.66000000000001,stop,-0.2400000000000233,-0.0018979833926454988,-18.979833926454987,0.21000000000002217,-1.1428571428571332
2006-07-27,1,581,593,127.62,127.28,127.61,127.3,stop,-0.3400000000000034,-0.002664367996238566,-26.64367996238566,0.3100000000000023,-1.0967741935483901
2006-07-28,-1,577,582,126.94999999999999,127.16,126.96,127.14,stop,-0.21000000000000796,-0.001654064272211783,-16.54064272211783,0.18000000000000682,-1.1666666666666667
2006-07-31,1,578,959,127.73,127.66,127.72,127.67,eod,-0.07000000000000739,-0.0005480739116818618,-5.480739116818618,1.1800000000000068,-0.059322033898311005
2006-08-01,-1,577,959,127.21,127.18,127.22,127.17,eod,0.029999999999986926,0.00023581197924844307,2.358119792484431,0.1700000000000017,0.17647058823521544
2006-08-02,1,575,959,127.73,127.91,127.72,127.92,eod,0.1799999999999926,0.0014093329157531522,14.093329157531523,0.18000000000000682,0.9999999999999211
2006-08-03,1,582,959,127.38000000000001,128.11,127.37,128.12,eod,0.730000000000004,0.005731333909083803,57.31333909083803,0.23000000000000398,3.1739130434782235
2006-08-04,1,577,592,129.1,128.88,129.09,128.9,stop,-0.21999999999999886,-0.0017042373537841727,-17.042373537841726,0.18999999999999773,-1.157894736842113
2006-08-07,-1,582,611,127.74,127.99,127.75,127.97,stop,-0.25,-0.0019569471624266144,-19.569471624266143,0.21999999999999886,-1.1363636363636422
2006-08-08,-1,578,854,128.00000000000003,128.2,128.01000000000002,128.17999999999998,stop,-0.1999999999999602,-0.001562377939223187,-15.62377939223187,0.16999999999995907,-1.1764705882353432
2006-08-09,-1,578,703,128.16000000000003,128.48,128.17000000000002,128.45999999999998,stop,-0.31999999999996476,-0.0024966840914407797,-24.966840914407797,0.2899999999999636,-1.1034482758620858
2006-08-10,-1,578,597,126.49,126.8,126.5,126.78,stop,-0.3100000000000023,-0.002450592885375512,-24.505928853755123,0.28000000000000114,-1.1071428571428608
2006-08-11,-1,577,589,127.02,127.21000000000001,127.03,127.19000000000001,stop,-0.19000000000001194,-0.0014957096748800436,-14.957096748800435,0.1600000000000108,-1.1874999999999944
2006-08-14,-1,577,668,127.6,127.8,127.61,127.78,stop,-0.20000000000000284,-0.0015672752919050454,-15.672752919050454,0.1700000000000017,-1.176470588235299
2006-08-15,-1,576,642,128.12,128.37,128.13,128.35,stop,-0.25,-0.0019511433700148287,-19.511433700148288,0.21999999999999886,-1.1363636363636422
2006-08-16,-1,586,654,129.16000000000003,129.43,129.17000000000002,129.41,stop,-0.2699999999999818,-0.0020902686382285496,-20.902686382285495,0.23999999999998067,-1.1250000000000149
2006-08-17,1,575,959,129.65999999999997,130.02,129.64999999999998,130.03,eod,0.36000000000004206,0.0027767065175475676,27.767065175475675,0.16999999999995907,2.1176470588242866
2006-08-18,-1,579,821,130.06000000000003,130.25,130.07000000000002,130.23,stop,-0.1899999999999693,-0.0014607519028213213,-14.607519028213213,0.15999999999996817,-1.1875000000000444
2006-08-21,-1,580,620,130.05,130.23,130.06,130.20999999999998,stop,-0.1799999999999784,-0.0013839766261723697,-13.839766261723696,0.14999999999997726,-1.200000000000038
2006-08-22,1,575,804,130.1,129.87,130.09,129.89000000000001,stop,-0.22999999999998977,-0.0017680067645475422,-17.68006764547542,0.19999999999998863,-1.1500000000000141
2006-08-23,1,575,608,130.26,130.09,130.25,130.11,stop,-0.1699999999999875,-0.0013051823416505757,-13.051823416505757,0.13999999999998636,-1.2142857142857433
2006-08-24,-1,576,959,129.97000000000003,129.89,129.98000000000002,129.88,eod,0.08000000000004093,0.0006154793045087007,6.154793045087008,0.12999999999996703,0.6153846153850863
2006-08-25,1,586,959,129.74999999999997,129.83,129.73999999999998,129.84,eod,0.08000000000004093,0.0006166178510871045,6.166178510871045,0.1999999999999602,0.40000000000028424
2006-08-28,1,575,959,129.85,130.47,129.84,130.48,eod,0.6200000000000045,0.004775107825015439,47.751078250154386,0.21000000000000796,2.952380952380862
2006-08-29,-1,575,920,130.4,130.57,130.41,130.54999999999998,stop,-0.1699999999999875,-0.0013035810137258454,-13.035810137258453,0.13999999999998636,-1.2142857142857433
2006-08-30,-1,576,621,130.82000000000002,130.97,130.83,130.95,stop,-0.14999999999997726,-0.0011465260261406195,-11.465260261406195,0.11999999999997613,-1.2500000000000593
2006-08-31,1,580,596,130.89999999999998,130.69,130.89,130.71,stop,-0.20999999999997954,-0.0016044006417601005,-16.044006417601004,0.1799999999999784,-1.166666666666693
2006-09-01,1,575,584,131.29999999999998,131.09,131.29,131.11,stop,-0.20999999999997954,-0.0015995125295146587,-15.995125295146586,0.1799999999999784,-1.166666666666693
2006-09-05,-1,577,619,131.35000000000002,131.57,131.36,131.54999999999998,stop,-0.21999999999997044,-0.0016747868453103716,-16.747868453103717,0.1899999999999693,-1.1578947368421368
2006-09-06,-1,586,959,131.02,130.42999999999998,131.03,130.42,eod,0.5900000000000318,0.0045027856216136135,45.027856216136136,0.13999999999998636,4.214285714286352
2006-09-07,1,575,585,130.15999999999997,130.02,130.14999999999998,130.04000000000002,stop,-0.13999999999995794,-0.001075681905493338,-10.75681905493338,0.1099999999999568,-1.2727272727273902
2006-09-08,-1,575,583,130.03000000000003,130.18,130.04000000000002,130.16,stop,-0.14999999999997726,-0.0011534912334664506,-11.534912334664506,0.11999999999997613,-1.2500000000000593
2006-09-11,1,577,587,129.98999999999998,129.77,129.98,129.79000000000002,stop,-0.21999999999997044,-0.001692568087397834,-16.92568087397834,0.1899999999999693,-1.1578947368421368
2006-09-12,1,589,959,130.73,131.63,130.72,131.64,eod,0.9000000000000057,0.00688494492044068,68.8494492044068,0.18999999999999773,4.736842105263245
2006-09-13,1,579,959,131.7,132.22,131.69,132.23,eod,0.5200000000000102,0.003948667324777965,39.486673247779656,0.1799999999999784,2.8888888888892925
2006-09-14,-1,577,870,131.92000000000002,132.2,131.93,132.17999999999998,stop,-0.2799999999999727,-0.0021223376032742567,-21.223376032742568,0.24999999999997158,-1.120000000000018
2006-09-15,-1,578,616,132.09000000000003,132.37,132.10000000000002,132.35,stop,-0.2799999999999727,-0.0021196063588188696,-21.196063588188697,0.24999999999997158,-1.120000000000018
2006-09-18,1,581,959,131.85999999999999,132.02,131.85,132.03,eod,0.160000000000025,0.0012135001896095945,12.135001896095945,0.20999999999997954,0.7619047619049553
2006-09-19,1,575,576,132.14999999999998,131.98,132.14,132.0,stop,-0.1699999999999875,-0.0012865143030118624,-12.865143030118624,0.13999999999998636,-1.2142857142857433
2006-09-20,-1,580,585,132.23000000000002,132.38,132.24,132.35999999999999,stop,-0.14999999999997726,-0.0011343012704172508,-11.343012704172507,0.11999999999997613,-1.2500000000000593
2006-09-21,1,575,589,132.63,132.5,132.62,132.52,stop,-0.12999999999999545,-0.000980244307042644,-9.80244307042644,0.09999999999999432,-1.3000000000000285
2006-09-22,-1,577,959,131.53000000000003,131.41,131.54000000000002,131.4,eod,0.12000000000003297,0.0009122700319297016,9.122700319297016,0.14999999999997726,0.8000000000003411
2006-09-25,1,580,588,131.85999999999999,131.69,131.85,131.71,stop,-0.1699999999999875,-0.0012893439514598977,-12.893439514598978,0.13999999999998636,-1.2142857142857433
2006-09-26,1,580,959,132.55999999999997,133.53,132.54999999999998,133.54,eod,0.9700000000000273,0.007317993210109599,73.17993210109599,0.15999999999996817,6.062500000001377
2006-09-27,1,575,579,133.57999999999998,133.44,133.57,133.46,stop,-0.13999999999998636,-0.0010481395522945749,-10.481395522945748,0.10999999999998522,-1.2727272727273198
2006-09-28,1,577,585,133.89999999999998,133.69,133.89,133.71,stop,-0.20999999999997954,-0.0015684517140935063,-15.684517140935064,0.1799999999999784,-1.166666666666693
2006-09-29,-1,575,580,133.75000000000003,133.9099,133.76000000000002,133.88989999999998,stop,-0.15989999999996485,-0.0011954246411480624,-11.954246411480625,0.1298999999999637,-1.2309468822171634
2006-10-02,-1,575,604,133.44000000000003,133.59,133.45000000000002,133.57,stop,-0.14999999999997726,-0.0011240164855749512,-11.240164855749512,0.11999999999997613,-1.2500000000000593
2006-10-03,-1,575,635,132.84000000000003,133.02,132.85000000000002,133.0,stop,-0.1799999999999784,-0.0013549115543844816,-13.549115543844815,0.14999999999997726,-1.200000000000038
2006-10-04,1,579,597,133.35999999999999,133.13,133.35,133.15,stop,-0.22999999999998977,-0.0017247844019496795,-17.247844019496796,0.19999999999998863,-1.1500000000000141
2006-10-05,1,576,610,135.02999999999997,134.82,135.01999999999998,134.84,stop,-0.20999999999997954,-0.0015553251370165869,-15.553251370165869,0.1799999999999784,-1.166666666666693
2006-10-06,-1,575,879,134.65,135.03,134.66,135.01,stop,-0.37999999999999545,-0.0028219218773206257,-28.219218773206258,0.3499999999999943,-1.0857142857142903
2006-10-09,-1,581,696,134.8,135.03,134.81,135.01,stop,-0.22999999999998977,-0.0017061048883613215,-17.061048883613214,0.19999999999998863,-1.1500000000000141
2006-10-10,1,578,597,135.2,135.0,135.19,135.02,stop,-0.19999999999998863,-0.0014793993638581894,-14.793993638581894,0.1699999999999875,-1.1764705882353137
2006-10-11,1,576,876,134.89,134.73,134.88,134.75,stop,-0.1599999999999966,-0.0011862396204032962,-11.862396204032962,0.12999999999999545,-1.2307692307692475
2006-10-12,1,578,584,135.6,135.4,135.59,135.42000000000002,stop,-0.19999999999998863,-0.001475035032081928,-14.75035032081928,0.1699999999999875,-1.1764705882353137
2006-10-13,1,580,603,136.26999999999998,136.08,136.26,136.10000000000002,stop,-0.1899999999999693,-0.00139439307206788,-13.9439307206788,0.15999999999996817,-1.1875000000000444
2006-10-16,1,588,959,136.57,136.88,136.56,136.89,eod,0.3100000000000023,0.002270064440538974,22.70064440538974,0.15000000000000568,2.0666666666666034
2006-10-17,-1,579,904,136.31000000000003,136.5,136.32000000000002,136.48,stop,-0.1899999999999693,-0.0013937793427227793,-13.937793427227794,0.15999999999996817,-1.1875000000000444
2006-10-18,1,575,600,137.2,136.99,137.19,137.01000000000002,stop,-0.20999999999997954,-0.0015307238136888952,-15.307238136888952,0.1799999999999784,-1.166666666666693
2006-10-19,-1,575,593,136.29000000000002,136.48,136.3,136.45999999999998,stop,-0.1899999999999693,-0.0013939838591340372,-13.939838591340372,0.15999999999996817,-1.1875000000000444
2006-10-23,-1,577,581,136.42000000000002,136.61,136.43,136.59,stop,-0.18999999999999773,-0.0013926555742871634,-13.926555742871635,0.1599999999999966,-1.187500000000011
2006-10-24,1,577,959,137.38,137.76000000000002,137.37,137.77,eod,0.3800000000000239,0.002766251728907504,27.66251728907504,0.1599999999999966,2.3750000000002
2006-10-25,1,575,750,137.88,137.68,137.87,137.70000000000002,stop,-0.19999999999998863,-0.0014506419090446697,-14.506419090446698,0.1699999999999875,-1.1764705882353137
2006-10-26,-1,576,829,138.64000000000001,138.76,138.65,138.73999999999998,stop,-0.11999999999997613,-0.0008654886404614217,-8.654886404614217,0.08999999999997499,-1.3333333333334385
2006-10-27,-1,576,674,138.35000000000002,138.66,138.36,138.64,stop,-0.30999999999997385,-0.0022405319456488423,-22.40531945648842,0.2799999999999727,-1.1071428571428716
2006-10-30,1,576,595,137.73999999999998,137.56,137.73,137.58,stop,-0.1799999999999784,-0.0013069048137659073,-13.069048137659074,0.14999999999997726,-1.200000000000038
2006-10-31,-1,581,959,138.03000000000003,137.79,138.04000000000002,137.78,eod,0.24000000000003752,0.0017386264850770608,17.38626485077061,0.22999999999996135,1.0434782608699038
2006-11-01,-1,576,586,138.16000000000003,138.3,138.17000000000002,138.28,stop,-0.13999999999998636,-0.0010132445538104243,-10.132445538104243,0.10999999999998522,-1.2727272727273198
2006-11-02,1,579,586,136.67999999999998,136.43,136.67,136.45000000000002,stop,-0.24999999999997158,-0.0018292236774710734,-18.292236774710734,0.21999999999997044,-1.1363636363636598
2006-11-03,-1,578,959,137.18,136.62,137.19,136.61,eod,0.5600000000000023,0.004081930169837468,40.81930169837468,0.20999999999997954,2.6666666666669374
2006-11-06,-1,587,592,136.94000000000003,137.13,136.95000000000002,137.10999999999999,stop,-0.1899999999999693,-0.001387367652427669,-13.87367652427669,0.15999999999996817,-1.1875000000000444
2006-11-07,1,579,959,138.26,138.43,138.25,138.44,eod,0.17000000000001592,0.0012296564195299524,12.296564195299524,0.2599999999999909,0.6538461538462379
2006-11-08,-1,575,582,137.81000000000003,138.07,137.82000000000002,138.04999999999998,stop,-0.2599999999999625,-0.001886518647510974,-18.86518647510974,0.22999999999996135,-1.1304347826087224
2006-11-09,-1,581,587,138.85000000000002,139.08,138.86,139.06,stop,-0.22999999999998977,-0.0016563445196600155,-16.563445196600153,0.19999999999998863,-1.1500000000000141
2006-11-10,-1,580,601,138.11,138.31,138.12,138.29,stop,-0.19999999999998863,-0.0014480162177815568,-14.480162177815568,0.1699999999999875,-1.1764705882353137
2006-11-13,-1,575,578,138.09000000000003,138.23,138.10000000000002,138.20999999999998,stop,-0.13999999999995794,-0.0010137581462705135,-10.137581462705135,0.1099999999999568,-1.2727272727273902
2006-11-14,-1,577,882,138.91000000000003,139.12,138.92000000000002,139.1,stop,-0.20999999999997954,-0.0015116613878489744,-15.116613878489744,0.1799999999999784,-1.166666666666693
2006-11-15,1,576,959,139.7,139.96,139.69,139.97,eod,0.2600000000000193,0.0018612642279334192,18.612642279334192,0.1699999999999875,1.5294117647061085
2006-11-16,-1,581,635,140.31000000000003,140.5,140.32000000000002,140.48,stop,-0.1899999999999693,-0.001354047890535699,-13.54047890535699,0.15999999999996817,-1.1875000000000444
2006-11-17,-1,575,592,139.78000000000003,139.99,139.79000000000002,139.97,stop,-0.20999999999997954,-0.0015022533800699586,-15.022533800699586,0.1799999999999784,-1.166666666666693
2006-11-20,1,575,579,140.35,140.19,140.34,140.21,stop,-0.1599999999999966,-0.0011400883568476313,-11.400883568476313,0.12999999999999545,-1.2307692307692475
2006-11-21,-1,575,577,140.4,140.55,140.41,140.53,stop,-0.15000000000000568,-0.001068299978634041,-10.68299978634041,0.12000000000000455,-1.25
2006-11-22,1,577,607,140.82999999999998,140.62,140.82,140.64000000000001,stop,-0.20999999999997954,-0.0014912654452491091,-14.912654452491092,0.1799999999999784,-1.166666666666693
2006-11-24,1,575,795,140.32999999999998,140.34,140.32,140.35,eod,0.010000000000019327,7.126567844939657e-05,0.7126567844939657,0.12999999999999545,0.07692307692322828
2006-11-27,1,578,589,140.29999999999998,140.13,140.29,140.15,stop,-0.1699999999999875,-0.0012117756076697377,-12.117756076697377,0.13999999999998636,-1.2142857142857433
2006-11-28,1,575,580,138.44,138.17,138.43,138.19,stop,-0.27000000000001023,-0.0019504442678610866,-19.504442678610864,0.2400000000000091,-1.125
2006-11-29,1,576,959,139.64999999999998,140.35000000000002,139.64,140.36,eod,0.7000000000000455,0.005012890289315708,50.12890289315708,0.22999999999998977,3.0434782608698985
2006-11-30,-1,581,595,140.38000000000002,140.62,140.39000000000001,140.6,stop,-0.23999999999998067,-0.001709523470332507,-17.09523470332507,0.20999999999997954,-1.1428571428571621
2006-12-01,1,576,596,140.6,140.43,140.59,140.45000000000002,stop,-0.1699999999999875,-0.0012091898428052315,-12.091898428052314,0.13999999999998636,-1.2142857142857433
2006-12-04,1,575,959,140.43999999999997,141.32000000000002,140.42999999999998,141.33,eod,0.8800000000000523,0.0062664672790717964,62.664672790717965,0.20999999999997954,4.190476190476848
2006-12-05,-1,582,600,141.34000000000003,141.63,141.35000000000002,141.60999999999999,stop,-0.2899999999999636,-0.0020516448532010155,-20.516448532010156,0.2599999999999625,-1.1153846153846365
2006-12-06,-1,576,621,141.71,141.91,141.72,141.89,stop,-0.19999999999998863,-0.0014112334180072582,-14.112334180072581,0.1699999999999875,-1.1764705882353137
2006-12-07,1,575,603,142.19,141.93,142.18,141.95000000000002,stop,-0.2599999999999909,-0.0018286678857785264,-18.286678857785265,0.22999999999998977,-1.1304347826087064
2006-12-08,1,575,601,141.24999999999997,140.98,141.23999999999998,141.0,stop,-0.2699999999999818,-0.0019116397621069233,-19.116397621069233,0.23999999999998067,-1.1250000000000149
2006-12-11,1,575,577,141.57,141.39,141.56,141.41,stop,-0.18000000000000682,-0.001271545634360037,-12.71545634360037,0.15000000000000568,-1.2
2006-12-12,1,579,605,141.73,141.56,141.72,141.58,stop,-0.1699999999999875,-0.0011995484053061495,-11.995484053061494,0.13999999999998636,-1.2142857142857433
2006-12-13,-1,576,959,142.12,141.85,142.13,141.84,eod,0.27000000000001023,0.0018996693168226992,18.996693168226994,0.21000000000000796,1.2857142857142858
2006-12-14,1,580,959,142.02999999999997,142.97,142.01999999999998,142.98,eod,0.9400000000000261,0.006618786086466879,66.18786086466879,0.1899999999999693,4.947368421053569
2006-12-15,-1,578,638,142.58,142.8,142.59,142.78,stop,-0.21999999999999886,-0.0015428851953152316,-15.428851953152316,0.18999999999999773,-1.157894736842113
2006-12-18,-1,576,585,142.51000000000002,142.63,142.52,142.60999999999999,stop,-0.11999999999997613,-0.0008419870895311263,-8.419870895311263,0.08999999999997499,-1.3333333333334385
2006-12-19,-1,575,594,141.41000000000003,141.61,141.42000000000002,141.59,stop,-0.19999999999998863,-0.0014142271248761746,-14.142271248761746,0.1699999999999875,-1.1764705882353137
2006-12-20,-1,577,582,142.26000000000002,142.4,142.27,142.38,stop,-0.13999999999998636,-0.0009840444225766947,-9.840444225766946,0.10999999999998522,-1.2727272727273198
2006-12-21,1,583,618,142.32999999999998,142.14,142.32,142.16,stop,-0.18999999999999773,-0.001335019673974127,-13.35019673974127,0.1599999999999966,-1.187500000000011
2006-12-22,-1,575,959,141.52,140.85999999999999,141.53,140.85,eod,0.660000000000025,0.004663322263831166,46.633222638311665,0.12999999999999545,5.076923076923447
2006-12-26,1,583,959,140.98999999999998,141.53,140.98,141.54,eod,0.5400000000000205,0.003830330543339626,38.30330543339626,0.20999999999997954,2.5714285714289193
2006-12-27,1,575,959,142.13,142.58,142.12,142.59,eod,0.45000000000001705,0.003166338305657311,31.66338305657311,0.29999999999998295,1.500000000000142
2006-12-28,1,575,584,142.45,142.32,142.44,142.34,stop,-0.12999999999999545,-0.0009126649817466684,-9.126649817466685,0.09999999999999432,-1.3000000000000285
2006-12-29,1,575,872,142.13,141.94,142.12,141.96,stop,-0.18999999999999773,-0.001336898395721909,-13.36898395721909,0.1599999999999966,-1.187500000000011
2007-01-03,1,579,843,142.32999999999998,141.9,142.32,141.92000000000002,stop,-0.4299999999999784,-0.003021360314783435,-30.21360314783435,0.39999999999997726,-1.075000000000007
2007-01-04,-1,577,651,141.02,141.53,141.03,141.51,stop,-0.5099999999999909,-0.0036162518613060404,-36.162518613060406,0.47999999999998977,-1.0625000000000038
2007-01-05,-1,577,959,141.07000000000002,140.76999999999998,141.08,140.76,eod,0.3000000000000398,0.0021264530762690657,21.264530762690658,0.31999999999996476,0.9375000000002276
2007-01-08,-1,575,681,140.65,140.92,140.66,140.89999999999998,stop,-0.2699999999999818,-0.0019195222522393133,-19.195222522393134,0.23999999999998067,-1.1250000000000149
2007-01-09,-1,575,579,141.22000000000003,141.44,141.23000000000002,141.42,stop,-0.21999999999997044,-0.001557742689230124,-15.577426892301238,0.1899999999999693,-1.1578947368421368
2007-01-10,-1,575,601,140.50000000000003,140.75,140.51000000000002,140.73,stop,-0.24999999999997158,-0.0017792327948186715,-17.792327948186717,0.21999999999997044,-1.1363636363636598
2007-01-11,1,577,959,141.65999999999997,142.26000000000002,141.64999999999998,142.27,eod,0.6000000000000512,0.004235792446170499,42.357924461705,0.15999999999996817,3.750000000001066
2007-01-12,1,578,959,142.39999999999998,142.95000000000002,142.39,142.96,eod,0.5500000000000398,0.0038626308027251903,38.6263080272519,0.2899999999999636,1.896551724138306
2007-01-16,1,577,605,143.17,142.94,143.16,142.96,stop,-0.22999999999998977,-0.0016065940206760952,-16.065940206760953,0.19999999999998863,-1.1500000000000141
2007-01-17,1,577,633,142.96999999999997,142.76,142.95999999999998,142.78,stop,-0.20999999999997954,-0.0014689423614995772,-14.689423614995773,0.1799999999999784,-1.166666666666693
2007-01-18,-1,578,594,143.04000000000002,143.25,143.05,143.23,stop,-0.20999999999997954,-0.0014680181754629816,-14.680181754629816,0.1799999999999784,-1.166666666666693
2007-01-19,1,578,959,142.64,142.93,142.63,142.94,eod,0.29000000000002046,0.002033232840216087,20.332328402160872,0.1799999999999784,1.611111111111418
2007-01-22,-1,575,959,142.93,142.20999999999998,142.94,142.2,eod,0.7200000000000273,0.005037078494473397,50.37078494473397,0.1699999999999875,4.2352941176475305
2007-01-23,-1,579,597,142.18,142.45,142.19,142.42999999999998,stop,-0.2699999999999818,-0.001898867712215921,-18.98867712215921,0.23999999999998067,-1.1250000000000149
2007-01-24,1,583,959,143.14,143.9,143.13,143.91,eod,0.7600000000000193,0.005309858170893729,53.09858170893729,0.22999999999998977,3.3043478260871875
2007-01-25,-1,585,959,143.74,142.35999999999999,143.75,142.35,eod,1.3800000000000239,0.009600000000000166,96.00000000000166,0.1799999999999784,7.6666666666677195
2007-01-26,-1,575,959,142.51000000000002,142.2,142.52,142.19,eod,0.3100000000000307,0.0021751333146227242,21.751333146227243,0.13999999999998636,2.214285714286149
2007-01-29,-1,575,580,142.11,142.25,142.12,142.23,stop,-0.13999999999998636,-0.0009850830284265856,-9.850830284265855,0.10999999999998522,-1.2727272727273198
2007-01-30,1,575,578,142.38,142.21,142.37,142.23000000000002,stop,-0.1699999999999875,-0.0011940717847860327,-11.940717847860327,0.13999999999998636,-1.2142857142857433
2007-01-31,-1,577,624,142.56000000000003,142.7,142.57000000000002,142.67999999999998,stop,-0.13999999999995794,-0.000981973767271922,-9.819737672719219,0.1099999999999568,-1.2727272727273902
2007-02-01,1,575,613,144.23999999999998,144.02,144.23,144.04000000000002,stop,-0.21999999999997044,-0.001525341468487627,-15.25341468487627,0.1899999999999693,-1.1578947368421368
2007-02-02,-1,575,585,144.68,144.82,144.69,144.79999999999998,stop,-0.13999999999998636,-0.0009675858732461563,-9.675858732461563,0.10999999999998522,-1.2727272727273198
2007-02-05,-1,575,584,144.58,144.75,144.59,144.73,stop,-0.1699999999999875,-0.0011757382944877757,-11.757382944877756,0.13999999999998636,-1.2142857142857433
2007-02-06,-1,575,582,144.77,145.0,144.78,144.98,stop,-0.22999999999998977,-0.0015886172123220732,-15.886172123220732,0.19999999999998863,-1.1500000000000141
2007-02-07,-1,576,622,145.01000000000002,145.22,145.02,145.2,stop,-0.20999999999997954,-0.001448076127430558,-14.48076127430558,0.1799999999999784,-1.166666666666693
2007-02-08,-1,583,787,144.63000000000002,144.87,144.64000000000001,144.85,stop,-0.23999999999998067,-0.0016592920353980963,-16.59292035398096,0.20999999999997954,-1.1428571428571621
2007-02-09,1,575,620,145.18999999999997,145.01,145.17999999999998,145.03,stop,-0.1799999999999784,-0.0012398401983742832,-12.398401983742833,0.14999999999997726,-1.200000000000038
2007-02-12,-1,577,959,143.88000000000002,143.42999999999998,143.89000000000001,143.42,eod,0.4500000000000455,0.003127388977691608,31.27388977691608,0.15999999999996817,2.8125000000008438
2007-02-13,1,575,959,143.95999999999998,144.51000000000002,143.95,144.52,eod,0.5500000000000398,0.0038207711010770397,38.207711010770396,0.19999999999998863,2.7500000000003553
2007-02-14,1,575,959,144.90999999999997,145.63,144.89999999999998,145.64,eod,0.7200000000000273,0.004968944099379071,49.68944099379071,0.12999999999996703,5.538461538463153
2007-02-15,1,576,577,145.68999999999997,145.58,145.67999999999998,145.60000000000002,stop,-0.1099999999999568,-0.0007550796265785064,-7.550796265785064,0.07999999999995566,-1.375000000000222
2007-02-16,1,575,588,145.51999999999998,145.35999999999999,145.51,145.38,stop,-0.1599999999999966,-0.0010995807848257618,-10.995807848257618,0.12999999999999545,-1.2307692307692475
2007-02-20,-1,577,676,145.49,145.65,145.5,145.63,stop,-0.1599999999999966,-0.0010996563573882926,-10.996563573882927,0.12999999999999545,-1.2307692307692475
2007-02-21,1,576,594,145.65999999999997,145.48,145.64999999999998,145.5,stop,-0.1799999999999784,-0.0012358393408855367,-12.358393408855367,0.14999999999997726,-1.200000000000038
2007-02-22,1,588,617,146.23999999999998,146.01,146.23,146.03,stop,-0.22999999999998977,-0.0015728646652532982,-15.728646652532982,0.19999999999998863,-1.1500000000000141
2007-02-23,-1,575,959,145.62,145.37,145.63,145.36,eod,0.25,0.0017166792556478749,17.16679255647875,0.1699999999999875,1.4705882352942259
2007-02-26,1,578,591,145.95,145.76,145.94,145.78,stop,-0.18999999999999773,-0.0013019048924215275,-13.019048924215275,0.14999999999997726,-1.2666666666668436
2007-02-27,-1,575,959,143.64000000000001,140.01,143.65,140.0,eod,3.630000000000024,0.02526975287156299,252.69752871562991,0.2799999999999727,12.964285714287064
2007-02-28,1,575,582,140.80999999999997,140.27,140.79999999999998,140.29000000000002,stop,-0.5399999999999636,-0.0038352272727270147,-38.35227272727015,0.5099999999999625,-1.0588235294117712
2007-03-01,1,600,959,139.43999999999997,140.58,139.42999999999998,140.59,eod,1.1400000000000432,0.00817614573621203,81.7614573621203,1.2499999999999716,0.9120000000000553
2007-03-02,-1,575,581,139.91000000000003,140.29,139.92000000000002,140.26999999999998,stop,-0.37999999999996703,-0.002715837621497763,-27.15837621497763,0.3499999999999659,-1.0857142857142974
2007-03-05,1,576,954,138.14,137.79,138.13,137.81,stop,-0.3499999999999943,-0.002533844928690323,-25.33844928690323,0.3199999999999932,-1.0937500000000056
2007-03-06,1,575,609,139.04,138.71,139.03,138.73000000000002,stop,-0.3299999999999841,-0.002373588434150788,-23.73588434150788,0.29999999999998295,-1.1000000000000094
2007-03-07,1,575,664,139.85999999999999,139.55,139.85,139.57000000000002,stop,-0.30999999999997385,-0.002216660707901136,-22.166607079011357,0.2799999999999727,-1.1071428571428716
2007-03-08,1,577,874,140.67999999999998,140.45,140.67,140.47,stop,-0.22999999999998977,-0.0016350323452050174,-16.350323452050173,0.19999999999998863,-1.1500000000000141
2007-03-09,-1,576,959,141.27,140.63,141.28,140.62,eod,0.6400000000000148,0.004530011325028417,45.30011325028417,0.14999999999997726,4.266666666667412
2007-03-12,1,576,589,140.6,140.35,140.59,140.37,stop,-0.25,-0.0017782203570666476,-17.782203570666475,0.21999999999999886,-1.1363636363636422
2007-03-13,1,578,736,140.32,139.99,140.31,140.01000000000002,stop,-0.3299999999999841,-0.0023519350010689478,-23.51935001068948,0.29999999999998295,-1.1000000000000094
2007-03-14,1,580,590,138.82,138.35,138.81,138.37,stop,-0.46999999999999886,-0.0033859232043800796,-33.859232043800795,0.4399999999999977,-1.068181818181821
2007-03-15,1,575,580,139.15999999999997,138.91,139.14999999999998,138.93,stop,-0.24999999999997158,-0.0017966223499818299,-17.966223499818298,0.21999999999997044,-1.1363636363636598
2007-03-16,-1,575,589,139.04000000000002,139.35,139.05,139.32999999999998,stop,-0.30999999999997385,-0.0022294138798991284,-22.294138798991284,0.2799999999999727,-1.1071428571428716
2007-03-19,1,575,608,139.49999999999997,139.23,139.48999999999998,139.25,stop,-0.2699999999999818,-0.0019356226252776677,-19.356226252776676,0.23999999999998067,-1.1250000000000149
2007-03-20,1,575,959,140.14999999999998,140.92000000000002,140.14,140.93,eod,0.7700000000000387,0.005494505494505771,54.945054945057706,0.1899999999999693,4.052631578948227
2007-03-21,-1,578,820,141.02,141.29,141.03,141.26999999999998,stop,-0.2699999999999818,-0.0019144862795148678,-19.14486279514868,0.23999999999998067,-1.1250000000000149
2007-03-22,-1,576,580,143.3,143.55,143.31,143.53,stop,-0.25,-0.0017444700300048846,-17.444700300048847,0.21999999999999886,-1.1363636363636422
2007-03-23,1,578,959,143.36999999999998,143.48000000000002,143.35999999999999,143.49,eod,0.11000000000004206,0.0007672991071431506,7.672991071431507,0.21999999999997044,0.5000000000002583
2007-03-26,-1,582,946,143.27,143.56,143.28,143.54,stop,-0.28999999999999204,-0.002024008933556617,-20.240089335566168,0.2599999999999909,-1.1153846153846239
2007-03-27,-1,576,959,142.86,142.72,142.87,142.71,eod,0.14000000000001478,0.000979911807937389,9.79911807937389,0.29999999999998295,0.46666666666674245
2007-03-28,-1,576,739,142.09000000000003,142.36,142.10000000000002,142.34,stop,-0.2699999999999818,-0.0019000703729766487,-19.00070372976649,0.23999999999998067,-1.1250000000000149
2007-03-29,-1,578,959,142.38000000000002,142.13,142.39000000000001,142.12,eod,0.2500000000000284,0.0017557412739660678,17.557412739660677,0.22999999999998977,1.0869565217393025
2007-03-30,-1,576,581,142.13000000000002,142.28,142.14000000000001,142.26,stop,-0.14999999999997726,-0.0010552975939213257,-10.552975939213256,0.11999999999997613,-1.2500000000000593
2007-04-02,-1,581,911,142.11,142.37,142.12,142.35,stop,-0.2599999999999909,-0.0018294399099352018,-18.294399099352017,0.22999999999998977,-1.1304347826087064
2007-04-03,-1,577,582,142.91,143.06,142.92,143.04,stop,-0.15000000000000568,-0.001049538203190636,-10.49538203190636,0.12000000000000455,-1.25
2007-04-04,1,577,600,143.71999999999997,143.41,143.70999999999998,143.43,stop,-0.30999999999997385,-0.0021571219817686582,-21.571219817686583,0.2799999999999727,-1.1071428571428716
2007-04-05,1,585,959,143.71999999999997,144.27,143.70999999999998,144.28,eod,0.5500000000000398,0.003827151903138542,38.27151903138542,0.1099999999999568,5.000000000002325
2007-04-09,-1,575,759,144.51000000000002,144.71,144.52,144.69,stop,-0.19999999999998863,-0.0013838915029060934,-13.838915029060935,0.1699999999999875,-1.1764705882353137
2007-04-10,1,575,959,144.48999999999998,144.79000000000002,144.48,144.8,eod,0.3000000000000398,0.002076411960133166,20.764119601331657,0.21999999999997044,1.3636363636367277
2007-04-11,-1,575,959,144.67000000000002,143.84,144.68,143.83,eod,0.8300000000000125,0.0057367984517556845,57.36798451755684,0.18999999999999773,4.368421052631697
2007-04-12,-1,575,626,143.66000000000003,143.92,143.67000000000002,143.89999999999998,stop,-0.2599999999999625,-0.0018097027911182742,-18.097027911182742,0.22999999999996135,-1.1304347826087224
2007-04-13,-1,600,713,144.65,145.02,144.66,145.0,stop,-0.37000000000000455,-0.0025577215539886945,-25.577215539886947,0.3400000000000034,-1.0882352941176494
2007-04-16,1,575,959,146.04999999999998,146.77,146.04,146.78,eod,0.7200000000000273,0.004930156121610705,49.30156121610705,0.22999999999998977,3.1304347826089534
2007-04-17,1,576,580,147.01999999999998,146.83,147.01,146.85000000000002,stop,-0.1899999999999693,-0.0012924290864564948,-12.924290864564949,0.15999999999996817,-1.1875000000000444
2007-04-18,1,576,959,146.82999999999998,147.14000000000001,146.82,147.15,eod,0.3100000000000307,0.002111428960632276,21.114289606322757,0.2599999999999909,1.1923076923078522
2007-04-19,1,588,959,146.64999999999998,147.02,146.64,147.03,eod,0.37000000000003297,0.0025231860338245566,25.231860338245568,0.2899999999999636,1.275862068965791
2007-04-20,1,575,602,148.42999999999998,148.07,148.42,148.09,stop,-0.3599999999999852,-0.0024255491173695272,-24.255491173695273,0.3299999999999841,-1.0909090909090988
2007-04-23,1,584,822,148.60999999999999,148.18,148.6,148.20000000000002,stop,-0.4299999999999784,-0.0028936742934049693,-28.936742934049693,0.39999999999997726,-1.075000000000007
2007-04-24,1,576,578,148.29999999999998,148.09,148.29,148.11,stop,-0.20999999999997954,-0.0014161440420795708,-14.161440420795708,0.1799999999999784,-1.166666666666693
2007-04-25,1,575,579,148.85,148.65,148.84,148.67000000000002,stop,-0.19999999999998863,-0.0013437248051598267,-13.437248051598267,0.1699999999999875,-1.1764705882353137
2007-04-26,1,577,586,149.60999999999999,149.4,149.6,149.42000000000002,stop,-0.20999999999997954,-0.0014037433155078846,-14.037433155078846,0.1799999999999784,-1.166666666666693
2007-04-27,-1,580,600,148.95000000000002,149.26,148.96,149.23999999999998,stop,-0.30999999999997385,-0.0020810955961330143,-20.810955961330144,0.2799999999999727,-1.1071428571428716
2007-04-30,-1,575,639,149.43,149.7,149.44,149.67999999999998,stop,-0.2699999999999818,-0.0018067451820127263,-18.067451820127264,0.23999999999998067,-1.1250000000000149
2007-05-01,-1,578,600,148.50000000000003,148.71,148.51000000000002,148.69,stop,-0.20999999999997954,-0.0014140461921754732,-14.140461921754731,0.1799999999999784,-1.166666666666693
2007-05-02,1,575,959,149.01,149.62,149.0,149.63,eod,0.6100000000000136,0.004093959731543716,40.939597315437155,0.2599999999999909,2.346153846153981
2007-05-03,-1,577,600,149.89000000000001,150.08,149.9,150.06,stop,-0.18999999999999773,-0.001267511674449618,-12.67511674449618,0.1599999999999966,-1.187500000000011
2007-05-04,-1,577,583,150.57000000000002,150.82,150.58,150.79999999999998,stop,-0.24999999999997158,-0.0016602470447600714,-16.602470447600716,0.21999999999997044,-1.1363636363636598
2007-05-07,1,575,959,150.98,150.95000000000002,150.97,150.96,eod,-0.029999999999972715,-0.00019871497648521371,-1.9871497648521372,0.1699999999999875,-0.1764705882351466
2007-05-08,1,578,587,150.6,150.39,150.59,150.41,stop,-0.21000000000000796,-0.0013945149080284744,-13.945149080284743,0.18000000000000682,-1.1666666666666667
2007-05-09,1,575,857,150.7,150.48,150.69,150.5,stop,-0.21999999999999886,-0.0014599508925608792,-14.599508925608792,0.18999999999999773,-1.157894736842113
2007-05-10,1,575,580,150.79,150.64,150.78,150.66,stop,-0.15000000000000568,-0.000994826900119417,-9.94826900119417,0.12000000000000455,-1.25
2007-05-11,1,577,606,149.92999999999998,149.71,149.92,149.73000000000002,stop,-0.21999999999997044,-0.0014674493062964945,-14.674493062964945,0.1899999999999693,-1.1578947368421368
2007-05-14,1,575,619,151.10999999999999,150.8,151.1,150.82000000000002,stop,-0.30999999999997385,-0.0020516214427529706,-20.516214427529707,0.2799999999999727,-1.1071428571428716
2007-05-15,1,575,586,150.96999999999997,150.62,150.95999999999998,150.64000000000001,stop,-0.3499999999999659,-0.0023184949655535633,-23.184949655535632,0.31999999999996476,-1.093750000000014
2007-05-16,1,577,636,150.98999999999998,150.73,150.98,150.75,stop,-0.2599999999999909,-0.0017220823950191478,-17.220823950191477,0.22999999999998977,-1.1304347826087064
2007-05-17,-1,583,606,151.26000000000002,151.5,151.27,151.48,stop,-0.23999999999998067,-0.0015865670655118705,-15.865670655118706,0.20999999999997954,-1.1428571428571621
2007-05-18,-1,579,600,151.88000000000002,152.1,151.89000000000001,152.07999999999998,stop,-0.21999999999997044,-0.0014484166172886326,-14.484166172886326,0.1899999999999693,-1.1578947368421368
2007-05-21,1,577,959,152.64999999999998,152.70000000000002,152.64,152.71,eod,0.05000000000003979,0.00032756813417216847,3.275681341721685,0.14999999999997726,0.3333333333336491
2007-05-22,-1,579,604,152.63000000000002,152.83,152.64000000000001,152.81,stop,-0.19999999999998863,-0.0013102725366875565,-13.102725366875566,0.1699999999999875,-1.1764705882353137
2007-05-23,1,575,577,153.04999999999998,152.89,153.04,152.91,stop,-0.1599999999999966,-0.0010454783063251216,-10.454783063251217,0.12999999999999545,-1.2307692307692475
2007-05-24,-1,576,590,152.42000000000002,152.59,152.43,152.57,stop,-0.1699999999999875,-0.0011152660237485237,-11.152660237485238,0.13999999999998636,-1.2142857142857433
2007-05-25,-1,577,591,151.36,151.62,151.37,151.6,stop,-0.2599999999999909,-0.0017176455043931486,-17.176455043931487,0.22999999999998977,-1.1304347826087064
2007-05-29,1,576,735,152.17999999999998,151.85999999999999,152.17,151.88,stop,-0.3199999999999932,-0.0021029112177169823,-21.02911217716982,0.28999999999999204,-1.1034482758620758
2007-05-30,1,576,959,151.57999999999998,153.36,151.57,153.37,eod,1.7800000000000296,0.011743748762948009,117.43748762948009,0.23999999999998067,7.416666666667387
2007-05-31,1,578,611,153.73,153.55,153.72,153.57000000000002,stop,-0.1799999999999784,-0.0011709601873534895,-11.709601873534895,0.14999999999997726,-1.200000000000038
2007-06-01,1,577,652,154.07999999999998,153.82,154.07,153.84,stop,-0.2599999999999909,-0.0016875446225740956,-16.875446225740955,0.22999999999998977,-1.1304347826087064
2007-06-04,1,575,959,153.63,154.23000000000002,153.62,154.24,eod,0.6000000000000227,0.0039057414399168255,39.05741439916825,0.15000000000000568,4.0
2007-06-05,-1,575,600,153.63000000000002,153.87,153.64000000000001,153.85,stop,-0.23999999999998067,-0.0015620932048944327,-15.620932048944326,0.20999999999997954,-1.1428571428571621
2007-06-06,-1,575,959,152.8,152.10999999999999,152.81,152.1,eod,0.6900000000000261,0.004515411295072483,45.15411295072484,0.14999999999997726,4.600000000000872
2007-06-07,1,575,578,151.73999999999998,151.47,151.73,151.49,stop,-0.2699999999999818,-0.0017794767020363924,-17.794767020363924,0.23999999999998067,-1.1250000000000149
2007-06-08,-1,579,590,149.4,149.73,149.41,149.70999999999998,stop,-0.3299999999999841,-0.002208687504183014,-22.08687504183014,0.29999999999998295,-1.1000000000000094
2007-06-11,1,581,633,151.01999999999998,150.69,151.01,150.71,stop,-0.3299999999999841,-0.0021852857426659434,-21.852857426659433,0.29999999999998295,-1.1000000000000094
2007-06-12,1,579,604,150.88,150.53,150.87,150.55,stop,-0.3499999999999943,-0.002319878040697251,-23.19878040697251,0.3199999999999932,-1.0937500000000056
2007-06-13,1,576,584,150.51999999999998,150.29,150.51,150.31,stop,-0.22999999999998977,-0.0015281376652713427,-15.281376652713428,0.19999999999998863,-1.1500000000000141
2007-06-14,1,575,959,152.29,152.70000000000002,152.28,152.71,eod,0.410000000000025,0.002692408720777679,26.924087207776793,0.2599999999999909,1.5769230769232283
2007-06-15,1,575,959,153.39999999999998,153.04000000000002,153.39,153.05,eod,-0.3599999999999568,-0.0023469587326420027,-23.469587326420026,1.089999999999975,-0.3302752293577661
2007-06-18,-1,575,959,153.23000000000002,152.91,153.24,152.9,eod,0.3200000000000216,0.002088227616810373,20.88227616810373,0.15999999999996817,2.000000000000533
2007-06-19,-1,580,623,152.57000000000002,152.75,152.58,152.73,stop,-0.1799999999999784,-0.0011797090051119308,-11.797090051119307,0.14999999999997726,-1.200000000000038
2007-06-20,-1,578,606,153.37,153.61,153.38,153.59,stop,-0.2400000000000091,-0.0015647411657322278,-15.647411657322278,0.21000000000000796,-1.1428571428571428
2007-06-21,-1,579,620,150.89000000000001,151.3,150.9,151.28,stop,-0.4099999999999966,-0.002717031146454583,-27.17031146454583,0.37999999999999545,-1.0789473684210567
2007-06-22,1,577,586,151.54,151.24,151.53,151.26000000000002,stop,-0.29999999999998295,-0.001979805979013944,-19.79805979013944,0.2699999999999818,-1.1111111111111227
2007-06-25,1,575,577,150.43999999999997,150.21,150.42999999999998,150.23000000000002,stop,-0.22999999999996135,-0.0015289503423516677,-15.289503423516678,0.1999999999999602,-1.1500000000000354
2007-06-26,-1,575,578,150.10000000000002,150.31,150.11,150.29,stop,-0.20999999999997954,-0.001398974085670372,-13.989740856703719,0.1799999999999784,-1.166666666666693
2007-06-27,1,575,959,148.38,150.54000000000002,148.37,150.55,eod,2.160000000000025,0.014558199096852631,145.5819909685263,0.3199999999999932,6.750000000000222
2007-06-28,1,575,833,150.48999999999998,150.28,150.48,150.3,stop,-0.20999999999997954,-0.0013955342902709964,-13.955342902709964,0.1799999999999784,-1.166666666666693
2007-06-29,-1,577,582,150.78000000000003,150.94,150.79000000000002,150.92,stop,-0.15999999999996817,-0.001061078320843346,-10.61078320843346,0.12999999999996703,-1.2307692307692981
2007-07-02,1,576,580,151.10999999999999,150.83,151.1,150.85000000000002,stop,-0.2799999999999727,-0.0018530774321639492,-18.53077432163949,0.24999999999997158,-1.120000000000018
2007-07-05,1,587,650,152.48,152.08,152.47,152.10000000000002,stop,-0.39999999999997726,-0.0026234669115234293,-26.234669115234293,0.3699999999999761,-1.0810810810810894
2007-07-06,-1,575,618,152.22,152.47,152.23,152.45,stop,-0.25,-0.001642251855744597,-16.422518557445972,0.21999999999999886,-1.1363636363636422
2007-07-09,1,578,596,153.26,153.05,153.25,153.07000000000002,stop,-0.20999999999997954,-0.0013703099510602253,-13.703099510602252,0.1799999999999784,-1.166666666666693
2007-07-10,-1,580,613,152.04000000000002,152.36,152.05,152.34,stop,-0.3199999999999932,-0.0021045708648470447,-21.04570864847045,0.28999999999999204,-1.1034482758620758
2007-07-11,1,576,593,151.11999999999998,150.71,151.10999999999999,150.73000000000002,stop,-0.40999999999996817,-0.0027132552445236465,-27.132552445236463,0.37999999999996703,-1.0789473684210624
2007-07-12,1,581,959,152.71999999999997,154.72,152.70999999999998,154.73,eod,2.0000000000000284,0.013096719271822597,130.96719271822596,0.37999999999996703,5.263157894737374
2007-07-13,-1,575,581,154.45000000000002,154.67,154.46,154.64999999999998,stop,-0.21999999999997044,-0.0014243169752684865,-14.243169752684866,0.1899999999999693,-1.1578947368421368
2007-07-16,1,575,582,155.13,154.85,155.12,154.87,stop,-0.28000000000000114,-0.001805054151624556,-18.05054151624556,0.25,-1.1200000000000045
2007-07-17,1,576,739,155.07999999999998,154.91,155.07,154.93,stop,-0.1699999999999875,-0.0010962790997613174,-10.962790997613174,0.13999999999998636,-1.2142857142857433
2007-07-18,-1,575,580,154.13000000000002,154.35,154.14000000000001,154.32999999999998,stop,-0.21999999999997044,-0.0014272739068377476,-14.272739068377476,0.1899999999999693,-1.1578947368421368
2007-07-19,1,575,620,155.39999999999998,155.10999999999999,155.39,155.13,stop,-0.28999999999999204,-0.001866271960872592,-18.662719608725922,0.2599999999999909,-1.1153846153846239
2007-07-20,1,575,578,154.98999999999998,154.79,154.98,154.81,stop,-0.19999999999998863,-0.001290489095367071,-12.904890953670709,0.1699999999999875,-1.1764705882353137
2007-07-23,-1,575,659,154.13000000000002,154.45,154.14000000000001,154.42999999999998,stop,-0.31999999999996476,-0.0020760347735822287,-20.760347735822286,0.2899999999999636,-1.1034482758620858
2007-07-24,-1,579,596,152.85000000000002,153.19,152.86,153.17,stop,-0.339999999999975,-0.002224257490514032,-22.24257490514032,0.30999999999997385,-1.096774193548399
2007-07-25,-1,575,581,152.00000000000003,152.24,152.01000000000002,152.22,stop,-0.23999999999998067,-0.0015788434971382187,-15.788434971382188,0.20999999999997954,-1.1428571428571621
2007-07-26,-1,575,592,149.92000000000002,150.46,149.93,150.44,stop,-0.539999999999992,-0.0036016807843659844,-36.01680784365984,0.5099999999999909,-1.058823529411768
2007-07-27,1,575,579,148.27999999999997,147.16,148.26999999999998,147.18,stop,-1.1199999999999761,-0.007553787010183963,-75.53787010183963,1.089999999999975,-1.0275229357798181
2007-07-30,-1,577,610,145.89000000000001,146.36,145.9,146.34,stop,-0.46999999999999886,-0.003221384509938306,-32.21384509938306,0.4399999999999977,-1.068181818181821
2007-07-31,1,580,582,148.57,148.21,148.56,148.23000000000002,stop,-0.3599999999999852,-0.0024232633279482043,-24.232633279482044,0.3299999999999841,-1.0909090909090988
2007-08-01,1,576,586,146.14999999999998,145.09,146.14,145.11,stop,-1.0599999999999739,-0.0072533187354589706,-72.5331873545897,1.0299999999999727,-1.029126213592235
2007-08-02,1,580,607,147.15999999999997,146.69,147.14999999999998,146.71,stop,-0.46999999999997044,-0.003194019707780975,-31.94019707780975,0.4399999999999693,-1.0681818181818254
2007-08-03,1,579,589,147.36999999999998,146.97,147.35999999999999,146.99,stop,-0.39999999999997726,-0.002714440825189857,-27.144408251898568,0.3699999999999761,-1.0810810810810894
2007-08-06,-1,577,710,144.10000000000002,144.47,144.11,144.45,stop,-0.3699999999999761,-0.002567483172576338,-25.67483172576338,0.339999999999975,-1.088235294117657
2007-08-07,1,578,959,145.95999999999998,147.66,145.95,147.67,eod,1.700000000000017,0.011647824597465002,116.47824597465002,0.7299999999999898,2.328767123287727
2007-08-08,1,575,924,148.79,148.32,148.78,148.34,stop,-0.46999999999999886,-0.0031590267509073724,-31.590267509073723,0.4399999999999977,-1.068181818181821
2007-08-09,-1,575,580,146.81000000000003,147.6,146.82000000000002,147.57999999999998,stop,-0.7899999999999636,-0.005380738319029857,-53.807383190298566,0.7599999999999625,-1.0394736842105297
2007-08-10,-1,578,593,143.69000000000003,144.37,143.70000000000002,144.35,stop,-0.6799999999999784,-0.004732080723729842,-47.320807237298425,0.6499999999999773,-1.0461538461538495
2007-08-13,-1,582,691,146.43,146.8,146.44,146.78,stop,-0.37000000000000455,-0.0025266320677410853,-25.266320677410853,0.3400000000000034,-1.0882352941176494
2007-08-14,-1,575,598,145.53000000000003,145.87,145.54000000000002,145.85,stop,-0.339999999999975,-0.002336127525078844,-23.36127525078844,0.30999999999997385,-1.096774193548399
2007-08-15,-1,575,587,142.42000000000002,142.84,142.43,142.82,stop,-0.4199999999999875,-0.0029488169627184405,-29.488169627184405,0.38999999999998636,-1.0769230769230824
2007-08-16,1,575,602,139.92,139.47,139.91,139.49,stop,-0.44999999999998863,-0.0032163533700235052,-32.16353370023505,0.4199999999999875,-1.0714285714285763
2007-08-17,1,576,585,145.55999999999997,145.01,145.54999999999998,145.03,stop,-0.549999999999983,-0.003778770182067901,-37.78770182067901,0.5199999999999818,-1.057692307692312
2007-08-20,-1,576,924,144.98000000000002,145.39000000000001,144.99,145.37,stop,-0.4099999999999966,-0.0028277812262914445,-28.277812262914445,0.37999999999999545,-1.0789473684210567
2007-08-21,1,580,959,144.65999999999997,144.92000000000002,144.64999999999998,144.93,eod,0.26000000000004775,0.0017974421016249415,17.974421016249416,0.5199999999999818,0.5000000000001094
2007-08-22,1,575,663,146.35999999999999,145.98,146.35,146.0,stop,-0.37999999999999545,-0.0025965152032797778,-25.96515203279778,0.3499999999999943,-1.0857142857142903
2007-08-23,-1,575,959,147.31000000000003,146.57999999999998,147.32000000000002,146.57,eod,0.7300000000000466,0.004955199565571861,49.551995655718606,0.339999999999975,2.147058823529707
2007-08-24,-1,579,587,146.43,146.71,146.44,146.69,stop,-0.28000000000000114,-0.0019120458891013462,-19.120458891013463,0.25,-1.1200000000000045
2007-08-27,1,578,581,147.92999999999998,147.62,147.92,147.64000000000001,stop,-0.30999999999997385,-0.0020957274202269734,-20.957274202269733,0.2799999999999727,-1.1071428571428716
2007-08-28,-1,580,959,146.07000000000002,143.67,146.08,143.66,eod,2.400000000000034,0.016429353778751602,164.29353778751602,0.1799999999999784,13.333333333335123
2007-08-29,1,575,586,144.73,144.34,144.72,144.36,stop,-0.38999999999998636,-0.002694859038142526,-26.94859038142526,0.3599999999999852,-1.08333333333334
2007-08-30,1,575,959,145.6,146.13,145.59,146.14,eod,0.5300000000000011,0.003640359914829323,36.40359914829323,0.28999999999999204,1.8275862068966058
2007-08-31,-1,577,591,147.51000000000002,147.83,147.52,147.81,stop,-0.3199999999999932,-0.0021691973969630773,-21.691973969630773,0.28999999999999204,-1.1034482758620758
2007-09-04,1,576,959,147.64,149.22,147.63,149.23,eod,1.5800000000000125,0.01070243175506342,107.0243175506342,0.23999999999998067,6.583333333333916
2007-09-05,1,575,582,148.26999999999998,147.97,148.26,147.99,stop,-0.29999999999998295,-0.0020234722784296705,-20.234722784296704,0.2699999999999818,-1.1111111111111227
2007-09-06,-1,580,691,147.91000000000003,148.27,147.92000000000002,148.25,stop,-0.3599999999999852,-0.00243374797187659,-24.337479718765902,0.3299999999999841,-1.0909090909090988
2007-09-07,1,584,633,146.61999999999998,146.13,146.60999999999999,146.15,stop,-0.4899999999999807,-0.0033422003956072623,-33.42200395607262,0.45999999999997954,-1.0652173913043532
2007-09-10,-1,577,887,146.35000000000002,146.75,146.36,146.73,stop,-0.39999999999997726,-0.002732987154960216,-27.329871549602164,0.3699999999999761,-1.0810810810810894
2007-09-11,1,577,959,146.36999999999998,147.63,146.35999999999999,147.64,eod,1.2600000000000193,0.008608909538125304,86.08909538125305,0.23999999999998067,5.250000000000504
2007-09-12,-1,576,585,147.06000000000003,147.4,147.07000000000002,147.38,stop,-0.339999999999975,-0.0023118243013529266,-23.118243013529266,0.30999999999997385,-1.096774193548399
2007-09-13,-1,575,622,148.44000000000003,148.72,148.45000000000002,148.7,stop,-0.2799999999999727,-0.0018861569552035883,-18.86156955203588,0.24999999999997158,-1.120000000000018
2007-09-14,-1,575,579,147.77,148.03,147.78,148.01,stop,-0.2599999999999909,-0.001759372039518141,-17.59372039518141,0.22999999999998977,-1.1304347826087064
2007-09-17,1,577,631,148.52999999999997,148.2,148.51999999999998,148.22,stop,-0.3299999999999841,-0.0022219229733368173,-22.219229733368174,0.29999999999998295,-1.1000000000000094
2007-09-18,-1,576,631,148.79000000000002,148.98,148.8,148.95999999999998,stop,-0.1899999999999693,-0.0012768817204299012,-12.768817204299012,0.15999999999996817,-1.1875000000000444
2007-09-19,1,585,620,153.70999999999998,153.38,153.7,153.4,stop,-0.3299999999999841,-0.0021470396877032146,-21.470396877032147,0.29999999999998295,-1.1000000000000094
2007-09-20,-1,580,608,152.97000000000003,153.39000000000001,152.98000000000002,153.37,stop,-0.4199999999999875,-0.002745456922473444,-27.45456922473444,0.38999999999998636,-1.0769230769230824
2007-09-21,-1,576,587,152.51000000000002,152.83,152.52,152.81,stop,-0.3199999999999932,-0.0020980854969839574,-20.980854969839573,0.28999999999999204,-1.1034482758620758
2007-09-24,-1,576,626,152.29000000000002,152.52,152.3,152.5,stop,-0.22999999999998977,-0.0015101772816808257,-15.101772816808257,0.19999999999998863,-1.1500000000000141
2007-09-25,-1,575,592,150.64000000000001,150.9,150.65,150.88,stop,-0.2599999999999909,-0.0017258546299368795,-17.258546299368795,0.22999999999998977,-1.1304347826087064
2007-09-26,1,578,959,152.29,152.36,152.28,152.37,eod,0.0700000000000216,0.00045967953769386394,4.59679537693864,0.9000000000000057,0.07777777777780129
2007-09-27,-1,575,578,152.72000000000003,152.93,152.73000000000002,152.91,stop,-0.20999999999997954,-0.001374975446866886,-13.74975446866886,0.1799999999999784,-1.166666666666693
2007-09-28,1,576,616,152.98999999999998,152.76,152.98,152.78,stop,-0.22999999999998977,-0.001503464505164007,-15.03464505164007,0.19999999999998863,-1.1500000000000141
2007-10-01,1,575,959,152.79999999999998,154.51000000000002,152.79,154.52,eod,1.7100000000000364,0.011191831926173417,111.91831926173417,0.29999999999998295,5.700000000000445
2007-10-02,1,578,581,154.64,154.45,154.63,154.47,stop,-0.18999999999999773,-0.0012287395718812502,-12.287395718812503,0.1599999999999966,-1.187500000000011
2007-10-03,1,576,583,153.89,153.73,153.88,153.75,stop,-0.1599999999999966,-0.0010397712503249063,-10.397712503249062,0.12999999999999545,-1.2307692307692475
2007-10-04,-1,575,653,153.99,154.19,154.0,154.17,stop,-0.19999999999998863,-0.001298701298701225,-12.98701298701225,0.1699999999999875,-1.1764705882353137
2007-10-05,-1,579,661,154.94000000000003,155.17,154.95000000000002,155.14999999999998,stop,-0.22999999999996135,-0.0014843497902546714,-14.843497902546714,0.1999999999999602,-1.1500000000000354
2007-10-08,-1,575,606,155.24,155.46,155.25,155.44,stop,-0.21999999999999886,-0.0014170692431561924,-14.170692431561925,0.18999999999999773,-1.157894736842113
2007-10-09,-1,575,586,155.50000000000003,155.72,155.51000000000002,155.7,stop,-0.21999999999997044,-0.0014147000192911735,-14.147000192911735,0.1899999999999693,-1.1578947368421368
2007-10-10,1,575,582,156.13,155.96,156.12,155.98000000000002,stop,-0.1699999999999875,-0.0010889059697667658,-10.889059697667658,0.13999999999998636,-1.2142857142857433
2007-10-11,1,581,586,157.07999999999998,156.89,157.07,156.91,stop,-0.18999999999999773,-0.0012096517476284316,-12.096517476284316,0.1599999999999966,-1.187500000000011
2007-10-12,-1,575,581,155.33,155.61,155.34,155.59,stop,-0.28000000000000114,-0.0018024977468778236,-18.024977468778236,0.25,-1.1200000000000045
2007-10-15,1,575,576,156.33999999999997,156.17,156.32999999999998,156.19,stop,-0.1699999999999875,-0.001087443229066638,-10.87443229066638,0.13999999999998636,-1.2142857142857433
2007-10-16,-1,575,578,154.26000000000002,154.52,154.27,154.5,stop,-0.2599999999999909,-0.0016853568419005049,-16.85356841900505,0.22999999999998977,-1.1304347826087064
2007-10-17,-1,576,959,154.93,154.04,154.94,154.03,eod,0.8900000000000148,0.00574415902930176,57.441590293017605,0.1599999999999966,5.562500000000211
2007-10-18,1,576,590,153.54999999999998,153.37,153.54,153.39000000000001,stop,-0.1799999999999784,-0.0011723329425555452,-11.723329425555452,0.14999999999997726,-1.200000000000038
2007-10-19,-1,577,959,152.95000000000002,149.98,152.96,149.97,eod,2.9700000000000273,0.01941684100418428,194.16841004184278,3.5299999999999727,0.841359773371119
2007-10-22,1,575,959,148.95,150.58,148.94,150.59,eod,1.6300000000000239,0.010944004297032522,109.44004297032522,0.28999999999999204,5.62068965517265
2007-10-23,1,576,581,151.51999999999998,151.27,151.51,151.29000000000002,stop,-0.24999999999997158,-0.0016500561019072773,-16.500561019072773,0.21999999999997044,-1.1363636363636598
2007-10-24,1,581,601,151.29999999999998,150.92,151.29,150.94,stop,-0.37999999999999545,-0.0025117324343974846,-25.117324343974847,0.3499999999999943,-1.0857142857142903
2007-10-25,-1,575,610,151.48000000000002,151.76,151.49,151.73999999999998,stop,-0.2799999999999727,-0.0018483068189317625,-18.483068189317624,0.24999999999997158,-1.120000000000018
2007-10-26,-1,575,605,153.04000000000002,153.26,153.05,153.23999999999998,stop,-0.21999999999997044,-0.0014374387455078107,-14.374387455078107,0.1899999999999693,-1.1578947368421368
2007-10-29,1,580,617,154.1,153.77,154.09,153.79000000000002,stop,-0.3299999999999841,-0.0021416055551949126,-21.416055551949125,0.29999999999998295,-1.1000000000000094
2007-10-30,1,575,600,153.6,153.39,153.59,153.41,stop,-0.21000000000000796,-0.0013672765153981898,-13.672765153981898,0.18000000000000682,-1.1666666666666667
2007-10-31,-1,581,640,153.76000000000002,154.02,153.77,154.0,stop,-0.2599999999999909,-0.001690836964297268,-16.90836964297268,0.22999999999998977,-1.1304347826087064
2007-11-01,-1,575,959,153.16000000000003,150.79,153.17000000000002,150.78,eod,2.370000000000033,0.015473003851929443,154.73003851929442,0.24999999999997158,9.48000000000121
2007-11-02,-1,575,959,151.10000000000002,151.13,151.11,151.12,eod,-0.029999999999972715,-0.00019853087155034552,-1.9853087155034552,0.45999999999997954,-0.06521739130429141
2007-11-05,1,576,830,149.7,149.33,149.69,149.35000000000002,stop,-0.3699999999999761,-0.0024717750016699587,-24.717750016699586,0.339999999999975,-1.088235294117657
2007-11-06,1,575,585,151.14999999999998,150.8,151.14,150.82000000000002,stop,-0.3499999999999659,-0.002315733756781566,-23.157337567815663,0.31999999999996476,-1.093750000000014
2007-11-07,1,575,636,150.67999999999998,150.39,150.67,150.41,stop,-0.28999999999999204,-0.00192473617840308,-19.2473617840308,0.2599999999999909,-1.1153846153846239
2007-11-08,-1,580,959,147.94000000000003,147.54,147.95000000000002,147.53,eod,0.4000000000000341,0.002703616086515945,27.03616086515945,1.3599999999999852,0.2941176470588518
2007-11-09,-1,577,605,145.39000000000001,145.98,145.4,145.95999999999998,stop,-0.589999999999975,-0.004057771664373968,-40.577716643739684,0.5599999999999739,-1.053571428571433
2007-11-12,1,578,940,145.26999999999998,144.71,145.26,144.73000000000002,stop,-0.5599999999999739,-0.003855156271512969,-38.55156271512969,0.5299999999999727,-1.0566037735849108
2007-11-13,1,575,959,145.36999999999998,148.19,145.35999999999999,148.2,eod,2.8200000000000216,0.019400110071546656,194.00110071546655,0.14999999999997726,18.800000000002992
2007-11-14,1,579,589,149.27999999999997,148.92,149.26999999999998,148.94,stop,-0.3599999999999852,-0.00241173712065375,-24.117371206537502,0.3299999999999841,-1.0909090909090988
2007-11-15,-1,576,582,146.60000000000002,147.0,146.61,146.98,stop,-0.39999999999997726,-0.0027283268535569006,-27.283268535569007,0.3699999999999761,-1.0810810810810894
2007-11-16,-1,575,578,146.09000000000003,146.36,146.10000000000002,146.34,stop,-0.2699999999999818,-0.0018480492813140435,-18.480492813140437,0.23999999999998067,-1.1250000000000149
2007-11-19,-1,576,915,145.04000000000002,145.39000000000001,145.05,145.37,stop,-0.3499999999999943,-0.0024129610479144727,-24.129610479144727,0.3199999999999932,-1.0937500000000056
2007-11-20,1,575,761,144.15999999999997,143.58,144.14999999999998,143.60000000000002,stop,-0.5799999999999557,-0.004023586541796432,-40.23586541796433,0.5499999999999545,-1.0545454545454611
2007-11-21,-1,578,593,142.82000000000002,143.17,142.83,143.14999999999998,stop,-0.3499999999999659,-0.0024504655884615687,-24.504655884615687,0.31999999999996476,-1.093750000000014
2007-11-26,-1,575,580,143.94000000000003,144.43,143.95000000000002,144.41,stop,-0.4899999999999807,-0.0034039597082318905,-34.039597082318906,0.45999999999997954,-1.0652173913043532
2007-11-27,1,575,608,141.79999999999998,141.43,141.79,141.45000000000002,stop,-0.3699999999999761,-0.002609492912052868,-26.09492912052868,0.339999999999975,-1.088235294117657
2007-11-28,1,575,959,144.6,147.24,144.59,147.25,eod,2.640000000000015,0.018258524102635138,182.58524102635138,0.46000000000000796,5.739130434782542
2007-11-29,1,575,605,146.73999999999998,146.42,146.73,146.44,stop,-0.3199999999999932,-0.002180876439719166,-21.80876439719166,0.28999999999999204,-1.1034482758620758
2007-11-30,1,575,585,149.11999999999998,148.88,149.10999999999999,148.9,stop,-0.23999999999998067,-0.0016095499966466414,-16.095499966466413,0.20999999999997954,-1.1428571428571621
2007-12-03,-1,576,750,147.81000000000003,148.35,147.82000000000002,148.32999999999998,stop,-0.5399999999999636,-0.0036530915978890783,-36.53091597889078,0.5099999999999625,-1.0588235294117712
2007-12-04,-1,577,598,146.39000000000001,146.79,146.4,146.76999999999998,stop,-0.39999999999997726,-0.0027322404371583147,-27.322404371583147,0.3699999999999761,-1.0810810810810894
2007-12-05,1,577,584,148.07999999999998,147.85,148.07,147.87,stop,-0.22999999999998977,-0.0015533193759707557,-15.533193759707556,0.19999999999998863,-1.1500000000000141
2007-12-06,1,575,959,148.76999999999998,151.10000000000002,148.76,151.11,eod,2.330000000000041,0.01566281258402824,156.6281258402824,0.19999999999998863,11.650000000000867
2007-12-07,-1,575,585,151.11,151.5,151.12,151.48,stop,-0.38999999999998636,-0.002580730545261953,-25.80730545261953,0.3599999999999852,-1.08333333333334
2007-12-10,-1,575,597,151.04000000000002,151.37,151.05,151.35,stop,-0.3299999999999841,-0.002184707050645376,-21.84707050645376,0.29999999999998295,-1.1000000000000094
2007-12-11,-1,576,803,152.07000000000002,152.33,152.08,152.31,stop,-0.2599999999999909,-0.0017096265123618549,-17.096265123618547,0.22999999999998977,-1.1304347826087064
2007-12-12,1,575,578,151.67,151.24,151.66,151.26000000000002,stop,-0.4299999999999784,-0.0028352894632729685,-28.352894632729686,0.39999999999997726,-1.075000000000007
2007-12-13,1,575,587,148.74999999999997,148.12,148.73999999999998,148.14000000000001,stop,-0.629999999999967,-0.004235578862444313,-42.355788624443136,0.5999999999999659,-1.0500000000000047
2007-12-14,1,584,890,148.18999999999997,147.87,148.17999999999998,147.89000000000001,stop,-0.31999999999996476,-0.0021595356998243003,-21.595356998243002,0.2899999999999636,-1.1034482758620858
2007-12-17,-1,588,637,146.23000000000002,146.75,146.24,146.73,stop,-0.5199999999999818,-0.0035557986870895907,-35.55798687089591,0.4899999999999807,-1.061224489795923
2007-12-18,-1,580,871,145.91000000000003,146.24,145.92000000000002,146.22,stop,-0.3299999999999841,-0.0022615131578946276,-22.615131578946276,0.29999999999998295,-1.1000000000000094
2007-12-19,-1,575,586,145.89000000000001,146.19,145.9,146.17,stop,-0.29999999999998295,-0.002056202878683913,-20.56202878683913,0.2699999999999818,-1.1111111111111227
2007-12-20,-1,575,959,146.55,146.54,146.56,146.53,eod,0.010000000000019327,6.82314410481668e-05,0.682314410481668,0.3100000000000023,0.03225806451619114
2007-12-21,-1,575,585,147.13000000000002,147.45,147.14000000000001,147.42999999999998,stop,-0.31999999999996476,-0.0021747995106698704,-21.747995106698703,0.2899999999999636,-1.1034482758620858
2007-12-26,-1,575,627,148.72000000000003,148.95,148.73000000000002,148.92999999999998,stop,-0.22999999999996135,-0.0015464264102733902,-15.464264102733901,0.1999999999999602,-1.1500000000000354
2007-12-27,-1,575,959,148.84000000000003,147.53,148.85000000000002,147.52,eod,1.3100000000000307,0.008800806180719049,88.00806180719049,0.1899999999999693,6.894736842106538
2007-12-28,-1,575,959,148.41000000000003,147.56,148.42000000000002,147.55,eod,0.8500000000000227,0.005726990971567327,57.26990971567327,0.19999999999998863,4.250000000000355
2007-12-31,-1,593,860,146.9,147.21,146.91,147.19,stop,-0.3100000000000023,-0.002110135457082583,-21.10135457082583,0.28000000000000114,-1.1071428571428608
2008-01-02,1,575,600,146.79999999999998,146.49,146.79,146.51000000000002,stop,-0.30999999999997385,-0.0021118604809590154,-21.118604809590153,0.2799999999999727,-1.1071428571428716
2008-01-03,1,576,581,145.13,144.85,145.12,144.87,stop,-0.28000000000000114,-0.0019294377067254763,-19.294377067254764,0.25,-1.1200000000000045
2008-01-04,-1,575,959,143.09000000000003,140.94,143.10000000000002,140.93,eod,2.150000000000034,0.015024458420685071,150.2445842068507,0.3499999999999659,6.142857142857839
2008-01-07,-1,575,585,141.66000000000003,141.94,141.67000000000002,141.92,stop,-0.2799999999999727,-0.001976424084139004,-19.76424084139004,0.24999999999997158,-1.120000000000018
2008-01-08,-1,578,581,141.91000000000003,142.22,141.92000000000002,142.2,stop,-0.30999999999997385,-0.002184329199548857,-21.84329199548857,0.2799999999999727,-1.1071428571428716
2008-01-09,-1,575,579,138.71,139.17,138.72,139.14999999999998,stop,-0.45999999999997954,-0.003316032295270902,-33.160322952709016,0.4299999999999784,-1.0697674418604712
2008-01-10,1,577,582,139.74999999999997,139.39,139.73999999999998,139.41,stop,-0.3599999999999852,-0.002576212966938495,-25.76212966938495,0.3299999999999841,-1.0909090909090988
2008-01-11,-1,575,583,140.58,140.85,140.59,140.82999999999998,stop,-0.2699999999999818,-0.00192047798563185,-19.204779856318503,0.23999999999998067,-1.1250000000000149
2008-01-14,-1,575,660,141.04000000000002,141.27,141.05,141.25,stop,-0.22999999999998977,-0.0016306274370789773,-16.306274370789772,0.19999999999998863,-1.1500000000000141
2008-01-15,1,575,605,140.05999999999997,139.64,140.04999999999998,139.66,stop,-0.4199999999999875,-0.0029989289539449305,-29.989289539449306,0.38999999999998636,-1.0769230769230824
2008-01-16,1,575,612,137.92,137.27,137.91,137.29000000000002,stop,-0.6499999999999773,-0.004713218765861629,-47.132187658616296,0.6199999999999761,-1.0483870967741973
2008-01-17,-1,575,584,137.20000000000002,137.65,137.21,137.63,stop,-0.44999999999998863,-0.0032796443407914046,-32.79644340791405,0.4199999999999875,-1.0714285714285763
2008-01-18,1,575,578,134.23,133.88,134.22,133.9,stop,-0.3499999999999943,-0.002607659067203057,-26.07659067203057,0.3199999999999932,-1.0937500000000056
2008-01-22,1,575,959,127.20000000000002,131.01000000000002,127.19000000000001,131.02,eod,3.8100000000000023,0.029955185156065742,299.55185156065744,1.200000000000017,3.1749999999999567
2008-01-23,1,577,766,127.98,127.02,127.97,127.03999999999999,stop,-0.960000000000008,-0.007501758224583949,-75.01758224583949,0.9300000000000068,-1.0322580645161301
2008-01-24,-1,575,584,134.03000000000003,134.61,134.04000000000002,134.59,stop,-0.5799999999999841,-0.004327066547299194,-43.270665472991936,0.549999999999983,-1.0545454545454582
2008-01-25,1,578,581,136.76999999999998,136.3,136.76,136.32000000000002,stop,-0.46999999999997044,-0.003436677391049799,-34.36677391049799,0.4399999999999693,-1.0681818181818254
2008-01-28,-1,575,629,132.83,133.36,132.84,133.34,stop,-0.5300000000000011,-0.0039897621198434294,-39.897621198434294,0.5,-1.0600000000000023
2008-01-29,-1,586,681,135.79000000000002,136.33,135.8,136.31,stop,-0.539999999999992,-0.003976435935198763,-39.76435935198763,0.5099999999999909,-1.058823529411768
2008-01-30,-1,577,595,135.44000000000003,135.83,135.45000000000002,135.81,stop,-0.38999999999998636,-0.0028792912513841734,-28.792912513841735,0.3599999999999852,-1.08333333333334
2008-01-31,1,575,959,133.57999999999998,137.32000000000002,133.57,137.33,eod,3.7400000000000375,0.028000299468443793,280.0029946844379,0.37999999999999545,9.84210526315811
2008-02-01,-1,576,585,137.73000000000002,138.25,137.74,138.23,stop,-0.5199999999999818,-0.003775228691737925,-37.75228691737925,0.4899999999999807,-1.061224489795923
2008-02-04,-1,577,959,138.94000000000003,138.01,138.95000000000002,138.0,eod,0.9300000000000352,0.006693055055775712,66.93055055775712,0.3599999999999852,2.5833333333335373
2008-02-05,-1,575,597,135.84000000000003,136.14000000000001,135.85000000000002,136.12,stop,-0.29999999999998295,-0.002208317997791556,-22.08317997791556,0.2699999999999818,-1.1111111111111227
2008-02-06,-1,575,642,134.27,134.71,134.28,134.69,stop,-0.4399999999999977,-0.003276735180220418,-32.767351802204175,0.4099999999999966,-1.0731707317073205
2008-02-07,1,575,587,132.54,132.0,132.53,132.02,stop,-0.539999999999992,-0.004074549158680993,-40.74549158680993,0.5099999999999909,-1.058823529411768
2008-02-08,1,575,581,133.54999999999998,133.02,133.54,133.04000000000002,stop,-0.5299999999999727,-0.003968848285157801,-39.68848285157801,0.4999999999999716,-1.0600000000000056
2008-02-11,1,575,579,133.30999999999997,132.85,133.29999999999998,132.87,stop,-0.45999999999997954,-0.0034508627156787665,-34.50862715678767,0.4299999999999784,-1.0697674418604712
2008-02-12,-1,576,586,134.64000000000001,134.97,134.65,134.95,stop,-0.3299999999999841,-0.0024507983661343044,-24.507983661343044,0.29999999999998295,-1.1000000000000094
2008-02-13,1,575,581,136.51,135.93,136.5,135.95000000000002,stop,-0.5799999999999841,-0.004249084249084133,-42.49084249084133,0.549999999999983,-1.0545454545454582
2008-02-14,-1,578,959,136.57000000000002,135.01999999999998,136.58,135.01,eod,1.5500000000000398,0.011348660125933809,113.48660125933809,0.4299999999999784,3.6046511627909714
2008-02-15,1,575,578,134.65999999999997,134.29,134.64999999999998,134.31,stop,-0.3699999999999761,-0.0027478648347566,-27.478648347565997,0.339999999999975,-1.088235294117657
2008-02-19,-1,579,959,136.55,135.04999999999998,136.56,135.04,eod,1.5000000000000284,0.010984182776801615,109.84182776801615,0.339999999999975,4.411764705882761
2008-02-20,1,578,607,134.11999999999998,133.81,134.10999999999999,133.83,stop,-0.30999999999997385,-0.002311535306837476,-23.11535306837476,0.2799999999999727,-1.1071428571428716
2008-02-21,-1,575,581,136.57000000000002,136.86,136.58,136.84,stop,-0.28999999999999204,-0.0021232977009810515,-21.232977009810515,0.2599999999999909,-1.1153846153846239
2008-02-22,1,577,581,135.01999999999998,134.72,135.01,134.74,stop,-0.29999999999998295,-0.0022220576253609583,-22.220576253609583,0.2699999999999818,-1.1111111111111227
2008-02-25,-1,577,618,135.49,135.88,135.5,135.85999999999999,stop,-0.38999999999998636,-0.002878228782287722,-28.78228782287722,0.3599999999999852,-1.08333333333334
2008-02-26,1,575,600,137.07999999999998,136.69,137.07,136.71,stop,-0.38999999999998636,-0.002845261545195786,-28.45261545195786,0.3599999999999852,-1.08333333333334
2008-02-27,-1,578,581,137.4,137.7,137.41,137.67999999999998,stop,-0.29999999999998295,-0.002183247216359675,-21.83247216359675,0.2699999999999818,-1.1111111111111227
2008-02-28,1,576,584,137.45999999999998,137.16,137.45,137.18,stop,-0.29999999999998295,-0.0021826118588576427,-21.826118588576428,0.2699999999999818,-1.1111111111111227
2008-02-29,-1,576,959,135.44000000000003,133.23999999999998,135.45000000000002,133.23,eod,2.2000000000000455,0.016242155777039833,162.42155777039832,0.23999999999998067,9.166666666667595
2008-03-03,-1,576,605,132.93,133.28,132.94,133.26,stop,-0.3499999999999943,-0.0026327666616518305,-26.327666616518304,0.3199999999999932,-1.0937500000000056
2008-03-04,-1,575,577,132.19000000000003,132.59,132.20000000000002,132.57,stop,-0.39999999999997726,-0.0030257186081692677,-30.257186081692677,0.3699999999999761,-1.0810810810810894
2008-03-05,1,576,582,133.51999999999998,133.22,133.51,133.24,stop,-0.29999999999998295,-0.0022470226949290913,-22.47022694929091,0.2699999999999818,-1.1111111111111227
2008-03-06,-1,575,959,132.81000000000003,130.82999999999998,132.82000000000002,130.82,eod,1.9800000000000466,0.01490739346483998,149.0739346483998,0.40999999999996817,4.829268292683415
2008-03-07,1,577,821,129.98999999999998,129.42,129.98,129.44,stop,-0.5699999999999932,-0.0043852900446221975,-43.85290044622197,0.539999999999992,-1.0555555555555585
2008-03-10,-1,576,600,129.43,129.89000000000001,129.44,129.87,stop,-0.46000000000000796,-0.0035537700865266373,-35.53770086526637,0.4300000000000068,-1.0697674418604666
2008-03-11,-1,577,885,130.53000000000003,130.99,130.54000000000002,130.97,stop,-0.45999999999997954,-0.00352382411521357,-35.2382411521357,0.4299999999999784,-1.0697674418604712
2008-03-12,1,575,583,132.93999999999997,132.55,132.92999999999998,132.57000000000002,stop,-0.38999999999995794,-0.0029338749717893477,-29.338749717893478,0.3599999999999568,-1.0833333333333466
2008-03-13,1,576,579,129.86999999999998,129.47,129.85999999999999,129.49,stop,-0.39999999999997726,-0.003080240258740007,-30.80240258740007,0.3699999999999761,-1.0810810810810894
2008-03-14,-1,575,959,131.79000000000002,129.26,131.8,129.25,eod,2.5300000000000296,0.019195751138088236,191.95751138088235,1.0199999999999818,2.4803921568628184
2008-03-17,1,575,801,126.97000000000001,126.31,126.96000000000001,126.33,stop,-0.6600000000000108,-0.005198487712665491,-51.98487712665491,0.6300000000000097,-1.0476190476190488
2008-03-18,1,575,582,130.82999999999998,130.43,130.82,130.45000000000002,stop,-0.39999999999997726,-0.003057636447026275,-30.57636447026275,0.3699999999999761,-1.0810810810810894
2008-03-19,-1,576,584,134.01000000000002,134.48,134.02,134.45999999999998,stop,-0.46999999999997044,-0.003506939262796377,-35.069392627963765,0.4399999999999693,-1.0681818181818254
2008-03-20,-1,576,600,129.73000000000002,130.28,129.74,130.26,stop,-0.549999999999983,-0.004239247726221543,-42.39247726221543,0.5199999999999818,-1.057692307692312
2008-03-24,1,575,959,133.51999999999998,134.76000000000002,133.51,134.77,eod,1.2400000000000375,0.009287693805707719,92.87693805707718,0.2799999999999727,4.428571428571994
2008-03-25,1,579,596,134.92,134.41,134.91,134.43,stop,-0.5099999999999909,-0.003780297976428663,-37.80297976428663,0.47999999999998977,-1.0625000000000038
2008-03-26,-1,575,609,134.24,134.49,134.25,134.47,stop,-0.25,-0.00186219739292365,-18.6219739292365,0.21999999999999886,-1.1363636363636422
2008-03-27,-1,575,754,134.08,134.37,134.09,134.35,stop,-0.28999999999999204,-0.0021627265269594455,-21.627265269594456,0.2599999999999909,-1.1153846153846239
2008-03-28,-1,576,597,132.8,133.18,132.81,133.16,stop,-0.37999999999999545,-0.0028612303290414536,-28.612303290414534,0.3499999999999943,-1.0857142857142903
2008-03-31,-1,575,581,131.15,131.48,131.16,131.45999999999998,stop,-0.3299999999999841,-0.0025160109789568777,-25.16010978956878,0.29999999999998295,-1.1000000000000094
2008-04-01,1,575,959,133.85,136.8,133.84,136.81,eod,2.950000000000017,0.022041243275553027,220.41243275553026,0.3400000000000034,8.676470588235258
2008-04-02,-1,579,631,136.62,137.13,136.63,137.10999999999999,stop,-0.5099999999999909,-0.0037327087755250747,-37.327087755250744,0.47999999999998977,-1.0625000000000038
2008-04-03,1,575,584,136.07,135.76,136.06,135.78,stop,-0.3100000000000023,-0.002278406585330018,-22.78406585330018,0.28000000000000114,-1.1071428571428608
2008-04-04,-1,578,687,136.62,137.06,136.63,137.04,stop,-0.4399999999999977,-0.0032203761984922617,-32.203761984922615,0.4099999999999966,-1.0731707317073205
2008-04-07,-1,575,700,137.72000000000003,138.08,137.73000000000002,138.06,stop,-0.3599999999999852,-0.0026138096275320206,-26.138096275320205,0.3299999999999841,-1.0909090909090988
2008-04-08,1,575,841,136.32999999999998,136.07,136.32,136.09,stop,-0.2599999999999909,-0.0019072769953050977,-19.072769953050976,0.22999999999998977,-1.1304347826087064
2008-04-09,1,578,580,136.79999999999998,136.48,136.79,136.5,stop,-0.3199999999999932,-0.0023393522918341487,-23.393522918341485,0.28999999999999204,-1.1034482758620758
2008-04-10,-1,580,629,135.33,135.7,135.34,135.67999999999998,stop,-0.3699999999999761,-0.0027338554750995724,-27.338554750995723,0.339999999999975,-1.088235294117657
2008-04-11,1,576,578,134.61999999999998,134.32,134.60999999999999,134.34,stop,-0.29999999999998295,-0.002228660574994302,-22.28660574994302,0.2699999999999818,-1.1111111111111227
2008-04-14,1,577,583,133.23999999999998,132.95,133.23,132.97,stop,-0.28999999999999204,-0.002176686932372529,-21.76686932372529,0.2599999999999909,-1.1153846153846239
2008-04-15,-1,579,959,133.46,133.51,133.47,133.5,eod,-0.04999999999998295,-0.00037461601858082674,-3.7461601858082676,0.22999999999998977,-0.2173913043477616
2008-04-16,1,575,959,134.74999999999997,136.21,134.73999999999998,136.22,eod,1.4600000000000364,0.010835683538667333,108.35683538667334,0.23999999999998067,6.083333333333975
2008-04-17,-1,577,622,135.93,136.53,135.94,136.51,stop,-0.5999999999999943,-0.004413711931734547,-44.13711931734547,0.5699999999999932,-1.052631578947371
2008-04-18,-1,578,647,138.69000000000003,139.01,138.70000000000002,138.98999999999998,stop,-0.31999999999996476,-0.002307137707281649,-23.07137707281649,0.2899999999999636,-1.1034482758620858
2008-04-21,1,576,605,138.42999999999998,138.17,138.42,138.19,stop,-0.2599999999999909,-0.0018783412801617607,-18.783412801617608,0.22999999999998977,-1.1304347826087064
2008-04-22,-1,578,613,138.00000000000003,138.27,138.01000000000002,138.25,stop,-0.2699999999999818,-0.0019563799724656313,-19.563799724656313,0.23999999999998067,-1.1250000000000149
2008-04-23,-1,576,635,137.89000000000001,138.2,137.9,138.17999999999998,stop,-0.30999999999997385,-0.002248005801305104,-22.48005801305104,0.2799999999999727,-1.1071428571428716
2008-04-24,-1,575,695,138.03000000000003,138.31,138.04000000000002,138.29,stop,-0.2799999999999727,-0.002028397565922723,-20.28397565922723,0.24999999999997158,-1.120000000000018
2008-04-25,1,580,586,139.51,139.22,139.5,139.24,stop,-0.28999999999999204,-0.002078853046594925,-20.788530465949247,0.2599999999999909,-1.1153846153846239
2008-04-28,-1,575,632,139.76000000000002,140.02,139.77,140.0,stop,-0.2599999999999909,-0.001860198898189818,-18.60198898189818,0.22999999999998977,-1.1304347826087064
2008-04-29,1,575,584,139.48999999999998,139.31,139.48,139.33,stop,-0.1799999999999784,-0.0012905075996557098,-12.905075996557098,0.14999999999997726,-1.200000000000038
2008-04-30,1,581,899,139.48999999999998,139.21,139.48,139.23000000000002,stop,-0.2799999999999727,-0.0020074562661311496,-20.074562661311496,0.24999999999997158,-1.120000000000018
2008-05-01,-1,578,584,138.33,138.61,138.34,138.59,stop,-0.28000000000000114,-0.0020239988434292405,-20.239988434292403,0.25,-1.1200000000000045
2008-05-02,-1,575,959,141.98000000000002,141.35,141.99,141.34,eod,0.6300000000000239,0.004436932178322585,44.36932178322585,0.38999999999998636,1.615384615384733
2008-05-05,-1,575,589,140.83,141.15,140.84,141.13,stop,-0.3199999999999932,-0.0022720817949445694,-22.720817949445692,0.28999999999999204,-1.1034482758620758
2008-05-06,1,575,578,140.1,139.83,140.09,139.85000000000002,stop,-0.2699999999999818,-0.0019273324291525576,-19.273324291525576,0.23999999999998067,-1.1250000000000149
2008-05-07,-1,576,641,141.73000000000002,141.98,141.74,141.95999999999998,stop,-0.24999999999997158,-0.0017637928601663014,-17.637928601663013,0.21999999999997044,-1.1363636363636598
2008-05-08,-1,575,589,139.53000000000003,139.86,139.54000000000002,139.84,stop,-0.3299999999999841,-0.0023649132865127135,-23.649132865127136,0.29999999999998295,-1.1000000000000094
2008-05-09,1,578,959,138.68999999999997,138.92000000000002,138.67999999999998,138.93,eod,0.2300000000000466,0.0016584943755411498,16.584943755411498,0.23999999999998067,0.9583333333336047
2008-05-12,1,577,585,139.32,139.08,139.31,139.10000000000002,stop,-0.23999999999998067,-0.0017227765415259542,-17.22776541525954,0.20999999999997954,-1.1428571428571621
2008-05-13,-1,576,959,140.55,140.41,140.56,140.4,eod,0.14000000000001478,0.0009960159362550852,9.960159362550852,0.339999999999975,0.4117647058824267
2008-05-14,1,576,944,141.15999999999997,140.98,141.14999999999998,141.0,stop,-0.1799999999999784,-0.001275239107332472,-12.75239107332472,0.14999999999997726,-1.200000000000038
2008-05-15,-1,575,576,140.82000000000002,141.09,140.83,141.07,stop,-0.2699999999999818,-0.0019172051409499524,-19.172051409499524,0.23999999999998067,-1.1250000000000149
2008-05-16,-1,580,959,142.52,142.66,142.53,142.65,eod,-0.13999999999998636,-0.0009822493510137258,-9.822493510137258,0.3499999999999943,-0.3999999999999675
2008-05-19,-1,578,588,142.58,142.84,142.59,142.82,stop,-0.2599999999999909,-0.0018234097762815829,-18.23409776281583,0.22999999999998977,-1.1304347826087064
2008-05-20,-1,575,959,142.05,141.64999999999998,142.06,141.64,eod,0.4000000000000341,0.0028157116711251167,28.157116711251167,0.28999999999999204,1.3793103448277417
2008-05-21,1,577,594,141.92,141.72,141.91,141.74,stop,-0.19999999999998863,-0.0014093439503910128,-14.093439503910128,0.1699999999999875,-1.1764705882353137
2008-05-22,1,575,589,139.60999999999999,139.3,139.6,139.32000000000002,stop,-0.30999999999997385,-0.0022206303724926495,-22.206303724926496,0.2799999999999727,-1.1071428571428716
2008-05-23,-1,575,959,139.01000000000002,137.88,139.02,137.87,eod,1.1300000000000239,0.008128326859444856,81.28326859444856,0.1899999999999693,5.947368421053718
2008-05-27,1,577,693,138.02999999999997,137.77,138.01999999999998,137.79000000000002,stop,-0.2599999999999625,-0.0018837849587013658,-18.837849587013658,0.22999999999996135,-1.1304347826087224
2008-05-28,-1,575,959,139.10000000000002,139.38,139.11,139.37,eod,-0.2799999999999727,-0.0020127956293578657,-20.127956293578656,0.8999999999999773,-0.31111111111108863
2008-05-29,1,575,632,139.33999999999997,139.07,139.32999999999998,139.09,stop,-0.2699999999999818,-0.0019378454029999415,-19.378454029999414,0.23999999999998067,-1.1250000000000149
2008-05-30,-1,576,623,140.29000000000002,140.56,140.3,140.54,stop,-0.2699999999999818,-0.0019244476122593143,-19.244476122593145,0.23999999999998067,-1.1250000000000149
2008-06-02,-1,577,959,139.66000000000003,138.84,139.67000000000002,138.83,eod,0.8200000000000216,0.005870981599484653,58.70981599484653,0.19999999999998863,4.100000000000341
2008-06-03,-1,579,601,139.05,139.36,139.06,139.34,stop,-0.3100000000000023,-0.0022292535596145713,-22.29253559614571,0.28000000000000114,-1.1071428571428608
2008-06-04,1,575,891,137.89,137.67,137.88,137.69,stop,-0.21999999999999886,-0.0015955903684363132,-15.955903684363133,0.18999999999999773,-1.157894736842113
2008-06-05,-1,575,580,138.37,138.65,138.38,138.63,stop,-0.28000000000000114,-0.002023413788119679,-20.234137881196787,0.25,-1.1200000000000045
2008-06-06,-1,575,586,139.34000000000003,139.69,139.35000000000002,139.67,stop,-0.3499999999999659,-0.0025116612845350974,-25.116612845350975,0.31999999999996476,-1.093750000000014
2008-06-09,-1,580,597,136.69000000000003,137.03,136.70000000000002,137.01,stop,-0.339999999999975,-0.0024871982443304677,-24.871982443304677,0.30999999999997385,-1.096774193548399
2008-06-10,1,577,925,135.79,135.49,135.78,135.51000000000002,stop,-0.29999999999998295,-0.0022094564737073423,-22.094564737073423,0.2699999999999818,-1.1111111111111227
2008-06-11,-1,576,579,135.8,136.05,135.81,136.03,stop,-0.25,-0.0018408070097930933,-18.40807009793093,0.21999999999999886,-1.1363636363636422
2008-06-12,1,579,844,134.99999999999997,134.5,134.98999999999998,134.52,stop,-0.4999999999999716,-0.003703978072449601,-37.03978072449601,0.46999999999997044,-1.063829787234049
2008-06-13,-1,575,602,135.02,135.4,135.03,135.38,stop,-0.37999999999999545,-0.002814189439383807,-28.141894393838072,0.3499999999999943,-1.0857142857142903
2008-06-16,1,575,959,135.76,136.43,135.75,136.44,eod,0.6700000000000159,0.004935543278084832,49.35543278084832,0.29999999999998295,2.2333333333335132
2008-06-18,1,576,596,134.80999999999997,134.56,134.79999999999998,134.58,stop,-0.24999999999997158,-0.0018545994065279792,-18.545994065279793,0.21999999999997044,-1.1363636363636598
2008-06-19,1,576,584,134.57,134.12,134.56,134.14000000000001,stop,-0.44999999999998863,-0.0033442330558857655,-33.442330558857655,0.4199999999999875,-1.0714285714285763
2008-06-20,-1,576,959,132.79000000000002,131.6,132.8,131.59,eod,1.1900000000000261,0.008960843373494173,89.60843373494173,0.29999999999998295,3.9666666666669794
2008-06-23,1,580,591,132.17999999999998,131.69,132.17,131.71,stop,-0.4899999999999807,-0.0037073465990768006,-37.07346599076801,0.45999999999997954,-1.0652173913043532
2008-06-24,1,575,583,131.26999999999998,130.94,131.26,130.96,stop,-0.3299999999999841,-0.002514094164254031,-25.140941642540312,0.29999999999998295,-1.1000000000000094
2008-06-25,-1,575,578,131.64000000000001,131.9,131.65,131.88,stop,-0.2599999999999909,-0.0019749335358905497,-19.749335358905498,0.22999999999998977,-1.1304347826087064
2008-06-26,1,575,591,130.67,130.28,130.66,130.3,stop,-0.38999999999998636,-0.002984846165620591,-29.84846165620591,0.3599999999999852,-1.08333333333334
2008-06-27,-1,578,600,128.26000000000002,128.61,128.27,128.59,stop,-0.3499999999999943,-0.0027286193186247315,-27.286193186247313,0.3199999999999932,-1.0937500000000056
2008-06-30,1,575,596,128.0,127.73,127.99000000000001,127.75,stop,-0.269999999999996,-0.0021095398077974527,-21.095398077974526,0.2400000000000091,-1.1249999999999407
2008-07-01,1,578,735,126.82000000000001,126.45,126.81,126.47,stop,-0.37000000000000455,-0.00291775096601218,-29.177509660121803,0.3400000000000034,-1.0882352941176494
2008-07-02,1,580,591,129.01999999999998,128.75,129.01,128.77,stop,-0.2699999999999818,-0.002092861018525555,-20.92861018525555,0.23999999999998067,-1.1250000000000149
2008-07-07,1,577,617,127.13000000000001,126.71,127.12,126.72999999999999,stop,-0.4200000000000159,-0.003303964757709376,-33.03964757709376,0.3900000000000148,-1.0769230769230769
2008-07-08,-1,575,578,124.66,125.16,124.67,125.14,stop,-0.5,-0.004010587952193791,-40.105879521937915,0.46999999999999886,-1.0638297872340452
2008-07-09,1,575,577,127.69000000000001,127.44,127.68,127.46,stop,-0.2500000000000142,-0.0019580200501254246,-19.580200501254247,0.22000000000001307,-1.1363636363636334
2008-07-10,-1,578,584,124.38,125.03,124.39,125.01,stop,-0.6500000000000057,-0.005225500442157776,-52.25500442157776,0.6200000000000045,-1.048387096774195
2008-07-11,1,586,629,124.04,123.26,124.03,123.28,stop,-0.7800000000000011,-0.006288801096508918,-62.88801096508918,0.75,-1.0400000000000016
2008-07-14,-1,578,959,125.10999999999999,122.83,125.11999999999999,122.82,eod,2.279999999999987,0.01822250639386179,182.2250639386179,0.3900000000000148,5.846153846153591
2008-07-15,-1,575,666,121.58999999999999,121.86,121.6,121.84,stop,-0.27000000000001023,-0.0022203947368421894,-22.203947368421893,0.2400000000000091,-1.125
2008-07-16,1,575,582,121.96000000000001,121.39,121.95,121.41,stop,-0.5700000000000074,-0.004674046740467465,-46.74046740467465,0.5400000000000063,-1.055555555555557
2008-07-17,1,575,605,125.37,124.92999999999999,125.36,124.94999999999999,stop,-0.44000000000001194,-0.003509891512444256,-35.09891512444256,0.4100000000000108,-1.073170731707318
2008-07-18,-1,575,580,125.75999999999999,126.28,125.77,126.26,stop,-0.5200000000000102,-0.004134531287270496,-41.34531287270496,0.4900000000000091,-1.0612244897959195
2008-07-21,-1,575,576,126.36999999999999,126.6,126.38,126.58,stop,-0.23000000000000398,-0.0018199082133249246,-18.199082133249245,0.20000000000000284,-1.1500000000000035
2008-07-22,-1,576,593,124.99,125.24,125.0,125.22,stop,-0.25,-0.002,-20.0,0.21999999999999886,-1.1363636363636422
2008-07-23,-1,576,586,127.67999999999999,128.04,127.69,128.01999999999998,stop,-0.35999999999999943,-0.002819328060145661,-28.19328060145661,0.3299999999999841,-1.090909090909142
2008-07-24,-1,575,959,127.97999999999999,125.44000000000001,127.99,125.43,eod,2.539999999999978,0.01984530041409468,198.45300414094677,0.4299999999999926,5.906976744186096
2008-07-25,-1,575,596,125.57999999999998,125.96000000000001,125.58999999999999,125.94000000000001,stop,-0.3800000000000239,-0.0030257186081696307,-30.257186081696307,0.35000000000002274,-1.0857142857142834
2008-07-28,1,575,647,125.68,125.4,125.67,125.42,stop,-0.28000000000000114,-0.002228057611203956,-22.280576112039558,0.25,-1.1200000000000045
2008-07-29,1,575,578,124.27000000000001,123.94,124.26,123.96,stop,-0.3300000000000125,-0.0026557218734911676,-26.557218734911675,0.30000000000001137,-1.1
2008-07-30,1,575,754,127.41000000000001,126.92,127.4,126.94,stop,-0.4900000000000091,-0.0038461538461539175,-38.46153846153918,0.46000000000000796,-1.0652173913043492
2008-07-31,1,575,740,127.58000000000001,127.21,127.57000000000001,127.22999999999999,stop,-0.37000000000001876,-0.0029003684251784805,-29.003684251784804,0.3400000000000176,-1.0882352941176459
2008-08-01,-1,578,959,126.75999999999999,126.12,126.77,126.11,eod,0.6399999999999864,0.005048513055139121,50.48513055139121,0.5200000000000102,1.2307692307691802
2008-08-04,-1,575,886,125.66,126.15,125.67,126.13000000000001,stop,-0.4900000000000091,-0.0038991008196069795,-38.99100819606979,0.46000000000000796,-1.0652173913043492
2008-08-05,1,576,959,126.18,128.41,126.17,128.42,eod,2.2299999999999898,0.017674566061662754,176.74566061662753,0.27000000000001023,8.259259259258908
2008-08-06,1,575,576,128.26,127.97,128.25,127.99,stop,-0.28999999999999204,-0.0022612085769979887,-22.61208576997989,0.2600000000000051,-1.1153846153845628
2008-08-07,-1,575,592,127.72999999999999,128.13,127.74,128.10999999999999,stop,-0.4000000000000057,-0.0031313605761703906,-31.313605761703908,0.36999999999999034,-1.0810810810811247
2008-08-08,1,576,959,126.78000000000002,129.61,126.77000000000001,129.62,eod,2.8299999999999983,0.02232389366569376,223.23893665693763,0.4000000000000199,7.074999999999644
2008-08-11,1,576,959,129.51,130.64000000000001,129.5,130.65,eod,1.1300000000000239,0.00872586872586891,87.2586872586891,0.28000000000000114,4.035714285714355
2008-08-12,-1,575,586,130.00000000000003,130.37,130.01000000000002,130.35,stop,-0.3699999999999761,-0.0028459349280822712,-28.459349280822714,0.339999999999975,-1.088235294117657
2008-08-13,1,575,579,128.89,128.56,128.88,128.58,stop,-0.3299999999999841,-0.0025605214152698954,-25.605214152698952,0.29999999999998295,-1.1000000000000094
2008-08-14,1,575,959,128.02999999999997,129.53,128.01999999999998,129.54,eod,1.5000000000000284,0.011716919231370321,117.16919231370322,0.2799999999999869,5.3571428571432085
2008-08-15,1,575,602,130.18999999999997,129.82,130.17999999999998,129.84,stop,-0.3699999999999761,-0.0028422184667381794,-28.422184667381796,0.339999999999975,-1.088235294117657
2008-08-18,-1,576,959,130.14000000000001,128.26,130.15,128.25,eod,1.8800000000000239,0.014444871302343633,144.4487130234363,0.339999999999975,5.529411764706359
2008-08-19,1,576,587,127.56000000000002,127.23,127.55000000000001,127.25,stop,-0.3300000000000125,-0.0025872206977656798,-25.8722069776568,0.30000000000001137,-1.1
2008-08-20,-1,576,645,126.97999999999999,127.43,126.99,127.41000000000001,stop,-0.45000000000001705,-0.0035435861091425865,-35.43586109142586,0.4200000000000159,-1.0714285714285714
2008-08-21,1,576,959,126.9,127.97999999999999,126.89,127.99,eod,1.079999999999984,0.008511309007801908,85.11309007801908,0.30000000000001137,3.5999999999998105
2008-08-22,1,575,579,128.89999999999998,128.53,128.89,128.55,stop,-0.3699999999999761,-0.0028706649080609526,-28.706649080609527,0.339999999999975,-1.088235294117657
2008-08-25,-1,576,688,128.56000000000003,128.87,128.57000000000002,128.85,stop,-0.30999999999997385,-0.0024111379015320355,-24.111379015320356,0.2799999999999727,-1.1071428571428716
2008-08-26,1,582,870,127.16000000000001,126.62,127.15,126.64,stop,-0.5400000000000063,-0.00424695241840351,-42.469524184035095,0.5100000000000051,-1.0588235294117663
2008-08-27,-1,575,576,127.41999999999999,127.64,127.42999999999999,127.62,stop,-0.22000000000001307,-0.0017264380444166451,-17.264380444166452,0.19000000000001194,-1.1578947368421013
2008-08-28,1,575,590,129.42,129.08,129.41,129.10000000000002,stop,-0.339999999999975,-0.002627308554207364,-26.27308554207364,0.30999999999997385,-1.096774193548399
2008-08-29,-1,579,582,129.60000000000002,129.85,129.61,129.82999999999998,stop,-0.24999999999997158,-0.001928863513617557,-19.288635136175568,0.21999999999997044,-1.1363636363636598
2008-09-02,1,575,622,130.18999999999997,129.98,130.17999999999998,130.0,stop,-0.20999999999997954,-0.0016131510216621568,-16.131510216621567,0.1799999999999784,-1.166666666666693
2008-09-03,-1,576,590,127.78999999999999,128.05,127.8,128.03,stop,-0.2600000000000193,-0.0020344287949923268,-20.344287949923267,0.23000000000000398,-1.1304347826087602
2008-09-04,1,575,587,127.04,126.66,127.03,126.67999999999999,stop,-0.38000000000000966,-0.0029914193497599753,-29.914193497599754,0.3500000000000085,-1.085714285714287
2008-09-05,-1,576,585,123.16999999999999,123.65,123.17999999999999,123.63000000000001,stop,-0.4800000000000182,-0.003896736483195472,-38.96736483195472,0.45000000000001705,-1.0666666666666667
2008-09-08,-1,575,959,127.94999999999999,127.26,127.96,127.25,eod,0.6899999999999835,0.005392310096905154,53.92310096905154,0.29000000000000625,2.379310344827478
2008-09-09,-1,576,588,126.6,127.15,126.61,127.13000000000001,stop,-0.5500000000000114,-0.004344048653345007,-43.44048653345007,0.5200000000000102,-1.0576923076923088
2008-09-10,-1,575,589,123.54999999999998,123.93,123.55999999999999,123.91000000000001,stop,-0.3800000000000239,-0.003075428941405179,-30.75428941405179,0.35000000000002274,-1.0857142857142834
2008-09-11,1,576,578,122.21000000000001,121.88,122.2,121.89999999999999,stop,-0.3300000000000125,-0.0027004909983634412,-27.004909983634413,0.30000000000001137,-1.1
2008-09-12,1,575,577,124.48,124.2,124.47,124.22,stop,-0.28000000000000114,-0.0022495380412951003,-22.495380412951004,0.25,-1.1200000000000045
2008-09-15,1,575,882,122.23,121.66,122.22,121.67999999999999,stop,-0.5700000000000074,-0.00466372115856658,-46.6372115856658,0.5400000000000063,-1.055555555555557
2008-09-16,1,580,959,118.12,121.86999999999999,118.11,121.88,eod,3.749999999999986,0.03175006350012688,317.5006350012688,1.1200000000000045,3.3482142857142594
2008-09-17,-1,575,581,118.97999999999999,119.76,118.99,119.74000000000001,stop,-0.7800000000000153,-0.006555172703588666,-65.55172703588666,0.7500000000000142,-1.0400000000000007
2008-09-18,1,575,584,118.4,117.82,118.39,117.83999999999999,stop,-0.5800000000000125,-0.004899062420812674,-48.99062420812674,0.5500000000000114,-1.0545454545454556
2008-09-19,-1,575,959,126.47999999999999,125.05000000000001,126.49,125.04,eod,1.4299999999999784,0.011305241521068689,113.05241521068689,1.519999999999996,0.9407894736841987
2008-09-22,-1,576,959,124.07999999999998,120.61,124.08999999999999,120.6,eod,3.4699999999999847,0.02796357482472387,279.6357482472387,0.6700000000000159,5.179104477611794
2008-09-23,-1,575,584,120.74999999999999,121.24,120.75999999999999,121.22,stop,-0.4900000000000091,-0.004057634978469768,-40.576349784697676,0.46000000000000796,-1.0652173913043492
2008-09-24,-1,575,579,118.77,119.31,118.78,119.29,stop,-0.5400000000000063,-0.004546219902340514,-45.462199023405134,0.5100000000000051,-1.0588235294117663
2008-09-25,-1,577,582,119.16,119.69,119.17,119.67,stop,-0.5300000000000011,-0.004447428043970808,-44.474280439708075,0.5,-1.0600000000000023
2008-09-26,1,579,959,119.19000000000001,121.35,119.18,121.36,eod,2.1599999999999824,0.018123846282933228,181.2384628293323,0.6800000000000068,3.176470588235236
2008-09-29,-1,575,959,118.80999999999999,112.84,118.82,112.83,eod,5.969999999999985,0.050244066655445084,502.44066655445084,0.5300000000000153,11.26415094339587
2008-09-30,-1,588,608,113.18999999999998,113.79,113.19999999999999,113.77000000000001,stop,-0.6000000000000227,-0.005300353356890661,-53.00353356890661,0.5700000000000216,-1.0526315789473684
2008-10-01,-1,575,586,114.82999999999998,115.41,114.83999999999999,115.39,stop,-0.5800000000000125,-0.00505050505050516,-50.5050505050516,0.5500000000000114,-1.0545454545454556
2008-10-02,-1,575,959,114.75999999999999,111.31,114.77,111.3,eod,3.4499999999999886,0.030060120240480864,300.60120240480865,0.3500000000000085,9.857142857142584
2008-10-03,1,579,672,113.34,112.77,113.33,112.78999999999999,stop,-0.5700000000000074,-0.00502955969293221,-50.2955969293221,0.5400000000000063,-1.055555555555557
2008-10-06,1,575,595,107.38000000000001,106.53999999999999,107.37,106.55999999999999,stop,-0.8400000000000176,-0.00782341436155367,-78.2341436155367,0.8100000000000165,-1.0370370370370376
2008-10-07,-1,575,580,106.13999999999999,107.05,106.14999999999999,107.03,stop,-0.9100000000000108,-0.008572774375883286,-85.72774375883286,0.8800000000000097,-1.03409090909091
2008-10-08,1,577,959,98.88000000000001,98.39,98.87,98.4,eod,-0.4900000000000091,-0.00495600283200171,-49.560028320017096,2.0700000000000074,-0.23671497584541418
2008-10-09,-1,576,581,99.39999999999999,99.98,99.41,99.96000000000001,stop,-0.5800000000000125,-0.005834423096268107,-58.344230962681074,0.5500000000000114,-1.0545454545454556
2008-10-10,-1,575,583,85.96999999999998,88.03,85.97999999999999,88.01,stop,-2.0600000000000165,-0.023959060246569165,-239.59060246569166,2.0300000000000153,-1.0147783251231532
2008-10-13,-1,575,578,93.72999999999999,94.5,93.74,94.48,stop,-0.7700000000000102,-0.008214209515681782,-82.14209515681782,0.7400000000000091,-1.0405405405405417
2008-10-14,-1,577,959,104.28999999999999,99.94000000000001,104.3,99.93,eod,4.34999999999998,0.0417066155321187,417.066155321187,1.240000000000009,3.5080645161289903
2008-10-15,-1,579,959,96.82999999999998,90.72,96.83999999999999,90.71,eod,6.109999999999985,0.06309376290788915,630.9376290788915,0.9700000000000131,6.298969072164848
2008-10-16,1,580,611,91.67000000000002,89.75,91.66000000000001,89.77,stop,-1.920000000000016,-0.020946977962033774,-209.46977962033773,1.8900000000000148,-1.0158730158730163
2008-10-17,1,575,959,92.28000000000002,94.05999999999999,92.27000000000001,94.07,eod,1.7799999999999727,0.019291210577652245,192.91210577652245,0.6300000000000097,2.8253968253967385
2008-10-20,1,575,577,95.52000000000001,94.87,95.51,94.89,stop,-0.6500000000000057,-0.006805570097372062,-68.05570097372062,0.6200000000000045,-1.048387096774195
2008-10-21,1,575,716,97.17000000000002,96.59,97.16000000000001,96.61,stop,-0.5800000000000125,-0.00596953478797872,-59.6953478797872,0.5500000000000114,-1.0545454545454556
2008-10-22,1,575,577,93.50000000000001,92.97,93.49000000000001,92.99,stop,-0.5300000000000153,-0.0056690555139588756,-56.69055513958875,0.5000000000000142,-1.0600000000000005
2008-10-23,1,575,579,90.87,90.17999999999999,90.86,90.19999999999999,stop,-0.6900000000000119,-0.007594100814439929,-75.94100814439929,0.6600000000000108,-1.0454545454545465
2008-10-24,1,575,959,85.62,87.61999999999999,85.61,87.63,eod,1.9999999999999858,0.023361756804111504,233.61756804111505,1.8100000000000023,1.1049723756905985
2008-10-27,-1,575,579,85.71,86.71000000000001,85.72,86.69000000000001,stop,-1.0000000000000142,-0.01166588894073745,-116.6588894073745,0.9700000000000131,-1.0309278350515472
2008-10-28,-1,575,586,87.30999999999999,87.94,87.32,87.92,stop,-0.6300000000000097,-0.007214841960604784,-72.14841960604784,0.6000000000000085,-1.0500000000000012
2008-10-29,-1,576,582,93.00999999999999,93.83,93.02,93.81,stop,-0.8200000000000074,-0.008815308535798833,-88.15308535798833,0.7900000000000063,-1.0379746835443049
2008-10-30,-1,578,583,95.57,96.14,95.58,96.12,stop,-0.5700000000000074,-0.005963590709353499,-59.63590709353499,0.5400000000000063,-1.055555555555557
2008-10-31,-1,576,600,94.82999999999998,95.51,94.83999999999999,95.49000000000001,stop,-0.680000000000021,-0.007169970476592378,-71.69970476592378,0.6500000000000199,-1.0461538461538464
2008-11-03,1,576,630,96.96000000000001,96.39,96.95,96.41,stop,-0.5700000000000074,-0.005879319236720035,-58.79319236720035,0.5400000000000063,-1.055555555555557
2008-11-04,-1,581,619,98.55999999999999,99.12,98.57,99.10000000000001,stop,-0.5600000000000165,-0.0056812417571270825,-56.81241757127083,0.5300000000000153,-1.056603773584906
2008-11-05,-1,585,603,98.69999999999999,99.42,98.71,99.4,stop,-0.7200000000000131,-0.0072940938101510805,-72.94093810151081,0.6900000000000119,-1.043478260869566
2008-11-06,1,575,590,95.14000000000001,94.36,95.13000000000001,94.38,stop,-0.7800000000000153,-0.008199306212551407,-81.99306212551407,0.7500000000000142,-1.0400000000000007
2008-11-07,-1,579,602,91.41999999999999,92.03,91.42999999999999,92.01,stop,-0.6100000000000136,-0.006671770753582125,-66.71770753582125,0.5800000000000125,-1.0517241379310354
2008-11-10,-1,575,959,95.02999999999999,92.24000000000001,95.03999999999999,92.23,eod,2.789999999999978,0.029356060606060375,293.56060606060373,0.5000000000000142,5.579999999999797
2008-11-11,-1,575,860,90.10999999999999,90.98,90.11999999999999,90.96000000000001,stop,-0.8700000000000188,-0.009653794940080103,-96.53794940080103,0.8400000000000176,-1.0357142857142863
2008-11-12,1,575,585,88.42000000000002,87.96,88.41000000000001,87.97999999999999,stop,-0.46000000000002217,-0.005203031331297615,-52.03031331297615,0.43000000000002103,-1.0697674418604644
2008-11-13,-1,580,621,86.07,86.9,86.08,86.88000000000001,stop,-0.8300000000000125,-0.009642193308550331,-96.42193308550331,0.8000000000000114,-1.037500000000001
2008-11-14,1,575,619,89.96000000000001,89.27,89.95,89.28999999999999,stop,-0.6900000000000119,-0.007670928293496519,-76.70928293496519,0.6600000000000108,-1.0454545454545465
2008-11-17,1,576,580,86.58000000000001,85.94,86.57000000000001,85.96,stop,-0.6400000000000148,-0.0073928612683379314,-73.92861268337931,0.6100000000000136,-1.0491803278688532
2008-11-18,1,575,787,85.31000000000002,84.8,85.30000000000001,84.82,stop,-0.5100000000000193,-0.005978898007034224,-59.78898007034224,0.4800000000000182,-1.0625
2008-11-19,-1,576,577,85.85,86.37,85.86,86.35000000000001,stop,-0.5200000000000102,-0.00605637083624517,-60.5637083624517,0.4900000000000091,-1.0612244897959195
2008-11-20,-1,576,645,79.96,80.72,79.97,80.7,stop,-0.7600000000000051,-0.009503563836438729,-95.03563836438728,0.730000000000004,-1.0410958904109602
2008-11-21,-1,579,587,76.85999999999999,77.51,76.86999999999999,77.49000000000001,stop,-0.6500000000000199,-0.008455834525823078,-84.55834525823079,0.6200000000000188,-1.048387096774194
2008-11-24,-1,575,600,81.75999999999999,82.28,81.77,82.26,stop,-0.5200000000000102,-0.006359300476947661,-63.59300476947661,0.4900000000000091,-1.0612244897959195
2008-11-25,-1,575,959,86.88,86.06,86.89,86.05,eod,0.8199999999999932,0.009437219472896687,94.37219472896687,0.6300000000000097,1.3015873015872708
2008-11-26,1,576,959,84.80000000000001,89.03,84.79,89.04,eod,4.22999999999999,0.049887958485670354,498.87958485670356,0.5600000000000165,7.553571428571188
2008-12-01,-1,577,959,86.67999999999999,82.10000000000001,86.69,82.09,eod,4.579999999999984,0.052831929865036154,528.3192986503616,0.8700000000000045,5.264367816091908
2008-12-02,-1,575,609,82.96,83.58,82.97,83.56,stop,-0.6200000000000045,-0.0074725804507653915,-74.72580450765392,0.5900000000000034,-1.0508474576271203
2008-12-03,1,575,959,83.58000000000001,87.49,83.57000000000001,87.5,eod,3.9099999999999824,0.046787124566231686,467.8712456623169,0.44000000000001194,8.886363636363356
2008-12-04,1,575,902,86.60000000000001,85.9,86.59,85.92,stop,-0.7000000000000028,-0.008084074373484268,-80.84074373484268,0.6700000000000017,-1.0447761194029868
2008-12-05,1,575,589,84.25000000000001,83.51,84.24000000000001,83.53,stop,-0.7400000000000091,-0.008784425451092225,-87.84425451092224,0.710000000000008,-1.0422535211267616
2008-12-08,-1,576,577,90.04999999999998,90.47,90.05999999999999,90.45,stop,-0.4200000000000159,-0.004663557628248012,-46.63557628248012,0.3900000000000148,-1.0769230769230769
2008-12-09,1,577,844,90.39000000000001,89.86,90.38000000000001,89.88,stop,-0.5300000000000153,-0.005864129232131172,-58.64129232131172,0.5000000000000142,-1.0600000000000005
2008-12-10,1,575,580,90.53000000000002,90.03999999999999,90.52000000000001,90.05999999999999,stop,-0.4900000000000233,-0.005413168360583554,-54.13168360583554,0.46000000000002217,-1.0652173913043472
2008-12-11,1,579,894,89.68,89.01,89.67,89.03,stop,-0.6700000000000017,-0.00747184119549461,-74.7184119549461,0.6400000000000006,-1.0468750000000018
2008-12-12,1,575,959,86.00000000000001,88.44,85.99000000000001,88.45,eod,2.4399999999999835,0.02837539248749835,283.7539248749835,0.8000000000000114,3.049999999999936
2008-12-15,-1,575,959,88.77,87.51,88.78,87.5,eod,1.259999999999991,0.014192385672448647,141.92385672448648,0.38000000000000966,3.3157894736841023
2008-12-16,1,575,959,88.61000000000001,91.83,88.60000000000001,91.84,eod,3.2199999999999847,0.03634311512415332,363.4311512415332,0.4300000000000068,7.488372093023101
2008-12-17,-1,575,578,90.33999999999999,90.93,90.35,90.91000000000001,stop,-0.5900000000000176,-0.006530160486995215,-65.30160486995216,0.5600000000000165,-1.053571428571429
2008-12-18,1,575,587,91.43,91.01,91.42,91.03,stop,-0.4200000000000017,-0.00459418070444106,-45.9418070444106,0.39000000000000057,-1.0769230769230798
2008-12-19,-1,580,611,88.93999999999998,89.64,88.94999999999999,89.62,stop,-0.700000000000017,-0.00786958965711093,-78.6958965711093,0.6700000000000159,-1.0447761194029856
2008-12-22,-1,579,959,88.21,86.96000000000001,88.22,86.95,eod,1.2499999999999858,0.01416912264792548,141.6912264792548,0.46000000000000796,2.717391304347748
2008-12-23,-1,576,634,87.44999999999999,87.82000000000001,87.46,87.80000000000001,stop,-0.37000000000001876,-0.00423050537388542,-42.3050537388542,0.3400000000000176,-1.0882352941176459
2008-12-26,-1,576,959,87.13,87.14,87.14,87.13,eod,-0.010000000000005116,-0.00011475786091353129,-1.1475786091353128,0.1700000000000017,-0.05882352941179421
2008-12-29,-1,594,959,87.05999999999999,86.9,87.07,86.89,eod,0.15999999999998238,0.0018376019294818237,18.376019294818235,0.27000000000001023,0.5925925925925049
2008-12-30,-1,597,622,87.30999999999999,87.7,87.32,87.68,stop,-0.3900000000000148,-0.004466330737517348,-44.663307375173474,0.36000000000001364,-1.0833333333333333
2008-12-31,1,575,959,89.22000000000001,90.22999999999999,89.21000000000001,90.24,eod,1.0099999999999767,0.0113216007174081,113.216007174081,0.3500000000000085,2.885714285714149
2009-01-02,-1,590,620,90.27,90.68,90.28,90.66000000000001,stop,-0.4100000000000108,-0.004541426672574333,-45.41426672574333,0.38000000000000966,-1.0789473684210535
2009-01-05,1,576,579,92.65,92.22,92.64,92.24,stop,-0.4300000000000068,-0.004641623488773822,-46.41623488773822,0.4000000000000057,-1.0750000000000017
2009-01-06,-1,578,580,93.54999999999998,93.84,93.55999999999999,93.82000000000001,stop,-0.29000000000002046,-0.003099615220179783,-30.996152201797827,0.2600000000000193,-1.1153846153846112
2009-01-07,1,575,577,92.04,91.75,92.03,91.77,stop,-0.29000000000000625,-0.0031511463653157257,-31.511463653157257,0.2600000000000051,-1.1153846153846174
2009-01-08,-1,575,583,90.02999999999999,90.39,90.03999999999999,90.37,stop,-0.36000000000001364,-0.003998223011994821,-39.98223011994821,0.3300000000000125,-1.0909090909090908
2009-01-09,-1,575,959,90.78999999999999,89.02000000000001,90.8,89.01,eod,1.7699999999999818,0.01949339207048438,194.9339207048438,0.5300000000000011,3.3396226415093926
2009-01-12,-1,579,959,88.55999999999999,87.01,88.57,87.0,eod,1.549999999999983,0.017500282262616948,175.0028226261695,0.3500000000000085,4.428571428571272
2009-01-13,1,576,827,86.84,86.48,86.83,86.5,stop,-0.35999999999999943,-0.004146032477254398,-41.460324772543984,0.3299999999999983,-1.0909090909090948
2009-01-14,1,575,577,85.67000000000002,85.39,85.66000000000001,85.41,stop,-0.28000000000001535,-0.0032687368666824107,-32.687368666824106,0.2500000000000142,-1.1199999999999977
2009-01-15,-1,575,869,83.88999999999999,84.32000000000001,83.89999999999999,84.30000000000001,stop,-0.43000000000002103,-0.005125148986889405,-51.25148986889405,0.4000000000000199,-1.074999999999999
2009-01-16,-1,575,584,85.66,85.99,85.67,85.97,stop,-0.3299999999999983,-0.0038519901949340294,-38.519901949340294,0.29999999999999716,-1.1000000000000048
2009-01-20,-1,577,959,84.07,80.63000000000001,84.08,80.62,eod,3.4399999999999835,0.04091341579448125,409.13415794481256,0.39000000000000057,8.820512820512766
2009-01-21,-1,576,592,81.77999999999999,82.175,81.78999999999999,82.155,stop,-0.39500000000001023,-0.004829441251986921,-48.29441251986921,0.3650000000000091,-1.0821917808219188
2009-01-22,1,576,585,82.78000000000002,82.21,82.77000000000001,82.22999999999999,stop,-0.5700000000000216,-0.0068865530989491545,-68.86553098949155,0.5400000000000205,-1.0555555555555556
2009-01-23,-1,575,577,80.74,81.17,80.75,81.15,stop,-0.4300000000000068,-0.00532507739938089,-53.2507739938089,0.4000000000000057,-1.0750000000000017
2009-01-26,1,575,841,83.72000000000001,83.4,83.71000000000001,83.42,stop,-0.3200000000000074,-0.00382272129972533,-38.2272129972533,0.29000000000000625,-1.1034482758620707
2009-01-27,1,575,605,84.26,83.96,84.25,83.97999999999999,stop,-0.30000000000001137,-0.0035608308605342594,-35.60830860534259,0.27000000000001023,-1.1111111111111112
2009-01-28,1,576,595,86.44000000000001,86.13,86.43,86.14999999999999,stop,-0.3100000000000165,-0.0035867175749163074,-35.867175749163074,0.28000000000001535,-1.1071428571428554
2009-01-29,1,575,578,86.33000000000001,86.01,86.32000000000001,86.03,stop,-0.3200000000000074,-0.0037071362372568047,-37.071362372568046,0.29000000000000625,-1.1034482758620707
2009-01-30,1,577,582,85.25000000000001,84.75,85.24000000000001,84.77,stop,-0.5000000000000142,-0.005865790708587683,-58.657907085876836,0.4700000000000131,-1.0638297872340432
2009-02-02,1,579,581,81.70000000000002,81.34,81.69000000000001,81.36,stop,-0.36000000000001364,-0.004406904149834907,-44.06904149834907,0.3300000000000125,-1.0909090909090908
2009-02-03,-1,576,667,82.82,83.27,82.83,83.25,stop,-0.45000000000000284,-0.005432814197754471,-54.32814197754471,0.4200000000000017,-1.0714285714285738
2009-02-04,-1,575,580,83.96,84.35,83.97,84.33,stop,-0.39000000000000057,-0.004644515898535198,-46.44515898535198,0.35999999999999943,-1.0833333333333366
2009-02-05,-1,575,583,82.64999999999999,82.99,82.66,82.97,stop,-0.3400000000000034,-0.0041132349383015175,-41.132349383015175,0.3100000000000023,-1.0967741935483901
2009-02-06,1,575,959,85.20000000000002,86.94999999999999,85.19000000000001,86.96,eod,1.7499999999999716,0.02054231717337682,205.4231717337682,0.5200000000000102,3.3653846153844946
2009-02-09,-1,575,640,86.72999999999999,87.12,86.74,87.10000000000001,stop,-0.3900000000000148,-0.004496195526862057,-44.96195526862057,0.36000000000001364,-1.0833333333333333
2009-02-10,1,575,620,86.51,86.14,86.5,86.16,stop,-0.37000000000000455,-0.0042774566473988964,-42.77456647398896,0.3400000000000034,-1.0882352941176494
2009-02-11,-1,575,577,83.25999999999999,83.67,83.27,83.65,stop,-0.4100000000000108,-0.0049237420439535344,-49.23742043953534,0.38000000000000966,-1.0789473684210535
2009-02-12,-1,593,645,81.66,82.25,81.67,82.23,stop,-0.5900000000000034,-0.0072241949308191914,-72.24194930819192,0.5600000000000023,-1.0535714285714304
2009-02-13,-1,576,624,83.47999999999999,83.84,83.49,83.82000000000001,stop,-0.36000000000001364,-0.004311893639957045,-43.118936399570444,0.3300000000000125,-1.0909090909090908
2009-02-17,1,576,579,80.54,80.07,80.53,80.08999999999999,stop,-0.4700000000000131,-0.0058363342853596555,-58.363342853596556,0.44000000000001194,-1.068181818181819
2009-02-18,-1,576,729,79.44999999999999,79.86,79.46,79.84,stop,-0.4100000000000108,-0.005159828844701873,-51.598288447018724,0.38000000000000966,-1.0789473684210535
2009-02-19,1,576,614,80.00940000000001,79.67999999999999,79.99940000000001,79.69999999999999,stop,-0.329400000000021,-0.004117530881481873,-41.17530881481873,0.2994000000000199,-1.1002004008016004
2009-02-20,1,575,674,77.04,76.67,77.03,76.69,stop,-0.37000000000000455,-0.004803323380501163,-48.033233805011626,0.3400000000000034,-1.0882352941176494
2009-02-23,-1,575,959,77.91,74.79,77.92,74.78,eod,3.1199999999999903,0.04004106776180685,400.4106776180685,0.35999999999999943,8.666666666666654
2009-02-24,1,575,600,75.41000000000001,75.12,75.4,75.14,stop,-0.29000000000000625,-0.0038461538461539288,-38.461538461539284,0.2600000000000051,-1.1153846153846174
2009-02-25,1,575,580,77.36000000000001,77.02,77.35000000000001,77.03999999999999,stop,-0.3400000000000176,-0.004395604395604623,-43.95604395604623,0.3100000000000165,-1.0967741935483857
2009-02-26,-1,578,601,77.64999999999999,78.06,77.66,78.04,stop,-0.4100000000000108,-0.005279423126448761,-52.794231264487614,0.38000000000000966,-1.0789473684210535
2009-02-27,1,576,577,74.29,73.96,74.28,73.97999999999999,stop,-0.3300000000000125,-0.004442649434572059,-44.426494345720585,0.30000000000001137,-1.1
2009-03-02,1,578,611,72.54,72.16,72.53,72.17999999999999,stop,-0.38000000000000966,-0.005239211360816347,-52.39211360816347,0.3500000000000085,-1.085714285714287
2009-03-03,-1,575,959,71.39999999999999,70.05000000000001,71.41,70.04,eod,1.34999999999998,0.018904915277971994,189.04915277971995,0.30000000000001137,4.499999999999763
2009-03-04,1,576,591,71.37,71.01,71.36,71.03,stop,-0.35999999999999943,-0.005044843049327346,-50.44843049327346,0.3299999999999983,-1.0909090909090948
2009-03-05,1,575,622,70.23,69.95,70.22,69.97,stop,-0.28000000000000114,-0.003987467957846783,-39.874679578467834,0.25,-1.1200000000000045
2009-03-06,1,579,613,69.50000000000001,69.06,69.49000000000001,69.08,stop,-0.44000000000001194,-0.006331846308821584,-63.31846308821584,0.4100000000000108,-1.073170731707318
2009-03-09,1,575,914,68.38000000000001,67.92,68.37,67.94,stop,-0.46000000000000796,-0.0067280971186193935,-67.28097118619394,0.4300000000000068,-1.0697674418604666
2009-03-10,1,577,959,69.87,72.22,69.86,72.23,eod,2.3499999999999943,0.03363870598339528,336.3870598339528,0.5,4.699999999999989
2009-03-11,-1,575,584,72.44999999999999,73.06,72.46,73.04,stop,-0.6100000000000136,-0.008418437758763645,-84.18437758763645,0.5800000000000125,-1.0517241379310354
2009-03-12,-1,575,603,72.46,72.84,72.47,72.82000000000001,stop,-0.38000000000000966,-0.005243549054781423,-52.435490547814226,0.3500000000000085,-1.085714285714287
2009-03-13,1,576,582,76.05000000000001,75.61,76.04,75.63,stop,-0.44000000000001194,-0.005786428195686638,-57.86428195686638,0.4100000000000108,-1.073170731707318
2009-03-16,1,578,613,77.15,76.66,77.14,76.67999999999999,stop,-0.4900000000000091,-0.006352087114337686,-63.520871143376866,0.46000000000000796,-1.0652173913043492
2009-03-17,-1,578,601,75.91999999999999,76.27,75.92999999999999,76.25,stop,-0.3500000000000085,-0.0046095087580667535,-46.09508758066753,0.3200000000000074,-1.0937500000000013
2009-03-18,-1,576,583,77.54999999999998,77.85,77.55999999999999,77.83,stop,-0.30000000000001137,-0.0038679731820527516,-38.679731820527515,0.27000000000001023,-1.1111111111111112
2009-03-19,-1,575,959,80.53999999999999,78.9,80.55,78.89,eod,1.6399999999999864,0.020360024829298405,203.60024829298405,0.46000000000000796,3.5652173913042566
2009-03-20,-1,575,582,78.49999999999999,78.89,78.50999999999999,78.87,stop,-0.3900000000000148,-0.004967520061138897,-49.67520061138897,0.36000000000001364,-1.0833333333333333
2009-03-23,-1,575,601,78.57,79.14,78.58,79.12,stop,-0.5700000000000074,-0.00725375413591254,-72.5375413591254,0.5400000000000063,-1.055555555555557
2009-03-24,-1,581,598,81.00999999999999,81.43,81.02,81.41000000000001,stop,-0.4200000000000159,-0.005183905208590668,-51.83905208590668,0.3900000000000148,-1.0769230769230769
2009-03-25,1,581,807,81.59,81.1,81.58,81.11999999999999,stop,-0.4900000000000091,-0.006006374111301901,-60.063741113019006,0.46000000000000796,-1.0652173913043492
2009-03-26,1,576,590,82.41000000000001,82.02,82.4,82.03999999999999,stop,-0.3900000000000148,-0.004733009708738043,-47.33009708738043,0.36000000000001364,-1.0833333333333333
2009-03-27,1,575,576,82.14000000000001,81.81,82.13000000000001,81.83,stop,-0.3300000000000125,-0.0040180202118594,-40.180202118593996,0.30000000000001137,-1.1
2009-03-30,-1,577,959,79.43999999999998,78.81,79.44999999999999,78.8,eod,0.6299999999999812,0.007929515418501967,79.29515418501967,0.44000000000001194,1.4318181818181004
2009-03-31,1,577,580,79.73,79.4,79.72,79.42,stop,-0.3299999999999983,-0.004139488208730536,-41.394882087305355,0.29999999999999716,-1.1000000000000048
2009-04-01,-1,575,579,78.32,78.69,78.33,78.67,stop,-0.37000000000000455,-0.004723605259798347,-47.23605259798347,0.3400000000000034,-1.0882352941176494
2009-04-02,-1,576,586,82.85999999999999,83.19,82.86999999999999,83.17,stop,-0.3300000000000125,-0.003982140702304966,-39.821407023049666,0.30000000000001137,-1.1
2009-04-03,1,575,587,83.67000000000002,83.28999999999999,83.66000000000001,83.30999999999999,stop,-0.3800000000000239,-0.004542194597179343,-45.42194597179343,0.35000000000002274,-1.0857142857142834
2009-04-06,1,575,577,83.46000000000001,83.11,83.45,83.13,stop,-0.3500000000000085,-0.004194128220491414,-41.941282204914145,0.3200000000000074,-1.0937500000000013
2009-04-07,-1,575,631,81.83999999999999,82.29,81.85,82.27000000000001,stop,-0.45000000000001705,-0.005497861942578095,-54.97861942578095,0.4200000000000159,-1.0714285714285714
2009-04-08,1,576,608,82.36000000000001,81.99,82.35000000000001,82.00999999999999,stop,-0.37000000000001876,-0.004493017607771934,-44.93017607771934,0.3400000000000176,-1.0882352941176459
2009-04-09,-1,576,590,84.45009999999999,84.76,84.4601,84.74000000000001,stop,-0.30990000000001316,-0.003669188172877053,-36.691881728770525,0.27990000000001203,-1.1071811361200423
2009-04-13,-1,575,610,84.82999999999998,85.07000000000001,84.83999999999999,85.05000000000001,stop,-0.2400000000000233,-0.002828854314003104,-28.288543140031038,0.21000000000002217,-1.1428571428571332
2009-04-14,-1,575,622,84.77999999999999,85.22,84.78999999999999,85.2,stop,-0.44000000000001194,-0.005189291189998962,-51.89291189998962,0.4100000000000108,-1.073170731707318
2009-04-15,1,578,959,83.94000000000001,85.28,83.93,85.29,eod,1.3399999999999892,0.015965685690456203,159.65685690456203,0.3300000000000125,4.060606060605874
2009-04-16,-1,575,855,85.66999999999999,86.0,85.67999999999999,85.98,stop,-0.3300000000000125,-0.003851540616246645,-38.51540616246645,0.30000000000001137,-1.1
2009-04-17,-1,575,715,86.64999999999999,86.9,86.66,86.88000000000001,stop,-0.2500000000000142,-0.0028848372951767163,-28.848372951767164,0.22000000000001307,-1.1363636363636334
2009-04-20,-1,580,959,85.35999999999999,83.42,85.36999999999999,83.41,eod,1.9399999999999835,0.02272461051891746,227.2461051891746,0.30000000000001137,6.466666666666367
2009-04-21,1,575,959,82.98,85.05,82.97,85.06,eod,2.069999999999993,0.024948776666264834,249.48776666264834,0.23000000000000398,8.999999999999815
2009-04-22,1,575,959,84.4,84.53,84.39,84.54,eod,0.12999999999999545,0.001540466879962027,15.40466879962027,0.3300000000000125,0.3939393939393652
2009-04-23,-1,575,581,84.49999999999999,84.94,84.50999999999999,84.92,stop,-0.44000000000001194,-0.005206484439711418,-52.064844397114186,0.4100000000000108,-1.073170731707318
2009-04-24,-1,575,583,85.79999999999998,86.08,85.80999999999999,86.06,stop,-0.28000000000001535,-0.0032630229576974174,-32.63022957697417,0.2500000000000142,-1.1199999999999977
2009-04-27,1,575,836,85.93,85.53,85.92,85.55,stop,-0.4000000000000057,-0.004655493482309191,-46.55493482309191,0.37000000000000455,-1.0810810810810831
2009-04-28,-1,576,578,84.83999999999999,85.1,84.85,85.08,stop,-0.2600000000000051,-0.0030642309958751343,-30.642309958751344,0.23000000000000398,-1.1304347826086982
2009-04-29,1,578,959,86.57000000000001,87.42999999999999,86.56,87.44,eod,0.8599999999999852,0.009935304990757685,99.35304990757685,0.27000000000001023,3.1851851851850097
2009-04-30,1,581,729,88.60000000000001,88.13,88.59,88.14999999999999,stop,-0.4700000000000131,-0.005305339203070471,-53.053392030704714,0.44000000000001194,-1.068181818181819
2009-05-01,-1,577,604,87.16,87.51,87.17,87.49000000000001,stop,-0.3500000000000085,-0.0040151428243662786,-40.151428243662785,0.3200000000000074,-1.0937500000000013
2009-05-04,1,578,959,88.62,90.92,88.61,90.93,eod,2.299999999999997,0.025956438325245426,259.56438325245426,0.2400000000000091,9.58333333333296
2009-05-05,1,575,586,90.77000000000001,90.5,90.76,90.52,stop,-0.27000000000001023,-0.0029748788012341366,-29.748788012341365,0.2400000000000091,-1.125
2009-05-06,-1,576,839,91.53999999999999,91.77,91.55,91.75,stop,-0.23000000000000398,-0.002512288367012605,-25.12288367012605,0.20000000000000284,-1.1500000000000035
2009-05-07,1,580,586,93.15,92.9,93.14,92.92,stop,-0.25,-0.002684131415074082,-26.84131415074082,0.21999999999999886,-1.1363636363636422
2009-05-08,-1,577,580,91.92999999999999,92.21000000000001,91.94,92.19000000000001,stop,-0.28000000000001535,-0.0030454644333262493,-30.454644333262493,0.2500000000000142,-1.1199999999999977
2009-05-11,-1,578,637,91.49999999999999,91.83,91.50999999999999,91.81,stop,-0.3300000000000125,-0.0036061632608459463,-36.06163260845946,0.30000000000001137,-1.1
2009-05-12,-1,576,959,91.57,91.03,91.58,91.02,eod,0.539999999999992,0.005896483948460276,58.964839484602756,0.2600000000000051,2.0769230769230056
2009-05-13,-1,576,615,89.46999999999998,89.78,89.47999999999999,89.76,stop,-0.3100000000000165,-0.0034644613321414453,-34.644613321414454,0.28000000000001535,-1.1071428571428554
2009-05-14,1,575,587,89.16000000000001,88.69,89.15,88.71,stop,-0.4700000000000131,-0.005272013460460045,-52.72013460460045,0.44000000000001194,-1.068181818181819
2009-05-15,1,575,581,89.74920000000002,89.23,89.73920000000001,89.25,stop,-0.5192000000000121,-0.005785654429725382,-57.856544297253826,0.48920000000001096,-1.0613246116107942
2009-05-18,-1,580,588,89.49999999999999,89.83,89.50999999999999,89.81,stop,-0.3300000000000125,-0.003686738911853564,-36.86738911853564,0.30000000000001137,-1.1
2009-05-19,1,576,591,91.26,90.97,91.25,90.99,stop,-0.29000000000000625,-0.0031780821917808903,-31.780821917808904,0.2600000000000051,-1.1153846153846174
2009-05-20,1,584,713,92.25000000000001,91.84,92.24000000000001,91.86,stop,-0.4100000000000108,-0.0044449262792715825,-44.44926279271583,0.38000000000000966,-1.0789473684210535
2009-05-21,1,582,619,89.52000000000001,89.22,89.51,89.24,stop,-0.30000000000001137,-0.003351580828957785,-33.51580828957785,0.27000000000001023,-1.1111111111111112
2009-05-22,-1,575,621,89.28999999999999,89.57000000000001,89.3,89.55000000000001,stop,-0.28000000000001535,-0.003135498320268929,-31.35498320268929,0.2500000000000142,-1.1199999999999977
2009-05-26,1,575,959,88.73,91.30999999999999,88.72,91.32,eod,2.579999999999984,0.02908025247971127,290.8025247971127,0.4100000000000108,6.292682926829063
2009-05-27,-1,576,592,91.13999999999999,91.48,91.14999999999999,91.46000000000001,stop,-0.3400000000000176,-0.0037301151947341485,-37.30115194734149,0.3100000000000165,-1.0967741935483857
2009-05-28,-1,596,795,90.29999999999998,90.73,90.30999999999999,90.71000000000001,stop,-0.43000000000002103,-0.004761377477577468,-47.61377477577468,0.4000000000000199,-1.074999999999999
2009-05-29,-1,575,580,91.11999999999999,91.47,91.13,91.45,stop,-0.3500000000000085,-0.0038406671787557176,-38.40667178755717,0.3200000000000074,-1.0937500000000013
2009-06-01,-1,575,583,93.46999999999998,93.77,93.47999999999999,93.75,stop,-0.30000000000001137,-0.003209242618742099,-32.09242618742099,0.27000000000001023,-1.1111111111111112
2009-06-02,1,579,591,94.49000000000001,94.13,94.48,94.14999999999999,stop,-0.36000000000001364,-0.003810330228619958,-38.10330228619958,0.3300000000000125,-1.0909090909090908
2009-06-03,-1,575,959,93.91,93.66000000000001,93.92,93.65,eod,0.2499999999999858,0.0026618398637136475,26.618398637136476,0.21999999999999886,1.1363636363635776
2009-06-04,1,580,587,94.05000000000001,93.74,94.04,93.75999999999999,stop,-0.3100000000000165,-0.003296469587409788,-32.964695874097885,0.28000000000001535,-1.1071428571428554
2009-06-05,-1,575,959,95.32999999999998,94.54,95.33999999999999,94.53,eod,0.7899999999999778,0.008286133836794399,82.86133836794399,0.3400000000000176,2.3235294117645204
2009-06-08,-1,575,919,93.74999999999999,94.02,93.75999999999999,94.0,stop,-0.27000000000001023,-0.0028796928327646143,-28.796928327646143,0.2400000000000091,-1.125
2009-06-09,1,575,596,94.73,94.48,94.72,94.5,stop,-0.25,-0.002639358108108108,-26.39358108108108,0.21999999999999886,-1.1363636363636422
2009-06-10,-1,575,959,95.32,94.36500000000001,95.33,94.355,eod,0.9549999999999841,0.010017832791356174,100.17832791356174,0.1700000000000017,5.61764705882338
2009-06-11,1,575,959,94.92000000000002,94.86999999999999,94.91000000000001,94.88,eod,-0.05000000000002558,-0.000526814877252403,-5.26814877252403,0.36000000000001364,-0.13888888888895468
2009-06-12,1,580,595,94.49000000000001,94.23,94.48,94.25,stop,-0.2600000000000051,-0.002751905165114364,-27.519051651143638,0.23000000000000398,-1.1304347826086982
2009-06-15,-1,575,959,93.63,92.87,93.64,92.86,eod,0.7599999999999909,0.00811618966253728,81.16189662537279,0.39000000000000057,1.9487179487179225
2009-06-16,-1,577,959,92.96,91.67,92.97,91.66,eod,1.289999999999992,0.013875443691513306,138.75443691513306,0.3300000000000125,3.909090909090737
2009-06-17,1,575,583,91.76,91.48,91.75,91.5,stop,-0.28000000000000114,-0.003051771117166225,-30.51771117166225,0.25,-1.1200000000000045
2009-06-18,-1,579,593,91.49,91.78,91.5,91.76,stop,-0.29000000000000625,-0.0031693989071038937,-31.693989071038935,0.2600000000000051,-1.1153846153846174
2009-06-19,1,575,611,92.60000000000001,92.395,92.59,92.41499999999999,stop,-0.2050000000000125,-0.0022140619937359596,-22.140619937359595,0.17500000000001137,-1.1714285714285668
2009-06-22,-1,575,959,90.92999999999999,89.27000000000001,90.94,89.26,eod,1.6599999999999824,0.01825379371013836,182.5379371013836,0.2600000000000051,6.384615384615191
2009-06-23,1,575,583,89.60000000000001,89.35,89.59,89.36999999999999,stop,-0.2500000000000142,-0.0027904900100459225,-27.904900100459226,0.22000000000001307,-1.1363636363636334
2009-06-24,1,576,873,90.21000000000001,90.01,90.2,90.03,stop,-0.20000000000000284,-0.0022172949002217607,-22.172949002217607,0.1700000000000017,-1.176470588235299
2009-06-25,-1,577,580,89.63999999999999,89.92,89.64999999999999,89.9,stop,-0.28000000000001535,-0.003123257110987344,-31.232571109873437,0.2500000000000142,-1.1199999999999977
2009-06-26,1,576,600,91.80000000000001,91.45,91.79,91.47,stop,-0.3500000000000085,-0.0038130515306679215,-38.130515306679214,0.3200000000000074,-1.0937500000000013
2009-06-29,-1,576,618,91.99999999999999,92.23,92.00999999999999,92.21000000000001,stop,-0.2300000000000182,-0.002499728290403415,-24.99728290403415,0.20000000000001705,-1.1499999999999928
2009-06-30,1,575,601,92.85000000000001,92.62,92.84,92.64,stop,-0.23000000000000398,-0.00247738043946579,-24.7738043946579,0.20000000000000284,-1.1500000000000035
2009-07-01,1,576,944,92.59,92.3,92.58,92.32,stop,-0.29000000000000625,-0.003132426009937419,-31.324260099374193,0.2600000000000051,-1.1153846153846174
2009-07-02,-1,578,959,90.66999999999999,89.83,90.67999999999999,89.82,eod,0.8399999999999892,0.009263343625937243,92.63343625937243,0.4900000000000091,1.7142857142856605
2009-07-06,1,575,620,89.17000000000002,88.83,89.16000000000001,88.85,stop,-0.3400000000000176,-0.003813369223867402,-38.13369223867402,0.3100000000000165,-1.0967741935483857
2009-07-07,-1,575,959,89.58999999999999,88.11,89.6,88.1,eod,1.4799999999999898,0.01651785714285703,165.17857142857028,0.23000000000000398,6.434782608695496
2009-07-08,-1,579,585,88.36999999999999,88.64,88.38,88.62,stop,-0.27000000000001023,-0.0030549898167007267,-30.549898167007267,0.2400000000000091,-1.125
2009-07-09,-1,579,791,88.46999999999998,88.73,88.47999999999999,88.71000000000001,stop,-0.2600000000000193,-0.0029385171790237267,-29.385171790237266,0.2300000000000182,-1.1304347826086902
2009-07-10,1,576,611,87.97000000000001,87.62,87.96000000000001,87.64,stop,-0.3500000000000085,-0.003979081400636749,-39.79081400636749,0.3200000000000074,-1.0937500000000013
2009-07-13,1,576,580,88.46000000000001,88.22,88.45,88.24,stop,-0.2400000000000091,-0.0027133973996609283,-27.13397399660928,0.21000000000000796,-1.1428571428571428
2009-07-14,1,575,584,90.44000000000001,90.1,90.43,90.11999999999999,stop,-0.3400000000000176,-0.0037598142209445714,-37.59814220944571,0.3100000000000165,-1.0967741935483857
2009-07-15,-1,577,580,91.68999999999998,91.9,91.69999999999999,91.88000000000001,stop,-0.21000000000002217,-0.0022900763358781047,-22.900763358781045,0.18000000000002103,-1.1666666666666534
2009-07-16,1,576,606,93.13000000000001,92.87,93.12,92.89,stop,-0.2600000000000051,-0.002792096219931326,-27.920962199313262,0.23000000000000398,-1.1304347826086982
2009-07-17,-1,577,630,93.82,94.11,93.83,94.09,stop,-0.29000000000000625,-0.0030906959394650566,-30.906959394650567,0.2600000000000051,-1.1153846153846174
2009-07-20,1,575,583,94.80000000000001,94.61,94.79,94.63,stop,-0.19000000000001194,-0.0020044308471359,-20.044308471359,0.1600000000000108,-1.1874999999999944
2009-07-21,-1,575,959,95.67999999999999,95.59,95.69,95.58,eod,0.0899999999999892,0.0009405371512173602,9.405371512173602,0.22000000000001307,0.4090909090908357
2009-07-22,1,575,959,95.22000000000001,95.53,95.21000000000001,95.54,eod,0.30999999999998806,0.0032559605083498375,32.559605083498376,0.3300000000000125,0.9393939393938676
2009-07-23,1,575,959,95.77000000000001,97.67,95.76,97.68,eod,1.8999999999999915,0.01984126984126975,198.4126984126975,0.2400000000000091,7.916666666666331
2009-07-24,1,575,596,97.4,97.03999999999999,97.39,97.05999999999999,stop,-0.36000000000001364,-0.0036964780778315394,-36.964780778315394,0.3300000000000125,-1.0909090909090908
2009-07-27,-1,576,586,97.80999999999999,98.1,97.82,98.08,stop,-0.29000000000000625,-0.002964628910243368,-29.64628910243368,0.2600000000000051,-1.1153846153846174
2009-07-28,1,575,613,97.81000000000002,97.57,97.80000000000001,97.58999999999999,stop,-0.2400000000000233,-0.0024539877300615875,-24.539877300615874,0.21000000000002217,-1.1428571428571332
2009-07-29,-1,575,586,97.27,97.59,97.28,97.57000000000001,stop,-0.3200000000000074,-0.003289473684210602,-32.89473684210602,0.29000000000000625,-1.1034482758620707
2009-07-30,1,575,586,98.91000000000001,98.62,98.9,98.64,stop,-0.29000000000000625,-0.0029322548028312056,-29.322548028312056,0.2600000000000051,-1.1153846153846174
2009-07-31,1,575,601,98.86000000000001,98.53,98.85000000000001,98.55,stop,-0.3300000000000125,-0.003338391502276302,-33.38391502276302,0.30000000000001137,-1.1
2009-08-03,1,576,579,99.94000000000001,99.71,99.93,99.72999999999999,stop,-0.2300000000000182,-0.0023016111277896346,-23.016111277896346,0.20000000000001705,-1.1499999999999928
2009-08-04,1,597,959,100.11000000000001,100.67999999999999,100.10000000000001,100.69,eod,0.569999999999979,0.005694305694305484,56.94305694305484,0.3300000000000125,1.727272727272598
2009-08-05,1,582,587,100.80000000000001,100.44,100.79,100.46,stop,-0.36000000000001364,-0.0035717829149718586,-35.71782914971859,0.3300000000000125,-1.0909090909090908
2009-08-06,-1,577,580,100.71,101.0,100.72,100.98,stop,-0.29000000000000625,-0.002879269261318569,-28.79269261318569,0.2600000000000051,-1.1153846153846174
2009-08-07,-1,577,638,100.78999999999999,101.21000000000001,100.8,101.19000000000001,stop,-0.4200000000000159,-0.0041666666666668245,-41.66666666666824,0.3900000000000148,-1.0769230769230769
2009-08-10,1,575,788,100.80000000000001,100.52,100.79,100.53999999999999,stop,-0.28000000000001535,-0.0027780533783114923,-27.780533783114922,0.2500000000000142,-1.1199999999999977
2009-08-11,-1,583,959,100.32,99.67,100.33,99.66,eod,0.6499999999999915,0.006478620552177728,64.78620552177728,0.29000000000000625,2.2413793103447497
2009-08-12,1,575,959,99.87,100.77,99.86,100.78,eod,0.8999999999999915,0.009012617664730537,90.12617664730537,0.3400000000000034,2.64705882352936
2009-08-13,-1,576,654,100.96,101.34,100.97,101.32000000000001,stop,-0.38000000000000966,-0.0037634941071606385,-37.634941071606384,0.3500000000000085,-1.085714285714287
2009-08-14,-1,575,959,101.27999999999999,100.74000000000001,101.28999999999999,100.73,eod,0.5399999999999778,0.00533122716951306,53.3122716951306,0.3200000000000074,1.6874999999998919
2009-08-17,-1,576,959,98.68999999999998,98.24000000000001,98.69999999999999,98.23,eod,0.4499999999999744,0.0045592705167170665,45.592705167170664,0.2600000000000193,1.7307692307690037
2009-08-18,-1,586,603,98.46,98.81,98.47,98.79,stop,-0.3500000000000085,-0.0035543820452930692,-35.543820452930696,0.3200000000000074,-1.0937500000000013
2009-08-19,1,575,959,98.56000000000002,99.99,98.55000000000001,100.0,eod,1.4299999999999784,0.014510400811770454,145.10400811770455,0.3100000000000165,4.612903225806137
2009-08-20,1,575,959,100.22000000000001,101.00999999999999,100.21000000000001,101.02,eod,0.7899999999999778,0.007883444765991196,78.83444765991196,0.3500000000000085,2.257142857142739
2009-08-21,-1,591,599,101.66999999999999,101.98,101.67999999999999,101.96000000000001,stop,-0.3100000000000165,-0.0030487804878050404,-30.487804878050405,0.28000000000001535,-1.1071428571428554
2009-08-24,1,578,789,103.58000000000001,103.17999999999999,103.57000000000001,103.19999999999999,stop,-0.4000000000000199,-0.0038621222361689667,-38.62122236168967,0.37000000000001876,-1.08108108108108
2009-08-25,-1,576,585,103.28999999999999,103.59,103.3,103.57000000000001,stop,-0.30000000000001137,-0.0029041626331075643,-29.041626331075644,0.27000000000001023,-1.1111111111111112
2009-08-26,-1,575,600,102.68999999999998,103.01,102.69999999999999,102.99000000000001,stop,-0.3200000000000216,-0.003115871470302061,-31.158714703020607,0.29000000000002046,-1.1034482758620656
2009-08-27,-1,575,795,102.75999999999999,103.18,102.77,103.16000000000001,stop,-0.4200000000000159,-0.0040867957575169405,-40.867957575169406,0.3900000000000148,-1.0769230769230769
2009-08-28,1,576,580,104.29,103.94,104.28,103.96,stop,-0.3500000000000085,-0.0033563482930572355,-33.563482930572356,0.3200000000000074,-1.0937500000000013
2009-08-31,1,578,581,102.53000000000002,102.27,102.52000000000001,102.28999999999999,stop,-0.2600000000000193,-0.0025360905189233253,-25.360905189233254,0.2300000000000182,-1.1304347826086902
2009-09-01,1,575,670,102.28000000000002,101.86,102.27000000000001,101.88,stop,-0.4200000000000159,-0.004106776180698307,-41.06776180698307,0.3900000000000148,-1.0769230769230769
2009-09-02,1,575,632,100.04,99.64,100.03,99.66,stop,-0.4000000000000057,-0.0039988003598920895,-39.9880035989209,0.37000000000000455,-1.0810810810810831
2009-09-03,-1,598,607,100.19999999999999,100.65,100.21,100.63000000000001,stop,-0.45000000000001705,-0.0044905698034130035,-44.90569803413003,0.4200000000000159,-1.0714285714285714
2009-09-04,1,575,590,100.99000000000001,100.59,100.98,100.61,stop,-0.4000000000000057,-0.003961180431768723,-39.61180431768723,0.37000000000000455,-1.0810810810810831
2009-09-08,-1,575,959,102.82999999999998,102.91000000000001,102.83999999999999,102.9,eod,-0.08000000000002672,-0.000777907429016207,-7.77907429016207,0.22000000000001307,-0.36363636363646346
2009-09-09,-1,580,588,102.78999999999999,103.23,102.8,103.21000000000001,stop,-0.44000000000001194,-0.004280155642023463,-42.80155642023463,0.4100000000000108,-1.073170731707318
2009-09-10,1,576,579,103.83000000000001,103.5,103.82000000000001,103.52,stop,-0.3300000000000125,-0.003178578308611178,-31.785783086111778,0.30000000000001137,-1.1
2009-09-11,1,576,606,105.05000000000001,104.81,105.04,104.83,stop,-0.2400000000000091,-0.0022848438690023713,-22.848438690023713,0.21000000000000796,-1.1428571428571428
2009-09-14,1,581,896,104.22000000000001,103.84,104.21000000000001,103.86,stop,-0.38000000000000966,-0.0036464830630458652,-36.46483063045865,0.3500000000000085,-1.085714285714287
2009-09-15,1,575,595,105.50000000000001,105.17999999999999,105.49000000000001,105.19999999999999,stop,-0.3200000000000216,-0.0030334628874776905,-30.334628874776904,0.29000000000002046,-1.1034482758620656
2009-09-16,-1,577,616,106.02,106.27,106.03,106.25,stop,-0.25,-0.0023578232575686125,-23.578232575686126,0.21999999999999886,-1.1363636363636422
2009-09-17,1,575,732,107.35000000000001,107.13,107.34,107.14999999999999,stop,-0.22000000000001307,-0.0020495621389976996,-20.495621389976996,0.19000000000001194,-1.1578947368421013
2009-09-18,-1,579,959,106.93999999999998,106.74000000000001,106.94999999999999,106.73,eod,0.19999999999997442,0.0018700327255724584,18.700327255724584,0.22000000000001307,0.9090909090907388
2009-09-21,-1,578,580,105.78999999999999,106.01,105.8,105.99000000000001,stop,-0.22000000000001307,-0.002079395085066286,-20.79395085066286,0.19000000000001194,-1.1578947368421013
2009-09-22,-1,575,582,106.91999999999999,107.11,106.92999999999999,107.09,stop,-0.19000000000001194,-0.001776863368558982,-17.76863368558982,0.1600000000000108,-1.1874999999999944
2009-09-23,-1,575,797,107.17999999999999,107.36,107.19,107.34,stop,-0.18000000000000682,-0.0016792611251050175,-16.792611251050175,0.15000000000000568,-1.2
2009-09-24,-1,576,959,106.38,105.05000000000001,106.39,105.04,eod,1.329999999999984,0.012501174922454969,125.01174922454969,0.2600000000000051,5.115384615384453
2009-09-25,-1,575,582,104.58999999999999,104.87,104.6,104.85000000000001,stop,-0.28000000000001535,-0.0026768642447420206,-26.768642447420206,0.2500000000000142,-1.1199999999999977
2009-09-28,1,575,959,105.03000000000002,106.3,105.02000000000001,106.31,eod,1.2699999999999818,0.012092934679108568,120.92934679108568,0.20000000000001705,6.349999999999367
2009-09-29,1,575,600,106.67000000000002,106.34,106.66000000000001,106.36,stop,-0.3300000000000125,-0.003093943371460833,-30.93943371460833,0.30000000000001137,-1.1
2009-09-30,-1,575,959,106.18999999999998,105.60000000000001,106.19999999999999,105.59,eod,0.589999999999975,0.005555555555555321,55.555555555553205,0.27000000000001023,2.1851851851850097
2009-10-01,-1,575,959,105.04999999999998,103.0,105.05999999999999,102.99,eod,2.049999999999983,0.01951265943270496,195.12659432704962,0.3300000000000125,6.212121212120925
2009-10-02,1,575,959,102.22000000000001,102.53999999999999,102.21000000000001,102.55,eod,0.31999999999997897,0.0031308091184813515,31.308091184813517,0.2300000000000182,1.3913043478258855
2009-10-05,-1,575,580,102.80999999999999,103.01,102.82,102.99000000000001,stop,-0.20000000000001705,-0.0019451468585879894,-19.451468585879894,0.17000000000001592,-1.1764705882352844
2009-10-06,1,575,959,105.02000000000001,105.50999999999999,105.01,105.52,eod,0.4899999999999807,0.004666222264546049,46.662222645460496,0.3100000000000165,1.5806451612901762
2009-10-07,1,575,588,105.41000000000001,105.1,105.4,105.11999999999999,stop,-0.3100000000000165,-0.0029411764705883914,-29.411764705883915,0.28000000000001535,-1.1071428571428554
2009-10-08,1,577,600,106.69000000000001,106.285,106.68,106.30499999999999,stop,-0.40500000000001535,-0.003796400449943901,-37.96400449943901,0.3750000000000142,-1.08
2009-10-09,1,580,959,106.67000000000002,107.22999999999999,106.66000000000001,107.24,eod,0.5599999999999739,0.005250328145508848,52.503281455088484,0.3100000000000165,1.8064516129030455
2009-10-12,1,576,858,107.89000000000001,107.62,107.88000000000001,107.64,stop,-0.27000000000001023,-0.0025027808676307954,-25.027808676307952,0.2400000000000091,-1.125
2009-10-13,1,575,582,107.52000000000001,107.33,107.51,107.35,stop,-0.19000000000001194,-0.001767277462561733,-17.672774625617333,0.1600000000000108,-1.1874999999999944
2009-10-14,-1,577,685,108.58999999999999,108.82000000000001,108.6,108.80000000000001,stop,-0.2300000000000182,-0.0021178637200738324,-21.178637200738322,0.20000000000001705,-1.1499999999999928
2009-10-15,1,576,959,108.95000000000002,109.61999999999999,108.94000000000001,109.63,eod,0.6699999999999733,0.006150174407930725,61.50174407930725,0.21000000000002217,3.1904761904757266
2009-10-16,1,579,596,108.91000000000001,108.6,108.9,108.61999999999999,stop,-0.3100000000000165,-0.002846648301193907,-28.46648301193907,0.28000000000001535,-1.1071428571428554
2009-10-19,1,576,587,109.13000000000001,108.91,109.12,108.92999999999999,stop,-0.22000000000001307,-0.002016129032258184,-20.16129032258184,0.19000000000001194,-1.1578947368421013
2009-10-20,-1,578,959,109.55999999999999,109.23,109.57,109.22,eod,0.3299999999999841,0.003011773295609967,30.117732956099672,0.42500000000001137,0.7764705882352358
2009-10-21,1,576,930,109.30000000000001,108.96,109.29,108.97999999999999,stop,-0.3400000000000176,-0.0031109891115382706,-31.109891115382705,0.3100000000000165,-1.0967741935483857
2009-10-22,1,575,588,108.25000000000001,107.98,108.24000000000001,108.0,stop,-0.27000000000001023,-0.00249445676274954,-24.944567627495402,0.2400000000000091,-1.125
2009-10-23,-1,575,959,109.57,108.08,109.58,108.07,eod,1.4899999999999949,0.013597371783172066,135.97371783172065,0.19000000000001194,7.842105263157375
2009-10-26,1,578,690,108.56000000000002,108.16,108.55000000000001,108.17999999999999,stop,-0.4000000000000199,-0.0036849378166745267,-36.84937816674527,0.37000000000001876,-1.08108108108108
2009-10-27,-1,580,594,106.99,107.34,107.0,107.32000000000001,stop,-0.3500000000000085,-0.003271028037383257,-32.710280373832575,0.3200000000000074,-1.0937500000000013
2009-10-28,1,575,594,106.26,105.92999999999999,106.25,105.94999999999999,stop,-0.3300000000000125,-0.003105882352941294,-31.05882352941294,0.30000000000001137,-1.1
2009-10-29,-1,575,578,105.1,105.38,105.11,105.36,stop,-0.28000000000000114,-0.0026638759394919716,-26.638759394919717,0.25,-1.1200000000000045
2009-10-30,-1,580,582,106.10999999999999,106.43,106.11999999999999,106.41000000000001,stop,-0.3200000000000216,-0.003015454202789499,-30.15454202789499,0.29000000000002046,-1.1034482758620656
2009-11-02,-1,585,600,104.03999999999999,104.55,104.05,104.53,stop,-0.5100000000000051,-0.004901489668428689,-49.014896684286896,0.480000000000004,-1.0625000000000018
2009-11-03,1,575,959,103.85000000000001,104.66,103.84,104.67,eod,0.8099999999999881,0.007800462249614676,78.00462249614677,0.3100000000000023,2.612903225806394
2009-11-04,-1,575,600,105.41999999999999,105.75,105.42999999999999,105.73,stop,-0.3300000000000125,-0.0031300388883620653,-31.300388883620652,0.30000000000001137,-1.1
2009-11-05,-1,578,586,105.49999999999999,105.78,105.50999999999999,105.76,stop,-0.28000000000001535,-0.0026537768931856258,-26.537768931856256,0.2500000000000142,-1.1199999999999977
2009-11-06,1,575,959,106.34,107.14,106.33,107.15,eod,0.7999999999999972,0.007523746825919281,75.23746825919281,0.29000000000000625,2.7586206896551033
2009-11-09,1,576,959,108.02000000000001,109.57,108.01,109.58,eod,1.549999999999983,0.01435052309971283,143.5052309971283,0.14000000000001478,11.071428571427282
2009-11-10,1,575,666,109.52000000000001,109.23,109.51,109.25,stop,-0.29000000000000625,-0.0026481599853895193,-26.481599853895194,0.2600000000000051,-1.1153846153846174
2009-11-11,1,575,576,110.38000000000001,110.21,110.37,110.22999999999999,stop,-0.17000000000001592,-0.0015402736250794229,-15.402736250794229,0.14000000000001478,-1.2142857142856998
2009-11-12,-1,578,591,109.80999999999999,110.12,109.82,110.10000000000001,stop,-0.3100000000000165,-0.002822800947004339,-28.22800947004339,0.28000000000001535,-1.1071428571428554
2009-11-13,-1,575,592,109.13999999999999,109.41,109.14999999999999,109.39,stop,-0.27000000000001023,-0.0024736601007788388,-24.736601007788387,0.2400000000000091,-1.125
2009-11-16,1,576,959,110.53000000000002,111.19999999999999,110.52000000000001,111.21,eod,0.6699999999999733,0.006062251176257449,60.62251176257449,0.21000000000002217,3.1904761904757266
2009-11-17,-1,576,577,110.74,110.99,110.75,110.97,stop,-0.25,-0.002257336343115124,-22.57336343115124,0.21999999999999886,-1.1363636363636422
2009-11-18,-1,575,583,111.07,111.35,111.08,111.33,stop,-0.28000000000000114,-0.002520705797623345,-25.207057976233447,0.25,-1.1200000000000045
2009-11-19,-1,575,745,110.35,110.59,110.36,110.57000000000001,stop,-0.2400000000000091,-0.0021747009786155227,-21.74700978615523,0.21000000000000796,-1.1428571428571428
2009-11-20,1,575,606,109.52000000000001,109.2,109.51,109.22,stop,-0.3200000000000074,-0.002922107570084991,-29.221075700849912,0.29000000000000625,-1.1034482758620707
2009-11-23,1,575,935,110.96000000000001,110.66,110.95,110.67999999999999,stop,-0.30000000000001137,-0.0027039206849933427,-27.03920684993343,0.27000000000001023,-1.1111111111111112
2009-11-24,-1,584,888,110.68999999999998,111.08,110.69999999999999,111.06,stop,-0.3900000000000148,-0.0035230352303524375,-35.23035230352438,0.36000000000001364,-1.0833333333333333
2009-11-25,-1,583,600,110.85,111.24,110.86,111.22,stop,-0.39000000000000057,-0.0035179505682843277,-35.17950568284328,0.35999999999999943,-1.0833333333333366
2009-11-30,1,582,691,109.67000000000002,109.14,109.66000000000001,109.16,stop,-0.5300000000000153,-0.004833120554441139,-48.33120554441139,0.5000000000000142,-1.0600000000000005
2009-12-01,1,577,600,111.25000000000001,110.89,111.24000000000001,110.91,stop,-0.36000000000001364,-0.003236245954692679,-32.36245954692679,0.3300000000000125,-1.0909090909090908
2009-12-02,1,576,739,111.54,111.17999999999999,111.53,111.19999999999999,stop,-0.36000000000001364,-0.003227831076840434,-32.27831076840434,0.3300000000000125,-1.0909090909090908
2009-12-03,1,575,601,111.76,111.41,111.75,111.42999999999999,stop,-0.3500000000000085,-0.003131991051454215,-31.319910514542148,0.3200000000000074,-1.0937500000000013
2009-12-04,1,576,656,111.94000000000001,111.63,111.93,111.64999999999999,stop,-0.3100000000000165,-0.002769588135441941,-27.69588135441941,0.28000000000001535,-1.1071428571428554
2009-12-07,1,575,870,111.18,110.85,111.17,110.86999999999999,stop,-0.3300000000000125,-0.002968426733831182,-29.684267338311823,0.30000000000001137,-1.1
2009-12-08,-1,575,701,109.75999999999999,110.12,109.77,110.10000000000001,stop,-0.36000000000001364,-0.0032795845859525706,-32.795845859525706,0.3300000000000125,-1.0909090909090908
2009-12-09,-1,575,645,109.52999999999999,109.92530000000001,109.53999999999999,109.90530000000001,stop,-0.3953000000000202,-0.003608727405514152,-36.08727405514152,0.36530000000001905,-1.0821242814125365
2009-12-10,1,576,605,110.96000000000001,110.65,110.95,110.67,stop,-0.3100000000000023,-0.002794051374493035,-27.940513744930353,0.28000000000000114,-1.1071428571428608
2009-12-11,-1,575,598,111.02999999999999,111.28,111.03999999999999,111.26,stop,-0.2500000000000142,-0.0022514409221903297,-22.514409221903296,0.22000000000001307,-1.1363636363636334
2009-12-14,-1,575,700,111.69999999999999,111.91,111.71,111.89,stop,-0.21000000000000796,-0.0018798675140990777,-18.798675140990778,0.18000000000000682,-1.1666666666666667
2009-12-15,1,575,589,111.51,111.33,111.5,111.35,stop,-0.18000000000000682,-0.0016143497757848146,-16.143497757848145,0.15000000000000568,-1.2
2009-12-16,1,577,623,111.9,111.73,111.89,111.75,stop,-0.1700000000000017,-0.0015193493609795487,-15.193493609795487,0.14000000000000057,-1.2142857142857215
2009-12-17,1,575,597,110.76,110.53999999999999,110.75,110.55999999999999,stop,-0.22000000000001307,-0.0019864559819414273,-19.86455981941427,0.19000000000001194,-1.1578947368421013
2009-12-18,-1,575,585,110.00999999999999,110.26,110.02,110.24000000000001,stop,-0.2500000000000142,-0.0022723141247047284,-22.723141247047284,0.22000000000001307,-1.1363636363636334
2009-12-21,1,575,959,111.24000000000001,111.33,111.23,111.34,eod,0.0899999999999892,0.0008091342263776786,8.091342263776786,0.480000000000004,0.18749999999997594
2009-12-22,1,577,690,111.61000000000001,111.42999999999999,111.60000000000001,111.44999999999999,stop,-0.18000000000002103,-0.00161290322580664,-16.1290322580664,0.1500000000000199,-1.199999999999981
2009-12-23,1,576,600,112.05000000000001,111.87,112.04,111.89,stop,-0.18000000000000682,-0.0016065690824706071,-16.06569082470607,0.15000000000000568,-1.2
2009-12-28,1,576,613,112.97000000000001,112.75,112.96000000000001,112.77,stop,-0.22000000000001307,-0.0019475920679887843,-19.475920679887842,0.19000000000001194,-1.1578947368421013
2009-12-29,-1,575,959,112.92999999999999,112.59,112.94,112.58,eod,0.3399999999999892,0.00301044802550017,30.1044802550017,0.10000000000000853,3.399999999999602
2009-12-30,-1,576,579,112.16,112.3,112.17,112.28,stop,-0.14000000000000057,-0.0012481055540697207,-12.481055540697207,0.10999999999999943,-1.2727272727272845
2009-12-31,-1,579,959,112.67999999999999,111.45,112.69,111.44,eod,1.2299999999999898,0.01091489928121386,109.1489928121386,0.12000000000000455,10.249999999999526
2010-01-04,1,575,959,112.51,113.30999999999999,112.5,113.32,eod,0.799999999999983,0.00711111111111096,71.1111111111096,0.18000000000000682,4.444444444444181
2010-01-05,-1,575,615,113.18999999999998,113.39,113.19999999999999,113.37,stop,-0.20000000000001705,-0.0017667844522969707,-17.667844522969705,0.17000000000001592,-1.1764705882352844
2010-01-06,1,576,583,113.64000000000001,113.46,113.63000000000001,113.47999999999999,stop,-0.18000000000002103,-0.0015840887089678872,-15.840887089678873,0.1500000000000199,-1.199999999999981
2010-01-07,1,576,592,113.66000000000001,113.39,113.65,113.41,stop,-0.27000000000001023,-0.0023757149142103846,-23.757149142103845,0.2400000000000091,-1.125
2010-01-08,-1,579,598,113.74999999999999,114.05,113.75999999999999,114.03,stop,-0.30000000000001137,-0.0026371308016878638,-26.371308016878636,0.27000000000001023,-1.1111111111111112
2010-01-11,-1,576,959,114.89999999999999,114.74000000000001,114.91,114.73,eod,0.15999999999998238,0.0013923940475152935,13.923940475152936,0.23000000000000398,0.6956521739129549
2010-01-12,1,575,581,114.06000000000002,113.88,114.05000000000001,113.89999999999999,stop,-0.18000000000002103,-0.0015782551512496363,-15.782551512496363,0.1500000000000199,-1.199999999999981
2010-01-13,-1,576,718,113.91,114.14,113.92,114.12,stop,-0.23000000000000398,-0.0020189606741573382,-20.18960674157338,0.20000000000000284,-1.1500000000000035
2010-01-14,1,575,959,114.55000000000001,114.91,114.54,114.92,eod,0.3599999999999852,0.003143006809847959,31.43006809847959,0.13000000000000966,2.76923076923045
2010-01-15,-1,575,959,114.66,113.67,114.67,113.66,eod,0.9899999999999949,0.008633469957268639,86.33469957268639,0.18000000000000682,5.499999999999763
2010-01-19,1,576,959,113.88000000000001,115.05,113.87,115.06,eod,1.1699999999999875,0.010274874857293295,102.74874857293295,0.30000000000001137,3.8999999999998107
2010-01-20,-1,575,577,114.03999999999999,114.32000000000001,114.05,114.30000000000001,stop,-0.28000000000001535,-0.002455063568610393,-24.55063568610393,0.2500000000000142,-1.1199999999999977
2010-01-21,1,576,586,114.25000000000001,113.86,114.24000000000001,113.88,stop,-0.3900000000000148,-0.0034138655462186166,-34.138655462186165,0.36000000000001364,-1.0833333333333333
2010-01-22,1,575,604,111.42830000000001,110.98,111.4183,111.0,stop,-0.44830000000000325,-0.004023576019379252,-40.235760193792515,0.4183000000000021,-1.0717188620607243
2010-01-25,1,583,600,110.34,109.99,110.33,110.00999999999999,stop,-0.3500000000000085,-0.0031723012779843063,-31.723012779843064,0.3200000000000074,-1.0937500000000013
2010-01-26,1,576,959,109.38000000000001,109.28999999999999,109.37,109.3,eod,-0.09000000000001762,-0.0008228947609035166,-8.228947609035167,0.3400000000000034,-0.26470588235299036
2010-01-27,1,575,611,109.30000000000001,108.91,109.29,108.92999999999999,stop,-0.3900000000000148,-0.003568487510293849,-35.68487510293849,0.36000000000001364,-1.0833333333333333
2010-01-28,-1,576,959,109.97999999999999,108.57000000000001,109.99,108.56,eod,1.4099999999999824,0.012819347213382876,128.19347213382875,0.27000000000001023,5.222222222221959
2010-01-29,-1,575,584,108.96,109.27,108.97,109.25,stop,-0.3100000000000023,-0.0028448196751399675,-28.448196751399674,0.28000000000000114,-1.1071428571428608
2010-02-01,-1,577,587,108.11999999999999,108.39,108.13,108.37,stop,-0.27000000000001023,-0.0024969943586424697,-24.969943586424698,0.2400000000000091,-1.125
2010-02-02,1,576,582,109.32000000000001,109.0,109.31,109.02,stop,-0.3200000000000074,-0.0029274540298235056,-29.274540298235056,0.29000000000000625,-1.1034482758620707
2010-02-03,1,575,626,110.06000000000002,109.81,110.05000000000001,109.83,stop,-0.2500000000000142,-0.0022716946842345678,-22.716946842345678,0.22000000000001307,-1.1363636363636334
2010-02-04,-1,575,579,108.75999999999999,109.03,108.77,109.01,stop,-0.27000000000001023,-0.002482302105360028,-24.82302105360028,0.2400000000000091,-1.125
2010-02-05,-1,575,959,106.49,106.76,106.5,106.75,eod,-0.27000000000001023,-0.00253521126760573,-25.3521126760573,0.39000000000000057,-0.6923076923077175
2010-02-08,-1,575,611,106.42999999999999,106.77,106.44,106.75,stop,-0.3400000000000034,-0.0031942878617061575,-31.942878617061574,0.3100000000000023,-1.0967741935483901
2010-02-09,1,576,581,107.30000000000001,106.99,107.29,107.00999999999999,stop,-0.3100000000000165,-0.0028893652716936945,-28.893652716936945,0.28000000000001535,-1.1071428571428554
2010-02-10,1,575,600,107.32000000000001,106.84,107.31,106.86,stop,-0.480000000000004,-0.004473022085546585,-44.730220855465845,0.45000000000000284,-1.0666666666666689
2010-02-11,-1,575,610,106.52,106.94,106.53,106.92,stop,-0.4200000000000017,-0.003942551393973545,-39.425513939735445,0.39000000000000057,-1.0769230769230798
2010-02-12,-1,576,616,106.77999999999999,107.09,106.78999999999999,107.07000000000001,stop,-0.3100000000000165,-0.002902893529356836,-29.02893529356836,0.28000000000001535,-1.1071428571428554
2010-02-16,-1,578,636,108.63,108.94,108.64,108.92,stop,-0.3100000000000023,-0.002853460972017694,-28.53460972017694,0.28000000000000114,-1.1071428571428608
2010-02-17,1,575,581,110.30000000000001,110.06,110.29,110.08,stop,-0.2400000000000091,-0.0021760812403663894,-21.760812403663895,0.21000000000000796,-1.1428571428571428
2010-02-18,1,575,959,110.22000000000001,110.94999999999999,110.21000000000001,110.96,eod,0.7299999999999756,0.006623718355865851,66.23718355865851,0.18500000000001648,3.945945945945462
2010-02-19,-1,575,579,110.50999999999999,110.74,110.52,110.72,stop,-0.23000000000000398,-0.0020810712993123777,-20.810712993123776,0.20000000000000284,-1.1500000000000035
2010-02-22,-1,578,959,111.33999999999999,111.14,111.35,111.13,eod,0.19999999999998863,0.001796138302649202,17.96138302649202,0.2400000000000091,0.8333333333332544
2010-02-23,1,580,600,111.01,110.71,111.0,110.72999999999999,stop,-0.30000000000001137,-0.002702702702702805,-27.02702702702805,0.27000000000001023,-1.1111111111111112
2010-02-24,1,576,609,110.36000000000001,110.09,110.35000000000001,110.11,stop,-0.27000000000001023,-0.00244676030811065,-24.4676030811065,0.2400000000000091,-1.125
2010-02-25,1,577,585,109.35000000000001,109.05,109.34,109.07,stop,-0.30000000000001137,-0.0027437351381014393,-27.437351381014395,0.27000000000001023,-1.1111111111111112
2010-02-26,1,575,577,110.82000000000001,110.57,110.81,110.58999999999999,stop,-0.2500000000000142,-0.0022561140691274633,-22.561140691274634,0.22000000000001307,-1.1363636363636334
2010-03-01,1,575,959,111.48,111.88499999999999,111.47,111.895,eod,0.4049999999999869,0.0036332645554856637,36.33264555485664,0.3100000000000023,1.306451612903174
2010-03-02,1,575,591,112.53000000000002,112.27,112.52000000000001,112.28999999999999,stop,-0.2600000000000193,-0.002310700319943293,-23.10700319943293,0.2300000000000182,-1.1304347826086902
2010-03-03,-1,576,588,112.35,112.55,112.36,112.53,stop,-0.20000000000000284,-0.0017799928800285051,-17.799928800285052,0.1700000000000017,-1.176470588235299
2010-03-04,1,575,622,112.58000000000001,112.37,112.57000000000001,112.39,stop,-0.21000000000000796,-0.0018655059074354442,-18.65505907435444,0.18000000000000682,-1.1666666666666667
2010-03-05,-1,575,587,113.24999999999999,113.43,113.25999999999999,113.41000000000001,stop,-0.18000000000002103,-0.0015892636411797725,-15.892636411797724,0.1500000000000199,-1.199999999999981
2010-03-08,1,575,598,114.47000000000001,114.22,114.46000000000001,114.24,stop,-0.2500000000000142,-0.002184169142058485,-21.841691420584848,0.22000000000001307,-1.1363636363636334
2010-03-09,1,575,959,114.02000000000001,114.44,114.01,114.45,eod,0.4199999999999875,0.003683887378300039,36.838873783000395,0.15000000000000568,2.7999999999998106
2010-03-10,1,580,750,114.77000000000001,114.44,114.76,114.46,stop,-0.3300000000000125,-0.002875566399442423,-28.755663994424232,0.30000000000001137,-1.1
2010-03-12,-1,577,959,115.58999999999999,115.46000000000001,115.6,115.45,eod,0.12999999999998124,0.0011245674740482806,11.245674740482807,0.38000000000000966,0.3421052631578367
2010-03-15,-1,577,585,115.11999999999999,115.34,115.13,115.32000000000001,stop,-0.22000000000001307,-0.0019108833492574749,-19.10883349257475,0.19000000000001194,-1.1578947368421013
2010-03-16,-1,580,632,115.63999999999999,115.87,115.64999999999999,115.85000000000001,stop,-0.2300000000000182,-0.0019887591872029243,-19.887591872029244,0.20000000000001705,-1.1499999999999928
2010-03-17,1,579,959,116.88000000000001,117.08999999999999,116.87,117.1,eod,0.20999999999997954,0.0017968683152218665,17.968683152218667,0.17000000000001592,1.2352941176468228
2010-03-18,1,575,635,117.14000000000001,116.94,117.13000000000001,116.96,stop,-0.20000000000001705,-0.0017075044821994111,-17.075044821994112,0.17000000000001592,-1.1764705882352844
2010-03-19,-1,577,959,116.77999999999999,115.97,116.78999999999999,115.96,eod,0.8099999999999881,0.006935525301823685,69.35525301823685,0.19000000000001194,4.263157894736511
2010-03-22,1,576,959,115.46000000000001,116.57,115.45,116.58,eod,1.1099999999999852,0.009614551754005935,96.14551754005934,0.22000000000001307,5.045454545454178
2010-03-23,-1,575,618,116.58999999999999,116.89,116.6,116.87,stop,-0.30000000000001137,-0.0025728987993139914,-25.728987993139913,0.27000000000001023,-1.1111111111111112
2010-03-24,-1,577,585,116.93999999999998,117.14,116.94999999999999,117.12,stop,-0.20000000000001705,-0.0017101325352716296,-17.101325352716295,0.17000000000001592,-1.1764705882352844
2010-03-25,-1,575,671,117.57999999999998,117.76,117.58999999999999,117.74000000000001,stop,-0.18000000000002103,-0.0015307424100690623,-15.307424100690623,0.1500000000000199,-1.199999999999981
2010-03-26,-1,580,595,116.83999999999999,117.1,116.85,117.08,stop,-0.2600000000000051,-0.0022250748823278146,-22.250748823278148,0.23000000000000398,-1.1304347826086982
2010-03-29,1,585,598,117.4,117.13,117.39,117.14999999999999,stop,-0.27000000000001023,-0.0023000255558395964,-23.000255558395963,0.2400000000000091,-1.125
2010-03-30,-1,576,590,117.41,117.59,117.42,117.57000000000001,stop,-0.18000000000000682,-0.001532958610117585,-15.32958610117585,0.15000000000000568,-1.2
2010-03-31,1,575,583,117.04,116.89,117.03,116.91,stop,-0.15000000000000568,-0.0012817226352217865,-12.817226352217865,0.12000000000000455,-1.25
2010-04-01,1,575,657,118.02000000000001,117.74,118.01,117.75999999999999,stop,-0.28000000000001535,-0.0023726802813322204,-23.726802813322205,0.2500000000000142,-1.1199999999999977
2010-04-05,-1,576,585,117.96,118.345,117.97,118.325,stop,-0.3850000000000051,-0.003263541578367425,-32.635415783674254,0.355000000000004,-1.0845070422535235
2010-04-06,1,577,959,118.49000000000001,119.0,118.48,119.01,eod,0.5099999999999909,0.004304523970290268,43.04523970290268,0.20000000000000284,2.549999999999918
2010-04-07,-1,575,580,118.66,118.85,118.67,118.83,stop,-0.18999999999999773,-0.0016010786213870205,-16.010786213870205,0.1599999999999966,-1.187500000000011
2010-04-08,-1,580,625,117.71,118.0,117.72,117.98,stop,-0.29000000000000625,-0.0024634726469589386,-24.634726469589385,0.2600000000000051,-1.1153846153846174
2010-04-09,-1,576,581,118.96,119.14,118.97,119.12,stop,-0.18000000000000682,-0.0015129864671766565,-15.129864671766565,0.15000000000000568,-1.2
2010-04-12,1,578,598,119.81000000000002,119.6,119.80000000000001,119.61999999999999,stop,-0.21000000000002217,-0.00175292153589334,-17.5292153589334,0.18000000000002103,-1.1666666666666534
2010-04-13,-1,575,591,119.47999999999999,119.73,119.49,119.71000000000001,stop,-0.2500000000000142,-0.0020922252908194346,-20.922252908194345,0.22000000000001307,-1.1363636363636334
2010-04-14,1,583,613,120.39000000000001,120.21,120.38000000000001,120.22999999999999,stop,-0.18000000000002103,-0.0014952649941852552,-14.952649941852552,0.1500000000000199,-1.199999999999981
2010-04-15,1,579,959,121.09,121.3,121.08,121.31,eod,0.20999999999999375,0.0017343904856292843,17.343904856292845,0.14000000000000057,1.4999999999999492
2010-04-16,1,579,583,121.01,120.82,121.0,120.83999999999999,stop,-0.19000000000001194,-0.0015702479338843961,-15.702479338843961,0.1600000000000108,-1.1874999999999944
2010-04-19,1,575,705,119.34250000000002,118.95,119.33250000000001,118.97,stop,-0.3925000000000125,-0.0032891291140302306,-32.89129114030231,0.36250000000001137,-1.0827586206896558
2010-04-20,-1,575,714,120.49999999999999,120.72,120.50999999999999,120.7,stop,-0.22000000000001307,-0.0018255746411087303,-18.2557464110873,0.19000000000001194,-1.1578947368421013
2010-04-21,1,577,627,121.055,120.82,121.045,120.83999999999999,stop,-0.23500000000001364,-0.0019414267421208116,-19.414267421208116,0.2050000000000125,-1.1463414634146307
2010-04-22,-1,575,626,119.47999999999999,119.87,119.49,119.85000000000001,stop,-0.3900000000000148,-0.0032638714536782558,-32.63871453678256,0.36000000000001364,-1.0833333333333333
2010-04-23,-1,575,577,120.75999999999999,120.98,120.77,120.96000000000001,stop,-0.22000000000001307,-0.0018216444481246425,-18.216444481246427,0.19000000000001194,-1.1578947368421013
2010-04-26,1,578,588,122.05000000000001,121.75,122.04,121.77,stop,-0.30000000000001137,-0.002458210422812286,-24.58210422812286,0.27000000000001023,-1.1111111111111112
2010-04-27,-1,578,580,120.60999999999999,120.85,120.61999999999999,120.83,stop,-0.2400000000000091,-0.0019897197811308996,-19.897197811308995,0.21000000000000796,-1.1428571428571428
2010-04-28,-1,575,578,118.93999999999998,119.22,118.94999999999999,119.2,stop,-0.28000000000001535,-0.002353930222782811,-23.53930222782811,0.2500000000000142,-1.1199999999999977
2010-04-29,1,575,959,120.19000000000001,120.83,120.18,120.84,eod,0.6399999999999864,0.005325345315360179,53.2534531536018,0.12000000000001876,5.333333333332386
2010-04-30,1,582,596,120.91000000000001,120.62,120.9,120.64,stop,-0.29000000000000625,-0.002398676592225031,-23.98676592225031,0.2600000000000051,-1.1153846153846174
2010-05-03,1,575,652,119.605,119.32,119.595,119.33999999999999,stop,-0.2850000000000108,-0.0023830427693466347,-23.830427693466348,0.25500000000000966,-1.1176470588235294
2010-05-04,-1,576,959,118.57999999999998,117.56,118.58999999999999,117.55,eod,1.0199999999999818,0.00860106248418907,86.0106248418907,0.45000000000001705,2.2666666666665405
2010-05-05,-1,575,595,116.30999999999999,116.68,116.32,116.66000000000001,stop,-0.37000000000001876,-0.0031808803301239578,-31.80880330123958,0.3400000000000176,-1.0882352941176459
2010-05-06,1,575,630,116.52000000000001,116.22,116.51,116.24,stop,-0.30000000000001137,-0.0025748862758562473,-25.748862758562474,0.27000000000001023,-1.1111111111111112
2010-05-07,1,578,602,112.81000000000002,112.12,112.80000000000001,112.14,stop,-0.6900000000000119,-0.00611702127659585,-61.170212765958496,0.6600000000000108,-1.0454545454545465
2010-05-10,1,576,627,115.98,115.58,115.97,115.6,stop,-0.4000000000000057,-0.0034491678882470093,-34.49167888247009,0.37000000000000455,-1.0810810810810831
2010-05-11,1,575,959,115.29,115.82,115.28,115.83,eod,0.5299999999999869,0.004597501734906201,45.975017349062014,0.38000000000000966,1.3947368421051933
2010-05-12,1,579,959,116.47000000000001,117.44,116.46000000000001,117.45,eod,0.9699999999999847,0.00832904001373849,83.2904001373849,0.38000000000000966,2.5526315789472633
2010-05-13,-1,576,587,116.80999999999999,117.31,116.82,117.29,stop,-0.5000000000000142,-0.00428008902585186,-42.8008902585186,0.4700000000000131,-1.0638297872340432
2010-05-14,-1,575,959,115.00999999999999,113.91000000000001,115.02,113.9,eod,1.09999999999998,0.00956355416449296,95.63554164492959,0.3200000000000074,3.4374999999998583
2010-05-17,1,576,585,114.37,114.08,114.36,114.1,stop,-0.29000000000000625,-0.0025358516963973963,-25.358516963973962,0.2600000000000051,-1.1153846153846174
2010-05-18,-1,575,580,114.77,114.99,114.78,114.97,stop,-0.21999999999999886,-0.0019167102282627536,-19.167102282627535,0.18999999999999773,-1.157894736842113
2010-05-19,1,575,612,112.14000000000001,111.71,112.13000000000001,111.72999999999999,stop,-0.43000000000002103,-0.00383483456702061,-38.3483456702061,0.4000000000000199,-1.074999999999999
2010-05-20,1,577,585,109.73,109.13,109.72,109.14999999999999,stop,-0.6000000000000085,-0.005468465184105072,-54.68465184105072,0.5700000000000074,-1.0526315789473697
2010-05-21,1,575,959,106.27000000000001,109.08999999999999,106.26,109.1,eod,2.819999999999979,0.026538678712591558,265.3867871259156,0.6300000000000097,4.476190476190374
2010-05-24,1,576,584,108.89000000000001,108.395,108.88000000000001,108.41499999999999,stop,-0.49500000000001876,-0.0045462894930200105,-45.46289493020011,0.4650000000000176,-1.064516129032258
2010-05-25,-1,577,592,104.85999999999999,105.37,104.86999999999999,105.35000000000001,stop,-0.5100000000000193,-0.004863163917231042,-48.63163917231042,0.4800000000000182,-1.0625
2010-05-26,1,576,706,108.86000000000001,108.41,108.85000000000001,108.42999999999999,stop,-0.45000000000001705,-0.004134129536058953,-41.34129536058953,0.4200000000000159,-1.0714285714285714
2010-05-27,-1,575,618,109.11999999999999,109.47,109.13,109.45,stop,-0.3500000000000085,-0.00320718409236698,-32.071840923669804,0.3200000000000074,-1.0937500000000013
2010-05-28,-1,575,959,110.33999999999999,109.36,110.35,109.35,eod,0.9799999999999898,0.008880833710919708,88.80833710919708,0.3400000000000176,2.882352941176291
2010-06-01,1,575,946,108.52000000000001,108.16,108.51,108.17999999999999,stop,-0.36000000000001364,-0.0033176665745093875,-33.17666574509388,0.3300000000000125,-1.0909090909090908
2010-06-02,1,576,577,108.27000000000001,107.97,108.26,107.99,stop,-0.30000000000001137,-0.0027711065952338017,-27.711065952338018,0.27000000000001023,-1.1111111111111112
2010-06-03,-1,576,593,110.57,110.91,110.58,110.89,stop,-0.3400000000000034,-0.0030746970519081518,-30.74697051908152,0.3100000000000023,-1.0967741935483901
2010-06-04,1,575,679,108.87,108.47,108.86,108.49,stop,-0.4000000000000057,-0.0036744442403087055,-36.74444240308706,0.37000000000000455,-1.0810810810810831
2010-06-07,-1,575,596,107.00999999999999,107.37,107.02,107.35000000000001,stop,-0.36000000000001364,-0.0033638572229491093,-33.638572229491096,0.3300000000000125,-1.0909090909090908
2010-06-08,1,575,591,106.01,105.49,106.0,105.50999999999999,stop,-0.5200000000000102,-0.004905660377358587,-49.05660377358587,0.4900000000000091,-1.0612244897959195
2010-06-09,1,575,578,107.43,107.15,107.42,107.17,stop,-0.28000000000000114,-0.002606590951405708,-26.06590951405708,0.25,-1.1200000000000045
2010-06-10,-1,581,589,107.77999999999999,108.14,107.78999999999999,108.12,stop,-0.36000000000001364,-0.003339827442248944,-33.39827442248944,0.3300000000000125,-1.0909090909090908
2010-06-11,1,576,959,108.38000000000001,109.64999999999999,108.37,109.66,eod,1.2699999999999818,0.011719110454922781,117.19110454922782,0.2600000000000051,4.884615384615219
2010-06-14,-1,575,618,110.33999999999999,110.62,110.35,110.60000000000001,stop,-0.28000000000001535,-0.002537381060262939,-25.37381060262939,0.2500000000000142,-1.1199999999999977
2010-06-15,-1,575,578,110.13999999999999,110.39,110.14999999999999,110.37,stop,-0.2500000000000142,-0.00226963231956436,-22.6963231956436,0.22000000000001307,-1.1363636363636334
2010-06-16,1,576,633,111.56000000000002,111.2,111.55000000000001,111.22,stop,-0.36000000000001364,-0.003227252353204963,-32.27252353204963,0.3300000000000125,-1.0909090909090908
2010-06-17,-1,576,959,112.17999999999999,112.13000000000001,112.19,112.12,eod,0.04999999999998295,0.00044567251983227514,4.456725198322752,0.15000000000000568,0.333333333333207
2010-06-18,-1,581,626,111.57,111.88,111.58,111.86,stop,-0.3100000000000023,-0.0027782756766445804,-27.782756766445804,0.28000000000000114,-1.1071428571428608
2010-06-21,-1,577,959,112.94999999999999,111.37,112.96,111.36,eod,1.579999999999984,0.013987252124645752,139.87252124645752,0.2500000000000142,6.3199999999995775
2010-06-22,1,575,600,111.58000000000001,111.3,111.57000000000001,111.32,stop,-0.28000000000001535,-0.002509635206596893,-25.09635206596893,0.2500000000000142,-1.1199999999999977
2010-06-23,-1,578,870,109.33999999999999,109.6899,109.35,109.6699,stop,-0.3499000000000052,-0.0031998171010517167,-31.998171010517165,0.31990000000000407,-1.0937793060331378
2010-06-24,1,575,580,108.79010000000001,108.51,108.7801,108.53,stop,-0.28010000000000446,-0.0025749194935471144,-25.749194935471145,0.2501000000000033,-1.119952019192326
2010-06-25,-1,575,607,107.52,107.78,107.53,107.76,stop,-0.2600000000000051,-0.0024179298800335266,-24.179298800335268,0.23000000000000398,-1.1304347826086982
2010-06-28,-1,578,665,107.71,108.15,107.72,108.13000000000001,stop,-0.44000000000001194,-0.004084663943557482,-40.846639435574815,0.4100000000000108,-1.073170731707318
2010-06-29,-1,579,959,105.77,104.23,105.78,104.22,eod,1.539999999999992,0.014558517678199963,145.58517678199962,0.29999999999999716,5.133333333333355
2010-06-30,1,575,927,104.15,103.82,104.14,103.83999999999999,stop,-0.3300000000000125,-0.003168811215671332,-31.68811215671332,0.30000000000001137,-1.1
2010-07-01,1,577,594,103.22000000000001,102.9,103.21000000000001,102.92,stop,-0.3200000000000074,-0.0031004747601977266,-31.004747601977265,0.29000000000000625,-1.1034482758620707
2010-07-02,1,575,590,103.28000000000002,102.85,103.27000000000001,102.86999999999999,stop,-0.43000000000002103,-0.0041638423549919725,-41.63842354991972,0.4000000000000199,-1.074999999999999
2010-07-06,-1,575,590,103.52999999999999,103.77,103.53999999999999,103.75,stop,-0.2400000000000091,-0.0023179447556500783,-23.179447556500783,0.21000000000000796,-1.1428571428571428
2010-07-07,1,575,959,103.30000000000001,106.11999999999999,103.29,106.13,eod,2.819999999999979,0.027301771710717192,273.0177171071719,0.28000000000001535,10.071428571427944
2010-07-08,1,575,589,107.02000000000001,106.75,107.01,106.77,stop,-0.27000000000001023,-0.002523128679562753,-25.231286795627533,0.2400000000000091,-1.125
2010-07-09,1,579,959,107.23,107.91,107.22,107.92,eod,0.6799999999999926,0.006342100354411422,63.42100354411422,0.29999999999999716,2.2666666666666635
2010-07-12,1,575,660,107.71000000000001,107.44,107.7,107.46,stop,-0.27000000000001023,-0.0025069637883009307,-25.069637883009307,0.2400000000000091,-1.125
2010-07-13,1,575,587,109.20000000000002,108.99,109.19000000000001,109.00999999999999,stop,-0.21000000000002217,-0.0019232530451508576,-19.232530451508577,0.18000000000002103,-1.1666666666666534
2010-07-14,-1,576,589,109.19999999999999,109.48,109.21,109.46000000000001,stop,-0.28000000000001535,-0.002563867777676178,-25.638677776761778,0.2500000000000142,-1.1199999999999977
2010-07-15,1,577,580,109.66000000000001,109.38,109.65,109.39999999999999,stop,-0.28000000000001535,-0.002553579571363569,-25.535795713635693,0.2500000000000142,-1.1199999999999977
2010-07-16,-1,579,959,108.82,106.67,108.83,106.66,eod,2.1499999999999915,0.019755582100523673,197.55582100523674,0.36000000000001364,5.972222222221972
2010-07-19,1,576,608,107.28000000000002,106.97,107.27000000000001,106.99,stop,-0.3100000000000165,-0.00288990398060983,-28.8990398060983,0.28000000000001535,-1.1071428571428554
2010-07-20,1,575,959,106.09,108.46,106.08,108.47,eod,2.3699999999999903,0.02234162895927593,223.41628959275928,0.27000000000001023,8.777777777777409
2010-07-21,-1,575,959,108.86999999999999,107.11,108.88,107.1,eod,1.759999999999991,0.016164584864070453,161.64584864070454,0.20000000000000284,8.79999999999983
2010-07-22,1,575,959,108.66000000000001,109.44999999999999,108.65,109.46,eod,0.7899999999999778,0.007271053842613694,72.71053842613694,0.3300000000000125,2.393939393939236
2010-07-23,1,579,600,109.34170000000002,108.92999999999999,109.33170000000001,108.94999999999999,stop,-0.4117000000000246,-0.0037656050349534906,-37.65605034953491,0.38170000000002346,-1.0785957558291834
2010-07-26,-1,578,600,110.38,110.72,110.39,110.7,stop,-0.3400000000000034,-0.0030799891294501624,-30.799891294501624,0.3100000000000023,-1.0967741935483901
2010-07-27,-1,575,579,112.04999999999998,112.26,112.05999999999999,112.24000000000001,stop,-0.21000000000002217,-0.0018739960735322345,-18.739960735322345,0.18000000000002103,-1.1666666666666534
2010-07-28,1,575,587,111.50000000000001,111.26,111.49000000000001,111.28,stop,-0.2400000000000091,-0.002152659431339215,-21.526594313392152,0.21000000000000796,-1.1428571428571428
2010-07-29,1,576,587,111.74000000000001,111.48,111.73,111.5,stop,-0.2600000000000051,-0.002327038396133582,-23.27038396133582,0.23000000000000398,-1.1304347826086982
2010-07-30,-1,575,582,109.13999999999999,109.45,109.14999999999999,109.43,stop,-0.3100000000000165,-0.0028401282638572285,-28.401282638572287,0.28000000000001535,-1.1071428571428554
2010-08-02,-1,575,600,111.78999999999999,112.09,111.8,112.07000000000001,stop,-0.30000000000001137,-0.0026833631484795293,-26.833631484795294,0.27000000000001023,-1.1111111111111112
2010-08-03,1,580,585,112.54,112.26,112.53,112.28,stop,-0.28000000000000114,-0.0024882253621256656,-24.882253621256655,0.25,-1.1200000000000045
2010-08-04,-1,576,579,112.35999999999999,112.61,112.36999999999999,112.59,stop,-0.2500000000000142,-0.0022247930942423623,-22.247930942423622,0.22000000000001307,-1.1363636363636334
2010-08-05,-1,576,581,112.07,112.43,112.08,112.41000000000001,stop,-0.36000000000001364,-0.0032119914346896293,-32.119914346896294,0.3300000000000125,-1.0909090909090908
2010-08-06,1,576,645,112.10000000000001,111.64,112.09,111.66,stop,-0.46000000000000796,-0.004103845124453635,-41.03845124453635,0.4300000000000068,-1.0697674418604666
2010-08-09,-1,575,871,112.71,112.98,112.72,112.96000000000001,stop,-0.27000000000001023,-0.002395315826827628,-23.95315826827628,0.2400000000000091,-1.125
2010-08-10,1,575,578,112.20000000000002,111.92999999999999,112.19000000000001,111.94999999999999,stop,-0.27000000000002444,-0.0024066316070953243,-24.066316070953242,0.2400000000000233,-1.1249999999999927
2010-08-11,-1,575,959,110.07,109.3001,110.08,109.2901,eod,0.7698999999999927,0.00699400436046505,69.9400436046505,0.6200000000000045,1.2417741935483662
2010-08-12,1,575,959,108.24000000000001,108.63,108.23,108.64,eod,0.38999999999998636,0.00360343712464184,36.0343712464184,0.6400000000000148,0.6093749999999646
2010-08-13,1,576,696,108.72000000000001,108.22,108.71000000000001,108.24,stop,-0.5000000000000142,-0.004599392880139952,-45.99392880139952,0.4700000000000131,-1.0638297872340432
2010-08-16,1,575,959,107.63000000000001,108.27,107.62,108.28,eod,0.6399999999999864,0.005946850027875732,59.46850027875732,0.45000000000000284,1.422222222222183
2010-08-17,-1,575,650,109.05999999999999,109.325,109.07,109.305,stop,-0.2650000000000148,-0.0024296323461998237,-24.296323461998238,0.23500000000001364,-1.1276595744680826
2010-08-18,-1,575,685,109.16999999999999,109.57000000000001,109.17999999999999,109.55000000000001,stop,-0.4000000000000199,-0.003663674665689869,-36.636746656898694,0.37000000000001876,-1.08108108108108
2010-08-19,1,576,590,109.36000000000001,109.05,109.35000000000001,109.07,stop,-0.3100000000000165,-0.0028349336991313804,-28.349336991313805,0.28000000000001535,-1.1071428571428554
2010-08-20,1,575,581,107.63000000000001,107.31,107.62,107.33,stop,-0.3200000000000074,-0.0029734250139379984,-29.734250139379984,0.29000000000000625,-1.1034482758620707
2010-08-23,1,575,621,108.12,107.87,108.11,107.89,stop,-0.25,-0.002312459531958191,-23.124595319581907,0.21999999999999886,-1.1363636363636422
2010-08-24,-1,578,660,105.78999999999999,106.08,105.8,106.06,stop,-0.29000000000000625,-0.0027410207939509096,-27.410207939509096,0.2600000000000051,-1.1153846153846174
2010-08-25,1,579,586,105.23,104.87,105.22,104.89,stop,-0.35999999999999943,-0.003421402775137801,-34.21402775137801,0.3299999999999983,-1.0909090909090948
2010-08-26,-1,575,611,106.24,106.49,106.25,106.47,stop,-0.25,-0.002352941176470588,-23.52941176470588,0.21999999999999886,-1.1363636363636422
2010-08-27,-1,575,667,105.67999999999999,106.0,105.69,105.98,stop,-0.3200000000000074,-0.0030277225849182268,-30.27722584918227,0.29000000000000625,-1.1034482758620707
2010-08-30,1,575,618,106.71000000000001,106.46,106.7,106.47999999999999,stop,-0.2500000000000142,-0.0023430178069354657,-23.430178069354657,0.22000000000001307,-1.1363636363636334
2010-08-31,-1,575,589,104.83999999999999,105.07000000000001,104.85,105.05000000000001,stop,-0.2300000000000182,-0.002193609918931981,-21.93609918931981,0.20000000000001705,-1.1499999999999928
2010-09-01,-1,583,593,106.68999999999998,107.05,106.69999999999999,107.03,stop,-0.36000000000001364,-0.003373945641987007,-33.73945641987007,0.3300000000000125,-1.0909090909090908
2010-09-02,-1,575,588,108.53999999999999,108.78,108.55,108.76,stop,-0.2400000000000091,-0.00221096269000469,-22.1096269000469,0.21000000000000796,-1.1428571428571428
2010-09-03,1,575,607,110.70000000000002,110.5,110.69000000000001,110.52,stop,-0.20000000000001705,-0.0018068479537448462,-18.06847953744846,0.17000000000001592,-1.1764705882352844
2010-09-07,-1,576,584,110.19999999999999,110.49,110.21,110.47,stop,-0.29000000000000625,-0.0026313401687687713,-26.313401687687712,0.2600000000000051,-1.1153846153846174
2010-09-08,1,576,959,110.07000000000001,110.38,110.06,110.39,eod,0.30999999999998806,0.002816645466109286,28.16645466109286,0.2600000000000051,1.192307692307623
2010-09-09,-1,575,959,111.41,110.94000000000001,111.42,110.93,eod,0.46999999999998465,0.004218273200502465,42.182732005024654,0.27000000000001023,1.740740740740618
2010-09-10,-1,575,590,110.92999999999999,111.23,110.94,111.21000000000001,stop,-0.30000000000001137,-0.0027041644131964248,-27.041644131964247,0.27000000000001023,-1.1111111111111112
2010-09-13,1,578,597,112.63000000000001,112.44,112.62,112.46,stop,-0.19000000000001194,-0.0016870893269402586,-16.870893269402586,0.1600000000000108,-1.1874999999999944
2010-09-14,-1,575,636,112.41999999999999,112.63,112.42999999999999,112.61,stop,-0.21000000000000796,-0.0018678288712977672,-18.678288712977672,0.18000000000000682,-1.1666666666666667
2010-09-15,-1,580,592,111.99999999999999,112.36,112.00999999999999,112.34,stop,-0.36000000000001364,-0.0032139987501117193,-32.13998750111719,0.3300000000000125,-1.0909090909090908
2010-09-16,1,575,580,112.85000000000001,112.64,112.84,112.66,stop,-0.21000000000000796,-0.0018610421836228993,-18.610421836228994,0.18000000000000682,-1.1666666666666667
2010-09-17,1,577,583,113.06000000000002,112.82,113.05000000000001,112.83999999999999,stop,-0.2400000000000233,-0.002122954444936075,-21.229544449360752,0.21000000000002217,-1.1428571428571332
2010-09-20,-1,575,594,112.72999999999999,112.95,112.74,112.93,stop,-0.22000000000001307,-0.001951392584708294,-19.51392584708294,0.19000000000001194,-1.1578947368421013
2010-09-21,-1,575,859,114.1,114.37,114.11,114.35000000000001,stop,-0.27000000000001023,-0.0023661379370783476,-23.661379370783475,0.2400000000000091,-1.125
2010-09-22,1,575,603,114.09,113.73,114.08,113.75,stop,-0.35999999999999943,-0.003155680224403922,-31.556802244039222,0.3299999999999983,-1.0909090909090948
2010-09-23,-1,575,579,112.35,112.58,112.36,112.56,stop,-0.23000000000000398,-0.002046991812032787,-20.469918120327872,0.20000000000000284,-1.1500000000000035
2010-09-24,1,575,959,113.82000000000001,114.78999999999999,113.81,114.8,eod,0.9699999999999847,0.008522976891309942,85.22976891309942,0.1700000000000017,5.705882352941029
2010-09-27,-1,579,870,114.63999999999999,114.9,114.64999999999999,114.88000000000001,stop,-0.2600000000000193,-0.0022677714784127287,-22.677714784127286,0.2300000000000182,-1.1304347826086902
2010-09-28,-1,575,688,114.07999999999998,114.47,114.08999999999999,114.45,stop,-0.3900000000000148,-0.0034183539311071504,-34.183539311071506,0.36000000000001364,-1.0833333333333333
2010-09-29,1,576,597,114.46000000000001,114.19,114.45,114.21,stop,-0.27000000000001023,-0.0023591087811272193,-23.591087811272192,0.2400000000000091,-1.125
2010-09-30,1,582,611,115.37,115.02,115.36,115.03999999999999,stop,-0.3500000000000085,-0.003033980582524346,-30.33980582524346,0.3200000000000074,-1.0937500000000013
2010-10-01,-1,576,959,114.91,114.63990000000001,114.92,114.6299,eod,0.27009999999998513,0.0023503306648101734,23.503306648101734,0.21000000000000796,1.2861904761903566
2010-10-04,1,578,601,114.59,114.33,114.58,114.35,stop,-0.2600000000000051,-0.0022691569209286537,-22.691569209286538,0.23000000000000398,-1.1304347826086982
2010-10-05,-1,578,599,114.75999999999999,115.05,114.77,115.03,stop,-0.29000000000000625,-0.0025267927158665704,-25.267927158665703,0.2600000000000051,-1.1153846153846174
2010-10-06,1,577,583,116.25000000000001,115.95,116.24000000000001,115.97,stop,-0.30000000000001137,-0.0025808671713696777,-25.80867171369678,0.27000000000001023,-1.1111111111111112
2010-10-07,-1,575,959,116.32,115.9,116.33,115.89,eod,0.4199999999999875,0.0036104186366370454,36.104186366370456,0.21000000000000796,1.9999999999998646
2010-10-08,-1,575,662,115.86999999999999,116.23,115.88,116.21000000000001,stop,-0.36000000000001364,-0.0031066620642044673,-31.066620642044672,0.3300000000000125,-1.0909090909090908
2010-10-11,1,581,589,116.80000000000001,116.55,116.79,116.57,stop,-0.2500000000000142,-0.0021405942289580804,-21.405942289580803,0.22000000000001307,-1.1363636363636334
2010-10-12,-1,580,642,116.03999999999999,116.34,116.05,116.32000000000001,stop,-0.30000000000001137,-0.0025850926324860954,-25.850926324860954,0.27000000000001023,-1.1111111111111112
2010-10-13,-1,575,587,117.50999999999999,117.77,117.52,117.75,stop,-0.2600000000000051,-0.0022123893805310172,-22.12389380531017,0.23000000000000398,-1.1304347826086982
2010-10-14,-1,575,582,117.66,117.87,117.67,117.85000000000001,stop,-0.21000000000000796,-0.0017846519928614597,-17.846519928614597,0.18000000000000682,-1.1666666666666667
2010-10-15,-1,575,959,118.05999999999999,117.74000000000001,118.07,117.73,eod,0.31999999999997897,0.0027102566274242314,27.102566274242314,0.29000000000000625,1.1034482758619726
2010-10-18,-1,575,580,117.53999999999999,117.82000000000001,117.55,117.80000000000001,stop,-0.28000000000001535,-0.0023819651212251412,-23.81965121225141,0.2500000000000142,-1.1199999999999977
2010-10-19,1,577,591,117.24000000000001,116.91,117.23,116.92999999999999,stop,-0.3300000000000125,-0.0028149791009128423,-28.149791009128425,0.30000000000001137,-1.1
2010-10-20,1,583,959,117.22000000000001,117.86,117.21000000000001,117.87,eod,0.6399999999999864,0.005460284958621161,54.60284958621161,0.3500000000000085,1.828571428571345
2010-10-21,-1,575,576,118.21999999999998,118.47,118.22999999999999,118.45,stop,-0.2500000000000142,-0.0021145225408104053,-21.145225408104054,0.22000000000001307,-1.1363636363636334
2010-10-22,-1,575,577,118.14999999999999,118.36,118.16,118.34,stop,-0.21000000000000796,-0.0017772511848341906,-17.772511848341907,0.18000000000000682,-1.1666666666666667
2010-10-25,1,575,642,119.34,119.03999999999999,119.33,119.05999999999999,stop,-0.30000000000001137,-0.0025140367049359875,-25.140367049359874,0.27000000000001023,-1.1111111111111112
2010-10-26,-1,575,581,117.96999999999998,118.15,117.97999999999999,118.13000000000001,stop,-0.18000000000002103,-0.0015256823190373033,-15.256823190373034,0.1500000000000199,-1.199999999999981
2010-10-27,1,575,624,117.99000000000001,117.7,117.98,117.72,stop,-0.29000000000000625,-0.002458043736226532,-24.58043736226532,0.2600000000000051,-1.1153846153846174
2010-10-28,1,578,583,119.10000000000001,118.86,119.09,118.88,stop,-0.2400000000000091,-0.002015282559408927,-20.15282559408927,0.21000000000000796,-1.1428571428571428
2010-10-29,1,576,597,118.36000000000001,118.15,118.35000000000001,118.17,stop,-0.21000000000000796,-0.0017743979721166704,-17.743979721166703,0.18000000000000682,-1.1666666666666667
2010-11-01,-1,575,579,119.03999999999999,119.2,119.05,119.18,stop,-0.1600000000000108,-0.00134397312053768,-13.4397312053768,0.13000000000000966,-1.2307692307692224
2010-11-02,-1,576,593,119.38999999999999,119.65,119.39999999999999,119.63000000000001,stop,-0.2600000000000193,-0.0021775544388611336,-21.775544388611337,0.2300000000000182,-1.1304347826086902
2010-11-03,1,575,577,119.73,119.56,119.72,119.58,stop,-0.1700000000000017,-0.001419979953224204,-14.199799532242041,0.14000000000000057,-1.2142857142857215
2010-11-04,1,579,959,121.32000000000001,122.22999999999999,121.31,122.24,eod,0.9099999999999824,0.007501442585112377,75.01442585112376,0.19000000000001194,4.789473684210133
2010-11-05,1,575,959,122.38000000000001,122.72999999999999,122.37,122.74,eod,0.3499999999999801,0.0028601781482387846,28.601781482387846,0.20000000000000284,1.7499999999998757
2010-11-08,1,575,586,122.38000000000001,122.22,122.37,122.24,stop,-0.1600000000000108,-0.001307510010623607,-13.07510010623607,0.13000000000000966,-1.2307692307692224
2010-11-09,-1,576,605,122.6,122.85,122.61,122.83,stop,-0.25,-0.0020389854008645296,-20.389854008645298,0.21999999999999886,-1.1363636363636422
2010-11-10,-1,575,798,121.49,121.73,121.5,121.71000000000001,stop,-0.2400000000000091,-0.0019753086419753833,-19.75308641975383,0.21000000000000796,-1.1428571428571428
2010-11-11,1,575,582,121.12,120.78999999999999,121.11,120.80999999999999,stop,-0.3300000000000125,-0.0027247956403270786,-27.247956403270788,0.30000000000001137,-1.1
2010-11-12,1,584,630,121.07000000000001,120.67999999999999,121.06,120.69999999999999,stop,-0.3900000000000148,-0.003221543036510943,-32.215430365109434,0.36000000000001364,-1.0833333333333333
2010-11-15,1,575,591,120.77000000000001,120.53999999999999,120.76,120.55999999999999,stop,-0.2300000000000182,-0.0019046041735675569,-19.04604173567557,0.20000000000001705,-1.1499999999999928
2010-11-16,1,581,594,119.36000000000001,118.94,119.35000000000001,118.96,stop,-0.4200000000000159,-0.0035190615835778457,-35.19061583577846,0.3900000000000148,-1.0769230769230769
2010-11-17,1,575,584,118.29,118.01,118.28,118.03,stop,-0.28000000000000114,-0.002367264119039577,-23.67264119039577,0.25,-1.1200000000000045
2010-11-18,1,585,959,119.63000000000001,119.96,119.62,119.97,eod,0.3299999999999841,0.002758735997324729,27.58735997324729,0.28000000000001535,1.1785714285713071
2010-11-19,-1,575,702,119.74999999999999,119.95,119.75999999999999,119.93,stop,-0.20000000000001705,-0.0016700066800268626,-16.700066800268626,0.17000000000001592,-1.1764705882352844
2010-11-22,1,578,631,119.83000000000001,119.51,119.82000000000001,119.53,stop,-0.3200000000000074,-0.0026706726756802485,-26.706726756802485,0.29000000000000625,-1.1034482758620707
2010-11-23,1,583,590,118.9,118.61,118.89,118.63,stop,-0.29000000000000625,-0.0024392295399108944,-24.392295399108946,0.2600000000000051,-1.1153846153846174
2010-11-24,1,575,959,119.59,120.17,119.58,120.18,eod,0.5799999999999983,0.004850309416290335,48.50309416290335,0.4200000000000017,1.3809523809523714
2010-11-26,1,575,789,119.24000000000001,119.0,119.23,119.02,stop,-0.2400000000000091,-0.0020129162123627368,-20.129162123627367,0.21000000000000796,-1.1428571428571428
2010-11-29,1,582,594,118.65,118.27,118.64,118.28999999999999,stop,-0.38000000000000966,-0.003202966958867243,-32.02966958867243,0.3500000000000085,-1.085714285714287
2010-11-30,-1,578,583,117.91,118.2,117.92,118.18,stop,-0.29000000000000625,-0.00245929443690643,-24.592944369064302,0.2600000000000051,-1.1153846153846174
2010-12-01,1,577,959,120.4,121.0,120.39,121.01,eod,0.5999999999999943,0.004983802641415353,49.83802641415353,0.21000000000000796,2.8571428571427218
2010-12-02,1,575,959,121.39000000000001,122.55999999999999,121.38000000000001,122.57,eod,1.1699999999999733,0.009639149777557861,96.39149777557861,0.2600000000000193,4.499999999999563
2010-12-03,1,579,959,122.40950000000001,122.85,122.3995,122.86,eod,0.4404999999999859,0.0035988709104202705,35.988709104202705,0.299500000000009,1.4707846410683563
2010-12-06,1,576,592,122.74000000000001,122.48,122.73,122.5,stop,-0.2600000000000051,-0.0021184714413754187,-21.184714413754186,0.23000000000000398,-1.1304347826086982
2010-12-07,-1,576,959,123.79999999999998,122.84,123.80999999999999,122.83,eod,0.9599999999999795,0.0077538163314754835,77.53816331475484,0.21000000000002217,4.571428571427991
2010-12-08,1,575,606,123.16000000000001,122.91,123.15,122.92999999999999,stop,-0.2500000000000142,-0.002030044660982657,-20.30044660982657,0.22000000000001307,-1.1363636363636334
2010-12-09,-1,575,959,123.80999999999999,123.80000000000001,123.82,123.79,eod,0.009999999999976694,8.076239702775557e-05,0.8076239702775557,0.21000000000000796,0.04761904761893483
2010-12-10,-1,575,595,123.96,124.19,123.97,124.17,stop,-0.23000000000000398,-0.001855287569573316,-18.55287569573316,0.20000000000000284,-1.1500000000000035
2010-12-13,-1,576,648,124.88,125.08,124.89,125.06,stop,-0.20000000000000284,-0.0016014092401313382,-16.014092401313384,0.1700000000000017,-1.176470588235299
2010-12-14,1,576,590,124.82000000000001,124.63,124.81,124.64999999999999,stop,-0.19000000000001194,-0.0015223139171541698,-15.223139171541698,0.1600000000000108,-1.1874999999999944
2010-12-15,1,575,766,124.58000000000001,124.35,124.57000000000001,124.36999999999999,stop,-0.2300000000000182,-0.0018463514489846526,-18.463514489846528,0.20000000000001705,-1.1499999999999928
2010-12-16,1,577,594,124.31000000000002,124.1,124.30000000000001,124.11999999999999,stop,-0.21000000000002217,-0.001689460981496558,-16.89460981496558,0.18000000000002103,-1.1666666666666534
2010-12-17,-1,575,621,123.99,124.14,124.0,124.12,stop,-0.15000000000000568,-0.0012096774193548845,-12.096774193548844,0.12000000000000455,-1.25
2010-12-20,-1,586,844,124.50999999999999,124.73,124.52,124.71000000000001,stop,-0.22000000000001307,-0.001766784452296925,-17.66784452296925,0.19000000000001194,-1.1578947368421013
2010-12-21,-1,577,590,124.88,125.11,124.89,125.09,stop,-0.23000000000000398,-0.0018416206261510448,-18.41620626151045,0.20000000000000284,-1.1500000000000035
2010-12-22,-1,575,579,125.41,125.58,125.42,125.56,stop,-0.1700000000000017,-0.0013554457024398158,-13.554457024398157,0.14000000000000057,-1.2142857142857215
2010-12-23,1,580,617,125.72000000000001,125.56,125.71000000000001,125.58,stop,-0.1600000000000108,-0.001272770662636312,-12.727706626363121,0.13000000000000966,-1.2307692307692224
2010-12-27,1,577,959,125.18,125.64999999999999,125.17,125.66,eod,0.46999999999998465,0.0037548933450506083,37.548933450506084,0.14000000000000057,3.3571428571427337
2010-12-28,-1,577,959,125.77999999999999,125.81,125.78999999999999,125.8,eod,-0.030000000000015348,-0.00023849272597197988,-2.384927259719799,0.17000000000001592,-0.17647058823536788
2010-12-29,-1,577,611,125.92999999999999,126.08,125.94,126.06,stop,-0.15000000000000568,-0.00119104335397813,-11.9104335397813,0.12000000000000455,-1.25
2010-12-30,1,575,603,125.88000000000001,125.72,125.87,125.74,stop,-0.1600000000000108,-0.0012711527766744322,-12.711527766744322,0.13000000000000966,-1.2307692307692224
2010-12-31,1,575,580,125.63000000000001,125.48,125.62,125.5,stop,-0.15000000000000568,-0.001194077376214024,-11.940773762140239,0.12000000000000455,-1.25
2011-01-03,1,580,959,126.83000000000001,127.03999999999999,126.82000000000001,127.05,eod,0.20999999999997954,0.001655890238132625,16.558902381326252,0.17000000000001592,1.2352941176468228
2011-01-04,-1,579,959,127.16,126.94000000000001,127.17,126.93,eod,0.21999999999998465,0.0017299677596916306,17.299677596916307,0.21000000000000796,1.0476190476189349
2011-01-05,1,576,959,126.67000000000002,127.61999999999999,126.66000000000001,127.63,eod,0.9499999999999744,0.007500394757618619,75.00394757618619,0.21000000000002217,4.523809523808924
2011-01-06,-1,576,631,127.54999999999998,127.77,127.55999999999999,127.75,stop,-0.22000000000001307,-0.0017246785826278857,-17.246785826278856,0.19000000000001194,-1.1578947368421013
2011-01-07,1,575,581,127.63000000000001,127.4,127.62,127.42,stop,-0.23000000000000398,-0.0018022253565272211,-18.022253565272212,0.20000000000000284,-1.1500000000000035
2011-01-10,1,584,595,126.72000000000001,126.37,126.71000000000001,126.39,stop,-0.3500000000000085,-0.0027622129271565664,-27.622129271565665,0.3200000000000074,-1.0937500000000013
2011-01-11,-1,580,662,127.41,127.71000000000001,127.42,127.69000000000001,stop,-0.30000000000001137,-0.002354418458640805,-23.54418458640805,0.27000000000001023,-1.1111111111111112
2011-01-12,-1,576,616,128.11,128.29,128.12,128.26999999999998,stop,-0.1799999999999784,-0.0014049328754291164,-14.049328754291164,0.14999999999997726,-1.200000000000038
2011-01-13,-1,579,692,128.48000000000002,128.69,128.49,128.67,stop,-0.20999999999997954,-0.0016343684333409566,-16.343684333409566,0.1799999999999784,-1.166666666666693
2011-01-14,1,575,959,128.30999999999997,129.27,128.29999999999998,129.28,eod,0.9600000000000364,0.007482462977397011,74.82462977397012,0.20999999999997954,4.57142857142919
2011-01-18,1,575,590,129.35,129.13,129.34,129.15,stop,-0.21999999999999886,-0.0017009432503479114,-17.009432503479115,0.18999999999999773,-1.157894736842113
2011-01-19,-1,575,959,129.34000000000003,128.26999999999998,129.35000000000002,128.26,eod,1.07000000000005,0.008272129880170466,82.72129880170466,0.15999999999996817,6.687500000001643
2011-01-20,-1,577,599,127.52999999999999,128.03,127.53999999999999,128.01,stop,-0.5000000000000142,-0.003920338717265283,-39.20338717265283,0.46999999999999886,-1.0638297872340754
2011-01-21,-1,578,588,128.76000000000002,128.92,128.77,128.89999999999998,stop,-0.15999999999996817,-0.0012425254329422083,-12.425254329422083,0.12999999999996703,-1.2307692307692981
2011-01-24,1,575,959,128.48999999999998,129.12,128.48,129.13,eod,0.6300000000000239,0.004903486924035055,49.03486924035055,0.22999999999998977,2.7391304347828345
2011-01-25,-1,578,589,128.64000000000001,128.89000000000001,128.65,128.87,stop,-0.25,-0.0019432568985619898,-19.4325689856199,0.21999999999999886,-1.1363636363636422
2011-01-26,1,575,576,129.54,129.39,129.53,129.41,stop,-0.15000000000000568,-0.001158032888134067,-11.58032888134067,0.12000000000000455,-1.25
2011-01-27,-1,577,582,129.58,129.83,129.59,129.81,stop,-0.25,-0.0019291612007099313,-19.291612007099314,0.21999999999999886,-1.1363636363636422
2011-01-28,1,585,596,130.23999999999998,129.98,130.23,130.0,stop,-0.2599999999999909,-0.001996467787760047,-19.96467787760047,0.22999999999998977,-1.1304347826087064
2011-01-31,-1,575,639,128.00000000000003,128.24,128.01000000000002,128.22,stop,-0.23999999999998067,-0.0018748535270680464,-18.748535270680463,0.20999999999997954,-1.1428571428571621
2011-02-01,1,575,959,129.67999999999998,130.74,129.67,130.75,eod,1.0600000000000307,0.008174597054060545,81.74597054060544,0.2998999999999796,3.534511503834954
2011-02-02,1,575,580,130.57,130.37,130.56,130.39000000000001,stop,-0.19999999999998863,-0.001531862745097952,-15.31862745097952,0.1699999999999875,-1.1764705882353137
2011-02-03,1,575,583,130.36999999999998,130.22,130.35999999999999,130.24,stop,-0.14999999999997726,-0.0011506597115677913,-11.506597115677913,0.11999999999997613,-1.2500000000000593
2011-02-04,-1,576,900,130.72000000000003,131.05,130.73000000000002,131.03,stop,-0.3299999999999841,-0.002524286697773916,-25.242866977739162,0.29999999999998295,-1.1000000000000094
2011-02-07,1,576,959,131.61999999999998,131.97,131.60999999999999,131.98,eod,0.35000000000002274,0.0026593723881165776,26.593723881165776,0.1899999999999693,1.842105263158312
2011-02-08,-1,576,600,131.91000000000003,132.16,131.92000000000002,132.14,stop,-0.24999999999997158,-0.0018950879320798327,-18.95087932079833,0.21999999999997044,-1.1363636363636598
2011-02-09,1,575,589,132.36999999999998,132.16,132.35999999999999,132.18,stop,-0.20999999999997954,-0.0015865820489572345,-15.865820489572345,0.1799999999999784,-1.166666666666693
2011-02-10,1,575,586,131.73,131.52,131.72,131.54000000000002,stop,-0.20999999999997954,-0.0015942909201334613,-15.942909201334613,0.1799999999999784,-1.166666666666693
2011-02-11,1,577,585,131.96999999999997,131.77,131.95999999999998,131.79000000000002,stop,-0.1999999999999602,-0.0015156107911485316,-15.156107911485316,0.16999999999995907,-1.1764705882353432
2011-02-14,1,577,584,133.10999999999999,132.95,133.1,132.97,stop,-0.1599999999999966,-0.001202103681442499,-12.02103681442499,0.12999999999999545,-1.2307692307692475
2011-02-15,-1,577,583,132.92000000000002,133.14000000000001,132.93,133.12,stop,-0.21999999999999886,-0.0016550063943428785,-16.550063943428786,0.18999999999999773,-1.157894736842113
2011-02-16,1,575,587,133.57999999999998,133.42,133.57,133.44,stop,-0.1599999999999966,-0.001197873774051034,-11.978737740510338,0.12999999999999545,-1.2307692307692475
2011-02-17,-1,575,586,133.39000000000001,133.56,133.4,133.54,stop,-0.1699999999999875,-0.001274362818590611,-12.74362818590611,0.13999999999998636,-1.2142857142857433
2011-02-18,-1,575,625,134.21,134.4,134.22,134.38,stop,-0.18999999999999773,-0.00141558635076738,-14.1558635076738,0.1599999999999966,-1.187500000000011
2011-02-22,-1,575,587,132.84000000000003,133.17,132.85000000000002,133.14999999999998,stop,-0.32999999999995566,-0.002484004516371514,-24.84004516371514,0.2999999999999545,-1.100000000000019
2011-02-23,1,575,588,131.92,131.59,131.91,131.61,stop,-0.3299999999999841,-0.0025017057084374505,-25.017057084374507,0.29999999999998295,-1.1000000000000094
2011-02-24,1,577,673,130.98999999999998,130.68,130.98,130.70000000000002,stop,-0.30999999999997385,-0.002366773553214032,-23.66773553214032,0.2799999999999727,-1.1071428571428716
2011-02-25,1,575,959,131.68999999999997,132.31,131.67999999999998,132.32,eod,0.620000000000033,0.004708383961118113,47.08383961118113,0.2899999999999636,2.1379310344831404
2011-02-28,1,576,775,132.96999999999997,132.7,132.95999999999998,132.72,stop,-0.2699999999999818,-0.002030685920577481,-20.30685920577481,0.23999999999998067,-1.1250000000000149
2011-03-01,-1,575,959,133.45000000000002,130.92999999999998,133.46,130.92,eod,2.5200000000000387,0.01888206204106128,188.8206204106128,0.23999999999998067,10.500000000001007
2011-03-02,1,580,703,131.04,130.7,131.03,130.72,stop,-0.3400000000000034,-0.002594825612455189,-25.94825612455189,0.3100000000000023,-1.0967741935483901
2011-03-03,1,581,959,132.77999999999997,133.46,132.76999999999998,133.47,eod,0.6800000000000352,0.005121638924456092,51.21638924456092,0.38999999999998636,1.743589743589895
2011-03-04,-1,575,634,133.29000000000002,133.51,133.3,133.48999999999998,stop,-0.21999999999997044,-0.0016504126031505657,-16.504126031505656,0.1899999999999693,-1.1578947368421368
2011-03-07,-1,576,578,132.78000000000003,133.01,132.79000000000002,132.98999999999998,stop,-0.22999999999996135,-0.0017320581369076084,-17.320581369076084,0.1999999999999602,-1.1500000000000354
2011-03-08,-1,575,601,131.53000000000003,131.78,131.54000000000002,131.76,stop,-0.24999999999997158,-0.0019005625665194734,-19.005625665194735,0.21999999999997044,-1.1363636363636598
2011-03-09,-1,576,624,132.19000000000003,132.45,132.20000000000002,132.42999999999998,stop,-0.2599999999999625,-0.0019667170953098522,-19.667170953098523,0.22999999999996135,-1.1304347826087224
2011-03-10,-1,575,644,130.4,131.07,130.41,131.04999999999998,stop,-0.6699999999999875,-0.005137642818802144,-51.376428188021436,0.6399999999999864,-1.0468750000000029
2011-03-11,1,575,959,129.92999999999998,130.83,129.92,130.84,eod,0.9000000000000341,0.0069273399014780955,69.27339901478095,0.4399999999999693,2.0454545454547657
2011-03-14,1,575,584,130.32,129.92,130.31,129.94,stop,-0.4000000000000057,-0.0030696032537794924,-30.696032537794924,0.37000000000000455,-1.0810810810810831
2011-03-15,-1,575,579,126.53999999999999,127.04,126.55,127.02000000000001,stop,-0.5000000000000142,-0.003951007506914375,-39.51007506914375,0.4700000000000131,-1.0638297872340432
2011-03-16,1,575,579,128.29,128.04,128.28,128.06,stop,-0.25,-0.0019488618646710321,-19.48861864671032,0.21999999999999886,-1.1363636363636422
2011-03-17,-1,575,618,127.77,128.149,127.78,128.129,stop,-0.3790000000000049,-0.002966035373297894,-29.66035373297894,0.34899999999998954,-1.085959885386866
2011-03-18,-1,580,959,128.61,127.80000000000001,128.62,127.79,eod,0.8100000000000023,0.006297620898771593,62.97620898771593,0.2699999999999818,3.0000000000002105
2011-03-21,1,583,959,129.54,129.715,129.53,129.725,eod,0.17500000000001137,0.0013510383694897814,13.510383694897813,0.3400000000000034,0.5147058823529694
2011-03-22,1,577,582,129.85999999999999,129.57,129.85,129.59,stop,-0.28999999999999204,-0.0022333461686560806,-22.333461686560806,0.2599999999999909,-1.1153846153846239
2011-03-23,-1,576,596,128.81500000000003,129.04,128.82500000000002,129.01999999999998,stop,-0.2249999999999659,-0.0017465554046184038,-17.46555404618404,0.19499999999996476,-1.1538461538461875
2011-03-24,-1,575,655,130.11,130.49,130.12,130.47,stop,-0.37999999999999545,-0.0029203811865969524,-29.203811865969524,0.3499999999999943,-1.0857142857142903
2011-03-25,-1,575,627,131.10000000000002,131.33,131.11,131.31,stop,-0.22999999999998977,-0.0017542521546791987,-17.54252154679199,0.19999999999998863,-1.1500000000000141
2011-03-28,-1,576,579,131.45000000000002,131.64000000000001,131.46,131.62,stop,-0.18999999999999773,-0.001445306557127626,-14.45306557127626,0.1599999999999966,-1.187500000000011
2011-03-29,-1,575,609,130.73000000000002,130.96,130.74,130.94,stop,-0.22999999999998977,-0.0017592167661005793,-17.592167661005792,0.19999999999998863,-1.1500000000000141
2011-03-30,1,575,576,132.61999999999998,132.46,132.60999999999999,132.48000000000002,stop,-0.15999999999996817,-0.0012065455093881923,-12.065455093881923,0.12999999999996703,-1.2307692307692981
2011-03-31,1,575,593,132.73999999999998,132.56,132.73,132.58,stop,-0.1799999999999784,-0.0013561365177426235,-13.561365177426234,0.14999999999997726,-1.200000000000038
2011-04-01,-1,575,611,133.27,133.49,133.28,133.47,stop,-0.21999999999999886,-0.0016506602641056336,-16.506602641056336,0.18999999999999773,-1.157894736842113
2011-04-04,1,575,592,133.52999999999997,133.35999999999999,133.51999999999998,133.38,stop,-0.1699999999999875,-0.0012732174955061978,-12.732174955061978,0.13999999999998636,-1.2142857142857433
2011-04-05,1,575,582,133.1,132.92,133.09,132.94,stop,-0.18000000000000682,-0.0013524682545646316,-13.524682545646316,0.15000000000000568,-1.2
2011-04-06,1,576,596,133.92,133.7,133.91,133.72,stop,-0.21999999999999886,-0.0016428944813680745,-16.428944813680744,0.18999999999999773,-1.157894736842113
2011-04-07,1,576,637,133.55999999999997,133.35,133.54999999999998,133.37,stop,-0.20999999999997954,-0.0015724447772368368,-15.724447772368368,0.1799999999999784,-1.166666666666693
2011-04-08,-1,579,959,133.8,132.85999999999999,133.81,132.85,eod,0.9400000000000261,0.007024886032434244,70.24886032434244,0.18999999999999773,4.947368421052828
2011-04-11,-1,579,588,132.98000000000002,133.26,132.99,133.23999999999998,stop,-0.2799999999999727,-0.002105421460259965,-21.054214602599647,0.24999999999997158,-1.120000000000018
2011-04-12,1,578,596,131.79,131.51,131.78,131.53,stop,-0.28000000000000114,-0.0021247533768401967,-21.24753376840197,0.25,-1.1200000000000045
2011-04-13,-1,575,959,131.97000000000003,131.47,131.98000000000002,131.46,eod,0.5000000000000284,0.0037884527958783783,37.884527958783785,0.20999999999997954,2.380952380952748
2011-04-14,1,575,584,130.85,130.64,130.84,130.66,stop,-0.21000000000000796,-0.0016050137572608373,-16.050137572608374,0.18000000000000682,-1.1666666666666667
2011-04-15,-1,575,600,131.65,131.87,131.66,131.85,stop,-0.21999999999999886,-0.0016709706820598426,-16.709706820598427,0.18999999999999773,-1.157894736842113
2011-04-18,-1,597,881,129.99,130.63,130.0,130.60999999999999,stop,-0.6399999999999864,-0.004923076923076818,-49.23076923076818,0.6099999999999852,-1.0491803278688556
2011-04-19,1,575,592,130.99999999999997,130.69,130.98999999999998,130.71,stop,-0.30999999999997385,-0.0023665928696845096,-23.665928696845096,0.2799999999999727,-1.1071428571428716
2011-04-20,1,577,591,133.04,132.82,133.03,132.84,stop,-0.21999999999999886,-0.0016537623092535434,-16.537623092535433,0.18999999999999773,-1.157894736842113
2011-04-21,-1,575,710,133.59000000000003,133.82,133.60000000000002,133.79999999999998,stop,-0.22999999999996135,-0.0017215568862272554,-17.215568862272555,0.1999999999999602,-1.1500000000000354
2011-04-25,-1,578,586,133.61,133.78,133.62,133.76,stop,-0.1699999999999875,-0.0012722646310431634,-12.722646310431633,0.13999999999998636,-1.2142857142857433
2011-04-26,-1,580,593,133.94000000000003,134.2,133.95000000000002,134.17999999999998,stop,-0.2599999999999625,-0.0019410227696899027,-19.410227696899028,0.22999999999996135,-1.1304347826087224
2011-04-27,-1,579,799,134.88000000000002,135.13,134.89000000000001,135.10999999999999,stop,-0.24999999999997158,-0.0018533619986653685,-18.533619986653687,0.21999999999997044,-1.1363636363636598
2011-04-28,1,580,959,135.58999999999997,136.10000000000002,135.57999999999998,136.11,eod,0.5100000000000477,0.003761616757634222,37.61616757634222,0.1799999999999784,2.8333333333339388
2011-04-29,1,575,597,136.21999999999997,136.07,136.20999999999998,136.09,stop,-0.14999999999997726,-0.0011012407312236787,-11.012407312236787,0.11999999999997613,-1.2500000000000593
2011-05-02,-1,575,625,136.92000000000002,137.13,136.93,137.10999999999999,stop,-0.20999999999997954,-0.001533630322062218,-15.336303220622181,0.1799999999999784,-1.166666666666693
2011-05-03,-1,581,596,135.89000000000001,136.1,135.9,136.07999999999998,stop,-0.20999999999997954,-0.0015452538631345071,-15.452538631345071,0.1799999999999784,-1.166666666666693
2011-05-04,-1,575,959,135.51000000000002,134.85,135.52,134.84,eod,0.660000000000025,0.004870129870130054,48.70129870130054,0.21999999999997044,3.000000000000517
2011-05-05,-1,575,581,133.85000000000002,134.2,133.86,134.17999999999998,stop,-0.3499999999999659,-0.0026146720454203335,-26.146720454203336,0.31999999999996476,-1.093750000000014
2011-05-06,1,575,591,135.33999999999997,134.85,135.32999999999998,134.87,stop,-0.4899999999999807,-0.003620778836917023,-36.20778836917023,0.45999999999997954,-1.0652173913043532
2011-05-09,-1,581,586,134.16000000000003,134.43,134.17000000000002,134.41,stop,-0.2699999999999818,-0.0020123723634194067,-20.123723634194068,0.23999999999998067,-1.1250000000000149
2011-05-10,-1,576,585,135.05,135.26,135.06,135.23999999999998,stop,-0.20999999999997954,-0.001554864504664442,-15.54864504664442,0.1799999999999784,-1.166666666666693
2011-05-11,-1,575,959,135.32000000000002,134.45999999999998,135.33,134.45,eod,0.8600000000000421,0.0063548363260181925,63.54836326018192,0.3699999999999761,2.324324324324588
2011-05-12,-1,577,683,133.85000000000002,134.19,133.86,134.17,stop,-0.339999999999975,-0.002539967129836956,-25.39967129836956,0.30999999999997385,-1.096774193548399
2011-05-13,-1,575,959,135.03000000000003,134.04,135.04000000000002,134.03,eod,0.9900000000000375,0.007331161137441035,73.31161137441035,0.30999999999997385,3.1935483870971644
2011-05-16,1,575,940,133.6,133.27,133.59,133.29000000000002,stop,-0.3299999999999841,-0.002470244778800689,-24.702447788006893,0.29999999999998295,-1.1000000000000094
2011-05-17,1,575,668,132.79,132.45,132.78,132.47,stop,-0.3400000000000034,-0.0025606266003916508,-25.606266003916506,0.3100000000000023,-1.0967741935483901
2011-05-18,-1,578,583,132.99,133.3,133.0,133.28,stop,-0.3100000000000023,-0.00233082706766919,-23.308270676691897,0.28000000000000114,-1.1071428571428608
2011-05-19,1,576,579,134.89,134.72,134.88,134.74,stop,-0.1699999999999875,-0.0012603795966784363,-12.603795966784363,0.13999999999998636,-1.2142857142857433
2011-05-20,-1,575,814,134.29000000000002,134.47,134.3,134.45,stop,-0.1799999999999784,-0.001340282948622326,-13.40282948622326,0.14999999999997726,-1.200000000000038
2011-05-23,1,577,695,132.01,131.71,132.0,131.73000000000002,stop,-0.29999999999998295,-0.0022727272727271434,-22.727272727271433,0.2699999999999818,-1.1111111111111227
2011-05-24,1,575,583,132.52999999999997,132.3,132.51999999999998,132.32000000000002,stop,-0.22999999999996135,-0.0017355870811949997,-17.35587081195,0.1999999999999602,-1.1500000000000354
2011-05-25,1,577,959,131.67,132.37,131.66,132.38,eod,0.700000000000017,0.005316724897463292,53.16724897463292,0.28999999999999204,2.413793103448401
2011-05-26,1,575,595,132.2,131.97,132.19,131.99,stop,-0.22999999999998977,-0.0017399198123911777,-17.399198123911777,0.19999999999998863,-1.1500000000000141
2011-05-27,1,575,603,133.46999999999997,133.31,133.45999999999998,133.33,stop,-0.15999999999996817,-0.0011988610819718881,-11.98861081971888,0.12999999999996703,-1.2307692307692981
2011-05-31,-1,576,959,134.73000000000002,134.92,134.74,134.89999999999998,stop,-0.1899999999999693,-0.0014101232002372665,-14.101232002372665,0.15999999999996817,-1.1875000000000444
2011-06-01,-1,575,577,134.45000000000002,134.61,134.46,134.59,stop,-0.1599999999999966,-0.0011899449650453412,-11.899449650453413,0.12999999999999545,-1.2307692307692475
2011-06-02,1,575,577,132.14999999999998,131.862,132.14,131.882,stop,-0.2879999999999825,-0.002179506583926007,-21.79506583926007,0.25799999999998136,-1.1162790697674547
2011-06-03,1,575,959,130.35999999999999,130.42000000000002,130.35,130.43,eod,0.060000000000030695,0.0004602991944766452,4.602991944766452,0.2799999999999727,0.21428571428584478
2011-06-06,1,575,588,130.32999999999998,130.05,130.32,130.07000000000002,stop,-0.2799999999999727,-0.0021485573971759724,-21.485573971759724,0.24999999999997158,-1.120000000000018
2011-06-07,-1,575,578,129.51000000000002,129.73,129.52,129.70999999999998,stop,-0.21999999999997044,-0.0016985793699812418,-16.98579369981242,0.1899999999999693,-1.1578947368421368
2011-06-08,1,579,589,128.98999999999998,128.71,128.98,128.73000000000002,stop,-0.2799999999999727,-0.0021708792060782505,-21.708792060782503,0.24999999999997158,-1.120000000000018
2011-06-09,-1,575,589,128.56000000000003,128.81,128.57000000000002,128.79,stop,-0.24999999999997158,-0.001944466049622552,-19.44466049622552,0.21999999999997044,-1.1363636363636598
2011-06-10,-1,576,959,128.68,127.54,128.69,127.53,eod,1.1400000000000006,0.00885849716372679,88.58497163726791,0.25,4.560000000000002
2011-06-13,1,575,658,127.96000000000001,127.78,127.95,127.8,stop,-0.18000000000000682,-0.0014067995310668763,-14.067995310668763,0.15000000000000568,-1.2
2011-06-14,-1,579,583,128.82000000000002,129.06,128.83,129.04,stop,-0.23999999999998067,-0.0018629201272993918,-18.629201272993917,0.20999999999997954,-1.1428571428571621
2011-06-15,1,583,697,128.30999999999997,127.97,128.29999999999998,127.99,stop,-0.339999999999975,-0.002650038971161146,-26.500389711611458,0.30999999999998806,-1.0967741935483486
2011-06-16,1,577,600,127.25000000000001,126.94,127.24000000000001,126.96,stop,-0.3100000000000165,-0.002436340773341846,-24.36340773341846,0.28000000000001535,-1.1071428571428554
2011-06-17,-1,575,959,127.67999999999999,127.06,127.69,127.05,eod,0.6199999999999903,0.004855509436917459,48.55509436917459,0.2500000000000142,2.4799999999998206
2011-06-20,1,580,959,126.88000000000001,127.71,126.87,127.72,eod,0.8299999999999841,0.006542129739102893,65.42129739102893,0.30000000000001137,2.766666666666509
2011-06-21,-1,575,580,128.20000000000002,128.4,128.21,128.38,stop,-0.19999999999998863,-0.0015599407222524656,-15.599407222524656,0.1699999999999875,-1.1764705882353137
2011-06-22,1,575,941,129.20999999999998,128.89,129.2,128.91,stop,-0.3199999999999932,-0.002476780185758461,-24.76780185758461,0.28999999999999204,-1.1034482758620758
2011-06-23,-1,582,784,126.74,127.21000000000001,126.75,127.19000000000001,stop,-0.4700000000000131,-0.003708086785009965,-37.08086785009965,0.44000000000001194,-1.068181818181819
2011-06-24,-1,575,959,128.00000000000003,126.81,128.01000000000002,126.8,eod,1.1900000000000261,0.009296148738380017,92.96148738380018,0.3699999999999761,3.2162162162164942
2011-06-27,-1,575,582,126.74,126.99,126.75,126.97,stop,-0.25,-0.0019723865877712033,-19.723865877712033,0.21999999999999886,-1.1363636363636422
2011-06-28,-1,575,576,128.3,128.48,128.31,128.45999999999998,stop,-0.1799999999999784,-0.0014028524666820856,-14.028524666820855,0.14999999999997726,-1.200000000000038
2011-06-29,-1,575,644,130.05,130.38,130.06,130.35999999999999,stop,-0.3299999999999841,-0.0025372904813161933,-25.372904813161934,0.29999999999998295,-1.1000000000000094
2011-06-30,1,575,577,131.20999999999998,131.03,131.2,131.05,stop,-0.1799999999999784,-0.0013719512195120307,-13.719512195120307,0.14999999999997726,-1.200000000000038
2011-07-01,-1,575,588,131.78000000000003,132.07,131.79000000000002,132.04999999999998,stop,-0.2899999999999636,-0.002200470445405293,-22.00470445405293,0.2599999999999625,-1.1153846153846365
2011-07-05,-1,576,603,133.59000000000003,133.83,133.60000000000002,133.81,stop,-0.23999999999998067,-0.0017964071856285976,-17.964071856285976,0.20999999999997954,-1.1428571428571621
2011-07-06,1,575,580,133.65999999999997,133.4,133.64999999999998,133.42000000000002,stop,-0.2599999999999625,-0.0019453797231572206,-19.453797231572207,0.22999999999996135,-1.1304347826087224
2011-07-07,-1,575,601,135.01000000000002,135.2,135.02,135.17999999999998,stop,-0.1899999999999693,-0.0014071989334911072,-14.071989334911072,0.15999999999996817,-1.1875000000000444
2011-07-08,1,581,611,134.14999999999998,133.79,134.14,133.81,stop,-0.3599999999999852,-0.0026837632324436056,-26.837632324436058,0.3299999999999841,-1.0909090909090988
2011-07-11,1,575,585,133.01,132.69,133.0,132.71,stop,-0.3199999999999932,-0.0024060150375939337,-24.060150375939337,0.28999999999999204,-1.1034482758620758
2011-07-12,-1,577,580,131.64000000000001,131.96,131.65,131.94,stop,-0.3199999999999932,-0.0024306874287884023,-24.306874287884025,0.28999999999999204,-1.1034482758620758
2011-07-13,1,575,592,132.26999999999998,132.02,132.26,132.04000000000002,stop,-0.24999999999997158,-0.0018902162407377257,-18.902162407377258,0.21999999999997044,-1.1363636363636598
2011-07-14,-1,575,581,132.00000000000003,132.26,132.01000000000002,132.23999999999998,stop,-0.2599999999999625,-0.0019695477615329325,-19.695477615329324,0.22999999999996135,-1.1304347826087224
2011-07-15,1,576,583,131.85999999999999,131.56,131.85,131.58,stop,-0.29999999999998295,-0.0022753128555175043,-22.753128555175042,0.2699999999999818,-1.1111111111111227
2011-07-18,-1,576,580,130.86,131.21,130.87,131.19,stop,-0.3499999999999943,-0.0026744097195689947,-26.744097195689946,0.3199999999999932,-1.0937500000000056
2011-07-19,1,575,959,131.73999999999998,132.71,131.73,132.72,eod,0.9700000000000273,0.00736354664844779,73.6354664844779,0.4299999999999784,2.255813953488549
2011-07-20,-1,575,959,132.91000000000003,132.66,132.92000000000002,132.65,eod,0.2500000000000284,0.0018808305747820373,18.808305747820373,0.23999999999998067,1.041666666666869
2011-07-21,-1,575,583,133.27,133.46,133.28,133.44,stop,-0.18999999999999773,-0.0014255702280912194,-14.255702280912194,0.1599999999999966,-1.187500000000011
2011-07-22,1,575,580,134.57,134.31,134.56,134.33,stop,-0.2599999999999909,-0.0019322235434006457,-19.32223543400646,0.22999999999998977,-1.1304347826087064
2011-07-25,1,575,582,133.46999999999997,133.16,133.45999999999998,133.18,stop,-0.30999999999997385,-0.0023227933463207994,-23.227933463207993,0.2799999999999727,-1.1071428571428716
2011-07-26,-1,575,857,133.63000000000002,133.94,133.64000000000001,133.92,stop,-0.30999999999997385,-0.0023196647710264427,-23.196647710264426,0.2799999999999727,-1.1071428571428716
2011-07-27,-1,576,959,132.28000000000003,130.62,132.29000000000002,130.61,eod,1.660000000000025,0.012548189583491003,125.48189583491003,0.31999999999996476,5.187500000000649
2011-07-28,-1,580,606,130.50000000000003,130.95,130.51000000000002,130.92999999999998,stop,-0.4499999999999602,-0.003448011646616812,-34.48011646616812,0.4199999999999591,-1.0714285714285812
2011-07-29,1,575,578,128.96999999999997,128.67,128.95999999999998,128.69,stop,-0.29999999999998295,-0.002326302729528404,-23.26302729528404,0.2699999999999818,-1.1111111111111227
2011-08-01,-1,575,959,130.49,128.79999999999998,130.5,128.79,eod,1.6900000000000261,0.012950191570881427,129.50191570881427,0.46999999999999886,3.595744680851128
2011-08-02,1,575,653,128.01999999999998,127.74,128.01,127.75999999999999,stop,-0.2799999999999869,-0.0021873291149127954,-21.873291149127954,0.25,-1.1199999999999477
2011-08-03,-1,577,600,125.49999999999999,125.85,125.50999999999999,125.83,stop,-0.3500000000000085,-0.002788622420524329,-27.88622420524329,0.3200000000000074,-1.0937500000000013
2011-08-04,1,576,584,124.62,124.13,124.61,124.14999999999999,stop,-0.4900000000000091,-0.0039322686782762946,-39.32268678276294,0.46000000000000796,-1.0652173913043492
2011-08-05,-1,576,959,121.54999999999998,120.04,121.55999999999999,120.03,eod,1.5099999999999767,0.012421849292530247,124.21849292530247,0.5200000000000102,2.903846153846052
2011-08-08,1,575,617,117.93,116.71,117.92,116.72999999999999,stop,-1.220000000000013,-0.010345997286295905,-103.45997286295905,1.190000000000012,-1.0252100840336142
2011-08-09,-1,579,601,113.44999999999999,114.34,113.46,114.32000000000001,stop,-0.8900000000000148,-0.007844174158293802,-78.44174158293802,0.8600000000000136,-1.0348837209302333
2011-08-10,-1,575,588,114.21999999999998,115.41,114.22999999999999,115.39,stop,-1.190000000000012,-0.010417578569552763,-104.17578569552762,1.1600000000000108,-1.025862068965518
2011-08-11,1,576,590,114.37,113.19,114.36,113.21,stop,-1.1800000000000068,-0.010318293109478899,-103.182931094789,1.1500000000000057,-1.02608695652174
2011-08-12,-1,594,713,118.19999999999999,119.2,118.21,119.18,stop,-1.0000000000000142,-0.008459521191100704,-84.59521191100704,0.9700000000000131,-1.0309278350515472
2011-08-15,1,575,692,119.52000000000001,119.08,119.51,119.1,stop,-0.44000000000001194,-0.0036817002761276203,-36.8170027612762,0.4100000000000108,-1.073170731707318
2011-08-16,1,575,588,119.56000000000002,119.21,119.55000000000001,119.22999999999999,stop,-0.35000000000002274,-0.0029276453366794035,-29.276453366794037,0.3200000000000216,-1.0937499999999973
2011-08-17,1,575,695,120.48,120.01,120.47,120.03,stop,-0.46999999999999886,-0.0039013862372374772,-39.013862372374774,0.4399999999999977,-1.068181818181821
2011-08-18,-1,575,959,116.25999999999999,114.415,116.27,114.405,eod,1.8449999999999847,0.015868237722542228,158.68237722542227,0.38000000000000966,4.855263157894573
2011-08-19,1,575,893,113.56000000000002,112.87,113.55000000000001,112.89,stop,-0.6900000000000119,-0.006076618229854794,-60.76618229854794,0.6600000000000108,-1.0454545454545465
2011-08-22,-1,575,959,114.77999999999999,112.78,114.78999999999999,112.77,eod,1.9999999999999858,0.017423120480878004,174.23120480878003,0.45000000000001705,4.444444444444245
2011-08-23,-1,575,596,112.91,113.48,112.92,113.46000000000001,stop,-0.5700000000000074,-0.005047821466525039,-50.47821466525039,0.5400000000000063,-1.055555555555557
2011-08-24,1,585,959,116.63000000000001,118.08,116.62,118.09,eod,1.4499999999999886,0.012433544846509935,124.33544846509935,0.710000000000008,2.042253521126722
2011-08-25,-1,579,959,118.63,116.33,118.64,116.32,eod,2.299999999999997,0.019386378961564373,193.86378961564373,0.7700000000000102,2.987012987012944
2011-08-26,1,575,578,115.76,115.42999999999999,115.75,115.44999999999999,stop,-0.3300000000000125,-0.0028509719222463282,-28.509719222463282,0.30000000000001137,-1.1
2011-08-29,1,576,959,120.07000000000001,121.33999999999999,120.06,121.35,eod,1.2699999999999818,0.010578044311177592,105.78044311177592,0.5900000000000034,2.1525423728813124
2011-08-30,1,575,599,120.92000000000002,120.58,120.91000000000001,120.6,stop,-0.3400000000000176,-0.0028120089322638125,-28.120089322638126,0.3100000000000165,-1.0967741935483857
2011-08-31,1,582,715,122.81000000000002,122.3,122.80000000000001,122.32,stop,-0.5100000000000193,-0.004153094462540873,-41.53094462540873,0.4800000000000182,-1.0625
2011-09-01,1,576,584,122.35000000000001,122.08,122.34,122.1,stop,-0.27000000000001023,-0.002206964198136425,-22.06964198136425,0.2400000000000091,-1.125
2011-09-02,-1,576,607,118.38999999999999,118.89,118.39999999999999,118.87,stop,-0.5000000000000142,-0.004222972972973093,-42.22972972973093,0.4700000000000131,-1.0638297872340432
2011-09-06,1,575,959,114.82000000000001,117.00999999999999,114.81,117.02,eod,2.1899999999999835,0.019074993467467848,190.74993467467849,0.44000000000001194,4.977272727272555
2011-09-07,-1,575,584,118.38999999999999,118.88,118.39999999999999,118.86,stop,-0.4900000000000091,-0.004138513513513591,-41.38513513513591,0.46000000000000796,-1.0652173913043492
2011-09-08,1,575,601,119.84,119.38,119.83,119.39999999999999,stop,-0.46000000000000796,-0.0038387715930902778,-38.38771593090278,0.4300000000000068,-1.0697674418604666
2011-09-09,-1,575,642,117.36999999999999,117.92,117.38,117.9,stop,-0.5500000000000114,-0.004685636394615875,-46.856363946158744,0.5200000000000102,-1.0576923076923088
2011-09-12,1,575,812,114.96000000000001,114.41,114.95,114.42999999999999,stop,-0.5500000000000114,-0.00478468899521541,-47.8468899521541,0.5200000000000102,-1.0576923076923088
2011-09-13,-1,575,591,116.64999999999999,117.14,116.66,117.12,stop,-0.4900000000000091,-0.004200240013715147,-42.00240013715147,0.46000000000000796,-1.0652173913043492
2011-09-14,-1,576,759,118.21999999999998,118.63,118.22999999999999,118.61,stop,-0.4100000000000108,-0.003467816966928959,-34.67816966928959,0.38000000000000966,-1.0789473684210535
2011-09-15,-1,575,601,120.30999999999999,120.78,120.32,120.76,stop,-0.4700000000000131,-0.003906250000000109,-39.062500000001094,0.44000000000001194,-1.068181818181819
2011-09-16,1,575,626,121.52000000000001,121.17,121.51,121.19,stop,-0.3500000000000085,-0.002880421364496819,-28.804213644968193,0.3200000000000074,-1.0937500000000013
2011-09-19,1,576,580,119.64000000000001,119.25,119.63000000000001,119.27,stop,-0.3900000000000148,-0.003260051826465057,-32.60051826465057,0.36000000000001364,-1.0833333333333333
2011-09-20,-1,575,627,120.71,121.01,120.72,120.99000000000001,stop,-0.30000000000001137,-0.00248508946322077,-24.8508946322077,0.27000000000001023,-1.1111111111111112
2011-09-21,1,575,582,120.42000000000002,120.0,120.41000000000001,120.02,stop,-0.4200000000000159,-0.003488082385184087,-34.880823851840866,0.3900000000000148,-1.0769230769230769
2011-09-22,1,576,585,113.50630000000001,113.21,113.4963,113.22999999999999,stop,-0.29630000000001644,-0.0026106577923687064,-26.106577923687063,0.2663000000000153,-1.112654900488169
2011-09-23,1,575,959,112.74000000000001,113.42999999999999,112.73,113.44,eod,0.6899999999999835,0.0061208196575887825,61.208196575887825,0.7200000000000131,0.9583333333332931
2011-09-26,-1,575,701,114.35,114.89,114.36,114.87,stop,-0.5400000000000063,-0.004721930745015795,-47.21930745015795,0.5100000000000051,-1.0588235294117663
2011-09-27,-1,575,591,118.35,118.77,118.36,118.75,stop,-0.4200000000000017,-0.00354849611355189,-35.4849611355189,0.39000000000000057,-1.0769230769230798
2011-09-28,-1,575,582,117.66,118.01,117.67,117.99000000000001,stop,-0.3500000000000085,-0.0029744199881023923,-29.744199881023924,0.3200000000000074,-1.0937500000000013
2011-09-29,1,575,581,117.26,116.95,117.25,116.97,stop,-0.3100000000000023,-0.002643923240938186,-26.43923240938186,0.28000000000000114,-1.1071428571428608
2011-09-30,-1,576,582,114.16,114.66,114.17,114.64,stop,-0.5,-0.004379434177104318,-43.79434177104318,0.46999999999999886,-1.0638297872340452
2011-10-03,-1,575,580,112.35999999999999,112.71000000000001,112.36999999999999,112.69000000000001,stop,-0.35000000000002274,-0.003114710331939332,-31.14710331939332,0.3200000000000216,-1.0937499999999973
2011-10-04,1,577,584,108.81000000000002,108.26,108.80000000000001,108.28,stop,-0.5500000000000114,-0.005055147058823634,-50.551470588236334,0.5200000000000102,-1.0576923076923088
2011-10-05,-1,575,604,111.89999999999999,112.65,111.91,112.63000000000001,stop,-0.7500000000000142,-0.006701813957644663,-67.01813957644663,0.7200000000000131,-1.0416666666666674
2011-10-06,1,575,587,114.51,114.09,114.5,114.11,stop,-0.4200000000000017,-0.003668122270742373,-36.68122270742373,0.39000000000000057,-1.0769230769230798
2011-10-07,-1,579,625,116.68999999999998,117.21000000000001,116.69999999999999,117.19000000000001,stop,-0.5200000000000244,-0.004455869751499781,-44.55869751499781,0.4900000000000233,-1.0612244897959178
2011-10-10,1,575,959,117.95000000000002,119.58,117.94000000000001,119.59,eod,1.6299999999999812,0.01382058673901968,138.2058673901968,0.28000000000001535,5.821428571428186
2011-10-11,1,578,585,119.08000000000001,118.75,119.07000000000001,118.77,stop,-0.3300000000000125,-0.002771478961955257,-27.714789619552572,0.30000000000001137,-1.1
2011-10-12,-1,575,582,120.36999999999999,120.73,120.38,120.71000000000001,stop,-0.36000000000001364,-0.0029905299883702745,-29.905299883702746,0.3300000000000125,-1.0909090909090908
2011-10-13,-1,576,808,119.82,120.09,119.83,120.07000000000001,stop,-0.27000000000001023,-0.0022531920220312963,-22.531920220312962,0.2400000000000091,-1.125
2011-10-14,1,575,594,122.14000000000001,121.83,122.13000000000001,121.85,stop,-0.3100000000000165,-0.0025382788831574262,-25.382788831574263,0.28000000000001535,-1.1071428571428554
2011-10-17,-1,575,959,121.77,120.22,121.78,120.21,eod,1.5499999999999972,0.012727869929380827,127.27869929380827,0.29000000000000625,5.344827586206772
2011-10-18,1,576,583,120.34,120.0,120.33,120.02,stop,-0.3400000000000034,-0.002825563034987147,-28.25563034987147,0.3100000000000023,-1.0967741935483901
2011-10-19,1,575,586,122.54,122.27,122.53,122.28999999999999,stop,-0.27000000000001023,-0.0022035419897168877,-22.035419897168875,0.2400000000000091,-1.125
2011-10-20,-1,575,600,121.08999999999999,121.55,121.1,121.53,stop,-0.46000000000000796,-0.0037985136251032863,-37.98513625103286,0.4300000000000068,-1.0697674418604666
2011-10-21,1,580,791,123.15,122.91,123.14,122.92999999999999,stop,-0.2400000000000091,-0.0019490011369174037,-19.490011369174038,0.21000000000000796,-1.1428571428571428
2011-10-24,1,577,959,124.46000000000001,125.50139999999999,124.45,125.5114,eod,1.0413999999999817,0.008368019284853208,83.68019284853207,0.4000000000000057,2.6034999999999173
2011-10-25,-1,575,959,124.24999999999999,123.07000000000001,124.25999999999999,123.06,eod,1.1799999999999784,0.009496217608240612,94.96217608240612,0.700000000000017,1.6857142857142138
2011-10-26,-1,575,931,124.29999999999998,124.56,124.30999999999999,124.54,stop,-0.2600000000000193,-0.002091545330222986,-20.91545330222986,0.2300000000000182,-1.1304347826086902
2011-10-27,-1,576,721,127.52999999999999,127.83,127.53999999999999,127.81,stop,-0.30000000000001137,-0.0023522032303591924,-23.522032303591924,0.27000000000001023,-1.1111111111111112
2011-10-28,1,577,590,128.14,127.84,128.13,127.86,stop,-0.29999999999998295,-0.0023413720440176615,-23.413720440176615,0.269999999999996,-1.1111111111110643
2011-10-31,-1,575,959,126.99,125.38000000000001,127.0,125.37,eod,1.6099999999999852,0.012677165354330592,126.77165354330592,0.26500000000000057,6.075471698113139
2011-11-01,1,576,959,122.06000000000002,122.0,122.05000000000001,122.01,eod,-0.060000000000016485,-0.0004916018025400776,-4.916018025400776,0.5400000000000205,-0.11111111111113743
2011-11-02,-1,576,649,123.79999999999998,124.05,123.80999999999999,124.03,stop,-0.2500000000000142,-0.002019223002988565,-20.192230029885646,0.22000000000001307,-1.1363636363636334
2011-11-03,-1,575,769,125.14999999999999,125.45,125.16,125.43,stop,-0.30000000000001137,-0.0023969319271333603,-23.969319271333603,0.27000000000001023,-1.1111111111111112
2011-11-04,1,577,597,125.48,125.03999999999999,125.47,125.05999999999999,stop,-0.44000000000001194,-0.0035068143779390447,-35.06814377939045,0.4100000000000108,-1.073170731707318
2011-11-07,1,575,627,125.64000000000001,125.26,125.63000000000001,125.28,stop,-0.38000000000000966,-0.003024755233622619,-30.247552336226192,0.3500000000000085,-1.085714285714287
2011-11-08,-1,575,585,126.77999999999999,127.05,126.78999999999999,127.03,stop,-0.27000000000001023,-0.0021295054815049313,-21.295054815049312,0.2400000000000091,-1.125
2011-11-09,1,575,586,125.09,124.67999999999999,125.08,124.69999999999999,stop,-0.4100000000000108,-0.003277902142628804,-32.77902142628804,0.38000000000000966,-1.0789473684210535
2011-11-10,-1,575,795,124.52999999999999,124.88,124.53999999999999,124.86,stop,-0.3500000000000085,-0.0028103420587763652,-28.10342058776365,0.3200000000000074,-1.0937500000000013
2011-11-11,1,580,959,126.09,126.67999999999999,126.08,126.69,eod,0.5899999999999892,0.004679568527918696,46.79568527918696,0.29999999999999716,1.9666666666666492
2011-11-14,1,576,584,126.23,125.935,126.22,125.955,stop,-0.2950000000000017,-0.0023371890350182356,-23.371890350182355,0.26500000000000057,-1.1132075471698153
2011-11-15,1,576,680,125.28000000000002,124.95,125.27000000000001,124.97,stop,-0.3300000000000125,-0.002634309890636325,-26.343098906363252,0.30000000000001137,-1.1
2011-11-16,1,581,931,125.09,124.62,125.08,124.64,stop,-0.46999999999999886,-0.00375759513911096,-37.5759513911096,0.4399999999999977,-1.068181818181821
2011-11-17,-1,575,633,123.58999999999999,123.99,123.6,123.97,stop,-0.4000000000000057,-0.0032362459546926028,-32.362459546926026,0.37000000000000455,-1.0810810810810831
2011-11-18,-1,577,650,122.25999999999999,122.68,122.27,122.66000000000001,stop,-0.4200000000000159,-0.0034350208554838955,-34.35020855483896,0.3900000000000148,-1.0769230769230769
2011-11-21,-1,576,959,120.00999999999999,119.67,120.02,119.66,eod,0.3399999999999892,0.0028328611898016096,28.328611898016096,0.3400000000000034,0.9999999999999583
2011-11-22,1,575,648,119.53000000000002,119.135,119.52000000000001,119.155,stop,-0.39500000000001023,-0.003304886211512803,-33.04886211512803,0.3650000000000091,-1.0821917808219188
2011-11-23,1,576,580,118.20000000000002,117.85,118.19000000000001,117.86999999999999,stop,-0.35000000000002274,-0.002961333446146228,-29.61333446146228,0.3200000000000216,-1.0937499999999973
2011-11-28,-1,575,579,119.40499999999999,119.61,119.41499999999999,119.59,stop,-0.2050000000000125,-0.0017167022568355108,-17.167022568355108,0.17500000000001137,-1.1714285714285668
2011-11-29,-1,578,590,119.60999999999999,120.12,119.61999999999999,120.10000000000001,stop,-0.5100000000000193,-0.004263501086774949,-42.635010867749486,0.4800000000000182,-1.0625
2011-11-30,-1,575,581,123.24999999999999,123.55,123.25999999999999,123.53,stop,-0.30000000000001137,-0.00243387960408901,-24.338796040890102,0.27000000000001023,-1.1111111111111112
2011-12-01,-1,579,582,124.71999999999998,124.98,124.72999999999999,124.96000000000001,stop,-0.2600000000000193,-0.002084502525455138,-20.84502525455138,0.2300000000000182,-1.1304347826086902
2011-12-02,-1,581,602,125.86999999999999,126.22,125.88,126.2,stop,-0.3500000000000085,-0.002780425802351514,-27.80425802351514,0.3200000000000074,-1.0937500000000013
2011-12-05,-1,580,598,126.49,126.88,126.5,126.86,stop,-0.39000000000000057,-0.0030830039525691745,-30.830039525691745,0.35999999999999943,-1.0833333333333366
2011-12-06,1,575,582,126.35000000000001,126.08,126.34,126.1,stop,-0.27000000000001023,-0.002137090391008471,-21.37090391008471,0.2400000000000091,-1.125
2011-12-07,-1,575,690,125.38,125.89,125.39,125.87,stop,-0.5100000000000051,-0.004067309992822435,-40.67309992822435,0.480000000000004,-1.0625000000000018
2011-12-08,1,578,604,126.04,125.6,126.03,125.61999999999999,stop,-0.44000000000001194,-0.0034912322462906605,-34.91232246290661,0.4100000000000108,-1.073170731707318
2011-12-09,1,576,959,124.98,126.02,124.97,126.03,eod,1.039999999999992,0.008321997279346979,83.2199727934698,0.5799999999999983,1.7931034482758537
2011-12-12,-1,576,959,124.44999999999999,124.2,124.46,124.19,eod,0.2499999999999858,0.0020086774867426145,20.086774867426143,0.5200000000000102,0.480769230769194
2011-12-13,1,580,644,125.24000000000001,124.81,125.23,124.83,stop,-0.4300000000000068,-0.0034336820250739186,-34.33682025073919,0.4000000000000057,-1.0750000000000017
2011-12-14,1,579,587,122.80000000000001,122.39,122.79,122.41,stop,-0.4100000000000108,-0.0033390341233000306,-33.390341233000306,0.38000000000000966,-1.0789473684210535
2011-12-15,-1,575,578,122.92999999999999,123.15,122.94,123.13000000000001,stop,-0.22000000000001307,-0.0017894908085245899,-17.8949080852459,0.19000000000001194,-1.1578947368421013
2011-12-16,1,575,587,122.41000000000001,122.12,122.4,122.14,stop,-0.29000000000000625,-0.002369281045751685,-23.69281045751685,0.2600000000000051,-1.1153846153846174
2011-12-19,-1,587,959,121.99999999999999,120.34,122.00999999999999,120.33,eod,1.6599999999999824,0.013605442176870606,136.05442176870605,0.3200000000000074,5.187499999999825
2011-12-20,1,577,959,122.52000000000001,123.92,122.51,123.93,eod,1.3999999999999915,0.011427638560117472,114.27638560117472,0.3500000000000085,3.9999999999998783
2011-12-21,-1,575,917,123.57,124.08,123.58,124.06,stop,-0.5100000000000051,-0.004126881372390396,-41.26881372390396,0.480000000000004,-1.0625000000000018
2011-12-22,1,578,959,124.66000000000001,125.3,124.65,125.31,eod,0.6399999999999864,0.005134376253509718,51.34376253509718,0.30000000000001137,2.133333333333207
2011-12-23,-1,578,673,125.52,125.82000000000001,125.53,125.80000000000001,stop,-0.30000000000001137,-0.002389866964072424,-23.89866964072424,0.27000000000001023,-1.1111111111111112
2011-12-27,-1,575,579,126.07,126.25,126.08,126.23,stop,-0.18000000000000682,-0.0014276649746193435,-14.276649746193435,0.15000000000000568,-1.2
2011-12-28,-1,585,959,126.07999999999998,124.97,126.08999999999999,124.96,eod,1.1099999999999852,0.008803235783963718,88.03235783963719,0.45000000000001705,2.46666666666654
2011-12-29,1,575,959,125.37,126.14999999999999,125.36,126.16,eod,0.7799999999999869,0.006222080408423636,62.220804084236356,0.18999999999999773,4.105263157894717
2011-12-30,1,575,584,126.11000000000001,125.91,126.10000000000001,125.92999999999999,stop,-0.20000000000001705,-0.0015860428231563603,-15.860428231563603,0.17000000000001592,-1.1764705882352844
2012-01-03,1,576,757,128.01999999999998,127.7,128.01,127.72,stop,-0.31999999999997897,-0.002499804702757433,-24.99804702757433,0.28999999999999204,-1.1034482758620268
2012-01-04,-1,575,595,127.14999999999999,127.4,127.16,127.38000000000001,stop,-0.2500000000000142,-0.0019660270525323547,-19.660270525323547,0.22000000000001307,-1.1363636363636334
2012-01-05,-1,580,682,126.83999999999999,127.18,126.85,127.16000000000001,stop,-0.3400000000000176,-0.0026803310997242226,-26.803310997242225,0.3100000000000165,-1.0967741935483857
2012-01-06,-1,580,959,127.80999999999999,127.80000000000001,127.82,127.79,eod,0.009999999999976694,7.823501799387181e-05,0.7823501799387181,0.4099999999999966,0.024390243902382383
2012-01-09,-1,576,617,127.77,128.08,127.78,128.06,stop,-0.3100000000000165,-0.0024260447644390082,-24.260447644390084,0.28000000000000114,-1.1071428571429116
2012-01-10,1,575,579,129.43999999999997,129.27,129.42999999999998,129.29000000000002,stop,-0.16999999999995907,-0.0013134512864093264,-13.134512864093264,0.13999999999995794,-1.2142857142857868
2012-01-11,1,575,601,128.80999999999997,128.54,128.79999999999998,128.56,stop,-0.2699999999999818,-0.0020962732919253247,-20.96273291925325,0.23999999999998067,-1.1250000000000149
2012-01-12,1,575,577,129.68999999999997,129.49,129.67999999999998,129.51000000000002,stop,-0.1999999999999602,-0.0015422578655148076,-15.422578655148076,0.16999999999995907,-1.1764705882353432
2012-01-13,-1,581,594,128.3,128.69,128.31,128.67,stop,-0.38999999999998636,-0.003039513677811444,-30.395136778114438,0.3599999999999852,-1.08333333333334
2012-01-17,1,576,600,130.20999999999998,129.95,130.2,129.97,stop,-0.2599999999999909,-0.0019969278033793465,-19.969278033793465,0.22999999999998977,-1.1304347826087064
2012-01-18,1,581,959,129.36999999999998,130.77,129.35999999999999,130.78,eod,1.400000000000034,0.010822510822511087,108.22510822511087,0.2899999999999636,4.827586206897275
2012-01-19,-1,575,597,131.01000000000002,131.27,131.02,131.25,stop,-0.2599999999999909,-0.0019844298580368714,-19.844298580368715,0.22999999999998977,-1.1304347826087064
2012-01-20,-1,575,590,131.14000000000001,131.36,131.15,131.34,stop,-0.21999999999999886,-0.0016774685474647262,-16.774685474647264,0.18999999999999773,-1.157894736842113
2012-01-23,1,575,698,131.67999999999998,131.44,131.67,131.46,stop,-0.23999999999998067,-0.0018227386648437813,-18.227386648437815,0.20999999999997954,-1.1428571428571621
2012-01-24,-1,575,598,130.75000000000003,130.95,130.76000000000002,130.92999999999998,stop,-0.1999999999999602,-0.001529519730804223,-15.29519730804223,0.16999999999995907,-1.1764705882353432
2012-01-25,-1,578,665,130.94000000000003,131.29,130.95000000000002,131.26999999999998,stop,-0.3499999999999659,-0.0026727758686518966,-26.727758686518964,0.31999999999996476,-1.093750000000014
2012-01-26,-1,576,592,132.92000000000002,133.22,132.93,133.2,stop,-0.29999999999998295,-0.002256826901376536,-22.56826901376536,0.2699999999999818,-1.1111111111111227
2012-01-27,1,575,959,131.55999999999997,131.70000000000002,131.54999999999998,131.71,eod,0.1400000000000432,0.0010642341315092606,10.642341315092606,0.40999999999996817,0.3414634146342782
2012-01-30,-1,578,648,130.23000000000002,130.58,130.24,130.56,stop,-0.3499999999999943,-0.0026873464373463937,-26.873464373463936,0.3199999999999932,-1.0937500000000056
2012-01-31,1,577,582,132.11999999999998,131.915,132.10999999999999,131.935,stop,-0.20499999999998408,-0.0015517371887062608,-15.517371887062607,0.17499999999998295,-1.1714285714285946
2012-02-01,1,576,580,132.42999999999998,132.25,132.42,132.27,stop,-0.1799999999999784,-0.00135931128228348,-13.5931128228348,0.14999999999997726,-1.200000000000038
2012-02-02,-1,578,609,132.61,132.83,132.62,132.81,stop,-0.21999999999999886,-0.0016588749811491392,-16.588749811491393,0.18999999999999773,-1.157894736842113
2012-02-03,-1,577,600,133.82000000000002,134.08,133.83,134.06,stop,-0.2599999999999909,-0.0019427632070536567,-19.427632070536568,0.22999999999998977,-1.1304347826087064
2012-02-06,-1,575,576,133.84000000000003,134.05,133.85000000000002,134.03,stop,-0.20999999999997954,-0.0015689204333207284,-15.689204333207284,0.1799999999999784,-1.166666666666693
2012-02-07,-1,576,646,134.09000000000003,134.32,134.10000000000002,134.29999999999998,stop,-0.22999999999996135,-0.0017151379567484065,-17.151379567484064,0.1999999999999602,-1.1500000000000354
2012-02-08,1,575,579,135.02999999999997,134.79,135.01999999999998,134.81,stop,-0.23999999999998067,-0.001777514442304701,-17.77514442304701,0.20999999999997954,-1.1428571428571621
2012-02-09,-1,576,782,135.25000000000003,135.52,135.26000000000002,135.5,stop,-0.2699999999999818,-0.001996155552269568,-19.96155552269568,0.23999999999998067,-1.1250000000000149
2012-02-10,1,576,600,134.18999999999997,133.95,134.17999999999998,133.97,stop,-0.23999999999998067,-0.0017886421225218416,-17.886421225218417,0.20999999999997954,-1.1428571428571621
2012-02-13,-1,575,876,135.20000000000002,135.48,135.21,135.45999999999998,stop,-0.2799999999999727,-0.0020708527475776397,-20.708527475776396,0.24999999999997158,-1.120000000000018
2012-02-14,1,583,602,135.07,134.87,135.06,134.89000000000001,stop,-0.19999999999998863,-0.001480823337775719,-14.80823337775719,0.1699999999999875,-1.1764705882353137
2012-02-15,-1,576,701,135.51000000000002,135.74,135.52,135.72,stop,-0.22999999999998977,-0.001697166469893667,-16.971664698936667,0.19999999999998863,-1.1500000000000141
2012-02-16,1,575,594,134.71999999999997,134.46,134.70999999999998,134.48000000000002,stop,-0.2599999999999625,-0.0019300720065322731,-19.300720065322732,0.22999999999996135,-1.1304347826087224
2012-02-17,-1,575,959,136.39000000000001,136.41,136.4,136.4,eod,-0.01999999999998181,-0.00014662756598227134,-1.4662756598227134,0.1799999999999784,-0.11111111111102338
2012-02-21,-1,575,583,136.63000000000002,136.82,136.64000000000001,136.79999999999998,stop,-0.1899999999999693,-0.0013905152224822108,-13.905152224822107,0.15999999999996817,-1.1875000000000444
2012-02-22,1,576,579,136.40999999999997,136.15,136.39999999999998,136.17000000000002,stop,-0.2599999999999625,-0.0019061583577709863,-19.06158357770986,0.22999999999996135,-1.1304347826087224
2012-02-23,-1,576,615,135.77,136.01,135.78,135.98999999999998,stop,-0.23999999999998067,-0.001767565178965832,-17.67565178965832,0.20999999999997954,-1.1428571428571621
2012-02-24,-1,575,606,136.87,137.05,136.88,137.03,stop,-0.18000000000000682,-0.001315020455873808,-13.15020455873808,0.15000000000000568,-1.2
2012-02-27,-1,575,600,135.88000000000002,136.16,135.89000000000001,136.14,stop,-0.2799999999999727,-0.0020604901022884146,-20.604901022884146,0.24999999999997158,-1.120000000000018
2012-02-28,1,576,582,137.23,137.04,137.22,137.06,stop,-0.18999999999999773,-0.0013846378078997065,-13.846378078997065,0.1599999999999966,-1.187500000000011
2012-02-29,1,575,606,137.85,137.7,137.84,137.72,stop,-0.15000000000000568,-0.0010882182240278997,-10.882182240278997,0.12000000000000455,-1.25
2012-03-01,1,576,600,137.57999999999998,137.24,137.57,137.26000000000002,stop,-0.339999999999975,-0.002471469070291306,-24.714690702913064,0.30999999999997385,-1.096774193548399
2012-03-02,-1,582,618,137.56000000000003,137.77,137.57000000000002,137.75,stop,-0.20999999999997954,-0.0015264956022387113,-15.264956022387112,0.1799999999999784,-1.166666666666693
2012-03-05,-1,575,603,136.94000000000003,137.15,136.95000000000002,137.13,stop,-0.20999999999997954,-0.0015334063526833116,-15.334063526833116,0.1799999999999784,-1.166666666666693
2012-03-06,1,577,580,135.43999999999997,135.2,135.42999999999998,135.22,stop,-0.23999999999998067,-0.0017721332053457928,-17.721332053457928,0.20999999999997954,-1.1428571428571621
2012-03-07,-1,578,594,135.00000000000003,135.19,135.01000000000002,135.17,stop,-0.1899999999999693,-0.0014073031627284591,-14.07303162728459,0.15999999999996817,-1.1875000000000444
2012-03-08,1,583,590,136.76999999999998,136.47,136.76,136.49,stop,-0.29999999999998295,-0.0021936238666275445,-21.936238666275443,0.2699999999999818,-1.1111111111111227
2012-03-09,-1,575,585,137.20000000000002,137.46,137.21,137.44,stop,-0.2599999999999909,-0.0018949056191239042,-18.94905619123904,0.22999999999998977,-1.1304347826087064
2012-03-12,1,578,601,137.60999999999999,137.35999999999999,137.6,137.38,stop,-0.25,-0.001816860465116279,-18.16860465116279,0.21999999999999886,-1.1363636363636422
2012-03-13,-1,590,635,138.13000000000002,138.42,138.14000000000001,138.39999999999998,stop,-0.2899999999999636,-0.002099319530910407,-20.99319530910407,0.2599999999999625,-1.1153846153846365
2012-03-14,-1,577,585,140.05,140.28,140.06,140.26,stop,-0.22999999999998977,-0.0016421533628444222,-16.421533628444223,0.19999999999998863,-1.1500000000000141
2012-03-15,-1,575,616,139.98000000000002,140.19,139.99,140.17,stop,-0.20999999999997954,-0.0015001071505106045,-15.001071505106045,0.1799999999999784,-1.166666666666693
2012-03-16,-1,577,580,140.28000000000003,140.46,140.29000000000002,140.44,stop,-0.1799999999999784,-0.0012830565257678978,-12.830565257678979,0.14999999999997726,-1.200000000000038
2012-03-19,1,575,959,140.24999999999997,140.84,140.23999999999998,140.85,eod,0.5900000000000318,0.004207073588134854,42.07073588134854,0.13999999999995794,4.214285714287207
2012-03-20,-1,581,608,139.89000000000001,140.13,139.9,140.10999999999999,stop,-0.23999999999998067,-0.0017155110793422492,-17.15511079342249,0.20999999999997954,-1.1428571428571621
2012-03-21,-1,575,579,140.41000000000003,140.64000000000001,140.42000000000002,140.62,stop,-0.22999999999998977,-0.0016379433129183147,-16.37943312918315,0.19999999999998863,-1.1500000000000141
2012-03-22,1,575,617,139.35,139.10999999999999,139.34,139.13,stop,-0.2400000000000091,-0.001722405626525112,-17.224056265251118,0.21000000000000796,-1.1428571428571428
2012-03-23,-1,575,687,139.10000000000002,139.4,139.11,139.38,stop,-0.29999999999998295,-0.002156566745740658,-21.56566745740658,0.2699999999999818,-1.1111111111111227
2012-03-26,1,575,959,140.77999999999997,141.55,140.76999999999998,141.56,eod,0.7700000000000387,0.00546991546494309,54.699154649430895,0.1799999999999784,4.277777777778506
2012-03-27,-1,575,586,141.65,141.83,141.66,141.81,stop,-0.18000000000000682,-0.001270648030495601,-12.70648030495601,0.15000000000000568,-1.2
2012-03-28,1,576,583,141.21999999999997,141.03,141.20999999999998,141.05,stop,-0.1899999999999693,-0.0013455137738118358,-13.455137738118358,0.15999999999996817,-1.1875000000000444
2012-03-29,1,575,580,139.74999999999997,139.58,139.73999999999998,139.60000000000002,stop,-0.16999999999995907,-0.0012165450121651574,-12.165450121651574,0.13999999999995794,-1.2142857142857868
2012-03-30,-1,575,843,140.74,141.0,140.75,140.98,stop,-0.2599999999999909,-0.0018472468916518004,-18.472468916518004,0.22999999999998977,-1.1304347826087064
2012-04-02,-1,575,582,140.44000000000003,140.75,140.45000000000002,140.73,stop,-0.30999999999997385,-0.0022071911712351288,-22.071911712351287,0.2799999999999727,-1.1071428571428716
2012-04-03,-1,581,607,141.58,141.81,141.59,141.79,stop,-0.22999999999998977,-0.001624408503425311,-16.24408503425311,0.19999999999998863,-1.1500000000000141
2012-04-04,1,578,610,140.23999999999998,139.97,140.23,139.99,stop,-0.2699999999999818,-0.0019254082578619542,-19.254082578619542,0.23999999999998067,-1.1250000000000149
2012-04-05,-1,575,581,139.33,139.57,139.34,139.54999999999998,stop,-0.23999999999998067,-0.001722405626524908,-17.22405626524908,0.20999999999997954,-1.1428571428571621
2012-04-09,1,575,590,138.15999999999997,137.9,138.14999999999998,137.92000000000002,stop,-0.2599999999999625,-0.001882012305464803,-18.82012305464803,0.22999999999996135,-1.1304347826087224
2012-04-10,1,575,605,138.20999999999998,137.8,138.2,137.82000000000002,stop,-0.40999999999996817,-0.0029667149059331996,-29.667149059331997,0.37999999999996703,-1.0789473684210624
2012-04-11,1,577,580,137.35999999999999,137.09,137.35,137.11,stop,-0.2699999999999818,-0.001965780851838237,-19.65780851838237,0.23999999999998067,-1.1250000000000149
2012-04-12,1,575,959,137.23999999999998,138.82000000000002,137.23,138.83,eod,1.580000000000041,0.011513517452452387,115.13517452452388,0.20999999999997954,7.523809523810452
2012-04-13,-1,575,959,138.23000000000002,137.14,138.24,137.13,eod,1.0900000000000318,0.007884837962963192,78.84837962963192,0.24999999999997158,4.360000000000623
2012-04-16,-1,581,959,137.75000000000003,137.0,137.76000000000002,136.99,eod,0.7500000000000284,0.005444250871080345,54.44250871080345,0.2899999999999636,2.5862068965521465
2012-04-17,1,575,602,138.1,137.77,138.09,137.79000000000002,stop,-0.3299999999999841,-0.0023897458179447033,-23.89745817944703,0.29999999999998295,-1.1000000000000094
2012-04-18,1,576,959,138.58999999999997,138.61,138.57999999999998,138.62,eod,0.020000000000038654,0.00014432096983719626,1.4432096983719627,0.20999999999997954,0.09523809523828858
2012-04-19,1,583,603,138.65999999999997,138.23,138.64999999999998,138.25,stop,-0.4299999999999784,-0.003101334294987223,-31.01334294987223,0.39999999999997726,-1.075000000000007
2012-04-20,-1,585,599,138.17000000000002,138.53,138.18,138.51,stop,-0.3599999999999852,-0.0026052974381240786,-26.052974381240787,0.3299999999999841,-1.0909090909090988
2012-04-23,1,578,590,136.57,136.24,136.56,136.26000000000002,stop,-0.3299999999999841,-0.0024165202108961926,-24.165202108961925,0.29999999999998295,-1.1000000000000094
2012-04-24,-1,576,584,136.85000000000002,137.09,136.86,137.07,stop,-0.23999999999998067,-0.001753616834721472,-17.53616834721472,0.20999999999997954,-1.1428571428571621
2012-04-25,1,580,753,138.82,138.53,138.81,138.55,stop,-0.28999999999999204,-0.002089186658021699,-20.89186658021699,0.2599999999999909,-1.1153846153846239
2012-04-26,1,576,959,139.01,140.13,139.0,140.14,eod,1.1200000000000045,0.008057553956834565,80.57553956834565,0.19999999999998863,5.600000000000341
2012-04-27,-1,575,814,140.46,140.63,140.47,140.60999999999999,stop,-0.1699999999999875,-0.0012102228233785684,-12.102228233785684,0.13999999999998636,-1.2142857142857433
2012-04-30,-1,575,959,140.04000000000002,139.82999999999998,140.05,139.82,eod,0.21000000000003638,0.0014994644769727695,14.994644769727694,0.1699999999999875,1.2352941176473637
2012-05-01,1,575,598,139.93999999999997,139.72,139.92999999999998,139.74,stop,-0.21999999999997044,-0.0015722146787677444,-15.722146787677444,0.1899999999999693,-1.1578947368421368
2012-05-02,-1,575,580,139.79000000000002,140.02,139.8,140.0,stop,-0.22999999999998977,-0.0016452074391987823,-16.45207439198782,0.19999999999998863,-1.1500000000000141
2012-05-03,-1,575,592,140.23000000000002,140.46,140.24,140.44,stop,-0.22999999999998977,-0.0016400456360524084,-16.400456360524082,0.19999999999998863,-1.1500000000000141
2012-05-04,-1,576,959,138.38000000000002,137.01,138.39000000000001,137.0,eod,1.370000000000033,0.009899559216706646,98.99559216706646,0.2799999999999727,4.892857142857737
2012-05-07,1,575,959,136.73,137.11,136.72,137.12,eod,0.3800000000000239,0.002779403159742714,27.79403159742714,0.2699999999999818,1.4074074074075906
2012-05-08,-1,575,919,136.24,136.54,136.25,136.51999999999998,stop,-0.29999999999998295,-0.002201834862385196,-22.01834862385196,0.2699999999999818,-1.1111111111111227
2012-05-09,1,580,597,135.30999999999997,134.96,135.29999999999998,134.98000000000002,stop,-0.3499999999999659,-0.002586844050258433,-25.868440502584328,0.31999999999996476,-1.093750000000014
2012-05-10,-1,580,592,136.59000000000003,136.84,136.60000000000002,136.82,stop,-0.24999999999997158,-0.0018301610541725589,-18.301610541725587,0.21999999999997044,-1.1363636363636598
2012-05-11,1,575,959,135.39,135.56,135.38,135.57,eod,0.17000000000001592,0.0012557246269760372,12.557246269760372,0.2799999999999727,0.6071428571429731
2012-05-14,-1,580,684,134.21,134.64000000000001,134.22,134.62,stop,-0.4300000000000068,-0.0032036954254210017,-32.036954254210016,0.4000000000000057,-1.0750000000000017
2012-05-15,1,575,587,134.29,133.92,134.28,133.94,stop,-0.37000000000000455,-0.0027554364015490358,-27.554364015490357,0.3400000000000034,-1.0882352941176494
2012-05-16,-1,576,589,133.86,134.18,133.87,134.16,stop,-0.3199999999999932,-0.002390378725629291,-23.903787256292908,0.28999999999999204,-1.1034482758620758
2012-05-17,-1,575,959,132.78000000000003,130.84,132.79000000000002,130.83,eod,1.9400000000000261,0.01460953385044074,146.0953385044074,0.23999999999998067,8.083333333334092
2012-05-18,-1,575,652,131.19000000000003,131.47,131.20000000000002,131.45,stop,-0.2799999999999727,-0.002134146341463206,-21.341463414632063,0.24999999999997158,-1.120000000000018
2012-05-21,-1,576,579,130.04000000000002,130.39000000000001,130.05,130.37,stop,-0.3499999999999943,-0.002691272587466315,-26.91272587466315,0.3199999999999932,-1.0937500000000056
2012-05-22,-1,576,584,132.17000000000002,132.37,132.18,132.35,stop,-0.19999999999998863,-0.0015130882130427344,-15.130882130427343,0.1699999999999875,-1.1764705882353137
2012-05-23,-1,583,597,131.09000000000003,131.45,131.10000000000002,131.42999999999998,stop,-0.3599999999999568,-0.002745995423340631,-27.45995423340631,0.32999999999995566,-1.0909090909091066
2012-05-24,-1,575,633,132.34000000000003,132.7,132.35000000000002,132.67999999999998,stop,-0.3599999999999568,-0.0027200604457873574,-27.200604457873574,0.32999999999995566,-1.0909090909091066
2012-05-25,1,575,610,132.60999999999999,132.33,132.6,132.35000000000002,stop,-0.2799999999999727,-0.002111613876319553,-21.11613876319553,0.24999999999997158,-1.120000000000018
2012-05-29,1,581,600,133.27999999999997,132.93,133.26999999999998,132.95000000000002,stop,-0.3499999999999659,-0.0026262474675468293,-26.262474675468294,0.31999999999996476,-1.093750000000014
2012-05-30,-1,575,959,132.31000000000003,131.79999999999998,132.32000000000002,131.79,eod,0.5100000000000477,0.0038542926239423193,38.542926239423196,0.30999999999997385,1.6451612903228734
2012-05-31,1,576,578,131.85999999999999,131.63,131.85,131.65,stop,-0.22999999999998977,-0.0017444065225634417,-17.444065225634418,0.19999999999998863,-1.1500000000000141
2012-06-01,-1,586,959,129.32000000000002,128.23,129.33,128.22,eod,1.0900000000000318,0.008428052269388631,84.28052269388631,0.5299999999999727,2.0566037735850715
2012-06-04,1,575,585,128.67999999999998,128.27,128.67,128.29000000000002,stop,-0.40999999999996817,-0.0031864459469959448,-31.86445946995945,0.37999999999996703,-1.0789473684210624
2012-06-05,1,575,959,128.14,129.00900000000001,128.13,129.019,eod,0.8690000000000282,0.006782174354171765,67.82174354171765,0.35999999999999943,2.413888888888971
2012-06-06,1,582,959,130.26,132.0,130.25,132.01,eod,1.740000000000009,0.013358925143954004,133.58925143954005,0.3299999999999841,5.272727272727555
2012-06-07,-1,575,959,133.31000000000003,132.03,133.32000000000002,132.02,eod,1.2800000000000296,0.00960096009600982,96.0096009600982,0.21999999999997044,5.818181818182734
2012-06-08,-1,576,605,131.43500000000003,131.82,131.44500000000002,131.79999999999998,stop,-0.3849999999999625,-0.0029289817033737488,-29.28981703373749,0.35499999999996135,-1.0845070422535334
2012-06-11,-1,577,959,133.68,131.48,133.69,131.47,eod,2.200000000000017,0.016455980252823823,164.55980252823824,0.5699999999999932,3.8596491228070935
2012-06-12,1,575,579,131.95999999999998,131.60999999999999,131.95,131.63,stop,-0.3499999999999943,-0.0026525198938991616,-26.525198938991615,0.3199999999999932,-1.0937500000000056
2012-06-13,-1,575,584,132.24,132.58,132.25,132.56,stop,-0.3400000000000034,-0.0025708884688090995,-25.708884688090997,0.3100000000000023,-1.0967741935483901
2012-06-14,-1,579,596,132.13000000000002,132.5,132.14000000000001,132.48,stop,-0.3699999999999761,-0.0028000605418493727,-28.000605418493727,0.339999999999975,-1.088235294117657
2012-06-15,-1,578,598,133.26000000000002,133.49,133.27,133.47,stop,-0.22999999999998977,-0.0017258197643880075,-17.258197643880074,0.19999999999998863,-1.1500000000000141
2012-06-18,1,577,959,133.64999999999998,134.41,133.64,134.42,eod,0.7600000000000193,0.005686920083807389,56.86920083807389,0.3699999999999761,2.0540540540542387
2012-06-19,-1,581,590,135.01000000000002,135.27,135.02,135.25,stop,-0.2599999999999909,-0.0019256406458301799,-19.2564064583018,0.22999999999998977,-1.1304347826087064
2012-06-20,-1,575,785,135.54000000000002,135.89000000000001,135.55,135.87,stop,-0.3499999999999943,-0.0025820730357801126,-25.820730357801125,0.3199999999999932,-1.0937500000000056
2012-06-21,-1,578,959,135.55,132.47,135.56,132.46,eod,3.0800000000000125,0.022720566538802098,227.20566538802098,0.22999999999998977,13.391304347826736
2012-06-22,-1,575,602,132.99,133.25,133.0,133.23,stop,-0.2599999999999909,-0.0019548872180450445,-19.548872180450445,0.22999999999998977,-1.1304347826087064
2012-06-25,-1,575,959,131.74,131.29,131.75,131.28,eod,0.45000000000001705,0.0034155597722961444,34.155597722961446,0.3599999999999852,1.2500000000000986
2012-06-26,1,577,600,131.73999999999998,131.53,131.73,131.55,stop,-0.20999999999997954,-0.0015941698929627234,-15.941698929627234,0.1799999999999784,-1.166666666666693
2012-06-27,1,575,587,132.64,132.37,132.63,132.39000000000001,stop,-0.2699999999999818,-0.002035738520696538,-20.35738520696538,0.23999999999998067,-1.1250000000000149
2012-06-28,1,591,607,132.38,131.99,132.37,132.01000000000002,stop,-0.38999999999998636,-0.0029462869230187077,-29.462869230187078,0.3599999999999852,-1.08333333333334
2012-06-29,-1,575,611,134.96,135.32,134.97,135.29999999999998,stop,-0.3599999999999852,-0.002667259390975663,-26.67259390975663,0.3299999999999841,-1.0909090909090988
2012-07-02,-1,577,585,136.35000000000002,136.56,136.36,136.54,stop,-0.20999999999997954,-0.0015400410677616568,-15.400410677616568,0.1799999999999784,-1.166666666666693
2012-07-05,1,575,586,137.04,136.71,137.03,136.73000000000002,stop,-0.3299999999999841,-0.0024082317740639573,-24.082317740639574,0.29999999999998295,-1.1000000000000094
2012-07-06,1,578,586,135.71999999999997,135.44,135.70999999999998,135.46,stop,-0.2799999999999727,-0.0020632230491487197,-20.632230491487196,0.24999999999997158,-1.120000000000018
2012-07-09,-1,580,959,135.27,135.32,135.28,135.31,eod,-0.04999999999998295,-0.0003696037847426297,-3.6960378474262967,0.29999999999998295,-0.1666666666666193
2012-07-10,1,575,597,136.2,135.91,136.19,135.93,stop,-0.28999999999999204,-0.0021293780747484547,-21.293780747484547,0.2599999999999909,-1.1153846153846239
2012-07-11,-1,575,581,134.01000000000002,134.31,134.02,134.29,stop,-0.29999999999998295,-0.002238471869870041,-22.38471869870041,0.2699999999999818,-1.1111111111111227
2012-07-12,-1,575,715,133.13000000000002,133.42,133.14000000000001,133.39999999999998,stop,-0.2899999999999636,-0.0021781583295776142,-21.78158329577614,0.2599999999999625,-1.1153846153846365
2012-07-13,1,576,959,134.2,135.69,134.19,135.7,eod,1.490000000000009,0.011103658990983003,111.03658990983003,0.3599999999999852,4.138888888889084
2012-07-16,-1,576,638,135.36,135.57,135.37,135.54999999999998,stop,-0.20999999999997954,-0.001551303833936467,-15.51303833936467,0.1799999999999784,-1.166666666666693
2012-07-17,1,579,581,136.23,135.91,136.22,135.93,stop,-0.3199999999999932,-0.0023491410952869857,-23.491410952869856,0.28999999999999204,-1.1034482758620758
2012-07-18,1,575,959,136.27999999999997,137.34,136.26999999999998,137.35,eod,1.0600000000000307,0.007778674689953994,77.78674689953995,0.31999999999996476,3.312500000000461
2012-07-19,1,575,601,137.79999999999998,137.51,137.79,137.53,stop,-0.28999999999999204,-0.002104652006676769,-21.04652006676769,0.2599999999999909,-1.1153846153846239
2012-07-20,-1,585,604,136.83,137.11,136.84,137.09,stop,-0.28000000000000114,-0.0020461853259280995,-20.461853259280996,0.25,-1.1200000000000045
2012-07-23,-1,575,649,134.19000000000003,134.53,134.20000000000002,134.51,stop,-0.339999999999975,-0.0025335320417285766,-25.335320417285764,0.30999999999997385,-1.096774193548399
2012-07-24,-1,575,959,134.98000000000002,134.0,134.99,133.99,eod,0.9800000000000182,0.007259797022001764,72.59797022001764,0.2699999999999818,3.6296296296299415
2012-07-25,1,575,587,134.38,134.1,134.37,134.12,stop,-0.28000000000000114,-0.0020837984669197077,-20.837984669197077,0.25,-1.1200000000000045
2012-07-26,1,575,600,136.26,135.85,136.25,135.87,stop,-0.4099999999999966,-0.0030091743119265804,-30.091743119265804,0.37999999999999545,-1.0789473684210567
2012-07-27,1,576,580,137.01,136.76,137.0,136.78,stop,-0.25,-0.0018248175182481751,-18.248175182481752,0.21999999999999886,-1.1363636363636422
2012-07-30,1,598,681,138.93999999999997,138.48,138.92999999999998,138.5,stop,-0.45999999999997954,-0.003311019938098176,-33.11019938098176,0.4299999999999784,-1.0697674418604712
2012-07-31,1,575,603,138.67999999999998,138.35,138.67,138.37,stop,-0.3299999999999841,-0.0023797504867670303,-23.797504867670302,0.29999999999998295,-1.1000000000000094
2012-08-01,-1,575,959,138.53000000000003,137.63,138.54000000000002,137.62,eod,0.9000000000000341,0.006496318752707044,64.96318752707045,0.1999999999999602,4.500000000001066
2012-08-02,1,579,698,136.70999999999998,136.18,136.7,136.20000000000002,stop,-0.5299999999999727,-0.003877103145574051,-38.771031455740506,0.4999999999999716,-1.0600000000000056
2012-08-03,-1,577,585,138.53000000000003,138.83,138.54000000000002,138.81,stop,-0.29999999999998295,-0.0021654395842354763,-21.654395842354763,0.2699999999999818,-1.1111111111111227
2012-08-06,1,575,959,139.76,139.55,139.75,139.57000000000002,stop,-0.20999999999997954,-0.001502683363148333,-15.02683363148333,0.1799999999999784,-1.166666666666693
2012-08-07,1,575,959,140.35,140.28,140.34,140.29,eod,-0.06999999999999318,-0.0004987886561208007,-4.987886561208007,0.19999999999998863,-0.34999999999998577
2012-08-08,1,578,959,139.96999999999997,140.46,139.95999999999998,140.47,eod,0.4900000000000375,0.0035010002857962103,35.0100028579621,0.15999999999996817,3.0625000000008438
2012-08-09,1,575,712,140.40999999999997,140.22,140.39999999999998,140.24,stop,-0.1899999999999693,-0.001353276353276135,-13.532763532761349,0.15999999999996817,-1.1875000000000444
2012-08-10,-1,575,610,139.89000000000001,140.18,139.9,140.16,stop,-0.28999999999999204,-0.0020729092208719947,-20.729092208719948,0.2599999999999909,-1.1153846153846239
2012-08-13,1,578,611,140.71999999999997,140.44,140.70999999999998,140.46,stop,-0.2799999999999727,-0.001989908322080682,-19.89908322080682,0.24999999999997158,-1.120000000000018
2012-08-14,-1,576,959,141.05,140.76999999999998,141.06,140.76,eod,0.28000000000002956,0.001984970934354385,19.84970934354385,0.3299999999999841,0.848484848484979
2012-08-15,1,582,959,140.79,140.91,140.78,140.92,eod,0.12000000000000455,0.0008523938059383758,8.523938059383758,0.23999999999998067,0.5000000000000592
2012-08-16,-1,575,639,141.05,141.32,141.06,141.29999999999998,stop,-0.2699999999999818,-0.0019140791152699689,-19.140791152699688,0.23999999999998067,-1.1250000000000149
2012-08-17,-1,578,959,142.02,142.28,142.03,142.26,stop,-0.2599999999999909,-0.0018305991691895437,-18.305991691895436,0.22999999999998977,-1.1304347826087064
2012-08-20,-1,575,584,141.96,142.12,141.97,142.1,stop,-0.1599999999999966,-0.0011269986616890652,-11.269986616890652,0.12999999999999545,-1.2307692307692475
2012-08-21,1,598,703,142.74999999999997,142.43,142.73999999999998,142.45000000000002,stop,-0.31999999999996476,-0.002241838307411831,-22.41838307411831,0.2899999999999636,-1.1034482758620858
2012-08-22,1,585,680,141.58999999999997,141.22,141.57999999999998,141.24,stop,-0.3699999999999761,-0.002613363469416416,-26.133634694164158,0.339999999999975,-1.088235294117657
2012-08-23,-1,575,959,141.24,140.7,141.25,140.69,eod,0.5400000000000205,0.003823008849557667,38.230088495576666,0.23999999999998067,2.2500000000002665
2012-08-24,1,575,599,140.48,140.23,140.47,140.25,stop,-0.25,-0.0017797394461450844,-17.797394461450843,0.21999999999999886,-1.1363636363636422
2012-08-27,-1,577,676,141.70100000000002,141.93,141.711,141.91,stop,-0.228999999999985,-0.0016159648862825397,-16.159648862825396,0.19899999999998386,-1.150753768844239
2012-08-28,1,578,597,141.35,141.09,141.34,141.11,stop,-0.2599999999999909,-0.0018395358709494191,-18.395358709494193,0.22999999999998977,-1.1304347826087064
2012-08-29,1,578,594,141.65999999999997,141.42,141.64999999999998,141.44,stop,-0.23999999999998067,-0.0016943169784679188,-16.94316978467919,0.20999999999997954,-1.1428571428571621
2012-08-30,1,585,600,140.92,140.60999999999999,140.91,140.63,stop,-0.3100000000000023,-0.0021999858065431996,-21.999858065431997,0.28000000000000114,-1.1071428571428608
2012-08-31,1,576,594,141.49999999999997,141.21,141.48999999999998,141.23000000000002,stop,-0.2899999999999636,-0.0020496148137675004,-20.496148137675004,0.2599999999999625,-1.1153846153846365
2012-09-04,-1,579,875,140.95000000000002,141.2,140.96,141.17999999999998,stop,-0.24999999999997158,-0.0017735527809305588,-17.735527809305587,0.21999999999997044,-1.1363636363636598
2012-09-05,-1,579,612,140.95000000000002,141.23,140.96,141.20999999999998,stop,-0.2799999999999727,-0.0019863791146422583,-19.86379114642258,0.24999999999997158,-1.120000000000018
2012-09-06,1,575,959,142.32999999999998,143.73000000000002,142.32,143.74,eod,1.400000000000034,0.00983698707138866,98.36987071388661,0.5799999999999841,2.413793103448401
2012-09-07,1,578,959,144.11999999999998,144.32000000000002,144.10999999999999,144.33,eod,0.20000000000004547,0.001387828741933561,13.87828741933561,0.23999999999998067,0.8333333333335899
2012-09-10,1,576,581,144.27999999999997,144.09,144.26999999999998,144.11,stop,-0.1899999999999693,-0.001316975116101541,-13.16975116101541,0.15999999999996817,-1.1875000000000444
2012-09-11,1,575,959,143.70999999999998,143.87,143.7,143.88,eod,0.160000000000025,0.0011134307585248784,11.134307585248784,0.14999999999997726,1.066666666666995
2012-09-12,1,577,594,144.49999999999997,144.31,144.48999999999998,144.33,stop,-0.1899999999999693,-0.0013149698941101067,-13.149698941101068,0.15999999999996817,-1.1875000000000444
2012-09-13,-1,575,603,144.21,144.4,144.22,144.38,stop,-0.18999999999999773,-0.0013174317015670345,-13.174317015670345,0.1599999999999966,-1.187500000000011
2012-09-14,1,575,924,147.11999999999998,146.8,147.10999999999999,146.82000000000002,stop,-0.31999999999996476,-0.002175243015430391,-21.75243015430391,0.2899999999999636,-1.1034482758620858
2012-09-17,1,575,585,147.01999999999998,146.85999999999999,147.01,146.88,stop,-0.1599999999999966,-0.0010883613359635167,-10.883613359635167,0.12999999999999545,-1.2307692307692475
2012-09-18,-1,577,600,146.32000000000002,146.59,146.33,146.57,stop,-0.2699999999999818,-0.0018451445363218875,-18.451445363218873,0.23999999999998067,-1.1250000000000149
2012-09-19,-1,577,602,146.56000000000003,146.83,146.57000000000002,146.81,stop,-0.2699999999999818,-0.0018421232175750957,-18.42123217575096,0.23999999999998067,-1.1250000000000149
2012-09-20,1,579,587,146.13,145.85,146.12,145.87,stop,-0.28000000000000114,-0.0019162332329592192,-19.162332329592193,0.25,-1.1200000000000045
2012-09-21,-1,575,959,146.50000000000003,145.89,146.51000000000002,145.88,eod,0.6100000000000421,0.004163538325029295,41.635383250292946,0.16999999999995907,3.5882352941187583
2012-09-24,1,576,959,145.23,145.6099,145.22,145.6199,eod,0.37990000000002055,0.0026160308497453558,26.160308497453556,0.18999999999999773,1.9994736842106584
2012-09-25,-1,575,600,145.85000000000002,146.04,145.86,146.01999999999998,stop,-0.1899999999999693,-0.0013026189496775627,-13.026189496775627,0.15999999999996817,-1.1875000000000444
2012-09-26,-1,575,959,143.95000000000002,143.34,143.96,143.33,eod,0.6100000000000136,0.004237288135593315,42.372881355933146,0.1599999999999966,3.8125000000001665
2012-09-27,-1,575,717,143.76000000000002,143.99,143.77,143.97,stop,-0.22999999999998977,-0.0015997774222716126,-15.997774222716126,0.19999999999998863,-1.1500000000000141
2012-09-28,1,576,582,144.14,143.87,144.13,143.89000000000001,stop,-0.2699999999999818,-0.0018733088184276821,-18.73308818427682,0.23999999999998067,-1.1250000000000149
2012-10-01,1,600,794,144.92999999999998,144.4,144.92,144.42000000000002,stop,-0.5299999999999727,-0.003657190173888854,-36.57190173888854,0.4999999999999716,-1.0600000000000056
2012-10-02,-1,578,959,144.81000000000003,144.48999999999998,144.82000000000002,144.48,eod,0.32000000000005,0.002209639552548336,22.09639552548336,0.339999999999975,0.9411764705884517
2012-10-03,-1,576,620,144.741,144.92,144.751,144.89999999999998,stop,-0.17899999999997362,-0.001236606310146207,-12.36606310146207,0.1489999999999725,-1.2013422818792394
2012-10-04,-1,575,592,145.52,145.75,145.53,145.73,stop,-0.22999999999998977,-0.001580430151858653,-15.804301518586529,0.19999999999998863,-1.1500000000000141
2012-10-05,-1,582,595,146.8,147.03,146.81,147.01,stop,-0.22999999999998977,-0.0015666507731080291,-15.66650773108029,0.19999999999998863,-1.1500000000000141
2012-10-08,1,585,700,145.64,145.34,145.63,145.36,stop,-0.29999999999998295,-0.0020600151067773327,-20.60015106777333,0.2699999999999818,-1.1111111111111227
2012-10-09,1,582,589,145.54999999999998,145.3,145.54,145.32000000000002,stop,-0.24999999999997158,-0.0017177408272637871,-17.177408272637873,0.21999999999997044,-1.1363636363636598
2012-10-10,-1,577,630,144.01000000000002,144.3,144.02,144.28,stop,-0.28999999999999204,-0.0020136092209414804,-20.136092209414805,0.2599999999999909,-1.1153846153846239
2012-10-11,-1,578,643,144.15,144.36,144.16,144.34,stop,-0.21000000000000796,-0.0014567147613763038,-14.567147613763039,0.18000000000000682,-1.1666666666666667
2012-10-12,1,575,584,143.51999999999998,143.28,143.51,143.3,stop,-0.23999999999998067,-0.0016723573270154045,-16.723573270154045,0.20999999999997954,-1.1428571428571621
2012-10-15,-1,579,695,143.12,143.43,143.13,143.41,stop,-0.3100000000000023,-0.0021658632012855608,-21.65863201285561,0.28000000000000114,-1.1071428571428608
2012-10-16,1,586,959,144.88,145.56,144.87,145.57,eod,0.6800000000000068,0.004693863463795174,46.938634637951736,0.21999999999999886,3.090909090909138
2012-10-17,-1,575,584,145.45000000000002,145.73,145.46,145.70999999999998,stop,-0.2799999999999727,-0.001924927815206742,-19.249278152067422,0.24999999999997158,-1.120000000000018
2012-10-18,1,575,582,145.89999999999998,145.73,145.89,145.75,stop,-0.1699999999999875,-0.0011652614983891118,-11.652614983891118,0.13999999999998636,-1.2142857142857433
2012-10-19,-1,576,959,145.19000000000003,143.35999999999999,145.20000000000002,143.35,eod,1.830000000000041,0.012603305785124247,126.03305785124248,0.3699999999999761,4.9459459459463755
2012-10-22,1,575,583,143.42999999999998,143.12,143.42,143.14000000000001,stop,-0.30999999999997385,-0.0021614837540090215,-21.614837540090214,0.2799999999999727,-1.1071428571428716
2012-10-23,-1,576,888,141.72000000000003,141.95,141.73000000000002,141.92999999999998,stop,-0.22999999999996135,-0.001622803922951819,-16.228039229518192,0.1999999999999602,-1.1500000000000354
2012-10-24,-1,578,959,141.88000000000002,141.01999999999998,141.89000000000001,141.01,eod,0.8600000000000421,0.006061033194728607,60.61033194728607,0.21999999999997044,3.9090909090916255
2012-10-25,-1,578,959,141.99,141.42999999999998,142.0,141.42,eod,0.5600000000000307,0.003943661971831202,39.436619718312016,0.28999999999999204,1.9310344827587795
2012-10-26,1,576,599,141.43999999999997,141.19,141.42999999999998,141.21,stop,-0.24999999999997158,-0.0017676589125360364,-17.676589125360366,0.21999999999997044,-1.1363636363636598
2012-10-31,1,579,580,141.92999999999998,141.64,141.92,141.66,stop,-0.28999999999999204,-0.002043404735061951,-20.434047350619508,0.2599999999999909,-1.1153846153846239
2012-11-01,1,576,959,141.95999999999998,142.87,141.95,142.88,eod,0.910000000000025,0.006410707995773336,64.10707995773336,0.4399999999999693,2.0681818181820195
2012-11-02,-1,581,959,143.31000000000003,141.54999999999998,143.32000000000002,141.54,eod,1.7600000000000477,0.012280212112755005,122.80212112755005,0.40999999999996817,4.292682926829718
2012-11-05,1,575,583,141.42,141.12,141.41,141.14000000000001,stop,-0.29999999999998295,-0.002121490700798974,-21.21490700798974,0.2699999999999818,-1.1111111111111227
2012-11-06,1,575,959,142.33999999999997,142.91,142.32999999999998,142.92,eod,0.5700000000000216,0.004004777629452833,40.047776294528326,0.20999999999997954,2.7142857142860817
2012-11-07,-1,575,959,141.08,139.73,141.09,139.72,eod,1.3500000000000227,0.009568360620880451,95.6836062088045,0.5999999999999943,2.250000000000059
2012-11-08,1,577,621,139.96999999999997,139.66,139.95999999999998,139.68,stop,-0.30999999999997385,-0.0022149185481564297,-22.1491854815643,0.2799999999999727,-1.1071428571428716
2012-11-09,1,576,959,137.92,138.18,137.91,138.19,eod,0.2600000000000193,0.0018852875063448578,18.85287506344858,0.3699999999999761,0.7027027027028003
2012-11-12,1,579,611,138.64999999999998,138.39,138.64,138.41,stop,-0.2599999999999909,-0.001875360646278065,-18.753606462780652,0.22999999999998977,-1.1304347826087064
2012-11-13,1,575,959,137.61999999999998,137.82000000000002,137.60999999999999,137.83,eod,0.20000000000004547,0.0014533827483471078,14.533827483471079,0.2599999999999625,0.7692307692310552
2012-11-14,-1,580,959,138.09000000000003,135.92999999999998,138.10000000000002,135.92,eod,2.1600000000000534,0.015640839971035866,156.40839971035865,0.339999999999975,6.352941176471213
2012-11-15,1,575,597,136.18999999999997,135.82,136.17999999999998,135.84,stop,-0.3699999999999761,-0.0027169922161842867,-27.169922161842866,0.339999999999975,-1.088235294117657
2012-11-16,-1,585,710,135.46,135.95,135.47,135.92999999999998,stop,-0.4899999999999807,-0.0036170369823575747,-36.17036982357575,0.45999999999997954,-1.0652173913043532
2012-11-19,1,575,959,138.07999999999998,139.10000000000002,138.07,139.11,eod,1.0200000000000387,0.007387557036286223,73.87557036286222,0.2599999999999909,3.923076923077209
2012-11-20,-1,576,600,138.58,138.955,138.59,138.935,stop,-0.375,-0.0027058229309473987,-27.058229309473987,0.34499999999999886,-1.086956521739134
2012-11-21,1,576,607,139.45,139.1,139.44,139.12,stop,-0.3499999999999943,-0.0025100401606425295,-25.100401606425294,0.3199999999999932,-1.0937500000000056
2012-11-26,-1,578,582,140.47500000000002,140.74,140.485,140.72,stop,-0.26499999999998636,-0.0018863223831724835,-18.863223831724834,0.23499999999998522,-1.127659574468098
2012-11-27,1,577,616,140.95,140.72,140.94,140.74,stop,-0.22999999999998977,-0.0016319000993329769,-16.31900099332977,0.19999999999998863,-1.1500000000000141
2012-11-28,-1,577,624,139.525,139.8,139.535,139.78,stop,-0.2750000000000057,-0.0019708316909736318,-19.708316909736318,0.24500000000000455,-1.122448979591839
2012-11-29,1,575,608,142.32999999999998,141.95,142.32,141.97,stop,-0.37999999999999545,-0.002670039347948254,-26.70039347948254,0.3499999999999943,-1.0857142857142903
2012-11-30,-1,575,582,141.99,142.2,142.0,142.17999999999998,stop,-0.20999999999997954,-0.0014788732394364755,-14.788732394364756,0.1799999999999784,-1.166666666666693
2012-12-03,-1,583,959,142.72000000000003,141.47,142.73000000000002,141.46,eod,1.2500000000000284,0.008757794437049172,87.57794437049172,0.1999999999999602,6.250000000001386
2012-12-04,1,576,632,141.51,141.23,141.5,141.25,stop,-0.28000000000000114,-0.0019787985865724464,-19.787985865724462,0.25,-1.1200000000000045
2012-12-05,1,576,598,141.46999999999997,141.2401,141.45999999999998,141.26010000000002,stop,-0.22989999999995803,-0.0016251944012438714,-16.251944012438713,0.1998999999999569,-1.1500750375187974
2012-12-06,1,575,621,141.48,141.18,141.47,141.20000000000002,stop,-0.29999999999998295,-0.0021205909380079377,-21.205909380079376,0.2699999999999818,-1.1111111111111227
2012-12-07,-1,577,959,142.42000000000002,142.41,142.43,142.4,eod,0.010000000000019327,7.020992768391018e-05,0.7020992768391018,0.2699999999999818,0.037037037037111115
2012-12-10,1,586,959,142.46999999999997,142.5,142.45999999999998,142.51,eod,0.03000000000002956,0.0002105854274886253,2.105854274886253,0.31999999999996476,0.0937500000001027
2012-12-11,1,575,959,143.21999999999997,143.42000000000002,143.20999999999998,143.43,eod,0.20000000000004547,0.0013965505202153865,13.965505202153865,0.22999999999996135,0.8695652173916482
2012-12-12,-1,578,750,143.78000000000003,144.05,143.79000000000002,144.03,stop,-0.2699999999999818,-0.0018777383684538687,-18.777383684538687,0.23999999999998067,-1.1250000000000149
2012-12-13,1,575,581,143.60999999999999,143.33,143.6,143.35000000000002,stop,-0.2799999999999727,-0.0019498607242337933,-19.498607242337933,0.24999999999997158,-1.120000000000018
2012-12-14,1,577,698,142.35,142.08,142.34,142.10000000000002,stop,-0.2699999999999818,-0.001896866657299296,-18.96866657299296,0.23999999999998067,-1.1250000000000149
2012-12-17,1,575,959,142.61999999999998,143.76000000000002,142.60999999999999,143.77,eod,1.1400000000000432,0.00799382932473209,79.9382932473209,0.1899999999999693,6.000000000001196
2012-12-18,1,581,959,144.04989999999998,145.34,144.0399,145.35,eod,1.2901000000000238,0.00895654606813823,89.5654606813823,0.2598999999999876,4.963832243170779
2012-12-19,-1,575,959,145.31000000000003,144.29,145.32000000000002,144.28,eod,1.0200000000000387,0.007018992568125781,70.1899256812578,0.2699999999999818,3.7777777777781756
2012-12-20,-1,578,608,144.3,144.54,144.31,144.51999999999998,stop,-0.23999999999998067,-0.0016630864111979813,-16.630864111979815,0.20999999999997954,-1.1428571428571621
2012-12-21,1,579,697,142.55499999999998,142.01,142.545,142.03,stop,-0.5449999999999875,-0.0038233540285522996,-38.233540285523,0.5149999999999864,-1.0582524271844698
2012-12-26,1,580,615,142.68999999999997,142.45,142.67999999999998,142.47,stop,-0.23999999999998067,-0.00168208578637497,-16.8208578637497,0.20999999999997954,-1.1428571428571621
2012-12-27,1,576,600,141.80999999999997,141.57,141.79999999999998,141.59,stop,-0.23999999999998067,-0.0016925246826514858,-16.925246826514858,0.20999999999997954,-1.1428571428571621
2012-12-28,1,577,586,140.86999999999998,140.57,140.85999999999999,140.59,stop,-0.29999999999998295,-0.0021297742439300225,-21.297742439300226,0.2699999999999818,-1.1111111111111227
2012-12-31,1,575,959,139.82,142.45000000000002,139.81,142.46,eod,2.630000000000024,0.01881124383091355,188.1124383091355,0.28000000000000114,9.39285714285719
2013-01-02,1,575,583,145.29999999999998,145.06,145.29,145.08,stop,-0.23999999999998067,-0.00165186867644009,-16.5186867644009,0.20999999999997954,-1.1428571428571621
2013-01-03,-1,575,632,145.71,146.02,145.72,146.0,stop,-0.3100000000000023,-0.002127367554213576,-21.27367554213576,0.28000000000000114,-1.1071428571428608
2013-01-04,-1,576,584,145.72000000000003,146.01,145.73000000000002,145.98999999999998,stop,-0.2899999999999636,-0.00198998147258604,-19.8998147258604,0.2599999999999625,-1.1153846153846365
2013-01-07,-1,577,610,145.64000000000001,145.92,145.65,145.89999999999998,stop,-0.2799999999999727,-0.0019224167524886557,-19.224167524886557,0.24999999999997158,-1.120000000000018
2013-01-08,1,576,591,145.83999999999997,145.62,145.82999999999998,145.64000000000001,stop,-0.21999999999997044,-0.0015086059109920488,-15.086059109920487,0.1899999999999693,-1.1578947368421368
2013-01-09,-1,580,593,145.83,146.09,145.84,146.07,stop,-0.2599999999999909,-0.0017827756445419013,-17.827756445419013,0.22999999999998977,-1.1304347826087064
2013-01-10,-1,577,892,146.57000000000002,146.86,146.58,146.84,stop,-0.28999999999999204,-0.001978441806521981,-19.78441806521981,0.2599999999999909,-1.1153846153846239
2013-01-11,-1,579,945,146.9,147.14000000000001,146.91,147.12,stop,-0.2400000000000091,-0.0016336532570962433,-16.336532570962433,0.21000000000000796,-1.1428571428571428
2013-01-14,1,577,584,147.05999999999997,146.84,147.04999999999998,146.86,stop,-0.21999999999997044,-0.0014960897653857224,-14.960897653857224,0.1899999999999693,-1.1578947368421368
2013-01-15,1,575,959,146.36499999999998,147.03,146.355,147.04,eod,0.6650000000000205,0.00454374637012757,45.437463701275696,0.16499999999999204,4.030303030303349
2013-01-16,-1,575,600,146.71,146.9,146.72,146.88,stop,-0.18999999999999773,-0.001294983642311871,-12.94983642311871,0.1599999999999966,-1.187500000000011
2013-01-17,-1,575,614,147.60000000000002,147.76,147.61,147.73999999999998,stop,-0.15999999999996817,-0.0010839374026147832,-10.839374026147832,0.12999999999996703,-1.2307692307692981
2013-01-18,-1,575,880,147.901,148.1,147.911,148.07999999999998,stop,-0.19899999999998386,-0.001345403654900473,-13.45403654900473,0.16899999999998272,-1.1775147928994332
2013-01-22,1,575,580,148.46999999999997,148.3,148.45999999999998,148.32000000000002,stop,-0.16999999999995907,-0.0011450895864203092,-11.450895864203092,0.13999999999995794,-1.2142857142857868
2013-01-23,-1,594,611,149.06000000000003,149.27,149.07000000000002,149.25,stop,-0.20999999999997954,-0.0014087341517406554,-14.087341517406555,0.1799999999999784,-1.166666666666693
2013-01-24,1,575,826,149.51999999999998,149.09,149.51,149.11,stop,-0.4299999999999784,-0.0028760618018860173,-28.76061801886017,0.39999999999997726,-1.075000000000007
2013-01-25,1,576,603,149.90999999999997,149.72,149.89999999999998,149.74,stop,-0.1899999999999693,-0.0012675116744494284,-12.675116744494284,0.15999999999996817,-1.1875000000000444
2013-01-28,-1,576,959,150.06000000000003,150.04999999999998,150.07000000000002,150.04,eod,0.010000000000047748,6.663557006762009e-05,0.6663557006762009,0.2699999999999818,0.03703703703721638
2013-01-29,1,590,608,149.98,149.67,149.97,149.69,stop,-0.3100000000000023,-0.0020670800826832186,-20.670800826832185,0.28000000000000114,-1.1071428571428608
2013-01-30,1,577,608,150.73,150.46,150.72,150.48000000000002,stop,-0.2699999999999818,-0.0017914012738852296,-17.914012738852296,0.23999999999998067,-1.1250000000000149
2013-01-31,-1,575,580,149.73000000000002,149.96,149.74,149.94,stop,-0.22999999999998977,-0.001535995725924868,-15.35995725924868,0.19999999999998863,-1.1500000000000141
2013-02-01,-1,575,600,150.51000000000002,150.75,150.52,150.73,stop,-0.23999999999998067,-0.0015944724953493267,-15.944724953493267,0.20999999999997954,-1.1428571428571621
2013-02-04,1,577,586,150.42,150.22,150.41,150.24,stop,-0.19999999999998863,-0.001329698823216466,-13.29698823216466,0.1699999999999875,-1.1764705882353137
2013-02-05,1,575,959,150.42,151.05,150.41,151.06,eod,0.6300000000000239,0.0041885512931322645,41.885512931322644,0.12999999999999545,4.846153846154199
2013-02-06,1,576,959,150.6,151.16,150.59,151.17,eod,0.5600000000000023,0.003718706421409139,37.187064214091386,0.18999999999999773,2.947368421052679
2013-02-07,1,575,580,151.26,151.08,151.25,151.10000000000002,stop,-0.1799999999999784,-0.0011900826446279563,-11.900826446279563,0.14999999999997726,-1.200000000000038
2013-02-08,1,578,959,151.38,151.77,151.37,151.78,eod,0.3900000000000148,0.0025764682565899105,25.764682565899104,0.1599999999999966,2.4375000000001443
2013-02-11,-1,577,646,151.56000000000003,151.8,151.57000000000002,151.78,stop,-0.23999999999998067,-0.0015834267994984537,-15.834267994984538,0.20999999999997954,-1.1428571428571621
2013-02-12,-1,577,603,151.73000000000002,151.93,151.74,151.91,stop,-0.19999999999998863,-0.001318044022670282,-13.180440226702821,0.1699999999999875,-1.1764705882353137
2013-02-13,1,575,589,152.46999999999997,152.22,152.45999999999998,152.24,stop,-0.24999999999997158,-0.0016397743670469082,-16.397743670469083,0.21999999999997044,-1.1363636363636598
2013-02-14,1,575,959,151.73,152.28,151.72,152.29,eod,0.5500000000000114,0.003625098866332793,36.25098866332793,0.20999999999997954,2.6190476190479286
2013-02-15,1,579,586,152.48,152.33,152.47,152.35000000000002,stop,-0.14999999999997726,-0.0009838000918211927,-9.838000918211927,0.11999999999997613,-1.2500000000000593
2013-02-19,1,575,959,152.48999999999998,153.21,152.48,153.22,eod,0.7200000000000273,0.004721930745015919,47.219307450159185,0.12999999999996703,5.538461538463153
2013-02-20,1,575,577,153.17,153.03,153.16,153.05,stop,-0.13999999999998636,-0.0009140767824496368,-9.140767824496368,0.10999999999998522,-1.2727272727273198
2013-02-21,-1,577,959,150.68,150.42,150.69,150.41,eod,0.2600000000000193,0.001725396509390267,17.25396509390267,0.28000000000000114,0.9285714285714938
2013-02-22,1,576,581,151.33999999999997,151.1,151.32999999999998,151.12,stop,-0.23999999999998067,-0.001585938016255737,-15.85938016255737,0.20999999999997954,-1.1428571428571621
2013-02-25,-1,575,600,152.55,152.72,152.56,152.7,stop,-0.1699999999999875,-0.0011143156790770024,-11.143156790770023,0.13999999999998636,-1.2142857142857433
2013-02-26,1,575,585,149.88,149.66,149.87,149.68,stop,-0.21999999999999886,-0.0014679388803629737,-14.679388803629736,0.18999999999999773,-1.157894736842113
2013-02-27,1,575,959,149.99999999999997,151.9,149.98999999999998,151.91,eod,1.900000000000034,0.01266751116741139,126.6751116741139,0.23999999999998067,7.916666666667446
2013-02-28,1,576,959,151.98,151.72,151.97,151.74,stop,-0.2599999999999909,-0.0017108639863130282,-17.108639863130282,0.22999999999998977,-1.1304347826087064
2013-03-01,-1,576,600,150.74,151.15,150.75,151.13,stop,-0.4099999999999966,-0.002719734660033145,-27.19734660033145,0.37999999999999545,-1.0789473684210567
2013-03-04,-1,577,580,151.63000000000002,151.86,151.64000000000001,151.84,stop,-0.22999999999998977,-0.0015167501978369147,-15.167501978369147,0.19999999999998863,-1.1500000000000141
2013-03-05,1,575,959,153.82999999999998,154.3,153.82,154.31,eod,0.4700000000000273,0.0030555194383046894,30.555194383046896,0.18999999999999773,2.473684210526489
2013-03-06,-1,579,596,154.70000000000002,154.9,154.71,154.88,stop,-0.19999999999998863,-0.0012927412578371703,-12.927412578371703,0.1699999999999875,-1.1764705882353137
2013-03-07,1,576,582,154.92,154.60999999999999,154.91,154.63,stop,-0.3100000000000023,-0.002001161965011957,-20.01161965011957,0.28000000000000114,-1.1071428571428608
2013-03-08,-1,575,943,155.42000000000002,155.63,155.43,155.60999999999999,stop,-0.20999999999997954,-0.0013510905230649135,-13.510905230649135,0.1799999999999784,-1.166666666666693
2013-03-11,-1,575,591,155.20000000000002,155.39000000000001,155.21,155.37,stop,-0.18999999999999773,-0.0012241479286128323,-12.241479286128323,0.1599999999999966,-1.187500000000011
2013-03-12,-1,576,597,155.76000000000002,155.97,155.77,155.95,stop,-0.20999999999997954,-0.0013481414906591738,-13.481414906591738,0.1799999999999784,-1.166666666666693
2013-03-13,1,576,580,155.79999999999998,155.57,155.79,155.59,stop,-0.22999999999998977,-0.0014763463636946516,-14.763463636946515,0.19999999999998863,-1.1500000000000141
2013-03-14,1,575,620,156.40999999999997,156.22,156.39999999999998,156.24,stop,-0.1899999999999693,-0.0012148337595905968,-12.148337595905968,0.15999999999996817,-1.1875000000000444
2013-03-15,-1,579,687,155.60000000000002,155.92,155.61,155.89999999999998,stop,-0.31999999999996476,-0.002056423109054461,-20.564231090544613,0.2899999999999636,-1.1034482758620858
2013-03-18,1,575,959,154.38,154.94,154.37,154.95,eod,0.5600000000000023,0.0036276478590399836,36.27647859039983,0.18000000000000682,3.111111111111006
2013-03-19,-1,579,592,155.27,155.51,155.28,155.48999999999998,stop,-0.23999999999998067,-0.0015455950540957024,-15.455950540957025,0.20999999999997954,-1.1428571428571621
2013-03-20,-1,586,864,155.45000000000002,155.75,155.46,155.73,stop,-0.29999999999998295,-0.0019297568506367099,-19.2975685063671,0.2699999999999818,-1.1111111111111227
2013-03-21,1,575,616,154.92899999999997,154.67,154.91899999999998,154.69,stop,-0.25899999999998613,-0.001671841413900078,-16.718414139000778,0.228999999999985,-1.1310043668122407
2013-03-22,-1,587,601,154.79000000000002,155.06,154.8,155.04,stop,-0.2699999999999818,-0.0017441860465115104,-17.441860465115102,0.23999999999998067,-1.1250000000000149
2013-03-25,-1,575,582,155.82000000000002,156.1,155.83,156.07999999999998,stop,-0.2799999999999727,-0.0017968298787138079,-17.968298787138078,0.24999999999997158,-1.120000000000018
2013-03-26,-1,575,580,155.56000000000003,155.77,155.57000000000002,155.75,stop,-0.20999999999997954,-0.0013498746544962365,-13.498746544962366,0.1799999999999784,-1.166666666666693
2013-03-27,-1,575,581,155.03000000000003,155.32,155.04000000000002,155.29999999999998,stop,-0.2899999999999636,-0.0018704850361194762,-18.70485036119476,0.2599999999999625,-1.1153846153846365
2013-03-28,1,575,580,156.29999999999998,156.06,156.29,156.08,stop,-0.23999999999998067,-0.0015356068846374092,-15.356068846374093,0.20999999999997954,-1.1428571428571621
2013-04-01,1,575,600,156.70999999999998,156.51,156.7,156.53,stop,-0.19999999999998863,-0.0012763241863432587,-12.763241863432587,0.1699999999999875,-1.1764705882353137
2013-04-02,1,575,942,156.79,156.48,156.78,156.5,stop,-0.3100000000000023,-0.001977293022069156,-19.77293022069156,0.28000000000000114,-1.1071428571428608
2013-04-03,-1,579,959,156.84000000000003,155.26999999999998,156.85000000000002,155.26,eod,1.57000000000005,0.010009563277016575,100.09563277016575,0.1899999999999693,8.263157894738441
2013-04-04,1,580,629,155.54989999999998,155.28,155.5399,155.3,stop,-0.2698999999999785,-0.0017352460686934897,-17.352460686934897,0.23989999999997735,-1.1250521050437847
2013-04-05,1,577,959,154.01,155.18,154.0,155.19,eod,1.170000000000016,0.007597402597402701,75.974025974027,0.23999999999998067,4.875000000000459
2013-04-08,-1,584,823,155.03000000000003,155.33,155.04000000000002,155.31,stop,-0.29999999999998295,-0.0019349845201237289,-19.34984520123729,0.2699999999999818,-1.1111111111111227
2013-04-09,-1,575,750,156.45000000000002,156.63,156.46,156.60999999999999,stop,-0.1799999999999784,-0.0011504537901059592,-11.504537901059592,0.14999999999997726,-1.200000000000038
2013-04-10,1,575,959,157.55999999999997,158.69,157.54999999999998,158.7,eod,1.1300000000000239,0.007172326245636458,71.72326245636458,0.4299999999999784,2.6279069767443737
2013-04-11,-1,578,589,158.61,158.83,158.62,158.81,stop,-0.21999999999999886,-0.0013869625520110886,-13.869625520110885,0.18999999999999773,-1.157894736842113
2013-04-12,1,580,595,158.89999999999998,158.6,158.89,158.62,stop,-0.29999999999998295,-0.001888098684624476,-18.88098684624476,0.2699999999999818,-1.1111111111111227
2013-04-15,1,575,586,158.04,157.8,158.03,157.82000000000002,stop,-0.23999999999998067,-0.0015186989812059778,-15.186989812059778,0.20999999999997954,-1.1428571428571621
2013-04-16,1,576,619,156.40999999999997,156.13,156.39999999999998,156.15,stop,-0.2799999999999727,-0.0017902813299230994,-17.902813299230992,0.24999999999997158,-1.120000000000018
2013-04-17,-1,575,959,156.04000000000002,155.07,156.05,155.06,eod,0.9700000000000273,0.00621595642422318,62.1595642422318,0.2799999999999727,3.464285714286149
2013-04-18,-1,575,959,155.13000000000002,154.17999999999998,155.14000000000001,154.17,eod,0.9500000000000455,0.006123501353616381,61.23501353616381,0.2799999999999727,3.3928571428576357
2013-04-19,1,577,585,154.64999999999998,154.29,154.64,154.31,stop,-0.3599999999999852,-0.002327987584066123,-23.27987584066123,0.3299999999999841,-1.0909090909090988
2013-04-22,-1,576,760,155.68,156.02,155.69,156.0,stop,-0.3400000000000034,-0.0021838268353780166,-21.838268353780165,0.3100000000000023,-1.0967741935483901
2013-04-23,1,575,789,157.14999999999998,156.85999999999999,157.14,156.88,stop,-0.28999999999999204,-0.001845488099783582,-18.45488099783582,0.2599999999999909,-1.1153846153846239
2013-04-24,1,575,608,158.15999999999997,157.72,158.14999999999998,157.74,stop,-0.4399999999999693,-0.002782168827062721,-27.82168827062721,0.40999999999996817,-1.0731707317073256
2013-04-25,1,579,584,158.42999999999998,158.2,158.42,158.22,stop,-0.22999999999998977,-0.001451836889281592,-14.51836889281592,0.19999999999998863,-1.1500000000000141
2013-04-26,-1,578,597,158.28000000000003,158.5,158.29000000000002,158.48,stop,-0.21999999999997044,-0.0013898540653229541,-13.89854065322954,0.1899999999999693,-1.1578947368421368
2013-04-29,-1,575,603,158.54000000000002,158.86,158.55,158.84,stop,-0.3199999999999932,-0.002018290760012571,-20.18290760012571,0.28999999999999204,-1.1034482758620758
2013-04-30,1,577,582,159.33999999999997,159.09,159.32999999999998,159.11,stop,-0.24999999999997158,-0.0015690704826459023,-15.690704826459022,0.21999999999997044,-1.1363636363636598
2013-05-01,-1,575,586,159.21,159.4,159.22,159.38,stop,-0.18999999999999773,-0.0011933174224343533,-11.933174224343533,0.1599999999999966,-1.187500000000011
2013-05-02,1,575,959,158.85999999999999,159.71,158.85,159.72,eod,0.8500000000000227,0.005350960025181132,53.509600251811314,0.3299999999999841,2.575757575757769
2013-05-03,1,577,959,161.45999999999998,161.37,161.45,161.38,eod,-0.08999999999997499,-0.0005574481263547538,-5.574481263547538,0.4199999999999875,-0.21428571428566112
2013-05-06,1,575,592,161.67,161.41,161.66,161.43,stop,-0.2599999999999909,-0.0016083137448966406,-16.083137448966404,0.22999999999998977,-1.1304347826087064
2013-05-07,1,575,612,162.18999999999997,161.97,162.17999999999998,161.99,stop,-0.21999999999997044,-0.0013565174497470124,-13.565174497470124,0.1899999999999693,-1.1578947368421368
2013-05-08,-1,575,585,162.36,162.58,162.37,162.56,stop,-0.21999999999999886,-0.0013549300979244863,-13.549300979244864,0.18999999999999773,-1.157894736842113
2013-05-09,1,580,589,163.42999999999998,163.18,163.42,163.20000000000002,stop,-0.24999999999997158,-0.001529800514012799,-15.298005140127989,0.21999999999997044,-1.1363636363636598
2013-05-10,1,576,582,163.18999999999997,162.83,163.17999999999998,162.85000000000002,stop,-0.3599999999999568,-0.0022061527147932154,-22.061527147932154,0.32999999999995566,-1.0909090909091066
2013-05-13,-1,584,613,163.09000000000003,163.36,163.10000000000002,163.34,stop,-0.2699999999999818,-0.0016554261189453206,-16.554261189453207,0.23999999999998067,-1.1250000000000149
2013-05-14,1,575,959,163.96999999999997,165.26000000000002,163.95999999999998,165.27,eod,1.2900000000000489,0.007867772627470414,78.67772627470414,0.29999999999998295,4.3000000000004075
2013-05-15,1,575,588,165.17,164.9,165.16,164.92000000000002,stop,-0.2699999999999818,-0.001634778396706114,-16.34778396706114,0.23999999999998067,-1.1250000000000149
2013-05-16,1,577,604,165.96999999999997,165.73,165.95999999999998,165.75,stop,-0.23999999999998067,-0.0014461315979752995,-14.461315979752994,0.20999999999997954,-1.1428571428571621
2013-05-17,1,575,581,166.11999999999998,165.85999999999999,166.10999999999999,165.88,stop,-0.2599999999999909,-0.0015652278610558722,-15.652278610558723,0.22999999999998977,-1.1304347826087064
2013-05-20,1,577,589,167.02999999999997,166.74,167.01999999999998,166.76000000000002,stop,-0.2899999999999636,-0.0017363190037119126,-17.363190037119125,0.2599999999999625,-1.1153846153846365
2013-05-21,1,575,612,167.35,166.98,167.34,167.0,stop,-0.37000000000000455,-0.0022110672881558774,-22.110672881558774,0.3400000000000034,-1.0882352941176494
2013-05-22,1,577,813,167.48,167.2665,167.47,167.28650000000002,stop,-0.21349999999998204,-0.0012748551979457935,-12.748551979457936,0.1834999999999809,-1.1634877384196418
2013-05-23,1,575,589,164.58999999999997,164.1,164.57999999999998,164.12,stop,-0.4899999999999807,-0.002977275489123713,-29.77275489123713,0.45999999999997954,-1.0652173913043532
2013-05-24,1,575,590,164.61999999999998,164.23,164.60999999999999,164.25,stop,-0.38999999999998636,-0.00236923637689075,-23.6923637689075,0.3599999999999852,-1.08333333333334
2013-05-28,-1,578,586,167.01000000000002,167.32,167.02,167.29999999999998,stop,-0.30999999999997385,-0.0018560651418990171,-18.560651418990172,0.2799999999999727,-1.1071428571428716
2013-05-29,1,575,582,165.51999999999998,165.09,165.51,165.11,stop,-0.4299999999999784,-0.0025980303304934953,-25.980303304934953,0.39999999999997726,-1.075000000000007
2013-05-30,-1,575,578,165.21,165.61,165.22,165.59,stop,-0.4000000000000057,-0.0024210144050357445,-24.210144050357446,0.37000000000000455,-1.0810810810810831
2013-05-31,1,577,871,165.39499999999998,165.09,165.385,165.11,stop,-0.3049999999999784,-0.001844181757716712,-18.441817577167118,0.27499999999997726,-1.1090909090909222
2013-06-03,-1,576,608,163.58,163.91,163.59,163.89,stop,-0.3299999999999841,-0.0020172382174948596,-20.172382174948595,0.29999999999998295,-1.1000000000000094
2013-06-04,1,575,660,164.85,164.26,164.84,164.28,stop,-0.5900000000000034,-0.003579228342635303,-35.79228342635303,0.5600000000000023,-1.0535714285714304
2013-06-05,1,583,612,163.21999999999997,162.81,163.20999999999998,162.83,stop,-0.40999999999996817,-0.0025121009742048173,-25.121009742048173,0.37999999999996703,-1.0789473684210624
2013-06-06,1,575,729,161.39999999999998,160.91,161.39,160.93,stop,-0.4899999999999807,-0.003036123675568379,-30.36123675568379,0.45999999999997954,-1.0652173913043532
2013-06-07,-1,575,600,163.47000000000003,163.92,163.48000000000002,163.89999999999998,stop,-0.4499999999999602,-0.0027526302911668717,-27.52630291166872,0.4199999999999591,-1.0714285714285812
2013-06-10,-1,575,959,165.08,164.76999999999998,165.09,164.76,eod,0.3100000000000307,0.0018777636440731158,18.777636440731158,0.3199999999999932,0.9687500000001166
2013-06-11,-1,576,591,162.86,163.33,162.87,163.31,stop,-0.46999999999999886,-0.0028857370909314106,-28.857370909314106,0.4399999999999977,-1.068181818181821
2013-06-12,-1,575,959,164.15,161.78,164.16,161.77,eod,2.3700000000000045,0.014437134502924005,144.37134502924005,0.23999999999998067,9.875000000000814
2013-06-13,-1,575,585,161.4,161.83,161.41,161.81,stop,-0.4300000000000068,-0.0026640232947153634,-26.640232947153635,0.4000000000000057,-1.0750000000000017
2013-06-14,-1,579,586,163.89000000000001,164.18,163.9,164.16,stop,-0.28999999999999204,-0.0017693715680292376,-17.693715680292378,0.2599999999999909,-1.1153846153846239
2013-06-17,1,575,864,164.71999999999997,164.26,164.70999999999998,164.28,stop,-0.45999999999997954,-0.0027927873231739396,-27.927873231739397,0.4299999999999784,-1.0697674418604712
2013-06-18,1,576,959,164.82,165.73000000000002,164.81,165.74,eod,0.910000000000025,0.005521509617135034,55.21509617135034,0.29999999999998295,3.033333333333589
2013-06-19,-1,575,840,165.47000000000003,165.86,165.48000000000002,165.84,stop,-0.38999999999998636,-0.002356780275561919,-23.56780275561919,0.3599999999999852,-1.08333333333334
2013-06-20,-1,575,586,161.55,161.96,161.56,161.94,stop,-0.4099999999999966,-0.002537756870512482,-25.37756870512482,0.37999999999999545,-1.0789473684210567
2013-06-21,-1,575,959,159.43,158.995,159.44,158.985,eod,0.4350000000000023,0.002728299046663336,27.28299046663336,0.3299999999999841,1.3181818181818887
2013-06-24,-1,575,844,156.98000000000002,157.52,156.99,157.5,stop,-0.539999999999992,-0.003439709535639162,-34.39709535639162,0.5099999999999909,-1.058823529411768
2013-06-25,-1,576,669,158.34000000000003,158.65,158.35000000000002,158.63,stop,-0.30999999999997385,-0.0019576886643509557,-19.576886643509557,0.2799999999999727,-1.1071428571428716
2013-06-26,-1,584,809,159.84000000000003,160.19,159.85000000000002,160.17,stop,-0.3499999999999659,-0.002189552705661344,-21.89552705661344,0.31999999999996476,-1.093750000000014
2013-06-27,-1,575,577,161.04000000000002,161.24,161.05,161.22,stop,-0.19999999999998863,-0.001241850357031907,-12.41850357031907,0.1699999999999875,-1.1764705882353137
2013-06-28,1,578,585,160.73999999999998,160.51,160.73,160.53,stop,-0.22999999999998977,-0.0014309711939276414,-14.309711939276413,0.19999999999998863,-1.1500000000000141
2013-07-01,1,575,941,161.71999999999997,161.13,161.70999999999998,161.15,stop,-0.589999999999975,-0.0036485065858634287,-36.485065858634286,0.5599999999999739,-1.053571428571433
2013-07-02,1,575,851,161.39,161.0,161.38,161.02,stop,-0.38999999999998636,-0.0024166563390753894,-24.166563390753893,0.3599999999999852,-1.08333333333334
2013-07-05,-1,575,851,162.16000000000003,162.67,162.17000000000002,162.64999999999998,stop,-0.5099999999999625,-0.003144847999013149,-31.448479990131492,0.47999999999996135,-1.0625000000000073
2013-07-08,-1,575,586,163.81000000000003,164.04,163.82000000000002,164.01999999999998,stop,-0.22999999999996135,-0.001403979978024425,-14.03979978024425,0.1999999999999602,-1.1500000000000354
2013-07-09,-1,575,755,164.84000000000003,165.16,164.85000000000002,165.14,stop,-0.31999999999996476,-0.0019411586290565043,-19.411586290565044,0.2899999999999636,-1.1034482758620858
2013-07-10,1,575,618,165.20999999999998,164.94,165.2,164.96,stop,-0.2699999999999818,-0.0016343825665858464,-16.343825665858464,0.23999999999998067,-1.1250000000000149
2013-07-11,-1,575,865,166.96,167.18,166.97,167.16,stop,-0.21999999999999886,-0.0013176019644247402,-13.176019644247402,0.18999999999999773,-1.157894736842113
2013-07-12,-1,577,590,167.37,167.55,167.38,167.53,stop,-0.18000000000000682,-0.001075397299557933,-10.75397299557933,0.15000000000000568,-1.2
2013-07-15,-1,575,692,167.925,168.15,167.935,168.13,stop,-0.22499999999999432,-0.0013398040908684569,-13.39804090868457,0.19499999999999318,-1.153846153846165
2013-07-16,-1,575,959,168.16000000000003,167.53,168.17000000000002,167.52,eod,0.6300000000000239,0.0037462091930785743,37.462091930785746,0.19999999999998863,3.1500000000002983
2013-07-17,1,575,587,168.26,168.01,168.25,168.03,stop,-0.25,-0.0014858841010401188,-14.858841010401187,0.21999999999999886,-1.1363636363636422
2013-07-18,1,578,959,168.38,168.88,168.37,168.89,eod,0.5,0.0029696501752093604,29.696501752093603,0.18000000000000682,2.7777777777776724
2013-07-19,-1,575,585,168.42000000000002,168.68,168.43,168.66,stop,-0.2599999999999909,-0.001543667992637837,-15.436679926378371,0.22999999999998977,-1.1304347826087064
2013-07-22,-1,581,665,169.19000000000003,169.51,169.20000000000002,169.48999999999998,stop,-0.31999999999996476,-0.0018912529550825338,-18.91252955082534,0.2899999999999636,-1.1034482758620858
2013-07-23,-1,575,959,169.66000000000003,169.23999999999998,169.67000000000002,169.23,eod,0.42000000000004434,0.0024753934107387536,24.753934107387536,0.1699999999999875,2.47058823529456
2013-07-24,-1,575,959,169.58,168.54,169.59,168.53,eod,1.0400000000000205,0.006132437054071705,61.32437054071705,0.28000000000000114,3.714285714285772
2013-07-25,-1,576,585,168.00000000000003,168.27,168.01000000000002,168.25,stop,-0.2699999999999818,-0.0016070471995713457,-16.070471995713458,0.23999999999998067,-1.1250000000000149
2013-07-26,1,576,627,168.32,168.12,168.31,168.14000000000001,stop,-0.19999999999998863,-0.001188283524448866,-11.882835244488659,0.1699999999999875,-1.1764705882353137
2013-07-29,1,576,612,168.80999999999997,168.6,168.79999999999998,168.62,stop,-0.20999999999997954,-0.001244075829383765,-12.440758293837652,0.1799999999999784,-1.166666666666693
2013-07-30,-1,576,959,169.06000000000003,168.59,169.07000000000002,168.58,eod,0.4700000000000273,0.0027799136452358623,27.799136452358624,0.21999999999997044,2.1363636363640475
2013-07-31,1,626,786,169.26989999999998,168.88,169.2599,168.9,stop,-0.38989999999998304,-0.0023035580193535685,-23.035580193535687,0.3598999999999819,-1.0833564879133166
2013-08-01,1,595,959,170.26999999999998,170.65,170.26,170.66,eod,0.3800000000000239,0.0022318806531189,22.318806531189,0.3699999999999761,1.0270270270271578
2013-08-02,-1,575,612,170.18,170.42,170.19,170.39999999999998,stop,-0.23999999999998067,-0.0014101886127268386,-14.101886127268386,0.20999999999997954,-1.1428571428571621
2013-08-05,-1,576,597,170.48000000000002,170.66,170.49,170.64,stop,-0.1799999999999784,-0.0010557803976771563,-10.557803976771563,0.14999999999997726,-1.200000000000038
2013-08-06,1,575,580,170.48999999999998,170.29,170.48,170.31,stop,-0.19999999999998863,-0.001173158141717437,-11.73158141717437,0.1699999999999875,-1.1764705882353137
2013-08-07,1,584,598,169.26,168.99,169.25,169.01000000000002,stop,-0.2699999999999818,-0.001595273264401665,-15.952732644016649,0.23999999999998067,-1.1250000000000149
2013-08-08,1,576,584,170.14999999999998,169.9,170.14,169.92000000000002,stop,-0.24999999999997158,-0.0014693781591628753,-14.693781591628753,0.21999999999997044,-1.1363636363636598
2013-08-09,1,575,620,169.7,169.48,169.69,169.5,stop,-0.21999999999999886,-0.0012964818197890205,-12.964818197890205,0.18999999999999773,-1.157894736842113
2013-08-12,1,575,959,168.60999999999999,169.10000000000002,168.6,169.11,eod,0.4900000000000375,0.00290628706998836,29.0628706998836,0.22999999999998977,2.1304347826089534
2013-08-13,1,575,579,169.49999999999997,169.22,169.48999999999998,169.24,stop,-0.2799999999999727,-0.0016520148681336525,-16.520148681336526,0.24999999999997158,-1.120000000000018
2013-08-14,-1,575,959,169.50000000000003,168.75,169.51000000000002,168.74,eod,0.7500000000000284,0.004424517727567862,44.24517727567862,0.29999999999998295,2.5000000000002367
2013-08-15,-1,579,959,167.09000000000003,166.35999999999999,167.10000000000002,166.35,eod,0.7300000000000466,0.004368641532017035,43.68641532017035,0.339999999999975,2.147058823529707
2013-08-16,-1,575,579,165.95000000000002,166.18,165.96,166.16,stop,-0.22999999999998977,-0.0013858761147263784,-13.858761147263785,0.19999999999998863,-1.1500000000000141
2013-08-19,1,576,813,165.7,165.37,165.69,165.39000000000001,stop,-0.3299999999999841,-0.0019916711931920097,-19.916711931920098,0.29999999999998295,-1.1000000000000094
2013-08-20,-1,575,596,164.95000000000002,165.17,164.96,165.14999999999998,stop,-0.21999999999997044,-0.0013336566440347382,-13.336566440347383,0.1899999999999693,-1.1578947368421368
2013-08-21,-1,576,579,164.95000000000002,165.18,164.96,165.16,stop,-0.22999999999998977,-0.0013942774005818973,-13.942774005818972,0.19999999999998863,-1.1500000000000141
2013-08-22,1,575,959,165.10999999999999,165.98000000000002,165.1,165.99,eod,0.870000000000033,0.0052695336159905085,52.69533615990508,0.21999999999999886,3.9545454545456247
2013-08-23,-1,575,931,166.34000000000003,166.59,166.35000000000002,166.57,stop,-0.24999999999997158,-0.0015028554253079143,-15.028554253079143,0.21999999999997044,-1.1363636363636598
2013-08-26,-1,575,584,166.60000000000002,166.89000000000001,166.61,166.87,stop,-0.28999999999999204,-0.0017405918012123643,-17.405918012123642,0.2599999999999909,-1.1153846153846239
2013-08-27,1,576,625,164.54999999999998,164.27,164.54,164.29000000000002,stop,-0.2799999999999727,-0.0017017138689678663,-17.017138689678664,0.24999999999997158,-1.120000000000018
2013-08-28,-1,575,578,163.20000000000002,163.43,163.21,163.41,stop,-0.22999999999998977,-0.0014092273757734806,-14.092273757734805,0.19999999999998863,-1.1500000000000141
2013-08-29,1,575,959,163.82999999999998,164.16,163.82,164.17,eod,0.3300000000000125,0.002014406055426764,20.144060554267643,0.4299999999999784,0.7674418604651839
2013-08-30,-1,575,959,164.20000000000002,163.57999999999998,164.21,163.57,eod,0.620000000000033,0.0037756531270935565,37.75653127093557,0.3299999999999841,1.8787878787880694
2013-09-03,1,575,598,165.57,165.17,165.56,165.19,stop,-0.4000000000000057,-0.0024160425223484277,-24.16042522348428,0.37000000000000455,-1.0810810810810831
2013-09-04,-1,575,582,164.31000000000003,164.58,164.32000000000002,164.56,stop,-0.2699999999999818,-0.0016431353456668803,-16.431353456668802,0.23999999999998067,-1.1250000000000149
2013-09-05,1,575,959,166.07,165.905,166.06,165.915,eod,-0.16499999999999204,-0.0009936167650246418,-9.936167650246418,0.3400000000000034,-0.48529411764703057
2013-09-06,1,575,579,166.64999999999998,166.35,166.64,166.37,stop,-0.29999999999998295,-0.0018002880460872717,-18.002880460872717,0.2699999999999818,-1.1111111111111227
2013-09-09,1,575,959,166.77999999999997,167.63,166.76999999999998,167.64,eod,0.8500000000000227,0.0050968399592254176,50.96839959225417,0.339999999999975,2.500000000000251
2013-09-10,-1,575,595,168.43300000000002,168.69,168.443,168.67,stop,-0.2569999999999766,-0.001525738677178491,-15.25738677178491,0.22699999999997544,-1.1321585903083893
2013-09-11,1,576,596,168.79,168.54,168.78,168.56,stop,-0.25,-0.0014812181538096931,-14.812181538096931,0.21999999999999886,-1.1363636363636422
2013-09-12,-1,576,625,169.24,169.48,169.25,169.45999999999998,stop,-0.23999999999998067,-0.0014180206794681281,-14.18020679468128,0.20999999999997954,-1.1428571428571621
2013-09-13,1,579,605,169.27999999999997,168.99,169.26999999999998,169.01000000000002,stop,-0.2899999999999636,-0.0017132392036389417,-17.13239203638942,0.2599999999999625,-1.1153846153846365
2013-09-16,-1,575,959,170.92000000000002,170.32,170.93,170.31,eod,0.6000000000000227,0.0035102088574271496,35.1020885742715,0.3199999999999932,1.875000000000111
2013-09-17,1,575,959,170.68999999999997,171.03,170.67999999999998,171.04,eod,0.34000000000003183,0.001992031872510147,19.92031872510147,0.22999999999996135,1.4782608695656043
2013-09-18,1,576,626,171.10999999999999,170.89,171.1,170.91,stop,-0.21999999999999886,-0.0012857977790765567,-12.857977790765567,0.18999999999999773,-1.157894736842113
2013-09-19,-1,577,959,173.46,172.82,173.47,172.81,eod,0.6400000000000148,0.0036893987432986383,36.893987432986385,0.13999999999998636,4.571428571429123
2013-09-20,-1,576,959,172.06000000000003,170.72,172.07000000000002,170.71,eod,1.3400000000000318,0.007787528331493181,77.8752833149318,0.2699999999999818,4.962962962963415
2013-09-23,-1,575,959,170.47000000000003,169.94,170.48000000000002,169.93,eod,0.5300000000000296,0.0031088690755515574,31.088690755515575,0.1799999999999784,2.944444444444962
2013-09-24,-1,578,646,169.70000000000002,169.95,169.71,169.92999999999998,stop,-0.24999999999997158,-0.0014731011725883658,-14.731011725883658,0.21999999999997044,-1.1363636363636598
2013-09-25,-1,575,677,169.35000000000002,169.69,169.36,169.67,stop,-0.339999999999975,-0.002007557864903017,-20.07557864903017,0.30999999999997385,-1.096774193548399
2013-09-26,1,575,656,169.65999999999997,169.29,169.64999999999998,169.31,stop,-0.3699999999999761,-0.0021809608016503165,-21.809608016503166,0.339999999999975,-1.088235294117657
2013-09-27,-1,602,635,168.57000000000002,169.02,168.58,169.0,stop,-0.44999999999998863,-0.0026693557954679593,-26.693557954679594,0.4199999999999875,-1.0714285714285763
2013-09-30,1,579,959,167.64,168.0,167.63,168.01,eod,0.36000000000001364,0.0021475869474438564,21.475869474438564,0.4899999999999807,0.7346938775510772
2013-10-01,1,578,959,168.60999999999999,169.32000000000002,168.6,169.33,eod,0.7100000000000364,0.004211150652432007,42.11150652432007,0.6099999999999852,1.163934426229596
2013-10-02,1,577,582,168.51999999999998,168.2,168.51,168.22,stop,-0.3199999999999932,-0.0018989970921606623,-18.989970921606623,0.28999999999999204,-1.1034482758620758
2013-10-03,1,576,578,168.92,168.63,168.91,168.65,stop,-0.28999999999999204,-0.0017168906518263694,-17.168906518263693,0.2599999999999909,-1.1153846153846239
2013-10-04,1,588,959,167.85,168.85000000000002,167.84,168.86,eod,1.0000000000000284,0.005958055290753267,59.58055290753267,0.3199999999999932,3.1250000000001554
2013-10-07,1,575,959,167.54999999999998,167.44,167.54,167.45,eod,-0.10999999999998522,-0.0006565596275515412,-6.5655962755154125,0.29999999999998295,-0.3666666666666382
2013-10-08,-1,575,595,167.3,167.57,167.31,167.54999999999998,stop,-0.2699999999999818,-0.0016137708445399667,-16.137708445399667,0.23999999999998067,-1.1250000000000149
2013-10-09,-1,575,804,165.53000000000003,165.85,165.54000000000002,165.82999999999998,stop,-0.31999999999996476,-0.001933067536546845,-19.33067536546845,0.2899999999999636,-1.1034482758620858
2013-10-10,1,575,959,167.49999999999997,169.15,167.48999999999998,169.16,eod,1.650000000000034,0.009851334408024564,98.51334408024563,0.2699999999999818,6.111111111111649
2013-10-11,1,576,959,168.98999999999998,170.23000000000002,168.98,170.24,eod,1.2400000000000375,0.0073381465262163425,73.38146526216343,0.21999999999997044,5.636363636364564
2013-10-14,1,575,959,169.39,170.96,169.38,170.97,eod,1.5700000000000216,0.009269099067186336,92.69099067186336,0.30999999999997385,5.0645161290327545
2013-10-15,-1,581,608,170.17000000000002,170.73,170.18,170.70999999999998,stop,-0.5599999999999739,-0.003290633446938382,-32.90633446938382,0.5299999999999727,-1.0566037735849108
2013-10-16,1,575,959,170.98999999999998,172.06,170.98,172.07,eod,1.0700000000000216,0.0062580418762429625,62.58041876242962,0.35499999999998977,3.0140845070424014
2013-10-17,1,575,959,171.51,173.21,171.5,173.22,eod,1.700000000000017,0.009912536443148788,99.12536443148788,0.1699999999999875,10.000000000000837
2013-10-18,-1,575,585,173.74,173.98,173.75,173.95999999999998,stop,-0.23999999999998067,-0.0013812949640286658,-13.812949640286659,0.20999999999997954,-1.1428571428571621
2013-10-21,-1,575,598,174.36,174.57,174.37,174.54999999999998,stop,-0.20999999999997954,-0.0012043356081893647,-12.043356081893647,0.1799999999999784,-1.166666666666693
2013-10-22,1,575,655,175.1,174.82,175.09,174.84,stop,-0.28000000000000114,-0.0015991775658232973,-15.991775658232973,0.25,-1.1200000000000045
2013-10-23,-1,575,959,174.73000000000002,174.63,174.74,174.62,eod,0.10000000000002274,0.000572278814238427,5.722788142384269,0.15999999999996817,0.6250000000002665
2013-10-24,-1,575,669,174.8,175.05,174.81,175.03,stop,-0.25,-0.0014301241347748983,-14.301241347748983,0.21999999999999886,-1.1363636363636422
2013-10-25,1,575,622,175.63,175.37,175.62,175.39000000000001,stop,-0.2599999999999909,-0.0014804691948524706,-14.804691948524706,0.22999999999998977,-1.1304347826087064
2013-10-28,-1,575,585,175.73000000000002,176.0,175.74,175.98,stop,-0.2699999999999818,-0.001536360532604881,-15.36360532604881,0.23999999999998067,-1.1250000000000149
2013-10-29,1,575,591,176.819,176.55,176.809,176.57000000000002,stop,-0.26899999999997704,-0.0015214157650344554,-15.214157650344553,0.2389999999999759,-1.1255230125523186
2013-10-30,-1,579,959,177.32000000000002,176.355,177.33,176.345,eod,0.9650000000000318,0.005441831613376371,54.41831613376371,0.1899999999999693,5.078947368422041
2013-10-31,1,580,594,176.33999999999997,176.05,176.32999999999998,176.07000000000002,stop,-0.2899999999999636,-0.0016446435660407398,-16.4464356604074,0.2599999999999625,-1.1153846153846365
2013-11-01,1,575,617,176.17999999999998,175.97,176.17,175.99,stop,-0.20999999999997954,-0.0011920304251574023,-11.920304251574024,0.1799999999999784,-1.166666666666693
2013-11-04,-1,576,956,176.64000000000001,176.83,176.65,176.81,stop,-0.18999999999999773,-0.001075573167279919,-10.755731672799191,0.1599999999999966,-1.187500000000011
2013-11-05,-1,586,640,175.93,176.26,175.94,176.23999999999998,stop,-0.3299999999999841,-0.0018756394225303177,-18.756394225303175,0.29999999999998295,-1.1000000000000094
2013-11-06,1,588,631,177.14999999999998,176.85,177.14,176.87,stop,-0.29999999999998295,-0.0016935757028338206,-16.935757028338205,0.2699999999999818,-1.1111111111111227
2013-11-07,-1,576,580,177.33,177.59,177.34,177.57,stop,-0.2599999999999909,-0.0014661102966053395,-14.661102966053395,0.22999999999998977,-1.1304347826087064
2013-11-08,1,575,959,175.29,177.22,175.28,177.23,eod,1.9300000000000068,0.011010953902327742,110.10953902327742,0.4399999999999977,4.386363636363675
2013-11-11,1,577,959,177.18999999999997,177.29000000000002,177.17999999999998,177.3,eod,0.10000000000005116,0.0005643977875609616,5.6439778756096155,0.2799999999999727,0.35714285714307464
2013-11-12,1,575,707,176.99999999999997,176.71,176.98999999999998,176.73000000000002,stop,-0.2899999999999636,-0.0016385106503190216,-16.385106503190215,0.2599999999999625,-1.1153846153846365
2013-11-13,1,576,959,176.39999999999998,178.35000000000002,176.39,178.36,eod,1.9500000000000455,0.011055048472135866,110.55048472135867,0.30999999999997385,6.290322580645839
2013-11-14,1,575,583,178.6,178.37,178.59,178.39000000000001,stop,-0.22999999999998977,-0.001287866061929502,-12.87866061929502,0.19999999999998863,-1.1500000000000141
2013-11-15,-1,575,588,179.39000000000001,179.62,179.4,179.6,stop,-0.22999999999998977,-0.001282051282051225,-12.820512820512251,0.19999999999998863,-1.1500000000000141
2013-11-18,1,578,582,180.49999999999997,180.26,180.48999999999998,180.28,stop,-0.23999999999998067,-0.0013297135575377067,-13.297135575377068,0.20999999999997954,-1.1428571428571621
2013-11-19,-1,580,600,179.24,179.52,179.25,179.5,stop,-0.28000000000000114,-0.0015620641562064219,-15.620641562064218,0.25,-1.1200000000000045
2013-11-20,1,575,579,179.52999999999997,179.25,179.51999999999998,179.27,stop,-0.2799999999999727,-0.0015597147950087609,-15.597147950087608,0.24999999999997158,-1.120000000000018
2013-11-21,1,598,959,179.2,179.87,179.19,179.88,eod,0.6700000000000159,0.0037390479379430545,37.390479379430545,0.339999999999975,1.9705882352943094
2013-11-22,-1,576,612,179.88000000000002,180.11,179.89000000000001,180.09,stop,-0.22999999999998977,-0.0012785591194618363,-12.785591194618362,0.19999999999998863,-1.1500000000000141
2013-11-25,-1,575,959,180.9901,180.665,181.0001,180.655,eod,0.3251000000000204,0.0017961316043472923,17.961316043472923,0.17989999999997508,1.807115063924766
2013-11-26,1,575,587,180.89,180.67,180.88,180.69,stop,-0.21999999999999886,-0.0012162759840778354,-12.162759840778355,0.18999999999999773,-1.157894736842113
2013-11-27,-1,576,583,180.82000000000002,181.0,180.83,180.98,stop,-0.1799999999999784,-0.0009954100536414222,-9.954100536414222,0.14999999999997726,-1.200000000000038
2013-12-02,1,576,581,181.21959999999999,181.04,181.2096,181.06,stop,-0.17959999999999354,-0.0009911174683901601,-9.911174683901601,0.1495999999999924,-1.2005347593583064
2013-12-03,1,575,580,180.17999999999998,179.88,180.17,179.9,stop,-0.29999999999998295,-0.001665094077815302,-16.650940778153018,0.2699999999999818,-1.1111111111111227
2013-12-04,-1,575,576,179.03000000000003,179.27,179.04000000000002,179.25,stop,-0.23999999999998067,-0.0013404825737264334,-13.404825737264334,0.20999999999997954,-1.1428571428571621
2013-12-05,1,576,582,179.52999999999997,179.23,179.51999999999998,179.25,stop,-0.29999999999998295,-0.0016711229946523116,-16.711229946523115,0.2699999999999818,-1.1111111111111227
2013-12-06,-1,575,759,180.61,180.83,180.62,180.81,stop,-0.21999999999999886,-0.0012180267965895186,-12.180267965895187,0.18999999999999773,-1.157894736842113
2013-12-09,-1,575,595,181.33,181.53,181.34,181.51,stop,-0.19999999999998863,-0.0011029006286532956,-11.029006286532956,0.1699999999999875,-1.1764705882353137
2013-12-10,1,575,596,181.14,180.88,181.13,180.9,stop,-0.2599999999999909,-0.0014354331143377182,-14.354331143377182,0.22999999999998977,-1.1304347826087064
2013-12-11,-1,577,959,180.66000000000003,178.69,180.67000000000002,178.68,eod,1.9700000000000273,0.010903857862401212,109.03857862401212,0.1899999999999693,10.368421052633398
2013-12-12,1,575,587,178.7199,178.495,178.7099,178.51500000000001,stop,-0.224899999999991,-0.0012584641365698877,-12.584641365698877,0.19489999999998986,-1.1539250897896496
2013-12-13,1,575,580,178.61999999999998,178.41,178.60999999999999,178.43,stop,-0.20999999999997954,-0.0011757460388554927,-11.757460388554927,0.1799999999999784,-1.166666666666693
2013-12-16,1,575,959,179.39999999999998,179.19,179.39,179.2,eod,-0.20999999999997954,-0.0011706338145937875,-11.706338145937876,0.4999999999999716,-0.41999999999998294
2013-12-17,-1,575,959,179.01000000000002,178.64,179.02,178.63,eod,0.37000000000003297,0.0020668081778574066,20.668081778574066,0.39999999999997726,0.925000000000135
2013-12-18,1,575,593,178.96999999999997,178.75,178.95999999999998,178.77,stop,-0.21999999999997044,-0.0012293249888241532,-12.293249888241531,0.1899999999999693,-1.1578947368421368
2013-12-19,1,576,581,181.32,181.05,181.31,181.07000000000002,stop,-0.2699999999999818,-0.0014891622083723006,-14.891622083723005,0.23999999999998067,-1.1250000000000149
2013-12-20,1,577,959,181.14,181.54000000000002,181.13,181.55,eod,0.4000000000000341,0.002208358637442909,22.08358637442909,0.47999999999998977,0.8333333333334222
2013-12-23,-1,575,583,182.37,182.52,182.38,182.5,stop,-0.15000000000000568,-0.0008224586029170177,-8.224586029170178,0.12000000000000455,-1.25
2013-12-26,1,581,959,183.48,183.86,183.47,183.87,eod,0.3800000000000239,0.0020711832997221554,20.711832997221553,0.1599999999999966,2.3750000000002
2013-12-27,-1,575,959,184.03000000000003,183.84,184.04000000000002,183.83,eod,0.19000000000002615,0.0010323842642905136,10.323842642905136,0.14999999999997726,1.266666666667033
2013-12-30,-1,575,959,183.82000000000002,183.82,183.83,183.81,eod,2.842170943040401e-14,1.546086570766687e-16,1.5460865707666869e-12,0.19999999999998863,1.4210854715202812e-13
2013-12-31,-1,577,600,184.03000000000003,184.21,184.04000000000002,184.19,stop,-0.1799999999999784,-0.0009780482503802346,-9.780482503802347,0.14999999999997726,-1.200000000000038
2014-01-02,-1,576,959,183.79000000000002,182.95999999999998,183.8,182.95,eod,0.8300000000000409,0.00451577801958673,45.157780195867296,0.2799999999999727,2.964285714286149
2014-01-03,1,575,677,183.27999999999997,183.07,183.26999999999998,183.09,stop,-0.20999999999997954,-0.0011458503846782319,-11.45850384678232,0.1799999999999784,-1.166666666666693
2014-01-06,-1,575,959,183.32000000000002,182.41,183.33,182.4,eod,0.910000000000025,0.0049637266132112855,49.637266132112856,0.23999999999998067,3.7916666666670764
2014-01-07,1,575,959,183.21999999999997,183.43,183.20999999999998,183.44,eod,0.21000000000003638,0.0011462256427052912,11.462256427052912,0.2699999999999818,0.7777777777779649
2014-01-08,1,578,588,183.48999999999998,183.15,183.48,183.17000000000002,stop,-0.339999999999975,-0.0018530630041420047,-18.530630041420046,0.30999999999997385,-1.096774193548399
2014-01-09,-1,578,959,183.91000000000003,183.64,183.92000000000002,183.63,eod,0.27000000000003865,0.001468029578077635,14.680295780776351,0.22999999999996135,1.1739130434786262
2014-01-10,-1,575,959,183.79000000000002,184.07999999999998,183.8,184.07,eod,-0.2899999999999636,-0.0015778019586505092,-15.778019586505092,0.4299999999999784,-0.674418604651112
2014-01-13,1,578,745,183.975,183.58,183.965,183.60000000000002,stop,-0.3949999999999818,-0.0021471475552413874,-21.471475552413875,0.3649999999999807,-1.0821917808219252
2014-01-14,-1,580,608,182.23000000000002,182.59,182.24,182.57,stop,-0.3599999999999852,-0.0019754170324845543,-19.754170324845543,0.3299999999999841,-1.0909090909090988
2014-01-15,1,575,959,184.18999999999997,184.66,184.17999999999998,184.67,eod,0.4700000000000273,0.002551851449668951,25.51851449668951,0.1799999999999784,2.611111111111576
2014-01-16,-1,575,595,184.24,184.46,184.25,184.44,stop,-0.21999999999999886,-0.0011940298507462624,-11.940298507462623,0.18999999999999773,-1.157894736842113
2014-01-17,1,580,587,184.26999999999998,184.06,184.26,184.08,stop,-0.20999999999997954,-0.0011396939107781372,-11.396939107781371,0.1799999999999784,-1.166666666666693
2014-01-21,-1,581,959,184.57000000000002,184.2,184.58,184.19,eod,0.37000000000003297,0.002004550872250693,20.04550872250693,0.19999999999998863,1.85000000000027
2014-01-22,-1,576,939,184.34000000000003,184.55,184.35000000000002,184.53,stop,-0.20999999999997954,-0.0011391375101707595,-11.391375101707595,0.1799999999999784,-1.166666666666693
2014-01-23,-1,579,959,182.84000000000003,182.79,182.85000000000002,182.78,eod,0.05000000000003979,0.00027344818156981016,2.7344818156981017,0.5599999999999739,0.0892857142857895
2014-01-24,-1,577,959,181.4,178.89999999999998,181.41,178.89,eod,2.5000000000000284,0.01378093820627324,137.8093820627324,0.2599999999999909,9.61538461538506
2014-01-27,-1,575,580,178.87,179.3,178.88,179.28,stop,-0.4300000000000068,-0.002403846153846192,-24.03846153846192,0.4000000000000057,-1.0750000000000017
2014-01-28,1,583,959,178.63,179.06,178.62,179.07,eod,0.4300000000000068,0.0024073452021050657,24.073452021050656,0.5099999999999909,0.8431372549019892
2014-01-29,1,575,576,177.83999999999997,177.38,177.82999999999998,177.4,stop,-0.45999999999997954,-0.002586740145082267,-25.86740145082267,0.4299999999999784,-1.0697674418604712
2014-01-30,1,579,581,178.95,178.6897,178.94,178.7097,stop,-0.26030000000000086,-0.0014546775455459978,-14.546775455459978,0.23029999999999973,-1.1302648719062143
2014-01-31,1,575,959,177.39999999999998,178.09,177.39,178.1,eod,0.6900000000000261,0.003889734483341937,38.89734483341937,0.47999999999998977,1.437500000000085
2014-02-03,1,575,584,178.17999999999998,177.89,178.17,177.91,stop,-0.28999999999999204,-0.0016276589773811083,-16.276589773811082,0.2599999999999909,-1.1153846153846239
2014-02-04,-1,575,596,174.81000000000003,175.16,174.82000000000002,175.14,stop,-0.3499999999999659,-0.002002059260953929,-20.020592609539293,0.31999999999996476,-1.093750000000014
2014-02-05,1,576,587,175.18999999999997,174.66,175.17999999999998,174.68,stop,-0.5299999999999727,-0.0030254595273431486,-30.254595273431487,0.4999999999999716,-1.0600000000000056
2014-02-06,1,575,707,176.1,175.55,176.09,175.57000000000002,stop,-0.549999999999983,-0.0031234028053835137,-31.234028053835136,0.5199999999999818,-1.057692307692312
2014-02-07,1,575,614,178.45999999999998,178.03,178.45,178.05,stop,-0.4299999999999784,-0.0024096385542167467,-24.096385542167468,0.39999999999997726,-1.075000000000007
2014-02-10,-1,576,584,179.42000000000002,179.7663,179.43,179.7463,stop,-0.3462999999999852,-0.0019300005573203208,-19.300005573203208,0.31629999999998404,-1.0948466645589714
2014-02-11,1,575,959,180.36999999999998,181.94,180.35999999999999,181.95,eod,1.5700000000000216,0.008704812597028287,87.04812597028287,0.30999999999997385,5.0645161290327545
2014-02-12,1,577,622,182.49999999999997,182.18,182.48999999999998,182.20000000000002,stop,-0.31999999999996476,-0.00175352074086232,-17.5352074086232,0.2899999999999636,-1.1034482758620858
2014-02-13,1,575,959,181.23999999999998,183.04000000000002,181.23,183.05,eod,1.8000000000000398,0.009932130441980025,99.32130441980024,0.40999999999996817,4.390243902439463
2014-02-14,1,575,582,182.95999999999998,182.69,182.95,182.71,stop,-0.2699999999999818,-0.0014758130636785014,-14.758130636785014,0.23999999999998067,-1.1250000000000149
2014-02-18,-1,575,578,184.11,184.33,184.12,184.31,stop,-0.21999999999999886,-0.001194872908972403,-11.948729089724031,0.18999999999999773,-1.157894736842113
2014-02-19,1,576,742,183.95999999999998,183.60999999999999,183.95,183.63,stop,-0.3499999999999943,-0.0019026909486273137,-19.026909486273137,0.3199999999999932,-1.0937500000000056
2014-02-20,1,575,581,183.61999999999998,183.1,183.60999999999999,183.12,stop,-0.5199999999999818,-0.0028320897554598434,-28.320897554598435,0.4899999999999807,-1.061224489795923
2014-02-21,-1,579,589,184.18,184.52,184.19,184.5,stop,-0.3400000000000034,-0.0018459199739399718,-18.45919973939972,0.3100000000000023,-1.0967741935483901
2014-02-24,1,575,959,184.65999999999997,184.98000000000002,184.64999999999998,184.99,eod,0.32000000000005,0.0017330083942596807,17.330083942596808,0.45999999999997954,0.6956521739131831
2014-02-25,-1,575,674,185.00000000000003,185.29,185.01000000000002,185.26999999999998,stop,-0.2899999999999636,-0.0015674828387652754,-15.674828387652754,0.2599999999999625,-1.1153846153846365
2014-02-26,-1,576,625,185.02,185.39000000000001,185.03,185.37,stop,-0.37000000000000455,-0.001999675728260307,-19.99675728260307,0.3400000000000034,-1.0882352941176494
2014-02-27,1,575,592,184.88,184.54,184.87,184.56,stop,-0.3400000000000034,-0.0018391301995997371,-18.39130199599737,0.3100000000000023,-1.0967741935483901
2014-02-28,1,578,902,185.89,185.71,185.88,185.73000000000002,stop,-0.1799999999999784,-0.0009683666881858102,-9.683666881858102,0.14999999999997726,-1.200000000000038
2014-03-03,1,575,671,184.95,184.38,184.94,184.4,stop,-0.5699999999999932,-0.003082080674813416,-30.82080674813416,0.539999999999992,-1.0555555555555585
2014-03-04,1,575,959,187.08999999999997,187.68,187.07999999999998,187.69,eod,0.5900000000000318,0.0031537310241609574,31.537310241609575,0.339999999999975,1.73529411764728
2014-03-05,1,583,959,187.80999999999997,187.72,187.79999999999998,187.73,eod,-0.08999999999997499,-0.0004792332268369276,-4.792332268369276,0.3599999999999852,-0.2499999999999408
2014-03-06,1,580,617,188.38,188.12,188.37,188.14000000000001,stop,-0.2599999999999909,-0.0013802622498274189,-13.80262249827419,0.22999999999998977,-1.1304347826087064
2014-03-07,-1,588,959,188.33,188.22,188.34,188.21,eod,0.11000000000001364,0.0005840501221196434,5.840501221196434,0.6299999999999955,0.17460317460319752
2014-03-10,1,576,611,188.07,187.67,188.06,187.69,stop,-0.4000000000000057,-0.0021269807508242354,-21.269807508242355,0.37000000000000455,-1.0810810810810831
2014-03-11,-1,577,650,188.24,188.51,188.25,188.48999999999998,stop,-0.2699999999999818,-0.0014342629482070747,-14.342629482070747,0.23999999999998067,-1.1250000000000149
2014-03-12,1,576,580,186.54,186.23,186.53,186.25,stop,-0.3100000000000023,-0.0016619310566665002,-16.619310566665003,0.28000000000000114,-1.1071428571428608
2014-03-13,1,576,583,187.89999999999998,187.6,187.89,187.62,stop,-0.29999999999998295,-0.0015966789078715364,-15.966789078715365,0.2699999999999818,-1.1111111111111227
2014-03-14,1,579,671,185.21999999999997,184.76,185.20999999999998,184.78,stop,-0.45999999999997954,-0.0024836671885966177,-24.836671885966176,0.4299999999999784,-1.0697674418604712
2014-03-17,1,575,959,185.85,186.33,185.84,186.34,eod,0.4800000000000182,0.002582866982350507,25.82866982350507,0.3400000000000034,1.4117647058823923
2014-03-18,-1,575,578,186.50000000000003,186.8,186.51000000000002,186.78,stop,-0.29999999999998295,-0.0016084928422067605,-16.084928422067605,0.2699999999999818,-1.1111111111111227
2014-03-19,-1,575,595,187.60000000000002,187.78,187.61,187.76,stop,-0.1799999999999784,-0.0009594371302168242,-9.594371302168243,0.14999999999997726,-1.200000000000038
2014-03-20,1,577,586,186.49999999999997,186.18,186.48999999999998,186.20000000000002,stop,-0.31999999999996476,-0.0017159097002518355,-17.159097002518354,0.2899999999999636,-1.1034482758620858
2014-03-21,1,575,601,188.15999999999997,187.64,188.14999999999998,187.66,stop,-0.5199999999999818,-0.0027637523252722926,-27.637523252722925,0.4899999999999807,-1.061224489795923
2014-03-24,-1,577,959,186.76000000000002,185.42,186.77,185.41,eod,1.3400000000000318,0.007174599775124655,71.74599775124655,0.30999999999997385,4.322580645161757
2014-03-25,1,601,625,186.77999999999997,186.33,186.76999999999998,186.35000000000002,stop,-0.4499999999999602,-0.002409380521496816,-24.093805214968157,0.4199999999999591,-1.0714285714285812
2014-03-26,-1,575,959,186.96,184.97,186.97,184.96,eod,1.990000000000009,0.010643418730277633,106.43418730277634,0.37999999999999545,5.236842105263245
2014-03-27,-1,575,608,184.59000000000003,184.97,184.60000000000002,184.95,stop,-0.37999999999996703,-0.002058504875406105,-20.58504875406105,0.3499999999999659,-1.0857142857142974
2014-03-28,1,575,859,185.33999999999997,185.02,185.32999999999998,185.04000000000002,stop,-0.31999999999996476,-0.0017266497598875778,-17.266497598875777,0.2899999999999636,-1.1034482758620858
2014-03-31,1,578,584,186.86999999999998,186.59,186.85999999999999,186.61,stop,-0.2799999999999727,-0.001498448035962607,-14.984480359626069,0.24999999999997158,-1.120000000000018
2014-04-01,1,575,720,187.82999999999998,187.5,187.82,187.52,stop,-0.3299999999999841,-0.0017570013843040363,-17.570013843040364,0.29999999999998295,-1.1000000000000094
2014-04-02,-1,575,588,188.16000000000003,188.55,188.17000000000002,188.53,stop,-0.38999999999998636,-0.0020725939310197498,-20.725939310197496,0.3599999999999852,-1.08333333333334
2014-04-03,-1,590,959,188.95000000000002,188.64,188.96,188.63,eod,0.3100000000000307,0.0016405588484336934,16.405588484336935,0.2699999999999818,1.148148148148339
2014-04-04,-1,575,959,189.37,186.39999999999998,189.38,186.39,eod,2.9700000000000273,0.015682754250712996,156.82754250712995,0.3299999999999841,9.000000000000517
2014-04-07,-1,575,611,185.8,186.08,185.81,186.06,stop,-0.28000000000000114,-0.0015069156665410966,-15.069156665410965,0.25,-1.1200000000000045
2014-04-08,1,575,621,184.54,184.03,184.53,184.05,stop,-0.5099999999999909,-0.0027637782474393916,-27.637782474393916,0.47999999999998977,-1.0625000000000038
2014-04-09,-1,577,632,185.46,185.73,185.47,185.70999999999998,stop,-0.2699999999999818,-0.0014557610395211182,-14.557610395211181,0.23999999999998067,-1.1250000000000149
2014-04-10,-1,575,583,186.74,187.13,186.75,187.10999999999999,stop,-0.38999999999998636,-0.0020883534136545453,-20.883534136545453,0.3599999999999852,-1.08333333333334
2014-04-11,-1,575,580,181.92000000000002,182.38,181.93,182.35999999999999,stop,-0.45999999999997954,-0.002528445006321,-25.28445006321,0.4299999999999784,-1.0697674418604712
2014-04-14,-1,575,651,182.65,183.06,182.66,183.04,stop,-0.4099999999999966,-0.0022446074674258,-22.446074674258,0.37999999999999545,-1.0789473684210567
2014-04-15,1,576,620,183.42999999999998,183.12,183.42,183.14000000000001,stop,-0.30999999999997385,-0.0016901101297566998,-16.901101297567,0.2799999999999727,-1.1071428571428716
2014-04-16,-1,575,727,185.28000000000003,185.69,185.29000000000002,185.67,stop,-0.40999999999996817,-0.002212747584866793,-22.12747584866793,0.37999999999996703,-1.0789473684210624
2014-04-17,1,579,593,185.98999999999998,185.71,185.98,185.73000000000002,stop,-0.2799999999999727,-0.0015055382299170488,-15.055382299170487,0.24999999999997158,-1.120000000000018
2014-04-21,1,575,636,186.545,186.31,186.535,186.33,stop,-0.23499999999998522,-0.001259817192483905,-12.59817192483905,0.20499999999998408,-1.1463414634146512
2014-04-22,1,575,582,187.35,187.17,187.34,187.19,stop,-0.18000000000000682,-0.0009608198996477358,-9.608198996477357,0.15000000000000568,-1.2
2014-04-23,-1,575,580,187.65,187.87,187.66,187.85,stop,-0.21999999999999886,-0.0011723329425556799,-11.723329425556798,0.18999999999999773,-1.157894736842113
2014-04-24,-1,575,959,188.13000000000002,187.82999999999998,188.14000000000001,187.82,eod,0.3000000000000398,0.0015945572446052928,15.945572446052928,0.2599999999999625,1.1538461538464735
2014-04-25,-1,575,959,187.09000000000003,186.32,187.10000000000002,186.31,eod,0.7700000000000387,0.004115446285409078,41.15446285409078,0.23999999999998067,3.2083333333337527
2014-04-28,-1,575,613,187.00000000000003,187.26,187.01000000000002,187.23999999999998,stop,-0.2599999999999625,-0.0013902999839578763,-13.902999839578763,0.22999999999996135,-1.1304347826087224
2014-04-29,-1,576,580,187.41000000000003,187.78,187.42000000000002,187.76,stop,-0.3699999999999761,-0.0019741756482764706,-19.741756482764707,0.339999999999975,-1.088235294117657
2014-04-30,1,577,594,187.51999999999998,187.29,187.51,187.31,stop,-0.22999999999998977,-0.001226601247933389,-12.26601247933389,0.19999999999998863,-1.1500000000000141
2014-05-01,-1,575,581,188.01000000000002,188.42,188.02,188.39999999999998,stop,-0.40999999999996817,-0.002180619083076099,-21.80619083076099,0.37999999999996703,-1.0789473684210624
2014-05-02,1,575,649,188.51999999999998,188.06,188.51,188.08,stop,-0.45999999999997954,-0.0024401888493978015,-24.401888493978014,0.4299999999999784,-1.0697674418604712
2014-05-05,-1,575,594,186.79000000000002,187.24,186.8,187.22,stop,-0.44999999999998863,-0.0024089935760170694,-24.089935760170693,0.4199999999999875,-1.0714285714285763
2014-05-06,-1,577,630,187.77,188.06,187.78,188.04,stop,-0.28999999999999204,-0.001544360421770114,-15.443604217701141,0.2599999999999909,-1.1153846153846239
2014-05-07,-1,581,705,187.27,187.72,187.28,187.7,stop,-0.44999999999998863,-0.0024028193079879785,-24.028193079879784,0.4199999999999875,-1.0714285714285763
2014-05-08,1,575,887,187.92,187.51,187.91,187.53,stop,-0.4099999999999966,-0.0021818955883135364,-21.818955883135363,0.37999999999999545,-1.0789473684210567
2014-05-09,-1,577,758,187.33,187.77,187.34,187.75,stop,-0.4399999999999977,-0.0023486708658054752,-23.486708658054752,0.4099999999999966,-1.0731707317073205
2014-05-12,1,576,959,188.99999999999997,189.77,188.98999999999998,189.78,eod,0.7700000000000387,0.0040742896449549645,40.74289644954965,0.24999999999997158,3.0800000000005046
2014-05-13,-1,577,580,189.85000000000002,190.15,189.86,190.13,stop,-0.29999999999998295,-0.0015801116612239698,-15.801116612239698,0.2699999999999818,-1.1111111111111227
2014-05-14,-1,575,959,189.62,189.06,189.63,189.05,eod,0.5600000000000023,0.0029531192321890117,29.531192321890117,0.2599999999999909,2.153846153846238
2014-05-15,-1,578,959,188.42000000000002,187.39,188.43,187.38,eod,1.0300000000000296,0.005466220877779703,54.662208777797034,0.29999999999998295,3.433333333333627
2014-05-16,-1,575,694,187.22000000000003,187.56,187.23000000000002,187.54,stop,-0.339999999999975,-0.001815948298883592,-18.159482988835922,0.30999999999997385,-1.096774193548399
2014-05-19,1,575,959,187.98999999999998,188.73000000000002,187.98,188.74,eod,0.7400000000000375,0.003936588998829862,39.36588998829862,0.46999999999997044,1.5744680851065618
2014-05-20,-1,575,959,188.44000000000003,187.54,188.45000000000002,187.53,eod,0.9000000000000341,0.004775802600159374,47.758026001593734,0.22999999999996135,3.9130434782616756
2014-05-21,1,575,959,188.30999999999997,189.11,188.29999999999998,189.12,eod,0.8000000000000398,0.004248539564524906,42.485395645249056,0.24999999999997158,3.200000000000523
2014-05-22,-1,575,582,188.96,189.29,188.97,189.26999999999998,stop,-0.3299999999999841,-0.0017463089379265708,-17.463089379265707,0.29999999999998295,-1.1000000000000094
2014-05-23,1,575,959,189.92,190.36,189.91,190.37,eod,0.44000000000002615,0.0023168869464484554,23.168869464484555,0.23999999999998067,1.83333333333359
2014-05-27,1,575,578,191.20999999999998,190.95,191.2,190.97,stop,-0.2599999999999909,-0.001359832635983216,-13.59832635983216,0.22999999999998977,-1.1304347826087064
2014-05-28,-1,575,591,191.41000000000003,191.68,191.42000000000002,191.66,stop,-0.2699999999999818,-0.0014105109183992362,-14.105109183992363,0.23999999999998067,-1.1250000000000149
2014-05-29,1,575,590,191.89999999999998,191.68,191.89,191.70000000000002,stop,-0.21999999999997044,-0.0011464901766635597,-11.464901766635597,0.1899999999999693,-1.1578947368421368
2014-05-30,-1,575,582,192.11,192.3,192.12,192.28,stop,-0.18999999999999773,-0.000988965230064531,-9.889652300645311,0.1599999999999966,-1.187500000000011
2014-06-02,-1,575,946,192.74,193.01,192.75,192.98999999999998,stop,-0.2699999999999818,-0.001400778210116637,-14.00778210116637,0.23999999999998067,-1.1250000000000149
2014-06-03,-1,576,578,192.3,192.53,192.31,192.51,stop,-0.22999999999998977,-0.0011959856481721688,-11.959856481721689,0.19999999999998863,-1.1500000000000141
2014-06-04,-1,581,589,192.34000000000003,192.6,192.35000000000002,192.57999999999998,stop,-0.2599999999999625,-0.0013517026254222118,-13.517026254222118,0.22999999999996135,-1.1304347826087224
2014-06-05,-1,580,666,193.26000000000002,193.58950000000002,193.27,193.5695,stop,-0.3294999999999959,-0.0017048688363429188,-17.04868836342919,0.29949999999999477,-1.100166944908186
2014-06-06,1,575,959,194.92999999999998,195.37,194.92,195.38,eod,0.44000000000002615,0.0022573363431152584,22.573363431152583,0.14999999999997726,2.933333333333952
2014-06-09,1,575,851,195.54999999999998,195.26,195.54,195.28,stop,-0.28999999999999204,-0.0014830725171320039,-14.830725171320038,0.2599999999999909,-1.1153846153846239
2014-06-10,1,575,579,195.45,195.27,195.44,195.29000000000002,stop,-0.1799999999999784,-0.0009209987720015269,-9.209987720015269,0.14999999999997726,-1.200000000000038
2014-06-11,1,575,631,194.96999999999997,194.77,194.95999999999998,194.79000000000002,stop,-0.1999999999999602,-0.0010258514567088645,-10.258514567088644,0.16999999999995907,-1.1764705882353432
2014-06-12,-1,575,959,194.61,193.54,194.62,193.53,eod,1.0700000000000216,0.005497893330593061,54.97893330593061,0.18999999999999773,5.631578947368602
2014-06-13,-1,578,624,193.73000000000002,193.97,193.74,193.95,stop,-0.23999999999998067,-0.0012387736141219194,-12.387736141219195,0.20999999999997954,-1.1428571428571621
2014-06-16,1,575,694,193.98,193.7,193.97,193.72,stop,-0.28000000000000114,-0.001443522194153741,-14.43522194153741,0.25,-1.1200000000000045
2014-06-17,1,584,959,194.14,194.81,194.13,194.82,eod,0.6700000000000159,0.003451295523618276,34.51295523618276,0.3299999999999841,2.0303030303031764
2014-06-18,1,579,657,194.95,194.65,194.94,194.67000000000002,stop,-0.29999999999998295,-0.0015389350569405096,-15.389350569405096,0.2699999999999818,-1.1111111111111227
2014-06-19,1,576,596,196.48,196.29,196.47,196.31,stop,-0.18999999999999773,-0.0009670687636789216,-9.670687636789216,0.1599999999999966,-1.187500000000011
2014-06-20,-1,575,664,195.81000000000003,196.07,195.82000000000002,196.04999999999998,stop,-0.2599999999999625,-0.001327749974466155,-13.277499744661549,0.22999999999996135,-1.1304347826087224
2014-06-23,-1,575,600,195.82000000000002,196.03,195.83,196.01,stop,-0.20999999999997954,-0.001072358678445486,-10.72358678445486,0.1799999999999784,-1.166666666666693
2014-06-24,1,575,867,195.73999999999998,195.49,195.73,195.51000000000002,stop,-0.24999999999997158,-0.0012772697082714536,-12.772697082714537,0.21999999999997044,-1.1363636363636598
2014-06-25,1,575,959,194.67999999999998,195.55,194.67,195.56,eod,0.870000000000033,0.004469101556480367,44.69101556480366,0.4299999999999784,2.0232558139536665
2014-06-26,-1,577,959,195.21,195.45,195.22,195.44,eod,-0.23999999999998067,-0.001229382235426599,-12.29382235426599,0.4199999999999875,-0.5714285714285424
2014-06-27,1,575,797,195.18999999999997,194.95,195.17999999999998,194.97,stop,-0.23999999999998067,-0.0012296341838302115,-12.296341838302116,0.20999999999997954,-1.1428571428571621
2014-06-30,1,576,945,195.82,195.52,195.81,195.54000000000002,stop,-0.29999999999998295,-0.0015320974413971858,-15.320974413971857,0.2699999999999818,-1.1111111111111227
2014-07-01,1,575,959,196.45499999999998,197.05,196.445,197.06,eod,0.5950000000000273,0.0030288375881291317,30.288375881291316,0.32499999999998863,1.8307692307693788
2014-07-02,1,575,959,197.17,197.23000000000002,197.16,197.24,eod,0.060000000000030695,0.00030432136335986355,3.0432136335986355,0.20999999999997954,0.2857142857144597
2014-07-07,-1,575,611,197.64000000000001,197.89000000000001,197.65,197.87,stop,-0.25,-0.0012648621300278269,-12.648621300278268,0.21999999999999886,-1.1363636363636422
2014-07-08,-1,576,959,196.78000000000003,196.28,196.79000000000002,196.27,eod,0.5000000000000284,0.0025407795111541663,25.407795111541663,0.4399999999999693,1.1363636363637801
2014-07-09,1,575,590,196.98,196.59,196.97,196.61,stop,-0.38999999999998636,-0.001979996953850771,-19.79996953850771,0.3599999999999852,-1.08333333333334
2014-07-10,1,576,959,195.32999999999998,196.32500000000002,195.32,196.335,eod,0.995000000000033,0.005094204382551879,50.94204382551879,0.2699999999999818,3.6851851851855555
2014-07-11,-1,576,849,196.10000000000002,196.5,196.11,196.48,stop,-0.39999999999997726,-0.002039671612870212,-20.39671612870212,0.3699999999999761,-1.0810810810810894
2014-07-14,-1,578,586,197.51000000000002,197.73,197.52,197.70999999999998,stop,-0.21999999999997044,-0.0011138112596191293,-11.138112596191293,0.1899999999999693,-1.1578947368421368
2014-07-15,1,577,594,197.92999999999998,197.68,197.92,197.70000000000002,stop,-0.24999999999997158,-0.0012631366208567683,-12.631366208567684,0.21999999999997044,-1.1363636363636598
2014-07-16,1,575,577,198.23,198.03,198.22,198.05,stop,-0.19999999999998863,-0.0010089799212995088,-10.089799212995088,0.1699999999999875,-1.1764705882353137
2014-07-17,1,577,674,197.49999999999997,197.27,197.48999999999998,197.29000000000002,stop,-0.22999999999996135,-0.0011646159299203067,-11.646159299203067,0.1999999999999602,-1.1500000000000354
2014-07-18,1,575,959,196.52999999999997,197.71,196.51999999999998,197.72,eod,1.1800000000000352,0.006004477915733947,60.04477915733947,0.2899999999999636,4.068965517242011
2014-07-21,-1,575,592,196.94000000000003,197.23,196.95000000000002,197.20999999999998,stop,-0.2899999999999636,-0.0014724549378012876,-14.724549378012876,0.2599999999999625,-1.1153846153846365
2014-07-22,1,575,582,198.14,197.905,198.13,197.925,stop,-0.23499999999998522,-0.001186089940947788,-11.860899409477879,0.20499999999998408,-1.1463414634146512
2014-07-23,-1,575,630,198.34000000000003,198.64000000000001,198.35000000000002,198.62,stop,-0.29999999999998295,-0.0015124779430299112,-15.124779430299112,0.2699999999999818,-1.1111111111111227
2014-07-24,-1,577,587,198.73000000000002,198.94,198.74,198.92,stop,-0.20999999999997954,-0.0010566569387137946,-10.566569387137946,0.1799999999999784,-1.166666666666693
2014-07-25,-1,575,594,197.79000000000002,198.2,197.8,198.17999999999998,stop,-0.40999999999996817,-0.0020728008088977154,-20.728008088977155,0.37999999999996703,-1.0789473684210624
2014-07-28,-1,580,813,197.53000000000003,197.83,197.54000000000002,197.81,stop,-0.29999999999998295,-0.0015186797610609645,-15.186797610609645,0.2699999999999818,-1.1111111111111227
2014-07-29,-1,576,594,198.01000000000002,198.24,198.02,198.22,stop,-0.22999999999998977,-0.0011614988385011099,-11.614988385011099,0.19999999999998863,-1.1500000000000141
2014-07-30,-1,579,959,197.62,197.0,197.63,196.99,eod,0.6200000000000045,0.003137175530030889,31.371755300308887,0.28999999999999204,2.137931034482833
2014-07-31,1,577,600,195.64999999999998,195.19,195.64,195.21,stop,-0.45999999999997954,-0.002351257411572171,-23.512574115721712,0.4299999999999784,-1.0697674418604712
2014-08-01,1,575,669,192.82,192.43,192.81,192.45000000000002,stop,-0.38999999999998636,-0.0020227166640733696,-20.227166640733696,0.3599999999999852,-1.08333333333334
2014-08-04,1,577,618,192.96999999999997,192.6,192.95999999999998,192.62,stop,-0.3699999999999761,-0.0019174958540628948,-19.17495854062895,0.339999999999975,-1.088235294117657
2014-08-05,1,577,590,193.23,192.87,193.22,192.89000000000001,stop,-0.3599999999999852,-0.0018631611634405611,-18.631611634405612,0.3299999999999841,-1.0909090909090988
2014-08-06,1,575,959,191.39999999999998,192.04000000000002,191.39,192.05,eod,0.6400000000000432,0.003343957364543828,33.43957364543828,0.31999999999996476,2.0000000000003553
2014-08-07,-1,575,959,192.77,191.01999999999998,192.78,191.01,eod,1.7500000000000284,0.009077705156136677,90.77705156136676,0.3599999999999852,4.86111111111139
2014-08-08,-1,576,605,191.33,191.64000000000001,191.34,191.62,stop,-0.3100000000000023,-0.0016201526079230807,-16.201526079230806,0.28000000000000114,-1.1071428571428608
2014-08-11,-1,575,594,193.88000000000002,194.07,193.89000000000001,194.04999999999998,stop,-0.1899999999999693,-0.0009799370777243245,-9.799370777243245,0.15999999999996817,-1.1875000000000444
2014-08-12,1,576,661,193.73999999999998,193.38,193.73,193.4,stop,-0.3599999999999852,-0.0018582563361378478,-18.58256336137848,0.3299999999999841,-1.0909090909090988
2014-08-13,-1,581,662,194.26000000000002,194.57,194.27,194.54999999999998,stop,-0.30999999999997385,-0.0015957173006638896,-15.957173006638897,0.2799999999999727,-1.1071428571428716
2014-08-14,1,575,582,195.29999999999998,195.04,195.29,195.06,stop,-0.2599999999999909,-0.0013313533719083973,-13.313533719083972,0.22999999999998977,-1.1304347826087064
2014-08-15,-1,575,602,196.34000000000003,196.53,196.35000000000002,196.51,stop,-0.1899999999999693,-0.0009676597911890465,-9.676597911890465,0.15999999999996817,-1.1875000000000444
2014-08-18,1,575,577,196.90999999999997,196.72,196.89999999999998,196.74,stop,-0.1899999999999693,-0.0009649568308784628,-9.649568308784628,0.15999999999996817,-1.1875000000000444
2014-08-19,1,575,586,197.92999999999998,197.66,197.92,197.68,stop,-0.2699999999999818,-0.0013641875505253731,-13.641875505253731,0.23999999999998067,-1.1250000000000149
2014-08-20,1,577,959,198.26,198.9,198.25,198.91,eod,0.6400000000000148,0.0032282471626734668,32.28247162673467,0.1799999999999784,3.5555555555560643
2014-08-21,-1,577,585,199.01000000000002,199.24,199.02,199.22,stop,-0.22999999999998977,-0.001155662747462515,-11.55662747462515,0.19999999999998863,-1.1500000000000141
2014-08-22,-1,575,607,199.23000000000002,199.49,199.24,199.47,stop,-0.2599999999999909,-0.001304958843605656,-13.04958843605656,0.22999999999998977,-1.1304347826087064
2014-08-25,-1,575,590,199.99,200.19,200.0,200.17,stop,-0.19999999999998863,-0.0009999999999999432,-9.999999999999432,0.1699999999999875,-1.1764705882353137
2014-08-26,1,575,959,200.48,200.33,200.47,200.34,eod,-0.14999999999997726,-0.0007482416321643003,-7.482416321643003,0.19999999999998863,-0.749999999999929
2014-08-27,-1,575,959,200.40500000000003,200.28,200.41500000000002,200.27,eod,0.12500000000002842,0.0006237058104434719,6.237058104434719,0.16499999999996362,0.7575757575760969
2014-08-28,-1,579,593,199.44000000000003,199.74,199.45000000000002,199.72,stop,-0.29999999999998295,-0.0015041363750312505,-15.041363750312506,0.2699999999999818,-1.1111111111111227
2014-08-29,-1,579,694,200.35000000000002,200.58,200.36,200.56,stop,-0.22999999999998977,-0.0011479337193051995,-11.479337193051995,0.19999999999998863,-1.1500000000000141
2014-09-02,-1,575,959,200.85000000000002,200.6,200.86,200.59,eod,0.2500000000000284,0.0012446480135419118,12.446480135419119,0.1449999999999818,1.724137931034895
2014-09-03,-1,578,959,201.21,200.51999999999998,201.22,200.51,eod,0.6900000000000261,0.003429082596163533,34.29082596163533,0.19999999999998863,3.450000000000327
2014-09-04,1,575,868,200.92,200.67,200.91,200.69,stop,-0.25,-0.0012443382609128467,-12.443382609128466,0.21999999999999886,-1.1363636363636422
2014-09-05,-1,575,714,199.93,200.33,199.94,200.31,stop,-0.4000000000000057,-0.0020006001800540445,-20.006001800540446,0.37000000000000455,-1.0810810810810831
2014-09-08,1,575,618,201.04999999999998,200.83,201.04,200.85000000000002,stop,-0.21999999999997044,-0.0010943095901311702,-10.943095901311702,0.1899999999999693,-1.1578947368421368
2014-09-09,-1,575,828,200.00000000000003,200.45,200.01000000000002,200.42999999999998,stop,-0.4499999999999602,-0.0022498875056245196,-22.498875056245197,0.4199999999999591,-1.0714285714285812
2014-09-10,1,575,578,199.6,199.32,199.59,199.34,stop,-0.28000000000000114,-0.0014028758955859568,-14.028758955859567,0.25,-1.1200000000000045
2014-09-11,1,575,638,199.57999999999998,199.17,199.57,199.19,stop,-0.4099999999999966,-0.0020544169965425493,-20.544169965425493,0.37999999999999545,-1.0789473684210567
2014-09-12,-1,577,959,199.9,199.13989999999998,199.91,199.1299,eod,0.7601000000000226,0.0038022109949478397,38.0221099494784,0.21999999999999886,3.455000000000121
2014-09-15,-1,575,875,198.82000000000002,199.22,198.83,199.2,stop,-0.39999999999997726,-0.002011768847759278,-20.11768847759278,0.3699999999999761,-1.0810810810810894
2014-09-16,1,575,959,198.76,200.48000000000002,198.75,200.49,eod,1.7200000000000273,0.008654088050314602,86.54088050314603,0.2599999999999909,6.615384615384952
2014-09-17,-1,575,577,200.66000000000003,200.86,200.67000000000002,200.84,stop,-0.19999999999998863,-0.0009966611850300922,-9.966611850300922,0.1699999999999875,-1.1764705882353137
2014-09-18,-1,575,593,201.18,201.43,201.19,201.41,stop,-0.25,-0.001242606491376311,-12.42606491376311,0.21999999999999886,-1.1363636363636422
2014-09-19,-1,575,959,201.42000000000002,200.73999999999998,201.43,200.73,eod,0.6800000000000352,0.0033758625825350505,33.75862582535051,0.30999999999997385,2.193548387097073
2014-09-22,-1,575,959,200.10000000000002,199.14999999999998,200.11,199.14,eod,0.9500000000000455,0.00474738893608538,47.4738893608538,0.2799999999999727,3.3928571428576357
2014-09-23,1,576,795,198.65999999999997,198.26,198.64999999999998,198.28,stop,-0.39999999999997726,-0.002013591744273734,-20.13591744273734,0.3699999999999761,-1.0810810810810894
2014-09-24,1,575,584,198.21999999999997,197.97,198.20999999999998,197.99,stop,-0.24999999999997158,-0.0012612885323645205,-12.612885323645205,0.21999999999997044,-1.1363636363636598
2014-09-25,-1,580,959,198.73000000000002,196.32999999999998,198.74,196.32,eod,2.400000000000034,0.012076079299587572,120.76079299587572,0.3199999999999932,7.5000000000002665
2014-09-26,1,576,581,196.92,196.58,196.91,196.60000000000002,stop,-0.339999999999975,-0.0017266771621551723,-17.266771621551722,0.30999999999997385,-1.096774193548399
2014-09-29,1,575,959,196.29999999999998,197.51000000000002,196.29,197.52,eod,1.2100000000000364,0.006164348667787643,61.64348667787643,0.24999999999997158,4.840000000000696
2014-09-30,-1,575,646,197.53000000000003,197.955,197.54000000000002,197.935,stop,-0.42499999999998295,-0.0021514629948364023,-21.514629948364025,0.3949999999999818,-1.075949367088614
2014-10-01,-1,575,959,196.43,194.35,196.44,194.34,eod,2.0800000000000125,0.01058847485237229,105.88474852372289,0.3400000000000034,6.117647058823505
2014-10-02,1,575,605,194.52999999999997,194.13,194.51999999999998,194.15,stop,-0.39999999999997726,-0.002056343820686702,-20.563438206867023,0.3699999999999761,-1.0810810810810894
2014-10-03,-1,575,584,195.40500000000003,195.74,195.41500000000002,195.72,stop,-0.33499999999997954,-0.0017143003351839906,-17.143003351839905,0.3049999999999784,-1.0983606557377157
2014-10-06,1,575,602,197.49999999999997,197.2,197.48999999999998,197.22,stop,-0.29999999999998295,-0.0015190642564179603,-15.190642564179603,0.2699999999999818,-1.1111111111111227
2014-10-07,-1,577,610,194.70550000000003,195.41,194.71550000000002,195.39,stop,-0.7044999999999675,-0.0036180992268205017,-36.18099226820502,0.6744999999999663,-1.0444773906597518
2014-10-08,1,575,597,193.54999999999998,193.16,193.54,193.18,stop,-0.38999999999998636,-0.0020150873204504826,-20.150873204504826,0.3599999999999852,-1.08333333333334
2014-10-09,-1,575,959,196.18,192.69,196.19,192.68,eod,3.490000000000009,0.01778887812834502,177.8887812834502,0.4199999999999875,8.309523809524078
2014-10-10,1,577,609,192.79,192.08,192.78,192.10000000000002,stop,-0.7099999999999795,-0.003682954663346714,-36.82954663346714,0.6799999999999784,-1.0441176470588267
2014-10-13,1,575,591,190.83999999999997,190.17,190.82999999999998,190.19,stop,-0.6699999999999875,-0.003510978357700506,-35.10978357700506,0.6399999999999864,-1.0468750000000029
2014-10-14,1,575,595,188.64,188.07,188.63,188.09,stop,-0.5699999999999932,-0.003021788686847231,-30.21788686847231,0.539999999999992,-1.0555555555555585
2014-10-15,-1,576,591,185.05,185.53,185.06,185.51,stop,-0.47999999999998977,-0.002593753377282988,-25.93753377282988,0.44999999999998863,-1.0666666666666709
2014-10-16,1,575,959,183.83999999999997,186.23000000000002,183.82999999999998,186.24,eod,2.390000000000043,0.013001142359789171,130.0114235978917,0.9499999999999886,2.5157894736842863
2014-10-17,-1,575,604,188.07000000000002,188.55,188.08,188.53,stop,-0.47999999999998977,-0.0025521054870267425,-25.521054870267424,0.44999999999998863,-1.0666666666666709
2014-10-20,1,575,959,188.51,190.31,188.5,190.32,eod,1.8000000000000114,0.009549071618037195,95.49071618037195,0.4399999999999977,4.090909090909138
2014-10-21,1,585,959,192.02999999999997,194.04000000000002,192.01999999999998,194.05,eod,2.0100000000000477,0.01046765961878996,104.67659618789959,0.549999999999983,3.6545454545456546
2014-10-22,-1,575,590,194.20000000000002,194.51,194.21,194.48999999999998,stop,-0.30999999999997385,-0.0015962102878326237,-15.962102878326236,0.2799999999999727,-1.1071428571428716
2014-10-23,-1,576,580,194.54000000000002,194.88,194.55,194.85999999999999,stop,-0.339999999999975,-0.0017476227190952197,-17.476227190952198,0.30999999999997385,-1.096774193548399
2014-10-24,-1,575,578,194.91000000000003,195.33,194.92000000000002,195.31,stop,-0.4199999999999875,-0.002154730145700736,-21.547301457007357,0.38999999999998636,-1.0769230769230824
2014-10-27,-1,577,579,195.51000000000002,195.81,195.52,195.79,stop,-0.29999999999998295,-0.001534369885433628,-15.34369885433628,0.2699999999999818,-1.1111111111111227
2014-10-28,1,575,581,197.07,196.76,197.06,196.78,stop,-0.3100000000000023,-0.0015731249365675544,-15.731249365675543,0.28000000000000114,-1.1071428571428608
2014-10-29,1,577,626,198.68999999999997,198.44,198.67999999999998,198.46,stop,-0.24999999999997158,-0.0012583048117574573,-12.583048117574572,0.21999999999997044,-1.1363636363636598
2014-10-30,1,575,600,197.96999999999997,197.54,197.95999999999998,197.56,stop,-0.4299999999999784,-0.0021721559911092063,-21.72155991109206,0.39999999999997726,-1.075000000000007
2014-10-31,-1,575,959,201.341,201.67,201.351,201.66,eod,-0.3289999999999793,-0.0016339625827533973,-16.339625827533972,0.478999999999985,-0.6868475991649052
2014-11-03,1,575,577,202.04,201.77,202.03,201.79000000000002,stop,-0.2699999999999818,-0.0013364351828935397,-13.364351828935398,0.23999999999998067,-1.1250000000000149
2014-11-04,-1,583,603,201.103,201.56,201.113,201.54,stop,-0.45699999999999363,-0.002272354348053053,-22.723543480530527,0.4269999999999925,-1.0702576112412217
2014-11-05,-1,575,959,202.25000000000003,202.38,202.26000000000002,202.37,eod,-0.12999999999996703,-0.0006427370710964452,-6.4273707109644524,0.339999999999975,-0.38235294117640173
2014-11-06,1,576,578,202.68999999999997,202.23,202.67999999999998,202.25,stop,-0.45999999999997954,-0.0022695875271362717,-22.695875271362716,0.4299999999999784,-1.0697674418604712
2014-11-07,-1,575,655,202.87,203.3,202.88,203.28,stop,-0.4300000000000068,-0.0021194794952681725,-21.194794952681725,0.4000000000000057,-1.0750000000000017
2014-11-10,1,576,580,203.52999999999997,203.31,203.51999999999998,203.33,stop,-0.21999999999997044,-0.0010809748427671505,-10.809748427671504,0.1899999999999693,-1.1578947368421368
2014-11-11,-1,575,625,203.94000000000003,204.14000000000001,203.95000000000002,204.12,stop,-0.19999999999998863,-0.0009806325079675833,-9.806325079675833,0.1699999999999875,-1.1764705882353137
2014-11-12,1,575,959,203.51999999999998,203.97,203.51,203.98,eod,0.45000000000001705,0.0022111935531424357,22.111935531424358,0.20999999999997954,2.142857142857433
2014-11-13,1,575,675,204.39,204.1,204.38,204.12,stop,-0.28999999999999204,-0.0014189255308738236,-14.189255308738236,0.2599999999999909,-1.1153846153846239
2014-11-14,1,575,584,204.23,204.07,204.22,204.09,stop,-0.1599999999999966,-0.0007834688081480589,-7.834688081480589,0.12999999999999545,-1.2307692307692475
2014-11-17,1,579,690,204.05999999999997,203.71,204.04999999999998,203.73000000000002,stop,-0.3499999999999659,-0.0017152658662090954,-17.152658662090953,0.31999999999996476,-1.093750000000014
2014-11-18,1,575,959,204.67999999999998,205.54000000000002,204.67,205.55,eod,0.8600000000000421,0.004201885962769542,42.01885962769542,0.23999999999998067,3.583333333333797
2014-11-19,-1,575,842,204.9,205.35,204.91,205.32999999999998,stop,-0.44999999999998863,-0.002196086086574538,-21.96086086574538,0.4199999999999875,-1.0714285714285763
2014-11-20,1,575,959,204.49999999999997,205.58,204.48999999999998,205.59,eod,1.080000000000041,0.005281431854858629,52.814318548586286,0.31999999999996476,3.3750000000004996
2014-11-21,-1,575,959,207.42000000000002,206.69,207.43,206.68,eod,0.7300000000000182,0.0035192595092321177,35.19259509232118,0.29999999999998295,2.433333333333532
2014-11-24,1,575,583,207.39,207.06,207.38,207.08,stop,-0.3299999999999841,-0.0015912817050823807,-15.912817050823806,0.29999999999998295,-1.1000000000000094
2014-11-25,1,575,581,207.68999999999997,207.43,207.67999999999998,207.45000000000002,stop,-0.2599999999999625,-0.0012519260400614528,-12.51926040061453,0.22999999999996135,-1.1304347826087224
2014-11-26,-1,575,726,207.16000000000003,207.43,207.17000000000002,207.41,stop,-0.2699999999999818,-0.001303277501568672,-13.03277501568672,0.23999999999998067,-1.1250000000000149
2014-12-01,-1,575,959,206.35000000000002,205.81,206.36,205.8,eod,0.5400000000000205,0.00261678619887585,26.1678619887585,0.1899999999999693,2.842105263158462
2014-12-02,1,575,959,206.17999999999998,207.08,206.17,207.09,eod,0.9000000000000341,0.0043653295823836355,43.65329582383635,0.38999999999998636,2.307692307692476
2014-12-03,-1,575,576,207.10000000000002,207.34,207.11,207.32,stop,-0.23999999999998067,-0.0011588045000240485,-11.588045000240484,0.20999999999997954,-1.1428571428571621
2014-12-04,1,575,629,207.64999999999998,207.32,207.64,207.34,stop,-0.3299999999999841,-0.0015892891543054523,-15.892891543054523,0.29999999999998295,-1.1000000000000094
2014-12-05,1,575,583,208.07,207.69,208.06,207.71,stop,-0.37999999999999545,-0.0018263962318561735,-18.263962318561735,0.3499999999999943,-1.0857142857142903
2014-12-08,1,575,736,207.70999999999998,207.3,207.7,207.32000000000002,stop,-0.40999999999996817,-0.0019740009629271456,-19.740009629271455,0.37999999999996703,-1.0789473684210624
2014-12-09,-1,576,583,204.32000000000002,204.69,204.33,204.67,stop,-0.3699999999999761,-0.0018107962609503064,-18.107962609503065,0.339999999999975,-1.088235294117657
2014-12-10,-1,575,580,205.61,205.97,205.62,205.95,stop,-0.3599999999999852,-0.0017508024511233597,-17.508024511233597,0.3299999999999841,-1.0909090909090988
2014-12-11,1,575,951,204.48,203.85,204.47,203.87,stop,-0.6299999999999955,-0.0030811365970557806,-30.811365970557805,0.5999999999999943,-1.0500000000000023
2014-12-12,1,575,658,203.08999999999997,202.41,203.07999999999998,202.43,stop,-0.6799999999999784,-0.0033484341146345206,-33.48434114634521,0.6499999999999773,-1.0461538461538495
2014-12-15,1,575,596,202.43999999999997,201.92,202.42999999999998,201.94,stop,-0.5199999999999818,-0.0025687892110852237,-25.687892110852236,0.4899999999999807,-1.061224489795923
2014-12-16,1,575,953,198.70999999999998,198.15,198.7,198.17000000000002,stop,-0.5599999999999739,-0.0028183190739807444,-28.183190739807443,0.5299999999999727,-1.0566037735849108
2014-12-17,1,582,959,199.51999999999998,201.89000000000001,199.51,201.9,eod,2.370000000000033,0.01187910380432075,118.79103804320751,1.2299999999999898,1.9268292682927257
2014-12-18,-1,575,599,204.29000000000002,204.94,204.3,204.92,stop,-0.6499999999999773,-0.003181595692608797,-31.815956926087967,0.6199999999999761,-1.0483870967741973
2014-12-19,-1,575,609,205.91000000000003,206.61,205.92000000000002,206.59,stop,-0.6999999999999886,-0.003399378399378344,-33.99378399378344,0.6699999999999875,-1.0447761194029876
2014-12-22,-1,575,847,206.68,207.07,206.69,207.04999999999998,stop,-0.38999999999998636,-0.0018868837389326351,-18.86883738932635,0.3599999999999852,-1.08333333333334
2014-12-23,-1,587,883,207.94000000000003,208.24,207.95000000000002,208.22,stop,-0.29999999999998295,-0.0014426544842509397,-14.426544842509397,0.2699999999999818,-1.1111111111111227
2014-12-26,1,575,959,208.38,208.41,208.37,208.42,eod,0.030000000000001137,0.00014397466045976454,1.4397466045976455,0.12999999999999545,0.23076923076924757
2014-12-29,1,576,959,208.46999999999997,208.72,208.45999999999998,208.73,eod,0.2500000000000284,0.0011992708433273935,11.992708433273934,0.3299999999999841,0.7575757575758802
2014-12-30,1,575,597,208.27999999999997,208.06,208.26999999999998,208.08,stop,-0.21999999999997044,-0.0010563211216208309,-10.563211216208309,0.1899999999999693,-1.1578947368421368
2014-12-31,-1,583,652,207.78000000000003,208.12,207.79000000000002,208.1,stop,-0.339999999999975,-0.0016362673853408487,-16.362673853408488,0.30999999999997385,-1.096774193548399
