date,direction,entry_time,exit_time,entry_px,exit_px,entry_px_raw,exit_px_raw,exit_reason,pnl_ps,ret,bps,risk_ps,r_mult
2008-01-04,-1,930,959,141.57000000000002,140.94,141.58,140.93,eod,0.6300000000000239,0.004449781042520298,44.49781042520298,,
2008-01-09,1,930,959,139.73,140.77,139.72,140.78,eod,1.0400000000000205,0.007443458345262099,74.434583452621,,
2008-01-11,-1,930,959,139.98000000000002,140.01999999999998,139.99,140.01,eod,-0.03999999999996362,-0.0002857346953351212,-2.857346953351212,,
2008-01-14,1,930,959,141.29,141.45000000000002,141.28,141.46,eod,0.160000000000025,0.0011325028312572552,11.325028312572552,,
2008-01-15,-1,930,959,138.69,137.95999999999998,138.7,137.95,eod,0.7300000000000182,0.005263157894736974,52.63157894736974,,
2008-01-22,-1,930,959,131.06,131.03,131.07,131.02,eod,0.030000000000001137,0.000228885328450455,2.28885328450455,,
2008-01-24,1,930,959,134.47,134.99,134.46,135.0,eod,0.5200000000000102,0.0038673211363975174,38.67321136397517,,
2008-02-01,1,930,959,139.26,139.44,139.25,139.45,eod,0.18000000000000682,0.0012926391382406235,12.926391382406235,,
2008-02-04,-1,930,959,138.4,138.01,138.41,138.0,eod,0.3900000000000148,0.0028177154829854404,28.177154829854405,,
2008-02-05,-1,930,959,134.17000000000002,133.70999999999998,134.18,133.7,eod,0.4600000000000364,0.0034282307348340764,34.282307348340765,,
2008-02-12,1,930,959,134.75,134.93,134.74,134.94,eod,0.18000000000000682,0.0013359061896987294,13.359061896987294,,
2008-02-13,1,930,959,136.75,136.70000000000002,136.74,136.71,eod,-0.04999999999998295,-0.00036565745209874903,-3.6565745209874905,,
2008-02-15,-1,930,959,134.60000000000002,135.07,134.61,135.06,eod,-0.46999999999997044,-0.003491568234157718,-34.91568234157718,,
2008-02-28,-1,930,959,136.92000000000002,137.0,136.93,136.99,eod,-0.07999999999998408,-0.0005842401226903095,-5.842401226903095,,
2008-02-29,-1,930,959,133.69,133.23999999999998,133.7,133.23,eod,0.45000000000001705,0.003365744203440666,33.657442034406664,,
2008-03-03,-1,930,959,132.91,133.42,132.92,133.41,eod,-0.5099999999999909,-0.0038368943725548524,-38.368943725548526,,
2008-03-04,-1,930,959,132.45000000000002,132.92999999999998,132.46,132.92,eod,-0.47999999999996135,-0.003623735467310594,-36.23735467310594,,
2008-03-05,1,930,959,133.29,133.69,133.28,133.7,eod,0.4000000000000057,0.0030012004801921194,30.012004801921194,,
2008-03-06,-1,930,959,131.75,130.82999999999998,131.76,130.82,eod,0.9200000000000159,0.006982392228293989,69.82392228293989,,
2008-03-11,1,930,959,131.82999999999998,132.38,131.82,132.39,eod,0.5500000000000114,0.004172356243362247,41.723562433622476,,
2008-03-14,-1,930,959,129.94,129.26,129.95,129.25,eod,0.6800000000000068,0.005232781839168964,52.32781839168964,,
2008-03-17,-1,930,959,128.37,127.91000000000001,128.38,127.9,eod,0.45999999999999375,0.0035831126343666754,35.83112634366675,,
2008-03-18,1,930,959,132.41,133.31,132.4,133.32,eod,0.9000000000000057,0.006797583081571039,67.9758308157104,,
2008-03-24,1,930,959,134.81,134.76000000000002,134.8,134.77,eod,-0.04999999999998295,-0.00037091988130551147,-3.7091988130551146,,
2008-03-26,-1,930,959,133.76000000000002,133.84,133.77,133.83,eod,-0.07999999999998408,-0.000598041414367826,-5.98041414367826,,
2008-03-31,1,930,959,132.01,131.93,132.0,131.94,eod,-0.07999999999998408,-0.0006060606060604855,-6.060606060604855,,
2008-04-01,1,930,959,136.32999999999998,136.8,136.32,136.81,eod,0.4700000000000273,0.0034477699530518434,34.477699530518436,,
2008-04-07,1,930,959,137.26999999999998,137.04000000000002,137.26,137.05,eod,-0.22999999999996135,-0.0016756520472093936,-16.756520472093936,,
2008-04-08,-1,930,959,136.39000000000001,136.47,136.4,136.46,eod,-0.07999999999998408,-0.0005865102639295021,-5.865102639295021,,
2008-04-09,-1,930,959,135.15,135.39999999999998,135.16,135.39,eod,-0.24999999999997158,-0.0018496596626218673,-18.496596626218672,,
2008-04-11,-1,930,959,133.62,133.29,133.63,133.28,eod,0.3300000000000125,0.00246950535059502,24.6950535059502,,
2008-04-15,1,930,959,133.19,133.49,133.18,133.5,eod,0.30000000000001137,0.002252590479050994,22.525904790509937,,
2008-04-16,1,930,959,136.09,136.21,136.08,136.22,eod,0.12000000000000455,0.0008818342151675818,8.818342151675818,,
2008-04-18,1,930,959,138.59,138.92000000000002,138.58,138.93,eod,0.3300000000000125,0.0023812960023092255,23.812960023092256,,
2008-04-21,-1,930,959,138.70000000000002,138.79999999999998,138.71,138.79,eod,-0.0999999999999659,-0.0007209285559798565,-7.209285559798564,,
2008-04-22,-1,930,959,137.39000000000001,137.7,137.4,137.69,eod,-0.30999999999997385,-0.002256186317321498,-22.56186317321498,,
2008-04-29,-1,930,959,139.17000000000002,139.07999999999998,139.18,139.07,eod,0.09000000000003183,0.000646644632849776,6.46644632849776,,
2008-05-02,1,930,959,141.16,141.33,141.15,141.34,eod,0.17000000000001592,0.0012043924902587029,12.043924902587028,,
2008-05-08,1,930,959,139.51999999999998,139.83,139.51,139.84,eod,0.3100000000000307,0.0022220629345568827,22.220629345568828,,
2008-05-09,-1,930,959,139.18,138.94,139.19,138.93,eod,0.2400000000000091,0.0017242618004167619,17.242618004167618,,
2008-05-14,1,930,959,141.51,140.95000000000002,141.5,140.96,eod,-0.5599999999999739,-0.0039575971731446915,-39.57597173144691,,
2008-06-11,-1,930,959,134.62,133.97,134.63,133.96,eod,0.6500000000000057,0.0048280472405853505,48.2804724058535,,
2008-06-13,1,930,959,135.56,136.39000000000001,135.55,136.4,eod,0.8300000000000125,0.0061232017705644595,61.232017705644594,,
2008-06-18,-1,930,959,134.63,134.34,134.64,134.33,eod,0.28999999999999204,0.002153891859774154,21.53891859774154,,
2008-06-20,-1,930,959,131.61,131.6,131.62,131.59,eod,0.010000000000019327,7.597629539598333e-05,0.7597629539598333,,
2008-06-24,-1,930,959,131.28,131.25,131.29,131.24,eod,0.030000000000001137,0.00022850178993069647,2.2850178993069648,,
2008-06-25,1,930,959,132.54999999999998,131.99,132.54,132.0,eod,-0.5599999999999739,-0.004225139580503801,-42.251395805038015,,
2008-06-26,-1,930,959,128.88,128.22,128.89,128.21,eod,0.6599999999999966,0.005120645511676598,51.20645511676598,,
2008-07-11,-1,930,959,124.1,124.03,124.11,124.02,eod,0.06999999999999318,0.0005640157924421335,5.6401579244213345,,
2008-07-15,-1,930,959,122.42,121.46000000000001,122.43,121.45,eod,0.9599999999999937,0.007841215388385149,78.41215388385149,,
2008-07-16,1,930,959,123.98,124.46,123.97,124.47,eod,0.47999999999998977,0.003871904493022423,38.71904493022423,,
2008-07-17,1,930,959,125.55000000000001,125.89999999999999,125.54,125.91,eod,0.3499999999999801,0.0027879560299504547,27.879560299504547,,
2008-07-24,-1,930,959,125.67,125.44000000000001,125.68,125.43,eod,0.22999999999998977,0.0018300445576065385,18.300445576065385,,
2008-07-29,1,930,959,125.95,126.25999999999999,125.94,126.27,eod,0.30999999999998806,0.0024614895982212805,24.614895982212804,,
2008-07-30,1,930,959,127.92,128.44,127.91,128.45,eod,0.519999999999996,0.004065358455163756,40.653584551637564,,
2008-07-31,-1,930,959,127.67,126.85000000000001,127.68,126.84,eod,0.8199999999999932,0.0064223057644109734,64.22305764410973,,
2008-08-01,-1,930,959,126.19999999999999,126.12,126.21,126.11,eod,0.07999999999998408,0.0006338641945961817,6.338641945961816,,
2008-08-04,-1,930,959,125.21,124.92,125.22,124.91,eod,0.28999999999999204,0.0023159239738060377,23.159239738060375,,
2008-08-05,1,930,959,127.83,128.41,127.82,128.42,eod,0.5799999999999983,0.004537631043655127,45.376310436551265,,
2008-08-07,-1,930,959,127.27,126.89,127.28,126.88,eod,0.37999999999999545,0.002985543683218066,29.85543683218066,,
2008-08-08,1,930,959,129.60999999999999,129.61,129.6,129.62,eod,2.842170943040401e-14,2.1930331350620377e-16,2.1930331350620376e-12,,
2008-08-12,-1,930,959,129.16,129.26,129.17,129.25,eod,-0.09999999999999432,-0.000774173569714286,-7.74173569714286,,
2008-08-15,1,930,959,130.07999999999998,130.04000000000002,130.07,130.05,eod,-0.03999999999996362,-0.00030752671638320614,-3.0752671638320614,,
2008-08-18,-1,930,959,128.08,128.26,128.09,128.25,eod,-0.1799999999999784,-0.0014052619252086689,-14.05261925208669,,
2008-08-19,-1,930,959,126.91,127.03,126.92,127.02,eod,-0.12000000000000455,-0.0009454774661204267,-9.454774661204267,,
2008-08-22,1,930,959,129.22,129.51000000000002,129.21,129.52,eod,0.29000000000002046,0.0022444083275289873,22.444083275289874,,
2008-08-25,-1,930,959,127.03999999999999,127.09,127.05,127.08,eod,-0.05000000000001137,-0.0003935458480913921,-3.9354584809139213,,
2008-08-28,1,930,959,130.10999999999999,130.29000000000002,130.1,130.3,eod,0.18000000000003524,0.0013835511145275576,13.835511145275575,,
2008-08-29,-1,930,959,128.88,128.7,128.89,128.69,eod,0.18000000000000682,0.0013965396850027685,13.965396850027686,,
2008-09-04,-1,930,959,124.66,124.09,124.67,124.08,eod,0.5699999999999932,0.004572070265500868,45.72070265500868,,
2008-09-08,1,930,959,126.64,127.24,126.63,127.25,eod,0.5999999999999943,0.004738213693437529,47.382136934375296,,
2008-09-10,1,930,959,124.39,123.58999999999999,124.38,123.6,eod,-0.8000000000000114,-0.006431902235086119,-64.31902235086119,,
2008-09-15,-1,930,959,120.78999999999999,120.35000000000001,120.8,120.34,eod,0.4399999999999835,0.0036423841059601285,36.42384105960129,,
2008-09-17,-1,930,959,118.71,116.31,118.72,116.3,eod,2.3999999999999915,0.020215633423180522,202.15633423180523,,
2008-09-18,1,930,959,120.27000000000001,120.58,120.26,120.59,eod,0.30999999999998806,0.0025777482122067855,25.777482122067855,,
2008-09-19,1,930,959,124.33,125.03,124.32,125.04,eod,0.7000000000000028,0.005630630630630654,56.30630630630654,,
2008-09-22,-1,930,959,121.11,120.61,121.12,120.6,eod,0.5,0.004128137384412153,41.281373844121525,,
2008-09-25,1,930,959,121.53,121.0,121.52,121.01,eod,-0.5300000000000011,-0.0043614219881501085,-43.614219881501086,,
2008-09-26,-1,930,959,120.49,121.37,120.5,121.36,eod,-0.8800000000000097,-0.007302904564315433,-73.02904564315433,,
2008-09-29,-1,930,959,111.32,112.84,111.33,112.83,eod,-1.5200000000000102,-0.013653103386329024,-136.53103386329025,,
2008-10-01,-1,930,959,115.89,116.0,115.9,115.99,eod,-0.10999999999999943,-0.0009490940465918846,-9.490940465918845,,
2008-10-02,-1,930,959,111.58,111.31,111.59,111.3,eod,0.269999999999996,0.002419571646204821,24.19571646204821,,
2008-10-06,-1,930,959,104.85,106.28,104.86,106.27,eod,-1.4300000000000068,-0.013637230593171913,-136.37230593171913,,
2008-10-08,1,930,959,101.52000000000001,98.39,101.51,98.4,eod,-3.1300000000000097,-0.03083440055166988,-308.3440055166988,,
2008-10-10,-1,930,959,90.67999999999999,90.47,90.69,90.46,eod,0.20999999999999375,0.0023155805491233187,23.15580549123319,,
2008-10-13,1,930,959,97.75,100.85,97.74,100.86,eod,3.0999999999999943,0.03171679967260072,317.16799672600723,,
2008-10-15,-1,930,959,93.36,90.72,93.37,90.71,eod,2.6400000000000006,0.02827460640462676,282.7460640462676,,
2008-10-16,1,930,959,93.08,94.39999999999999,93.07,94.41,eod,1.3199999999999932,0.01418287310626403,141.8287310626403,,
2008-10-20,1,930,959,97.01,98.46,97.0,98.47,eod,1.4499999999999886,0.014948453608247305,149.48453608247306,,
2008-10-21,-1,930,959,96.61,95.51,96.62,95.5,eod,1.0999999999999943,0.01138480645829015,113.8480645829015,,
2008-10-22,-1,930,959,89.75,89.89,89.76,89.88,eod,-0.14000000000000057,-0.001559714795008919,-15.59714795008919,,
2008-10-24,-1,930,959,89.19,87.64,89.2,87.63,eod,1.5499999999999972,0.017376681614349743,173.76681614349744,,
2008-10-28,1,930,959,91.05000000000001,93.99,91.04,94.0,eod,2.9399999999999835,0.03229349736379595,322.9349736379595,,
2008-10-30,1,930,959,94.95,95.46,94.94,95.47,eod,0.5099999999999909,0.0053718137771222975,53.71813777122298,,
2008-11-04,1,930,959,99.46000000000001,100.39,99.45,100.4,eod,0.9299999999999926,0.00935143288084457,93.51432880844571,,
2008-11-05,-1,930,959,96.52,95.45,96.53,95.44,eod,1.0699999999999932,0.011084636900445387,110.84636900445386,,
2008-11-06,-1,930,959,90.66,90.66000000000001,90.67,90.65,eod,-1.4210854715202004e-14,-1.567316059909783e-16,-1.567316059909783e-12,,
2008-11-07,1,930,959,91.54,93.19999999999999,91.53,93.21,eod,1.6599999999999824,0.018136130230525318,181.3613023052532,,
2008-11-11,-1,930,959,90.39999999999999,90.11,90.41,90.1,eod,0.28999999999999204,0.0032076097776793724,32.07609777679372,,
2008-11-12,-1,930,959,85.72999999999999,85.69000000000001,85.74,85.68,eod,0.03999999999997783,0.00046652670865381194,4.66526708653812,,
2008-11-14,-1,930,959,90.57,87.56,90.58,87.55,eod,3.009999999999991,0.03323029366306018,332.3029366306018,,
2008-11-19,-1,930,959,82.72999999999999,81.14,82.74,81.13,eod,1.5899999999999892,0.019216823785351576,192.16823785351576,,
2008-11-20,-1,930,959,77.72,75.76,77.73,75.75,eod,1.9599999999999937,0.025215489514987696,252.15489514987695,,
2008-11-21,1,930,959,77.89,80.35,77.88,80.36,eod,2.4599999999999937,0.03158705701078575,315.8705701078575,,
2008-11-24,1,930,959,86.05000000000001,84.92999999999999,86.04,84.94,eod,-1.1200000000000188,-0.013017201301720347,-130.17201301720348,,
2008-11-25,1,930,959,85.77000000000001,86.03999999999999,85.76,86.05,eod,0.2699999999999818,0.003148320895522176,31.48320895522176,,
2008-12-01,-1,930,959,83.88,82.10000000000001,83.89,82.09,eod,1.779999999999987,0.021218262009774547,212.18262009774548,,
2008-12-08,1,930,959,92.11,91.24,92.1,91.25,eod,-0.8700000000000045,-0.009446254071661287,-94.46254071661288,,
2008-12-09,-1,930,959,89.24,89.41000000000001,89.25,89.4,eod,-0.17000000000001592,-0.001904761904762083,-19.04761904762083,,
2008-12-15,-1,930,959,86.57,87.51,86.58,87.5,eod,-0.9400000000000119,-0.010857010857010995,-108.57010857010995,,
2008-12-16,1,930,959,91.46000000000001,91.83,91.45,91.84,eod,0.36999999999999034,0.004045926735921163,40.45926735921162,,
2008-12-17,-1,930,959,91.36,91.02000000000001,91.37,91.01,eod,0.3399999999999892,0.0037211338513734177,37.21133851373418,,
2008-12-22,-1,930,959,85.61999999999999,86.96000000000001,85.63,86.95,eod,-1.3400000000000176,-0.015648721242555386,-156.48721242555385,,
2008-12-26,1,930,959,87.209,87.11999999999999,87.199,87.13,eod,-0.08900000000001285,-0.0010206539065816449,-10.206539065816449,,
2008-12-30,1,930,959,88.16000000000001,88.89,88.15,88.9,eod,0.7299999999999898,0.008281338627339645,82.81338627339645,,
2008-12-31,1,930,959,90.59,90.22999999999999,90.58,90.24,eod,-0.36000000000001364,-0.003974387281960848,-39.743872819608484,,
2009-01-05,-1,930,959,92.22999999999999,92.81,92.24,92.8,eod,-0.5800000000000125,-0.006287944492628063,-62.87944492628063,,
2009-01-06,1,930,959,93.29,93.42999999999999,93.28,93.44,eod,0.13999999999998636,0.0015008576329329584,15.008576329329584,,
2009-01-07,-1,930,959,90.63,90.71000000000001,90.64,90.7,eod,-0.0800000000000125,-0.0008826125330981079,-8.82612533098108,,
2009-01-09,-1,930,959,89.58,89.02000000000001,89.59,89.01,eod,0.5599999999999881,0.006250697622502378,62.506976225023784,,
2009-01-12,-1,930,959,86.82,87.01,86.83,87.0,eod,-0.19000000000001194,-0.0021881838074399623,-21.881838074399624,,
2009-01-14,-1,930,959,84.08999999999999,84.36,84.1,84.35,eod,-0.27000000000001023,-0.003210463733650538,-32.104637336505384,,
2009-01-16,1,930,959,84.77000000000001,84.97,84.76,84.98,eod,0.19999999999998863,0.002359603586597317,23.59603586597317,,
2009-01-20,-1,930,959,81.13,80.63000000000001,81.14,80.62,eod,0.4999999999999858,0.006162188809464947,61.62188809464947,,
2009-01-21,1,930,959,83.06,84.03,83.05,84.04,eod,0.9699999999999989,0.011679711017459349,116.79711017459348,,
2009-01-22,-1,930,959,82.6,82.79,82.61,82.78,eod,-0.19000000000001194,-0.0022999636847840688,-22.999636847840687,,
2009-01-26,1,930,959,84.18,83.69,84.17,83.7,eod,-0.4900000000000091,-0.005821551621718059,-58.21551621718059,,
2009-01-27,1,930,959,84.95,84.57,84.94,84.58,eod,-0.38000000000000966,-0.004473746173769833,-44.73746173769833,,
2009-01-28,1,930,959,86.71000000000001,87.42,86.7,87.43,eod,0.7099999999999937,0.008189158016147563,81.89158016147563,,
2009-01-29,-1,930,959,85.02,84.58,85.03,84.57,eod,0.4399999999999977,0.005174644243208253,51.74644243208253,,
2009-01-30,-1,930,959,82.52,82.7,82.53,82.69,eod,-0.18000000000000682,-0.002181025081788523,-21.81025081788523,,
2009-02-06,1,930,959,86.78,86.94999999999999,86.77,86.96,eod,0.1699999999999875,0.0019592024893394897,19.592024893394896,,
2009-02-10,-1,930,959,82.8488,82.97,82.8588,82.96,eod,-0.12120000000000175,-0.0014627293661023542,-14.627293661023542,,
2009-02-11,1,930,959,83.58,83.66,83.57,83.67,eod,0.0799999999999983,0.0009572813210482027,9.572813210482026,,
2009-02-12,-1,930,959,82.78,83.7,82.79,83.69,eod,-0.9200000000000017,-0.011112453194830313,-111.12453194830313,,
2009-02-17,-1,930,959,79.44,79.23,79.45,79.22,eod,0.20999999999999375,0.0026431718061673223,26.431718061673223,,
2009-02-20,-1,930,959,77.07,77.42,77.08,77.41,eod,-0.3500000000000085,-0.00454073689673078,-45.4073689673078,,
2009-02-24,1,930,959,77.68,77.55999999999999,77.67,77.57,eod,-0.12000000000001876,-0.0015449980687526556,-15.449980687526557,,
2009-02-27,-1,930,959,74.16,73.98,74.17,73.97,eod,0.1799999999999926,0.0024268572199001295,24.268572199001294,,
2009-03-02,-1,930,959,70.91,70.59,70.92,70.58,eod,0.3199999999999932,0.004512126339537411,45.121263395374115,,
2009-03-04,1,930,959,72.84,71.72,72.83,71.73,eod,-1.1200000000000045,-0.015378278182067892,-153.78278182067893,,
2009-03-05,-1,930,959,68.83999999999999,68.78,68.85,68.77,eod,0.05999999999998806,0.0008714596949889335,8.714596949889335,,
2009-03-10,1,930,959,72.11,72.22,72.1,72.23,eod,0.10999999999999943,0.0015256588072121975,15.256588072121975,,
2009-03-11,1,930,959,72.97,72.58999999999999,72.96,72.6,eod,-0.38000000000000966,-0.005208333333333467,-52.083333333334664,,
2009-03-13,1,930,959,76.23,76.08999999999999,76.22,76.1,eod,-0.14000000000001478,-0.0018367882445554289,-18.36788244555429,,
2009-03-16,1,930,959,76.47,75.92,76.46,75.93,eod,-0.5499999999999972,-0.007193303688202945,-71.93303688202946,,
2009-03-19,-1,930,959,79.08999999999999,78.9,79.1,78.89,eod,0.18999999999998352,0.0024020227560048488,24.020227560048486,,
2009-03-20,-1,930,959,77.16,76.72,77.17,76.71,eod,0.4399999999999977,0.005701697550861704,57.01697550861704,,
2009-03-23,1,930,959,81.16000000000001,82.25999999999999,81.15,82.27,eod,1.09999999999998,0.013555144793591867,135.55144793591867,,
2009-03-24,-1,930,959,81.33,80.62,81.34,80.61,eod,0.7099999999999937,0.008728792721907963,87.28792721907963,,
2009-03-26,1,930,959,82.88000000000001,83.16,82.87,83.17,eod,0.2799999999999869,0.0033787860504402908,33.78786050440291,,
2009-03-27,-1,930,959,81.78999999999999,81.63000000000001,81.8,81.62,eod,0.15999999999998238,0.0019559902200486845,19.559902200486846,,
2009-03-30,-1,930,959,78.42,78.81,78.43,78.8,eod,-0.39000000000000057,-0.004972587020272861,-49.725870202728615,,
2009-03-31,1,930,959,80.83,79.49,80.82,79.5,eod,-1.3400000000000034,-0.016580054441969853,-165.80054441969853,,
2009-04-02,1,930,959,83.91000000000001,83.39999999999999,83.9,83.41,eod,-0.5100000000000193,-0.006078665077473413,-60.78665077473413,,
2009-04-06,-1,930,959,83.08999999999999,83.52000000000001,83.1,83.51,eod,-0.43000000000002103,-0.005174488567990626,-51.74488567990626,,
2009-04-07,-1,930,959,81.86,81.57000000000001,81.87,81.56,eod,0.28999999999999204,0.0035422010504457314,35.42201050445731,,
2009-04-08,1,930,959,81.96000000000001,82.53,81.95,82.54,eod,0.5699999999999932,0.006955460646735731,69.55460646735732,,
2009-04-09,1,930,959,85.35000000000001,85.80999999999999,85.34,85.82,eod,0.45999999999997954,0.005390203890320829,53.902038903208286,,
2009-04-14,-1,930,959,84.61,84.32000000000001,84.62,84.31,eod,0.28999999999999204,0.003427085795320161,34.27085795320161,,
2009-04-20,-1,930,959,83.52,83.42,83.53,83.41,eod,0.09999999999999432,0.0011971746677839617,11.971746677839617,,
2009-04-24,1,930,959,87.03,86.64,87.02,86.65,eod,-0.39000000000000057,-0.004481728338313038,-44.81728338313038,,
2009-04-27,-1,930,959,85.78,85.86,85.79,85.85,eod,-0.0799999999999983,-0.0009325096165054003,-9.325096165054003,,
2009-04-29,1,930,959,87.27000000000001,87.42999999999999,87.26,87.44,eod,0.15999999999998238,0.0018336007334400913,18.336007334400914,,
2009-05-04,1,930,959,90.21000000000001,90.92,90.2,90.93,eod,0.7099999999999937,0.00787139689578707,78.7139689578707,,
2009-05-05,-1,930,959,90.25999999999999,90.52000000000001,90.27,90.51,eod,-0.2600000000000193,-0.0028802481444557366,-28.802481444557365,,
2009-05-06,1,930,959,91.55000000000001,92.13,91.54,92.14,eod,0.5799999999999841,0.006336027965916365,63.36027965916365,,
2009-05-08,1,930,959,92.76,93.02,92.75,93.03,eod,0.2599999999999909,0.002803234501347611,28.03234501347611,,
2009-05-11,-1,930,959,91.44999999999999,91.2,91.46,91.19,eod,0.2499999999999858,0.002733435381587424,27.33435381587424,,
2009-05-13,-1,930,959,88.7299,88.71000000000001,88.7399,88.7,eod,0.0198999999999927,0.00022425087249357617,2.2425087249357616,,
2009-05-18,1,930,959,90.66000000000001,91.24,90.65,91.25,eod,0.5799999999999841,0.006398234969663365,63.982349696633655,,
2009-05-21,-1,930,959,88.50999999999999,89.21000000000001,88.52,89.2,eod,-0.700000000000017,-0.007907817442386094,-79.07817442386094,,
2009-05-26,1,930,959,91.08,91.30999999999999,91.07,91.32,eod,0.22999999999998977,0.0025255298122322366,25.255298122322365,,
2009-05-28,1,930,959,90.91000000000001,90.94,90.9,90.95,eod,0.029999999999986926,0.00033003300330018616,3.3003300330018615,,
2009-06-01,1,930,959,94.84,94.75999999999999,94.83,94.77,eod,-0.0800000000000125,-0.0008436148898029369,-8.43614889802937,,
2009-06-03,-1,930,959,92.85,93.66000000000001,92.86,93.65,eod,-0.8100000000000165,-0.008722808528968517,-87.22808528968517,,
2009-06-11,1,930,959,95.5,94.86999999999999,95.49,94.88,eod,-0.6300000000000097,-0.006597549481621214,-65.97549481621213,,
2009-06-15,-1,930,959,92.72999999999999,92.87,92.74,92.86,eod,-0.14000000000001478,-0.0015095967220187059,-15.09596722018706,,
2009-06-18,1,930,959,92.42,92.17,92.41,92.18,eod,-0.25,-0.0027053349204631534,-27.053349204631534,,
2009-06-22,-1,930,959,89.75999999999999,89.27000000000001,89.77,89.26,eod,0.4899999999999807,0.005458393672718956,54.58393672718956,,
2009-06-23,1,930,959,89.63000000000001,89.42,89.62,89.43,eod,-0.21000000000000796,-0.002343226958268332,-23.432269582683322,,
2009-06-24,1,930,959,89.96000000000001,90.1,89.95,90.11,eod,0.13999999999998636,0.0015564202334628833,15.564202334628833,,
2009-06-25,1,930,959,91.88000000000001,92.02,91.87,92.03,eod,0.13999999999998636,0.0015238924567321907,15.238924567321908,,
2009-07-01,1,930,959,92.51,92.33,92.5,92.34,eod,-0.18000000000000682,-0.0019459459459460198,-19.4594594594602,,
2009-07-02,-1,930,959,89.86999999999999,89.83,89.88,89.82,eod,0.03999999999999204,0.00044503782821530977,4.450378282153098,,
2009-07-06,-1,930,959,89.46,89.91000000000001,89.47,89.9,eod,-0.45000000000001705,-0.005029618866659406,-50.29618866659406,,
2009-07-07,-1,930,959,88.52,88.11,88.53,88.1,eod,0.4099999999999966,0.004631198463797544,46.31198463797544,,
2009-07-09,1,930,959,88.39,88.22,88.38,88.23,eod,-0.1700000000000017,-0.0019235121068115152,-19.235121068115152,,
2009-07-10,-1,930,959,87.77,87.95,87.78,87.94,eod,-0.18000000000000682,-0.0020505809979494967,-20.505809979494966,,
2009-07-15,1,930,959,93.16000000000001,93.32,93.15,93.33,eod,0.15999999999998238,0.0017176596886739923,17.176596886739922,,
2009-07-17,-1,930,959,93.92999999999999,94.14,93.94,94.13,eod,-0.21000000000000796,-0.0022354694485842872,-22.354694485842874,,
2009-07-20,1,930,959,95.10000000000001,95.11999999999999,95.09,95.13,eod,0.01999999999998181,0.00021032705857589452,2.103270585758945,,
2009-07-23,1,930,959,97.97,97.67,97.96,97.68,eod,-0.29999999999999716,-0.0030624744793793096,-30.624744793793095,,
2009-07-29,-1,930,959,97.3299,97.6683,97.3399,97.6583,eod,-0.33840000000000714,-0.0034764777855741287,-34.764777855741286,,
2009-07-30,1,930,959,99.52000000000001,98.69999999999999,99.51,98.71,eod,-0.8200000000000216,-0.008240377851472431,-82.40377851472431,,
2009-07-31,1,930,959,99.34,98.82,99.33,98.83,eod,-0.5200000000000102,-0.005235075002516966,-52.35075002516966,,
2009-08-03,1,930,959,100.36,100.38,100.35,100.39,eod,0.01999999999999602,0.00019930244145486818,1.9930244145486817,,
2009-08-06,-1,930,959,99.94999999999999,99.89,99.96,99.88,eod,0.05999999999998806,0.000600240096038296,6.00240096038296,,
2009-08-07,1,930,959,101.51,101.17999999999999,101.5,101.19,eod,-0.3300000000000125,-0.003251231527093719,-32.512315270937194,,
2009-08-10,-1,930,959,100.69,100.97,100.7,100.96,eod,-0.28000000000000114,-0.0027805362462760786,-27.805362462760787,,
2009-08-12,1,930,959,101.42,100.77,101.41,100.78,eod,-0.6500000000000057,-0.006409624297406624,-64.09624297406624,,
2009-08-18,1,930,959,99.27000000000001,99.17999999999999,99.26,99.19,eod,-0.09000000000001762,-0.0009067096514206893,-9.067096514206893,,
2009-08-20,1,930,959,101.04,101.00999999999999,101.03,101.02,eod,-0.030000000000015348,-0.00029694150252415467,-2.9694150252415468,,
2009-08-21,1,930,959,103.04,102.91,103.03,102.92,eod,-0.13000000000000966,-0.001261768416966026,-12.617684169660262,,
2009-08-25,1,930,959,103.36,103.14999999999999,103.35,103.16,eod,-0.21000000000000796,-0.0020319303338172034,-20.319303338172034,,
2009-08-31,-1,930,959,102.14999999999999,102.49000000000001,102.16,102.48,eod,-0.3400000000000176,-0.00332811276429148,-33.281127642914804,,
2009-09-03,1,930,959,100.21000000000001,100.64999999999999,100.2,100.66,eod,0.4399999999999835,0.0043912175648700945,43.912175648700945,,
2009-09-08,1,930,959,102.92,102.89,102.91,102.9,eod,-0.030000000000001137,-0.00029151685939171254,-2.9151685939171252,,
2009-09-09,1,930,959,103.58,103.75,103.57,103.76,eod,0.1700000000000017,0.001641401950371746,16.41401950371746,,
2009-09-30,-1,930,959,105.28999999999999,105.60000000000001,105.3,105.59,eod,-0.3100000000000165,-0.002943969610636434,-29.43969610636434,,
2009-10-02,-1,930,959,102.61,102.56,102.62,102.55,eod,0.04999999999999716,0.00048723445722078697,4.8723445722078695,,
2009-10-05,1,930,959,104.17,104.02,104.16,104.03,eod,-0.15000000000000568,-0.0014400921658986722,-14.400921658986721,,
2009-10-06,1,930,959,105.59,105.50999999999999,105.58,105.52,eod,-0.0800000000000125,-0.0007577192650124314,-7.577192650124314,,
2009-10-08,1,930,959,106.76,106.6,106.75,106.61,eod,-0.1600000000000108,-0.0014988290398127476,-14.988290398127477,,
2009-10-09,1,930,959,107.12,107.22999999999999,107.11,107.24,eod,0.10999999999998522,0.001026981607692888,10.26981607692888,,
2009-10-12,1,930,959,107.65,107.72999999999999,107.64,107.74,eod,0.07999999999998408,0.0007432181345223345,7.432181345223345,,
2009-10-13,-1,930,959,107.55,107.51,107.56,107.5,eod,0.03999999999999204,0.0003718854592784682,3.718854592784682,,
2009-10-14,1,930,959,109.36,109.3107,109.35,109.3207,eod,-0.04930000000000234,-0.00045084590763605254,-4.508459076360525,,
2009-10-16,-1,930,959,109.00999999999999,108.9,109.02,108.89,eod,0.10999999999998522,0.0010089891762977915,10.089891762977915,,
2009-10-20,-1,930,959,109.07,109.23,109.08,109.22,eod,-0.1600000000000108,-0.001466813348001566,-14.668133480015658,,
2009-10-28,-1,930,959,104.69999999999999,104.43,104.71,104.42,eod,0.2699999999999818,0.0025785502817303203,25.785502817303204,,
2009-10-29,1,930,959,106.66000000000001,106.63,106.65,106.64,eod,-0.030000000000015348,-0.000281293952180172,-2.81293952180172,,
2009-10-30,-1,930,959,103.80999999999999,103.64,103.82,103.63,eod,0.1699999999999875,0.0016374494317086064,16.374494317086064,,
2009-11-02,1,930,959,103.87,104.35,103.86,104.36,eod,0.47999999999998977,0.004621606008087712,46.21606008087712,,
2009-11-04,1,930,959,105.79,104.83,105.78,104.84,eod,-0.960000000000008,-0.009075439591605294,-90.75439591605294,,
2009-11-05,1,930,959,106.69000000000001,106.85,106.68,106.86,eod,0.15999999999998238,0.0014998125234344053,14.998125234344053,,
2009-11-09,1,930,959,109.34,109.57,109.33,109.58,eod,0.22999999999998977,0.002103722674471689,21.037226744716893,,
2009-11-11,1,930,959,110.03,110.11999999999999,110.02,110.13,eod,0.0899999999999892,0.0008180330848935576,8.180330848935576,,
2009-11-16,1,930,959,110.9,111.19999999999999,110.89,111.21,eod,0.29999999999998295,0.0027053837135898903,27.053837135898902,,
2009-11-18,-1,930,959,111.08999999999999,111.29,111.1,111.28,eod,-0.20000000000001705,-0.0018001800180019538,-18.00180018001954,,
2009-11-19,-1,930,959,109.64,109.81,109.65,109.8,eod,-0.1700000000000017,-0.0015503875968992402,-15.503875968992402,,
2009-11-20,-1,930,959,109.52,109.53,109.53,109.52,eod,-0.010000000000005116,-9.129918743727852e-05,-0.9129918743727852,,
2009-11-23,1,930,959,110.87,110.89999999999999,110.86,110.91,eod,0.029999999999986926,0.0002706115821755992,2.706115821755992,,
2009-12-01,1,930,959,111.375,111.24,111.365,111.25,eod,-0.13500000000000512,-0.0012122300543259113,-12.122300543259113,,
2009-12-04,1,930,959,111.03,111.01899999999999,111.02,111.029,eod,-0.01100000000000989,-9.908124662231932e-05,-0.9908124662231932,,
2009-12-08,-1,930,959,109.69999999999999,109.65,109.71,109.64,eod,0.04999999999998295,0.00045574696928249887,4.557469692824989,,
2010-01-04,1,930,959,113.26,113.30999999999999,113.25,113.32,eod,0.04999999999998295,0.0004415011037526088,4.415011037526088,,
2010-01-12,-1,930,959,113.55,113.67,113.56,113.66,eod,-0.12000000000000455,-0.001056710109193418,-10.56710109193418,,
2010-01-13,1,930,959,114.76,114.63,114.75,114.64,eod,-0.13000000000000966,-0.001132897603485923,-11.328976034859231,,
2010-01-15,-1,930,959,113.64999999999999,113.67,113.66,113.66,eod,-0.020000000000010232,-0.00017596339961297054,-1.7596339961297054,,
2010-01-19,1,930,959,115.07000000000001,115.05,115.06,115.06,eod,-0.020000000000010232,-0.00017382235355475605,-1.7382235355475604,,
2010-01-20,-1,930,959,113.78,113.9,113.79,113.89,eod,-0.12000000000000455,-0.001054574215660467,-10.545742156604671,,
2010-01-22,-1,930,959,109.69,109.23,109.7,109.22,eod,0.45999999999999375,0.004193254329990827,41.93254329990827,,
2010-01-25,1,930,959,110.10000000000001,109.74,110.09,109.75,eod,-0.36000000000001364,-0.003270051775819908,-32.70051775819908,,
2010-02-01,1,930,959,108.82000000000001,108.99,108.81,109.0,eod,0.1699999999999875,0.0015623564010659636,15.623564010659637,,
2010-02-04,-1,930,959,106.82,106.48,106.83,106.47,eod,0.3399999999999892,0.0031826266030140337,31.82626603014034,,
2010-02-05,-1,930,959,106.255,106.76,106.265,106.75,eod,-0.5050000000000097,-0.004752270267727,-47.52270267727,,
2010-02-08,-1,930,959,106.32,105.9,106.33,105.89,eod,0.4199999999999875,0.003949967083607519,39.49967083607519,,
2010-02-09,1,930,959,107.60000000000001,107.22999999999999,107.59,107.24,eod,-0.37000000000001876,-0.003438981317966528,-34.38981317966528,,
2010-02-12,-1,930,959,107.44,108.03,107.45,108.02,eod,-0.5900000000000034,-0.0054909260120986824,-54.90926012098682,,
2010-02-16,1,930,959,109.51,109.72,109.5,109.73,eod,0.20999999999999375,0.0019178082191780251,19.178082191780252,,
2010-02-17,1,930,959,110.19000000000001,110.25,110.18,110.26,eod,0.05999999999998806,0.0005445634416408428,5.445634416408428,,
2010-02-24,1,930,959,110.635,110.80999999999999,110.625,110.82,eod,0.17499999999998295,0.001581920903954648,15.81920903954648,,
2010-02-25,-1,930,959,110.44999999999999,110.72,110.46,110.71,eod,-0.27000000000001023,-0.002444323737099495,-24.44323737099495,,
2010-03-01,1,930,959,111.84,111.88499999999999,111.83,111.895,eod,0.044999999999987494,0.0004023964946793123,4.023964946793122,,
2010-03-02,1,930,959,112.10000000000001,112.16,112.09,112.17,eod,0.05999999999998806,0.0005352841466677497,5.352841466677497,,
2010-03-04,1,930,959,112.55000000000001,112.64,112.54,112.65,eod,0.0899999999999892,0.0007997156566553154,7.997156566553154,,
2010-03-05,1,930,959,114.13000000000001,114.25,114.12,114.26,eod,0.11999999999999034,0.0010515247108306197,10.515247108306196,,
2010-03-10,1,930,959,114.80000000000001,114.97,114.79,114.98,eod,0.1699999999999875,0.0014809652408745316,14.809652408745317,,
2010-03-16,1,930,959,116.31,116.39999999999999,116.3,116.41,eod,0.0899999999999892,0.000773860705072994,7.73860705072994,,
2010-03-17,1,930,959,116.87,117.08999999999999,116.86,117.1,eod,0.21999999999998465,0.0018825945575901477,18.82594557590148,,
2010-03-19,-1,930,959,115.83999999999999,115.97,115.85,115.96,eod,-0.13000000000000966,-0.0011221406991800576,-11.221406991800576,,
2010-03-24,-1,930,959,116.86,116.83,116.87,116.82,eod,0.030000000000001137,0.0002566954736031585,2.566954736031585,,
2010-03-25,1,930,959,117.27000000000001,116.63,117.26,116.64,eod,-0.6400000000000148,-0.005457956677468998,-54.57956677468999,,
2010-03-29,1,930,959,117.39,117.33,117.38,117.34,eod,-0.060000000000002274,-0.0005111603339581042,-5.111603339581042,,
2010-03-31,-1,930,959,117.07,117.0,117.08,116.99,eod,0.06999999999999318,0.000597881790228845,5.9788179022884504,,
2010-04-01,1,930,959,117.44000000000001,117.8,117.43,117.81,eod,0.3599999999999852,0.003065656135570001,30.65656135570001,,
2010-04-05,1,930,959,118.72,118.77,118.71,118.78,eod,0.04999999999999716,0.00042119450762359665,4.211945076235966,,
2010-04-07,-1,930,959,118.05999999999999,118.39,118.07,118.38,eod,-0.3300000000000125,-0.0027949521470315283,-27.949521470315283,,
2010-04-09,1,930,959,119.345,119.53,119.335,119.54,eod,0.18500000000000227,0.0015502576779654106,15.502576779654106,,
2010-04-14,1,930,959,120.96000000000001,121.16,120.95,121.17,eod,0.19999999999998863,0.0016535758577923823,16.535758577923822,,
2010-04-16,-1,930,959,119.44,119.37,119.45,119.36,eod,0.06999999999999318,0.0005860192549183188,5.860192549183187,,
2010-04-19,1,930,959,119.71000000000001,119.83999999999999,119.7,119.85,eod,0.12999999999998124,0.0010860484544693504,10.860484544693504,,
2010-04-20,1,930,959,120.80000000000001,120.86,120.79,120.87,eod,0.05999999999998806,0.0004967298617434229,4.9672986174342295,,
2010-04-27,-1,930,959,119.28,118.5,119.29,118.49,eod,0.7800000000000011,0.006538687232794041,65.38687232794041,,
2010-04-28,1,930,959,119.43,119.32,119.42,119.33,eod,-0.11000000000001364,-0.0009211187405795817,-9.211187405795817,,
2010-04-29,1,930,959,120.87,120.83,120.86,120.84,eod,-0.04000000000000625,-0.0003309614429919432,-3.309614429919432,,
2010-04-30,-1,930,959,119.3,118.84,119.31,118.83,eod,0.45999999999999375,0.003855502472550446,38.55502472550446,,
2010-05-03,1,930,959,120.29,120.38,120.28,120.39,eod,0.0899999999999892,0.0007482540738276454,7.482540738276454,,
2010-05-04,-1,930,959,117.5,117.56,117.51,117.55,eod,-0.060000000000002274,-0.0005105948429921051,-5.105948429921051,,
2010-05-05,-1,930,959,116.67,116.84,116.68,116.83,eod,-0.1700000000000017,-0.0014569763455605218,-14.569763455605218,,
2010-05-07,-1,930,959,111.11999999999999,111.31,111.13,111.3,eod,-0.19000000000001194,-0.0017097093494107076,-17.097093494107078,,
2010-05-10,1,930,959,115.52000000000001,116.14999999999999,115.51,116.16,eod,0.6299999999999812,0.005454073240411923,54.54073240411923,,
2010-05-12,1,930,959,117.36,117.44,117.35,117.45,eod,0.0799999999999983,0.0006817213463996447,6.817213463996447,,
2010-05-13,-1,930,959,116.3,116.01,116.31,116.0,eod,0.28999999999999204,0.0024933367724184682,24.93336772418468,,
2010-05-14,-1,930,959,113.17,113.91000000000001,113.18,113.9,eod,-0.7400000000000091,-0.006538257642693135,-65.38257642693135,,
2010-05-20,-1,930,959,109.08,107.548,109.09,107.538,eod,1.5319999999999965,0.014043450362086318,140.43450362086318,,
2010-05-24,-1,930,959,108.3701,107.73010000000001,108.3801,107.7201,eod,0.6399999999999864,0.005905143102838864,59.05143102838864,,
2010-05-25,-1,930,959,107.28999999999999,107.81750000000001,107.3,107.8075,eod,-0.5275000000000176,-0.00491612301957146,-49.161230195714595,,
2010-05-27,1,930,959,109.985,110.77,109.975,110.78,eod,0.7849999999999966,0.007137985905887671,71.3798590588767,,
2010-05-28,-1,930,959,110.25999999999999,109.36,110.27,109.35,eod,0.8999999999999915,0.008161784710256565,81.61784710256565,,
2010-06-01,-1,930,959,108.52,107.53,108.53,107.52,eod,0.9899999999999949,0.009121901778310097,91.21901778310097,,
2010-06-02,1,930,959,109.88000000000001,110.3,109.87,110.31,eod,0.4199999999999875,0.0038226995540182715,38.22699554018271,,
2010-06-03,1,930,959,110.81,110.69999999999999,110.8,110.71,eod,-0.11000000000001364,-0.000992779783393625,-9.92779783393625,,
2010-06-04,-1,930,959,106.89999999999999,107.02000000000001,106.91,107.01,eod,-0.12000000000001876,-0.0011224394350389931,-11.22439435038993,,
2010-06-10,1,930,959,108.99000000000001,109.17999999999999,108.98,109.19,eod,0.18999999999998352,0.0017434391631490503,17.434391631490502,,
2010-06-14,1,930,959,110.03,109.50999999999999,110.02,109.52,eod,-0.5200000000000102,-0.00472641337938566,-47.264133793856594,,
2010-06-15,1,930,959,111.83,111.97,111.82,111.98,eod,0.14000000000000057,0.0012520121624038686,12.520121624038687,,
2010-06-18,-1,930,959,111.64,111.72,111.65,111.71,eod,-0.0799999999999983,-0.0007165248544558736,-7.165248544558736,,
2010-06-24,-1,930,959,107.53999999999999,107.45,107.55,107.44,eod,0.0899999999999892,0.0008368200836819079,8.36820083681908,,
2010-06-28,-1,930,959,107.64,107.49000000000001,107.65,107.48,eod,0.14999999999999147,0.0013934045517881232,13.934045517881232,,
2010-06-29,-1,930,959,103.94,104.23,103.95,104.22,eod,-0.29000000000000625,-0.00278980278980285,-27.8980278980285,,
2010-07-01,-1,930,959,102.69999999999999,102.80000000000001,102.71,102.79,eod,-0.10000000000002274,-0.0009736150326163251,-9.736150326163251,,
2010-07-07,1,930,959,105.65,106.11999999999999,105.64,106.13,eod,0.46999999999998465,0.004449072321090351,44.490723210903504,,
2010-07-08,1,930,959,106.77000000000001,107.14,106.76,107.15,eod,0.36999999999999034,0.003465717497189868,34.65717497189868,,
2010-07-13,1,930,959,109.95,109.64999999999999,109.94,109.66,eod,-0.30000000000001137,-0.002728761142441435,-27.28761142441435,,
2010-07-15,-1,930,959,109.03999999999999,109.73,109.05,109.72,eod,-0.6900000000000119,-0.006327372764786904,-63.273727647869045,,
2010-07-16,-1,930,959,106.58999999999999,106.67,106.6,106.66,eod,-0.0800000000000125,-0.0007504690431520873,-7.504690431520873,,
2010-07-19,1,930,959,107.15,107.30999999999999,107.14,107.32,eod,0.15999999999998238,0.0014933731566173453,14.933731566173453,,
2010-07-22,1,930,959,109.76,109.44999999999999,109.75,109.46,eod,-0.3100000000000165,-0.002824601366742747,-28.246013667427473,,
2010-07-26,1,930,959,111.43,111.57,111.42,111.58,eod,0.13999999999998636,0.0012565069107878868,12.565069107878868,,
2010-08-02,1,930,959,112.86,112.72999999999999,112.85,112.74,eod,-0.13000000000000966,-0.0011519716437750082,-11.519716437750082,,
2010-08-03,-1,930,959,112.22,112.21000000000001,112.23,112.2,eod,0.009999999999990905,8.91027354538974e-05,0.891027354538974,,
2010-08-04,1,930,959,113.04,112.96,113.03,112.97,eod,-0.0800000000000125,-0.00070777669645238,-7.077766964523799,,
2010-08-05,-1,930,959,112.75,112.85000000000001,112.76,112.84,eod,-0.10000000000000853,-0.0008868393047180606,-8.868393047180605,,
2010-08-06,-1,930,959,112.1,112.4,112.11,112.39,eod,-0.30000000000001137,-0.002675943270002777,-26.759432700027773,,
2010-08-10,-1,930,959,112.5,112.43,112.51,112.42,eod,0.06999999999999318,0.000622166918496073,6.22166918496073,,
2010-08-11,-1,930,959,109.30499999999999,109.3001,109.315,109.2901,eod,0.004899999999992133,4.482458948901919e-05,0.44824589489019195,,
2010-08-12,-1,930,959,108.77499999999999,108.65,108.785,108.64,eod,0.12499999999998579,0.00114905547639827,11.490554763982699,,
2010-08-16,-1,930,959,108.02,108.29,108.03,108.28,eod,-0.27000000000001023,-0.002499305748403316,-24.993057484033162,,
2010-08-17,1,930,959,110.10000000000001,109.58999999999999,110.09,109.6,eod,-0.5100000000000193,-0.004632573349078202,-46.32573349078202,,
2010-08-19,-1,930,959,108.08999999999999,107.93,108.1,107.92,eod,0.15999999999998238,0.0014801110083254615,14.801110083254615,,
2010-08-20,-1,930,959,107.539,107.55000000000001,107.549,107.54,eod,-0.01100000000000989,-0.00010227896121776948,-1.0227896121776947,,
2010-08-24,-1,930,959,106.11,105.59,106.12,105.58,eod,0.519999999999996,0.0049001130795325665,49.001130795325665,,
2010-08-31,-1,930,959,105.05999999999999,105.41000000000001,105.07,105.4,eod,-0.35000000000002274,-0.0033311125916058127,-33.311125916058124,,
2010-09-01,1,930,959,108.21000000000001,108.46,108.2,108.47,eod,0.2499999999999858,0.002310536044362161,23.10536044362161,,
2010-09-02,1,930,959,109.23,109.44999999999999,109.22,109.46,eod,0.21999999999998465,0.002014283098333498,20.14283098333498,,
2010-09-03,1,930,959,110.72,110.89999999999999,110.71,110.91,eod,0.1799999999999926,0.001625869388492391,16.25869388492391,,
2010-09-07,-1,930,959,109.78,109.68,109.79,109.67,eod,0.09999999999999432,0.0009108297659166984,9.108297659166984,,
2010-09-08,1,930,959,110.38000000000001,110.38,110.37,110.39,eod,-1.4210854715202004e-14,-1.2875649828034795e-16,-1.2875649828034794e-12,,
2010-09-09,1,930,959,111.14,110.92,111.13,110.93,eod,-0.21999999999999886,-0.0019796634572122637,-19.796634572122638,,
2010-09-10,1,930,959,111.575,111.50999999999999,111.565,111.52,eod,-0.06500000000001194,-0.0005826199973110916,-5.826199973110916,,
2010-09-13,1,930,959,112.62,112.72999999999999,112.61,112.74,eod,0.10999999999998522,0.0009768226622856337,9.768226622856337,,
2010-09-17,-1,930,959,112.33999999999999,112.5,112.35,112.49,eod,-0.1600000000000108,-0.0014241210502893707,-14.241210502893708,,
2010-09-20,1,930,959,114.21000000000001,114.21,114.2,114.22,eod,-1.4210854715202004e-14,-1.24438307488634e-16,-1.2443830748863402e-12,,
2010-09-23,-1,930,959,112.42,112.5,112.43,112.49,eod,-0.0799999999999983,-0.0007115538557324405,-7.115538557324405,,
2010-09-24,1,930,959,114.66000000000001,114.78999999999999,114.65,114.8,eod,0.12999999999998124,0.0011338857392061163,11.338857392061163,,
2010-09-29,-1,930,959,114.30999999999999,114.44000000000001,114.32,114.43,eod,-0.13000000000002387,-0.0011371588523445056,-11.371588523445055,,
2010-10-01,1,930,959,114.60000000000001,114.6199,114.59,114.6299,eod,0.0198999999999927,0.00017366262326549175,1.7366262326549176,,
2010-10-04,-1,930,959,113.67,113.75,113.68,113.74,eod,-0.0799999999999983,-0.0007037297677691616,-7.037297677691615,,
2010-10-05,1,930,959,116.30000000000001,116.02,116.29,116.03,eod,-0.28000000000001535,-0.00240777366927522,-24.0777366927522,,
2010-10-07,-1,930,959,115.77,115.9,115.78,115.89,eod,-0.13000000000000966,-0.001122819139747881,-11.22819139747881,,
2010-10-08,1,930,959,116.58,116.53999999999999,116.57,116.55,eod,-0.04000000000000625,-0.0003431414600669662,-3.431414600669662,,
2010-10-13,1,930,959,118.01,117.88,118.0,117.89,eod,-0.13000000000000966,-0.0011016949152543192,-11.016949152543193,,
2010-10-14,-1,930,959,117.07,117.53,117.08,117.52,eod,-0.46000000000000796,-0.003928937478647147,-39.28937478647147,,
2010-10-18,1,930,959,118.52990000000001,118.53999999999999,118.5199,118.55,eod,0.010099999999980014,8.521775668035506e-05,0.8521775668035506,,
2010-10-19,-1,930,959,116.10249999999999,116.71650000000001,116.1125,116.7065,eod,-0.6140000000000185,-0.005287975024222358,-52.87975024222358,,
2010-10-20,1,930,959,118.32000000000001,117.86,118.31,117.87,eod,-0.46000000000000796,-0.0038880906094160084,-38.88090609416008,,
2010-10-21,1,930,959,118.11,118.1,118.1,118.11,eod,-0.010000000000005116,-8.467400508048362e-05,-0.8467400508048363,,
2010-10-25,1,930,959,119.235,118.67,119.225,118.68,eod,-0.5649999999999977,-0.004738938980918412,-47.389389809184124,,
2010-10-27,-1,930,959,118.00999999999999,118.39,118.02,118.38,eod,-0.38000000000000966,-0.003219793255380526,-32.19793255380526,,
2010-11-02,1,930,959,119.53,119.46,119.52,119.47,eod,-0.07000000000000739,-0.0005856760374833282,-5.856760374833282,,
2010-11-04,1,930,959,122.19500000000001,122.22999999999999,122.185,122.24,eod,0.03499999999998238,0.0002864508736750205,2.864508736750205,,
2010-11-05,1,930,959,122.42500000000001,122.72999999999999,122.415,122.74,eod,0.3049999999999784,0.002491524731446133,24.91524731446133,,
2010-11-08,-1,930,959,122.53999999999999,122.55000000000001,122.55,122.54,eod,-0.010000000000019327,-8.159934720538006e-05,-0.8159934720538007,,
2010-11-11,-1,930,959,121.57,121.66000000000001,121.58,121.65,eod,-0.09000000000001762,-0.0007402533311401351,-7.402533311401351,,
2010-11-12,-1,930,959,120.11,120.21000000000001,120.12,120.2,eod,-0.10000000000000853,-0.0008325008325009034,-8.325008325009033,,
2010-11-16,-1,930,959,117.80999999999999,118.16000000000001,117.82,118.15,eod,-0.35000000000002274,-0.0029706331692414085,-29.706331692414086,,
2010-11-18,1,930,959,120.14,119.96,120.13,119.97,eod,-0.18000000000000682,-0.0014983767585116693,-14.983767585116693,,
2010-11-23,-1,930,959,118.3899,118.43,118.3999,118.42,eod,-0.04010000000000957,-0.0003386827184821066,-3.386827184821066,,
2010-11-24,1,930,959,120.13000000000001,120.17,120.12,120.18,eod,0.03999999999999204,0.00033300033300026676,3.3300033300026675,,
2010-11-26,-1,931,959,118.78999999999999,118.75,118.8,118.74,eod,0.03999999999999204,0.0003367003367002697,3.367003367002697,,
2010-11-30,-1,930,959,118.94,118.46000000000001,118.95,118.45,eod,0.47999999999998977,0.004035308953341654,40.353089533416544,,
2010-12-01,1,930,959,121.06,121.0,121.05,121.01,eod,-0.060000000000002274,-0.0004956629491945665,-4.956629491945665,,
2010-12-02,1,930,959,122.54,122.55999999999999,122.53,122.57,eod,0.01999999999998181,0.00016322533257146667,1.6322533257146667,,
2010-12-07,1,930,959,123.07000000000001,122.82,123.06,122.83,eod,-0.2500000000000142,-0.002031529335283717,-20.31529335283717,,
2010-12-08,1,930,959,123.055,123.24,123.045,123.25,eod,0.18499999999998806,0.0015035149741963352,15.035149741963352,,
2010-12-09,1,930,959,123.61,123.78,123.6,123.79,eod,0.1700000000000017,0.0013754045307443504,13.754045307443503,,
2010-12-10,1,930,959,124.49000000000001,124.5,124.48,124.51,eod,0.009999999999990905,8.03341902312894e-05,0.803341902312894,,
2010-12-13,1,930,959,124.92,124.53999999999999,124.91,124.55,eod,-0.38000000000000966,-0.003042190377071569,-30.42190377071569,,
2010-12-17,-1,930,959,124.2601,124.35000000000001,124.2701,124.34,eod,-0.0899000000000143,-0.0007234242186979354,-7.234242186979354,,
2010-12-20,1,930,959,124.605,124.56009999999999,124.595,124.5701,eod,-0.044900000000012597,-0.00036036759099492433,-3.6036759099492435,,
2010-12-21,1,930,959,125.33,125.35,125.32,125.36,eod,0.01999999999999602,0.0001595914458984681,1.595914458984681,,
2010-12-22,1,930,959,125.7,125.77,125.69,125.78,eod,0.06999999999999318,0.0005569257697509203,5.569257697509204,,
2010-12-29,1,930,959,126.16000000000001,125.92,126.15,125.93,eod,-0.2400000000000091,-0.0019024970273484668,-19.02497027348467,,
2011-03-14,-1,930,959,129.78,130.07999999999998,129.79,130.07,eod,-0.29999999999998295,-0.0023114261499343784,-23.114261499343783,,
2011-03-15,-1,930,959,129.04500000000002,128.64,129.055,128.63,eod,0.40500000000002956,0.003138196892797873,31.381968927978733,,
2011-03-16,-1,930,959,126.58,126.22,126.59,126.21,eod,0.35999999999999943,0.002843826526581874,28.43826526581874,,
2011-03-17,1,930,959,127.58,127.78999999999999,127.57,127.8,eod,0.20999999999999375,0.0016461550521281944,16.461550521281943,,
2011-03-21,1,930,959,129.53,129.715,129.52,129.725,eod,0.18500000000000227,0.0014283508338480719,14.283508338480718,,
2011-03-22,-1,930,959,129.39950000000002,129.31,129.4095,129.3,eod,0.08950000000001523,0.0006916030121437393,6.916030121437393,,
2011-03-24,1,930,959,131.01999999999998,130.89000000000001,131.01,130.9,eod,-0.12999999999996703,-0.000992290664834494,-9.92290664834494,,
2011-03-25,1,930,959,131.42,131.27,131.41,131.28,eod,-0.14999999999997726,-0.0011414656418840064,-11.414656418840064,,
2011-03-30,1,930,959,132.89999999999998,132.75,132.89,132.76,eod,-0.14999999999997726,-0.0011287531040708651,-11.287531040708652,,
2011-04-01,1,930,959,133.01999999999998,133.15,133.01,133.16,eod,0.13000000000002387,0.0009773701225473566,9.773701225473566,,
2011-06-23,-1,930,959,127.72999999999999,128.32,127.74,128.31,eod,-0.5900000000000034,-0.004618756849851287,-46.187568498512874,,
2011-06-24,-1,930,959,126.78,126.81,126.79,126.8,eod,-0.030000000000001137,-0.00023661172016721456,-2.3661172016721457,,
2011-06-27,1,930,959,128.26999999999998,127.94,128.26,127.95,eod,-0.3299999999999841,-0.00257289879931377,-25.728987993137697,,
2011-06-28,1,930,959,129.41,129.59,129.4,129.6,eod,0.18000000000000682,0.0013910355486862968,13.910355486862969,,
2011-06-29,1,930,959,130.67,130.73000000000002,130.66,130.74,eod,0.060000000000030695,0.00045920710240341875,4.592071024034188,,
2011-07-07,1,930,959,135.52009999999999,135.39000000000001,135.5101,135.4,eod,-0.13009999999997035,-0.0009600760386124013,-9.600760386124012,,
2011-07-08,-1,930,959,134.0,134.42,134.01,134.41,eod,-0.4199999999999875,-0.0031340944705618053,-31.340944705618053,,
2011-07-11,-1,930,959,131.96,132.0,131.97,131.99,eod,-0.03999999999999204,-0.00030309918920960857,-3.0309918920960857,,
2011-07-13,1,930,959,131.97,131.83,131.96,131.84,eod,-0.13999999999998636,-0.0010609275538040796,-10.609275538040796,,
2011-07-21,1,930,959,134.64999999999998,134.48000000000002,134.64,134.49,eod,-0.16999999999995907,-0.0012626262626259587,-12.626262626259587,,
2011-07-25,-1,930,959,133.92000000000002,133.85,133.93,133.84,eod,0.0700000000000216,0.000522661091615184,5.22661091615184,,
2011-07-29,-1,930,959,129.64000000000001,129.32999999999998,129.65,129.32,eod,0.3100000000000307,0.0023910528345548066,23.910528345548066,,
2011-08-04,-1,930,959,121.14099999999999,120.21000000000001,121.151,120.2,eod,0.9309999999999832,0.007684624972142064,76.84624972142063,,
2011-08-05,-1,930,959,119.16,120.04,119.17,120.03,eod,-0.8800000000000097,-0.0073844088277251795,-73.8440882772518,,
2011-08-08,-1,930,959,114.03999999999999,112.29,114.05,112.28,eod,1.7499999999999858,0.015344147303813992,153.44147303813992,,
2011-08-09,1,930,959,114.49000000000001,117.46,114.48,117.47,eod,2.9699999999999847,0.02594339622641496,259.4339622641496,,
2011-08-10,-1,930,959,113.83,112.26,113.84,112.25,eod,1.5699999999999932,0.013791286015460235,137.91286015460236,,
2011-08-11,1,930,959,118.21000000000001,117.32,118.2,117.33,eod,-0.8900000000000148,-0.00752961082910334,-75.29610829103339,,
2011-08-12,1,930,959,118.05000000000001,118.14999999999999,118.04,118.16,eod,0.0999999999999801,0.0008471704506945112,8.471704506945112,,
2011-08-15,1,930,959,120.22,120.66,120.21,120.67,eod,0.4399999999999977,0.0036602612095499357,36.60261209549936,,
2011-08-16,-1,930,959,120.05999999999999,119.58,120.07,119.57,eod,0.47999999999998977,0.003997668026984174,39.97668026984174,,
2011-08-18,-1,930,959,114.11999999999999,114.415,114.13,114.405,eod,-0.2950000000000159,-0.002584771751511574,-25.84771751511574,,
2011-08-22,1,930,959,113.19000000000001,112.75999999999999,113.18,112.77,eod,-0.43000000000002103,-0.003799257819402907,-37.99257819402907,,
2011-08-24,1,930,959,117.73,118.08,117.72,118.09,eod,0.3499999999999943,0.002973156642881365,29.73156642881365,,
2011-08-29,1,930,959,121.19000000000001,121.33999999999999,121.18,121.35,eod,0.14999999999997726,0.0012378280244262853,12.378280244262852,,
2011-09-02,-1,930,959,117.72999999999999,117.83,117.74,117.82,eod,-0.10000000000000853,-0.0008493290300663201,-8.493290300663201,,
2011-09-06,-1,930,959,115.97,117.03,115.98,117.02,eod,-1.0600000000000023,-0.009139506811519246,-91.39506811519246,,
2011-09-07,1,930,959,120.08,120.2799,120.07,120.2899,eod,0.19989999999999952,0.0016648621637378156,16.648621637378156,,
2011-09-08,-1,930,959,119.36,119.04,119.37,119.03,eod,0.3199999999999932,0.002680740554578145,26.807405545781453,,
2011-09-09,-1,930,959,115.38,115.9,115.39,115.89,eod,-0.5200000000000102,-0.004506456365369705,-45.06456365369705,,
2011-09-13,1,930,959,117.61,117.72999999999999,117.6,117.74,eod,0.11999999999999034,0.001020408163265224,10.20408163265224,,
2011-09-15,1,930,959,120.965,121.42999999999999,120.955,121.44,eod,0.4649999999999892,0.003844404943987344,38.44404943987344,,
2011-09-19,-1,930,959,120.53999999999999,120.33,120.55,120.32,eod,0.20999999999999375,0.0017420157610949295,17.420157610949296,,
2011-09-22,-1,930,959,111.78,112.91000000000001,111.79,112.9,eod,-1.1300000000000097,-0.010108238661776632,-101.08238661776632,,
2011-09-27,1,930,959,117.985,117.53999999999999,117.975,117.55,eod,-0.4450000000000074,-0.003771985590167471,-37.71985590167471,,
2011-09-30,-1,930,959,113.92,113.16000000000001,113.93,113.15,eod,0.7599999999999909,0.006670762749056358,66.70762749056358,,
2011-10-03,-1,930,959,110.35,109.93,110.36,109.92,eod,0.4199999999999875,0.0038057267125769074,38.05726712576907,,
2011-10-04,-1,930,959,109.17,112.33,109.18,112.32,eod,-3.1599999999999966,-0.02894302985894849,-289.4302985894849,,
2011-10-07,1,930,959,116.93,115.67,116.92,115.68,eod,-1.2600000000000051,-0.010776599384194365,-107.76599384194365,,
2011-10-10,1,930,959,118.4,119.58,118.39,119.59,eod,1.1799999999999926,0.009967058028549646,99.67058028549646,,
2011-10-12,1,930,959,121.39,120.69999999999999,121.38,120.71,eod,-0.6900000000000119,-0.005684626791893327,-56.84626791893327,,
2011-10-13,-1,930,959,120.21,120.49000000000001,120.22,120.48,eod,-0.28000000000001535,-0.002329063383796501,-23.290633837965007,,
2011-10-14,1,930,959,122.215,122.57,122.205,122.58,eod,0.35499999999998977,0.0029049547890838325,29.049547890838326,,
2011-10-17,-1,930,959,120.49,120.22,120.5,120.21,eod,0.269999999999996,0.002240663900414905,22.40663900414905,,
2011-10-21,1,930,959,123.48,123.94,123.47,123.95,eod,0.45999999999999375,0.0037256013606543595,37.2560136065436,,
2011-10-24,1,930,959,125.19000000000001,125.50139999999999,125.18,125.5114,eod,0.3113999999999777,0.0024876178303241546,24.876178303241545,,
2011-10-25,-1,930,959,123.52,123.07000000000001,123.53,123.06,eod,0.44999999999998863,0.0036428397960008795,36.428397960008795,,
2011-10-26,1,930,959,124.41000000000001,124.3,124.4,124.31,eod,-0.11000000000001364,-0.0008842443729904633,-8.842443729904634,,
2011-10-27,1,930,959,129.10999999999999,128.59,129.1,128.6,eod,-0.5199999999999818,-0.004027885360185762,-40.27885360185761,,
2011-10-31,-1,930,959,126.03999999999999,125.38000000000001,126.05,125.37,eod,0.6599999999999824,0.005236017453391371,52.360174533913714,,
2011-11-01,-1,930,959,122.49,122.02000000000001,122.5,122.01,eod,0.46999999999998465,0.0038367346938774256,38.367346938774254,,
2011-11-02,1,930,959,123.97,123.97999999999999,123.96,123.99,eod,0.009999999999990905,8.067118425291147e-05,0.8067118425291148,,
2011-11-03,1,930,959,126.23,126.25,126.22,126.26,eod,0.01999999999999602,0.00015845349389950896,1.5845349389950896,,
2011-11-04,-1,930,959,125.14,125.48,125.15,125.47,eod,-0.3400000000000034,-0.0027167399121055006,-27.167399121055006,,
2011-11-08,1,930,959,127.7,127.86,127.69,127.87,eod,0.1599999999999966,0.0012530346933980468,12.530346933980468,,
2011-11-09,-1,930,959,123.6,123.18,123.61,123.17,eod,0.4199999999999875,0.0033977833508614798,33.9778335086148,,
2011-11-10,1,930,959,124.36,124.24,124.35,124.25,eod,-0.12000000000000455,-0.0009650180940893008,-9.650180940893009,,
2011-11-11,1,930,959,126.65,126.67999999999999,126.64,126.69,eod,0.029999999999986926,0.00023689197725826694,2.3689197725826694,,
2011-11-14,-1,930,959,125.30999999999999,125.49000000000001,125.32,125.48,eod,-0.18000000000002103,-0.0014363230130866665,-14.363230130866665,,
2011-11-16,-1,930,959,124.795,124.10000000000001,124.805,124.09,eod,0.6949999999999932,0.005568687151956998,55.68687151956998,,
2011-11-17,-1,930,959,121.64,122.10000000000001,121.65,122.09,eod,-0.46000000000000796,-0.0037813399095767194,-37.813399095767195,,
2011-11-21,-1,930,959,120.03999999999999,119.67,120.05,119.66,eod,0.36999999999999034,0.0030820491461890074,30.820491461890075,,
2011-11-23,-1,930,959,117.05999999999999,116.64,117.07,116.63,eod,0.4199999999999875,0.003587597164089754,35.87597164089754,,
2011-11-28,1,930,959,119.04,119.69999999999999,119.03,119.71,eod,0.6599999999999824,0.005544820633453603,55.448206334536025,,
2011-11-29,1,930,959,120.35000000000001,120.02,120.34,120.03,eod,-0.3300000000000125,-0.0027422303473492813,-27.422303473492814,,
2011-11-30,1,930,959,124.35000000000001,125.07969999999999,124.34,125.0897,eod,0.7296999999999798,0.005868586134791538,58.68586134791538,,
2011-12-05,1,930,959,125.56,126.19999999999999,125.55,126.21,eod,0.6399999999999864,0.00509757068896843,50.975706889684304,,
2011-12-08,-1,930,959,124.75999999999999,123.98,124.77,123.97,eod,0.7799999999999869,0.006251502765087657,62.515027650876576,,
2011-12-09,1,930,959,126.22,126.02,126.21,126.03,eod,-0.20000000000000284,-0.001584660486490792,-15.84660486490792,,
2011-12-12,-1,930,959,123.83,124.2,123.84,124.19,eod,-0.37000000000000455,-0.002987726098191251,-29.87726098191251,,
2011-12-14,-1,930,959,121.94999999999999,121.75,121.96,121.74,eod,0.19999999999998863,0.0016398819285010548,16.39881928501055,,
2011-12-15,1,930,959,122.39,122.17899999999999,122.38,122.189,eod,-0.21100000000001273,-0.0017241379310345868,-17.241379310345867,,
2011-12-20,1,930,959,123.99000000000001,123.92,123.98,123.93,eod,-0.07000000000000739,-0.0005646071947088836,-5.646071947088836,,
2011-12-22,1,930,959,125.35000000000001,125.3,125.34,125.31,eod,-0.05000000000001137,-0.00039891495133246663,-3.989149513324666,,
2011-12-23,1,930,959,126.01,126.36999999999999,126.0,126.38,eod,0.3599999999999852,0.00285714285714274,28.5714285714274,,
2011-12-27,1,930,959,126.66000000000001,126.44999999999999,126.65,126.46,eod,-0.21000000000002217,-0.0016581129095935424,-16.581129095935424,,
2011-12-28,-1,930,959,124.77,124.97,124.78,124.96,eod,-0.20000000000000284,-0.0016028209648982436,-16.028209648982436,,
2011-12-29,1,930,959,126.015,126.14999999999999,126.005,126.16,eod,0.1349999999999909,0.0010713860561088124,10.713860561088124,,
2012-01-03,1,930,959,127.78200000000001,127.58,127.772,127.59,eod,-0.2020000000000124,-0.0015809410512476316,-15.809410512476315,,
2012-01-10,1,930,959,129.17,129.15,129.16,129.16,eod,-0.01999999999998181,-0.00015484670176511159,-1.548467017651116,,
2012-01-13,-1,930,959,128.78,128.95999999999998,128.79,128.95,eod,-0.1799999999999784,-0.0013976240391333054,-13.976240391333054,,
2012-01-18,1,930,959,130.73999999999998,130.77,130.73,130.78,eod,0.03000000000002956,0.00022948060888877504,2.2948060888877504,,
2012-01-19,1,930,959,131.42999999999998,131.47,131.42,131.48,eod,0.040000000000020464,0.0003043676761529483,3.043676761529483,,
2012-01-30,-1,930,959,131.3,131.37,131.31,131.36,eod,-0.06999999999999318,-0.0005330896352143263,-5.330896352143263,,
2012-02-01,1,930,959,132.68099999999998,132.44,132.671,132.45,eod,-0.24099999999998545,-0.001816523580887952,-18.16523580887952,,
2012-02-03,1,930,959,134.41,134.54000000000002,134.4,134.55,eod,0.13000000000002387,0.0009672619047620824,9.672619047620824,,
2012-02-10,-1,930,959,134.11,134.38,134.12,134.37,eod,-0.2699999999999818,-0.0020131225767967627,-20.131225767967628,,
2012-02-13,1,930,959,135.39999999999998,135.32000000000002,135.39,135.33,eod,-0.07999999999995566,-0.0005908855897773518,-5.908855897773519,,
2012-02-14,-1,930,959,134.31,135.23999999999998,134.32,135.23,eod,-0.9299999999999784,-0.006923764145324437,-69.23764145324436,,
2012-02-17,1,930,959,136.53,136.39000000000001,136.52,136.4,eod,-0.13999999999998636,-0.0010254907705829648,-10.254907705829648,,
2012-02-28,1,930,959,137.51999999999998,137.55,137.51,137.56,eod,0.03000000000002956,0.00021816595156737373,2.1816595156737373,,
2012-03-01,1,930,959,137.59,137.72,137.58,137.73,eod,0.12999999999999545,0.0009449047826718669,9.449047826718669,,
2012-03-05,-1,930,959,136.91500000000002,136.79999999999998,136.925,136.79,eod,0.11500000000003752,0.000839875844440661,8.39875844440661,,
2012-03-06,-1,930,959,134.57500000000002,134.70999999999998,134.585,134.7,eod,-0.13499999999996248,-0.0010030835531445739,-10.030835531445739,,
2012-03-07,1,930,959,135.78,135.71,135.77,135.72,eod,-0.06999999999999318,-0.0005155778154230918,-5.1557781542309185,,
2012-03-08,1,930,959,137.22,137.01000000000002,137.21,137.02,eod,-0.20999999999997954,-0.0015305006923692116,-15.305006923692115,,
2012-03-13,1,930,959,139.60999999999999,140.05,139.6,140.06,eod,0.44000000000002615,0.0031518624641835684,31.518624641835682,,
2012-03-16,-1,930,959,140.26000000000002,140.31,140.27,140.3,eod,-0.04999999999998295,-0.0003564554074284091,-3.5645540742840907,,
2012-03-20,-1,930,959,140.52,140.42999999999998,140.53,140.42,eod,0.09000000000003183,0.0006404326478334294,6.404326478334294,,
2012-03-22,-1,930,959,138.99,139.17999999999998,139.0,139.17,eod,-0.1899999999999693,-0.0013669064748199232,-13.669064748199231,,
2012-03-26,1,930,959,141.39,141.55,141.38,141.56,eod,0.160000000000025,0.001131701796576779,11.317017965767791,,
2012-03-29,-1,930,959,140.0,140.23,140.01,140.22,eod,-0.22999999999998977,-0.00164273980429962,-16.4273980429962,,
2012-03-30,1,930,959,140.84,140.71,140.83,140.72,eod,-0.12999999999999545,-0.0009230987715685255,-9.230987715685254,,
2012-04-04,-1,930,959,139.96,139.89,139.97,139.88,eod,0.0700000000000216,0.0005001071658214017,5.001071658214017,,
2012-04-09,-1,930,959,138.47,138.26,138.48,138.25,eod,0.21000000000000796,0.0015164644714038705,15.164644714038705,,
2012-04-11,1,930,959,136.89999999999998,136.93,136.89,136.94,eod,0.03000000000002956,0.00021915406530812742,2.191540653081274,,
2012-04-12,1,930,959,138.67,138.82000000000002,138.66,138.83,eod,0.1500000000000341,0.00108178277801842,10.8178277801842,,
2012-04-13,-1,930,959,137.64000000000001,137.14,137.65,137.13,eod,0.5000000000000284,0.003632401017072491,36.32401017072491,,
2012-04-17,1,930,959,139.35,139.08,139.34,139.09,eod,-0.2699999999999818,-0.001937706329840547,-19.37706329840547,,
2012-04-23,-1,930,959,136.76000000000002,136.78,136.77,136.77,eod,-0.01999999999998181,-0.00014623089858873883,-1.4623089858873883,,
2012-04-25,1,930,959,138.9715,139.18,138.9615,139.19,eod,0.208500000000015,0.001500415582733455,15.00415582733455,,
2012-04-30,-1,930,959,139.67000000000002,139.82999999999998,139.68,139.82,eod,-0.15999999999996817,-0.0011454753722792681,-11.454753722792681,,
2012-05-02,-1,930,959,140.18,140.35,140.19,140.34,eod,-0.1699999999999875,-0.0012126399885868287,-12.126399885868286,,
2012-05-04,-1,930,959,137.12,137.01,137.13,137.0,eod,0.11000000000001364,0.0008021585356961544,8.021585356961545,,
2012-05-08,-1,930,959,136.55,136.53,136.56,136.52,eod,0.020000000000010232,0.000146455770357427,1.46455770357427,,
2012-05-09,-1,930,959,135.79000000000002,135.73999999999998,135.8,135.73,eod,0.05000000000003979,0.0003681885125187024,3.681885125187024,,
2012-05-10,1,930,959,136.26999999999998,136.02,136.26,136.03,eod,-0.24999999999997158,-0.001834727726405193,-18.34727726405193,,
2012-05-14,-1,930,959,134.282,134.14999999999998,134.292,134.14,eod,0.13200000000003342,0.000982932713788114,9.82932713788114,,
2012-05-21,1,930,959,131.87,131.94,131.86,131.95,eod,0.06999999999999318,0.0005308660700742695,5.308660700742695,,
2012-05-23,-1,930,959,131.58,132.26999999999998,131.59,132.26,eod,-0.6899999999999693,-0.005243559540998323,-52.43559540998323,,
2012-05-29,1,930,959,133.38,133.679,133.37,133.689,eod,0.2990000000000066,0.0022418834820424876,22.418834820424877,,
2012-05-30,-1,930,959,132.02,131.79999999999998,132.03,131.79,eod,0.22000000000002728,0.0016662879648566787,16.662879648566786,,
2012-06-01,-1,930,959,128.305,128.23,128.315,128.22,eod,0.07500000000001705,0.0005844990842849008,5.8449908428490085,,
2012-06-06,1,930,959,131.35,132.0,131.34,132.01,eod,0.6500000000000057,0.004948987361047706,49.489873610477055,,
2012-06-13,-1,930,959,131.73000000000002,132.1,131.74,132.09,eod,-0.3699999999999761,-0.0028085623197204807,-28.085623197204807,,
2012-06-14,1,930,959,133.0,133.48000000000002,132.99,133.49,eod,0.4800000000000182,0.0036092939318747136,36.092939318747135,,
2012-06-19,1,930,959,135.85999999999999,135.69,135.85,135.7,eod,-0.1699999999999875,-0.001251380198748528,-12.513801987485278,,
2012-06-22,1,930,959,133.37,133.45000000000002,133.36,133.46,eod,0.0800000000000125,0.0005998800239952947,5.9988002399529465,,
2012-06-25,-1,930,959,131.49,131.29,131.5,131.28,eod,0.20000000000001705,0.0015209125475286467,15.209125475286466,,
2012-06-27,1,930,959,133.28,133.17000000000002,133.27,133.18,eod,-0.10999999999998522,-0.0008253920612289728,-8.253920612289729,,
2012-06-28,-1,930,959,131.94,132.79999999999998,131.95,132.79,eod,-0.8599999999999852,-0.006517620310723647,-65.17620310723647,,
2012-06-29,1,930,959,135.67999999999998,136.21,135.67,136.22,eod,0.5300000000000296,0.003906537922901376,39.06537922901376,,
2012-07-06,-1,930,959,135.47,135.53,135.48,135.52,eod,-0.060000000000002274,-0.00044286979627991053,-4.428697962799105,,
2012-07-13,1,930,959,135.7,135.69,135.69,135.7,eod,-0.009999999999990905,-7.369739848176657e-05,-0.7369739848176656,,
2012-07-20,-1,930,959,136.489,136.47,136.499,136.46,eod,0.019000000000005457,0.0001391951589389333,1.391951589389333,,
2012-07-23,-1,930,959,135.399,135.14,135.409,135.13,eod,0.25900000000001455,0.0019127236742019701,19.1272367420197,,
2012-07-24,-1,930,959,133.67000000000002,134.0,133.68,133.99,eod,-0.3299999999999841,-0.002468581687612089,-24.68581687612089,,
2012-07-26,1,930,959,136.14999999999998,136.09900000000002,136.14,136.109,eod,-0.0509999999999593,-0.0003746143675625041,-3.746143675625041,,
2012-07-27,1,930,959,138.97,138.69,138.96,138.7,eod,-0.28000000000000114,-0.0020149683362118676,-20.149683362118676,,
2012-08-02,-1,930,959,136.29000000000002,136.67,136.3,136.66,eod,-0.37999999999996703,-0.002787967718268283,-27.87967718268283,,
2012-08-03,1,930,959,139.34,139.34,139.33,139.35,eod,0.0,0.0,0.0,,
2012-08-06,1,930,959,140.04999999999998,139.62,140.04,139.63,eod,-0.4299999999999784,-0.0030705512710652557,-30.705512710652556,,
2012-08-07,1,930,959,140.51999999999998,140.28,140.51,140.29,eod,-0.23999999999998067,-0.0017080634830259817,-17.080634830259818,,
2012-08-23,-1,930,959,140.749,140.7,140.759,140.69,eod,0.049000000000006594,0.00034811273169038285,3.4811273169038284,,
2012-08-30,-1,930,959,140.73000000000002,140.48,140.74,140.47,eod,0.2500000000000284,0.0017763251385535625,17.763251385535625,,
2012-08-31,1,930,959,141.06,141.15,141.05,141.16,eod,0.09000000000000341,0.0006380716058135655,6.380716058135655,,
2012-09-06,1,930,959,143.48999999999998,143.73000000000002,143.48,143.74,eod,0.24000000000003752,0.0016727069974912011,16.727069974912013,,
2012-09-07,1,930,959,144.16,144.32000000000002,144.15,144.33,eod,0.160000000000025,0.0011099549080820325,11.099549080820326,,
2012-09-11,1,930,959,143.85999999999999,143.87,143.85,143.88,eod,0.010000000000019327,6.951685783816007e-05,0.6951685783816007,,
2012-09-26,-1,930,959,143.35000000000002,143.34,143.36,143.33,eod,0.010000000000019327,6.975446428584909e-05,0.6975446428584909,,
2012-09-27,1,930,959,144.7,144.68,144.69,144.69,eod,-0.01999999999998181,-0.00013822655332076722,-1.382265533207672,,
2012-09-28,-1,930,959,143.93,143.91,143.94,143.9,eod,0.020000000000010232,0.0001389467833820358,1.3894678338203579,,
2012-10-01,1,930,959,144.255,144.32000000000002,144.245,144.33,eod,0.06500000000002615,0.0004506222052759274,4.5062220527592745,,
2012-10-04,1,930,959,146.095,146.19,146.085,146.2,eod,0.09499999999999886,0.000650306328507368,6.50306328507368,,
2012-10-08,-1,930,959,145.72,145.64999999999998,145.73,145.64,eod,0.0700000000000216,0.0004803403554520113,4.803403554520113,,
2012-10-09,-1,930,959,144.3,144.22,144.31,144.21,eod,0.0800000000000125,0.000554362137066125,5.54362137066125,,
2012-10-11,1,930,959,143.74699999999999,143.39000000000001,143.737,143.4,eod,-0.3569999999999709,-0.0024837028739988377,-24.837028739988376,,
2012-10-16,1,930,959,145.35999999999999,145.56,145.35,145.57,eod,0.20000000000001705,0.0013759889920881806,13.759889920881806,,
2012-10-19,-1,930,959,143.45000000000002,143.35999999999999,143.46,143.35,eod,0.09000000000003183,0.0006273525721457677,6.273525721457677,,
2012-10-23,-1,930,959,141.63,141.41,141.64,141.4,eod,0.21999999999999886,0.0015532335498446687,15.532335498446686,,
2012-11-01,1,930,959,142.755,142.87,142.745,142.88,eod,0.1150000000000091,0.0008056324214509026,8.056324214509026,,
2012-11-06,1,930,959,142.95999999999998,142.91,142.95,142.92,eod,-0.04999999999998295,-0.00034977264777882443,-3.497726477788244,,
2012-11-07,-1,930,959,140.53,139.73,140.54,139.72,eod,0.8000000000000114,0.005692329585883104,56.92329585883104,,
2012-11-19,1,930,959,138.79999999999998,139.10000000000002,138.79,139.11,eod,0.3000000000000398,0.0021615390157795214,21.615390157795215,,
2012-11-29,1,930,959,142.0,142.13,141.99,142.14,eod,0.12999999999999545,0.000915557433622054,9.155574336220539,,
2012-12-11,1,930,959,143.32,143.42000000000002,143.31,143.43,eod,0.10000000000002274,0.0006977880120021125,6.9778801200211245,,
2012-12-14,-1,930,959,142.01000000000002,142.12,142.02,142.11,eod,-0.10999999999998522,-0.0007745387973523815,-7.7453879735238145,,
2012-12-17,1,930,959,143.25,143.76000000000002,143.24,143.77,eod,0.5100000000000193,0.003560457972633477,35.60457972633477,,
2012-12-21,-1,930,959,142.75,142.81,142.76,142.8,eod,-0.060000000000002274,-0.00042028579434016727,-4.202857943401673,,
2012-12-28,-1,930,959,140.705,139.95999999999998,140.715,139.95,eod,0.745000000000033,0.00529438936858212,52.943893685821195,,
2012-12-31,1,930,959,141.6,142.45000000000002,141.59,142.46,eod,0.8500000000000227,0.006003248817007012,60.03248817007012,,
2013-01-02,1,930,959,145.30499999999998,146.08,145.295,146.09,eod,0.7750000000000341,0.00533397570460122,53.339757046012195,,
2013-01-10,1,930,959,146.97,147.06,146.96,147.07,eod,0.09000000000000341,0.0006124115405552763,6.124115405552763,,
2013-01-17,1,930,959,148.2,147.91,148.19,147.92,eod,-0.28999999999999204,-0.0019569471624265606,-19.569471624265606,,
2013-01-25,1,930,959,150.105,150.19,150.095,150.2,eod,0.08500000000000796,0.0005663080049302638,5.663080049302638,,
2013-02-01,1,930,959,151.09,151.21,151.08,151.22,eod,0.12000000000000455,0.0007942811755361698,7.9428117553616975,,
2013-02-04,-1,930,959,149.93,149.54999999999998,149.94,149.54,eod,0.3800000000000239,0.0025343470721623574,25.343470721623575,,
2013-02-05,1,930,959,151.31,151.05,151.3,151.06,eod,-0.2599999999999909,-0.001718440185062729,-17.18440185062729,,
2013-02-08,1,930,959,151.67,151.77,151.66,151.78,eod,0.10000000000002274,0.0006593696426218037,6.593696426218036,,
2013-02-19,1,930,959,153.09,153.21,153.08,153.22,eod,0.12000000000000455,0.0007839038411288512,7.839038411288512,,
2013-02-20,-1,930,959,151.59,151.32,151.6,151.31,eod,0.27000000000001023,0.001781002638522495,17.810026385224948,,
2013-02-21,-1,930,959,150.83,150.42,150.84,150.41,eod,0.410000000000025,0.002718111906656225,27.18111906656225,,
2013-02-22,1,930,959,151.54999999999998,151.83,151.54,151.84,eod,0.28000000000002956,0.0018476969776958531,18.47696977695853,,
2013-02-26,1,930,959,149.95,150.0,149.94,150.01,eod,0.05000000000001137,0.0003334667200214177,3.334667200214177,,
2013-02-27,1,930,959,152.141,151.9,152.131,151.91,eod,-0.24099999999998545,-0.0015841610191215823,-15.841610191215823,,
2013-03-05,1,930,959,154.2301,154.3,154.2201,154.31,eod,0.06990000000001828,0.00045324831199057894,4.532483119905789,,
2013-03-14,1,930,959,156.565,156.72,156.555,156.73,eod,0.15500000000000114,0.0009900673884577376,9.900673884577376,,
2013-03-15,-1,930,959,155.64000000000001,155.85,155.65,155.84,eod,-0.20999999999997954,-0.0013491808544810763,-13.491808544810764,,
2013-03-18,-1,930,959,154.985,154.95999999999998,154.995,154.95,eod,0.025000000000034106,0.00016129552566233817,1.6129552566233816,,
2013-03-20,1,930,959,155.66,155.64000000000001,155.65,155.65,eod,-0.01999999999998181,-0.0001284934147123791,-1.2849341471237912,,
2013-03-21,-1,930,959,154.73000000000002,154.37,154.74,154.36,eod,0.36000000000001364,0.002326483132997374,23.264831329973738,,
2013-03-22,1,930,959,155.13,155.5,155.12,155.51,eod,0.37000000000000455,0.0023852501289324687,23.852501289324685,,
2013-03-26,1,930,959,156.07,156.13,156.06,156.14,eod,0.060000000000002274,0.0003844675124952087,3.844675124952087,,
2013-04-02,1,930,959,156.67999999999998,156.79000000000002,156.67,156.8,eod,0.11000000000004206,0.0007021127210062046,7.021127210062046,,
2013-04-05,-1,930,959,154.685,155.2,154.695,155.19,eod,-0.5149999999999864,-0.00332913151685566,-33.2913151685566,,
2013-04-10,1,930,959,158.66,158.69,158.65,158.7,eod,0.030000000000001137,0.00018909549322408532,1.8909549322408532,,
2013-04-12,-1,930,959,158.62,158.808,158.63,158.798,eod,-0.18799999999998818,-0.00118514782827957,-11.8514782827957,,
2013-04-15,-1,930,959,155.83,155.10999999999999,155.84,155.1,eod,0.7200000000000273,0.004620123203285596,46.20123203285596,,
2013-04-16,1,930,959,157.1,157.38,157.09,157.39,eod,0.28000000000000114,0.001782417722324789,17.82417722324789,,
2013-04-17,-1,930,959,155.247,155.07,155.257,155.06,eod,0.17700000000002092,0.0011400452153527436,11.400452153527436,,
2013-04-23,1,930,959,157.76999999999998,157.81,157.76,157.82,eod,0.040000000000020464,0.00025354969574049483,2.5354969574049484,,
2013-04-25,1,930,959,158.42999999999998,158.54000000000002,158.42,158.55,eod,0.11000000000004206,0.0006943567731349708,6.943567731349708,,
2013-04-29,1,930,959,159.38,159.32000000000002,159.37,159.33,eod,-0.05999999999997385,-0.0003764823994476617,-3.7648239944766173,,
2013-05-01,-1,930,959,158.25,158.2825,158.26,158.2725,eod,-0.03249999999999886,-0.00020535827119928514,-2.0535827119928514,,
2013-05-02,1,930,959,159.79,159.71,159.78,159.72,eod,-0.07999999999998408,-0.0005006884466139948,-5.006884466139948,,
2013-05-03,1,930,959,161.45999999999998,161.37,161.45,161.38,eod,-0.08999999999997499,-0.0005574481263547538,-5.574481263547538,,
2013-05-07,1,930,959,162.6,162.58,162.59,162.59,eod,-0.01999999999998181,-0.00012300879512873984,-1.2300879512873983,,
2013-05-14,1,930,959,164.98,165.26000000000002,164.97,165.27,eod,0.28000000000002956,0.001697278293023153,16.97278293023153,,
2013-05-17,1,930,959,166.91,166.96,166.9,166.97,eod,0.05000000000001137,0.00029958058717801896,2.9958058717801896,,
2013-05-21,1,930,959,167.35,167.18,167.34,167.19,eod,-0.1699999999999875,-0.001015895781044505,-10.15895781044505,,
2013-05-28,1,930,959,166.29,166.29000000000002,166.28,166.3,eod,2.842170943040401e-14,1.7092680677414005e-16,1.7092680677414004e-12,,
2013-05-29,-1,930,959,165.58,165.23,165.59,165.22,eod,0.35000000000002274,0.0021136542061720074,21.136542061720075,,
2013-05-30,1,930,959,166.19,165.81,166.18,165.82,eod,-0.37999999999999545,-0.0022866770971235735,-22.866770971235734,,
2013-06-05,-1,930,959,161.78,161.26999999999998,161.79,161.26,eod,0.5100000000000193,0.003152234377897394,31.522343778973937,,
2013-06-07,1,930,959,164.38,164.8,164.37,164.81,eod,0.4200000000000159,0.0025552108048915003,25.552108048915002,,
2013-06-11,-1,930,959,163.53,163.13,163.54,163.12,eod,0.4000000000000057,0.0024458847988260103,24.458847988260104,,
2013-06-17,1,930,959,164.03,164.44,164.02,164.45,eod,0.4099999999999966,0.002499695159126915,24.99695159126915,,
2013-06-20,-1,930,959,159.46,159.39,159.47,159.38,eod,0.0700000000000216,0.00043895403524187374,4.389540352418737,,
2013-06-24,-1,930,959,157.56,157.04,157.57,157.03,eod,0.5200000000000102,0.003300120581328998,33.00120581328998,,
2013-06-25,1,930,959,158.905,158.58,158.895,158.59,eod,-0.32499999999998863,-0.0020453758771515063,-20.453758771515062,,
2013-06-26,1,930,959,160.37,160.13,160.36,160.14,eod,-0.2400000000000091,-0.001496632576702476,-14.966325767024761,,
2013-06-27,1,930,959,161.39,161.12,161.38,161.13,eod,-0.2699999999999818,-0.0016730697732059848,-16.73069773205985,,
2013-07-01,1,930,959,161.51999999999998,161.34,161.51,161.35,eod,-0.1799999999999784,-0.0011144820754131533,-11.144820754131533,,
2013-07-05,1,930,959,162.38,162.99,162.37,163.0,eod,0.6100000000000136,0.0037568516351543613,37.568516351543614,,
2013-07-08,1,930,959,163.79999999999998,163.9,163.79,163.91,eod,0.10000000000002274,0.0006105378838758334,6.105378838758334,,
2013-07-09,1,930,959,165.25,165.08,165.24,165.09,eod,-0.1699999999999875,-0.0010288065843620641,-10.288065843620641,,
2013-07-11,1,930,959,167.42999999999998,167.42000000000002,167.42,167.43,eod,-0.009999999999962483,-5.973002030798282e-05,-0.5973002030798282,,
2013-07-17,1,930,959,167.95999999999998,167.95000000000002,167.95,167.96,eod,-0.009999999999962483,-5.954153021710321e-05,-0.5954153021710321,,
2013-07-18,1,930,959,168.89,168.88,168.88,168.89,eod,-0.009999999999990905,-5.921364282325264e-05,-0.5921364282325264,,
2013-07-31,1,930,959,169.45999999999998,168.60000000000002,169.45,168.61,eod,-0.8599999999999568,-0.005075243434641233,-50.75243434641233,,
2013-08-01,1,930,959,170.5,170.65,170.49,170.66,eod,0.15000000000000568,0.0008798169980644358,8.798169980644358,,
2013-08-06,-1,930,959,169.8,169.76,169.81,169.75,eod,0.040000000000020464,0.00023555738766869126,2.3555738766869125,,
2013-08-07,-1,930,959,169.33,169.20999999999998,169.34,169.2,eod,0.12000000000003297,0.0007086335183656133,7.086335183656133,,
2013-08-08,1,930,959,169.98,169.78,169.97,169.79,eod,-0.19999999999998863,-0.0011766782373359337,-11.766782373359337,,
2013-08-15,-1,930,959,166.31,166.35999999999999,166.32,166.35,eod,-0.04999999999998295,-0.00030062530062519813,-3.006253006251981,,
2013-08-22,1,930,959,166.08499999999998,165.98000000000002,166.075,165.99,eod,-0.10499999999996135,-0.0006322444678606735,-6.322444678606735,,
2013-08-27,-1,930,959,163.44500000000002,163.32999999999998,163.455,163.32,eod,0.11500000000003752,0.000703557554067098,7.035575540670981,,
2013-09-03,1,930,959,164.29999999999998,164.37,164.29,164.38,eod,0.0700000000000216,0.00042607584149991846,4.260758414999184,,
2013-09-04,1,930,959,165.75,165.75,165.74,165.76,eod,0.0,0.0,0.0,,
2013-09-09,1,930,959,167.57,167.63,167.56,167.64,eod,0.060000000000002274,0.0003580806875149336,3.580806875149336,,
2013-09-10,1,930,959,168.785,168.88,168.775,168.89,eod,0.09499999999999886,0.000562879573396527,5.62879573396527,,
2013-09-16,1,930,959,170.26,170.3,170.25,170.31,eod,0.040000000000020464,0.00023494860499277806,2.3494860499277808,,
2013-09-17,1,930,959,171.03,171.03,171.02,171.04,eod,0.0,0.0,0.0,,
2013-09-20,-1,930,959,170.69,170.72,170.7,170.71,eod,-0.030000000000001137,-0.00017574692442882917,-1.7574692442882918,,
2013-09-23,-1,930,959,169.81,169.94,169.82,169.93,eod,-0.12999999999999545,-0.0007655164291602607,-7.655164291602606,,
2013-09-27,-1,930,959,168.83,168.95,168.84,168.94,eod,-0.11999999999997613,-0.0007107320540154947,-7.107320540154947,,
2013-09-30,-1,930,959,167.85000000000002,168.01999999999998,167.86,168.01,eod,-0.16999999999995907,-0.0010127487191704937,-10.127487191704937,,
2013-10-02,-1,930,959,168.81,169.16,168.82,169.15,eod,-0.3499999999999943,-0.0020732140741617955,-20.732140741617954,,
2013-10-03,-1,930,959,168.0,167.67999999999998,168.01,167.67,eod,0.3200000000000216,0.0019046485328255557,19.046485328255557,,
2013-10-04,1,930,959,168.85,168.85000000000002,168.84,168.86,eod,2.842170943040401e-14,1.6833516601755513e-16,1.6833516601755512e-12,,
2013-10-07,-1,930,959,167.93,167.45999999999998,167.94,167.45,eod,0.4700000000000273,0.0027986185542457262,27.986185542457264,,
2013-10-10,1,930,959,169.04999999999998,169.15,169.04,169.16,eod,0.10000000000002274,0.0005915759583531871,5.91575958353187,,
2013-10-16,1,930,959,171.69,172.06,171.68,172.07,eod,0.37000000000000455,0.00215517241379313,21.5517241379313,,
2013-10-18,1,930,959,174.26,174.36,174.25,174.37,eod,0.10000000000002274,0.0005738880918222252,5.738880918222252,,
2013-10-22,1,930,959,175.67999999999998,175.42000000000002,175.67,175.43,eod,-0.2599999999999625,-0.0014800478169292566,-14.800478169292566,,
2013-10-23,-1,930,959,174.44,174.63,174.45,174.62,eod,-0.18999999999999773,-0.0010891372886213686,-10.891372886213686,,
2013-11-05,-1,930,959,176.44500000000002,176.32999999999998,176.455,176.32,eod,0.11500000000003752,0.0006517242356410275,6.517242356410275,,
2013-11-06,1,930,959,177.04,177.14000000000001,177.03,177.15,eod,0.10000000000002274,0.0005648760097159958,5.648760097159958,,
2013-11-21,1,930,959,179.98,179.87,179.97,179.88,eod,-0.10999999999998522,-0.0006112129799410191,-6.112129799410192,,
2013-11-27,1,930,959,181.14999999999998,181.13,181.14,181.14,eod,-0.01999999999998181,-0.00011041183614873475,-1.1041183614873475,,
2013-12-05,-1,930,959,178.98000000000002,179.0,178.99,178.99,eod,-0.01999999999998181,-0.00011173808592648645,-1.1173808592648644,,
2013-12-06,1,930,959,180.76,180.92000000000002,180.75,180.93,eod,0.160000000000025,0.0008852005532504841,8.85200553250484,,
2013-12-11,-1,930,959,178.9,178.69,178.91,178.68,eod,0.21000000000000796,0.001173774523503482,11.737745235034819,,
2013-12-16,1,930,959,179.315,179.19,179.305,179.2,eod,-0.125,-0.0006971361646356766,-6.971361646356766,,
2013-12-23,1,930,959,182.44,182.45000000000002,182.43,182.46,eod,0.010000000000019327,5.4815545688863273e-05,0.5481554568886328,,
2014-01-02,-1,930,959,182.98000000000002,182.95999999999998,182.99,182.95,eod,0.020000000000038654,0.00010929558992315784,1.0929558992315784,,
2014-01-03,1,930,959,183.37,182.79000000000002,183.36,182.8,eod,-0.5799999999999841,-0.003163176265270419,-31.63176265270419,,
2014-01-07,1,930,959,183.60999999999999,183.43,183.6,183.44,eod,-0.1799999999999784,-0.0009803921568626276,-9.803921568626276,,
2014-01-13,-1,930,959,181.73000000000002,181.73,181.74,181.72,eod,2.842170943040401e-14,1.563866481259162e-16,1.5638664812591619e-12,,
2014-01-14,1,930,959,183.745,183.67000000000002,183.735,183.68,eod,-0.07499999999998863,-0.00040819658747646677,-4.081965874764668,,
2014-01-15,1,930,959,184.63,184.66,184.62,184.67,eod,0.030000000000001137,0.00016249593760156612,1.6249593760156613,,
2014-01-16,-1,930,959,184.27,184.41,184.28,184.4,eod,-0.13999999999998636,-0.000759713479487662,-7.59713479487662,,
2014-01-17,-1,930,959,183.58,183.62,183.59,183.61,eod,-0.03999999999999204,-0.00021787679067483,-2.1787679067483,,
2014-01-21,1,930,959,183.95,184.18,183.94,184.19,eod,0.2300000000000182,0.0012504077416549864,12.504077416549864,,
2014-01-23,-1,930,959,182.38,182.79,182.39,182.78,eod,-0.4099999999999966,-0.0022479302593343747,-22.479302593343746,,
2014-01-24,-1,930,959,179.35000000000002,178.89999999999998,179.36,178.89,eod,0.4500000000000455,0.002508920606601502,25.08920606601502,,
2014-01-28,1,930,959,179.1001,179.06,179.0901,179.07,eod,-0.04009999999999536,-0.00022390964101307308,-2.2390964101307307,,
2014-01-29,-1,930,959,177.17000000000002,177.32999999999998,177.18,177.32,eod,-0.15999999999996817,-0.0009030364600968967,-9.030364600968968,,
2014-01-30,1,930,959,179.59,179.31,179.58,179.32,eod,-0.28000000000000114,-0.0015591936741285283,-15.591936741285284,,
2014-01-31,-1,930,959,178.46,178.10999999999999,178.47,178.1,eod,0.35000000000002274,0.0019611139127025425,19.611139127025425,,
2014-02-04,1,930,959,174.958,175.38,174.948,175.39,eod,0.42199999999999704,0.0024121453231817284,24.121453231817284,,
2014-02-06,1,930,959,177.291,177.41,177.281,177.42,eod,0.11899999999999977,0.0006712507262481584,6.712507262481584,,
2014-02-07,1,930,959,179.56,179.68,179.55,179.69,eod,0.12000000000000455,0.0006683375104427989,6.683375104427989,,
2014-02-24,1,930,959,185.265,184.98000000000002,185.255,184.99,eod,-0.28499999999996817,-0.0015384200156539267,-15.384200156539267,,
2014-02-25,-1,930,959,184.52,184.81,184.53,184.8,eod,-0.28999999999999204,-0.0015715601799165017,-15.715601799165016,,
2014-03-03,-1,930,959,184.59,184.94,184.6,184.93,eod,-0.3499999999999943,-0.0018959913326110202,-18.9599133261102,,
2014-03-04,1,930,959,187.85,187.68,187.84,187.69,eod,-0.1699999999999875,-0.000905025553662625,-9.050255536626251,,
2014-03-06,1,930,959,188.30499999999998,188.17000000000002,188.295,188.18,eod,-0.13499999999996248,-0.0007169600892215008,-7.1696008922150085,,
2014-03-17,1,930,959,186.45999999999998,186.33,186.45,186.34,eod,-0.12999999999996703,-0.0006972378653792815,-6.972378653792815,,
2014-03-18,1,930,959,187.70999999999998,187.68,187.7,187.69,eod,-0.029999999999972715,-0.0001598295151836586,-1.598295151836586,,
2014-03-25,1,930,959,186.37,186.33,186.36,186.34,eod,-0.03999999999999204,-0.00021463833440648228,-2.146383344064823,,
2014-03-28,1,930,959,185.33499999999998,185.47,185.325,185.48,eod,0.13500000000001933,0.0007284500202348271,7.284500202348271,,
2014-03-31,1,930,959,187.09,187.01000000000002,187.08,187.02,eod,-0.07999999999998408,-0.0004276245456488351,-4.276245456488351,,
2014-04-01,1,930,959,188.14999999999998,188.24,188.14,188.25,eod,0.09000000000003183,0.0004783671733816936,4.783671733816936,,
2014-04-14,1,930,959,182.0,182.94,181.99,182.95,eod,0.9399999999999977,0.0051651189625803486,51.65118962580348,,
2014-04-15,1,930,959,184.22,184.22,184.21,184.23,eod,0.0,0.0,0.0,,
2014-04-16,1,930,959,185.85,186.12,185.84,186.13,eod,0.27000000000001023,0.0014528626775721601,14.528626775721602,,
2014-04-22,1,930,959,188.0299,187.85000000000002,188.0199,187.86,eod,-0.17989999999997508,-0.0009568136138779729,-9.56813613877973,,
2014-04-25,-1,930,959,186.37,186.32,186.38,186.31,eod,0.05000000000001137,0.00026826912758885806,2.6826912758885806,,
2014-04-28,1,930,959,187.04,186.89000000000001,187.03,186.9,eod,-0.14999999999997726,-0.0008020103726673649,-8.020103726673648,,
2014-04-29,1,930,959,187.92,187.72,187.91,187.73,eod,-0.19999999999998863,-0.0010643393113724052,-10.643393113724052,,
2014-05-06,-1,930,959,187.04500000000002,186.82999999999998,187.055,186.82,eod,0.21500000000003183,0.0011493945630965856,11.493945630965856,,
2014-05-12,1,930,959,189.671,189.77,189.661,189.78,eod,0.09900000000001796,0.0005219839608565703,5.219839608565702,,
2014-05-15,-1,930,959,187.15,187.39,187.16,187.38,eod,-0.23999999999998067,-0.0012823252831800636,-12.823252831800636,,
2014-05-20,-1,930,959,187.5,187.54,187.51,187.53,eod,-0.03999999999999204,-0.00021332195616229557,-2.1332195616229557,,
2014-05-21,1,930,959,189.10999999999999,189.11,189.1,189.12,eod,2.842170943040401e-14,1.5029989122371236e-16,1.5029989122371235e-12,,
2014-05-27,1,930,959,191.45,191.53,191.44,191.54,eod,0.0800000000000125,0.0004178854993732371,4.178854993732371,,
2014-05-29,1,930,959,192.32999999999998,192.37,192.32,192.38,eod,0.040000000000020464,0.0002079866888520199,2.079866888520199,,
2014-06-06,1,930,959,195.345,195.37,195.335,195.38,eod,0.025000000000005684,0.00012798525609852656,1.2798525609852656,,
2014-06-11,-1,930,959,194.93,194.95,194.94,194.94,eod,-0.01999999999998181,-0.00010259567046261317,-1.0259567046261318,,
2014-06-12,-1,930,959,193.37,193.54,193.38,193.53,eod,-0.1699999999999875,-0.0008790981487226575,-8.790981487226574,,
2014-06-20,-1,930,959,195.835,195.95999999999998,195.845,195.95,eod,-0.12499999999997158,-0.0006382598483493149,-6.382598483493149,,
2014-07-01,1,930,959,197.30499999999998,197.05,197.295,197.06,eod,-0.25499999999996703,-0.0012924808028584964,-12.924808028584964,,
2014-07-07,-1,930,959,197.405,197.54999999999998,197.415,197.54,eod,-0.1449999999999818,-0.0007344933262415815,-7.3449332624158155,,
2014-07-08,-1,930,959,196.215,196.28,196.225,196.27,eod,-0.06499999999999773,-0.000331252388839331,-3.31252388839331,,
2014-07-10,-1,930,959,196.36,196.345,196.37,196.335,eod,0.01500000000001478,7.63864134033446e-05,0.7638641340334459,,
2014-07-14,1,930,959,197.54999999999998,197.58,197.54,197.59,eod,0.03000000000002956,0.00015186797610625474,1.5186797610625475,,
2014-07-16,1,930,959,198.07,197.96,198.06,197.97,eod,-0.10999999999998522,-0.0005553872563868788,-5.553872563868788,,
2014-07-18,1,930,959,197.70999999999998,197.71,197.7,197.72,eod,2.842170943040401e-14,1.4376180794336878e-16,1.4376180794336879e-12,,
2014-07-22,1,930,959,198.29999999999998,198.18,198.29,198.19,eod,-0.11999999999997613,-0.000605174239749741,-6.05174239749741,,
2014-07-25,-1,930,959,197.585,197.72,197.595,197.71,eod,-0.1349999999999909,-0.0006832156684126162,-6.832156684126162,,
2014-07-31,-1,930,959,193.18,193.06,193.19,193.05,eod,0.12000000000000455,0.0006211501630519413,6.211501630519413,,
2014-08-04,1,930,959,194.01299999999998,193.87,194.003,193.88,eod,-0.14299999999997226,-0.0007371020035771214,-7.371020035771213,,
2014-08-05,-1,930,959,191.68,191.98999999999998,191.69,191.98,eod,-0.30999999999997385,-0.0016171944285042197,-16.171944285042198,,
2014-08-11,1,930,959,193.885,193.78,193.875,193.79,eod,-0.10499999999998977,-0.0005415860735009144,-5.415860735009144,,
2014-08-13,1,930,959,194.77499999999998,194.9,194.765,194.91,eod,0.12500000000002842,0.0006417990912126328,6.417990912126328,,
2014-08-18,1,930,959,197.17499999999998,197.35000000000002,197.165,197.36,eod,0.1750000000000398,0.0008875814672991647,8.875814672991647,,
2014-08-19,1,930,959,198.47,198.38,198.46,198.39,eod,-0.09000000000000341,-0.00045349188753402906,-4.53491887534029,,
2014-08-25,1,930,959,200.07999999999998,200.16,200.07,200.17,eod,0.0800000000000125,0.0003998600489829185,3.998600489829185,,
2014-09-09,-1,930,959,199.27,199.34,199.28,199.33,eod,-0.06999999999999318,-0.00035126455238856474,-3.5126455238856473,,
2014-09-12,-1,930,959,199.065,199.13989999999998,199.075,199.1299,eod,-0.07489999999998531,-0.0003762401105110401,-3.762401105110401,,
2014-09-17,1,930,959,201.279,200.71,201.269,200.72,eod,-0.5689999999999884,-0.0028270622897713427,-28.270622897713427,,
2014-09-18,1,930,959,201.73,201.76000000000002,201.72,201.77,eod,0.03000000000002956,0.00014872099940526254,1.4872099940526253,,
2014-09-22,-1,930,959,199.04000000000002,199.14999999999998,199.05,199.14,eod,-0.1099999999999568,-0.000552624968600637,-5.52624968600637,,
2014-09-25,-1,930,959,196.49,196.32999999999998,196.5,196.32,eod,0.160000000000025,0.0008142493638678117,8.142493638678117,,
2014-10-01,-1,930,959,194.34,194.35,194.35,194.34,eod,-0.009999999999990905,-5.145356315920198e-05,-0.5145356315920198,,
2014-10-03,1,930,959,196.69,196.52,196.68,196.53,eod,-0.1699999999999875,-0.0008643481797843578,-8.643481797843577,,
2014-10-07,-1,930,959,193.92000000000002,193.26999999999998,193.93,193.26,eod,0.6500000000000341,0.0033517248491725577,33.517248491725574,,
2014-10-09,-1,930,959,193.21200000000002,192.69,193.222,192.68,eod,0.5220000000000198,0.0027015557234684445,27.015557234684444,,
2014-10-15,-1,930,959,185.82000000000002,186.29999999999998,185.83,186.29,eod,-0.47999999999996135,-0.002583005973201105,-25.83005973201105,,
2014-10-17,1,930,959,188.73,188.53,188.72,188.54,eod,-0.19999999999998863,-0.0010597710894446196,-10.597710894446196,,
2014-10-21,1,930,959,194.165,194.04000000000002,194.155,194.05,eod,-0.12499999999997158,-0.0006438155082278158,-6.438155082278158,,
2014-10-23,1,930,959,194.95,194.94,194.94,194.95,eod,-0.009999999999990905,-5.129783523130658e-05,-0.5129783523130659,,
2014-10-28,1,930,959,198.13,198.36,198.12,198.37,eod,0.2300000000000182,0.0011609125782355047,11.609125782355047,,
2014-10-31,1,930,959,201.295,201.65,201.285,201.66,eod,0.3550000000000182,0.0017636684303351873,17.636684303351874,,
2014-11-05,1,930,959,202.10999999999999,202.36,202.1,202.37,eod,0.2500000000000284,0.0012370113805048413,12.370113805048414,,
2014-11-18,1,930,959,205.82,205.54000000000002,205.81,205.55,eod,-0.2799999999999727,-0.0013604781108788335,-13.604781108788336,,
2014-11-19,-1,930,959,205.10000000000002,205.2,205.11,205.19,eod,-0.0999999999999659,-0.0004875432694649987,-4.875432694649987,,
2014-11-21,1,930,959,206.66,206.67000000000002,206.65,206.68,eod,0.010000000000019327,4.839099927422853e-05,0.4839099927422853,,
2014-11-24,1,930,959,207.13,207.27,207.12,207.28,eod,0.14000000000001478,0.0006759366550792525,6.7593665507925245,,
2014-12-01,-1,930,959,206.13,205.81,206.14,205.8,eod,0.3199999999999932,0.001552343067817955,15.52343067817955,,
2014-12-02,1,930,959,207.07999999999998,207.08,207.07,207.09,eod,2.842170943040401e-14,1.3725652885692765e-16,1.3725652885692765e-12,,
2014-12-03,1,930,959,208.03,207.9,208.02,207.91,eod,-0.12999999999999545,-0.0006249399096240528,-6.249399096240528,,
2014-12-04,-1,930,959,207.21,207.67,207.22,207.66,eod,-0.45999999999997954,-0.0022198629475918327,-22.198629475918327,,
2014-12-05,1,930,959,208.01999999999998,207.99,208.01,208.0,eod,-0.029999999999972715,-0.00014422383539239804,-1.4422383539239805,,
2014-12-09,-1,930,959,206.10000000000002,206.47,206.11,206.46,eod,-0.3699999999999761,-0.0017951579253795357,-17.95157925379536,,
2014-12-10,-1,930,959,203.85500000000002,203.17999999999998,203.865,203.17,eod,0.6750000000000398,0.0033110146420427234,33.110146420427235,,
2014-12-11,1,930,959,205.029,204.16,205.019,204.17,eod,-0.8689999999999998,-0.0042386315414668875,-42.38631541466887,,
2014-12-12,-1,930,959,202.23000000000002,200.88,202.24,200.87,eod,1.3500000000000227,0.006675237341772264,66.75237341772264,,
2014-12-17,1,930,959,201.685,201.89000000000001,201.675,201.9,eod,0.2050000000000125,0.0010164869220280774,10.164869220280774,,
2014-12-18,1,930,959,205.725,206.79000000000002,205.715,206.8,eod,1.0650000000000261,0.005177065357412081,51.77065357412081,,
2015-01-05,-1,930,959,201.74,201.81,201.75,201.8,eod,-0.06999999999999318,-0.00034696406443614957,-3.4696406443614958,,
2015-01-07,1,930,959,202.1,202.33,202.09,202.34,eod,0.2300000000000182,0.0011381067841061813,11.381067841061814,,
2015-01-08,1,930,959,206.06,205.91,206.05,205.92,eod,-0.15000000000000568,-0.0007279786459597461,-7.279786459597461,,
2015-01-09,-1,930,959,204.59,204.19,204.6,204.18,eod,0.4000000000000057,0.001955034213098757,19.55034213098757,,
2015-01-12,-1,930,959,202.37,202.63,202.38,202.62,eod,-0.2599999999999909,-0.001284711928056087,-12.84711928056087,,
2015-01-14,-1,930,959,200.75,200.91,200.76,200.9,eod,-0.1599999999999966,-0.0007969715082685625,-7.9697150826856245,,
2015-01-15,-1,930,959,199.76000000000002,199.03,199.77,199.02,eod,0.7300000000000182,0.0036542023326826757,36.54202332682676,,
2015-01-27,-1,930,959,202.9,202.76,202.91,202.75,eod,0.14000000000001478,0.0006899610664827499,6.899610664827499,,
2015-01-30,-1,930,959,200.32500000000002,199.45,200.335,199.44,eod,0.8750000000000284,0.004367684129083926,43.67684129083926,,
2015-02-03,1,930,959,204.42999999999998,204.79000000000002,204.42,204.8,eod,0.36000000000004206,0.001761080129146082,17.61080129146082,,
2015-02-05,1,930,959,206.13,206.17000000000002,206.12,206.18,eod,0.040000000000020464,0.00019406171162439581,1.940617116243958,,
2015-02-10,1,930,959,206.9999,206.8,206.9899,206.81,eod,-0.1998999999999853,-0.0009657476041100813,-9.657476041100812,,
2015-02-12,1,930,959,208.85,208.88500000000002,208.84,208.895,eod,0.03500000000002501,0.0001675924152462412,1.675924152462412,,
2015-02-23,-1,930,959,210.721,211.22,210.731,211.21,eod,-0.4989999999999952,-0.002367947762787607,-23.67947762787607,,
2015-02-26,-1,930,959,211.20000000000002,211.42,211.21,211.41,eod,-0.21999999999997044,-0.001041617347663323,-10.41617347663323,,
2015-03-02,1,930,959,211.82999999999998,211.99,211.82,212.0,eod,0.160000000000025,0.0007553583231046408,7.553583231046408,,
2015-03-03,-1,930,959,211.09,211.14999999999998,211.1,211.14,eod,-0.05999999999997385,-0.0002842254855517473,-2.842254855517473,,
2015-03-04,-1,930,959,210.19,210.23999999999998,210.2,210.23,eod,-0.04999999999998295,-0.00023786869647946218,-2.3786869647946216,,
2015-03-06,-1,930,959,207.45000000000002,207.48999999999998,207.46,207.48,eod,-0.03999999999996362,-0.0001928082521930185,-1.928082521930185,,
2015-03-09,1,930,959,208.495,208.37,208.485,208.38,eod,-0.125,-0.0005995635177590714,-5.995635177590714,,
2015-03-10,-1,930,959,205.43,204.98999999999998,205.44,204.98,eod,0.44000000000002615,0.0021417445482867317,21.41744548286732,,
2015-03-12,1,930,959,207.04,207.10000000000002,207.03,207.11,eod,0.060000000000030695,0.00028981307056963096,2.8981307056963095,,
2015-03-13,-1,930,959,205.47,205.85,205.48,205.84,eod,-0.37999999999999545,-0.0018493284017909064,-18.493284017909065,,
2015-03-16,1,930,959,208.48,208.64000000000001,208.47,208.65,eod,0.160000000000025,0.0007674965222815034,7.674965222815034,,
2015-03-30,1,930,959,208.42,208.25,208.41,208.26,eod,-0.1699999999999875,-0.0008156998224652728,-8.156998224652728,,
2015-03-31,-1,930,959,206.63,206.45,206.64,206.44,eod,0.18000000000000682,0.0008710801393728554,8.710801393728554,,
2015-04-01,-1,930,959,205.26000000000002,205.76999999999998,205.27,205.76,eod,-0.5099999999999625,-0.002484532566862973,-24.84532566862973,,
2015-04-02,1,930,959,206.39999999999998,206.37,206.39,206.38,eod,-0.029999999999972715,-0.00014535587964519946,-1.4535587964519947,,
2015-04-15,1,930,959,210.875,210.44,210.865,210.45,eod,-0.4350000000000023,-0.002062931259336553,-20.629312593365533,,
2015-04-17,-1,930,959,207.625,207.94,207.635,207.93,eod,-0.3149999999999977,-0.0015170852698244406,-15.170852698244406,,
2015-04-20,1,930,959,210.01999999999998,209.84,210.01,209.85,eod,-0.1799999999999784,-0.0008571020427597658,-8.571020427597658,,
2015-04-29,-1,930,959,210.60000000000002,210.56,210.61,210.55,eod,0.040000000000020464,0.00018992450500935598,1.8992450500935598,,
2015-04-30,-1,930,959,207.97,208.47,207.98,208.46,eod,-0.5,-0.0024040773151264546,-24.040773151264546,,
2015-05-01,1,930,959,210.289,210.68,210.279,210.69,eod,0.39100000000001955,0.0018594343705268693,18.59434370526869,,
2015-05-04,1,930,959,211.625,211.33,211.615,211.34,eod,-0.2949999999999875,-0.001394041065141826,-13.94041065141826,,
2015-05-05,-1,930,959,209.09,208.91,209.1,208.9,eod,0.18000000000000682,0.0008608321377331747,8.608321377331746,,
2015-05-06,-1,930,959,207.45000000000002,208.04,207.46,208.03,eod,-0.589999999999975,-0.0028439217198494887,-28.439217198494887,,
2015-05-08,1,930,959,211.51,211.61,211.5,211.62,eod,0.10000000000002274,0.0004728132387707931,4.728132387707931,,
2015-05-14,1,930,959,212.20499999999998,212.20000000000002,212.195,212.21,eod,-0.004999999999967031,-2.3563231932736544e-05,-0.23563231932736545,,
2015-05-26,-1,930,959,210.60000000000002,210.73999999999998,210.61,210.73,eod,-0.13999999999995794,-0.0006647357675322062,-6.647357675322062,,
2015-05-27,1,930,959,212.73999999999998,212.67000000000002,212.73,212.68,eod,-0.06999999999996476,-0.0003290556103979916,-3.2905561039799163,,
2015-05-29,-1,930,959,211.53,211.10999999999999,211.54,211.1,eod,0.4200000000000159,0.0019854401058902143,19.854401058902145,,
2015-06-03,1,930,959,211.85,211.92000000000002,211.84,211.93,eod,0.0700000000000216,0.0003304380664653588,3.304380664653588,,
2015-06-04,-1,930,959,209.89000000000001,210.23,209.9,210.22,eod,-0.339999999999975,-0.0016198189614100762,-16.198189614100762,,
2015-06-05,-1,930,959,209.75,209.79999999999998,209.76,209.79,eod,-0.04999999999998295,-0.0002383676582760438,-2.383676582760438,,
2015-06-08,-1,930,959,208.86,208.48,208.87,208.47,eod,0.3800000000000239,0.0018193134485566327,18.19313448556633,,
2015-06-10,1,930,959,211.19,210.94,211.18,210.95,eod,-0.25,-0.0011838242257789563,-11.838242257789563,,
2015-06-11,1,930,959,211.60999999999999,211.59,211.6,211.6,eod,-0.01999999999998181,-9.451795841201234e-05,-0.9451795841201234,,
2015-06-12,-1,930,959,210.06,210.01,210.07,210.0,eod,0.05000000000001137,0.00023801589946213818,2.380158994621382,,
2015-06-15,-1,930,959,208.895,209.1,208.905,209.09,eod,-0.20499999999998408,-0.000981307292788512,-9.81307292788512,,
2015-06-17,1,930,959,211.04,210.61,211.03,210.62,eod,-0.4299999999999784,-0.0020376249822299125,-20.376249822299126,,
2015-06-18,1,930,959,213.04999999999998,212.74,213.04,212.75,eod,-0.30999999999997385,-0.001455125797972089,-14.55125797972089,,
2015-06-19,-1,930,959,210.61,210.45999999999998,210.62,210.45,eod,0.1500000000000341,0.000712183078530216,7.12183078530216,,
2015-06-22,1,930,959,211.98999999999998,211.89000000000001,211.98,211.9,eod,-0.0999999999999659,-0.0004717426172278795,-4.717426172278795,,
2015-06-29,-1,930,959,205.982,205.45,205.992,205.44,eod,0.5320000000000107,0.0025826245679444384,25.826245679444384,,
2015-06-30,1,930,959,206.06,205.88,206.05,205.89,eod,-0.18000000000000682,-0.0008735743751516953,-8.735743751516953,,
2015-07-01,1,930,959,207.315,207.51000000000002,207.305,207.52,eod,0.1950000000000216,0.000940643013916797,9.40643013916797,,
2015-07-06,-1,930,959,206.14000000000001,206.70999999999998,206.15,206.7,eod,-0.5699999999999648,-0.0027649769585251747,-27.649769585251747,,
2015-07-08,-1,930,959,204.4,204.48999999999998,204.41,204.48,eod,-0.08999999999997499,-0.0004402915708623599,-4.402915708623599,,
2015-07-09,1,930,959,205.45,204.88,205.44,204.89,eod,-0.5699999999999932,-0.0027745327102803407,-27.745327102803408,,
2015-07-10,1,930,959,207.75,207.45000000000002,207.74,207.46,eod,-0.29999999999998295,-0.001444112833349297,-14.44112833349297,,
2015-07-13,1,930,959,209.80499999999998,209.75,209.795,209.76,eod,-0.0549999999999784,-0.0002621606806643552,-2.6216068066435523,,
2015-07-16,1,930,959,212.22,212.24,212.21,212.25,eod,0.020000000000010232,9.42462654917781e-05,0.942462654917781,,
2015-07-27,-1,930,959,206.52,206.76999999999998,206.53,206.76,eod,-0.24999999999997158,-0.0012104778966734691,-12.104778966734692,,
2015-07-28,1,930,959,209.12,209.29000000000002,209.11,209.3,eod,0.17000000000001592,0.0008129692506337138,8.129692506337138,,
2015-08-05,1,930,959,210.25,210.08,210.24,210.09,eod,-0.1699999999999875,-0.0008085996955859374,-8.085996955859374,,
2015-08-06,-1,930,959,208.21,208.48,208.22,208.47,eod,-0.2699999999999818,-0.0012967054077417243,-12.967054077417243,,
2015-08-10,1,930,959,210.44,210.57000000000002,210.43,210.58,eod,0.13000000000002387,0.0006177826355558802,6.1778263555588016,,
2015-08-11,-1,930,959,208.52,208.64,208.53,208.63,eod,-0.11999999999997613,-0.0005754567688101286,-5.754567688101286,,
2015-08-19,-1,930,959,208.57000000000002,208.32999999999998,208.58,208.32,eod,0.24000000000003752,0.0011506376450284663,11.506376450284664,,
2015-08-20,-1,930,959,204.91,203.92,204.92,203.91,eod,0.9900000000000091,0.004831153620925284,48.311536209252836,,
2015-08-21,-1,930,959,198.51000000000002,197.54999999999998,198.52,197.54,eod,0.9600000000000364,0.0048357848075762455,48.357848075762455,,
2015-08-24,-1,930,959,188.69500000000002,189.48999999999998,188.705,189.48,eod,-0.7949999999999591,-0.004212924935746053,-42.12924935746054,,
2015-08-25,1,930,959,190.81,187.23000000000002,190.8,187.24,eod,-3.579999999999984,-0.01876310272536679,-187.63102725366792,,
2015-08-26,1,930,959,193.23,194.55,193.22,194.56,eod,1.3200000000000216,0.0068315909326157834,68.31590932615784,,
2015-08-27,1,930,959,197.37,199.27,197.36,199.28,eod,1.9000000000000057,0.009627077421970031,96.27077421970031,,
2015-08-31,-1,930,959,197.48000000000002,197.60999999999999,197.49,197.6,eod,-0.12999999999996703,-0.0006582611777809865,-6.5826117778098645,,
2015-09-01,-1,930,959,191.88,191.62,191.89,191.61,eod,0.2599999999999909,0.0013549429360570687,13.549429360570686,,
2015-09-02,1,930,959,194.12,195.45000000000002,194.11,195.46,eod,1.3300000000000125,0.006851785070321016,68.51785070321016,,
2015-09-04,-1,930,959,192.62,192.57,192.63,192.56,eod,0.05000000000001137,0.0002595649691118277,2.5956496911182767,,
2015-09-08,1,930,959,197.09,197.5,197.08,197.51,eod,0.4099999999999966,0.0020803734524050973,20.803734524050974,,
2015-09-18,-1,930,959,195.53,195.42999999999998,195.54,195.42,eod,0.10000000000002274,0.0005114043162525454,5.114043162525454,,
2015-09-21,1,930,959,196.59,196.45000000000002,196.58,196.46,eod,-0.13999999999998636,-0.0007121782480414404,-7.121782480414404,,
2015-09-22,-1,930,959,193.715,193.89,193.725,193.88,eod,-0.17499999999998295,-0.0009033423667569129,-9.03342366756913,,
2015-09-28,-1,930,959,187.81,187.94,187.82,187.93,eod,-0.12999999999999545,-0.0006921520604834175,-6.921520604834175,,
2015-09-30,1,930,959,191.1701,191.66,191.1601,191.67,eod,0.4899000000000058,0.0025627732984027825,25.627732984027826,,
2015-10-05,1,930,959,198.45999999999998,198.49,198.45,198.5,eod,0.03000000000002956,0.00015117157974315728,1.511715797431573,,
2015-10-07,1,930,959,198.765,199.44,198.755,199.45,eod,0.6750000000000114,0.003396140977585527,33.96140977585527,,
2015-10-15,1,930,959,202.23,202.32000000000002,202.22,202.33,eod,0.09000000000003183,0.0004450598358225291,4.4505983582252915,,
2015-10-22,1,930,959,205.38,205.21,205.37,205.22,eod,-0.1699999999999875,-0.0008277742610896796,-8.277742610896796,,
2015-10-23,1,930,959,207.32999999999998,207.5,207.32,207.51,eod,0.17000000000001592,0.0008199884236929188,8.199884236929188,,
2015-10-28,1,930,959,208.16,208.95000000000002,208.15,208.96,eod,0.7900000000000205,0.0037953398991113162,37.95339899111316,,
2015-11-02,1,930,959,210.56,210.36,210.55,210.37,eod,-0.19999999999998863,-0.0009498931370220309,-9.498931370220308,,
2015-11-09,-1,930,959,207.69,208.07,207.7,208.06,eod,-0.37999999999999545,-0.0018295618680789383,-18.29561868078938,,
2015-11-12,-1,930,959,205.59,204.89999999999998,205.6,204.89,eod,0.6900000000000261,0.0033560311284047965,33.56031128404796,,
2015-11-13,-1,930,959,202.54000000000002,202.54999999999998,202.55,202.54,eod,-0.009999999999962483,-4.93705257959145e-05,-0.493705257959145,,
2015-11-16,1,930,959,205.38,205.59,205.37,205.6,eod,0.21000000000000796,0.0010225446754638357,10.225446754638357,,
2015-11-18,1,930,959,208.19,208.70000000000002,208.18,208.71,eod,0.5100000000000193,0.0024498030550486084,24.498030550486085,,
2015-11-20,1,930,959,209.15099999999998,209.34,209.141,209.35,eod,0.18900000000002137,0.0009036965492180939,9.03696549218094,,
2015-12-01,1,930,959,210.32,210.73000000000002,210.31,210.74,eod,0.410000000000025,0.0019495031144502164,19.495031144502164,,
2015-12-04,1,930,959,209.70999999999998,209.62,209.7,209.63,eod,-0.08999999999997499,-0.00042918454935610394,-4.2918454935610395,,
2015-12-07,-1,930,959,207.875,208.29999999999998,207.885,208.29,eod,-0.42499999999998295,-0.0020443995478268417,-20.443995478268416,,
2015-12-08,-1,930,959,206.74,206.97,206.75,206.96,eod,-0.22999999999998977,-0.0011124546553808452,-11.124546553808452,,
2015-12-11,-1,930,959,201.86,201.85999999999999,201.87,201.85,eod,2.842170943040401e-14,1.4079214063706348e-16,1.4079214063706348e-12,,
2015-12-15,1,930,959,205.1,205.08,205.09,205.09,eod,-0.01999999999998181,-9.751816275772495e-05,-0.9751816275772495,,
2015-12-16,1,930,959,207.89999999999998,207.97,207.89,207.98,eod,0.0700000000000216,0.00033671653278186353,3.3671653278186353,,
2015-12-18,-1,930,959,200.75,199.97,200.76,199.96,eod,0.7800000000000011,0.0038852361028093303,38.852361028093306,,
2015-12-23,1,930,959,205.815,206.01000000000002,205.805,206.02,eod,0.1950000000000216,0.0009474988459951002,9.474988459951001,,
2015-12-29,1,930,959,207.64999999999998,207.42000000000002,207.64,207.43,eod,-0.22999999999996135,-0.0011076863802733643,-11.076863802733643,,
2015-12-31,-1,930,959,204.5,203.94,204.51,203.93,eod,0.5600000000000023,0.0027382524081952095,27.382524081952095,,
2016-01-04,-1,930,959,199.2065,201.0,199.2165,200.99,eod,-1.7934999999999945,-0.009002768344991478,-90.02768344991478,,
2016-01-06,-1,930,959,198.49,198.79999999999998,198.5,198.79,eod,-0.30999999999997385,-0.0015617128463474754,-15.617128463474755,,
2016-01-07,-1,930,959,193.61,194.01999999999998,193.62,194.01,eod,-0.40999999999996817,-0.0021175498398924085,-21.175498398924084,,
2016-01-12,1,930,959,193.35,193.61,193.34,193.62,eod,0.2600000000000193,0.0013447812144409812,13.447812144409813,,
2016-01-15,-1,930,959,187.905,187.79,187.915,187.78,eod,0.1150000000000091,0.0006119788202113141,6.119788202113141,,
2016-01-22,1,930,959,190.2,190.48000000000002,190.19,190.49,eod,0.28000000000002956,0.0014722119985279435,14.722119985279434,,
2016-01-29,1,930,959,193.19,193.68,193.18,193.69,eod,0.4900000000000091,0.002536494461124387,25.36494461124387,,
2016-02-02,-1,930,959,189.97,190.14,189.98,190.13,eod,-0.1699999999999875,-0.0008948310348457075,-8.948310348457074,,
2016-02-05,-1,930,959,187.84,187.95999999999998,187.85,187.95,eod,-0.11999999999997613,-0.000638807559222657,-6.388075592226571,,
2016-02-08,-1,930,959,184.33010000000002,185.38,184.3401,185.37,eod,-1.0498999999999796,-0.005695450962649904,-56.95450962649904,,
2016-02-11,-1,930,959,183.285,183.07,183.295,183.06,eod,0.2150000000000034,0.0011729725306200574,11.729725306200574,,
2016-02-12,1,930,959,186.60999999999999,186.63,186.6,186.64,eod,0.020000000000010232,0.00010718113612009771,1.0718113612009772,,
2016-02-16,1,930,959,189.69,189.76000000000002,189.68,189.77,eod,0.0700000000000216,0.0003690425980600042,3.6904259806000423,,
2016-02-17,1,930,959,192.80499999999998,192.86,192.795,192.87,eod,0.05500000000003524,0.0002852771078089953,2.852771078089953,,
2016-02-22,1,930,959,194.51,194.78,194.5,194.79,eod,0.27000000000001023,0.001388174807197996,13.88174807197996,,
2016-03-01,1,930,959,197.88989999999998,198.17000000000002,197.8799,198.18,eod,0.2801000000000329,0.001415505061403573,14.15505061403573,,
2016-03-08,-1,930,959,198.55,198.37,198.56,198.36,eod,0.18000000000000682,0.0009065269943594219,9.065269943594219,,
2016-03-09,1,930,959,199.07999999999998,199.41,199.07,199.42,eod,0.3300000000000125,0.0016577083437987266,16.577083437987266,,
2016-03-11,1,930,959,202.6,202.72,202.59,202.73,eod,0.12000000000000455,0.0005923293351103438,5.923293351103438,,
2016-03-23,-1,930,959,203.19,203.25,203.2,203.24,eod,-0.060000000000002274,-0.0002952755905511923,-2.952755905511923,,
2016-03-30,1,930,959,206.445,206.06,206.435,206.07,eod,-0.3849999999999909,-0.0018649938237217086,-18.649938237217086,,
2016-04-05,-1,930,959,204.49,204.2,204.5,204.19,eod,0.29000000000002046,0.0014180929095355525,14.180929095355525,,
2016-04-07,-1,930,959,203.72,203.95,203.73,203.94,eod,-0.22999999999998977,-0.001128945172532223,-11.28945172532223,,
2016-04-13,1,930,959,207.83499999999998,208.01000000000002,207.825,208.02,eod,0.1750000000000398,0.000842054613256537,8.42054613256537,,
2016-04-19,1,930,959,209.81,209.86,209.8,209.87,eod,0.05000000000001137,0.0002383222116301781,2.383222116301781,,
2016-04-21,-1,930,959,208.68,208.97,208.69,208.96,eod,-0.28999999999999204,-0.001389620968901203,-13.89620968901203,,
2016-04-25,-1,930,959,208.14000000000001,208.62,208.15,208.61,eod,-0.47999999999998977,-0.0023060293057890454,-23.060293057890455,,
2016-04-29,-1,930,959,205.67000000000002,206.34,205.68,206.33,eod,-0.6699999999999875,-0.0032574873590042177,-32.57487359004218,,
2016-05-03,-1,930,959,206.08,206.16,206.09,206.15,eod,-0.07999999999998408,-0.0003881799213934887,-3.8817992139348867,,
2016-05-04,-1,930,959,204.88,205.0,204.89,204.99,eod,-0.12000000000000455,-0.0005856801210405805,-5.856801210405806,,
2016-05-10,1,930,959,208.23999999999998,208.42000000000002,208.23,208.43,eod,0.18000000000003524,0.0008644287566634743,8.644287566634743,,
2016-05-11,-1,930,959,206.84,206.57,206.85,206.56,eod,0.27000000000001023,0.0013052936910805425,13.052936910805425,,
2016-05-16,1,930,959,207.1,206.77,207.09,206.78,eod,-0.3299999999999841,-0.0015935100680862623,-15.935100680862623,,
2016-05-19,-1,930,959,204.14000000000001,204.23,204.15,204.22,eod,-0.08999999999997499,-0.0004408523144745285,-4.408523144745285,,
2016-05-20,1,930,959,205.135,205.45000000000002,205.125,205.46,eod,0.31500000000002615,0.0015356489945156668,15.356489945156667,,
2016-05-24,1,930,959,208.12,207.84,208.11,207.85,eod,-0.28000000000000114,-0.0013454423141607858,-13.454423141607858,,
2016-05-25,1,930,959,209.76999999999998,209.21,209.76,209.22,eod,-0.5599999999999739,-0.0026697177726924767,-26.697177726924767,,
2016-06-06,1,930,959,211.515,211.34,211.505,211.35,eod,-0.17499999999998295,-0.000827403607479648,-8.274036074796479,,
2016-06-08,1,930,959,212.29,212.33,212.28,212.34,eod,0.040000000000020464,0.0001884303749765426,1.884303749765426,,
2016-06-10,-1,930,959,209.74,210.07,209.75,210.06,eod,-0.3299999999999841,-0.0015733015494635713,-15.733015494635712,,
2016-06-15,1,930,959,208.84,207.74,208.83,207.75,eod,-1.0999999999999943,-0.005267442417277184,-52.674424172771836,,
2016-06-17,-1,930,959,206.66,206.59,206.67,206.58,eod,0.06999999999999318,0.0003387042144481211,3.387042144481211,,
2016-06-20,1,930,959,208.20999999999998,207.85000000000002,208.2,207.86,eod,-0.3599999999999568,-0.0017291066282418676,-17.291066282418676,,
2016-06-23,1,930,959,210.01999999999998,210.82000000000002,210.01,210.83,eod,0.8000000000000398,0.003809342412266272,38.093424122662725,,
2016-06-24,-1,930,959,203.06,203.23,203.07,203.22,eod,-0.1699999999999875,-0.0008371497513172182,-8.371497513172182,,
2016-06-27,-1,930,959,199.05,199.6,199.06,199.59,eod,-0.549999999999983,-0.0027629860343614133,-27.629860343614133,,
2016-06-28,1,930,959,202.56,203.16250000000002,202.55,203.1725,eod,0.6025000000000205,0.0029745741792151096,29.745741792151097,,
2016-06-29,1,930,959,206.875,206.66,206.865,206.67,eod,-0.2150000000000034,-0.0010393251637541556,-10.393251637541557,,
2016-07-05,-1,930,959,208.19,208.44,208.2,208.43,eod,-0.25,-0.0012007684918347744,-12.007684918347744,,
2016-07-08,1,930,959,212.53,212.64000000000001,212.52,212.65,eod,0.11000000000001364,0.0005175983436853644,5.175983436853644,,
2016-07-11,1,930,959,213.76999999999998,213.4,213.76,213.41,eod,-0.3699999999999761,-0.001730913173652583,-17.309131736525828,,
2016-07-12,1,930,959,215.04,214.93,215.03,214.94,eod,-0.10999999999998522,-0.0005115565269961643,-5.115565269961643,,
2016-07-14,1,930,959,216.39999999999998,216.06,216.39,216.07,eod,-0.339999999999975,-0.0015712371181661583,-15.712371181661583,,
2016-07-25,-1,930,959,216.29500000000002,216.67999999999998,216.305,216.67,eod,-0.3849999999999625,-0.001779894130972296,-17.79894130972296,,
2016-09-02,1,930,959,218.37,218.36,218.36,218.37,eod,-0.009999999999990905,-4.579593332107943e-05,-0.4579593332107943,,
2016-09-08,-1,930,959,218.57000000000002,218.54,218.58,218.53,eod,0.03000000000002956,0.00013724951962681652,1.3724951962681653,,
2016-09-09,-1,930,959,214.375,213.29,214.385,213.28,eod,1.085000000000008,0.0050609884087040044,50.609884087040044,,
2016-09-13,-1,930,959,213.43,213.23999999999998,213.44,213.23,eod,0.19000000000002615,0.0008901799100451,8.901799100450999,,
2016-09-16,-1,930,959,213.24,213.35,213.25,213.34,eod,-0.10999999999998522,-0.0005158264947244325,-5.158264947244325,,
2016-09-20,1,930,959,214.0,213.42000000000002,213.99,213.43,eod,-0.5799999999999841,-0.002710407028365737,-27.10407028365737,,
2016-09-21,1,930,959,215.35999999999999,215.78,215.35,215.79,eod,0.4200000000000159,0.001950313443232022,19.50313443232022,,
2016-09-22,1,930,959,217.22,217.15,217.21,217.16,eod,-0.06999999999999318,-0.00032226877215594667,-3.222687721559467,,
2016-09-26,-1,930,959,214.36,214.22,214.37,214.21,eod,0.14000000000001478,0.0006530764565938087,6.530764565938087,,
2016-09-30,1,930,959,216.95999999999998,216.35000000000002,216.95,216.36,eod,-0.6099999999999568,-0.002811707766766337,-28.11707766766337,,
2016-10-03,-1,930,959,215.465,215.7,215.475,215.69,eod,-0.23499999999998522,-0.0010906137602969496,-10.906137602969496,,
2016-10-05,1,930,959,215.67,215.65,215.66,215.66,eod,-0.01999999999998181,-9.27385699711667e-05,-0.9273856997116671,,
2016-10-07,-1,930,959,215.32000000000002,215.06,215.33,215.05,eod,0.2600000000000193,0.001207449031718847,12.07449031718847,,
2016-10-10,1,930,959,216.2,216.10000000000002,216.19,216.11,eod,-0.0999999999999659,-0.00046255608492513944,-4.625560849251395,,
2016-10-11,-1,930,959,213.27,213.45999999999998,213.28,213.45,eod,-0.1899999999999693,-0.000890847711927838,-8.90847711927838,,
2016-10-18,1,930,959,213.82,213.68,213.81,213.69,eod,-0.13999999999998636,-0.0006547869603853251,-6.5478696038532505,,
2016-10-24,1,930,959,214.88,214.84,214.87,214.85,eod,-0.03999999999999204,-0.00018615907292777979,-1.8615907292777978,,
2016-11-07,1,930,959,212.59,213.09,212.58,213.1,eod,0.5,0.0023520556966788973,23.520556966788973,,
2016-11-10,1,930,959,217.22,216.86,217.21,216.87,eod,-0.3599999999999852,-0.001657382256802105,-16.57382256802105,,
2016-11-11,-1,930,959,216.17000000000002,216.47,216.18,216.46,eod,-0.29999999999998295,-0.0013877324451844896,-13.877324451844895,,
2016-11-17,1,930,959,218.83499999999998,218.94,218.825,218.95,eod,0.10500000000001819,0.00047983548497666263,4.798354849766627,,
2016-11-21,1,930,959,219.87,220.10000000000002,219.86,220.11,eod,0.2300000000000182,0.001046120258346303,10.46120258346303,,
2016-12-05,1,930,959,220.91,220.91,220.9,220.92,eod,0.0,0.0,0.0,,
2016-12-09,1,930,959,226.45,226.48000000000002,226.44,226.49,eod,0.03000000000002956,0.0001324854266032042,1.3248542660320421,,
2016-12-13,1,930,959,227.89999999999998,227.70000000000002,227.89,227.71,eod,-0.1999999999999602,-0.000877616393874063,-8.77616393874063,,
2016-12-15,1,930,959,226.72,226.76000000000002,226.71,226.77,eod,0.040000000000020464,0.00017643685765965535,1.7643685765965536,,
2016-12-16,-1,930,959,224.86110000000002,225.07999999999998,224.8711,225.07,eod,-0.21889999999996235,-0.0009734465656100865,-9.734465656100866,,
2016-12-20,1,930,959,226.20999999999998,226.36,226.2,226.37,eod,0.1500000000000341,0.0006631299734749518,6.631299734749518,,
2016-12-27,1,930,959,226.39499999999998,226.23000000000002,226.385,226.24,eod,-0.16499999999996362,-0.000728846875897094,-7.28846875897094,,
2016-12-28,-1,930,959,224.52,224.44,224.53,224.43,eod,0.0800000000000125,0.00035629982630389035,3.5629982630389034,,
2016-12-30,-1,930,959,223.35000000000002,223.56,223.36,223.55,eod,-0.20999999999997954,-0.0009401862464182465,-9.401862464182464,,
2017-01-03,1,930,959,224.38,225.18,224.37,225.19,eod,0.8000000000000114,0.003565539064937431,35.65539064937431,,
2017-01-04,1,930,959,226.57999999999998,226.52,226.57,226.53,eod,-0.05999999999997385,-0.0002648188197906777,-2.6481881979067774,,
2017-01-09,-1,930,959,226.76000000000002,226.5,226.77,226.49,eod,0.2600000000000193,0.001146536137937202,11.465361379372021,,
2017-01-12,-1,930,959,226.39000000000001,226.57999999999998,226.4,226.57,eod,-0.1899999999999693,-0.0008392226148408538,-8.392226148408538,,
2017-01-13,1,930,959,226.95,227.02,226.94,227.03,eod,0.0700000000000216,0.00030845157310311803,3.08451573103118,,
2017-01-17,-1,930,959,225.96,226.29999999999998,225.97,226.29,eod,-0.339999999999975,-0.0015046245076778997,-15.046245076778996,,
2017-01-25,1,930,959,229.35,229.48000000000002,229.34,229.49,eod,0.13000000000002387,0.0005668439870935026,5.668439870935026,,
2017-01-30,-1,930,959,227.11,227.63,227.12,227.62,eod,-0.5199999999999818,-0.0022895385699189053,-22.895385699189053,,
2017-01-31,-1,930,959,227.16,227.57,227.17,227.56,eod,-0.4099999999999966,-0.0018048157767310675,-18.048157767310673,,
2017-02-03,1,930,959,229.369,229.36,229.359,229.37,eod,-0.00899999999998613,-3.923979438341696e-05,-0.3923979438341696,,
2017-02-09,1,930,959,230.75,230.56,230.74,230.57,eod,-0.18999999999999773,-0.0008234376354338117,-8.234376354338117,,
2017-02-10,1,930,959,231.5,231.47,231.49,231.48,eod,-0.030000000000001137,-0.00012959523089550796,-1.2959523089550797,,
2017-02-13,1,930,959,232.76999999999998,232.72,232.76,232.73,eod,-0.04999999999998295,-0.00021481354184560469,-2.148135418456047,,
2017-02-21,1,930,959,236.59,236.44,236.58,236.45,eod,-0.15000000000000568,-0.000634034998731954,-6.340349987319541,,
2017-02-28,-1,930,959,236.41,236.51999999999998,236.42,236.51,eod,-0.10999999999998522,-0.00046527366551046964,-4.652736655104697,,
2017-03-01,1,930,959,240.04999999999998,239.74,240.04,239.75,eod,-0.30999999999997385,-0.0012914514247624306,-12.914514247624306,,
2017-03-06,-1,930,959,237.87,237.76999999999998,237.88,237.76,eod,0.10000000000002274,0.0004203800235413769,4.203800235413769,,
2017-03-07,-1,930,959,237.21,237.06,237.22,237.05,eod,0.15000000000000568,0.0006323244245847976,6.3232442458479765,,
2017-03-10,1,930,959,237.6,237.63,237.59,237.64,eod,0.030000000000001137,0.00012626794056989408,1.2626794056989408,,
2017-03-14,-1,930,959,237.01000000000002,236.94,237.02,236.93,eod,0.0700000000000216,0.00029533372711172727,2.9533372711172725,,
2017-03-15,1,930,959,239.125,238.88,239.115,238.89,eod,-0.24500000000000455,-0.00102461158856619,-10.2461158856619,,
2017-03-17,-1,930,959,237.49,237.09,237.5,237.08,eod,0.4000000000000057,0.0016842105263158134,16.842105263158135,,
2017-04-06,1,930,959,235.26,235.38,235.25,235.39,eod,0.12000000000000455,0.0005100956429330693,5.100956429330693,,
2017-04-11,-1,930,959,234.53,235.04999999999998,234.54,235.04,eod,-0.5199999999999818,-0.002217105824166376,-22.171058241663758,,
2017-04-17,1,930,959,234.38,234.56,234.37,234.57,eod,0.18000000000000682,0.0007680163843495619,7.6801638434956185,,
2017-04-20,1,930,959,235.5,235.29000000000002,235.49,235.3,eod,-0.20999999999997954,-0.0008917576117880994,-8.917576117880994,,
2017-04-24,1,930,959,237.26999999999998,237.11,237.26,237.12,eod,-0.15999999999996817,-0.0006743656747870192,-6.743656747870192,,
2017-04-25,1,930,959,238.84,238.52,238.83,238.53,eod,-0.3199999999999932,-0.0013398651760666296,-13.398651760666295,,
2017-05-11,-1,930,959,239.27,239.42,239.28,239.41,eod,-0.14999999999997726,-0.0006268806419256823,-6.268806419256824,,
2017-05-12,-1,930,959,238.83,239.04,238.84,239.03,eod,-0.20999999999997954,-0.0008792497069166786,-8.792497069166787,,
2017-05-15,1,930,959,240.07999999999998,240.235,240.07,240.245,eod,0.15500000000002956,0.000645645020202564,6.45645020202564,,
2017-05-17,-1,930,959,236.52,235.85999999999999,236.53,235.85,eod,0.660000000000025,0.00279034371961284,27.9034371961284,,
2017-05-19,1,930,959,238.255,238.29000000000002,238.245,238.3,eod,0.03500000000002501,0.0001469075951227728,1.469075951227728,,
2017-05-22,1,930,959,239.505,239.52,239.495,239.53,eod,0.01500000000001478,6.263178772005587e-05,0.6263178772005586,,
2017-05-25,1,930,959,241.76,241.70000000000002,241.75,241.71,eod,-0.05999999999997385,-0.00024819027921395596,-2.4819027921395596,,
2017-06-01,1,930,959,242.89,243.31,242.88,243.32,eod,0.4200000000000159,0.001729249011857773,17.29249011857773,,
2017-06-07,1,930,959,243.73,243.64000000000001,243.72,243.65,eod,-0.08999999999997499,-0.0003692762186114188,-3.692762186114188,,
2017-06-12,-1,930,959,242.86,243.35,242.87,243.34,eod,-0.4899999999999807,-0.002017540247869151,-20.17540247869151,,
2017-06-13,1,930,959,244.58499999999998,244.51000000000002,244.575,244.52,eod,-0.07499999999996021,-0.00030665440049048437,-3.0665440049048436,,
2017-06-15,-1,930,959,243.8201,243.79999999999998,243.8301,243.79,eod,0.02010000000001355,8.243444923335369e-05,0.8243444923335369,,
2017-06-16,-1,930,959,242.31,242.64,242.32,242.63,eod,-0.3299999999999841,-0.001361835589303335,-13.61835589303335,,
2017-06-19,1,930,959,244.4299,244.63,244.4199,244.64,eod,0.20009999999999195,0.0008186731113137348,8.186731113137348,,
2017-06-20,-1,930,959,243.51000000000002,243.04999999999998,243.52,243.04,eod,0.4600000000000364,0.0018889618922471928,18.88961892247193,,
2017-06-27,-1,930,959,241.94,241.37,241.95,241.36,eod,0.5699999999999932,0.002355858648481063,23.55858648481063,,
2017-06-28,1,930,959,243.655,243.45000000000002,243.645,243.46,eod,-0.20499999999998408,-0.0008413880851237829,-8.41388085123783,,
2017-06-29,-1,930,959,241.49,241.39999999999998,241.5,241.39,eod,0.09000000000003183,0.00037267080745354795,3.7267080745354795,,
2017-06-30,1,930,959,242.495,241.76000000000002,242.485,241.77,eod,-0.7349999999999852,-0.003031115326721179,-30.311153267211793,,
2017-07-06,-1,930,959,240.62,240.59,240.63,240.58,eod,0.030000000000001137,0.00012467273407306296,1.2467273407306296,,
2017-07-07,1,930,959,242.10999999999999,242.09,242.1,242.1,eod,-0.01999999999998181,-8.261049153234949e-05,-0.8261049153234948,,
2017-07-12,1,930,959,244.1,243.97,244.09,243.98,eod,-0.12999999999999545,-0.0005325904379531953,-5.325904379531953,,
2017-07-19,1,930,959,246.97,246.98000000000002,246.96,246.99,eod,0.010000000000019327,4.04923874312412e-05,0.404923874312412,,
2017-07-21,-1,930,959,246.55,246.89999999999998,246.56,246.89,eod,-0.3499999999999659,-0.0014195327709278305,-14.195327709278304,,
2017-07-25,1,930,959,247.42999999999998,247.38,247.42,247.39,eod,-0.04999999999998295,-0.0002020855225930925,-2.020855225930925,,
2017-07-28,-1,930,959,246.74,246.91,246.75,246.9,eod,-0.1699999999999875,-0.000688956433637234,-6.88956433637234,,
2017-08-04,1,930,959,247.29,247.39000000000001,247.28,247.4,eod,0.10000000000002274,0.0004043998705921334,4.043998705921334,,
2017-08-09,-1,930,959,246.81,247.23999999999998,246.82,247.23,eod,-0.4299999999999784,-0.0017421602787455572,-17.421602787455573,,
2017-08-10,-1,930,959,244.335,243.79999999999998,244.345,243.79,eod,0.535000000000025,0.002189527103071579,21.895271030715794,,
2017-08-14,1,930,959,246.69,246.51000000000002,246.68,246.52,eod,-0.1799999999999784,-0.0007296902870114253,-7.296902870114253,,
2017-08-16,1,930,959,246.92,246.91,246.91,246.92,eod,-0.009999999999990905,-4.0500587258478413e-05,-0.40500587258478415,,
2017-08-17,-1,930,959,243.65,243.14,243.66,243.13,eod,0.5100000000000193,0.002093080522038986,20.93080522038986,,
2017-08-22,1,930,959,245.35999999999999,245.39000000000001,245.35,245.4,eod,0.03000000000002956,0.00012227430201764645,1.2227430201764644,,
2017-08-23,-1,930,959,244.86,244.548,244.87,244.538,eod,0.3120000000000118,0.001274145464940629,12.74145464940629,,
2017-08-25,1,930,959,245.04,244.53,245.03,244.54,eod,-0.5099999999999909,-0.0020813777904745987,-20.813777904745987,,
2017-08-31,1,930,959,247.56,247.41,247.55,247.42,eod,-0.15000000000000568,-0.0006059381943042039,-6.059381943042039,,
2017-09-05,-1,930,959,246.08,246.10999999999999,246.09,246.1,eod,-0.029999999999972715,-0.00012190661952932958,-1.2190661952932957,,
2017-09-06,1,930,959,247.25,246.9,247.24,246.91,eod,-0.3499999999999943,-0.0014156285390713246,-14.156285390713247,,
2017-09-11,1,930,959,249.14,249.16,249.13,249.17,eod,0.020000000000010232,8.027937221535035e-05,0.8027937221535034,,
2017-09-12,1,930,959,249.78,250.06,249.77,250.07,eod,0.28000000000000114,0.001121031348840938,11.210313488409382,,
2017-09-15,-1,930,959,249.10000000000002,249.26,249.11,249.25,eod,-0.15999999999996817,-0.0006422865400825666,-6.422865400825666,,
2017-09-18,1,930,959,249.63,249.68,249.62,249.69,eod,0.05000000000001137,0.00020030446278347636,2.003044627834764,,
2017-09-21,-1,930,959,249.645,249.41,249.655,249.4,eod,0.23500000000001364,0.0009412989926098562,9.412989926098563,,
2017-09-26,1,930,959,249.44,249.04000000000002,249.43,249.05,eod,-0.39999999999997726,-0.0016036563364470082,-16.036563364470084,,
2017-09-27,1,930,959,250.42999999999998,250.01000000000002,250.42,250.02,eod,-0.4199999999999591,-0.0016771823336792552,-16.77182333679255,,
2017-10-02,1,930,959,252.12,252.28,252.11,252.29,eod,0.1599999999999966,0.0006346436079488977,6.346436079488977,,
2017-10-05,1,930,959,254.51999999999998,254.63,254.51,254.64,eod,0.11000000000001364,0.0004322030568544012,4.322030568544013,,
2017-10-06,-1,930,959,254.21,254.41,254.22,254.4,eod,-0.19999999999998863,-0.0007867201636377493,-7.867201636377493,,
2017-10-10,1,930,959,254.375,254.59,254.365,254.6,eod,0.2150000000000034,0.0008452420733984763,8.452420733984763,,
2017-10-13,1,930,959,255.1,254.9,255.09,254.91,eod,-0.19999999999998863,-0.0007840370065466644,-7.840370065466644,,
2017-10-16,1,930,959,255.17,255.29000000000002,255.16,255.3,eod,0.12000000000003297,0.00047029314939658635,4.702931493965863,,
2017-10-18,1,930,959,255.89,255.68,255.88,255.69,eod,-0.20999999999997954,-0.0008206972018132701,-8.206972018132701,,
2017-10-20,1,930,959,256.89,257.07,256.88,257.08,eod,0.18000000000000682,0.0007007162877608488,7.007162877608488,,
2017-10-25,-1,930,959,255.5,255.31,255.51,255.3,eod,0.18999999999999773,0.0007436108175805163,7.436108175805163,,
2017-10-26,1,930,959,255.79,255.58,255.78,255.59,eod,-0.20999999999997954,-0.0008210180623972927,-8.210180623972928,,
2017-10-27,1,930,959,257.715,257.67,257.705,257.68,eod,-0.04499999999995907,-0.00017461826507036757,-1.7461826507036757,,
2017-10-30,-1,930,959,256.71000000000004,256.81,256.72,256.8,eod,-0.0999999999999659,-0.0003895294484261681,-3.8952944842616812,,
2017-11-01,1,930,959,257.65999999999997,257.5,257.65,257.51,eod,-0.15999999999996817,-0.0006209974771976254,-6.2099747719762535,,
2017-11-09,-1,930,959,258.01,258.21,258.02,258.2,eod,-0.19999999999998863,-0.0007751337105650285,-7.751337105650284,,
2017-11-14,-1,930,959,257.555,257.76,257.565,257.75,eod,-0.20499999999998408,-0.0007959155941218104,-7.959155941218103,,
2017-11-15,-1,930,959,256.56,256.44,256.57,256.43,eod,0.12000000000000455,0.00046770861753129574,4.677086175312957,,
2017-11-16,1,930,959,258.78999999999996,258.599,258.78,258.609,eod,-0.19099999999997408,-0.0007380786768682823,-7.380786768682823,,
2017-11-21,1,930,959,259.92,259.95,259.91,259.96,eod,0.029999999999972715,0.0001154245700433716,1.1542457004337159,,
2017-11-28,1,930,959,262.63,262.84000000000003,262.62,262.85,eod,0.21000000000003638,0.0007996344528217058,7.996344528217058,,
2017-11-30,1,930,959,264.84,264.87,264.83,264.88,eod,0.03000000000002956,0.00011328021749812922,1.1328021749812922,,
2017-12-08,1,930,959,265.25,265.48,265.24,265.49,eod,0.2300000000000182,0.0008671391946916687,8.671391946916687,,
2017-12-18,1,930,959,268.15999999999997,268.17,268.15,268.18,eod,0.010000000000047748,3.7292560134431284e-05,0.37292560134431285,,
2018-01-02,1,930,959,268.5001,268.79,268.4901,268.8,eod,0.28990000000004557,0.0010797418601283459,10.797418601283459,,
2018-01-03,1,930,959,270.37,270.46000000000004,270.36,270.47,eod,0.09000000000003183,0.00033288948069252783,3.328894806925278,,
2018-01-04,1,930,959,271.9089,271.62,271.8989,271.63,eod,-0.28890000000001237,-0.0010625272849578,-10.625272849578,,
2018-01-05,1,930,959,273.09999999999997,273.38,273.09,273.39,eod,0.28000000000002956,0.0010253030136586092,10.25303013658609,,
2018-01-10,-1,930,959,273.795,274.11,273.805,274.1,eod,-0.3149999999999977,-0.0011504537901060891,-11.50453790106089,,
2018-01-11,1,930,959,275.74,276.07,275.73,276.08,eod,0.3299999999999841,0.001196822979001139,11.96822979001139,,
2018-01-12,1,930,959,277.65,277.90000000000003,277.64,277.91,eod,0.25000000000005684,0.0009004466215244808,9.004466215244808,,
2018-01-19,1,930,959,280.32,280.37,280.31,280.38,eod,0.05000000000001137,0.0001783739431344275,1.783739431344275,,
2018-01-26,1,930,959,285.96999999999997,286.56,285.96,286.57,eod,0.5900000000000318,0.0020632256259617843,20.632256259617844,,
2018-01-30,-1,930,959,282.07,281.67,282.08,281.66,eod,0.39999999999997726,0.0014180374361882349,14.180374361882349,,
2018-02-02,-1,930,959,276.43,275.53,276.44,275.52,eod,0.9000000000000341,0.0032556793517581903,32.5567935175819,,
2018-02-05,-1,930,959,269.1,264.19,269.11,264.18,eod,4.910000000000025,0.01824532718962515,182.45327189625152,,
2018-02-06,1,930,959,268.06,269.17,268.05,269.18,eod,1.1100000000000136,0.004141018466704024,41.41018466704024,,
2018-02-09,1,930,959,259.2,261.66,259.19,261.67,eod,2.4600000000000364,0.009491106909988951,94.91106909988952,,
2018-02-12,1,930,959,266.45,265.25,266.44,265.26,eod,-1.1999999999999886,-0.0045038282540158705,-45.038282540158704,,
2018-02-15,1,930,959,272.355,272.99,272.345,273.0,eod,0.6349999999999909,0.00233160146138167,23.316014613816698,,
2018-03-09,1,930,959,278.205,278.81,278.195,278.82,eod,0.6050000000000182,0.0021747335502076536,21.747335502076535,,
2018-03-19,-1,930,959,269.66,270.5,269.67,270.49,eod,-0.839999999999975,-0.0031149182333962805,-31.149182333962806,,
2018-03-22,-1,930,959,265.13,263.68,265.14,263.67,eod,1.4499999999999886,0.005468808931130681,54.688089311306804,,
2018-03-26,1,930,959,264.55,265.16,264.54,265.17,eod,0.6100000000000136,0.0023058894685114295,23.058894685114296,,
2018-04-02,-1,930,959,255.96,257.53999999999996,255.97,257.53,eod,-1.5799999999999557,-0.006172598351369128,-61.725983513691276,,
2018-04-05,1,930,959,266.15999999999997,265.64,266.15,265.65,eod,-0.5199999999999818,-0.0019537854593273786,-19.537854593273785,,
2018-04-09,1,930,959,262.815,260.85,262.805,260.86,eod,-1.964999999999975,-0.007477026692794942,-74.77026692794942,,
2018-04-10,1,930,959,265.59,265.13,265.58,265.14,eod,-0.45999999999997954,-0.0017320581369078228,-17.32058136907823,,
2018-04-12,1,930,959,266.90999999999997,265.90000000000003,266.9,265.91,eod,-1.009999999999934,-0.00378418883476933,-37.8418883476933,,
2018-04-17,1,930,959,270.65,270.14,270.64,270.15,eod,-0.5099999999999909,-0.0018844221105527303,-18.844221105527303,,
2018-04-26,1,930,959,266.46999999999997,266.3,266.46,266.31,eod,-0.16999999999995907,-0.0006379944456952604,-6.379944456952605,,
2018-05-02,-1,930,959,263.7708,263.21,263.7808,263.2,eod,0.5608000000000288,0.0021260076548407954,21.260076548407955,,
2018-05-10,1,930,959,271.84,272.0,271.83,272.01,eod,0.160000000000025,0.0005886031710996764,5.886031710996764,,
2018-05-15,-1,930,959,270.21000000000004,271.03999999999996,270.22,271.03,eod,-0.8299999999999272,-0.0030715713122638115,-30.715713122638114,,
2018-05-16,1,930,959,272.18,272.2,272.17,272.21,eod,0.01999999999998181,7.348348458677227e-05,0.7348348458677226,,
2018-05-21,1,930,959,273.07,273.35,273.06,273.36,eod,0.28000000000002956,0.0010254156595621094,10.254156595621094,,
2018-05-25,-1,930,959,272.2,272.19,272.21,272.18,eod,0.009999999999990905,3.6736343264358055e-05,0.36736343264358057,,
2018-05-29,-1,930,959,268.115,269.11,268.125,269.1,eod,-0.9950000000000045,-0.003710955710955728,-37.10955710955728,,
2018-05-30,1,930,959,272.59499999999997,272.57,272.585,272.58,eod,-0.024999999999977263,-9.171451106985807e-05,-0.9171451106985807,,
2018-05-31,-1,930,959,271.24,270.75,271.25,270.74,eod,0.4900000000000091,0.0018064516129032593,18.064516129032594,,
2018-06-01,1,930,959,273.2975,273.64,273.2875,273.65,eod,0.3424999999999727,0.0012532589306132652,12.532589306132651,,
2018-06-04,1,930,959,274.96999999999997,274.89,274.96,274.9,eod,-0.07999999999998408,-0.000290951411114286,-2.9095141111428604,,
2018-06-14,1,930,959,278.705,278.71000000000004,278.695,278.72,eod,0.005000000000052296,1.794075961194961e-05,0.17940759611949608,,
2018-06-15,-1,930,959,277.11,277.21,277.12,277.2,eod,-0.0999999999999659,-0.00036085450346408013,-3.6085450346408012,,
2018-06-18,-1,930,959,276.31,276.58,276.32,276.57,eod,-0.2699999999999818,-0.0009771279675737617,-9.771279675737617,,
2018-06-19,-1,930,959,275.07,275.52,275.08,275.51,eod,-0.44999999999998863,-0.001635887741747814,-16.35887741747814,,
2018-06-20,1,930,959,276.31,275.97,276.3,275.98,eod,-0.339999999999975,-0.001230546507419381,-12.30546507419381,,
2018-06-22,1,930,959,275.33,274.7,275.32,274.71,eod,-0.6299999999999955,-0.0022882464041842055,-22.882464041842056,,
2018-06-25,-1,930,959,269.86,271.02,269.87,271.01,eod,-1.1599999999999682,-0.004298365879867967,-42.98365879867967,,
2018-06-29,1,930,959,272.5,271.18,272.49,271.19,eod,-1.3199999999999932,-0.004844214466585905,-48.44214466585905,,
2018-07-05,1,930,959,272.68,273.08,272.67,273.09,eod,0.39999999999997726,0.0014669747313601688,14.669747313601688,,
2018-07-09,1,930,959,277.65999999999997,277.88,277.65,277.89,eod,0.22000000000002728,0.000792364487664424,7.923644876644239,,
2018-07-11,-1,930,959,276.89,276.92,276.9,276.91,eod,-0.03000000000002956,-0.00010834236186359538,-1.0834236186359538,,
2018-07-12,1,930,959,279.09499999999997,279.29,279.085,279.3,eod,0.19500000000005002,0.000698711861977713,6.987118619777131,,
2018-07-19,-1,930,959,280.095,280.02,280.105,280.01,eod,0.07500000000004547,0.0002677567340820245,2.677567340820245,,
2018-07-24,1,930,959,281.21,281.56,281.2,281.57,eod,0.35000000000002274,0.0012446657183500097,12.446657183500097,,
2018-07-26,-1,930,959,283.29,283.3,283.3,283.29,eod,-0.009999999999990905,-3.529827038471904e-05,-0.35298270384719044,,
2018-07-30,-1,930,959,279.72,279.9,279.73,279.89,eod,-0.17999999999994998,-0.0006434776391518606,-6.434776391518606,,
2018-07-31,1,930,959,281.36,281.21000000000004,281.35,281.22,eod,-0.14999999999997726,-0.0005331437711035268,-5.331437711035267,,
2018-08-07,1,930,959,285.765,285.53000000000003,285.755,285.54,eod,-0.2349999999999568,-0.0008223828104493597,-8.223828104493597,,
2018-08-10,-1,930,959,283.32,283.13,283.33,283.12,eod,0.18999999999999773,0.0006705961246602822,6.705961246602822,,
2018-08-14,1,930,959,284.06,283.85,284.05,283.86,eod,-0.20999999999997954,-0.0007393064601301867,-7.393064601301867,,
2018-08-15,-1,930,959,281.45,281.77,281.46,281.76,eod,-0.3199999999999932,-0.001136928870887491,-11.36928870887491,,
2018-08-16,1,930,959,284.45,284.09000000000003,284.44,284.1,eod,-0.3599999999999568,-0.0012656447756994684,-12.656447756994684,,
2018-08-21,1,930,959,286.675,286.24,286.665,286.25,eod,-0.4350000000000023,-0.0015174506828528151,-15.174506828528152,,
2018-08-24,1,930,959,287.46,287.49,287.45,287.5,eod,0.03000000000002956,0.00010436597669170137,1.0436597669170138,,
2018-08-27,1,930,959,289.65,289.71000000000004,289.64,289.72,eod,0.06000000000005912,0.00020715370805157824,2.0715370805157822,,
2018-08-30,-1,930,959,290.095,290.25,290.105,290.24,eod,-0.15499999999997272,-0.0005342893090431834,-5.342893090431834,,
2018-09-04,-1,930,959,289.7,289.88,289.71,289.87,eod,-0.18000000000000682,-0.000621310966138576,-6.21310966138576,,
2018-09-05,-1,930,959,289.02,289.07,289.03,289.06,eod,-0.05000000000001137,-0.00017299242293191493,-1.7299242293191492,,
2018-09-10,1,930,959,288.28999999999996,288.08,288.28,288.09,eod,-0.20999999999997954,-0.0007284584431801705,-7.284584431801705,,
2018-09-13,1,930,959,290.63,290.81,290.62,290.82,eod,0.18000000000000682,0.0006193654944601432,6.193654944601431,,
2018-09-18,1,930,959,291.315,290.89,291.305,290.9,eod,-0.42500000000001137,-0.0014589519575702833,-14.589519575702832,,
2018-09-20,1,930,959,293.75,293.54,293.74,293.55,eod,-0.20999999999997954,-0.0007149179546537057,-7.149179546537058,,
2018-09-21,-1,930,959,292.19,292.02,292.2,292.01,eod,0.17000000000001592,0.000581793292265626,5.817932922656261,,
2018-09-24,-1,930,959,291.12,291.08,291.13,291.07,eod,0.040000000000020464,0.00013739566516683427,1.3739566516683428,,
2018-09-27,1,930,959,290.7068,290.64,290.6968,290.65,eod,-0.06680000000000064,-0.00022979269121641737,-2.297926912164174,,
2018-10-01,1,930,959,291.46,291.66,291.45,291.67,eod,0.20000000000004547,0.000686224052153184,6.862240521531841,,
2018-10-04,-1,930,959,288.84000000000003,289.48,288.85,289.47,eod,-0.6399999999999864,-0.0022156828803876973,-22.156828803876973,,
2018-10-10,-1,930,959,280.98,278.18,280.99,278.17,eod,2.8000000000000114,0.009964767429445928,99.64767429445928,,
2018-10-12,1,930,959,275.77,276.0,275.76,276.01,eod,0.2300000000000182,0.0008340586016826885,8.340586016826885,,
2018-10-16,1,930,959,279.57,280.29,279.56,280.3,eod,0.7200000000000273,0.002575475747603474,25.75475747603474,,
2018-10-18,-1,930,959,276.45,276.48,276.46,276.47,eod,-0.03000000000002956,-0.00010851479418371396,-1.0851479418371397,,
2018-10-25,1,930,959,271.38,270.13,271.37,270.14,eod,-1.25,-0.004606257139698567,-46.06257139698567,,
2018-10-26,-1,930,959,265.22,265.3,265.23,265.29,eod,-0.07999999999998408,-0.0003016250047128307,-3.016250047128307,,
2018-10-30,1,930,959,267.12,267.8,267.11,267.81,eod,0.6800000000000068,0.0025457676612631753,25.457676612631754,,
2018-10-31,1,930,959,272.43,270.68,272.42,270.69,eod,-1.75,-0.006423904265472432,-64.23904265472432,,
2018-11-07,1,930,959,280.6525,280.91,280.6425,280.92,eod,0.25750000000005,0.0009175374364183973,9.175374364183973,,
2018-11-09,-1,930,959,278.25,277.84,278.26,277.83,eod,0.410000000000025,0.0014734421045066665,14.734421045066664,,
2018-11-12,-1,930,959,273.74,272.5,273.75,272.49,eod,1.240000000000009,0.0045296803652968365,45.296803652968364,,
2018-11-19,-1,930,959,269.59000000000003,269.13,269.6,269.12,eod,0.4600000000000364,0.0017062314540060696,17.062314540060697,,
2018-11-20,-1,930,959,264.71000000000004,264.21,264.72,264.2,eod,0.5000000000000568,0.0018887881535209156,18.887881535209157,,
2018-11-21,1,930,959,265.92,265.06,265.91,265.07,eod,-0.8600000000000136,-0.0032341769771727785,-32.34176977172778,,
2018-11-26,1,930,959,267.03999999999996,267.45,267.03,267.46,eod,0.410000000000025,0.0015354080065911135,15.354080065911136,,
2018-12-03,1,930,959,279.17,279.22,279.16,279.23,eod,0.05000000000001137,0.0001791087548359771,1.791087548359771,,
2018-12-04,-1,930,959,270.73,270.5,270.74,270.49,eod,0.2300000000000182,0.0008495235281082152,8.495235281082152,,
2018-12-06,-1,930,959,267.5,269.94,267.51,269.93,eod,-2.4399999999999977,-0.009121154349370109,-91.21154349370109,,
2018-12-11,1,930,959,265.43,264.08,265.42,264.09,eod,-1.3500000000000227,-0.005086278351292377,-50.86278351292377,,
2018-12-12,1,930,959,266.43,265.5,266.42,265.51,eod,-0.9300000000000068,-0.003490728924254961,-34.90728924254961,,
2018-12-14,-1,930,959,260.55,260.5,260.56,260.49,eod,0.05000000000001137,0.0001918943813325582,1.918943813325582,,
2018-12-17,-1,930,959,254.67000000000002,255.29,254.68,255.28,eod,-0.6199999999999761,-0.002434427516883839,-24.34427516883839,,
2018-12-24,-1,930,959,234.33,233.07999999999998,234.34,233.07,eod,1.2500000000000284,0.005334129896731366,53.34129896731366,,
2018-12-26,1,930,959,242.62,245.935,242.61,245.945,eod,3.3149999999999977,0.01366390503276863,136.6390503276863,,
2019-01-03,-1,930,959,244.61,244.14,244.62,244.13,eod,0.4700000000000273,0.001921347395961194,19.213473959611942,,
2019-01-04,1,930,959,251.79,252.46,251.78,252.47,eod,0.6700000000000159,0.0026610533005005,26.610533005005,,
2019-01-08,1,930,959,256.705,256.68,256.695,256.69,eod,-0.024999999999977263,-9.739184635453462e-05,-0.9739184635453463,,
2019-01-15,1,930,959,260.0,260.37,259.99,260.38,eod,0.37000000000000455,0.0014231316589099754,14.231316589099754,,
2019-01-18,1,930,959,266.02,266.41,266.01,266.42,eod,0.3900000000000432,0.0014661102966055531,14.661102966055532,,
2019-01-22,-1,930,959,261.97,262.94,261.98,262.93,eod,-0.9699999999999704,-0.0037025727154743507,-37.02572715474351,,
2019-01-25,1,930,959,265.67,265.81,265.66,265.82,eod,0.13999999999998636,0.0005269893849280522,5.269893849280522,,
2019-01-28,-1,930,959,263.52,263.8,263.53,263.79,eod,-0.28000000000002956,-0.0010624976283536204,-10.624976283536203,,
2019-01-30,1,930,959,267.44,267.58,267.43,267.59,eod,0.13999999999998636,0.0005235014770219735,5.235014770219735,,
2019-02-07,-1,930,959,269.41,270.2,269.42,270.19,eod,-0.7899999999999636,-0.002932224779155087,-29.32224779155087,,
2019-02-12,1,930,959,274.40999999999997,274.11,274.4,274.12,eod,-0.2999999999999545,-0.0010932944606412338,-10.932944606412338,,
2019-02-13,1,930,959,275.57,274.97,275.56,274.98,eod,-0.5999999999999659,-0.0021773842357380095,-21.773842357380094,,
2019-02-15,1,930,959,276.65999999999997,277.38,276.65,277.39,eod,0.7200000000000273,0.002602566419663934,26.02566419663934,,
2019-02-21,-1,930,959,276.7,277.46999999999997,276.71,277.46,eod,-0.7699999999999818,-0.002782696686061154,-27.826966860611538,,
2019-02-22,1,930,959,278.89,279.14,278.88,279.15,eod,0.25,0.0008964429145152037,8.964429145152037,,
2019-03-01,1,930,959,280.25,280.48,280.24,280.49,eod,0.2300000000000182,0.0008207250927776841,8.20725092777684,,
2019-03-07,-1,930,959,274.40000000000003,275.09,274.41,275.08,eod,-0.6899999999999409,-0.0025144856237015443,-25.144856237015443,,
2019-03-08,-1,930,959,273.35,274.53499999999997,273.36,274.525,eod,-1.1849999999999454,-0.0043349429323966395,-43.3494293239664,,
2019-03-11,1,930,959,278.28,278.49,278.27,278.5,eod,0.21000000000003638,0.0007546627376290524,7.546627376290524,,
2019-03-12,1,930,959,279.39,279.43,279.38,279.44,eod,0.040000000000020464,0.0001431741713795564,1.431741713795564,,
2019-03-13,1,930,959,281.34,281.33,281.33,281.34,eod,-0.009999999999990905,-3.5545444851209986e-05,-0.35545444851209984,,
2019-03-22,-1,930,959,280.3,279.26,280.31,279.25,eod,1.0400000000000205,0.0037101780171953213,37.101780171953216,,
2019-03-26,1,930,959,280.03229999999996,281.02,280.0223,281.03,eod,0.987700000000018,0.00352721908219459,35.2721908219459,,
2019-03-28,1,930,959,280.565,280.77,280.555,280.78,eod,0.20499999999998408,0.000730694516226708,7.3069451622670805,,
2019-03-29,1,930,959,282.25,282.61,282.24,282.62,eod,0.36000000000001364,0.001275510204081681,12.755102040816809,,
2019-04-01,1,930,959,285.78,285.88,285.77,285.89,eod,0.10000000000002274,0.0003499317633062349,3.4993176330623488,,
2019-04-05,1,930,959,288.46999999999997,288.52,288.46,288.53,eod,0.05000000000001137,0.0001733342577827476,1.733342577827476,,
2019-04-09,-1,930,959,286.95,287.315,286.96,287.305,eod,-0.3650000000000091,-0.0012719542793421003,-12.719542793421002,,
2019-04-12,1,930,959,289.965,290.18,289.955,290.19,eod,0.21500000000003183,0.0007414943698161158,7.414943698161157,,
2019-04-23,1,930,959,292.78999999999996,292.84000000000003,292.78,292.85,eod,0.05000000000006821,0.00017077669239725466,1.7077669239725466,,
2019-05-03,1,930,959,293.96999999999997,294.01,293.96,294.02,eod,0.040000000000020464,0.00013607293509327958,1.3607293509327958,,
2019-05-06,-1,930,959,293.035,292.88,293.045,292.87,eod,0.15500000000002956,0.0005289290040779728,5.289290040779728,,
2019-05-07,-1,930,959,286.63,288.05,286.64,288.04,eod,-1.420000000000016,-0.004953949204577226,-49.539492045772256,,
2019-05-09,-1,930,959,286.55,286.76,286.56,286.75,eod,-0.20999999999997954,-0.0007328308207704479,-7.328308207704479,,
2019-05-13,-1,930,959,280.8,280.96999999999997,280.81,280.96,eod,-0.16999999999995907,-0.0006053915458849723,-6.053915458849723,,
2019-05-14,1,930,959,284.39,283.32,284.38,283.33,eod,-1.0699999999999932,-0.0037625712075391843,-37.625712075391846,,
2019-05-16,1,930,959,287.96999999999997,287.62,287.96,287.63,eod,-0.3499999999999659,-0.0012154465898040212,-12.154465898040211,,
2019-05-17,-1,930,959,286.47,285.90999999999997,286.48,285.9,eod,0.5600000000000591,0.0019547612398773356,19.547612398773357,,
2019-05-20,-1,930,959,283.795,283.98,283.805,283.97,eod,-0.18500000000000227,-0.0006518560279064931,-6.518560279064931,,
2019-05-21,1,930,959,286.65999999999997,286.48,286.65,286.49,eod,-0.17999999999994998,-0.0006279434850861678,-6.279434850861678,,
2019-05-23,-1,930,959,282.06,282.28,282.07,282.27,eod,-0.21999999999997044,-0.0007799482397985268,-7.799482397985268,,
2019-05-29,-1,930,959,277.79,278.34999999999997,277.8,278.34,eod,-0.5599999999999454,-0.0020158387329011714,-20.158387329011713,,
2019-05-31,-1,930,959,275.64,275.38,275.65,275.37,eod,0.2599999999999909,0.0009432251042988969,9.43225104298897,,
2019-06-04,1,930,959,279.95,280.51,279.94,280.52,eod,0.5600000000000023,0.002000428663284998,20.00428663284998,,
2019-06-05,1,930,959,282.40999999999997,282.89,282.4,282.9,eod,0.4800000000000182,0.0016997167138810844,16.997167138810845,,
2019-06-07,1,930,959,288.21,287.62,288.2,287.63,eod,-0.589999999999975,-0.0020471894517695177,-20.471894517695176,,
2019-06-10,1,930,959,289.27,288.93,289.26,288.94,eod,-0.339999999999975,-0.0011754131231417237,-11.754131231417238,,
2019-06-18,1,930,959,292.49,292.28000000000003,292.48,292.29,eod,-0.20999999999997954,-0.0007179978118161225,-7.179978118161225,,
2019-06-20,1,930,959,295.67,295.83,295.66,295.84,eod,0.15999999999996817,0.0005411621457078,5.411621457078,,
2019-06-21,-1,930,959,294.61,294.09,294.62,294.08,eod,0.5200000000000387,0.0017649854049285134,17.649854049285135,,
2019-06-27,1,930,959,291.67,291.53000000000003,291.66,291.54,eod,-0.13999999999998636,-0.00048001097167930587,-4.800109716793059,,
2019-06-28,1,930,959,292.31,293.07,292.3,293.08,eod,0.7599999999999909,0.0026000684228532018,26.000684228532016,,
2019-07-01,1,930,959,295.19,295.6,295.18,295.61,eod,0.410000000000025,0.0013889829934278237,13.889829934278238,,
2019-07-08,-1,930,959,296.82,296.87,296.83,296.86,eod,-0.05000000000001137,-0.00016844658558774845,-1.6844658558774845,,
2019-07-10,1,930,959,298.45,298.6,298.44,298.61,eod,0.1500000000000341,0.0005026135906716061,5.0261359067160605,,
2019-07-22,1,930,959,298.01,297.91,298.0,297.92,eod,-0.0999999999999659,-0.00033557046979854326,-3.355704697985433,,
2019-07-23,1,930,959,299.78,299.95,299.77,299.96,eod,0.17000000000001592,0.000567101444440791,5.67101444440791,,
2019-07-25,-1,930,959,299.82,299.98019999999997,299.83,299.9702,eod,-0.1601999999999748,-0.0005343027715704726,-5.343027715704726,,
2019-07-26,1,930,959,302.075,301.98,302.065,301.99,eod,-0.09499999999997044,-0.0003145018456291541,-3.1450184562915413,,
2019-07-29,-1,930,959,301.395,301.49,301.405,301.48,eod,-0.09500000000002728,-0.0003151905243775893,-3.151905243775893,,
2019-07-30,-1,930,959,300.495,300.83,300.505,300.82,eod,-0.33499999999997954,-0.0011147901033259997,-11.147901033259997,,
2019-08-02,-1,930,959,292.83,292.77,292.84,292.76,eod,0.060000000000002274,0.00020489004234394988,2.0489004234394987,,
2019-08-05,-1,930,959,283.27,284.05,283.28,284.04,eod,-0.7800000000000296,-0.002753459474724759,-27.53459474724759,,
2019-08-06,1,930,959,287.2,287.76,287.19,287.77,eod,0.5600000000000023,0.0019499286186845026,19.499286186845026,,
2019-08-08,1,930,959,292.53999999999996,293.54,292.53,293.55,eod,1.0000000000000568,0.003418452808259177,34.18452808259177,,
2019-08-09,-1,930,959,292.46000000000004,291.59999999999997,292.47,291.59,eod,0.8600000000000705,0.002940472527097037,29.40472527097037,,
2019-08-12,-1,930,959,287.92,288.11,287.93,288.1,eod,-0.18999999999999773,-0.000659882610356676,-6.5988261035667595,,
2019-08-13,1,930,959,292.73,292.42,292.72,292.43,eod,-0.3100000000000023,-0.0010590325225471517,-10.590325225471517,,
2019-08-14,-1,930,959,284.63,283.93,284.64,283.92,eod,0.6999999999999886,0.0024592467678470654,24.592467678470655,,
2019-08-16,1,930,959,288.59999999999997,288.86,288.59,288.87,eod,0.26000000000004775,0.0009009321182301804,9.009321182301804,,
2019-08-19,1,930,959,292.62,292.31,292.61,292.32,eod,-0.3100000000000023,-0.0010594306414681736,-10.594306414681736,,
2019-08-21,1,930,959,292.26,292.42,292.25,292.43,eod,0.160000000000025,0.0005474764756202738,5.474764756202738,,
2019-08-23,-1,930,959,285.22,284.82,285.23,284.81,eod,0.4000000000000341,0.0014023770290643835,14.023770290643835,,
2019-08-26,1,930,959,287.005,287.96000000000004,286.995,287.97,eod,0.9550000000000409,0.00332758410425283,33.2758410425283,,
2019-08-29,1,930,959,292.32,292.55,292.31,292.56,eod,0.2300000000000182,0.0007868358934009038,7.868358934009038,,
2019-09-04,1,930,959,293.76,293.96000000000004,293.75,293.97,eod,0.20000000000004547,0.0006808510638299421,6.808510638299421,,
2019-09-05,1,930,959,298.23,297.81,298.22,297.82,eod,-0.4200000000000159,-0.0014083562470659776,-14.083562470659777,,
2019-09-10,-1,930,959,296.83500000000004,298.21,296.845,298.2,eod,-1.3749999999999432,-0.004632047027909997,-46.320470279099965,,
2019-09-18,-1,930,959,299.995,301.11,300.005,301.1,eod,-1.115000000000009,-0.003716604723254643,-37.166047232546426,,
2019-09-20,-1,930,959,298.71000000000004,298.14,298.72,298.13,eod,0.57000000000005,0.0019081414033210028,19.081414033210027,,
2019-09-30,1,930,959,297.06,296.82,297.05,296.83,eod,-0.2400000000000091,-0.0008079447904393506,-8.079447904393506,,
2019-10-02,-1,930,959,288.41,288.05,288.42,288.04,eod,0.36000000000001364,0.0012481797378823022,12.481797378823023,,
2019-10-04,1,930,959,293.735,294.36,293.725,294.37,eod,0.625,0.002127840667290833,21.278406672908332,,
2019-10-08,-1,930,959,290.355,288.56,290.365,288.55,eod,1.795000000000016,0.00618187453722045,61.818745372204496,,
2019-10-09,1,930,959,292.06,291.22,292.05,291.23,eod,-0.839999999999975,-0.002876219825372282,-28.76219825372282,,
2019-10-10,1,930,959,293.315,293.23,293.305,293.24,eod,-0.08499999999997954,-0.00028980071938759837,-2.8980071938759835,,
2019-10-11,1,930,959,298.26,296.25,298.25,296.26,eod,-2.009999999999991,-0.006739312657166776,-67.39312657166776,,
2019-10-15,1,930,959,299.42,298.89,299.41,298.9,eod,-0.5300000000000296,-0.0017701479576501436,-17.701479576501434,,
2019-10-17,1,930,959,299.485,299.23,299.475,299.24,eod,-0.25499999999999545,-0.0008514901076884395,-8.514901076884396,,
2019-10-21,1,930,959,299.95,300.04,299.94,300.05,eod,0.09000000000003183,0.0003000600120025066,3.0006001200250663,,
2019-10-28,1,930,959,303.67,303.35,303.66,303.36,eod,-0.3199999999999932,-0.0010538101824408652,-10.538101824408653,,
2019-10-31,-1,930,959,302.45,303.27,302.46,303.26,eod,-0.8199999999999932,-0.002711102294518261,-27.111022945182608,,
2019-11-01,1,930,959,305.755,306.17,305.745,306.18,eod,0.41500000000002046,0.001357340267216211,13.57340267216211,,
2019-11-04,1,930,959,307.08,307.33,307.07,307.34,eod,0.25,0.0008141466115218029,8.141466115218028,,
2019-11-07,1,930,959,308.03999999999996,308.21000000000004,308.03,308.22,eod,0.17000000000007276,0.0005518942960103651,5.518942960103652,,
2019-11-11,-1,930,959,308.355,308.4,308.365,308.39,eod,-0.04499999999995907,-0.00014593095844197323,-1.4593095844197324,,
2019-11-15,1,930,959,311.25,311.82,311.24,311.83,eod,0.5699999999999932,0.001831384140855909,18.313841408559092,,
2019-11-22,1,930,959,310.98,310.99,310.97,311.0,eod,0.009999999999990905,3.21574428401161e-05,0.321574428401161,,
2019-11-25,1,930,959,313.26,313.34000000000003,313.25,313.35,eod,0.08000000000004093,0.0002553870710296598,2.553870710296598,,
2019-11-27,1,930,959,315.40999999999997,315.43,315.4,315.44,eod,0.020000000000038654,6.341154090056644e-05,0.6341154090056643,,
2019-12-02,-1,930,959,311.76800000000003,311.61,311.778,311.6,eod,0.15800000000001546,0.0005067708433565404,5.067708433565405,,
2019-12-03,-1,930,959,309.55,309.48,309.56,309.47,eod,0.06999999999999318,0.00022612740664166293,2.2612740664166293,,
2019-12-04,1,930,959,311.71999999999997,311.46000000000004,311.71,311.47,eod,-0.25999999999993406,-0.0008341086266078537,-8.341086266078536,,
2019-12-06,1,930,959,314.96,314.81,314.95,314.82,eod,-0.14999999999997726,-0.00047626607397992465,-4.762660739799246,,
2019-12-11,1,930,959,314.425,314.40000000000003,314.415,314.41,eod,-0.024999999999977263,-7.951274589309435e-05,-0.7951274589309435,,
2019-12-12,1,930,959,317.18,317.13,317.17,317.14,eod,-0.05000000000001137,-0.00015764416558946737,-1.5764416558946737,,
2019-12-16,1,930,959,319.705,319.5,319.695,319.51,eod,-0.20499999999998408,-0.000641236178232328,-6.41236178232328,,
2019-12-26,1,930,959,322.195,322.90000000000003,322.185,322.91,eod,0.7050000000000409,0.002188183807439952,21.881838074399518,,
2019-12-30,-1,930,959,321.35,321.11,321.36,321.1,eod,0.2400000000000091,0.0007468259895444644,7.4682598954446435,,
2020-01-31,-1,930,959,321.49,321.75,321.5,321.74,eod,-0.2599999999999909,-0.0008087091757386964,-8.087091757386965,,
2020-02-03,1,930,959,324.96,324.13,324.95,324.14,eod,-0.8299999999999841,-0.002554239113709753,-25.54239113709753,,
2020-02-04,1,930,959,329.78999999999996,329.07,329.78,329.08,eod,-0.7199999999999704,-0.0021832736976165035,-21.832736976165034,,
2020-02-05,1,930,959,332.8,332.81,332.79,332.82,eod,0.009999999999990905,3.0048979837107197e-05,0.300489798371072,,
2020-02-07,-1,930,959,332.235,332.21,332.245,332.2,eod,0.025000000000034106,7.52456771359512e-05,0.7524567713595119,,
2020-02-12,1,930,959,337.21,337.40000000000003,337.2,337.41,eod,0.19000000000005457,0.0005634638196917396,5.634638196917396,,
2020-02-19,1,930,959,338.65,338.3,338.64,338.31,eod,-0.3499999999999659,-0.0010335459484997812,-10.335459484997811,,
2020-02-21,-1,930,959,332.98,333.5,332.99,333.49,eod,-0.5199999999999818,-0.001561608456710357,-15.61608456710357,,
2020-02-24,-1,930,959,324.03000000000003,322.42,324.04,322.41,eod,1.6100000000000136,0.004968522404641444,49.68522404641444,,
2020-02-27,-1,930,959,302.24,297.56,302.25,297.55,eod,4.680000000000007,0.015483870967741958,154.8387096774196,,
2020-02-28,-1,930,959,288.82,296.17,288.83,296.16,eod,-7.350000000000023,-0.025447495066302058,-254.4749506630206,,
2020-03-03,-1,930,959,304.11,300.34999999999997,304.12,300.34,eod,3.7600000000000477,0.012363540707615571,123.63540707615572,,
2020-03-04,1,930,959,311.15999999999997,312.90000000000003,311.15,312.91,eod,1.740000000000066,0.005592158123091969,55.921581230919685,,
2020-03-05,-1,930,959,300.63,302.46,300.64,302.45,eod,-1.829999999999984,-0.006087014369345344,-60.87014369345344,,
2020-03-06,-1,930,959,292.17,297.43,292.18,297.42,eod,-5.259999999999991,-0.01800260113628582,-180.02601136285818,,
2020-03-09,-1,930,959,277.88,274.40999999999997,277.89,274.4,eod,3.4700000000000273,0.01248695527007099,124.8695527007099,,
2020-03-10,1,930,959,284.21,288.43,284.2,288.44,eod,4.220000000000027,0.014848698099929723,148.48698099929723,,
2020-03-11,-1,930,959,272.85,274.37,272.86,274.36,eod,-1.5199999999999818,-0.005570622297148654,-55.70622297148654,,
2020-03-12,-1,930,959,250.995,248.10999999999999,251.005,248.1,eod,2.8850000000000193,0.011493794944323895,114.93794944323895,,
2020-03-13,1,930,959,258.98,270.92,258.97,270.93,eod,11.939999999999998,0.046105726532030725,461.05726532030724,,
2020-03-16,-1,930,959,246.0,239.42,246.01,239.41,eod,6.5800000000000125,0.026746880208121673,267.4688020812167,,
2020-03-18,-1,930,959,231.82000000000002,241.01999999999998,231.83,241.01,eod,-9.19999999999996,-0.03968425139110538,-396.8425139110538,,
2020-03-24,1,930,959,241.45,243.58,241.44,243.59,eod,2.130000000000024,0.008822067594433498,88.22067594433499,,
2020-03-26,1,930,959,258.69,261.38,258.68,261.39,eod,2.6899999999999977,0.010398948507808866,103.98948507808866,,
2020-04-01,-1,930,959,245.01000000000002,246.13,245.02,246.12,eod,-1.1199999999999761,-0.004571055424046919,-45.71055424046919,,
2020-04-06,1,930,959,263.037,264.95,263.027,264.96,eod,1.913000000000011,0.007273017598953761,72.73017598953761,,
2020-04-09,1,930,959,278.21999999999997,278.23,278.21,278.24,eod,0.010000000000047748,3.594407102565598e-05,0.35944071025655977,,
2020-04-13,-1,930,959,274.83,275.58,274.84,275.57,eod,-0.75,-0.0027288604278853153,-27.288604278853153,,
2020-04-14,1,930,959,283.61,283.86,283.6,283.87,eod,0.25,0.0008815232722143864,8.815232722143865,,
2020-04-15,-1,930,959,278.03000000000003,277.76,278.04,277.75,eod,0.27000000000003865,0.0009710832973674243,9.710832973674243,,
2020-04-17,1,930,959,284.62,286.72,284.61,286.73,eod,2.1000000000000227,0.007378517971961711,73.7851797196171,,
2020-04-20,-1,930,959,282.44,281.62,282.45,281.61,eod,0.8199999999999932,0.002903168702425184,29.031687024251838,,
2020-04-21,-1,930,959,274.28000000000003,273.03,274.29,273.02,eod,1.2500000000000568,0.004557220460097184,45.572204600971844,,
2020-04-22,1,930,959,279.99,279.16,279.98,279.17,eod,-0.8299999999999841,-0.0029644974641045217,-29.644974641045216,,
2020-04-27,1,930,959,287.525,287.1,287.515,287.11,eod,-0.4249999999999545,-0.0014781837469347845,-14.781837469347845,,
2020-04-29,1,930,959,294.81,293.18,294.8,293.19,eod,-1.6299999999999955,-0.005529172320217081,-55.29172320217081,,
2020-04-30,-1,930,959,290.54,290.4,290.55,290.39,eod,0.1400000000000432,0.00048184477714693924,4.818447771469392,,
2020-05-01,-1,930,959,282.705,282.74,282.715,282.73,eod,-0.03500000000002501,-0.00012379958615575762,-1.2379958615575763,,
2020-05-05,1,930,959,287.17,286.21000000000004,287.16,286.22,eod,-0.9599999999999795,-0.0033430839949853026,-33.43083994985302,,
2020-05-07,1,930,959,287.90999999999997,287.69,287.9,287.7,eod,-0.21999999999997044,-0.00076415422021525,-7.6415422021524995,,
2020-05-08,1,930,959,291.95,292.46000000000004,291.94,292.47,eod,0.5100000000000477,0.001746934301568979,17.46934301568979,,
2020-05-13,-1,930,959,279.81,281.68,279.82,281.67,eod,-1.8700000000000045,-0.006682867557715691,-66.82867557715691,,
2020-05-18,1,930,959,295.795,294.985,295.785,294.995,eod,-0.8100000000000023,-0.0027384755819260687,-27.384755819260686,,
2020-05-20,1,930,959,297.17,296.95,297.16,296.96,eod,-0.22000000000002728,-0.0007403419033518215,-7.403419033518214,,
2020-05-26,1,930,959,300.73,299.14,300.72,299.15,eod,-1.5900000000000318,-0.005287310454908325,-52.87310454908325,,
2020-06-03,1,930,959,312.61,312.2017,312.6,312.2117,eod,-0.408299999999997,-0.0013061420345489346,-13.061420345489346,,
2020-06-05,1,930,959,320.09499999999997,319.26,320.085,319.27,eod,-0.8349999999999795,-0.0026086820688254043,-26.086820688254043,,
2020-06-08,1,930,959,321.86,323.24,321.85,323.25,eod,1.3799999999999955,0.004287711666925572,42.87711666925572,,
2020-06-11,-1,930,959,300.68,300.63,300.69,300.62,eod,0.05000000000001137,0.0001662842129768578,1.662842129768578,,
2020-06-16,1,930,959,312.09,312.92,312.08,312.93,eod,0.8300000000000409,0.0026595744680852377,26.595744680852377,,
2020-06-23,1,930,959,312.71,312.02,312.7,312.03,eod,-0.6899999999999977,-0.002206587783818349,-22.06587783818349,,
2020-06-24,-1,930,959,304.65500000000003,304.13,304.665,304.12,eod,0.5250000000000341,0.001723204175077656,17.23204175077656,,
2020-06-26,-1,930,959,300.33,300.02,300.34,300.01,eod,0.3100000000000023,0.001032163547978965,10.321635479789649,,
2020-07-02,1,930,959,313.33,312.17,313.32,312.18,eod,-1.1599999999999682,-0.0037022852036255847,-37.02285203625585,,
2020-07-06,1,930,959,316.24,316.98,316.23,316.99,eod,0.7400000000000091,0.002340068937166015,23.400689371660153,,
2020-07-08,1,930,959,315.555,316.11,315.545,316.12,eod,0.5550000000000068,0.0017588616520623265,17.588616520623265,,
2020-07-15,1,930,959,321.59,321.855,321.58,321.865,eod,0.2650000000000432,0.0008240562224020251,8.24056222402025,,
2020-07-24,-1,930,959,320.1,320.87,320.11,320.86,eod,-0.7699999999999818,-0.002405423135797013,-24.054231357970128,,
2020-07-27,1,930,959,323.18,323.17,323.17,323.18,eod,-0.009999999999990905,-3.0943466287065334e-05,-0.30943466287065335,,
2020-07-28,-1,930,959,321.99,321.21,322.0,321.2,eod,0.7800000000000296,0.0024223602484472967,24.223602484472966,,
2020-07-29,1,930,959,325.21,325.08,325.2,325.09,eod,-0.12999999999999545,-0.0003997539975399614,-3.997539975399614,,
2020-08-03,1,930,959,328.98,328.75,328.97,328.76,eod,-0.2300000000000182,-0.0006991518983494488,-6.991518983494489,,
2020-08-05,1,930,959,331.78,332.05,331.77,332.06,eod,0.27000000000003865,0.0008138168007958486,8.138168007958486,,
2020-08-12,1,930,959,338.07,337.41,338.06,337.42,eod,-0.6599999999999682,-0.0019523161568951316,-19.523161568951316,,
2020-08-17,1,930,959,337.9,337.87,337.89,337.88,eod,-0.029999999999972715,-8.878629139652762e-05,-0.8878629139652762,,
2020-09-08,-1,930,959,334.99,333.27,335.0,333.26,eod,1.7200000000000273,0.005134328358209037,51.343283582090365,,
2020-09-09,1,930,959,342.26,339.75,342.25,339.76,eod,-2.509999999999991,-0.007333820306793254,-73.33820306793254,,
2020-09-14,1,930,959,338.34999999999997,338.41,338.34,338.42,eod,0.06000000000005912,0.0001773364071645656,1.773364071645656,,
2020-09-17,-1,930,959,333.64,335.87,333.65,335.86,eod,-2.230000000000018,-0.00668365053199466,-66.8365053199466,,
2020-09-18,-1,930,959,331.21000000000004,330.7,331.22,330.69,eod,0.5100000000000477,0.0015397620916612756,15.397620916612757,,
2020-09-21,-1,930,959,324.98,327.01,324.99,327.0,eod,-2.0299999999999727,-0.006246346041416575,-62.46346041416575,,
2020-09-28,1,930,959,334.605,334.19,334.595,334.2,eod,-0.41500000000002046,-0.001240305443894919,-12.40305443894919,,
2020-09-30,1,930,959,334.23,334.89,334.22,334.9,eod,0.6599999999999682,0.0019747471725209986,19.747471725209987,,
2020-10-02,-1,930,959,334.95,333.88,334.96,333.87,eod,1.0699999999999932,0.0031944112729877993,31.944112729877993,,
2020-10-05,1,930,959,339.88,339.72,339.87,339.73,eod,-0.15999999999996817,-0.00047076823491325556,-4.707682349132556,,
2020-10-07,1,930,959,341.32,340.72,341.31,340.73,eod,-0.5999999999999659,-0.0017579326711785939,-17.57932671178594,,
2020-10-08,1,930,959,343.63,343.72,343.62,343.73,eod,0.09000000000003183,0.0002619172341541,2.6191723415409998,,
2020-10-09,1,930,959,346.9,346.83,346.89,346.84,eod,-0.06999999999999318,-0.00020179307561472853,-2.0179307561472855,,
2020-10-12,1,930,959,353.39,352.42,353.38,352.43,eod,-0.9699999999999704,-0.0027449204822003804,-27.449204822003804,,
2020-10-16,1,930,959,348.87,347.23,348.86,347.24,eod,-1.6399999999999864,-0.004701026199621585,-47.01026199621585,,
2020-10-20,1,930,959,344.27,343.33,344.26,343.34,eod,-0.9399999999999977,-0.0027304943937721425,-27.304943937721426,,
2020-10-26,-1,930,959,338.35810000000004,339.425,338.3681,339.415,eod,-1.0668999999999755,-0.0031530750091393824,-31.530750091393823,,
2020-10-28,-1,930,959,328.93,326.69,328.94,326.68,eod,2.240000000000009,0.006809752538456889,68.09752538456888,,
2020-10-30,-1,930,959,323.78000000000003,326.53999999999996,323.79,326.53,eod,-2.759999999999934,-0.008524043361437765,-85.24043361437765,,
2020-11-02,1,930,959,329.95,330.2,329.94,330.21,eod,0.25,0.0007577135236709704,7.5771352367097045,,
2020-11-03,1,930,959,336.44,335.96000000000004,336.43,335.97,eod,-0.47999999999996135,-0.001426745533989125,-14.26745533989125,,
2020-11-04,1,930,959,343.8,343.48,343.79,343.49,eod,-0.3199999999999932,-0.000930800779545633,-9.30800779545633,,
2020-11-05,1,930,959,351.14,350.2,351.13,350.21,eod,-0.9399999999999977,-0.002677071170221849,-26.770711702218488,,
2020-11-09,1,930,959,358.205,354.53000000000003,358.195,354.54,eod,-3.6749999999999545,-0.010259774703722706,-102.59774703722707,,
2020-11-13,1,930,959,357.71,358.04,357.7,358.05,eod,0.3300000000000409,0.0009225608051440899,9.225608051440899,,
2020-11-16,1,930,959,360.87,362.43,360.86,362.44,eod,1.5600000000000023,0.004323006151970299,43.23006151970299,,
2020-11-17,-1,930,959,360.285,360.65,360.295,360.64,eod,-0.36499999999995225,-0.001013058743529475,-10.13058743529475,,
2020-11-23,1,930,959,357.73,357.46000000000004,357.72,357.47,eod,-0.2699999999999818,-0.0007547802750754271,-7.547802750754271,,
2020-11-24,1,930,959,363.265,363.18,363.255,363.19,eod,-0.08499999999997954,-0.00023399540267850282,-2.339954026785028,,
2020-11-30,-1,930,959,361.27,362.01,361.28,362.0,eod,-0.7400000000000091,-0.002048272807794534,-20.48272807794534,,
2020-12-01,1,930,959,366.21999999999997,365.96000000000004,366.21,365.97,eod,-0.25999999999993406,-0.0007099751508695396,-7.0997515086953955,,
2020-12-04,1,930,959,368.96999999999997,369.82,368.96,369.83,eod,0.8500000000000227,0.0023037727666956383,23.037727666956382,,
2020-12-15,1,930,959,368.86,369.56,368.85,369.57,eod,0.6999999999999886,0.0018977904297139449,18.97790429713945,,
2020-12-17,1,930,959,371.87,372.2,371.86,372.21,eod,0.3299999999999841,0.0008874307535093424,8.874307535093424,,
2020-12-18,-1,930,959,367.26,369.14,367.27,369.13,eod,-1.8799999999999955,-0.0051188498924496844,-51.18849892449684,,
2020-12-21,-1,930,959,367.71000000000004,367.94,367.72,367.93,eod,-0.22999999999996135,-0.0006254759055802277,-6.2547590558022765,,
2020-12-23,1,930,959,368.78999999999996,367.52,368.78,367.53,eod,-1.2699999999999818,-0.0034437876240576547,-34.43787624057655,,
